# Descending Aorta (FMA3784)
# BodyParts3D, (c) The Database Center for Life Science licensed under CC Attribution-Share Alike 2.1 Japan
# Licence: https://creativecommons.org/licenses/by-sa/2.1/jp/
# Modified from the original: see README.md in this repository.
# Units: millimetres. +X = patient left, +Y = posterior, +Z = superior.
# Origin: centroid of the heart wall.
o Descending_Aorta
v -14.3008 16.9008 -157.9646
v -13.8260 17.5658 -158.2146
v -13.9805 17.0288 -159.5145
v -14.6449 22.4538 -131.4846
v -13.9501 18.7158 -152.6345
v -14.3213 17.2908 -156.2346
v -13.8452 18.0378 -156.1345
v -14.8855 15.7008 -158.1046
v -14.7770 16.3108 -156.6145
v -14.6190 16.0338 -159.1445
v -15.2080 24.3034 -118.6345
v -15.3788 11.5788 -152.4446
v -15.4781 11.9578 -153.3645
v -15.0695 9.1978 -158.2746
v -15.0403 10.7918 -150.5946
v -14.4897 7.5808 -159.4746
v -15.7965 24.4819 -110.7946
v -15.8145 23.9496 -112.0946
v -15.8408 23.5665 -111.1746
v -15.7803 23.8761 -113.1946
v -15.6799 24.3947 -113.7846
v -15.7376 23.9358 -113.9746
v -15.6839 23.9958 -114.7545
v -15.6824 23.5971 -115.7246
v -15.7851 23.2113 -114.8146
v -15.8332 22.8275 -113.9046
v -15.8263 22.4288 -114.8745
v -15.8347 23.2262 -112.9346
v -15.5189 23.3205 -118.2545
v -15.5364 22.4478 -121.3046
v -15.6078 22.4618 -119.4246
v -15.7432 20.4968 -120.5246
v -15.7369 20.3548 -118.0946
v -15.6913 21.6028 -120.5946
v -15.7265 20.8048 -122.5346
v -15.7052 19.9158 -127.4746
v -15.7560 19.3578 -124.2246
v -15.7457 19.6988 -122.4646
v -15.7056 19.5838 -120.9046
v -15.6601 19.4688 -119.3346
v -15.7168 18.9768 -123.3046
v -15.6107 17.5938 -125.7645
v -15.7466 18.5278 -129.9346
v -15.7314 17.9548 -128.5646
v -15.6758 17.5748 -127.6546
v -15.5868 16.8548 -128.4846
v -15.6752 17.2338 -129.4046
v -15.3854 15.9478 -128.8645
v -15.5622 15.6168 -134.4146
v -15.6781 16.4778 -134.0246
v -15.3885 14.5858 -135.8845
v -15.5744 12.7938 -154.0946
v -15.6073 15.5498 -136.2846
v -15.1639 13.6048 -137.3645
v -15.1469 14.4948 -132.4246
v -15.3710 13.9048 -139.3845
v -14.8320 13.0428 -135.9746
v -14.2799 8.6848 -153.0946
v -13.3153 7.5558 -152.1946
v -14.1264 12.0378 -134.7645
v -15.8447 23.1676 -112.1546
v -15.8273 22.7858 -111.2346
v -15.8252 22.0468 -113.9646
v -15.8111 21.8558 -113.5045
v -15.7681 21.2678 -114.0246
v -15.7491 21.7418 -111.9446
v -15.7367 21.3438 -112.9146
v -15.6955 20.5478 -114.8546
v -15.5988 20.4748 -113.3046
v -15.6210 20.9658 -111.9945
v -15.4736 19.7168 -114.1245
v -15.2760 19.3408 -113.2046
v -15.7004 20.2068 -116.6145
v -15.4871 19.2428 -116.2046
v -15.5452 18.8248 -119.0646
v -15.5711 18.7498 -120.1746
v -15.4235 18.1068 -119.9046
v -15.1218 18.0168 -116.4446
v -15.6494 18.8628 -121.7445
v -15.3705 17.5768 -121.1946
v -15.1999 17.3418 -119.9546
v -15.5449 17.8778 -123.2246
v -15.3230 16.5848 -124.5746
v -14.9937 15.8598 -123.5045
v -15.0399 15.5368 -125.2645
v -15.4547 16.4768 -127.5746
v -15.2266 15.9118 -126.1846
v -15.1299 15.3838 -127.4846
v -14.9620 15.1408 -126.2346
v -14.8380 14.6128 -127.5246
v -14.6039 14.0318 -128.0346
v -14.7690 15.0308 -124.6646
v -13.3524 20.4648 -148.3945
v -12.8347 20.0918 -152.3745
v -13.4523 19.1558 -153.5446
v -13.0216 23.8601 -134.9945
v -12.1455 25.3199 -132.1345
v -12.0375 20.3278 -154.3146
v -11.5248 26.0708 -130.8845
v -11.3831 20.8358 -154.1046
v -10.2201 25.5301 -136.2645
v -10.7962 21.6388 -152.1345
v -10.4598 20.2288 -158.7246
v -13.2558 18.7068 -156.3745
v -12.6415 19.3648 -156.2346
v -11.7923 19.2468 -159.5446
v -13.9570 24.0568 -129.4446
v -13.5180 26.7470 -121.0546
v -14.2098 28.4838 -113.0946
v -13.7053 29.0166 -113.6646
v -14.0399 28.1492 -114.8446
v -13.4167 29.2311 -114.1145
v -13.4886 28.8165 -115.0846
v -14.1262 29.0184 -111.7946
v -13.2997 29.8865 -112.4846
v -13.0488 29.8205 -113.5746
v -13.5558 28.2825 -116.3845
v -13.2642 28.4838 -116.8246
v -14.0993 27.4825 -116.4646
v -13.2252 28.7510 -116.1746
v -14.1165 27.2161 -117.1145
v -13.8912 27.1492 -118.2146
v -13.3571 27.5501 -119.1046
v -12.8923 28.6234 -117.6145
v -12.8378 28.3227 -118.6245
v -14.3669 26.2187 -118.6145
v -12.6933 27.5631 -121.3446
v -14.0442 31.1811 -102.8246
v -14.2451 30.6036 -104.2246
v -14.4425 30.5191 -102.5846
v -13.9396 31.4505 -102.1746
v -13.7572 31.6480 -102.6245
v -13.8618 31.3785 -103.2746
v -14.3075 30.9226 -101.6046
v -14.3417 30.9961 -100.4945
v -13.8350 31.7200 -101.5246
v -13.7865 32.0623 -99.7645
v -14.6548 29.8471 -104.2146
v -14.8058 29.7254 -102.6546
v -14.7321 29.5785 -104.8645
v -14.4492 29.9706 -105.7645
v -14.8266 29.2026 -105.8546
v -14.1591 30.5706 -105.2346
v -13.7092 31.1015 -105.8046
v -13.3208 31.7049 -105.2746
v -14.6008 28.9602 -109.1445
v -14.8113 28.4959 -109.3446
v -14.9001 28.5675 -108.2445
v -14.5095 29.3621 -108.1746
v -14.7757 29.1083 -106.9446
v -14.3659 29.8988 -106.8645
v -14.0260 30.1600 -108.0846
v -14.1337 29.7575 -109.0646
v -13.5216 30.6927 -108.6546
v -13.8551 30.6976 -106.7846
v -13.6291 30.8966 -107.2346
v -15.3540 26.7073 -110.9246
v -15.1809 27.4361 -110.0746
v -14.8808 28.0947 -110.3246
v -14.4543 29.0235 -109.9246
v -14.8360 27.5671 -112.3745
v -14.5488 28.4885 -111.2246
v -15.1028 27.9705 -108.7746
v -14.0154 29.5540 -110.4945
v -13.2388 30.1544 -111.8246
v -13.6043 30.4240 -109.3046
v -13.4173 30.3558 -110.4046
v -15.2825 26.3693 -112.6746
v -15.1203 27.0977 -111.8246
v -15.0128 26.8938 -113.2445
v -15.3712 26.4409 -111.5646
v -14.6495 27.6875 -113.1746
v -14.4843 27.6185 -114.2746
v -14.4140 28.2856 -112.6445
v -15.5344 24.5162 -115.3346
v -15.3140 25.2043 -115.6046
v -15.3233 24.6399 -116.8845
v -15.1805 26.1652 -114.0946
v -15.0319 26.2664 -114.8845
v -15.4260 25.5086 -113.8446
v -15.0660 25.5628 -116.4945
v -14.7034 27.0210 -114.7946
v -14.7238 26.6215 -115.7746
v -14.7355 26.3553 -116.4246
v -14.5531 26.5528 -116.8645
v -14.7472 26.0891 -117.0646
v -14.7512 25.6902 -118.0446
v -15.0668 25.2969 -117.1445
v -14.3551 26.4850 -117.9646
v -13.7668 33.1013 -92.6145
v -14.3758 31.0696 -99.3945
v -14.2829 31.9782 -92.5646
v -15.1014 29.1002 -98.6345
v -14.9932 29.4861 -99.5346
v -15.2232 28.5642 -99.9346
v -14.5284 31.3216 -92.3146
v -14.7228 30.2765 -99.4646
v -14.8055 30.0078 -100.1245
v -15.3090 28.1625 -100.9146
v -15.2990 28.2210 -101.6946
v -15.4635 27.3014 -102.0846
v -15.0623 29.0684 -102.4046
v -15.1963 28.6068 -102.5946
v -15.0030 29.2898 -101.8645
v -15.1259 28.9498 -100.8446
v -15.3849 27.8192 -102.6646
v -14.6045 30.3970 -101.0246
v -15.2808 28.1303 -104.6846
v -15.5784 26.6910 -104.4846
v -15.0267 28.9202 -104.6145
v -15.2093 28.1163 -106.5646
v -15.1286 28.8003 -103.0546
v -15.3629 27.5211 -107.0846
v -15.4270 27.1201 -108.0646
v -15.5570 26.7333 -107.1546
v -15.4315 27.3525 -106.5746
v -15.7041 25.7561 -106.7645
v -15.6365 26.2736 -107.3546
v -15.1338 28.1771 -107.3446
v -15.5191 26.4523 -109.6846
v -15.7380 25.2067 -109.9546
v -15.6523 25.9325 -109.1046
v -15.7916 24.8227 -109.0346
v -15.8227 24.0988 -109.8845
v -15.2533 27.5084 -108.9746
v -15.4855 26.7193 -109.0346
v -15.5730 25.7858 -111.3146
v -15.5879 25.3865 -112.2846
v -15.4375 25.7011 -113.1646
v -15.5996 25.1203 -112.9346
v -15.7328 24.6005 -112.3546
v -15.7211 24.8668 -111.7046
v -15.6122 24.5882 -114.2346
v -12.3734 6.6378 -152.1445
v -13.3961 10.8838 -135.7645
v -14.7643 30.4161 -90.8146
v -14.9340 29.1723 -91.0746
v -14.4894 31.5387 -82.5546
v -14.8687 29.8226 -91.3346
v -14.3544 31.9923 -90.6846
v -14.6170 31.0692 -91.0746
v -15.0425 28.5039 -92.7046
v -15.2465 27.3587 -96.4146
v -15.1858 28.2746 -96.0246
v -15.3670 27.3961 -99.0846
v -15.2822 28.1800 -99.0246
v -15.1878 27.4355 -95.3046
v -15.3571 27.7786 -99.9945
v -15.3331 26.6910 -98.0346
v -15.2330 26.5782 -96.4746
v -15.4016 27.5112 -100.6445
v -15.4701 26.7279 -100.7146
v -15.4394 26.2138 -100.1245
v -15.3848 26.6620 -99.0246
v -15.3534 25.9676 -98.8745
v -15.3846 25.5677 -99.8546
v -15.5709 26.2509 -102.7946
v -15.6872 24.1367 -106.1046
v -15.7592 24.5164 -107.0145
v -15.6168 23.2253 -106.4846
v -15.2947 24.7899 -99.9046
v -15.8053 23.7172 -108.9646
v -15.8147 23.3182 -109.9446
v -15.7044 22.6158 -108.8845
v -15.7388 23.3374 -108.0546
v -15.5612 22.3848 -107.6546
v -15.5708 21.8398 -108.9446
v -15.6998 22.3498 -109.5346
v -15.4686 20.9878 -110.1046
v -15.4250 20.0588 -112.3745
v -14.6560 14.5028 -125.9546
v -11.1335 5.0888 -155.2246
v -11.9775 4.6288 -159.6345
v -14.8422 27.9542 -89.4346
v -14.3607 30.3966 -79.8046
v -14.4874 27.0111 -87.1345
v -14.6921 26.8545 -89.3546
v -15.0790 27.4558 -93.4146
v -14.9961 27.0765 -92.4945
v -14.8836 26.5654 -91.9046
v -14.9695 26.4876 -93.0145
v -15.0033 28.1231 -91.7846
v -14.9735 27.3432 -91.8446
v -14.8664 26.8318 -91.2545
v -14.8359 25.7114 -93.0646
v -15.0798 26.8660 -93.9246
v -14.9336 25.3674 -94.8246
v -14.7524 24.9915 -93.9046
v -14.6307 24.2730 -94.7346
v -14.8478 24.5147 -95.9846
v -14.6501 25.0698 -92.7946
v -15.2259 25.8557 -97.3146
v -15.1205 24.8126 -98.0145
v -15.2775 25.0564 -99.2545
v -15.1079 25.3447 -96.7146
v -14.9432 24.0379 -98.0646
v -14.6105 23.7421 -96.0346
v -14.5848 23.2113 -97.3246
v -15.0449 23.2950 -100.7946
v -14.8238 23.4522 -98.5746
v -14.5433 22.5548 -98.9546
v -14.4961 21.8848 -100.5646
v -15.0296 21.1688 -105.9846
v -15.3794 22.1288 -106.3945
v -14.6777 19.4698 -108.3046
v -15.3795 21.1978 -108.6646
v -15.2795 21.4098 -107.2346
v -15.0079 20.2388 -108.2545
v -15.2578 20.4798 -109.5045
v -14.4577 18.7548 -109.1345
v -15.3469 20.2688 -110.9346
v -15.0425 19.0998 -111.9546
v -14.9767 19.7088 -109.5546
v -14.7708 18.8598 -110.7046
v -14.3751 18.0928 -110.7445
v -14.8256 18.2518 -113.1145
v -14.7201 18.4628 -111.6746
v -14.2894 17.5648 -112.0446
v -14.4300 17.4848 -113.1546
v -13.9875 16.8518 -112.8745
v -14.1148 16.6398 -114.3046
v -14.7695 17.8548 -114.0846
v -14.4497 16.7448 -115.8845
v -14.7820 15.7698 -121.9446
v -13.9438 14.3698 -121.6946
v -13.8877 15.6798 -116.5546
v -13.4574 14.8138 -117.6846
v -14.5401 15.0558 -122.7746
v -14.1899 14.0788 -124.2445
v -13.6982 13.4478 -123.9546
v -13.4898 13.3968 -123.1646
v -13.4033 13.1348 -123.8146
v -14.7097 14.7668 -125.3146
v -14.5025 14.3128 -125.4945
v -14.3540 13.7908 -126.7846
v -14.0386 13.5528 -125.5346
v -13.9466 13.2898 -126.1746
v -13.7414 13.1058 -125.7146
v -13.7860 13.3138 -125.0446
v -13.2187 12.2688 -126.8546
v -12.6469 11.8988 -125.9146
v -12.7009 12.1688 -124.8945
v -14.0351 13.2008 -127.2846
v -13.6064 12.4218 -128.4546
v -13.3320 12.1898 -127.9646
v -12.9304 11.8718 -127.4346
v -12.5934 11.6488 -126.9446
v -12.8680 11.6168 -128.4646
v -12.1533 11.1268 -127.8446
v -10.6457 7.1518 -143.9246
v -14.2607 29.3534 -80.5145
v -13.8797 27.5390 -81.2645
v -14.4125 26.1581 -88.3046
v -14.1712 25.7843 -87.3745
v -13.8746 24.7479 -88.0746
v -14.1659 24.8541 -89.6445
v -13.8544 24.2170 -89.3645
v -14.4267 25.0942 -90.8945
v -14.5151 24.2189 -93.9546
v -14.3762 23.7668 -94.1345
v -14.3901 23.4735 -95.1546
v -14.1200 23.7924 -92.2346
v -14.1967 23.1833 -94.6445
v -13.9109 23.0769 -93.0746
v -13.7571 23.0241 -92.2846
v -13.7836 23.2890 -91.6345
v -14.1757 22.9182 -95.2946
v -14.2336 22.1768 -98.0246
v -13.9530 22.2078 -96.1245
v -13.8096 22.2828 -95.0145
v -14.1939 21.7798 -98.9945
v -13.6732 21.3578 -97.2746
v -13.8193 21.2778 -98.3845
v -13.9646 17.7248 -109.8146
v -13.7889 16.8968 -111.7445
v -13.1507 16.7818 -109.3845
v -12.4879 17.2948 -105.3945
v -13.4576 16.2228 -112.5846
v -13.6715 16.2738 -113.3745
v -12.9105 15.8598 -111.6445
v -12.6826 15.9428 -110.5346
v -13.2822 15.5648 -114.1946
v -13.0148 14.6428 -116.4546
v -12.5741 14.8978 -113.8845
v -12.0736 13.7658 -116.4246
v -12.6367 13.4878 -119.3645
v -13.0753 13.4288 -121.2645
v -12.1731 12.5958 -121.2445
v -12.8094 12.7508 -122.8645
v -12.7221 12.5108 -123.5145
v -12.4004 12.1638 -123.7346
v -11.9031 11.2238 -126.3546
v -11.6390 11.4218 -124.5246
v -10.0314 21.6548 -153.6046
v -9.3539 21.9688 -153.3146
v -9.3007 21.7388 -154.3546
v -8.7110 22.3848 -152.3146
v -7.9606 22.2808 -153.3645
v -9.8186 20.7408 -157.7645
v -8.0957 21.2628 -157.5045
v -9.0696 20.7178 -158.8446
v -8.1682 26.3032 -135.7146
v -9.2661 26.2787 -134.6245
v -7.6828 22.6398 -151.9846
v -10.1199 22.0228 -151.8745
v -10.2545 31.2156 -115.8745
v -10.2182 31.0168 -116.5546
v -10.5469 30.7509 -116.8346
v -10.5667 30.5223 -117.5045
v -10.1276 30.5225 -118.2346
v -10.7161 30.1184 -118.4846
v -10.0367 30.0130 -119.9146
v -11.0580 29.3583 -120.0846
v -11.1488 29.8627 -118.4046
v -10.3289 29.5382 -120.8745
v -11.7312 28.7917 -120.2746
v -11.0400 28.9108 -121.4146
v -10.5464 28.8533 -122.5045
v -9.8909 29.1775 -122.5946
v -9.1234 29.0322 -124.0045
v -9.3058 30.0866 -120.6646
v -11.4007 34.5494 -100.2645
v -10.9677 34.4771 -102.1046
v -12.0479 33.8720 -100.9646
v -12.2790 33.2211 -103.1846
v -12.6753 33.0643 -102.0045
v -11.4994 33.5964 -104.4246
v -12.2093 32.9855 -104.5946
v -11.6065 33.8231 -103.0145
v -10.8974 34.2112 -103.5045
v -10.4984 34.2061 -104.6145
v -12.8026 32.0436 -106.3146
v -12.7758 31.9492 -106.8546
v -13.1720 31.6354 -106.3745
v -12.3962 32.1169 -107.6546
v -12.8799 32.3055 -104.7445
v -12.1567 32.7962 -105.6546
v -12.0865 32.5303 -107.0546
v -12.8893 32.6505 -102.9846
v -11.8891 32.9182 -106.0646
v -11.5013 33.4394 -105.1145
v -11.3955 33.0152 -107.2146
v -11.1202 33.5210 -105.8845
v -10.7210 33.5058 -106.9945
v -13.1059 31.2971 -108.1245
v -12.6701 31.5351 -108.9546
v -13.1021 31.5471 -107.0846
v -12.0157 32.2390 -108.4446
v -11.9626 32.0143 -109.4846
v -10.9784 32.9183 -108.6646
v -11.2533 32.3922 -109.9746
v -10.6854 33.3476 -107.6846
v -12.8545 30.5197 -111.9546
v -12.9435 30.9180 -110.2346
v -12.9080 30.7647 -110.9246
v -12.5456 30.9837 -111.3745
v -12.1650 31.0907 -112.1445
v -12.6169 31.3053 -109.9945
v -11.9091 31.7693 -110.5145
v -11.8554 31.5141 -111.5446
v -11.4380 31.3971 -112.9846
v -10.7996 32.0713 -112.0946
v -10.5248 32.6025 -110.7746
v -12.7322 29.9147 -114.2846
v -12.6747 29.6171 -115.3645
v -12.7827 30.1678 -113.3246
v -12.1112 30.8305 -113.1746
v -11.3299 30.8413 -115.0246
v -11.9850 30.1779 -115.5546
v -10.3809 31.8783 -113.5045
v -10.7378 31.3886 -114.4646
v -10.6193 31.1383 -115.4846
v -9.3935 32.5951 -112.6046
v -12.5737 29.0785 -117.2545
v -12.5480 28.9392 -117.7246
v -12.8828 29.0870 -116.2946
v -11.6021 30.2273 -116.3346
v -11.8945 29.6937 -117.2445
v -11.8583 29.4949 -117.9146
v -11.1852 30.0665 -117.7346
v -11.2937 30.6476 -115.7046
v -12.5118 28.7455 -118.4046
v -12.4572 28.4347 -119.4146
v -11.8038 29.1943 -118.9246
v -11.7016 37.0317 -87.2846
v -11.3078 37.1508 -88.3745
v -12.3027 36.2512 -87.7645
v -11.2517 36.9385 -89.4945
v -11.9403 36.3139 -89.2846
v -12.4664 34.6921 -94.3246
v -12.9240 34.2939 -93.4346
v -11.6970 35.5044 -94.2246
v -11.0064 36.0482 -94.4146
v -13.5052 33.1521 -95.2746
v -13.2157 32.8632 -99.6846
v -13.5262 32.1878 -101.3146
v -13.0705 32.8467 -100.8046
v -13.3901 31.9102 -103.8446
v -12.5453 37.6050 -80.7545
v -12.4667 39.3522 -74.6445
v -11.7338 39.9512 -75.9846
v -13.0032 38.1538 -75.7046
v -13.1200 36.4052 -81.8146
v -13.6528 36.2286 -77.6046
v -12.7309 35.8897 -86.8845
v -12.0005 38.1749 -81.3346
v -13.5278 34.1148 -89.2346
v -13.8862 33.6619 -87.5546
v -13.3575 33.7636 -92.8645
v -13.0851 43.4425 -58.1846
v -13.1508 42.5098 -60.4546
v -13.4369 42.1446 -59.5646
v -13.4845 41.5842 -60.8546
v -13.5474 39.2477 -67.4746
v -13.6561 40.4567 -62.6746
v -13.8806 39.5350 -63.0646
v -12.8980 40.5665 -67.9746
v -14.1681 34.1170 -79.0446
v -14.0677 35.8650 -72.9346
v -9.5868 5.3508 -150.7046
v -8.7952 3.2648 -159.1646
v -7.8677 5.1408 -149.7645
v -10.1957 3.6368 -159.5045
v -14.1811 45.4390 -41.2645
v -14.0610 44.2139 -47.9546
v -14.2899 42.9098 -47.4346
v -13.8240 45.6677 -46.2545
v -13.7868 44.7967 -49.3046
v -13.8017 44.3975 -50.2846
v -13.9429 43.4039 -51.7746
v -14.0994 43.2821 -50.2246
v -13.9972 44.0084 -49.3745
v -14.1721 42.5915 -51.0846
v -14.2177 43.1616 -48.6646
v -14.2855 42.0377 -50.4846
v -13.4851 45.9870 -48.2645
v -13.3690 45.9163 -49.3645
v -13.5422 45.1875 -50.2146
v -14.1228 42.4971 -52.1345
v -14.0519 42.2881 -53.5946
v -14.2499 41.5655 -52.5546
v -13.7310 43.7936 -52.6846
v -13.7205 43.3500 -54.0145
v -13.9523 43.0049 -52.7545
v -13.4668 44.3179 -53.2545
v -13.2168 43.7784 -56.4346
v -13.9997 42.1199 -54.6646
v -14.2025 41.3595 -53.9846
v -14.1473 41.0208 -55.7346
v -13.7873 42.3295 -56.2545
v -14.0017 41.1423 -57.2946
v -14.1544 40.4889 -57.0346
v -14.2913 40.1767 -55.0246
v -14.0883 40.1507 -58.7846
v -14.2478 39.5718 -57.4246
v -13.6877 42.2583 -57.3546
v -13.8320 41.1317 -59.1746
v -14.2874 39.6452 -56.3146
v -13.9521 39.8731 -61.3146
v -14.0977 39.7516 -59.7645
v -14.2059 39.3656 -58.8546
v -14.2029 38.5682 -60.7946
v -14.1056 38.9538 -61.7046
v -13.7292 41.1935 -59.9446
v -13.7526 40.6610 -61.2445
v -14.2348 37.5785 -62.2846
v -14.1816 37.8208 -63.1445
v -14.2465 36.9883 -62.8046
v -14.1791 36.8993 -65.7946
v -14.3578 32.7561 -77.7445
v -14.2870 33.0575 -73.3146
v -11.4376 10.5188 -128.4346
v -10.7144 10.0878 -128.5946
v -9.6441 8.2698 -135.6145
v -14.0750 46.5642 -39.4446
v -14.0449 46.3444 -40.9046
v -14.2044 45.5129 -40.1546
v -14.2040 45.7953 -37.6245
v -14.1301 46.5789 -37.5646
v -14.1995 45.8537 -38.4046
v -14.2406 45.0713 -38.4646
v -14.2502 44.9962 -39.5746
v -14.2523 44.4810 -38.9846
v -14.3475 42.1268 -47.4945
v -14.2820 43.6825 -40.9346
v -14.2519 44.7885 -41.0045
v -14.2530 43.8912 -39.4945
v -14.3351 42.0525 -48.5946
v -14.3485 41.2546 -50.5446
v -14.3520 40.8141 -48.8446
v -14.3012 39.7691 -49.5546
v -14.3246 40.5161 -53.2645
v -14.3230 41.0478 -51.9746
v -14.3245 41.4465 -50.9945
v -14.3578 40.5315 -51.3845
v -14.3540 40.0000 -52.6846
v -14.3490 40.0167 -50.7946
v -14.3343 39.4855 -52.0946
v -14.2473 39.1811 -50.0646
v -14.2841 39.1051 -51.1746
v -14.3277 38.8046 -55.5946
v -14.3250 38.9542 -53.3845
v -14.2852 38.2328 -54.2246
v -14.2045 37.9864 -52.9846
v -14.2924 38.0249 -55.6546
v -14.2639 38.5741 -52.4746
v -14.3045 39.0547 -56.8346
v -14.2813 38.9808 -57.9446
v -14.3129 38.2735 -56.8945
v -14.3005 37.8752 -57.8645
v -14.2566 37.2287 -57.6046
v -14.2494 37.4366 -56.1746
v -14.1663 37.2064 -54.9346
v -14.2674 38.1838 -59.8845
v -14.2708 37.4387 -60.7846
v -14.2395 37.8442 -61.6345
v -14.2780 37.2114 -59.4846
v -14.2387 36.8306 -58.5746
v -14.2578 36.6804 -60.7846
v -14.2208 36.4324 -59.5446
v -14.1405 35.5796 -60.7046
v -14.1612 36.4511 -57.6546
v -13.9726 34.4058 -61.7346
v -14.0626 31.4453 -72.6445
v -13.5333 31.9204 -65.2346
v -14.0215 29.7189 -76.8546
v -13.7503 29.8197 -73.8546
v -13.6858 28.6257 -76.7746
v -13.8293 29.3434 -75.9346
v -13.5039 23.8471 -88.4346
v -13.6531 23.6342 -89.8745
v -13.4747 22.1788 -93.4346
v -13.4264 21.9138 -94.0846
v -13.1135 21.2028 -94.9046
v -12.8885 19.2748 -100.5446
v -12.5590 20.5708 -94.6145
v -12.2137 17.3798 -104.2746
v -12.0157 15.5838 -109.5846
v -12.1580 16.0828 -108.2846
v -11.6026 14.6248 -111.8246
v -11.6756 15.0478 -110.4846
v -11.3480 13.1928 -116.5246
v -11.9282 12.9508 -119.1046
v -10.8682 12.3148 -118.7846
v -10.6238 12.7058 -116.6646
v -11.4840 12.2308 -120.6846
v -10.1992 12.1688 -117.9346
v -10.1093 11.7148 -119.6345
v -11.7470 11.9678 -122.4846
v -11.4298 11.9458 -121.6946
v -11.0048 11.3888 -122.9646
v -10.7061 11.4838 -121.8446
v -10.7612 11.7648 -120.8046
v -10.0521 11.4328 -120.7246
v -9.9838 11.1028 -122.0246
v -9.3877 11.3738 -119.8346
v -8.9783 11.0048 -120.8845
v -9.5357 10.5488 -123.8246
v -10.8976 10.8828 -125.0145
v -10.5986 10.9628 -123.8945
v -10.1930 10.5788 -124.8546
v -9.0323 9.8168 -126.7445
v -11.1613 10.6598 -126.8346
v -10.0690 10.0528 -127.2846
v -10.4918 10.4888 -125.9746
v -8.6082 8.0798 -135.1046
v -14.2178 44.6899 -37.5546
v -14.1944 45.5464 -36.3845
v -14.2193 43.8342 -38.7146
v -14.1403 43.0560 -38.7746
v -14.1395 43.3219 -38.1245
v -14.1543 44.1770 -36.9546
v -14.0644 43.3992 -37.0145
v -14.0082 42.6784 -37.8546
v -13.9918 42.2047 -38.7946
v -14.1990 42.9792 -39.8845
v -14.1537 42.2580 -40.7146
v -14.2100 42.0484 -42.1546
v -14.0161 41.8807 -39.7946
v -13.9272 41.1610 -40.6345
v -13.8202 40.9737 -40.1746
v -13.6953 40.3882 -40.6846
v -14.2875 42.4279 -43.0646
v -14.2140 41.6495 -43.1245
v -14.2650 40.5097 -46.8246
v -14.0905 41.1387 -42.5246
v -14.0689 39.2787 -47.0646
v -14.0920 41.5374 -41.5546
v -13.9086 40.0983 -43.2246
v -13.7776 38.8485 -45.3645
v -13.9202 40.7625 -41.6046
v -13.6883 39.9897 -41.6546
v -13.7426 37.7864 -47.9546
v -13.5040 37.7220 -46.4046
v -14.2119 39.6559 -47.9846
v -14.1949 38.9919 -49.6046
v -14.0418 38.3492 -49.3346
v -14.2302 38.5171 -51.6846
v -14.1825 38.5936 -50.5846
v -14.0037 37.4201 -51.6046
v -13.8372 37.5754 -49.3845
v -13.8216 37.3101 -50.0346
v -13.7851 36.7798 -51.3346
v -13.5383 36.4062 -50.4046
v -13.5749 36.9366 -49.1145
v -14.0523 37.0779 -53.3645
v -13.9881 37.1548 -52.2545
v -13.7485 36.2494 -52.6245
v -13.8189 35.9063 -54.3845
v -13.4908 35.8762 -51.7046
v -13.4565 35.4787 -52.6746
v -14.1322 36.6597 -56.2246
v -14.0079 36.4148 -54.9846
v -13.9713 35.8844 -56.2746
v -14.0167 35.6752 -57.7146
v -13.7714 35.3763 -55.6846
v -13.7184 34.8465 -56.9746
v -13.3724 34.5692 -54.9446
v -13.9692 35.1452 -59.0045
v -13.9404 34.7475 -59.9746
v -13.7857 34.6365 -58.4046
v -13.7327 34.1067 -59.7046
v -13.5657 34.0737 -58.1646
v -13.3283 33.1488 -59.2846
v -13.2283 33.3600 -57.8546
v -14.0702 34.9922 -61.2246
v -13.6852 33.5767 -60.9945
v -13.7470 33.3669 -62.4346
v -13.4879 32.5950 -62.4746
v -13.4335 33.0769 -60.4046
v -13.0577 32.0368 -61.0846
v -13.2577 31.6145 -63.9546
v -13.0016 31.6400 -62.0646
v -12.9455 31.2432 -63.0346
v -12.8287 30.6572 -64.2946
v -13.2522 27.7174 -76.3745
v -12.5061 30.4777 -63.0746
v -13.5725 28.7044 -75.6646
v -12.5884 26.4542 -76.5746
v -11.8739 24.6349 -79.2046
v -13.2910 26.6623 -79.7346
v -12.6976 23.6426 -85.2746
v -13.1596 24.1415 -85.8845
v -12.2507 22.1378 -88.0446
v -13.0537 23.0819 -88.4746
v -13.4774 23.5822 -89.0846
v -13.4245 23.0523 -90.3845
v -13.3925 22.7878 -91.0246
v -12.7276 22.2378 -89.6245
v -12.6551 21.8418 -90.5946
v -12.1053 21.4758 -89.6646
v -12.3305 21.3958 -90.7746
v -11.8053 21.5008 -88.5145
v -11.7314 21.0268 -89.8346
v -11.6201 20.6398 -90.8046
v -13.1193 22.3078 -91.1946
v -13.0634 21.9258 -92.1746
v -13.0236 21.6788 -92.8246
v -12.9402 21.2828 -93.7946
v -12.8448 21.7598 -91.7146
v -12.7559 21.3648 -92.6846
v -12.6327 21.0328 -93.2946
v -12.2307 21.0008 -91.7445
v -12.0389 20.3428 -93.3546
v -11.8515 20.5568 -91.9246
v -11.7678 20.2938 -92.5646
v -11.5481 19.9168 -93.1546
v -12.1377 19.1268 -98.1646
v -11.5140 18.0268 -99.9546
v -10.8108 17.4348 -100.0546
v -11.3165 16.6838 -103.9346
v -10.3075 16.7568 -101.2545
v -11.9510 16.7378 -105.5145
v -10.8160 15.5578 -106.4746
v -11.4863 15.8848 -107.0246
v -10.1285 15.2888 -105.9546
v -11.4314 15.4538 -108.3645
v -10.7795 15.3438 -107.1445
v -10.7769 15.0538 -108.1646
v -10.0921 15.0808 -106.6145
v -10.0555 14.8668 -107.2846
v -9.9488 14.3598 -108.9646
v -11.0232 14.9118 -109.2545
v -10.9322 14.3978 -110.9346
v -10.8413 13.8878 -112.6145
v -10.1903 13.8338 -111.4146
v -9.8741 13.8678 -110.6546
v -10.0465 13.1438 -113.7746
v -9.9552 12.5798 -115.8146
v -9.5492 12.1698 -116.7545
v -9.3054 12.5958 -114.6445
v -9.2335 12.2338 -116.0045
v -13.5370 39.1393 -42.8146
v -13.3560 38.1571 -44.2946
v -13.2447 36.1672 -49.1546
v -13.1054 34.6032 -53.0546
v -13.1809 35.1741 -51.7746
v -13.1361 33.7038 -56.0946
v -13.0161 32.7776 -58.3645
v -12.8887 32.9897 -56.9246
v -12.8381 32.5927 -57.8945
v -12.7952 32.3284 -58.5446
v -12.7633 32.0637 -59.1946
v -12.7204 31.7993 -59.8346
v -10.9977 24.3455 -77.1345
v -11.1326 21.1418 -87.5746
v -10.6136 19.8878 -90.4346
v -10.8397 19.3898 -92.8945
v -6.9131 22.3678 -153.3446
v -6.3030 22.7808 -151.5846
v -5.9811 21.2548 -157.7545
v -5.4597 22.0508 -154.2645
v -7.3977 21.3438 -157.4945
v -5.2984 21.2648 -157.3446
v -5.2444 20.9948 -158.3645
v -5.8913 20.8108 -159.4646
v -6.6547 27.5374 -131.2046
v -9.5375 33.3244 -109.8845
v -8.8781 33.7398 -109.2545
v -8.7340 33.0005 -111.9746
v -8.2000 34.0180 -108.9546
v -8.0737 33.3603 -111.3246
v -8.3497 32.9000 -112.6646
v -6.9549 33.1210 -112.6746
v -9.5342 31.4142 -116.2946
v -8.5350 31.9352 -115.6946
v -7.8383 32.0912 -115.7146
v -6.7733 32.1171 -116.0446
v -8.8105 31.4445 -117.0246
v -9.4514 30.9120 -117.9746
v -8.7378 31.0369 -118.3645
v -9.4150 30.7082 -118.6445
v -8.7741 31.2407 -117.6946
v -8.1324 31.7227 -116.7146
v -8.0777 31.4119 -117.7246
v -7.3805 31.5325 -117.7346
v -7.4351 31.8433 -116.7246
v -8.0612 29.2200 -124.4046
v -8.0048 30.9942 -119.0646
v -7.3303 31.2422 -118.6546
v -7.2728 28.8159 -126.0846
v -8.5241 27.8910 -128.8046
v -6.5360 30.7367 -120.3845
v -7.4246 27.8193 -129.8446
v -6.2069 28.7912 -126.3845
v -9.3988 37.5462 -92.2846
v -10.2576 34.8095 -102.5746
v -9.2521 35.4295 -102.0145
v -7.6083 37.9544 -93.4846
v -8.5038 35.4468 -103.1145
v -9.8580 34.7690 -103.6746
v -9.8048 34.5443 -104.7146
v -9.1282 34.9084 -104.4446
v -8.4149 35.0536 -104.8446
v -7.8434 35.7965 -102.4646
v -7.7721 35.4749 -103.8446
v -9.7694 34.3961 -105.4146
v -9.7339 34.2429 -106.1046
v -9.6983 34.0796 -106.7946
v -9.0214 34.4286 -106.5145
v -9.2975 33.9733 -107.8645
v -9.9920 33.6908 -107.7846
v -8.6316 34.3400 -107.3446
v -9.0926 34.7502 -105.1345
v -8.3792 34.8853 -105.5246
v -8.3435 34.7219 -106.2146
v -8.2539 34.2883 -107.9246
v -9.6090 33.6662 -108.5145
v -7.4849 34.0570 -109.3046
v -9.9087 41.6757 -75.8246
v -9.5148 39.7829 -83.3645
v -10.6175 41.2725 -75.3246
v -10.1890 39.2821 -83.5746
v -11.2327 38.5345 -83.1546
v -10.8444 38.6339 -84.1046
v -10.5965 37.5918 -88.9646
v -9.5759 38.2920 -88.8146
v -10.3500 36.6306 -93.8645
v -8.3487 39.6629 -85.8945
v -11.3358 48.1061 -52.4146
v -10.8116 48.6029 -52.5846
v -11.5459 46.3709 -56.6345
v -11.0475 49.9024 -48.2046
v -11.9190 47.7035 -51.5246
v -11.9078 45.5025 -57.8146
v -11.1733 46.1623 -58.4246
v -11.1019 43.6444 -66.1046
v -10.1029 46.8301 -59.3945
v -9.0476 45.2314 -66.2545
v -10.3011 44.3129 -66.3246
v -11.9593 41.8954 -68.4646
v -11.8350 40.4211 -73.9146
v -12.3400 53.3209 -32.2645
v -11.8738 54.0094 -32.5145
v -11.9870 53.4497 -33.8046
v -12.2504 53.6669 -31.6445
v -12.4540 52.6524 -33.8845
v -12.0910 52.9894 -34.7645
v -12.1150 52.6477 -35.7645
v -12.5730 50.7126 -39.5446
v -11.8304 53.2475 -35.2346
v -12.1786 50.9757 -40.7645
v -12.6597 50.0450 -41.1646
v -13.0081 49.6506 -40.2645
v -12.2071 49.1721 -46.0846
v -11.6277 50.1062 -45.6746
v -12.5371 48.0390 -47.9146
v -13.0026 46.8430 -48.9646
v -13.2390 48.7869 -41.4446
v -11.7165 49.0938 -48.2946
v -12.8374 46.7741 -50.0646
v -12.0880 48.3040 -49.1245
v -13.2225 45.9796 -50.1345
v -12.9452 45.4411 -53.3146
v -12.8457 44.4395 -56.6846
v -12.6016 45.1708 -55.8346
v -12.3982 45.1032 -56.9246
v -12.4630 44.4363 -58.5546
v -6.0485 4.8398 -151.0446
v -5.3112 3.3128 -158.7146
v -4.6012 4.8758 -152.1145
v -12.7757 55.0833 -22.4046
v -13.1552 53.9650 -22.3446
v -12.9485 54.9609 -20.8546
v -12.6566 56.6990 -16.6245
v -12.4308 56.6156 -19.6046
v -12.2120 56.6067 -21.4846
v -12.4194 53.7916 -30.1846
v -12.8792 53.2023 -28.8346
v -13.2864 53.0300 -24.6245
v -13.1186 52.9763 -27.2445
v -13.4116 51.7547 -28.6546
v -12.9573 52.6679 -30.1345
v -13.2761 51.6954 -30.6546
v -13.0549 51.9999 -31.7645
v -13.1618 51.3959 -33.0346
v -13.4618 50.8807 -31.7046
v -13.7313 50.0321 -30.9945
v -13.0159 52.2671 -31.1145
v -12.7525 52.5255 -32.3346
v -12.7080 52.7929 -31.6846
v -13.5206 49.8734 -35.0846
v -13.7700 48.8179 -35.8046
v -12.9874 50.8037 -36.5746
v -13.4016 49.3294 -38.2645
v -13.6666 48.5392 -38.3346
v -13.1296 49.7211 -39.1646
v -13.4867 48.7235 -39.5346
v -13.8911 47.6175 -38.7246
v -13.6677 47.6669 -41.3845
v -14.0211 47.2307 -37.8246
v -6.8396 7.8568 -135.2846
v -6.4506 5.0218 -150.0045
v -5.0900 5.3248 -149.2946
v -13.1346 54.6469 -18.8446
v -13.2128 54.4114 -15.7146
v -12.9521 56.0737 -12.5946
v -13.3449 53.5346 -18.7746
v -13.3593 53.0937 -17.0846
v -13.3768 53.1846 -21.4746
v -13.5727 51.8734 -21.8945
v -13.5273 52.0827 -20.4646
v -13.4034 53.1338 -19.7545
v -13.4742 52.4833 -19.4846
v -13.3883 52.9101 -23.0646
v -13.5264 52.0496 -24.2346
v -13.7093 50.6142 -24.0446
v -13.6388 50.9572 -22.2846
v -13.5966 51.0335 -21.1746
v -13.5140 51.9753 -25.3446
v -14.0282 47.9282 -32.4246
v -14.1102 46.9949 -34.7046
v -14.0975 46.8790 -33.1345
v -14.1286 46.1551 -33.9846
v -13.9932 47.8935 -35.2846
v -14.1105 45.1090 -34.6846
v -8.2452 10.7138 -121.3845
v -6.9325 10.9388 -119.5145
v -5.9846 8.6298 -131.3845
v -5.5301 8.2638 -133.4846
v -11.4091 63.7120 14.2854
v -12.9601 55.2509 -9.9846
v -11.8524 59.9914 7.0654
v -13.0860 54.9641 -12.5246
v -13.0637 53.6688 -11.9945
v -13.0862 51.4998 -14.5246
v -13.2388 53.3803 -14.5446
v -13.3309 52.7125 -16.1646
v -13.2535 52.3330 -15.2545
v -13.4427 52.2351 -18.2545
v -13.3871 51.8549 -17.3346
v -13.4409 50.8644 -18.8246
v -13.3354 51.0757 -17.3945
v -13.2823 51.4763 -16.4146
v -13.1815 50.6989 -16.4746
v -13.2291 50.2985 -17.4446
v -13.5153 51.7009 -19.5546
v -13.5495 50.5200 -20.5846
v -13.4869 49.7413 -20.6445
v -13.3846 49.8196 -19.5346
v -13.3416 49.2312 -20.0446
v -13.1331 48.8564 -19.1245
v -13.6668 50.0424 -22.6646
v -13.6332 50.3094 -22.0145
v -13.3838 48.8310 -21.0246
v -13.4971 48.7523 -22.1345
v -13.3385 48.1098 -21.8546
v -13.8380 49.2224 -26.5045
v -13.9088 46.0630 -30.5246
v -14.0582 46.4981 -32.2246
v -13.8174 44.8865 -31.5546
v -13.7795 45.4527 -30.1746
v -13.6089 44.5116 -30.6245
v -13.4432 46.9099 -24.7846
v -14.0675 45.7751 -33.0646
v -13.9573 45.3967 -32.1445
v -13.9315 44.5420 -33.3046
v -13.7417 44.2993 -32.0646
v -13.7620 43.8999 -33.0346
v -14.1011 44.2536 -35.8546
v -14.0003 44.7306 -33.7645
v -13.9636 43.8762 -34.9346
v -13.8667 43.9544 -33.8246
v -13.7941 43.2342 -34.6546
v -14.0582 43.6653 -36.3645
v -13.9082 42.8896 -36.4146
v -13.8247 42.1698 -37.2545
v -13.7060 42.2487 -36.1445
v -13.8200 41.9041 -37.9046
v -13.8217 41.3724 -39.2046
v -10.0808 17.1048 -99.4945
v -9.3447 16.3838 -100.6746
v -9.0901 14.9518 -105.3745
v -8.2711 15.9038 -100.7946
v -9.3149 14.3738 -107.8046
v -8.5392 13.7578 -109.0145
v -7.7652 13.2328 -110.2746
v -9.1882 13.6958 -110.1646
v -8.4672 13.3908 -110.3745
v -6.7676 13.3578 -109.1345
v -7.0282 12.9568 -110.8745
v -9.0619 13.0378 -112.5446
v -8.6565 12.6638 -113.5045
v -8.3592 12.8398 -112.4146
v -7.9544 12.5008 -113.3945
v -7.6764 12.7938 -111.9646
v -7.2891 12.5668 -112.6245
v -7.1996 12.1388 -114.3346
v -6.6602 12.8418 -111.1846
v -8.8460 11.9468 -116.6245
v -7.8110 11.8068 -116.1345
v -7.7754 11.6438 -116.8146
v -7.0925 11.6438 -116.4046
v -8.7386 11.4308 -118.6846
v -8.4412 11.6028 -117.5946
v -7.7040 11.3118 -118.1946
v -7.0568 11.4798 -117.0846
v -6.2685 11.0808 -118.7746
v -6.3570 11.4538 -117.0346
v -6.4104 11.6888 -116.0045
v -12.8691 51.2581 -13.2746
v -12.8550 50.1371 -15.0846
v -11.8696 54.3833 -1.9945
v -12.6630 48.8312 -16.4346
v -12.3246 47.7454 -17.1046
v -12.3016 48.4617 -15.5045
v -13.1753 48.4561 -20.0946
v -12.8559 48.6168 -17.8745
v -12.9067 48.0833 -19.1746
v -12.5640 47.8461 -17.9146
v -12.4235 46.9953 -19.0746
v -12.1901 47.0782 -17.9646
v -11.9177 47.4283 -16.1946
v -13.1371 47.2030 -22.2346
v -12.8670 46.4316 -22.2846
v -12.6362 43.5320 -27.5246
v -13.3544 44.0054 -30.0246
v -13.0719 42.8356 -31.0446
v -12.6871 42.0682 -31.0946
v -12.1719 42.9003 -27.2346
v -13.5379 43.2597 -32.7645
v -13.3919 43.3395 -31.6546
v -13.0867 42.4364 -32.0246
v -13.2687 42.2223 -33.4546
v -12.9081 41.5869 -33.1746
v -12.6965 41.6691 -32.0646
v -12.2158 41.0379 -31.7746
v -13.6997 42.5147 -35.4945
v -13.4311 42.1419 -34.5746
v -13.4152 41.7017 -35.5246
v -12.9160 40.7892 -35.1245
v -12.4707 41.0911 -32.5746
v -12.4704 40.2897 -34.5145
v -12.4687 40.8214 -33.2146
v -13.5827 41.1315 -37.9546
v -13.4413 41.4770 -36.1946
v -13.2797 41.2915 -35.7246
v -13.1089 40.5748 -36.5646
v -12.9193 39.8818 -37.4046
v -12.4588 39.6255 -36.1345
v -13.5789 40.5999 -39.2545
v -13.2674 39.9628 -38.9746
v -13.0825 39.3794 -39.4846
v -13.0669 39.1142 -40.1245
v -12.8928 39.4608 -38.3645
v -12.6486 38.6137 -39.5246
v -12.4362 38.9617 -37.7545
v -12.4470 38.4837 -39.0746
v -13.4297 39.4047 -41.4046
v -13.0497 38.5978 -41.4346
v -13.0234 38.1853 -42.3945
v -12.5965 37.8180 -41.4646
v -12.6150 37.4700 -42.4546
v -12.6331 38.3484 -40.1646
v -12.3374 37.3702 -41.6445
v -12.1032 37.7189 -39.8845
v -12.9767 37.3894 -44.3446
v -12.5582 37.0334 -43.4146
v -12.5288 36.7571 -44.0546
v -12.2798 36.5747 -43.5846
v -12.8802 35.9307 -47.9046
v -12.9222 36.4609 -46.6046
v -12.4524 35.8293 -46.3246
v -12.4867 36.2269 -45.3546
v -11.9031 35.3335 -45.7046
v -11.8633 34.9361 -46.6846
v -12.8195 35.2683 -49.5246
v -12.7345 34.4737 -51.4646
v -12.2826 34.2403 -50.2046
v -11.7060 33.7454 -49.5946
v -12.6652 33.9445 -52.7545
v -12.2133 33.7110 -51.5045
v -12.1252 33.0495 -53.1145
v -11.6257 33.2165 -50.8845
v -12.8440 33.8635 -53.8745
v -12.5265 32.8860 -55.3446
v -12.3742 33.2319 -53.5846
v -12.0021 32.2564 -55.0646
v -11.7578 32.3397 -53.9446
v -11.8116 32.6036 -53.2946
v -12.4221 32.2251 -56.9646
v -12.3847 31.9606 -57.6145
v -12.0621 31.3156 -58.2746
v -11.6424 31.6791 -55.5646
v -11.7524 31.2523 -57.2846
v -11.5700 31.2829 -56.5346
v -12.6347 31.2707 -61.1345
v -12.4723 31.3511 -60.0145
v -12.2506 31.1678 -59.5546
v -12.0017 30.9854 -59.0846
v -11.9050 30.4571 -60.3745
v -11.8458 30.1934 -61.0246
v -11.6780 30.7480 -58.5846
v -11.6409 30.5006 -59.2445
v -11.3041 30.2934 -58.7645
v -12.5490 30.7420 -62.4246
v -12.1057 30.3753 -61.4945
v -11.7975 29.9292 -61.6646
v -11.6603 29.2694 -63.2846
v -11.1411 29.3042 -61.3745
v -10.5611 27.4827 -65.5246
v -10.3118 24.1329 -75.8745
v -10.1376 24.8252 -73.1145
v -9.6189 23.5914 -75.9945
v -9.9171 23.4657 -77.0946
v -8.8034 22.5698 -77.7946
v -9.7368 20.3518 -86.7946
v -8.0030 23.6532 -72.8945
v -8.6615 19.7758 -86.8745
v -7.9216 19.3278 -87.4046
v -10.9551 20.4138 -89.5346
v -9.9983 19.9968 -88.5546
v -9.2564 19.4328 -89.0346
v -9.8557 19.5388 -89.8745
v -8.6067 19.4548 -87.8745
v -10.1873 19.2548 -91.6746
v -9.1655 18.9238 -90.7146
v -7.6987 18.1268 -91.5646
v -12.0350 45.6963 -20.4146
v -11.5208 44.4017 -21.7545
v -11.5952 42.4054 -26.6245
v -11.6173 40.5438 -31.1646
v -12.2092 41.4404 -30.8046
v -11.6135 40.0122 -32.4546
v -11.9233 39.9266 -33.5746
v -11.9804 39.5976 -34.5846
v -11.2885 39.0780 -33.9546
v -11.9044 39.0000 -35.8446
v -11.8604 38.2009 -37.7946
v -11.1739 37.8428 -36.8446
v -11.2212 38.5057 -35.2246
v -10.4670 37.7018 -35.6145
v -10.8774 38.3697 -34.7746
v -11.8316 37.8032 -38.7645
v -11.8106 37.5381 -39.4146
v -11.3792 37.3912 -38.5646
v -11.3040 36.8369 -39.8546
v -10.7310 37.1355 -37.6646
v -10.9870 36.8253 -39.0746
v -12.0876 37.4537 -40.5246
v -11.7895 37.2730 -40.0546
v -11.7475 36.7428 -41.3546
v -12.0246 36.6584 -42.4746
v -11.2475 36.4199 -40.8146
v -10.9119 36.2810 -40.3546
v -10.8744 36.0114 -41.0045
v -10.8181 35.6045 -41.9746
v -12.0035 36.3933 -43.1145
v -11.6470 35.6830 -43.9446
v -11.4898 35.9047 -42.8945
v -11.1537 35.7383 -42.4246
v -11.1162 35.4687 -43.0646
v -11.0787 35.1992 -43.7146
v -10.6496 34.4041 -44.8745
v -11.3021 34.5444 -46.1046
v -11.1526 33.4914 -48.6946
v -11.0779 32.9725 -49.9945
v -10.3698 32.4606 -49.7445
v -11.0034 32.4586 -51.2946
v -11.5641 32.8199 -51.8546
v -10.9476 32.0770 -52.2746
v -10.2768 31.8297 -51.3745
v -11.4542 32.1592 -53.4746
v -10.8917 31.6954 -53.2545
v -11.0976 30.9792 -56.0045
v -10.8546 31.4461 -53.9046
v -10.8174 31.1967 -54.5546
v -10.4819 31.0629 -54.1046
v -10.2025 31.3310 -52.6846
v -9.7379 30.3776 -54.5346
v -11.0605 30.7299 -56.6546
v -11.0234 30.4856 -57.3046
v -10.6875 30.3265 -56.8446
v -9.9657 30.1759 -55.6046
v -9.6083 29.5277 -56.8346
v -9.5713 29.2885 -57.4945
v -10.9307 29.8698 -58.9446
v -10.8937 29.6256 -59.6046
v -10.8566 29.3813 -60.2545
v -10.5764 29.5987 -58.8146
v -10.6134 29.8380 -58.1546
v -10.3770 28.8158 -60.7545
v -10.1756 29.4293 -58.3446
v -9.8321 28.8932 -59.2346
v -9.7766 28.5318 -60.2246
v -10.4284 28.6368 -61.4446
v -9.7213 28.1857 -61.2146
v -10.0193 28.0448 -62.3146
v -9.3130 27.6392 -62.1046
v -9.8083 26.9749 -65.2645
v -9.3120 25.6631 -68.4945
v -8.4919 24.9691 -69.2946
v -8.7439 24.1564 -72.3845
v -9.4859 24.7304 -71.9046
v -4.7045 21.6678 -155.1946
v -4.5911 21.1038 -157.3546
v -4.0751 21.8528 -153.6946
v -3.6506 21.3808 -155.0246
v -3.6479 20.8548 -157.0746
v -2.9284 21.0048 -155.2046
v -2.8561 20.6228 -156.5546
v -4.8217 20.5638 -159.6746
v -4.5246 20.7608 -158.6046
v -3.8399 20.6538 -158.1445
v -3.0999 20.1968 -158.6646
v -2.8018 20.3318 -157.5746
v -2.3946 19.8518 -158.4846
v -5.3904 26.4828 -135.2445
v -4.1490 27.0289 -131.9846
v -2.5623 25.6490 -135.1145
v -3.2634 22.7098 -148.8745
v -2.3315 21.2308 -152.9846
v -6.8411 34.4226 -108.2846
v -6.4195 34.0575 -109.6245
v -6.5461 34.7354 -107.2545
v -6.1425 34.4622 -108.2545
v -5.4247 34.3443 -108.5446
v -4.0775 34.4713 -107.3845
v -5.0604 32.2658 -115.2445
v -6.0743 32.1315 -116.0045
v -5.9465 31.3878 -118.3446
v -6.3693 31.8186 -117.0346
v -6.3327 31.6047 -117.7046
v -5.3378 31.8813 -116.6245
v -5.6331 31.5887 -117.6546
v -4.9143 31.4100 -117.9146
v -3.9532 31.7438 -116.1046
v -4.1027 30.6157 -119.8146
v -5.0844 28.3393 -127.6546
v -7.0232 39.2193 -89.0446
v -6.4558 37.6681 -95.5746
v -5.6770 39.0512 -90.4146
v -4.8260 36.6453 -99.9846
v -7.1642 36.0140 -102.1345
v -6.5021 36.2675 -101.4446
v -5.8393 36.4806 -100.7346
v -5.1041 36.3064 -101.3745
v -7.1107 35.7690 -103.1646
v -7.3879 35.3744 -104.5346
v -6.0634 35.8664 -103.1445
v -6.0095 35.5961 -104.1646
v -6.6542 35.2861 -105.2146
v -5.0142 35.8525 -103.0846
v -7.2802 34.8439 -106.5846
v -6.2509 35.0331 -106.2246
v -5.5877 35.2260 -105.5045
v -5.5154 34.8437 -106.8645
v -4.8514 34.9860 -106.1245
v -7.6962 48.2522 -59.4546
v -6.6897 48.8165 -58.8745
v -7.7509 46.3869 -64.7545
v -6.9279 45.8802 -67.1546
v -8.3385 43.4383 -73.0546
v -7.5351 43.1195 -75.1445
v -6.8073 41.1891 -82.2645
v -5.1139 43.7017 -74.8645
v -6.2421 40.1201 -86.3446
v -10.1196 57.7618 -27.5145
v -9.6309 57.3181 -30.3346
v -10.1938 56.0743 -32.5045
v -9.1590 56.8952 -32.7846
v -9.6683 55.4014 -35.9846
v -10.2814 54.7889 -36.1546
v -10.4120 55.1109 -34.7746
v -8.6680 56.8807 -33.8845
v -9.1834 54.6031 -39.4246
v -10.8484 51.0132 -45.6245
v -10.1591 51.5993 -45.8246
v -8.6675 54.1084 -41.8346
v -9.4865 52.1962 -45.6445
v -10.4494 51.0132 -46.7346
v -9.7657 51.6586 -46.5846
v -10.0318 50.8809 -48.1746
v -9.1042 52.2070 -46.3845
v -9.3543 51.4653 -47.9945
v -8.4115 52.5958 -46.5045
v -8.7737 48.0044 -58.6646
v -6.9527 57.2875 -35.4646
v -10.9547 61.8926 -9.5546
v -10.3239 62.5479 -10.5446
v -10.8941 61.5542 -11.3146
v -10.7812 61.3505 -12.7346
v -10.1167 62.4205 -11.9945
v -11.4451 59.7835 -14.7846
v -10.8834 60.9482 -13.7146
v -11.0864 60.2139 -15.3146
v -10.3735 61.4811 -14.2746
v -10.4703 61.0790 -15.2545
v -10.3017 61.7495 -13.6245
v -10.1885 62.1522 -12.6546
v -10.9118 60.0749 -16.7645
v -10.7302 60.0066 -17.8645
v -11.2487 59.3404 -17.6245
v -9.9546 61.3463 -16.4746
v -10.1602 60.5416 -18.4246
v -10.5614 58.7997 -22.6646
v -11.2149 57.7300 -23.3945
v -11.7191 57.8036 -20.4246
v -10.0270 59.3373 -22.8546
v -10.7277 57.9964 -24.6145
v -9.3561 60.0354 -22.7146
v -9.2479 59.4746 -24.7545
v -11.6408 56.4607 -25.5546
v -11.9190 56.7333 -23.0346
v -11.0973 57.2606 -25.4746
v -10.5219 57.7959 -26.0346
v -9.9012 58.7100 -25.2346
v -9.5025 58.7252 -26.3546
v -11.5816 54.6898 -31.7246
v -11.0293 55.2527 -32.2146
v -9.0852 58.6131 -27.8046
v -11.4240 54.3832 -33.4046
v -10.8821 54.6515 -34.6145
v -11.4880 53.9822 -34.3745
v -10.7572 55.3204 -32.9846
v -11.6074 53.3135 -36.0045
v -11.2237 54.1826 -34.8246
v -10.9321 54.3839 -35.2645
v -3.6280 5.4618 -150.7846
v -4.0424 4.1768 -156.3346
v -2.2753 6.2258 -150.2545
v -2.5591 4.4368 -158.4146
v -1.0927 6.4838 -153.4746
v -11.0705 63.7991 0.6355
v -10.6222 64.7286 1.0354
v -10.8104 64.0865 -0.6046
v -10.8229 63.7165 -2.3446
v -11.2196 63.2622 -0.6646
v -11.3425 62.1780 -5.1546
v -11.6486 61.8598 -3.1445
v -10.4691 64.1110 -3.2445
v -11.6699 61.5185 -4.9046
v -11.0682 62.4369 -6.3845
v -11.4807 61.6415 -6.4546
v -11.3669 61.7037 -7.2346
v -11.7917 60.9826 -6.2046
v -10.9631 62.3658 -7.4846
v -10.4164 63.2988 -7.0746
v -11.6383 60.9714 -8.0846
v -11.4054 61.0959 -9.6345
v -11.8569 60.0333 -10.3645
v -11.7052 61.0438 -6.9846
v -12.0803 59.9839 -7.7046
v -12.0297 59.9109 -8.8146
v -11.2423 61.7662 -8.0045
v -10.8470 62.2952 -8.5846
v -10.5710 62.7618 -8.3745
v -11.9981 59.3638 -11.9945
v -12.2763 58.8571 -11.0446
v -11.3970 60.6227 -11.7146
v -12.3361 58.9863 -9.2046
v -11.2864 60.5519 -12.8146
v -12.2698 58.0251 -15.2445
v -11.7152 59.7559 -12.8945
v -11.8870 58.9524 -14.8446
v -12.2364 57.6857 -17.0045
v -11.9923 58.4170 -16.1546
v -11.5549 59.3462 -15.7445
v -11.7212 58.5429 -17.7046
v -4.0487 8.2278 -135.2746
v -11.4820 62.9456 1.3354
v -10.8387 64.6047 2.5954
v -11.5603 63.0341 4.3254
v -11.2235 64.0927 5.0554
v -11.9174 61.2771 -1.7846
v -12.1487 60.4299 -1.0746
v -12.3231 59.4768 -5.2445
v -12.6842 57.6199 -7.9146
v -11.9677 60.7272 -4.9746
v -12.1681 59.9974 -5.8246
v -12.3593 59.0603 -8.1046
v -12.5701 57.9896 -10.7046
v -4.9203 8.6958 -131.7346
v -4.8898 11.2878 -118.4046
v -3.4797 11.5788 -118.8146
v -3.1631 9.1308 -132.1846
v -2.5211 9.6028 -131.2046
v -11.2801 64.4809 12.4654
v -12.3458 59.1852 -1.3346
v -5.0018 13.2968 -109.3845
v -4.2042 17.9538 -91.1746
v -5.6467 12.9968 -110.4346
v -3.9559 13.4748 -109.3945
v -6.3459 12.9928 -110.4746
v -5.9606 12.8258 -111.1345
v -4.6174 13.1858 -110.0746
v -4.5463 12.8748 -111.4546
v -6.5530 12.3418 -113.2445
v -6.2567 12.5788 -112.1946
v -5.4865 12.2768 -113.5346
v -5.5755 12.6748 -111.8146
v -4.8417 12.5868 -112.4945
v -4.7708 12.2808 -113.8745
v -4.1269 12.6408 -112.8546
v -3.7611 12.6578 -113.2146
v -6.1497 12.0888 -114.2545
v -5.3799 11.8118 -115.6145
v -5.4510 12.1238 -114.2346
v -4.7176 12.0558 -114.9146
v -4.9603 11.5638 -117.0045
v -3.9856 12.0638 -115.6345
v -3.6024 12.0238 -116.3546
v -5.6052 11.2638 -118.0546
v -3.5497 11.8298 -117.4046
v -11.4937 62.2801 14.4855
v -11.6820 59.2912 8.1255
v -11.7046 57.7701 5.3354
v -11.1742 59.2839 12.6954
v -11.3611 56.5443 5.0954
v -11.0451 55.6415 4.7254
v -11.1084 53.1699 -1.0746
v -11.5269 54.1460 -0.7445
v -11.7117 46.5799 -17.3546
v -6.7120 21.9958 -77.0646
v -7.7585 18.4408 -90.4446
v -7.1288 18.6658 -88.9846
v -6.4819 18.8488 -87.8845
v -6.4096 18.4668 -89.2346
v -5.7274 18.5068 -88.8346
v -7.0643 18.3238 -90.1846
v -7.0024 18.0028 -91.3546
v -6.3194 17.9978 -90.9346
v -6.0233 18.2498 -89.8845
v -4.9562 18.1498 -90.1546
v -5.6194 17.9618 -90.8745
v -6.2340 17.2898 -93.6646
v -10.8567 57.0520 9.0854
v -10.6137 58.1404 13.5754
v -10.3267 56.5679 10.4554
v -10.1195 54.2450 4.9754
v -10.4015 52.5654 -0.0346
v -10.9270 43.7099 -21.8146
v -8.5642 50.4185 -0.9446
v -9.6069 51.0084 -1.6245
v -11.1774 44.7543 -19.9846
v -10.8830 40.3202 -29.8945
v -10.0615 39.5085 -30.2746
v -10.7122 39.5426 -31.4546
v -10.0050 39.0864 -31.2346
v -8.8768 40.4869 -26.0546
v -11.0096 39.3714 -32.5446
v -9.5956 38.4793 -32.0946
v -9.8733 38.1151 -33.4746
v -9.1680 37.7651 -33.2946
v -9.7230 37.0165 -36.0446
v -9.0181 36.6919 -35.8745
v -8.1871 37.9059 -31.7746
v -9.9449 36.2707 -38.4046
v -9.8887 35.8689 -39.3745
v -9.2769 36.1853 -37.5746
v -9.2208 35.7885 -38.5446
v -10.1109 35.1433 -41.7445
v -10.2232 35.9419 -39.8046
v -10.1857 35.6723 -40.4446
v -9.4425 35.0326 -40.9046
v -9.1087 35.0000 -40.4846
v -8.8125 35.2471 -39.4346
v -10.0735 34.8838 -42.3945
v -10.0174 34.4871 -43.3645
v -9.3305 34.2542 -42.8446
v -9.6085 33.9052 -44.2346
v -8.7007 34.4738 -41.3845
v -9.6448 31.9228 -49.8645
v -8.5449 33.4488 -43.9846
v -9.0745 32.8239 -46.4146
v -8.8099 30.7280 -51.9746
v -8.1062 30.4691 -51.8346
v -9.5334 31.1747 -51.8246
v -9.0511 30.1498 -54.0246
v -9.3296 29.8312 -55.4246
v -8.7544 30.3615 -52.9646
v -8.3468 29.8606 -53.8645
v -7.2555 29.3090 -54.3346
v -7.5512 29.0416 -55.3845
v -7.4034 30.2709 -51.7146
v -6.6277 29.6500 -52.9246
v -9.2111 29.2138 -57.0646
v -8.6248 29.5167 -55.2545
v -6.8307 28.7618 -55.6046
v -7.1263 28.4843 -56.6445
v -9.1262 28.5129 -59.0446
v -8.4699 28.7828 -57.2246
v -8.4216 28.2085 -58.8745
v -7.7734 28.3161 -57.7445
v -7.3484 27.7537 -59.0045
v -7.6630 27.6237 -59.7346
v -6.6832 27.8302 -58.2445
v -9.0156 27.8104 -61.0246
v -9.2393 27.1759 -63.4246
v -9.0524 28.0395 -60.3645
v -8.2743 27.2820 -61.5145
v -8.5712 27.0804 -62.5946
v -8.3294 27.6231 -60.5246
v -7.8674 26.8215 -62.4446
v -6.8685 26.8705 -61.2746
v -6.9237 27.2116 -60.2746
v -6.6280 27.4840 -59.2346
v -9.1107 26.3817 -65.7445
v -8.5344 26.8513 -63.2545
v -8.4610 26.4032 -64.5746
v -8.4059 26.0671 -65.5746
v -7.7939 26.3684 -63.7645
v -7.7572 26.1443 -64.4346
v -7.7679 25.9414 -65.1046
v -7.1848 26.3024 -63.3246
v -7.4241 26.1522 -64.0346
v -7.3874 25.9282 -64.7046
v -6.7035 25.8724 -64.2645
v -6.6486 25.5414 -65.2545
v -6.4260 26.2467 -62.8845
v -8.2776 25.2931 -67.9046
v -7.6655 25.5893 -66.0946
v -7.1862 24.7364 -68.3645
v -6.9446 25.2892 -66.3046
v -6.5389 24.8946 -67.2545
v -7.7610 24.8036 -68.8046
v -7.4643 24.3975 -69.7645
v -7.1497 24.5225 -69.0346
v -6.4112 24.1559 -69.6046
v -6.4659 24.4718 -68.5946
v -7.2817 23.3279 -73.0946
v -6.7255 24.0107 -70.3146
v -6.5795 23.1651 -72.9945
v -6.0332 23.9420 -70.0546
v -6.0833 22.2808 -75.6345
v -5.8419 22.8492 -73.5746
v -5.1054 22.5938 -74.1846
v -5.8837 21.1858 -79.3346
v -8.5353 35.6366 -38.0646
v -7.9441 36.1915 -35.9846
v -8.2209 35.7768 -37.3446
v -8.1276 35.1306 -38.9746
v -8.4046 34.7259 -40.3346
v -7.9786 34.1079 -41.5746
v -7.8485 33.2277 -43.8546
v -2.0197 26.1656 -131.8945
v -1.0598 24.3839 -136.4046
v -1.6794 21.1108 -151.7645
v -1.5887 20.6168 -153.4546
v -0.9712 20.5988 -151.5145
v -0.3316 23.8196 -136.1345
v -0.3445 18.9678 -155.3546
v -0.8621 19.9828 -153.5346
v 0.1217 19.4748 -151.3745
v -1.1995 19.9848 -154.6846
v -0.7642 19.5428 -154.8546
v 0.3860 18.4198 -153.9546
v -2.1142 20.0588 -157.0446
v -1.6629 19.6858 -157.2445
v -1.6698 19.3238 -158.6046
v -1.4433 19.8018 -156.1445
v -1.0527 19.3318 -156.6846
v -0.9795 18.8988 -158.0145
v -0.5046 18.7548 -156.7946
v -0.3237 18.0968 -158.4046
v 0.0557 18.2588 -156.1846
v 0.1984 17.5998 -157.7946
v 0.4990 17.8928 -155.2445
v -0.5694 18.2468 -158.8645
v -0.1950 17.7668 -159.0246
v 0.4825 17.1228 -157.9646
v 0.5198 16.8668 -158.6145
v -3.0669 30.4254 -119.3046
v -2.5864 29.5067 -121.5546
v -2.1727 33.0139 -109.7046
v -3.6449 27.8707 -128.1345
v -3.2718 29.6485 -122.0246
v -2.5315 29.1757 -122.5446
v -1.8633 29.0802 -121.7146
v -1.3451 27.8768 -124.5946
v -2.6266 27.7470 -127.2746
v -1.9588 27.6717 -126.4446
v -1.8853 27.2185 -127.7645
v -0.8445 26.7399 -127.1345
v -1.0144 25.8401 -130.5646
v -0.1621 20.3948 -149.1145
v 0.5944 16.3448 -159.9146
v -3.6140 39.1766 -89.5946
v -3.7928 36.6119 -99.5346
v -2.7037 36.1867 -100.0546
v -2.0911 36.4576 -98.2346
v -4.7000 36.0078 -102.3645
v -4.4499 36.4851 -100.4446
v -4.0353 36.1096 -101.6145
v -3.3880 36.2678 -100.5045
v -3.3337 35.9772 -101.5145
v -3.6302 35.7554 -102.5846
v -2.6290 35.8842 -101.0646
v -2.5582 35.3715 -102.7445
v -4.6278 35.6306 -103.7246
v -4.5374 35.1464 -105.4146
v -4.3136 35.7808 -103.0145
v -3.8905 35.3298 -104.3146
v -3.5940 35.5567 -103.2545
v -3.1517 34.9481 -104.8745
v -2.4852 34.9436 -104.0746
v -4.1503 34.8839 -106.0446
v -3.4118 34.5174 -106.6046
v -2.7087 34.2990 -106.4746
v -2.4280 34.6037 -105.1145
v -2.5063 33.4795 -108.7846
v -1.6646 34.1901 -105.2346
v -1.7783 33.0480 -108.9446
v -1.5656 29.2312 -120.6245
v -1.1160 28.6684 -121.5045
v -5.5218 49.8967 -56.5946
v -5.6624 46.9359 -64.8645
v -4.0837 50.3888 -55.5746
v -6.2153 43.8796 -73.8645
v -4.5601 46.7074 -65.8346
v -4.2000 40.5043 -85.2445
v -3.6605 43.3842 -75.7846
v -2.8166 40.4376 -84.7545
v -6.8396 65.1730 -12.1746
v -7.1139 64.6115 -13.4746
v -7.8240 64.2841 -13.0045
v -7.8958 64.6361 -11.6345
v -7.7701 64.0138 -14.0246
v -8.4073 63.2688 -14.8945
v -8.2973 62.8333 -16.6046
v -8.7346 62.9219 -15.1546
v -7.6657 63.4738 -15.9945
v -7.7340 63.8252 -14.7046
v -8.4432 63.4473 -14.2146
v -7.0777 64.4178 -14.1546
v -7.0236 64.1374 -15.1746
v -8.9184 61.9559 -17.7946
v -8.2453 62.4478 -17.9646
v -8.8821 61.6774 -18.8146
v -7.5716 62.9789 -17.7545
v -8.1009 61.6882 -20.6746
v -7.3904 61.9953 -21.1345
v -7.8833 60.5008 -24.7146
v -6.7333 62.5423 -20.5646
v -6.9164 61.4511 -23.5346
v -8.5753 60.0715 -24.5846
v -7.7015 59.4817 -28.0746
v -7.1721 60.7674 -25.1646
v -6.8435 58.8522 -31.1746
v -6.5146 61.2891 -24.5846
v -8.6128 58.1600 -30.2346
v -8.5220 57.6555 -31.9246
v -7.5557 58.6463 -30.7545
v -7.7199 57.4126 -34.0446
v -6.1854 59.3385 -30.5846
v -8.0118 56.9176 -34.9945
v -6.1842 57.0865 -36.8546
v -7.9996 68.5269 3.7355
v -8.2950 68.0631 2.8354
v -8.6740 67.8600 3.6554
v -8.6999 67.5375 2.2754
v -7.8978 68.1693 1.6854
v -8.8610 66.9964 0.5954
v -9.9534 65.2506 -1.4046
v -9.4084 65.8034 -1.9846
v -10.0591 64.8887 -2.4046
v -9.4246 66.2577 0.1055
v -8.8435 66.9381 0.2355
v -9.2180 66.3231 -0.6646
v -8.7282 66.5129 -2.0746
v -8.6679 66.2752 -3.2645
v -9.0472 66.0923 -2.4546
v -8.8085 66.8121 -0.4646
v -8.7560 66.6228 -1.5246
v -8.4116 66.9285 -1.6245
v -8.0137 66.9942 -2.7645
v -7.7427 67.5635 -1.3945
v -7.8341 67.9251 0.4154
v -10.0442 64.5081 -4.1345
v -9.3032 65.4169 -4.0846
v -8.6150 66.0656 -4.3146
v -7.9607 66.7745 -3.8046
v -8.2171 66.1263 -5.4546
v -7.5442 66.7080 -5.2746
v -7.6303 66.4620 -5.9346
v -9.3646 63.9380 -9.5446
v -9.9011 63.8320 -7.6445
v -8.8356 65.2490 -6.6445
v -8.7113 64.7077 -9.0646
v -8.1282 65.7332 -7.1746
v -7.2324 66.5341 -6.6946
v -7.0554 66.2592 -8.0846
v -10.1024 63.1604 -9.2746
v -9.5556 63.5617 -10.1646
v -9.9754 62.9149 -10.7946
v -8.9847 64.0955 -10.3446
v -8.3129 64.7380 -10.1946
v -8.0211 65.2381 -9.2445
v -9.5000 62.9572 -12.5646
v -9.1710 63.1599 -13.0045
v -9.9133 62.3529 -13.0946
v -9.3331 63.4948 -11.2545
v -9.2904 62.7569 -13.9846
v -8.8196 63.3300 -13.5246
v -8.5328 63.8809 -12.5045
v -9.8076 61.8831 -15.1646
v -10.0265 61.9502 -14.0746
v -9.4418 62.4276 -14.6145
v -9.3703 62.0908 -15.9846
v -0.7391 10.5118 -132.6145
v -1.5159 9.0078 -137.7246
v 0.0182 12.1888 -127.1946
v 0.1347 6.7228 -159.4146
v -9.3946 68.4133 11.7254
v -8.9396 69.1156 12.5954
v -9.0691 68.8659 11.9354
v -8.3992 69.6462 12.0254
v -8.6412 69.2424 11.0454
v -9.1240 68.9513 13.1255
v -8.7750 69.3872 13.2555
v -9.6136 67.9705 10.7555
v -9.2901 68.2311 9.5254
v -9.8500 67.4306 9.4454
v -9.4743 67.8259 8.5454
v -9.0385 68.2234 7.6554
v -9.0210 68.7722 10.8354
v -8.6409 69.0755 9.9754
v -8.6952 68.9000 9.2954
v -8.2455 69.2815 8.7854
v -10.4124 66.1564 7.2854
v -10.1114 66.7568 7.8154
v -10.0712 66.3429 4.9554
v -9.4433 67.6194 7.1255
v -9.4297 67.3183 5.3555
v -9.0543 67.8822 5.8954
v -8.4688 68.6166 6.3855
v -10.3832 65.7422 4.4254
v -10.8516 65.0196 5.4554
v -10.4044 65.4009 2.6754
v -9.9879 66.2711 3.8555
v -9.3725 67.1638 4.1554
v -8.9273 67.8120 4.7954
v -8.4168 68.4627 5.3154
v -10.1333 65.5267 1.1155
v -9.8130 65.6543 -0.4246
v -10.3151 64.9887 -0.1846
v -9.7308 66.2636 1.9754
v -9.6093 66.1931 0.8755
v -9.3033 66.9586 2.7355
v -1.8628 10.0788 -130.6046
v -1.1537 10.4618 -131.1046
v -0.7593 13.1868 -118.1846
v -0.5498 11.2388 -129.4846
v -2.1223 9.6078 -132.3246
v -9.0786 69.5176 21.8954
v -9.0727 69.5012 20.0055
v -9.4406 68.9732 20.5754
v -9.8385 68.2947 18.9354
v -9.6421 68.6256 18.8154
v -9.8644 68.2191 17.8354
v -9.9445 68.0999 19.3954
v -9.5088 68.8214 18.3655
v -9.3189 69.0592 17.5154
v -9.1945 69.2893 18.5654
v -9.2537 69.2290 19.3454
v -9.4133 69.0065 19.7355
v -10.1336 67.6780 16.5254
v -10.5451 66.8244 17.2254
v -10.4278 67.0031 14.8855
v -10.5756 66.7231 16.0554
v -9.6219 68.5667 16.8254
v -9.8889 68.0687 15.6155
v -9.5415 68.5669 14.9754
v -9.8158 68.0237 13.6654
v -10.1417 67.5282 14.3154
v -9.0189 69.2623 14.8054
v -8.5500 69.8591 15.3154
v -8.7597 69.7449 16.8954
v -10.5846 66.5988 13.9054
v -10.3618 66.9888 13.0055
v -10.6783 66.3297 13.2555
v -10.6246 66.3898 12.4754
v -10.9306 65.7476 14.6155
v -9.8356 67.8464 12.3054
v -11.0588 65.2696 12.5354
v -11.0864 64.9863 9.9955
v -10.7596 65.9863 11.4955
v -10.6331 66.0683 9.8454
v -10.2180 66.9026 10.0154
v -10.3639 66.4987 9.0354
v -10.4431 66.6454 11.2455
v -10.0034 67.4418 11.3254
v -10.6376 65.8993 8.5154
v -2.8199 11.9638 -118.1746
v -1.4064 12.8238 -117.6946
v -1.8382 12.6658 -117.1345
v -2.1086 12.2258 -118.6245
v -1.1611 13.1288 -116.9546
v -1.5360 13.0118 -116.3046
v -10.1122 67.6702 22.9654
v -10.3687 67.0132 23.2154
v -9.8158 68.2123 24.2754
v -9.4611 68.8727 24.0254
v -9.4765 68.8140 24.8054
v -9.8148 68.1541 25.0554
v -9.5761 68.5612 26.0354
v -9.2050 69.2222 25.7954
v -10.3760 67.1293 21.6554
v -10.1330 67.7069 21.2054
v -10.3660 67.1878 20.8755
v -10.5419 66.6084 22.2355
v -9.4247 68.9903 22.4654
v -9.1477 69.3988 23.4454
v -10.8042 65.9928 19.8254
v -10.8796 65.6080 20.7355
v -10.8052 66.0510 19.0454
v -10.9742 65.3970 19.2954
v -10.4560 67.0352 18.6654
v -10.5447 66.7828 19.8954
v -11.1674 64.9002 15.3254
v -11.2015 64.6497 16.5654
v -10.8843 65.8987 16.8254
v -11.0579 65.1864 17.8655
v -11.0941 64.7448 19.5554
v -11.1909 64.3426 18.5854
v -11.2697 64.4979 14.3454
v -11.0977 65.1636 13.1954
v -11.3287 64.1136 15.2654
v -11.4244 63.3293 15.1954
v -3.2953 13.8198 -108.7445
v -3.9026 13.2448 -110.4346
v -3.2245 13.5238 -110.1345
v -2.7964 13.7548 -109.8246
v -2.8591 13.5648 -110.5045
v -3.1714 13.2988 -111.1746
v -2.2530 14.2108 -108.8446
v -1.8357 14.0988 -110.2846
v -0.8228 21.1068 -82.7946
v -1.5420 14.4868 -109.2946
v -3.7964 12.8008 -112.5145
v -3.0303 12.7368 -113.9646
v -2.4062 13.2898 -112.6345
v -2.4766 13.5658 -111.2445
v -2.3710 13.1568 -113.3346
v -1.7479 13.7658 -112.0346
v -1.6602 13.4438 -113.7946
v -3.3602 12.5458 -114.2846
v -3.3297 12.4258 -114.8845
v -2.9600 12.4708 -115.3645
v -2.9269 12.3448 -116.0246
v -2.2834 12.8348 -115.0946
v -2.2484 12.7118 -115.8046
v -1.5903 13.1978 -115.2046
v -2.1958 12.5228 -116.8546
v -9.4912 68.3434 30.1155
v -9.6247 68.1939 28.8354
v -9.7264 67.7500 30.5254
v -9.7204 67.3845 33.3254
v -10.0592 66.7663 30.9154
v -10.2738 66.2271 29.6055
v -10.0415 67.0162 29.6754
v -10.2767 66.7255 27.1255
v -10.5939 65.4766 26.8655
v -9.9837 67.7120 25.8354
v -9.9953 67.5163 27.1954
v -9.1012 69.2064 28.5154
v -10.5545 66.0512 25.4955
v -10.7593 64.9391 25.5554
v -10.7549 65.3214 24.6454
v -10.4027 66.7627 24.4554
v -10.5772 66.1086 24.7154
v -10.4432 66.5702 24.9054
v -10.3003 66.8987 25.7054
v -10.1618 67.3610 24.9855
v -10.9223 65.2243 21.6454
v -11.0453 64.4390 21.5854
v -10.7982 65.6274 22.6255
v -11.0529 63.9237 22.1654
v -10.8299 65.2441 23.5354
v -10.8975 64.4026 24.2555
v -10.9026 63.4304 24.6554
v -10.6228 66.2234 23.1454
v -10.6924 66.1462 22.0354
v -11.1040 64.3622 20.4754
v -11.2311 63.5021 19.3054
v -4.3835 18.8268 -87.7545
v -3.8650 19.7888 -84.3246
v -3.3194 18.9028 -88.1046
v -2.7656 19.7278 -85.3745
v -1.8290 20.5328 -83.3745
v -9.8026 66.7502 35.4754
v -10.1294 65.7502 33.9754
v -9.9553 66.0968 35.7355
v -10.1415 65.1764 35.3454
v -9.5093 67.4832 36.3254
v -9.7111 66.8281 36.5854
v -9.9892 65.5223 37.1055
v -10.2742 64.6401 34.0354
v -10.3967 63.5143 32.2254
v -10.2903 62.4131 32.2954
v -10.8853 62.1184 23.2954
v -10.5354 60.8346 23.8454
v -10.1631 57.9816 15.9454
v -9.8503 57.2698 15.1155
v -9.4043 56.2883 13.6454
v -9.4278 55.2909 10.2654
v -9.0148 53.6939 6.7754
v -9.7601 51.8069 -0.0646
v -8.9743 51.0661 -0.0946
v -6.5169 28.9374 -54.9046
v -6.4248 28.3570 -56.5546
v -6.0005 27.8402 -57.8346
v -5.2382 27.4006 -58.8845
v -5.5583 27.2367 -59.4546
v -6.2406 27.2014 -59.8546
v -6.1855 26.8603 -60.8446
v -5.4116 26.3456 -62.1046
v -4.5640 27.5488 -58.3845
v -4.7484 26.5384 -61.3945
v -3.7553 26.9213 -60.3546
v -6.3710 25.9157 -63.8845
v -6.3344 25.6967 -64.5446
v -5.6519 25.7169 -64.1345
v -4.9885 25.8945 -63.4146
v -4.9153 25.4616 -64.7445
v -4.2344 25.5779 -64.3745
v -5.8742 25.0014 -66.5045
v -5.1374 24.7310 -67.1145
v -4.8605 25.1407 -65.7445
v -4.1250 24.9462 -66.3845
v -4.1614 25.1551 -65.7146
v -3.4814 25.3220 -65.3645
v -5.7284 24.1609 -69.1846
v -5.0464 24.2164 -68.7846
v -4.6421 23.9027 -69.7746
v -4.3653 24.3175 -68.4146
v -4.4198 24.6232 -67.4046
v -4.3289 24.1137 -69.0846
v -3.7211 24.6629 -67.3845
v -3.6303 24.1584 -69.0646
v -3.5941 23.9597 -69.7346
v -5.3053 23.7149 -70.4945
v -5.1598 22.8946 -73.1746
v -4.2380 23.6042 -70.7645
v -3.5396 23.6590 -70.7445
v -3.7435 22.8265 -73.4446
v -4.6830 22.1888 -75.5145
v -4.4240 22.6848 -73.8046
v -3.3403 22.5788 -74.4546
v -2.9374 22.3458 -75.4746
v -5.3464 22.0108 -76.2346
v -4.5745 21.6078 -77.5446
v -3.5808 21.9598 -76.4945
v -3.8616 21.5708 -77.7846
v -4.8699 21.3198 -78.5746
v -4.7976 20.9378 -79.9346
v -4.1889 21.4308 -78.2046
v -4.1348 21.1508 -79.2246
v -3.7317 20.9078 -80.2346
v -3.4368 21.2258 -79.2146
v -3.4728 21.4088 -78.5346
v -2.7217 21.2648 -79.5646
v -4.6027 19.9298 -83.6046
v -3.2035 20.0778 -83.6546
v -2.2302 20.6638 -82.3246
v -9.8487 65.9260 38.0854
v -10.0121 64.6242 38.6055
v -9.7518 66.0041 39.1954
v -9.9077 65.2177 39.1255
v -9.7617 65.6216 40.1055
v -9.8957 64.8360 40.0354
v -9.9783 64.2432 39.5154
v -10.1350 64.7945 36.2555
v -10.2262 64.0685 35.4154
v -10.0783 64.0321 38.0854
v -10.0069 62.7385 38.6155
v -10.0897 61.2404 31.2754
v -9.9036 59.9760 27.2555
v -9.8250 60.4688 31.2254
v -10.2061 59.7994 23.1454
v -9.6543 58.8466 23.5654
v -9.8880 58.4813 19.9154
v -8.9459 57.6918 22.5654
v -9.0344 58.5222 27.5254
v -9.3668 57.7186 19.8855
v -8.7768 57.0913 20.1754
v -8.8749 56.6168 17.3354
v -8.6387 55.2997 12.9654
v -8.8461 54.6695 10.1754
v -8.0642 53.6843 9.1155
v -8.5672 52.7767 5.2854
v -7.9334 50.5824 0.5454
v -7.8790 52.4680 5.8354
v -6.7659 51.6070 5.1155
v -7.8816 50.1779 -0.4246
v -8.1172 49.5367 -2.4546
v -7.1725 49.8711 -0.2645
v -6.5784 48.0729 -4.4146
v -6.3698 44.2648 -14.2046
v -7.3392 39.0939 -28.0546
v -5.9368 38.8747 -27.8745
v -6.2310 38.5163 -28.8845
v -6.9655 36.4689 -34.5246
v -7.1859 35.6371 -36.8546
v -5.7654 35.3210 -37.0145
v -5.4376 37.8187 -30.4446
v -7.0488 35.1128 -38.1445
v -6.0413 34.8506 -38.3546
v -4.9914 34.8013 -38.2746
v -7.7390 34.7721 -39.5546
v -7.4065 34.8204 -39.1846
v -7.3320 34.3066 -40.4846
v -6.7049 34.6830 -39.0846
v -6.2986 34.2580 -40.0246
v -5.2669 34.3106 -39.6046
v -5.5612 33.9572 -40.6145
v -7.2762 33.9300 -41.4646
v -7.1463 33.0599 -43.7445
v -6.4766 33.6707 -41.6846
v -6.5005 33.3091 -42.6746
v -6.0912 33.0196 -43.2946
v -5.8000 33.2374 -42.6046
v -5.1558 33.5777 -41.5746
v -5.0817 33.0892 -42.8845
v -7.1264 30.6756 -50.3446
v -6.0930 30.6270 -49.8845
v -4.9891 32.4835 -44.5246
v -3.5367 32.2268 -45.4746
v -4.7120 30.6969 -49.4546
v -6.3510 30.0749 -51.5646
v -5.6875 30.2425 -50.8446
v -5.0062 30.3385 -50.4646
v -5.6136 29.7691 -52.1546
v -5.8898 29.3189 -53.5045
v -5.1899 29.2826 -53.4546
v -4.2334 29.8896 -51.7445
v -6.1111 28.5377 -55.8446
v -5.7239 28.2702 -56.4746
v -5.4107 28.4761 -55.7846
v -5.1160 28.8093 -54.7645
v -4.7112 28.4652 -55.7346
v -4.3065 28.1312 -56.7146
v -4.4169 28.8236 -54.7346
v -5.3003 27.7888 -57.7645
v -4.6191 27.8899 -57.3945
v -4.1779 27.3420 -59.0346
v -3.9021 27.8175 -57.6946
v -9.7814 64.5325 42.0654
v -9.9033 64.3206 40.6255
v -9.8640 63.9398 41.5454
v -9.9530 63.4050 40.2455
v -9.8951 62.8919 40.8354
v -10.0238 61.5251 33.8154
v -9.8138 61.9809 40.4554
v -9.7974 60.7521 33.7654
v -9.4385 60.0476 35.5854
v -9.5041 59.9067 32.6155
v -9.0393 59.2334 35.5654
v -9.5576 59.5477 28.9654
v -8.9008 58.8229 32.7154
v -8.8724 58.4668 29.0754
v -9.5079 59.2089 27.2154
v 0.6024 22.8803 -135.6946
v 1.0940 22.2498 -135.4146
v 0.7179 19.2648 -148.9846
v 1.1637 18.2898 -149.6946
v 1.7038 22.0378 -132.2545
v 2.1441 21.2148 -131.5145
v 0.8428 18.5278 -150.9446
v 1.3837 17.5748 -150.5246
v 1.1439 17.5498 -152.4146
v 1.6098 16.1948 -152.9746
v 1.4686 16.7798 -152.4646
v 0.7615 18.1838 -152.7046
v 0.8527 17.6558 -153.9945
v 0.8955 17.3918 -154.6445
v 1.3389 16.8628 -153.2645
v 1.3873 16.4368 -154.2246
v 0.7846 17.1798 -156.0746
v 0.8042 16.8398 -157.0746
v 1.1651 16.1858 -156.7846
v 1.0891 16.9408 -154.8246
v 1.1265 16.6768 -155.4746
v 1.4215 16.0388 -155.1946
v 1.5651 15.3208 -156.0246
v 1.3480 15.5628 -157.2746
v 1.6511 15.3988 -154.9146
v 1.7510 14.6798 -155.7545
v 0.8604 16.4378 -158.0346
v 0.9357 15.8808 -159.3246
v 1.0739 15.9358 -158.2046
v 1.3713 15.1648 -158.2445
v 1.3814 14.8998 -158.8945
v 1.5822 14.6568 -157.6445
v 1.5868 14.3918 -158.2946
v 1.5915 14.1258 -158.9446
v 1.7368 13.6158 -158.3546
v -2.5618 38.9907 -89.4546
v -1.9639 35.7443 -100.5846
v -1.8910 35.3265 -101.9246
v -1.1861 35.0070 -101.7545
v -0.5905 35.3039 -99.5746
v -0.1635 34.6302 -100.7846
v -0.1562 34.9406 -99.7746
v 0.1733 35.0269 -98.6546
v -1.8543 35.1076 -102.5946
v -1.7810 34.6645 -103.9246
v -1.1126 34.5488 -103.0746
v -0.3567 34.3272 -102.1846
v -0.0341 33.7904 -103.0846
v -0.6628 33.9759 -103.9546
v 0.2828 33.7838 -102.3046
v -0.9464 33.4849 -106.0446
v 0.0589 33.1594 -104.7146
v 0.1521 32.5184 -106.3446
v 0.4505 32.6289 -105.2346
v 0.7758 31.9909 -106.0846
v -1.0957 32.3416 -109.7445
v 0.3203 31.3331 -109.2545
v -1.0983 30.3072 -116.1145
v -0.3506 29.5840 -116.5346
v 0.3732 29.0943 -115.9046
v -0.7776 28.7550 -120.3845
v 0.1256 26.5524 -125.1046
v -0.6567 27.5529 -124.0446
v 0.9692 25.3188 -126.0746
v 1.1271 29.0791 -113.2046
v -0.0253 25.5002 -128.8546
v -0.5160 26.8286 -126.0145
v -0.0318 26.2557 -126.5145
v 0.4432 25.4167 -127.6546
v 1.0549 24.7901 -127.3645
v 1.5045 24.6895 -125.7846
v 1.3234 24.5826 -126.8845
v 1.5579 25.6965 -122.4046
v 1.7737 23.9761 -126.6145
v 1.9470 24.0570 -125.4945
v 0.3857 24.8012 -129.6746
v 0.5343 24.8882 -128.9446
v 0.8535 24.4425 -129.1245
v 0.9119 23.9129 -130.4246
v 1.3833 23.8130 -128.8346
v 1.3989 23.5477 -129.4846
v 1.5972 23.7623 -128.0446
v 1.7951 23.2188 -128.5746
v 1.8242 22.6488 -129.8546
v 1.4246 23.0169 -130.7846
v 1.9951 21.9318 -130.6846
v 2.5626 20.0658 -130.6445
v 1.9480 14.6448 -153.0746
v 2.0075 13.7328 -153.4546
v 1.8587 13.5038 -156.7846
v 1.7188 13.0838 -159.6445
v 1.7430 13.8818 -157.7046
v 1.8126 12.7048 -158.7346
v 1.8330 13.1038 -157.7545
v 1.8768 12.4578 -157.4846
v 1.7839 11.5238 -159.7645
v 1.8747 11.9428 -156.9046
v -2.9527 56.9502 -38.5045
v -2.1691 51.5015 -52.1345
v -2.6653 50.1942 -55.7946
v -1.9640 50.0821 -55.7046
v -1.6108 47.6905 -61.9046
v -3.2346 47.1386 -64.4246
v -1.9626 43.4526 -74.5846
v -2.5726 43.0299 -76.3346
v -1.7265 39.9568 -85.2545
v 0.2458 34.0281 -101.6546
v -5.9381 68.2921 -3.1746
v -4.8609 68.5652 -3.9846
v -6.5596 67.5918 -4.4446
v -4.9327 68.9171 -2.6145
v -5.1184 67.9827 -5.6546
v -6.4165 66.9082 -7.1846
v -6.3625 66.6379 -8.2046
v -6.4286 67.2850 -5.8246
v -5.7768 67.5116 -6.2545
v -5.7048 67.1444 -7.6145
v -5.6327 66.7722 -8.9746
v -4.9741 67.2333 -8.3645
v -5.0463 67.6105 -7.0145
v -7.2801 65.5273 -10.0746
v -6.5832 65.8212 -10.5346
v -7.4006 65.2572 -10.7246
v -6.3085 66.3625 -9.2246
v -5.9076 66.2461 -10.2846
v -6.1823 65.7099 -11.6046
v -5.5061 66.0994 -11.3446
v -4.7895 66.9853 -9.3945
v -4.8474 66.5503 -10.7346
v -4.8111 66.3516 -11.4046
v -6.4207 64.9699 -13.5846
v -5.7809 65.5682 -12.6546
v -5.3610 65.3044 -14.0346
v -5.1043 65.9324 -12.3845
v -6.6407 64.1178 -15.8945
v -6.3663 64.6743 -14.5946
v -5.5994 64.5644 -16.0246
v -6.2393 63.9761 -16.9546
v -5.5448 64.2536 -17.0246
v -4.5744 65.0066 -15.7645
v -6.9148 63.5462 -17.1946
v -6.0574 62.9470 -20.3046
v -5.0510 63.5164 -19.7246
v -4.4830 64.4667 -17.4346
v -3.9330 63.3226 -21.0946
v -6.3317 62.3855 -21.6145
v -4.9594 62.9664 -21.3945
v -5.6003 62.4338 -22.3446
v -6.2221 61.7488 -23.6145
v -4.5747 62.8406 -22.0746
v -5.5271 61.9959 -23.6746
v -4.7761 61.8563 -24.7146
v -4.5013 62.3925 -23.4046
v -3.8226 62.6353 -23.0846
v -4.0976 62.1142 -24.3945
v -3.7120 61.9378 -25.0646
v -5.0508 61.3201 -26.0246
v -5.4897 59.5502 -30.6245
v -4.3894 59.4330 -31.6546
v -4.2047 58.2419 -34.9446
v -5.2321 57.9414 -35.2545
v -3.5436 58.5562 -34.2746
v -2.7919 60.5624 -28.9945
v -3.4138 57.6961 -36.5646
v -6.5722 70.7767 9.4054
v -6.8660 70.3929 8.4054
v -7.2978 70.3944 10.2754
v -6.6240 70.9255 10.4754
v -5.8973 71.2420 9.6355
v -7.0211 70.8193 11.6355
v -6.0099 71.5564 11.9654
v -5.5160 71.3136 8.8655
v -5.4812 71.2008 8.1554
v -6.1037 70.5895 6.8454
v -5.6028 71.5853 10.6454
v -7.7804 69.2976 6.5254
v -7.5391 69.8264 8.2254
v -6.7789 70.1061 6.6355
v -8.1765 69.0914 7.3454
v -7.0373 69.5742 4.9454
v -6.0343 70.3409 5.4454
v -5.5725 70.8039 6.4254
v -5.3586 70.7607 5.6954
v -7.7103 69.0026 4.7654
v -7.7124 68.6189 3.0254
v -7.2951 69.0119 3.2654
v -6.9846 69.3798 3.8954
v -6.5860 69.4000 2.7754
v -6.9144 69.1138 2.4855
v -6.2751 69.7425 3.4054
v -6.3279 69.9471 4.4554
v -5.6344 70.3227 4.3254
v -5.5645 70.0395 2.9454
v -6.2046 69.4614 2.0154
v -5.5291 69.8914 2.2555
v -7.2424 68.8125 2.2154
v -7.1367 68.3933 0.1255
v -6.5332 69.1904 1.7254
v -6.4624 68.8992 0.3354
v -6.0202 69.3096 0.9454
v -5.4582 69.5900 0.8655
v -7.3229 67.4893 -2.9246
v -6.7377 68.3933 -0.9945
v -5.9276 68.8394 -1.1245
v -6.3381 68.3579 -2.0946
v -5.6448 68.7062 -2.1946
v -6.3025 68.1946 -2.7746
v -5.0221 69.3407 -0.9046
v -6.9237 67.4741 -4.0346
v -6.8881 67.3107 -4.7246
v -7.1805 66.8511 -5.6846
v -7.0985 67.5439 -3.3146
v -7.2874 67.3361 -3.6245
v -7.3749 71.3301 19.3555
v -7.0853 71.6348 20.5154
v -6.3915 72.1290 19.8454
v -7.6567 70.9924 18.0454
v -7.2602 71.2408 16.7854
v -8.2910 70.2888 17.0754
v -7.6997 71.0125 19.0154
v -5.9937 72.3454 19.0154
v -6.2726 72.0520 17.6055
v -7.8468 70.5222 14.7355
v -7.8971 70.5851 15.8454
v -7.1602 71.1025 14.6055
v -7.7962 70.4442 13.6355
v -7.1060 71.0040 13.4354
v -7.2114 71.1805 15.7154
v -6.7781 71.2861 13.7254
v -6.4664 71.5882 14.3755
v -6.1035 71.7717 13.9454
v -6.2053 71.9581 16.1355
v -8.5489 69.5862 12.8054
v -8.2124 69.9220 12.6854
v -8.2720 69.9947 13.7854
v -7.7031 70.2593 11.6454
v -8.0214 69.8957 11.1954
v -7.7601 70.3782 12.8555
v -7.4072 70.6507 12.5854
v -6.7454 71.2218 13.0254
v -6.3812 71.4075 12.5654
v -8.2800 69.3740 9.4955
v 1.2165 15.0508 -118.8246
v 1.0173 14.6158 -119.8845
v 1.6140 15.4468 -119.7246
v 1.7654 15.8508 -118.7445
v 1.3320 15.3198 -118.1746
v 0.6939 13.0798 -126.3845
v 1.8291 14.7398 -126.9945
v 2.0581 15.6948 -122.8246
v -6.9644 71.8413 25.6255
v -7.3113 71.5263 25.7954
v -6.2969 72.3722 25.9654
v -6.3547 72.3206 27.3354
v -7.0668 71.7119 28.0854
v -8.6247 70.1233 22.4254
v -8.3249 70.4744 24.1954
v -8.0406 70.7918 22.1854
v -7.7727 71.0835 24.7355
v -8.1530 70.6299 26.4154
v -7.5396 71.2994 26.1754
v -7.8264 71.0235 25.5154
v -7.1619 71.6364 22.2754
v -6.8908 71.8895 23.8954
v -6.5000 72.1782 22.7355
v -6.5863 72.1465 24.7455
v -8.6133 70.1071 20.5354
v -7.7539 71.0511 20.9654
v -7.7418 71.0253 19.9754
v -6.4390 72.1755 21.3354
v -8.9380 69.6223 18.4454
v -8.5378 70.1680 19.7654
v 2.3181 21.6848 -93.4546
v 0.9045 17.2328 -106.1046
v 0.7347 16.0138 -110.9146
v -0.0722 15.1248 -111.3645
v 0.6337 15.6988 -111.9346
v 0.1678 15.7688 -109.3346
v 1.2251 16.4128 -111.8146
v -0.2898 14.4178 -113.8446
v 0.0149 14.8378 -113.1345
v -0.6926 14.3538 -112.5946
v 0.0314 15.0008 -112.4346
v -0.7274 14.4718 -111.8845
v 0.9996 15.8738 -113.1145
v 0.6945 15.1978 -114.7545
v 1.3472 16.0018 -114.6646
v -0.9857 13.9348 -113.5746
v -0.8810 13.5758 -115.6946
v -0.1451 13.9628 -116.8046
v -0.1907 14.1018 -115.8745
v 0.9430 15.0578 -116.9546
v 0.6847 14.5168 -118.2645
v -0.0754 13.7548 -118.2445
v 0.0427 13.6388 -119.4546
v 0.5474 14.2458 -118.9146
v -7.4743 71.1602 32.2954
v -7.9338 70.6009 32.7954
v -7.1841 71.4362 32.9554
v -7.8878 70.7470 31.3054
v -6.8845 71.7687 31.9054
v -7.7836 70.7090 33.9754
v -6.9767 71.5671 34.1854
v -8.7169 69.7294 29.7754
v -8.4977 70.0029 30.4354
v -8.1502 70.5009 29.7854
v -7.8453 70.8280 30.5754
v -7.4270 71.2782 30.7355
v -7.7523 71.0234 28.2754
v -7.1332 71.6128 29.6954
v -8.5901 69.9831 28.5454
v -9.2963 68.7952 29.3655
v -8.8434 69.8082 24.4354
v -8.7684 69.8855 25.5454
v -0.4291 18.0038 -97.4146
v -0.5394 15.2738 -108.7946
v 0.3275 16.8298 -105.2146
v -1.1607 14.5538 -110.0546
v -1.1256 14.4258 -110.7545
v -1.0731 14.2368 -111.8146
v -7.8135 70.2420 38.3755
v -7.1422 71.0332 38.4254
v -7.4545 70.7558 37.7654
v -7.5288 70.4281 39.7355
v -8.5590 69.4024 36.3555
v -8.2620 69.9279 35.7854
v -8.7117 69.2319 35.6554
v -7.8813 70.3400 36.7654
v -7.3464 71.0067 36.5254
v -7.7763 70.5929 35.5354
v -8.5936 69.5175 34.7954
v -8.0932 69.9504 37.6754
v -8.2724 69.5619 38.5754
v -7.0343 71.4059 35.6454
v -7.5043 70.9846 34.6355
v -6.7679 71.5106 37.4955
v -9.1284 68.5268 35.1654
v -8.8019 69.2444 34.1355
v -9.0843 68.8358 33.1454
v -9.3953 68.1769 33.4054
v -9.2532 68.5745 32.5154
v -8.3981 69.9066 33.8855
v -8.6118 69.6333 33.2254
v -8.7206 69.6129 31.3354
v -9.0194 69.2037 30.3555
v -9.1026 68.9515 31.5854
v -1.4876 21.0028 -82.0346
v -0.6625 21.3558 -82.1345
v -0.1392 21.5038 -82.7146
v -0.0590 21.1788 -84.2946
v 0.1636 21.8848 -81.9246
v -7.9613 69.4024 42.4454
v -8.0994 69.3352 41.7154
v -8.4705 68.6742 41.9654
v -7.3562 70.2751 42.1255
v -7.9720 69.2233 43.2754
v -7.4689 69.8308 43.8154
v -8.7613 68.7638 38.4955
v -8.9763 68.2412 39.0754
v -8.4351 69.1740 39.4855
v -8.7398 68.4571 40.5154
v -9.1586 67.7197 39.6654
v -9.1140 67.6631 40.4454
v -8.0313 69.8362 39.2355
v -8.1995 69.4481 40.1454
v -8.7356 68.2080 41.7555
v -8.2227 69.1980 41.3855
v -7.4673 70.3876 40.5654
v -7.1443 70.6647 41.2254
v -9.4015 67.5617 37.4354
v -9.2247 68.0830 36.8555
v -9.5992 66.6575 38.9354
v -9.0491 68.3550 37.5154
v -9.2424 67.8331 38.0954
v -8.9246 68.7416 36.6055
v -2.4345 29.8120 -52.7545
v -1.9211 28.8869 -55.7545
v -1.3540 29.8929 -53.4746
v -3.4613 27.2949 -59.3546
v -3.4980 27.5190 -58.6946
v -2.8190 27.7415 -58.3645
v -2.1407 28.0146 -58.0546
v -2.9474 28.5257 -56.0446
v -2.4339 27.5955 -59.0346
v -2.1041 27.7956 -58.7246
v -1.4450 28.2212 -58.1046
v -1.0426 28.0239 -59.1345
v -3.0211 26.8027 -61.0246
v -2.3608 27.1626 -60.3745
v -2.0674 27.5716 -59.3845
v -1.9213 26.7159 -62.0546
v -1.6647 27.3540 -60.4046
v -3.2053 25.7823 -64.0246
v -2.5629 26.2238 -63.0246
v -2.4900 25.8060 -64.3645
v -1.8484 26.2981 -63.3945
v -1.7938 25.9874 -64.4046
v -1.1893 26.7288 -62.7746
v -1.1167 26.3263 -64.1245
v -3.4268 25.0112 -66.3645
v -2.7475 25.2236 -66.0346
v -2.7111 25.0198 -66.7146
v -3.0234 24.7531 -67.3745
v -1.9784 24.9872 -67.4146
v -2.0328 25.2828 -66.4046
v -0.9896 25.6230 -66.4746
v -0.9172 25.2357 -67.8346
v -2.9145 24.1569 -69.3945
v -2.2540 24.5015 -68.7445
v -2.1996 24.2059 -69.7545
v -1.5580 24.6980 -68.7846
v -2.7696 23.3720 -72.0946
v -2.6792 22.8878 -73.7846
v -2.0189 23.2476 -73.1445
v -2.1454 23.9154 -70.7746
v -2.0911 23.6249 -71.7846
v -1.4135 23.9334 -71.4945
v -1.4858 24.3157 -70.1345
v -0.8270 24.7616 -69.5246
v -1.1201 24.3424 -70.5045
v -1.0840 24.1538 -71.1846
v -1.0480 23.9702 -71.8645
v -0.3538 24.2679 -71.9446
v -0.4078 24.5433 -70.9246
v -0.6647 23.9254 -72.5846
v -1.3054 23.3776 -73.5346
v -2.2767 22.6858 -74.8146
v -1.5989 22.9787 -74.5246
v -1.5269 22.6168 -75.8845
v -0.9041 23.2410 -74.5846
v -0.6108 23.6551 -73.6046
v 0.0289 24.2585 -72.6746
v -2.4451 21.6948 -78.2146
v -2.4989 21.9598 -77.1846
v -1.0900 22.3168 -77.6245
v -0.4495 22.8746 -76.6846
v -1.3479 21.7598 -79.3046
v -0.6536 22.0518 -79.3845
v -8.7222 67.2514 45.5554
v -8.5769 67.2165 46.7154
v -8.3870 67.9293 45.6754
v -7.9713 68.5337 46.2154
v -8.0596 68.5888 45.4254
v -8.1754 68.0115 46.7954
v -8.7086 67.4125 45.1155
v -7.7379 68.6166 47.3254
v -7.4901 69.1404 46.7455
v -8.1057 67.7646 48.0354
v -7.5270 69.3884 45.5055
v -7.0522 70.0531 45.2654
v -7.9623 68.9744 44.5154
v -7.1269 69.4648 47.3954
v -7.6682 68.3698 48.5654
v -7.4313 68.8932 47.9855
v -8.8919 67.4382 43.5754
v -9.2561 66.7026 42.7254
v -9.1101 66.7825 43.8354
v -9.4252 66.0487 42.9754
v -8.6541 67.9034 43.7754
v -8.8219 67.8228 42.6654
v -9.0989 67.4143 41.6854
v -8.3665 68.2564 44.6255
v -9.5045 66.5445 40.4955
v -9.4618 66.9282 39.5854
v -9.6572 65.8911 40.7555
v -9.7662 65.2393 41.0154
v -9.5362 66.1612 41.4154
v -9.3136 67.1992 40.2455
v -9.3672 66.8151 41.1554
v -7.8939 56.2083 19.8254
v -8.1473 55.9247 17.2754
v -7.9851 55.0885 14.2254
v -7.2782 54.6525 14.4354
v -7.5225 54.2566 12.3154
v -6.3556 53.1304 10.5754
v -7.0602 53.4398 10.4054
v -6.2643 52.6006 8.9054
v -5.5974 52.5759 9.7054
v -7.2475 52.5914 7.3354
v -5.8395 52.0484 7.6355
v -5.5246 52.1582 8.3655
v -5.1369 51.8603 7.7555
v -5.9516 50.6507 3.2754
v -4.9536 50.7553 4.4254
v -4.2158 50.4292 3.8454
v -5.1933 47.9050 -3.8845
v -3.7742 47.6749 -4.0846
v -5.3476 46.9603 -6.5346
v -5.8390 47.6507 -4.9546
v -4.7873 47.4951 -4.8346
v -4.0671 45.0544 -11.3645
v -5.1881 43.2391 -16.3645
v -3.9535 41.9987 -19.5746
v -4.5003 38.5832 -28.4346
v -2.5411 44.3343 -13.6345
v -2.9064 42.1063 -19.5546
v -5.5308 38.4648 -28.8246
v -4.3852 35.4415 -36.6145
v -3.6500 35.2622 -37.2545
v -2.2188 35.2844 -37.9346
v -4.5678 34.3199 -39.5746
v -4.1629 33.9758 -40.5446
v -3.5019 34.2952 -39.8745
v -3.5574 34.6565 -38.8945
v -2.8786 34.8942 -38.5746
v -2.8232 34.5379 -39.5546
v -2.7677 34.1766 -40.5446
v -2.0897 34.4598 -40.2445
v -4.4197 33.3529 -42.1946
v -4.1259 33.7366 -41.1946
v -4.0150 33.0189 -43.1746
v -3.4649 34.0560 -40.5346
v -3.3910 33.5775 -41.8446
v -3.0609 33.7574 -41.5246
v -2.9803 33.5273 -42.1846
v -2.9869 33.2790 -42.8346
v -3.3172 33.1041 -43.1646
v -2.6016 33.1178 -43.5045
v -2.0343 34.1085 -41.2346
v -3.2970 30.7047 -49.7545
v -1.6400 33.4995 -43.2346
v -4.3072 30.3579 -50.4346
v -3.5170 29.8476 -52.0746
v -4.1781 29.5383 -52.7346
v -4.1229 29.1922 -53.7346
v -3.4616 29.4963 -53.0546
v -3.0577 29.2079 -54.0546
v -3.7185 28.8784 -54.7146
v -3.6082 28.1962 -56.7046
v -8.6175 66.0685 49.4554
v -8.2924 66.8608 49.5254
v -8.6186 66.4506 48.5454
v -8.2716 67.2437 48.6155
v -8.2969 66.4785 50.4454
v -8.2904 66.0965 51.3555
v -8.5379 65.7706 50.5754
v -8.0011 67.7101 48.8154
v -7.7218 67.9857 49.4754
v -8.0459 67.1353 50.1854
v -7.7644 67.6021 50.3954
v -8.0558 66.7527 51.1055
v -7.9348 66.6988 51.8855
v -7.3561 68.6466 49.2355
v -7.4501 68.0700 50.5954
v -7.4687 67.8782 51.0554
v -9.1484 65.8257 46.1155
v -8.9828 65.7151 47.6854
v -9.2651 64.9825 46.8354
v -9.0450 65.1978 48.2754
v -8.8344 65.1761 49.8054
v -8.3709 67.2984 47.8354
v -9.4721 64.9587 44.9354
v -9.5473 65.2053 43.6954
v -9.6703 64.4201 43.6355
v -9.5646 63.9834 45.3254
v -9.2977 65.9368 44.5454
v -9.6606 65.1266 42.5854
v -9.4242 64.3871 46.3054
v -9.7583 63.5031 43.2455
v -9.6064 62.2871 44.8855
v -8.1565 57.8022 32.0354
v -8.7119 58.1900 28.4354
v -8.1523 57.5781 28.7154
v -8.1090 57.2973 26.1854
v -7.5584 56.8863 27.1454
v -7.5068 56.7526 26.0654
v -6.8159 56.2870 26.6754
v -8.0590 56.7976 22.6055
v -7.3142 56.1870 22.5154
v -6.4282 55.9891 26.0554
v -6.3251 55.7268 23.9054
v -5.6861 55.5369 25.4855
v -6.8921 55.6714 20.8655
v -6.4688 55.2102 19.5554
v -5.8808 55.2835 22.1055
v -5.4469 54.8740 20.5154
v -5.6761 54.5582 17.9754
v -5.8682 53.9931 14.7954
v -4.7957 53.5788 14.6454
v -8.4420 65.0610 52.5254
v -8.1552 65.8520 52.5954
v -8.4954 65.6324 51.1554
v -8.2826 65.1602 53.2555
v -8.4823 64.5444 53.1155
v -8.1694 64.7631 54.5554
v -8.5608 63.7026 53.8354
v -7.8912 65.7448 54.1754
v -7.5180 66.9210 53.3354
v -7.5005 67.4949 51.9654
v -7.6738 65.9732 54.7254
v -8.9664 64.4362 50.1055
v -8.7528 65.0335 50.6255
v -8.8116 64.0013 51.8054
v -9.0427 63.7855 50.3655
v -9.4784 63.4131 46.7054
v -9.3021 63.9510 48.0055
v -9.3734 62.8066 47.9855
v -9.4234 62.1190 47.2355
v -9.3241 61.7403 48.1554
v -9.2050 63.3811 49.3855
v -9.0983 64.1657 49.4454
v -9.2932 63.1122 48.7355
v -9.3125 62.3305 48.6754
v -9.2516 62.5985 49.3254
v -9.6418 63.3908 44.8154
v -9.5090 63.6031 46.2455
v -9.5071 61.9084 45.8054
v -9.3875 60.9987 45.4254
v -9.3453 61.0750 46.5354
v -9.0564 59.8472 46.2954
v -8.7265 58.8205 39.1554
v -8.3163 58.1703 37.5554
v -7.8485 57.5203 33.3054
v -7.6221 57.2311 31.5454
v -7.0873 56.7891 32.5154
v -6.0750 56.0538 34.0055
v -6.9326 56.6602 37.1155
v -6.2865 56.1616 30.7254
v -7.6272 57.0662 28.5754
v -7.0031 56.6692 30.6754
v -6.8842 56.4416 28.1255
v -5.8996 55.9093 30.0954
v -5.7435 55.6586 26.7054
v -8.0417 64.0032 56.3954
v -8.3949 62.9440 55.6654
v -7.9228 63.4340 57.7654
v -8.2541 62.3757 57.0454
v -7.8890 64.6565 56.1355
v -7.5749 65.4485 56.2054
v -7.7320 64.3934 57.3354
v -7.3709 65.0152 57.9054
v -7.6076 63.8438 58.7555
v -8.6036 62.8221 54.4554
v -8.7994 62.9715 52.9855
v -8.6117 62.2137 54.8154
v -8.7052 61.6205 54.2954
v -8.4037 63.4588 55.0754
v -9.1108 62.0301 50.6954
v -8.8137 63.4861 52.3954
v -8.9924 63.0811 51.4154
v -8.9563 62.5672 52.0055
v -9.0390 62.2985 51.3555
v -9.0584 61.8409 51.1554
v -8.9137 60.4170 51.3655
v -8.8191 60.6280 52.8054
v -9.1998 61.4954 49.3954
v -9.1686 60.6408 48.2355
v -8.9833 60.3398 50.2654
v -8.8115 59.5649 50.2054
v -8.4553 58.5472 51.4054
v -8.7417 59.0191 47.0254
v -8.4288 58.3073 46.2054
v -7.8101 57.2822 45.5254
v -7.8601 57.5088 41.6355
v -7.0973 56.5097 43.6055
v -7.4364 57.0514 40.3254
v -6.6426 56.1268 42.6554
v -7.6631 57.3540 38.3054
v -7.0231 56.6702 39.3755
v -6.3051 56.0638 39.2854
v -6.1662 56.0881 36.0754
v -7.7009 61.3232 60.9154
v -7.7664 61.5081 60.4454
v -7.7804 60.8635 60.7154
v -8.1656 61.6726 58.0954
v -8.3444 61.5916 56.9855
v -8.3278 60.9441 57.2455
v -8.4136 60.2183 56.4054
v -8.3089 60.1638 57.1854
v -7.9161 62.4041 58.9454
v -8.1957 60.5665 58.1654
v -7.9756 60.7819 59.6055
v -7.9426 60.1350 59.8755
v -7.6391 62.8125 59.9354
v -7.9650 61.7543 59.2054
v -8.5950 61.2422 55.2154
v -8.6589 60.5172 54.3755
v -8.5323 60.1395 55.2954
v -8.4490 61.3221 56.3254
v -8.2752 58.8524 55.8354
v -8.7183 59.8505 52.7455
v -8.7004 59.4524 51.7754
v -8.6433 59.9279 53.8555
v -8.5065 59.2847 54.1255
v -8.5520 59.0754 52.6954
v -8.0740 57.8014 54.3855
v -8.2700 58.2462 53.4254
v -7.9855 57.4314 52.6454
v -6.9132 55.6103 51.5554
v -6.5582 55.6478 47.0154
v -7.7171 60.6746 61.1754
v -8.1471 59.3304 57.9154
v -7.6049 58.6015 61.6554
v -7.9058 57.7022 56.7054
v -7.7509 56.9683 53.9855
v -7.4959 56.4456 52.6954
v -6.6860 55.0530 61.2654
v 2.0829 24.4023 -123.7346
v -1.4487 51.2318 -52.3645
v -0.6151 50.1078 -54.5045
v -0.0926 46.4703 -63.5946
v -0.5194 42.7715 -74.9746
v 0.2739 37.7168 -89.1445
v 1.0029 41.3135 -76.5646
v 1.6197 36.1905 -90.3346
v 0.3533 35.5067 -96.5746
v 1.5840 34.1790 -97.0946
v 0.7694 34.6921 -98.1046
v 1.3397 34.0957 -98.2046
v 2.6788 35.5962 -88.1445
v 1.7048 33.5186 -98.7046
v 2.1735 33.4220 -97.1245
v 0.8064 34.4529 -98.7645
v 0.5815 33.8842 -101.1946
v 0.8620 34.0865 -99.7445
v 1.1984 33.9018 -99.2746
v 1.5112 33.0384 -100.7946
v 2.2643 32.7573 -98.7445
v 2.3041 32.3599 -99.7146
v 0.6187 33.6298 -101.8446
v 0.6560 33.3703 -102.4945
v 0.7120 32.9826 -103.4646
v 1.2372 33.0870 -101.5846
v 1.2824 32.6898 -102.5546
v 0.7868 32.4513 -104.7645
v 1.8591 32.1949 -101.9446
v 2.5568 31.6460 -100.5446
v 2.6822 31.8171 -99.4746
v 1.4039 31.3649 -105.7946
v 2.0785 28.0822 -111.9846
v 2.7792 30.7981 -101.6946
v 3.2812 30.5083 -99.6546
v 1.9558 27.6044 -114.0746
v 2.4796 27.3153 -112.0346
v 2.6801 26.4666 -113.1846
v 2.1734 24.6918 -122.3346
v 2.6942 23.7922 -121.5546
v 3.2790 25.0004 -112.1746
v 2.4225 24.0320 -122.8046
v 2.6066 23.1828 -123.9646
v 2.8526 22.5438 -123.6946
v 2.9382 22.7966 -122.2746
v 3.0384 21.9018 -123.4146
v 3.1986 21.7908 -121.8446
v 2.1670 23.3419 -126.3246
v 2.3208 23.2891 -125.5446
v 2.2975 23.6870 -124.5646
v 2.6151 22.3858 -125.9146
v 2.8486 22.1448 -124.6646
v 2.1763 22.8106 -127.6245
v 2.1724 22.4118 -128.5946
v 2.2538 21.6558 -129.7946
v 2.4510 21.7738 -128.3246
v 2.6751 21.1328 -128.0446
v 2.5400 21.0538 -129.1546
v 2.3908 20.8408 -130.5946
v 2.7806 20.0898 -128.7545
v 2.6791 18.6988 -131.2146
v -3.1673 71.0677 3.4254
v -2.8013 71.0691 3.0654
v -3.1318 70.9094 2.7355
v -2.7656 70.9058 2.3755
v -3.4443 70.6580 2.0554
v -4.3809 69.8530 0.0654
v -4.3451 69.6846 -0.6245
v -5.0578 69.5040 -0.2146
v -3.7388 70.3198 1.0454
v -4.4082 70.0141 0.7555
v -4.4521 70.1746 1.4454
v -3.7031 70.1514 0.3555
v -3.6672 69.9779 -0.3246
v -2.9888 70.2359 -0.0145
v -4.1579 70.5330 2.4454
v -2.9170 69.8839 -1.3845
v -2.6942 70.5741 1.0055
v -4.2555 69.2510 -2.3346
v -4.2016 68.9807 -3.3546
v -3.5386 69.3412 -2.7746
v -3.5956 69.6310 -1.6946
v -3.5056 69.1772 -3.3945
v -2.8269 69.4199 -3.0746
v -4.4233 68.2298 -5.7146
v -4.1350 68.8108 -4.0446
v -3.4514 68.8917 -4.4146
v -3.0126 68.4855 -6.1145
v -2.4059 69.0903 -4.4346
v -2.2606 68.2852 -7.1245
v -2.7908 69.2313 -3.7545
v -1.7078 69.1654 -4.4246
v -3.9670 67.7571 -7.7645
v -3.2340 67.7093 -8.4646
v -2.8308 67.4614 -9.4746
v -2.1693 67.7555 -8.7946
v -4.1879 66.9557 -10.1046
v -4.1516 66.7569 -10.7746
v -3.4732 67.0199 -10.4646
v -3.4186 66.7091 -11.4746
v -3.5461 67.4376 -9.1245
v -2.7394 66.9266 -11.1445
v -2.4453 67.2901 -10.1345
v -1.7286 67.2379 -10.4546
v -4.0058 65.9215 -13.4546
v -3.3272 66.1693 -13.1345
v -3.9328 65.4936 -14.7946
v -3.0334 66.5530 -12.1445
v -2.6297 66.2747 -13.1445
v -1.8945 66.1004 -13.7846
v -1.9862 66.6605 -12.1245
v -3.8596 65.0607 -16.1245
v -3.4193 64.5685 -17.7946
v -2.8868 65.6720 -14.8046
v -1.4896 65.7564 -14.7545
v -3.1432 62.8426 -22.7445
v -2.3354 64.4469 -18.4346
v -0.9919 64.7915 -17.3645
v -1.6015 64.2310 -19.0145
v -2.4077 62.6481 -23.3845
v -1.6712 62.3979 -23.9945
v -3.4000 62.2146 -24.4046
v -2.6646 62.0302 -25.0346
v -0.5927 62.7876 -22.5746
v -1.4296 60.7645 -28.2346
v -2.2938 59.5722 -31.5846
v -2.1265 58.4375 -34.5246
v -2.7146 57.7054 -36.5246
v -1.6269 57.3663 -37.0846
v -1.1127 58.5768 -33.7645
v -0.7058 58.1164 -34.6846
v 0.1184 61.9062 -24.4446
v -0.4110 58.4394 -33.6646
v -2.2902 57.1785 -37.8046
v -0.5935 57.3127 -36.6245
v -0.8999 56.9867 -37.6445
v -1.8839 56.7535 -38.7445
v -0.4433 56.2242 -39.1946
v -0.5446 52.0129 -49.6046
v 0.3661 50.2334 -52.9846
v 0.1076 49.7066 -54.6746
v -0.1884 49.4494 -55.7246
v 0.8690 48.9599 -55.4646
v 0.5192 46.7867 -61.7946
v 1.5977 46.0284 -61.7946
v 1.8467 40.1444 -77.9346
v 2.7255 31.9925 -98.7846
v 2.9401 31.2773 -99.6145
v 3.1025 31.3577 -98.5045
v 3.1126 31.0922 -99.1445
v 3.0666 25.9069 -111.8046
v 3.5067 23.6293 -111.8346
v 3.2026 22.1898 -120.8745
v 3.3371 21.3558 -120.1445
v 3.4312 21.5828 -116.8246
v 3.3719 20.5928 -118.3146
v 3.1697 21.2588 -123.1445
v 3.2862 21.1458 -121.5746
v 3.2268 20.4798 -123.2046
v 3.3137 20.4988 -121.3146
v 3.0063 21.2358 -125.0446
v 3.1384 20.8588 -124.1245
v 3.1103 20.5918 -124.7746
v 3.1652 19.6218 -124.3745
v 3.1099 19.0298 -124.8845
v 3.1772 19.2398 -123.4546
v 3.0391 18.3798 -124.6245
v 3.1792 20.0788 -124.1746
v 3.2217 19.5068 -122.8046
v 3.0816 19.4108 -125.8046
v 2.9154 18.2838 -127.6245
v 2.9010 19.1228 -128.3446
v 2.9664 18.1688 -126.0646
v 2.6956 17.0968 -128.6646
v 2.7433 18.0318 -130.0746
v -4.7343 72.5297 14.0954
v -4.7000 72.4474 13.3755
v -5.0641 72.3296 13.7754
v -4.8026 72.6793 15.5454
v -4.1081 72.9618 15.4654
v -3.3615 73.0803 14.3254
v -2.9792 73.0911 13.5854
v -3.4470 73.2761 16.1355
v -5.7060 71.8527 12.7954
v -5.6717 71.7703 12.0754
v -4.9265 71.9697 10.9054
v -4.9955 72.1598 12.3354
v -4.6656 72.3549 12.6554
v -4.2840 72.4061 11.8954
v -4.2493 72.3035 11.1854
v -3.9191 72.4784 11.5154
v -3.8845 72.3758 10.7954
v -3.2754 72.8491 12.5354
v -5.4287 71.0166 7.0954
v -4.8223 71.6416 8.7754
v -4.7873 71.5188 8.0654
v -4.8918 71.8620 10.1954
v -4.5272 71.9495 9.7954
v -3.8149 72.1503 9.3755
v -3.4146 72.0693 8.2954
v -3.7273 71.8331 7.6255
v -3.8497 72.2630 10.0854
v -3.0313 72.0245 7.5854
v -2.3873 72.3800 8.6155
v -5.0468 71.0527 6.3454
v -4.7348 71.3294 7.0154
v -4.6469 70.9970 5.2555
v -3.9519 71.2441 5.1954
v -4.2465 70.9110 4.1854
v -4.0224 71.5252 6.5954
v -3.2914 71.5938 5.8555
v -2.2993 72.0374 6.8655
v -4.8527 70.2707 2.5154
v -4.8882 70.4239 3.2054
v -3.8634 70.8763 3.4654
v -3.5509 71.1277 4.1355
v -2.8369 71.2274 3.7555
v 3.4761 21.8088 -113.5045
v 3.3996 20.8758 -115.7846
v 3.1807 19.6298 -116.0446
v 3.2888 20.0158 -116.9546
v 3.3288 20.2508 -120.0746
v 3.2762 19.8078 -118.3845
v 2.8040 18.0388 -118.0646
v 2.9980 18.3628 -120.0746
v 2.6982 17.2208 -121.9046
v 3.0341 18.3378 -121.9646
v 2.5599 17.3068 -118.9146
v 2.7718 17.6968 -119.8246
v 3.2190 19.3328 -120.4646
v 3.1272 18.9468 -119.5546
v 2.3605 16.2208 -123.4046
v 2.8556 17.6088 -122.8046
v 3.0301 18.2628 -123.0646
v 2.8211 17.3998 -124.2445
v 2.2722 15.8078 -125.5145
v 2.6774 16.8628 -125.5446
v 2.4333 16.1318 -126.3945
v 2.7856 17.2488 -126.4546
v 2.8520 17.5168 -125.8046
v 2.2512 15.3108 -130.2346
v -5.4839 72.8584 23.0055
v -4.9800 73.1089 22.1754
v -4.8241 73.2486 23.6454
v -4.0806 73.5441 22.4254
v -4.0474 73.5225 21.6754
v -3.3858 73.8064 22.3555
v -3.4190 73.8281 23.1055
v -4.1634 73.5831 24.2954
v -5.7309 72.6192 20.8154
v -5.0715 73.0297 21.4454
v -5.6736 72.6111 20.0654
v -5.0382 73.0080 20.6954
v -5.3179 72.7602 19.2654
v -4.7081 73.1879 21.0254
v -4.6581 73.1453 19.9054
v -4.6077 73.0825 18.7954
v -3.9132 73.3650 18.7254
v -3.2517 73.6540 19.3954
v -3.3190 73.7428 20.8755
v -5.5299 72.3931 16.3755
v -5.5973 72.4921 17.8454
v -4.8872 72.8245 17.3755
v -4.0912 73.0903 16.5554
v -3.8626 73.2870 17.6255
v -5.7744 72.0123 14.2455
v 3.4263 22.4218 -102.7846
v 3.1211 22.0448 -99.9945
v 2.8126 22.2808 -94.7946
v 2.5203 17.3808 -117.8146
v 2.1601 16.7198 -117.5646
v 2.0975 16.2448 -119.6445
v 2.2270 16.6478 -118.6646
v 2.4881 17.0388 -119.5646
v -5.7300 72.7615 28.7455
v -6.4353 72.2331 29.2654
v -5.7658 72.7296 29.5854
v -5.3072 73.0307 29.3855
v -4.9689 73.2337 28.9354
v -5.3503 73.0063 27.8755
v -4.2947 73.5787 27.3254
v -4.7392 73.3582 29.6554
v -5.4673 72.9087 30.9354
v -4.7879 73.3249 30.8054
v -4.0133 73.7253 28.7954
v -4.1110 73.6739 31.0854
v -5.5643 72.8722 27.1554
v -5.5988 72.8532 25.6554
v -3.8493 73.7384 25.0154
v -6.2607 72.4005 25.1155
v -5.5333 72.8656 24.1355
v 3.2840 23.3385 -94.0746
v 0.9320 18.6538 -99.8745
v 1.6721 16.8668 -112.5646
v -5.9955 72.3633 35.1654
v -5.6435 72.6419 34.9054
v -6.3147 72.1371 34.6255
v -6.3426 72.0139 36.1754
v -5.6741 72.5739 35.6654
v -4.9504 73.0929 35.0554
v -5.2784 72.9193 34.3555
v -6.0836 72.1328 37.3755
v -5.4101 72.6219 37.6155
v -4.6660 73.1953 36.1654
v -4.6024 73.3189 34.6055
v -4.3672 73.2906 37.2854
v -6.2204 72.3236 32.3054
v -5.5282 72.8421 32.0954
v -6.1880 72.3788 31.5154
v -5.5799 72.7614 33.3555
v -5.5470 72.8132 32.5554
v -4.8584 73.2125 33.4955
v -4.8060 73.2725 32.7154
v -3.4492 73.9477 31.7654
v -4.2238 73.5473 33.7754
v -5.8008 72.6931 30.4254
v 1.9761 22.9290 -84.1345
v 2.6200 23.4562 -85.4546
v 2.4511 23.7327 -82.9246
v 2.7033 23.3844 -86.5546
v 1.4270 21.8308 -86.7545
v 2.0322 22.7568 -85.2946
v 2.9417 23.5091 -88.1046
v -5.5602 72.1074 41.4855
v -5.5140 72.2874 40.2754
v -6.1854 71.6703 40.8655
v -6.5777 71.2330 41.4054
v -5.2609 72.1724 42.6055
v -5.9107 71.7547 41.9855
v -4.5698 72.6522 42.4554
v -4.8938 72.3220 43.3254
v -4.5081 72.8872 40.8454
v -4.8075 72.8273 39.7154
v -4.5940 72.4654 43.6654
v -6.6559 71.5044 38.6355
v -6.7718 71.2511 39.8655
v -6.1650 71.8556 39.4754
v -5.7898 72.2547 38.5854
v -5.4663 72.4504 39.0454
v -4.7576 72.9744 38.4554
v -4.1151 73.2312 39.5954
v 1.7444 27.3971 -66.2846
v 1.1257 26.5248 -67.4846
v 2.1429 27.4224 -67.4146
v 1.9235 26.5349 -69.7146
v 1.3050 25.6525 -70.9046
v 0.6465 25.0289 -71.3745
v 1.3587 25.3974 -71.9346
v 1.0491 24.9790 -72.5346
v 1.6859 25.7493 -71.6746
v 1.7928 25.2644 -73.7445
v 2.2026 25.8256 -73.1946
v 2.0550 26.1610 -71.4446
v 1.0876 24.3410 -74.9246
v 0.4647 24.0243 -74.4546
v 0.4462 23.7287 -75.4646
v 0.9076 23.9360 -75.9046
v 1.1205 24.6473 -73.9146
v 1.5013 24.7441 -74.6846
v 1.5368 24.5909 -75.3745
v 2.1902 25.3504 -74.8945
v -0.0494 22.8037 -77.7645
v 0.0573 22.3338 -79.8446
v 0.5895 23.4527 -76.8645
v 0.4915 23.1239 -77.8645
v 1.2983 23.8610 -77.3645
v 1.3337 23.7128 -78.0546
v 1.6255 24.2129 -77.1145
v 1.7313 23.7887 -79.2046
v 1.9169 24.7332 -76.1746
v 1.9875 24.4476 -77.5646
v 2.0228 24.3090 -78.2645
v 1.0945 23.0183 -80.0646
v 0.8374 22.4108 -81.7246
v 1.2002 22.6038 -82.1546
v 1.7840 23.5892 -80.2545
v 1.9334 23.3324 -82.0346
v 2.1486 23.8478 -80.7846
v 2.3158 24.2762 -79.7445
v 2.5410 24.0609 -81.9146
v 2.7070 24.4062 -81.2946
v 2.4063 24.5094 -79.1846
v 0.8726 22.2778 -82.4246
v 0.5975 21.7618 -83.7445
v 1.2352 22.4818 -82.8645
v 1.5624 22.8333 -82.6046
v 0.6326 21.6288 -84.4446
v 0.7027 21.3728 -85.8446
v -5.4481 71.1075 47.7754
v -5.4260 71.2644 47.1355
v -5.7702 70.9486 47.2455
v -4.7509 71.7197 47.3655
v -4.7298 71.8480 46.7754
v -5.1214 71.2808 48.1854
v -6.6855 70.3317 45.9254
v -6.7175 70.4348 45.2555
v -6.3560 70.9308 44.6055
v -6.6754 70.7060 44.0754
v -6.0125 71.2696 44.4955
v -6.0345 71.1408 45.1055
v -6.0552 71.0095 45.6854
v -5.6663 71.5913 44.3354
v -5.6889 71.4648 44.9654
v -5.7110 71.3363 45.5754
v -5.7324 71.2036 46.1754
v -4.9802 72.0697 44.5654
v -5.0143 71.9454 45.1854
v -4.6460 72.3067 44.4855
v -4.6624 72.2251 44.9254
v -4.6913 72.0761 45.7154
v -6.9928 70.4670 43.5055
v -6.3119 71.1875 43.3855
v -5.6201 71.8313 43.0854
v -0.4070 35.4136 -39.3945
v -0.3151 34.8484 -41.0546
v 0.3778 35.5474 -40.1646
v -1.3387 34.3253 -41.2746
v -0.9360 34.1077 -42.3046
v 0.0867 34.6814 -42.0946
v -0.6777 30.2773 -53.2146
v 0.2903 28.9806 -58.3146
v -0.7868 28.7025 -57.5045
v 0.9568 35.7587 -40.5946
v -0.3666 28.4235 -58.8745
v 0.0350 28.2717 -59.9246
v 1.0371 29.0890 -59.4446
v 1.6188 30.1954 -57.5946
v -0.9695 27.5910 -60.4646
v -0.8784 27.0713 -62.1445
v -0.1843 27.3741 -62.2246
v -0.6588 27.9487 -59.8346
v 0.4724 27.9464 -61.6646
v 1.1098 28.6814 -60.7946
v 0.8561 27.9453 -62.4246
v 1.5097 28.6257 -61.8845
v 1.4836 28.8324 -61.2146
v 1.7822 29.2884 -60.6245
v -0.4948 27.0113 -62.8546
v 0.1988 27.3444 -62.9446
v -0.4041 26.5119 -64.5346
v 0.2712 26.9520 -64.2946
v 0.9091 27.6566 -63.4146
v 0.9995 27.1774 -65.1046
v 1.5640 28.3301 -62.8945
v 1.6723 27.7642 -64.9246
v -0.2953 25.9157 -66.5546
v -0.1871 25.3549 -68.5946
v -0.3496 26.2062 -65.5446
v 0.3753 26.4759 -65.9945
v 0.4339 26.0905 -67.3446
v 0.3074 26.7583 -64.9746
v 1.0537 26.8920 -66.1245
v 1.7084 27.5756 -65.6046
v 0.2494 25.0802 -70.3546
v 0.5238 25.6367 -69.0446
v 0.3393 24.6314 -72.0546
v 0.0826 23.9983 -73.7046
v -5.5432 70.3582 50.5654
v -5.8857 70.0120 50.6554
v -5.6394 70.1522 50.9855
v -5.9024 69.8458 51.1754
v -5.5780 70.0351 51.6255
v -5.2518 70.2117 52.0354
v -5.5315 69.9067 52.2254
v -7.0461 69.3636 48.1954
v -7.0974 69.1707 48.6554
v -6.7362 69.4492 49.3154
v -6.4759 70.0721 48.0554
v -6.4573 70.2249 47.5055
v -6.4941 69.9161 48.6055
v -6.5285 69.5989 49.6454
v -6.8335 69.0636 50.2254
v -6.1117 70.3102 48.6255
v -5.8497 70.3262 49.5754
v -5.8150 70.2042 50.1954
v -5.4679 70.9628 48.3454
v -5.5068 70.6691 49.4754
v -4.8098 71.3228 49.0454
v -4.8323 71.1511 49.6954
v -6.8483 69.9438 46.8354
v -4.8405 52.0923 8.8154
v -2.7563 51.9387 9.3755
v -2.1351 50.4781 4.3254
v -2.3949 47.8460 -3.7046
v -3.0198 47.3380 -5.0446
v -2.9094 46.6507 -7.0246
v -1.2388 47.3472 -5.7046
v -1.1474 44.6262 -13.6746
v -1.4405 44.2020 -14.6546
v -0.4974 44.5881 -14.3745
v -1.1648 42.4963 -19.6145
v 0.0675 37.3391 -34.8546
v 0.3001 40.2854 -27.3346
v -0.8462 35.8451 -37.7046
v 0.2316 36.0777 -38.4945
v -1.4123 34.7835 -39.9546
v -1.0463 34.7900 -40.3146
v -1.6496 33.9777 -41.9146
v -6.0099 68.6468 54.6055
v -5.9964 68.8182 54.1654
v -6.2740 68.2772 54.7455
v -5.6039 68.6994 55.7455
v -6.6734 67.9974 54.0754
v -6.0499 68.1042 55.9654
v -5.6586 69.1826 54.1554
v -5.5394 69.0839 54.8354
v -5.3174 69.5378 54.0854
v -5.2337 69.4186 54.7154
v -5.0087 69.3683 55.5055
v -6.7310 68.8179 51.4654
v -6.9388 68.3482 52.0254
v -6.6067 68.5730 52.7154
v -7.2114 67.1976 53.9955
v -6.8381 68.0498 53.2954
v -6.4854 69.1505 51.3454
v -6.5313 68.9578 51.8054
v -5.9357 69.5122 52.2054
v -5.6263 69.5407 53.1355
v -5.8830 69.3793 52.8054
v -4.9412 70.2141 52.9554
v -5.6261 55.3968 24.2154
v -5.1817 55.0112 22.3655
v -4.6842 54.5678 20.3054
v -4.5640 54.9785 24.3054
v -3.7759 54.5946 22.6155
v -4.6037 54.1540 17.8254
v -3.6205 54.1582 19.3954
v -2.2950 54.1917 21.1355
v -3.8666 53.8634 17.2355
v -3.7430 53.3626 14.7954
v -2.9020 53.9998 19.1255
v -2.7624 53.5185 16.3054
v -3.8969 52.4874 10.9754
v -2.8998 52.6426 12.1055
v -2.3419 53.2243 14.9354
v -4.1390 51.9650 8.9054
v -1.4654 52.4726 11.5055
v -6.6519 66.0872 58.6454
v -6.1371 66.6701 59.1255
v -6.5023 66.6075 58.0654
v -6.9803 65.8099 57.9855
v -6.1146 67.0905 58.2654
v -5.6849 67.3589 58.9454
v -5.6859 67.7411 58.0254
v -5.1937 68.0241 58.6954
v -5.6730 66.9771 59.8555
v -4.9274 67.7842 59.9454
v -5.0764 68.6739 57.3054
v -4.8967 68.5496 58.1255
v -4.7921 68.2303 59.1854
v -5.1862 67.2600 60.5254
v -7.3659 66.2789 55.4554
v -6.8787 66.9018 56.0354
v -7.2104 66.8155 54.9154
v -7.1843 66.2431 56.2854
v -6.8775 67.4751 54.6554
v -6.5143 66.9893 57.1554
v -6.7395 66.8162 56.7355
v -6.1214 67.6511 56.9054
v -5.6465 68.3157 56.6554
v -4.7377 68.9836 57.3254
v -5.0898 68.9833 56.4154
v -7.5115 66.5391 54.2455
v -7.5028 66.3483 54.7054
v -5.3355 55.6317 33.4654
v -5.1862 55.5443 30.0954
v -5.0874 55.4166 27.9354
v -4.5150 55.2717 31.0055
v -4.3983 55.1706 28.4054
v -3.6785 54.9363 28.1654
v -5.0178 55.3044 26.4254
v -3.9289 54.8945 25.8954
v -3.5271 54.7275 24.8454
v -2.4749 54.5416 24.9855
v -2.8591 54.6421 25.6854
v -5.9131 65.3652 62.3954
v -5.8673 65.8234 61.6654
v -6.1868 65.5997 61.1355
v -5.5835 66.2159 61.6854
v -5.1905 66.8573 61.3855
v -6.0408 66.1251 60.5654
v -5.5640 65.5934 62.9354
v -5.2845 65.9771 62.9354
v -5.3926 65.2671 63.9754
v -7.4068 63.6016 59.9955
v -7.2738 64.4453 59.2854
v -7.1472 64.2296 60.1355
v -6.8745 65.0492 59.8154
v -6.9170 64.3415 60.8655
v -6.6824 64.9977 60.6055
v -6.2601 66.1756 59.7754
v -4.8415 67.4418 60.9554
v -5.1752 55.3926 38.0254
v -5.4343 55.6410 35.7254
v -4.6796 55.2889 34.7754
v -3.7686 54.7147 38.4754
v -4.2642 54.6027 41.8954
v -3.2719 54.7661 35.0754
v -1.7236 53.9764 40.4054
v -3.0924 54.8342 30.8855
v -5.7974 63.3836 65.8655
v -5.4722 63.8519 66.0654
v -5.8094 64.0894 64.8154
v -6.0495 63.4329 65.0654
v -5.6016 64.5557 64.6355
v -5.2747 64.8933 64.9054
v -6.6954 62.8787 63.7455
v -6.6715 63.3946 63.1554
v -7.0216 62.7925 62.6255
v -6.2317 64.3462 63.1754
v -6.6726 64.1008 62.1155
v -6.3539 63.6716 63.8154
v -6.4815 62.8280 64.5354
v -6.6342 62.1746 64.7954
v -6.0561 64.1389 64.0254
v -5.7778 64.7967 63.7754
v -7.3117 62.1925 62.0954
v -7.4728 62.8276 60.6954
v -7.0086 63.3081 62.0354
v -7.3880 61.5418 62.3555
v -5.2741 55.0698 42.7854
v -5.1910 54.4616 47.2054
v -6.2602 61.7473 66.5055
v -5.9362 62.5396 66.5754
v -6.4203 62.1239 65.5854
v -5.6412 63.0100 66.7854
v -5.6306 62.6510 66.8354
v -7.0115 60.9235 64.5254
v -7.1890 61.2542 63.4955
v -7.3679 60.0554 63.3454
v -7.1453 59.8139 64.5954
v -7.3458 59.4081 63.6155
v -6.7487 61.5226 65.0554
v -6.8955 59.8974 65.7054
v -6.5457 61.4715 65.8454
v -6.2754 61.1062 66.7854
v -6.7507 60.6834 65.7754
v -7.5743 60.9454 61.8354
v -7.4314 60.8923 62.6255
v -7.6511 59.3809 61.7154
v -7.5301 59.3269 62.4955
v -7.4458 59.1643 63.0254
v -6.3091 54.7924 52.3054
v -5.9164 55.0197 47.3154
v -3.7610 53.5890 47.2654
v -3.2524 52.2668 52.7555
v -6.5377 58.4861 66.8655
v -7.1287 59.1664 64.8555
v -6.7090 59.8457 66.4955
v -6.8898 58.9255 66.1055
v -6.8568 58.2787 66.3755
v -7.3433 58.6273 63.5554
v -7.0604 57.7399 65.0654
v -6.8871 57.8207 66.1754
v -7.2455 57.3928 63.3054
v -6.7993 58.7376 66.5654
v -5.4244 56.6413 66.9354
v -3.0051 57.4862 67.0454
v -6.6698 55.6766 65.5554
v -6.8659 56.9076 65.7954
v -6.4115 54.6388 64.8555
v -6.2561 54.2124 60.1155
v -6.0714 54.3021 54.7954
v -4.7586 52.6117 57.0754
v -6.6749 57.3130 66.7754
v -6.4879 57.0015 66.9154
v -6.6440 56.0762 66.5254
v -6.4545 56.1912 66.8054
v -6.4315 55.6310 66.7254
v -6.4785 55.0352 65.8254
v -6.2840 54.5269 66.4254
v -5.3983 55.8882 66.9454
v -5.7217 55.1230 66.9354
v -5.6926 54.2880 66.9354
v -4.0005 55.9372 67.0055
v -5.9642 53.5656 65.7054
v -5.6779 52.9697 64.4454
v -4.7436 51.3824 65.1454
v -5.2082 52.6872 60.0454
v -5.3917 52.7888 61.2254
v -4.5302 51.3733 63.2754
v -6.0195 53.9182 66.6854
v -5.6625 53.4886 66.8855
v -3.8814 52.5401 66.9955
v -5.4709 52.8024 66.7954
v -5.4060 52.4060 65.8254
v -5.1896 52.0572 65.2254
v -4.9448 51.6412 65.7854
v -2.0862 71.1081 2.7154
v -2.3814 70.8053 1.6854
v -1.4952 71.6782 4.7854
v -0.7253 71.3962 3.4254
v -1.3524 71.0147 2.0354
v -0.6536 71.0443 2.0654
v -0.4293 71.6484 4.4754
v 0.3420 71.2855 3.1554
v 0.0640 70.9365 1.7654
v -1.6297 70.6252 0.6654
v -1.5757 70.3549 -0.3546
v -0.9492 70.7668 1.0254
v -0.9131 70.5782 0.3454
v -0.6176 70.8607 1.3855
v 0.1000 70.7529 1.0854
v 0.1542 70.4674 0.0754
v -0.5094 70.2999 -0.6546
v 0.1905 70.2687 -0.6046
v -2.1294 69.5254 -3.0846
v -1.8346 69.8534 -2.0646
v -1.1542 70.0000 -1.7046
v -1.1180 69.8013 -2.3745
v -1.3948 69.3865 -3.7346
v -0.6776 69.3040 -4.0446
v -0.0506 69.6906 -2.6546
v -0.0142 69.4817 -3.3246
v 0.2268 70.0699 -1.2746
v 0.2631 69.8661 -1.9446
v 0.6864 69.4100 -3.2545
v -0.2548 68.8682 -5.3546
v 0.3908 69.1275 -4.2846
v -1.5439 68.2331 -7.4446
v -1.2310 68.4593 -6.7545
v -0.9322 68.2419 -7.4146
v -0.7898 67.9114 -8.4046
v -1.4525 67.6932 -9.1046
v -0.1265 68.0992 -7.6846
v -0.1632 68.3232 -7.0246
v 0.2975 67.5976 -8.9646
v 0.5743 68.0123 -7.6046
v -1.0478 67.3593 -10.0846
v -0.6428 67.0051 -11.0546
v -0.3847 67.5521 -9.3645
v 0.0208 67.1726 -10.3246
v 0.3748 67.3572 -9.6245
v 0.7034 67.1928 -9.9146
v 0.7589 66.8314 -10.9046
v 0.0947 66.6993 -11.6445
v 1.0172 67.3633 -9.2146
v -1.2137 66.2217 -13.4146
v -1.1767 65.9825 -14.0746
v -0.5875 66.6538 -12.0446
v 0.1501 66.3429 -12.6245
v -0.1448 66.0250 -13.6546
v 0.8701 66.0935 -12.8645
v 0.5935 65.6686 -14.2246
v -0.4026 65.4577 -15.3246
v -0.0893 65.6586 -14.6345
v 0.0406 64.7935 -16.9246
v 0.2798 65.4829 -14.9246
v 1.3516 65.1141 -15.0846
v 1.4824 64.1984 -17.3546
v -0.5860 64.3867 -18.3146
v -0.8622 63.9314 -19.6546
v 0.1151 64.2847 -18.2246
v -0.1799 63.9667 -19.2545
v 0.8916 63.6131 -19.4246
v 1.9654 63.1280 -19.5446
v 0.2827 63.1348 -21.1546
v 1.3554 62.7104 -21.2946
v 0.8209 61.7232 -24.3346
v 1.3040 60.6477 -26.5145
v 1.9896 60.4907 -26.0346
v 2.0651 59.9212 -27.3146
v 0.6757 60.3421 -27.9446
v 1.4356 59.6814 -28.7645
v 0.3667 57.7021 -34.8346
v 1.6809 57.8355 -32.9146
v 2.4057 57.3128 -33.0446
v 1.8512 56.5338 -35.7846
v 0.1656 56.7076 -37.4646
v 1.1271 57.0160 -35.6445
v 0.9448 55.8843 -38.6046
v 1.1033 52.1239 -47.2746
v 2.0407 55.0645 -38.9546
v 2.6526 55.3708 -37.1546
v 1.6766 52.7656 -44.8546
v 2.5468 53.6088 -41.3645
v 3.0544 52.0671 -43.7346
v 2.2079 48.6170 -53.7346
v 4.0850 53.5806 -37.8546
v 3.6850 49.5791 -47.6046
v 1.5379 48.8239 -54.6145
v 2.5814 48.1833 -53.9146
v 0.7939 49.5092 -54.1746
v 2.2458 48.3221 -54.3645
v 2.2929 47.7693 -55.6546
v 2.6195 47.8834 -54.5446
v 3.0010 47.1461 -55.3546
v 3.5949 46.9176 -54.0946
v 2.6989 44.9031 -62.0346
v 3.3193 46.4345 -56.1846
v 3.6725 43.7304 -61.8745
v 2.4765 39.8188 -77.0045
v 3.1025 39.1581 -76.6946
v 2.8769 38.9426 -78.1345
v 3.1368 38.7606 -77.6746
v 3.1633 38.4957 -78.3146
v 4.0094 37.8938 -76.1245
v 3.5844 38.3036 -77.0746
v 3.6385 37.8643 -78.0346
v 3.5025 36.5885 -82.0646
v 3.8889 36.3528 -80.8046
v 4.0730 35.5036 -81.9646
v 3.5358 34.9947 -85.9546
v 3.8741 31.5673 -92.4846
v 3.4015 31.1189 -97.2545
v 3.3851 30.6552 -98.5746
v 3.7320 29.8587 -97.8546
v 3.5387 29.2047 -101.0045
v 3.7003 27.7648 -102.6746
v 3.8776 26.6661 -102.5946
v -2.7852 73.5449 16.8254
v -1.7056 73.6763 16.0754
v -2.3856 73.5094 15.7254
v -1.4081 73.8425 17.1554
v -1.3396 73.6828 15.7154
v -1.0249 73.8027 16.4354
v -0.6413 73.7427 15.7254
v -0.3217 73.8351 16.3655
v -0.6928 73.8713 16.8054
v -2.6654 73.2667 14.2954
v -1.6197 73.4552 14.2754
v -1.2362 73.4002 13.5654
v -0.5550 73.5013 13.9354
v -0.9534 73.6198 14.9454
v -1.1842 73.2412 12.4955
v -2.5617 72.9689 12.1454
v -2.1437 72.8164 10.7154
v -2.5964 73.0766 12.8555
v -1.8820 73.1560 12.4855
v -1.8473 73.0484 11.7754
v -1.4635 72.9732 11.0754
v -1.4112 72.7940 10.0154
v -0.7346 72.9256 10.4754
v -0.6600 72.6443 8.9855
v -0.7827 73.0945 11.4454
v 0.0217 72.7150 9.3755
v -0.0836 73.1088 11.4754
v -2.0738 72.5707 9.3054
v -2.0035 72.3048 7.9054
v -1.2703 72.2469 7.2154
v -0.5893 72.3581 7.5854
v 0.0746 72.5054 8.3254
v -2.6125 71.8265 6.1754
v -2.5771 71.6783 5.4754
v -1.8797 71.7938 5.4754
v -1.5663 71.9897 6.1654
v -0.8679 72.0445 6.1854
v -1.1817 71.8689 5.4855
v -0.5006 71.9751 5.8555
v -0.1865 72.1304 6.5654
v 3.5964 46.5189 -55.0646
v 4.1407 45.5310 -55.3845
v 4.4671 42.7918 -60.6846
v 4.2168 36.6467 -78.2545
v 4.2253 35.8495 -80.2046
v 4.8290 41.2951 -62.3246
v 4.5111 35.7431 -78.6245
v 4.6211 34.7584 -80.1145
v 4.7524 35.3694 -77.7046
v 4.9233 34.3286 -78.4046
v 4.3689 35.1317 -81.0346
v 4.3586 34.4668 -82.6646
v 4.6085 34.2263 -81.4146
v 4.8999 33.7961 -79.7046
v 4.9170 32.8081 -81.1946
v 4.7686 33.1851 -82.1145
v 4.2040 34.2537 -84.0946
v 4.5710 33.5604 -83.0346
v 4.1670 30.7384 -91.7445
v 4.8029 32.4636 -82.9546
v 4.8014 31.6078 -84.1145
v 4.3320 28.4596 -92.7046
v 4.1203 26.1675 -93.6746
v -2.7067 74.0289 22.6854
v -2.6733 73.9971 21.9454
v -2.7883 74.0413 23.4354
v -2.4585 74.1972 24.9054
v -2.0769 74.2536 24.1454
v -1.9935 74.1792 22.2854
v -2.0269 74.2109 23.0254
v -1.4298 74.4218 25.2455
v -0.6652 74.4485 23.7654
v -0.5980 74.3647 22.2954
v -1.2794 74.2738 21.9154
v -1.9264 74.0954 20.8154
v -2.6063 73.9235 20.4654
v -1.8589 73.9913 19.3454
v -1.1952 74.1538 20.0754
v -1.1273 74.0296 18.6155
v -0.5137 74.2397 20.4554
v -0.5644 74.3178 21.5554
v -1.7910 73.8671 17.8855
v -0.3817 73.9744 17.6355
v 5.0202 33.1523 -79.4346
v 5.0046 32.1632 -80.9246
v 4.9296 32.0858 -82.0346
v 4.9649 31.3061 -82.0946
v 5.0993 32.0501 -79.3546
v 5.0183 30.7347 -80.7146
v 4.8685 29.6079 -82.5346
v 4.9228 30.5819 -82.9346
v 4.9014 31.8190 -82.6846
v 4.9402 30.2003 -82.0145
v 4.6342 28.3037 -82.0145
v 4.3160 27.4870 -92.3046
v 3.7035 23.4615 -103.9446
v -3.4037 73.9792 30.6954
v -2.7542 74.1999 31.7054
v -2.3738 74.3220 30.9154
v -3.1666 74.0235 33.2654
v -2.0958 74.3798 32.5354
v -2.0420 74.4058 31.2754
v -1.7893 74.4665 30.8954
v -0.9637 74.6131 30.4955
v -1.6282 74.4961 29.7555
v -1.4268 74.5198 33.1654
v -3.7152 73.8560 29.8954
v -3.2869 74.0064 27.9855
v -3.0203 74.1183 29.8254
v -2.2919 74.3336 29.0254
v -1.8990 74.4097 27.9855
v -1.2160 74.5468 28.2954
v -0.7984 74.5554 26.7455
v -0.5654 74.6485 29.3755
v -0.3828 74.5395 25.2654
v 4.9902 30.4428 -76.8146
v 4.7539 29.2548 -77.8546
v 4.8926 29.7748 -78.4346
v 4.5998 28.9420 -76.7645
v 4.7583 29.9361 -74.3446
v 4.5797 29.2071 -75.1946
v 4.8033 29.8630 -75.4546
v 4.5791 28.3183 -80.1345
v 4.6540 28.7197 -79.1546
v 4.4146 27.7227 -80.6546
v 5.1114 31.3443 -78.3146
v 5.0460 30.6940 -78.0446
v 4.9539 30.0262 -79.6746
v 4.9194 29.8174 -81.1046
v 4.7840 29.1064 -80.0646
v 4.4835 27.8498 -81.2746
v 4.1868 26.9920 -81.5045
v 4.3769 27.3808 -82.4146
v 4.8259 29.2242 -81.6245
v 4.0901 26.5898 -82.4846
v 3.8996 25.9186 -84.1145
v 4.1779 26.5763 -84.3645
v 3.8109 24.7859 -94.2545
v -3.6581 73.6736 36.7854
v -3.3744 73.6887 38.3154
v -2.9636 73.9561 36.7154
v -1.9522 74.2321 37.4154
v -2.6001 74.1093 36.2954
v -2.3795 73.9704 39.3954
v -2.6797 73.9611 38.2455
v -1.6535 74.2276 38.6055
v -1.5719 74.3643 36.6255
v -0.9355 74.4019 38.0854
v -1.7309 74.0527 40.5254
v -3.5943 73.7871 35.2254
v -3.1989 73.9946 34.0354
v -3.6262 73.7329 36.0055
v -2.8996 74.0595 35.1554
v -2.5067 74.2330 34.0454
v -1.8279 74.3997 34.4254
v -1.8967 74.3173 36.0654
v -1.5077 74.4526 35.0754
v -1.1105 74.5537 33.9254
v 4.1349 31.1768 -63.9046
v 4.0818 30.7762 -64.8845
v 4.4669 31.5706 -64.8046
v 4.8805 31.6849 -68.2346
v 4.2631 30.1014 -68.3845
v 4.6769 30.8221 -69.4146
v 4.4654 30.8781 -67.1746
v 4.2056 30.5729 -66.3046
v 3.9147 29.7070 -67.4846
v 3.8723 28.7004 -70.8645
v 4.2488 29.3616 -71.1145
v 4.9339 31.1385 -71.4246
v 4.5403 29.8869 -71.6846
v 4.8363 30.4705 -73.0446
v 4.1239 28.6926 -72.7346
v 3.6756 27.7631 -73.1445
v 3.9881 28.0233 -74.3645
v 4.5377 29.4133 -73.7645
v 3.5072 27.6990 -72.3645
v 3.4461 26.8246 -75.4246
v 3.3797 26.5564 -76.0746
v 3.6699 27.1565 -75.5446
v 3.4820 26.9588 -75.0946
v 4.3488 28.3434 -76.3745
v 4.0823 27.9518 -75.4646
v 3.9964 27.5501 -76.4446
v 4.2630 27.9416 -77.3446
v 3.1121 25.6167 -78.3546
v 2.9880 25.2136 -79.3346
v 3.6064 26.4149 -78.2746
v 3.4932 26.0122 -79.2545
v 3.9221 26.8082 -79.1746
v 3.5013 26.4860 -77.1746
v 2.9742 25.6866 -77.2545
v 3.8198 26.4058 -80.1546
v 4.1299 27.0130 -80.5346
v 3.8997 27.1479 -77.4246
v 3.9884 27.0763 -78.5246
v 4.2075 27.6738 -77.9945
v 4.2385 27.4673 -79.4246
v 4.4803 28.3314 -78.2545
v 3.4329 25.4037 -81.6546
v 2.9222 24.6049 -81.7445
v 3.3034 25.0004 -82.6345
v 3.3801 25.6095 -80.2346
v 3.8867 26.3334 -81.2545
v 2.8530 24.8101 -80.3146
v 3.7377 25.7965 -82.5546
v 2.8286 24.3358 -82.3945
v 3.1161 24.4622 -83.9446
v 3.4841 24.9902 -84.5145
v 3.2427 24.1095 -87.5746
v 3.4823 24.7825 -85.9446
v -3.9276 72.8485 43.6454
v -3.2761 73.0242 44.6454
v -2.5665 73.3819 44.1654
v -2.4942 73.5110 43.3555
v -2.9444 73.1130 45.0055
v -1.8402 73.7237 43.3054
v -2.2975 73.1700 46.2154
v -1.5231 73.7070 44.0954
v -3.4891 73.3691 41.2054
v -3.8773 73.0511 42.3254
v -3.1059 73.6337 40.2455
v -2.4891 73.6566 42.1654
v -2.4266 73.8461 40.5754
v -1.7778 73.9182 41.7154
v -1.8090 73.8235 42.5154
v 3.0607 30.7154 -60.3745
v 2.9410 33.9596 -50.7246
v 2.4205 30.1529 -59.8745
v 3.5379 34.9854 -49.9746
v 3.4453 31.8503 -58.5446
v 3.6401 31.6495 -59.9646
v 4.0282 31.6465 -61.8346
v 4.3231 32.9113 -59.6846
v 3.9310 32.5154 -58.7846
v 2.6832 29.9794 -61.2346
v 2.2817 29.3755 -61.7645
v 2.9240 29.7802 -62.6546
v 3.5406 30.8200 -61.9846
v 3.6983 30.5135 -63.6646
v 4.5427 32.2378 -63.1846
v 2.2716 28.8093 -63.4246
v 2.3795 28.2640 -65.4746
v 2.7546 28.8438 -64.9246
v 2.8546 29.3790 -63.6245
v 2.6383 28.3081 -66.2346
v 3.3691 29.6463 -64.8446
v 3.2942 29.2449 -65.8146
v 3.8104 30.0439 -65.7346
v 4.4193 31.1702 -65.7846
v 2.8027 27.9733 -67.9746
v 3.4679 29.1347 -67.0145
v 3.3704 28.6412 -68.2146
v 3.7713 29.7767 -66.3845
v 2.4492 26.6317 -71.2346
v 2.9942 27.0330 -72.1245
v 2.3922 26.2963 -72.2346
v 2.8865 26.6305 -73.1046
v 3.1953 27.0982 -72.8945
v 3.1235 26.8299 -73.5546
v 2.5515 25.6316 -75.3645
v 2.6906 25.9590 -74.7346
v 3.0928 26.0895 -76.2746
v 3.2149 26.5257 -75.2146
v 3.2777 26.7605 -74.6445
v 2.3901 25.0181 -77.0145
v 2.7372 25.4872 -76.8146
v 2.5140 24.8148 -78.4446
v -3.1292 72.0932 50.0754
v -2.7927 72.1974 50.3154
v -2.7777 72.2889 49.8954
v -1.7358 72.7000 49.7954
v -4.3906 72.0550 46.8755
v -4.4055 71.9647 47.2854
v -3.7285 72.3086 47.5654
v -3.6985 72.4741 46.7455
v -4.1337 71.7173 49.2954
v -3.7878 71.9370 49.2254
v -3.7148 72.1471 48.3855
v -3.4436 72.1176 49.2254
v -3.3368 72.7336 46.2754
v -3.0051 72.8224 46.6355
v -2.3258 73.0298 46.9754
v -2.0085 73.0029 47.7555
v -1.6151 73.3267 46.5154
v -1.9163 72.7999 48.9855
v -3.6435 72.7545 45.2555
v 2.3943 43.6422 -21.7746
v 1.5946 45.9297 -13.2846
v 1.1199 42.1521 -23.5145
v 1.4882 37.6546 -36.4146
v 3.1390 41.6858 -29.2645
v 2.1426 38.3585 -35.9146
v 0.8695 36.7874 -37.6145
v 1.6527 36.6869 -39.4246
v 0.6148 36.0379 -39.2146
v 2.0708 36.5293 -40.8446
v 2.9049 38.5167 -37.4446
v 2.4701 36.5040 -41.9446
v -3.9130 70.8191 53.4654
v -3.6165 70.7802 54.2854
v -3.2460 71.2129 53.4754
v -4.2815 70.5160 53.6654
v -2.9100 71.3204 53.7254
v -2.8912 71.4717 53.1654
v -3.2247 70.9179 54.5954
v -2.9520 70.9616 54.9754
v -2.5913 71.2654 54.4955
v -4.5517 70.9143 51.4955
v -4.4976 71.1642 50.6355
v -4.5770 70.6911 52.2555
v -4.6035 70.5290 52.7854
v -4.1639 71.3088 50.9754
v -3.8192 71.7215 50.1255
v -3.7873 71.4549 51.3154
v -3.8772 71.2783 51.8154
v -2.8723 71.6227 52.6155
v -2.8130 72.0565 50.8954
v -2.1345 72.1026 51.9054
v 0.8404 51.8545 7.3454
v 0.4210 52.0879 8.7355
v -0.9554 51.7499 8.4154
v -0.6849 50.3478 3.3254
v 1.9367 51.9700 6.2254
v -0.9817 47.9550 -4.0446
v 0.1354 47.8168 -5.4346
v 1.7504 51.0659 3.1754
v 2.0463 49.7280 -1.9446
v 0.2068 45.2989 -13.1145
v -4.3938 69.3196 57.2154
v -4.7232 69.1656 56.8454
v -3.6996 69.9483 56.8655
v -4.1262 69.6068 56.9754
v -3.7631 69.7525 57.3154
v -3.7452 69.4148 58.3354
v -3.3542 70.1933 56.7854
v -3.0146 70.3530 56.9054
v -3.0306 70.1816 57.4154
v -2.7099 70.1133 58.1554
v -2.7451 69.7110 59.2854
v -2.3725 70.2106 58.3755
v -4.6455 70.0377 54.3555
v -4.6617 69.8678 54.8655
v -4.6775 69.6956 55.3755
v -4.3153 70.1862 54.7054
v -4.0004 70.1587 55.5454
v -3.6674 70.2868 55.8454
v -2.9812 70.6859 55.8655
v -2.2893 71.0446 55.7954
v -1.6601 53.2849 15.3254
v -1.8518 53.9252 19.2154
v -1.2211 54.0992 20.6954
v -0.7562 53.8123 18.2954
v -0.2456 53.3230 15.0154
v 0.7480 53.6756 16.0654
v 0.2441 54.0492 19.2854
v -1.5896 53.0088 13.9254
v -0.5243 53.0145 13.6055
v 0.5042 53.2543 13.9454
v -0.0341 52.4847 10.8254
v 0.9403 53.0049 12.1854
v 0.6804 52.5591 10.4554
v -3.8144 68.4826 60.6854
v -4.5010 67.8019 60.8954
v -3.8276 68.2910 61.1355
v -4.1831 67.7531 61.6854
v -3.8521 67.8955 62.0254
v -3.4813 68.6105 60.9855
v -3.1602 68.5387 61.7154
v -3.1859 68.1514 62.6155
v -2.7856 69.2021 60.6255
v -2.7722 69.3785 60.1754
v -2.8002 68.8473 61.5254
v -2.8254 68.6476 61.9855
v -2.5147 68.3722 63.1255
v -2.8515 68.2536 62.9054
v -4.7790 68.4221 58.7254
v -4.8295 67.6412 60.5154
v -4.4498 68.5779 59.0954
v -4.1329 68.5358 59.9054
v -3.7597 69.2336 58.8154
v -3.7738 69.0488 59.2954
v -3.4262 69.3582 59.1155
v -2.3083 54.6780 29.1055
v -1.5413 54.5681 27.6854
v -1.2719 54.5790 30.3454
v -0.1920 54.5737 28.8954
v -1.0075 54.3651 23.6255
v 0.2561 54.5766 26.6454
v 0.0515 54.4133 23.4254
v -3.9192 66.6635 64.5554
v -4.2594 66.3015 64.6055
v -3.9293 66.4506 64.9554
v -3.9392 66.2359 65.3555
v -3.5978 66.5896 65.2854
v -3.6080 66.3774 65.6954
v -2.8869 67.6676 64.1954
v -3.2218 67.5520 63.9254
v -3.2332 67.3480 64.3555
v -2.8986 67.4657 64.6255
v -2.9100 67.2617 65.0454
v -2.9208 67.0536 65.4654
v -2.9672 66.4154 66.6754
v -4.8752 66.8266 62.2254
v -4.6055 67.1640 62.1155
v -4.8854 66.6148 62.6355
v -4.8064 66.4508 63.1554
v -4.9942 65.9291 63.7355
v -4.5579 66.7823 63.0254
v -4.7289 66.0713 64.0654
v -4.2394 66.7286 63.8054
v -3.8871 67.2899 63.3154
v -1.2310 54.2656 36.9054
v -1.4194 54.5207 32.9754
v -0.1494 54.2756 36.2154
v 0.0268 54.5410 31.9454
v -4.9865 64.8410 65.6954
v -5.0924 64.3221 66.2754
v -4.4561 65.1254 66.3655
v -4.6462 64.5621 66.8454
v -4.6155 65.4828 65.3954
v -2.9105 64.9894 66.8855
v -3.6363 65.7242 66.8655
v -3.0251 53.3743 46.6355
v -2.2142 53.5759 43.9554
v -0.6254 53.9806 39.3354
v -2.0974 61.6470 67.0055
v -1.9669 52.9883 46.7954
v -2.3963 52.6990 48.8454
v -0.4600 53.2323 44.1954
v -0.9360 52.5797 47.6055
v -2.1635 51.8568 52.2254
v -1.4444 51.6630 51.9754
v -1.6925 52.4401 48.9855
v -2.8998 54.4658 67.0554
v -2.2547 56.0087 67.1055
v -4.0522 52.3730 54.9354
v -3.9273 51.1183 61.1355
v -2.4624 50.1305 60.4955
v -0.6231 49.6451 58.8954
v -2.4849 52.6698 67.0254
v -1.1098 53.3716 67.0854
v -4.9143 52.1042 66.9154
v -4.6377 51.7267 66.9054
v -4.4148 51.0558 64.3354
v -4.4885 50.9983 66.0754
v -4.0721 50.5469 64.9254
v -3.4495 50.2573 66.9654
v -3.8519 50.3668 64.4855
v -2.8751 49.4872 64.1355
v -3.2947 49.7383 64.7654
v -2.4333 49.4279 63.0554
v -1.7697 49.5587 61.1454
v -1.7108 49.9555 59.4754
v -4.5250 51.2118 66.7455
v -3.8828 50.2494 66.0454
v -3.0456 49.3790 66.4454
v -2.0364 49.9142 66.9955
v -2.6538 48.9964 66.6255
v -2.7204 49.4998 66.9354
v -2.8427 49.1809 66.1554
v -1.6454 48.7793 66.9754
v -1.9626 48.3605 66.5454
v -2.5797 49.3089 63.8555
v -2.6096 49.1379 64.6754
v -1.8129 49.2066 62.4254
v -1.8409 48.9247 63.2954
v -1.8551 48.7939 63.7254
v -1.8506 48.5510 64.5854
v -1.8993 48.4975 64.9754
v -1.9146 48.4324 65.3855
v 0.9350 71.7392 5.2754
v 0.7462 70.9768 2.1754
v 1.7080 71.2752 3.9955
v 1.7982 70.8061 2.3054
v 1.4835 70.6811 1.5754
v 1.5548 70.2906 0.2555
v 1.2599 70.0365 -0.8246
v 1.9435 69.9959 -0.3845
v 2.2218 70.3247 1.0055
v 2.9614 69.8975 0.4654
v 0.5952 69.9347 -1.5746
v 0.6317 69.7259 -2.2445
v 1.9983 69.6751 -1.3845
v 2.0899 69.1251 -3.0546
v 2.7194 69.3649 -1.5946
v 3.1265 68.8943 -2.5145
v 2.4966 68.6747 -3.9846
v 0.7779 68.8651 -4.9146
v 1.4243 69.0739 -3.8246
v 1.8674 68.4197 -5.4246
v 1.9412 67.9463 -6.7445
v 2.6074 67.9621 -5.9546
v 2.5704 68.2064 -5.2946
v 2.6815 67.4736 -7.2645
v 3.1165 67.4116 -6.8346
v 3.4420 66.7875 -8.0746
v 3.7607 67.1101 -6.6746
v 0.8447 66.5762 -11.5446
v 1.4795 66.5465 -11.1245
v 2.0524 67.2135 -8.7146
v 2.1640 66.4553 -10.6646
v 1.9240 66.2900 -11.3645
v 3.2017 66.1588 -10.1046
v 2.5532 66.0664 -11.2445
v 1.5911 65.7884 -13.0746
v 2.2572 65.8092 -12.2846
v 2.1298 64.3515 -16.2445
v 2.9990 65.2504 -12.7746
v 3.2766 65.6197 -11.3945
v 3.7047 64.8802 -12.5846
v 3.9168 65.7200 -10.0746
v 4.3361 65.0087 -11.0846
v 2.5384 63.7899 -17.1245
v 2.7267 62.3914 -20.3346
v 3.4330 61.9858 -20.1245
v 3.9506 62.9989 -16.7246
v 2.0406 62.5787 -20.8246
v 2.6573 60.4205 -25.2146
v 2.7021 57.5448 -31.9846
v 4.7445 62.1103 -17.0746
v 3.1787 56.2488 -34.0746
v 2.5195 56.4231 -34.9446
v 2.5576 56.1181 -35.5746
v 2.9304 55.7299 -35.7746
v 3.2655 55.6215 -35.3346
v 3.4982 55.1385 -35.8745
v 3.5597 55.8052 -34.2545
v 3.3612 54.8337 -36.8945
v 3.8221 54.5600 -36.3745
v -0.0109 73.9319 17.2054
v 0.3045 74.0113 17.9454
v 0.6715 73.9571 17.6055
v 1.4236 73.7568 16.5954
v 0.7576 73.7309 15.8154
v 2.1076 73.6909 17.0454
v 2.1422 73.5933 16.3254
v 1.4928 73.5516 15.1754
v -0.2401 73.6111 14.6654
v 0.1656 73.4411 13.5354
v 0.0578 73.7570 15.7654
v 0.8269 73.5206 14.3855
v 0.8964 73.3002 12.9654
v 1.5275 73.4439 14.4654
v 1.5623 73.3311 13.7555
v 2.6324 73.0585 13.5454
v 2.5975 73.1814 14.2555
v 1.9655 73.0883 12.7355
v 0.3012 72.9729 10.7954
v 0.1963 73.3415 12.9154
v 0.6162 73.0827 11.5254
v 1.0015 72.9215 10.8555
v 1.6849 72.8910 11.2854
v 2.0885 72.6178 10.2854
v 2.3867 72.7485 11.3855
v 3.1151 72.4511 10.9955
v 0.4955 72.1859 6.9654
v 0.7747 72.4591 8.3855
v 0.7040 72.7503 9.7754
v 1.5111 72.2139 7.7654
v 1.4578 72.4488 8.8054
v 2.1635 72.2990 8.8254
v 3.1956 72.1059 9.4254
v 0.8814 71.9893 6.3054
v 1.6181 71.7240 5.7054
v 2.2773 71.7785 6.6255
v 2.3740 71.3010 4.7854
v 2.4462 70.9238 3.4254
v 2.5005 70.6333 2.4154
v 3.1130 70.9042 4.2355
v 2.9066 70.2184 1.4754
v 3.8674 55.0932 -35.0746
v 4.2155 55.1802 -33.9546
v 4.3897 54.1177 -35.7846
v 4.9255 53.3026 -35.8046
v 5.8707 62.8362 -12.3845
v 4.6117 52.8181 -37.8945
v 4.5554 52.2845 -39.1946
v 4.9612 51.7231 -38.9346
v 5.0792 52.3194 -37.2846
v 5.3493 52.8023 -35.1946
v 5.4421 51.5511 -37.3246
v 5.1212 50.5347 -40.7146
v 4.4134 48.3707 -47.8246
v 3.8611 47.0017 -52.9746
v 4.4613 45.3117 -54.5246
v 4.0889 46.1540 -54.1345
v 4.8334 44.4853 -54.5446
v 4.9732 38.9824 -67.0546
v 0.6128 74.6006 26.5055
v 0.3329 74.5430 24.9254
v 0.1345 74.3422 21.5854
v 0.3832 74.4852 23.8154
v 0.8004 74.3783 22.3655
v 1.0663 74.4750 24.2355
v 1.8513 74.2682 22.4754
v 0.5043 74.3066 21.1754
v 0.8681 74.2641 20.9054
v 0.5860 74.1529 19.4154
v 1.6026 74.1303 20.2455
v 0.8341 74.3262 21.6355
v 1.6710 73.9706 18.7954
v 1.5346 74.2596 21.7054
v 2.2869 74.0442 20.6954
v 1.6934 73.9168 18.3254
v 5.1460 47.2293 -46.9346
v 6.0761 45.5420 -42.7846
v 5.6182 43.3080 -50.9846
v 5.5222 44.7502 -49.3046
v 5.3628 43.8723 -52.3645
v 5.6472 42.5862 -51.8246
v 5.2724 39.3500 -63.3945
v 5.5085 38.3281 -62.2146
v 5.4544 37.9856 -63.9646
v 5.2543 37.8873 -66.9646
v 5.5202 37.3399 -63.6946
v 5.4270 37.0542 -66.2346
v 5.4247 35.9326 -68.0546
v 5.4818 36.4081 -65.9746
v 5.2009 35.6259 -72.4846
v 5.3245 34.7911 -71.7545
v 5.3897 34.4859 -69.7346
v 5.3412 33.8196 -71.3546
v 5.2752 33.8589 -74.0246
v 5.1915 33.9724 -75.5946
v 5.2322 33.1928 -75.6546
v 5.3208 33.7442 -72.4646
v 5.0374 33.4187 -78.7846
v 5.1539 33.3065 -77.2146
v 5.1086 32.7732 -78.5145
v 5.1783 32.5264 -77.2746
v 5.1416 32.1263 -78.2545
v 5.1535 31.7446 -77.3346
v -0.7266 74.6310 33.0954
v 0.0179 74.7083 32.0354
v -0.0636 74.6765 33.9354
v 0.3163 74.7063 33.2355
v 1.0999 74.7031 31.3354
v 0.4332 74.7127 30.5354
v 1.0506 74.7053 32.4754
v 0.6354 74.6959 33.9654
v 1.1329 74.6966 30.5854
v 1.3678 74.6784 33.2555
v 0.9526 74.6691 34.7555
v 1.6855 74.6314 34.0554
v -0.1665 74.6536 28.2555
v 0.1497 74.6875 29.0154
v 0.8658 74.6707 28.6854
v 0.8990 74.6491 27.9454
v 1.9331 74.5600 28.4154
v 0.9197 74.6294 27.4855
v 1.2992 74.5782 26.8555
v 1.9665 74.5282 27.6754
v 1.8144 74.4849 26.1654
v 5.7717 41.6933 -50.3146
v 5.6340 39.8608 -51.0946
v 5.5277 36.5758 -61.8745
v 5.2315 33.8073 -64.9246
v 5.4667 35.3774 -64.7946
v 5.2998 33.6602 -67.1245
v 5.0683 32.2066 -68.8246
v 5.4359 34.9610 -67.6546
v 5.3571 33.8367 -69.4746
v 5.2209 32.8599 -69.0746
v 5.2710 32.8286 -72.8446
v 5.2610 32.7700 -72.0646
v 5.2456 32.7113 -71.2846
v 5.1684 32.1188 -71.8046
v 5.1256 32.0591 -71.0246
v 5.1385 31.6442 -73.8845
v 4.9491 30.5908 -74.6046
v 5.1259 31.4361 -75.3146
v 5.0163 31.1249 -73.3046
v 5.1273 31.3615 -76.4246
v 5.1667 31.9111 -73.2346
v 0.7116 74.3559 40.5454
v 1.0932 74.4072 39.7954
v -0.3206 74.3337 40.1155
v -0.9989 74.2809 39.6355
v -0.2888 74.3980 39.3354
v -0.2411 74.4869 38.1654
v 1.1733 74.5301 37.8555
v 0.5381 74.6192 36.2654
v 1.1412 74.4860 38.6255
v -0.8427 74.5341 35.8454
v -0.4453 74.6252 34.6954
v -0.8749 74.4950 36.6155
v 0.2533 74.6699 34.7154
v 1.5879 74.5749 36.3454
v 5.2609 40.8444 -41.2946
v 5.4947 41.2347 -42.1946
v 5.7157 42.9704 -37.9646
v 5.3042 42.1169 -37.2645
v 5.0496 40.1142 -42.1445
v 5.3106 40.5055 -43.0446
v 5.7556 41.9501 -43.2246
v 5.9009 43.0185 -40.6245
v 5.3481 38.6876 -50.2445
v 4.9892 39.0367 -45.4846
v 6.1243 44.3224 -41.1445
v 5.1172 34.0857 -62.3945
v 4.9315 32.8247 -64.5346
v 4.8912 33.5626 -61.8146
v 4.7108 31.6955 -66.3645
v 4.9844 32.6189 -65.9646
v 4.7529 32.0957 -65.3845
v -1.5539 73.5870 44.8954
v -1.1839 73.8809 43.2854
v -0.8277 73.8477 44.1055
v -0.5355 73.6958 45.5754
v -0.1441 73.8933 44.4754
v 0.2395 74.0351 43.5954
v 0.9394 74.0531 43.6155
v 0.1432 73.7009 46.0854
v 0.5235 73.8332 45.2954
v -1.0655 74.1190 41.2954
v -1.4765 73.8617 42.8954
v -1.0340 74.1986 40.5154
v -0.7483 74.0973 42.0854
v -0.0346 74.2172 41.6954
v 1.0297 74.2835 41.3555
v 1.3322 74.1562 42.5554
v 3.8087 42.4552 -29.1546
v 3.8992 39.7841 -37.1445
v 4.8412 45.1327 -25.2746
v 5.2607 45.5295 -26.1646
v 4.2672 40.4605 -36.6445
v 4.4652 40.3927 -37.7445
v 4.7566 39.9876 -40.5946
v 3.5372 38.4577 -39.6546
v 4.0939 39.1253 -39.8945
v 3.7679 38.3911 -40.7545
v 4.2864 39.0573 -40.9945
v 4.6840 39.4534 -41.8945
v 4.2162 35.5824 -51.3146
v -1.7654 72.5142 50.6255
v -1.4325 72.5322 51.0154
v -1.0696 72.7158 50.5854
v -1.0479 72.8448 49.9754
v -1.0248 72.9767 49.3454
v -1.0916 72.5849 51.1954
v 0.3402 73.0271 50.1554
v 0.3121 72.8771 50.9254
v -0.0688 72.6534 51.8054
v 1.0390 73.0566 50.1854
v 0.7197 73.1998 49.3555
v 0.6295 72.7184 51.8154
v 1.0101 72.9076 50.9654
v -1.3428 73.0491 48.5354
v -0.9186 73.4929 46.4855
v -0.6462 73.2051 48.5154
v -0.6310 73.2803 48.1055
v -0.2518 73.4733 47.2854
v -0.2893 73.3006 48.2954
v 1.1149 73.4174 48.1454
v 1.4801 73.4694 47.7654
v 3.5252 48.0225 -11.0045
v 4.2030 50.5071 -4.4046
v 3.0593 50.2824 -2.1046
v 4.7251 50.0286 -7.9646
v 2.3595 45.9412 -14.7645
v 3.1047 46.1406 -15.9346
v 3.0303 44.4582 -20.9346
v 3.8121 46.6248 -16.4746
v 3.7014 45.1462 -20.7946
v 4.1896 45.2011 -22.3046
v 4.9941 47.9458 -16.5646
v 3.3939 39.4579 -36.2846
v -1.8682 71.8058 53.5554
v -1.7315 72.0586 52.7054
v -1.9141 71.4433 54.9054
v -1.7990 71.6158 54.3954
v -1.9323 71.2876 55.4454
v -1.1540 72.1727 52.9554
v -1.2021 71.8266 54.3454
v -0.5457 71.7006 55.4754
v -0.9264 71.3403 56.4554
v -0.1719 71.9652 54.7254
v 0.5521 72.2407 53.9754
v 0.5847 72.4523 53.0554
v 0.4820 71.7388 55.9955
v -0.2299 71.5127 56.4254
v -1.4621 72.3414 51.8454
v -1.0022 72.4663 51.8254
v 1.6537 53.1400 11.7854
v 1.4647 52.3928 8.6754
v 2.4540 52.9983 9.6255
v 2.9775 52.4418 6.0954
v 3.6853 53.5236 9.0954
v 3.1909 51.4973 1.9454
v 3.7410 52.1051 2.8655
v 3.9538 51.6201 0.4254
v -0.6772 70.5087 59.4554
v -0.5997 70.0875 60.7754
v -0.0089 70.3980 60.2954
v -2.0695 70.7838 56.9955
v -2.0017 70.6406 57.5654
v -2.0248 70.4019 58.2854
v -2.0499 70.1281 59.0854
v -1.6276 71.0479 56.6954
v -0.9689 70.9540 57.7455
v -1.3699 70.2868 59.4454
v -0.6357 70.9150 58.1754
v -0.2742 71.1266 57.7555
v 0.3676 70.7478 59.4254
v -0.3086 70.8006 58.8054
v 0.7647 71.2300 57.9654
v 0.7467 71.0731 58.5055
v 0.5246 54.2515 20.7355
v 1.6378 54.3360 19.2455
v 1.9010 54.5896 21.0554
v 2.8604 55.0245 22.8254
v 1.7923 53.9501 16.0055
v 1.5312 53.5751 14.2555
v 2.9560 53.9666 13.4154
v 3.1821 54.4645 15.8755
v 3.8453 54.3433 12.9354
v -0.0913 69.4611 62.9454
v -1.1169 68.7317 63.9454
v 0.2240 69.1569 64.0055
v 0.2096 68.9742 64.4855
v -2.0954 69.5970 60.5554
v -2.1238 69.2287 61.5055
v -1.7989 69.1299 62.1754
v -1.4305 69.5776 61.4054
v -1.8258 68.7515 63.1055
v -1.0746 69.8282 61.0854
v -1.1041 69.4684 62.0554
v -1.1323 69.0992 62.9955
v -1.5000 68.6466 63.7555
v -0.0605 69.8233 61.9454
v 0.9261 69.3880 63.7954
v 1.1875 54.7296 29.2854
v 0.9044 54.6791 27.7754
v 1.9307 54.8878 28.1954
v 2.3801 54.9774 25.8454
v 1.4352 54.6531 23.6554
v -1.8649 68.1748 64.4654
v -1.5744 67.4663 66.4154
v -1.8920 67.7276 65.4454
v -1.9236 67.1674 66.6255
v -2.2712 66.8582 66.8054
v -1.2112 67.9505 65.7355
v -1.1436 68.5397 64.4054
v -1.0811 67.5864 66.6854
v -0.5389 67.3094 66.9154
v -1.9124 66.5198 66.8855
v -0.2105 67.7550 67.0654
v 1.2816 65.2229 67.0354
v 0.1814 68.6052 65.4254
v 0.1597 67.3359 66.9454
v 1.2475 54.3802 36.2455
v 1.3528 54.6292 33.1255
v 2.6098 54.5823 37.0055
v 2.7516 54.9352 33.4554
v 2.4836 54.9649 31.5354
v 3.2921 55.3032 28.7954
v 0.3161 53.5467 42.2154
v 0.4551 54.0615 38.6055
v 2.0769 53.7742 41.8454
v 2.1995 54.2896 38.6155
v 1.3597 62.8875 67.1255
v 0.1657 52.7392 46.3254
v 1.2235 52.7782 46.1554
v 2.2916 53.0288 45.5754
v -0.6532 52.0526 49.5854
v -0.6658 51.4093 52.1255
v 0.0338 51.8096 50.1055
v 0.2692 50.8156 53.5554
v 0.4132 51.9924 49.2954
v 1.0561 51.4531 51.0654
v 1.4761 52.0530 48.9855
v 1.2683 55.3615 67.2254
v -0.4769 50.6668 54.7054
v 0.2471 49.7961 57.3755
v 0.9131 50.2155 55.3555
v 1.1771 49.4680 57.9454
v 1.6693 50.6107 53.7654
v 1.3493 50.9166 52.8154
v -0.7186 48.8985 61.6854
v 0.0969 49.5208 58.5554
v 0.3875 48.9823 60.3655
v 1.1478 49.2620 58.7854
v -0.2602 49.1197 67.0954
v -0.6793 51.1041 67.0654
v -0.9205 48.0508 67.0154
v -0.2096 47.7060 67.0654
v 0.8081 48.5288 67.1854
v 1.1172 49.6799 67.2154
v 3.1097 52.7654 67.2754
v -1.5006 48.5126 63.8555
v -1.1188 48.5538 63.1055
v -1.1326 48.4027 63.5454
v -1.1609 48.1360 64.4154
v -0.7654 48.3384 63.2154
v -0.0467 48.1648 62.9454
v 0.2785 47.6775 63.9254
v 0.6454 47.7645 63.4855
v 0.6303 47.5582 63.9955
v 1.3958 48.2784 61.9354
v -1.2209 47.8049 66.0554
v -0.5497 47.5283 66.9654
v -0.1939 47.3109 67.0254
v -0.5075 47.3295 66.1554
v 0.1179 47.3405 67.0854
v 1.1988 47.3960 67.1754
v 0.8969 46.6539 66.6554
v -0.4682 47.5692 65.0654
v -0.0852 47.5079 64.7355
v -0.1297 47.2634 65.5854
v 0.2649 47.5164 64.3655
v 1.3192 47.2090 64.5554
v 0.5891 47.0848 65.3254
v 3.7020 69.4044 -0.0446
v 3.4234 69.0959 -1.4446
v 3.6594 67.6383 -5.3845
v 3.6082 67.8998 -4.7346
v 4.4236 64.0181 -13.3246
v 2.8965 73.2615 15.3755
v 3.3003 72.9782 14.3755
v 3.3354 72.8502 13.6754
v 2.6676 72.9255 12.8454
v 3.8283 72.1586 10.9554
v 3.7399 72.5264 12.6954
v 4.3739 72.5031 14.2555
v 4.5330 71.8491 11.1255
v 4.7970 72.0521 12.9454
v 5.1854 71.7087 12.3555
v 5.2433 71.4484 11.2355
v 3.8994 71.8471 9.5754
v 3.5831 71.8182 8.8054
v 4.2875 71.5240 8.9654
v 4.3233 71.3505 8.2854
v 4.9572 71.3374 9.8454
v 4.7300 70.9002 7.3555
v 3.0049 71.4599 6.2654
v 3.6726 71.3897 7.0954
v 4.0788 70.9647 6.1554
v 3.7808 70.8289 5.0554
v 4.7843 70.6097 6.3454
v 4.4792 70.5388 5.3555
v 5.4184 70.5813 7.9054
v 5.1011 70.6081 7.1155
v 5.5091 70.0819 6.2254
v 5.1737 70.2056 5.7754
v 5.5456 69.8731 5.5554
v 3.8352 70.5333 4.0454
v 3.8898 70.2225 3.0354
v 4.5768 69.9846 3.5554
v 5.6187 69.4401 4.2154
v 5.4255 69.2700 3.1355
v 6.0098 68.9399 3.6854
v 5.7293 68.7427 2.2355
v 3.6470 69.7405 0.9554
v 3.5922 70.0614 1.9554
v 4.2972 69.7317 2.1255
v 4.3705 69.2887 0.7954
v 4.7051 69.2105 1.2254
v 4.4074 69.0545 0.1355
v 4.6317 69.6586 2.5554
v 5.1140 68.6337 0.3555
v 5.0769 68.8780 1.0055
v 5.8222 68.1168 0.6055
v 3.8496 68.4678 -2.6846
v 4.4442 68.8254 -0.5246
v 4.1099 68.8883 -0.9446
v 4.5183 68.3368 -1.8346
v 5.1882 68.1350 -0.9546
v 5.2255 67.8806 -1.6046
v 5.2628 67.6212 -2.2545
v 5.4865 68.2607 0.1454
v 5.6358 67.2178 -2.4446
v 6.1570 67.2437 -0.9146
v 4.3139 67.5296 -4.5446
v 4.2581 67.9112 -3.5646
v 4.5555 68.0824 -2.4846
v 5.0210 67.0785 -4.3146
v 4.3700 67.1328 -5.5145
v 5.3565 66.9497 -3.8645
v 5.3940 66.6751 -4.5145
v 5.9048 66.3627 -3.9746
v 5.9203 66.0974 -4.6245
v 6.2247 66.1828 -3.5045
v 6.2045 66.7137 -2.2046
v 6.2293 65.9171 -4.1546
v 4.7898 66.4982 -6.3645
v 4.1291 66.5395 -7.5546
v 4.8182 66.1004 -7.3346
v 4.5389 65.9070 -8.4146
v 5.1716 65.9647 -6.8845
v 5.4506 66.2530 -5.4746
v 5.5452 65.5259 -7.0646
v 5.5908 64.9478 -8.3346
v 6.2175 64.7204 -7.0746
v 6.5172 65.0715 -5.3046
v 4.6145 65.3375 -9.6846
v 5.2342 65.1264 -8.8046
v 5.5845 64.6817 -8.9846
v 5.5665 64.1494 -10.2846
v 6.1908 64.0549 -8.6946
v 6.6793 63.2911 -8.7346
v 4.3929 64.5715 -12.0346
v 4.7661 64.1631 -12.2246
v 5.1398 63.7192 -12.4046
v 5.0636 64.3292 -11.1445
v 5.1017 64.0242 -11.7746
v 5.5430 63.6169 -11.5846
v 6.1478 63.3888 -10.3146
v 6.4794 61.2904 -13.6046
v 4.6210 62.7718 -15.8346
v 5.1230 62.3312 -15.6245
v 2.7016 74.3590 27.0254
v 2.4178 74.3490 25.5055
v 3.4882 74.0612 25.3054
v 2.1006 74.3708 24.7154
v 2.8362 74.1712 24.0854
v 3.2554 73.9529 22.6854
v 2.9892 73.8764 20.8054
v 3.5625 73.9397 23.8454
v 3.5220 74.0041 24.5754
v 4.0099 73.6109 21.7355
v 4.6631 73.4250 22.9855
v 3.0233 73.7991 20.0854
v 3.4321 73.7109 20.5254
v 3.3919 73.6537 19.7854
v 4.7830 73.1418 20.4554
v 4.4650 73.2091 19.6454
v 4.7315 73.2704 21.5354
v 2.7924 73.5795 17.5055
v 2.7579 73.6770 18.2254
v 3.1957 73.3265 16.4955
v 3.4781 73.4225 17.9955
v 4.1301 73.3074 19.2154
v 3.8993 73.0828 16.6355
v 3.9055 73.1792 17.3555
v 4.5864 72.8398 17.1554
v 4.5169 73.0602 18.5754
v 4.5516 72.9525 17.8655
v 5.2571 72.5925 18.0554
v 5.3352 72.4484 17.3555
v 4.9915 72.4806 16.1954
v 5.2101 72.7447 19.0154
v 3.5997 73.0381 15.5055
v 4.3038 72.7590 15.6554
v 5.0969 72.0817 14.0854
v 6.8164 56.3592 -21.0346
v 5.7621 51.0472 -36.7246
v 6.8625 54.6494 -23.3645
v 6.0362 50.6746 -35.7946
v 6.0627 47.5769 -40.5846
v 6.1916 47.0663 -39.9945
v 1.8333 74.6301 30.6554
v 2.1343 74.5938 31.8254
v 2.7865 74.4686 33.0454
v 2.8691 74.4448 31.1654
v 3.5716 74.2568 31.2854
v 3.2700 74.3285 30.1055
v 3.5221 74.2741 32.4154
v 2.7537 74.4650 33.8054
v 3.4726 74.2864 33.5454
v 4.2586 74.0189 31.8054
v 4.2918 74.0023 31.0554
v 1.8666 74.6084 29.9054
v 2.5845 74.4804 29.6255
v 2.6680 74.4009 27.7654
v 2.5513 74.5020 30.3655
v 3.3368 74.2649 28.6155
v 3.3704 74.2230 27.8855
v 3.9511 74.1210 30.7355
v 4.4425 73.8340 27.7254
v 3.4007 74.1842 27.2154
v 4.5750 73.6151 24.8555
v 4.2256 73.7554 24.7154
v 4.5948 73.5746 24.4254
v 7.8527 58.3060 -10.7946
v 6.9893 52.3693 -24.3146
v 7.3637 53.7446 -17.2846
v 6.8334 50.4004 -24.5045
v 6.2966 46.0398 -38.8146
v 6.2295 45.5057 -40.1145
v 6.2250 45.1234 -39.1946
v 6.1915 44.8564 -39.8446
v 6.1715 44.7393 -38.2846
v 1.8575 74.4541 38.3054
v 2.5587 74.3420 38.3855
v 2.2402 74.4396 37.5754
v 2.1439 74.3124 39.8954
v 2.1119 74.2581 40.6654
v 2.9258 74.2877 38.0554
v 3.3255 74.2422 36.9554
v 2.8135 74.1308 40.7654
v 2.8455 74.1800 39.9855
v 3.6446 74.1091 37.7854
v 3.6122 74.0802 38.5554
v 4.2835 73.8025 39.4654
v 2.3375 74.5163 35.2754
v 2.6395 74.4194 36.4654
v 3.3907 74.2697 35.4354
v 3.3580 74.2610 36.1954
v 4.4295 73.9074 36.0254
v 4.5116 73.9140 34.1355
v 4.2090 74.0413 32.9254
v 6.5954 49.2317 -24.5746
v 7.0903 52.1732 -17.4146
v 6.5619 50.3472 -18.2146
v 5.9600 48.7653 -19.2246
v 6.0286 47.2512 -25.6846
v 5.9815 44.0265 -37.2445
v 5.9487 43.5609 -38.9546
v 1.6039 73.9140 44.5654
v 2.1034 73.9960 43.4254
v 1.2356 73.8732 45.0055
v 1.2073 73.7774 45.7355
v 1.1764 73.6675 46.5354
v 1.9230 73.7809 45.3954
v 1.8876 73.6605 46.3054
v 2.8004 73.8293 43.9154
v 2.6086 73.6240 45.8755
v 2.6398 73.7237 45.0854
v 3.7247 73.5465 44.4654
v 3.6933 73.4619 45.2555
v 3.7561 73.6261 43.6754
v 2.7341 73.9725 42.7154
v 1.7140 74.2025 41.8054
v 2.0327 74.0896 42.6255
v 2.4166 74.1092 41.8454
v 3.5319 73.9775 40.4855
v 3.8355 73.7895 41.7154
v 4.2193 73.7143 41.0154
v 5.8588 51.2990 -8.4246
v 6.9256 53.4299 -6.9546
v 6.2839 52.3025 -6.9146
v 5.9687 49.4089 -16.7346
v 7.3176 54.1498 -7.9846
v 1.3435 72.8180 51.4354
v 1.7387 73.0356 50.2355
v 1.7085 72.8801 51.0554
v 2.1232 72.7669 51.5055
v 2.4242 72.8837 50.7154
v 1.9985 72.5309 52.7254
v 2.4547 73.0239 49.9054
v 2.7597 72.7549 51.1654
v 3.4924 72.7384 50.4554
v 3.4617 72.5973 51.2754
v 1.4343 73.2691 48.9855
v 2.2114 73.5228 47.0354
v 1.8149 73.3811 48.2054
v 2.1194 73.1425 49.4554
v 2.5004 73.2292 48.6854
v 2.8974 73.3456 47.5254
v 3.6308 73.2725 46.8354
v 3.9359 72.9985 48.1055
v 3.6619 73.3723 46.0454
v 5.6182 53.3053 1.0954
v 4.6265 52.2170 0.5954
v 5.4901 52.9889 0.3354
v 5.2101 53.2121 2.4955
v 4.5206 52.6412 2.6954
v 4.8303 53.0546 3.2954
v 6.1453 54.5452 4.1055
v 6.2932 54.0988 1.0654
v 6.3626 53.8822 -0.3645
v 4.6973 51.9207 -0.7946
v 5.3594 52.6521 -0.4846
v 5.9196 53.1203 -1.2146
v 5.7653 53.1897 -0.1145
v 6.4600 53.7873 -1.4546
v 3.7687 50.6502 -2.5946
v 1.2245 72.0951 54.7555
v 1.1952 71.8891 55.5954
v 1.9389 72.1745 54.3855
v 1.9115 71.9928 55.1654
v 1.5198 71.7104 56.3354
v 3.0201 72.2098 53.6754
v 2.6248 72.0024 54.8755
v 2.5805 71.7111 56.1255
v 3.2966 71.6893 55.7954
v 3.6924 71.8714 54.6055
v 4.0738 71.9379 53.8454
v 2.7294 72.6046 51.9855
v 3.7560 72.2199 52.8655
v 5.7907 56.4077 18.8154
v 4.2564 54.9046 15.0055
v 5.9293 56.3353 16.7854
v 5.3621 55.4292 13.3354
v 4.8264 54.5129 10.2754
v 5.9435 55.1189 8.2854
v 6.2162 56.0464 12.3755
v 3.9460 53.3061 7.3054
v 4.9479 54.1335 7.7854
v 0.6950 70.5851 60.0854
v 1.0656 70.8279 59.4254
v 2.4260 70.4770 60.6754
v 1.7645 70.8524 59.4554
v 2.8148 70.7778 59.5454
v 3.1223 70.3621 60.8755
v 0.8022 71.5400 56.8555
v 1.4865 71.4589 57.3054
v 2.1461 71.1106 58.5354
v 2.5371 71.3978 57.3755
v 3.2525 71.3879 57.0554
v 3.5888 71.2085 57.5254
v 5.5998 56.4798 23.1454
v 4.2652 55.6242 22.2854
v 4.7589 55.6850 18.9454
v 5.1559 56.2289 25.4955
v 3.7225 55.1127 19.0554
v 1.2471 69.1436 64.6754
v 1.6066 69.3136 64.3254
v 1.9877 69.6707 63.3354
v 1.9309 69.0929 65.1155
v 2.2938 69.2764 64.6754
v 3.0193 69.5415 63.9054
v 2.6292 69.1528 65.1255
v 2.6431 69.2988 64.6854
v 3.3283 69.1671 65.1654
v 0.6621 70.2489 61.1155
v 2.7144 69.9277 62.5454
v 3.4000 69.7707 63.0254
v 3.8577 55.4345 31.8054
v 4.6037 55.8532 30.4354
v 3.7698 55.4969 25.7154
v 1.1866 68.3781 66.6754
v 1.1771 68.1608 67.0754
v 1.5274 68.1668 67.0754
v 1.5453 67.7562 66.9955
v 1.8798 68.4430 66.8054
v 2.5799 68.1746 67.0454
v 0.8553 68.5218 66.1255
v 1.2213 66.9951 66.9955
v 0.6256 68.1031 66.9554
v 1.5548 68.7178 65.9955
v 2.2708 67.0235 67.0254
v 2.4569 68.6823 66.4454
v 2.9646 69.0240 65.5754
v 3.2864 68.7341 66.4754
v 3.2788 68.1991 67.0754
v 3.6841 55.0224 36.1255
v 5.4174 55.8982 35.8655
v 4.0582 65.9479 67.0954
v 3.4350 63.6809 67.1255
v 3.1517 54.1839 40.9855
v 3.2435 54.5793 38.5554
v 4.4962 54.4677 42.0854
v 3.7204 53.6429 44.4654
v 5.2382 55.1192 40.6155
v 4.9091 61.4389 67.2754
v 2.2479 52.7020 46.8354
v 2.9576 52.9327 46.4554
v 3.5704 52.3548 48.9454
v 3.6629 53.1964 46.1454
v 4.2770 52.6825 48.5554
v 5.0072 53.3396 47.3655
v 4.8548 54.0703 44.5354
v 1.8572 58.4395 67.3254
v 2.9488 57.2508 67.3655
v 3.2544 58.4925 67.3954
v 2.1193 51.5801 50.6954
v 2.4966 51.8844 49.8354
v 3.1661 51.7079 50.7054
v 3.8695 51.9432 50.4654
v 4.5709 52.2346 50.2254
v 3.7001 55.8330 67.3454
v 5.1936 53.2143 67.3555
v 1.9070 49.5973 57.1754
v 2.0375 50.7744 53.2254
v 2.0632 51.0264 52.4354
v 2.7367 50.7973 53.2555
v 3.4458 51.0053 52.9054
v 3.4157 50.6779 53.8555
v 4.0050 49.5999 57.2954
v 4.0766 50.4020 55.0055
v 2.7756 51.2172 52.0154
v 3.8230 51.4187 51.9554
v 4.5405 51.8810 51.2054
v 1.8756 49.3593 58.0854
v 2.1552 48.8100 60.1654
v 2.9279 49.3217 58.1055
v 3.5722 48.9259 59.7254
v 4.3253 49.3960 58.1554
v 4.3784 49.8981 56.5254
v 1.8421 48.9513 67.2455
v 3.5519 50.1307 67.2854
v 2.9063 48.5919 67.2555
v 2.0481 47.4944 63.6854
v 3.1767 48.4991 61.1055
v 2.7648 47.6773 63.1754
v 3.1420 48.0624 62.2555
v 3.1035 47.4815 63.6055
v 4.2256 48.5054 61.1654
v 3.4672 47.6770 63.1454
v 4.1559 47.4893 63.5854
v 4.5355 47.9548 62.5454
v 2.2196 48.1961 67.2355
v 1.5629 47.0203 67.1654
v 1.6854 46.6144 67.0954
v 1.6367 46.4798 66.7654
v 2.6133 47.0426 67.1754
v 2.7038 46.6501 67.1355
v 3.3154 47.0443 67.1454
v 3.3326 46.6383 67.0854
v 3.0002 46.3478 66.8954
v 4.6749 48.2177 67.1854
v 3.3500 46.3398 66.9254
v 1.6699 47.1454 64.6055
v 1.6427 46.8179 65.4955
v 1.9793 46.6234 65.9654
v 2.3740 47.1044 64.5654
v 2.6976 46.7307 65.4855
v 3.4076 46.8075 65.2154
v 3.3939 46.6514 65.6654
v 5.6819 70.8147 9.7154
v 6.2996 69.3919 6.1654
v 6.2132 69.6548 6.8154
v 6.0094 69.4400 5.3755
v 6.3093 68.9948 4.8154
v 6.3807 69.1290 5.5254
v 6.3624 67.9902 1.8254
v 6.2879 68.3864 2.7954
v 6.4053 67.7259 1.1754
v 6.9609 67.4961 2.4354
v 6.7244 67.2802 0.9955
v 6.8619 68.1572 4.0554
v 6.1305 67.5086 -0.2645
v 6.7454 67.0151 0.3555
v 6.7889 66.0862 -1.9146
v 6.7865 65.2886 -3.8645
v 7.0417 65.3723 -2.7445
v 7.0215 66.0608 -1.1345
v 7.2751 65.4552 -1.6345
v 7.2508 64.6568 -3.5746
v 7.2078 63.9907 -5.2046
v 5.4888 72.7666 20.6454
v 5.1703 72.8642 19.8354
v 5.3856 73.0339 22.8054
v 5.4371 72.9053 21.7254
v 5.9086 72.4268 20.0554
v 6.1607 72.4522 21.9554
v 6.2357 72.2472 20.5254
v 6.6022 71.8853 19.9354
v 5.9990 72.0286 17.5654
v 6.6899 71.5630 18.1754
v 5.7507 71.8654 15.3555
v 5.7154 72.0034 16.0454
v 6.0692 71.7677 16.1654
v 6.5260 71.2356 15.2754
v 6.9684 70.7942 15.1055
v 6.5120 71.1237 14.5654
v 7.1162 71.0818 17.6454
v 7.2628 70.8211 17.0055
v 7.5248 70.3635 16.0654
v 5.5567 71.4116 12.1155
v 6.2824 70.8282 12.0154
v 6.2815 70.6041 10.9754
v 6.2319 71.0759 13.0554
v 6.6194 70.7654 13.1954
v 7.0828 70.1918 12.7054
v 7.1912 69.9298 12.0554
v 7.2763 70.2152 13.8454
v 7.4402 69.7474 12.5254
v 7.7915 69.6433 14.1055
v 7.6886 69.9056 14.7455
v 8.0724 69.1962 13.9254
v 8.1831 68.8014 12.9554
v 5.6460 70.9932 10.3954
v 6.0721 70.3701 9.1654
v 6.0359 70.5638 9.8454
v 6.5277 70.0811 9.6854
v 6.4447 69.9898 8.9654
v 6.9233 69.6380 9.5154
v 7.0912 69.7186 10.6255
v 7.0153 69.3754 8.8655
v 7.2643 69.1930 9.3354
v 7.5078 69.0104 9.8054
v 7.4574 69.2374 10.4654
v 7.8645 68.9066 11.3855
v 7.9347 68.6432 10.7355
v 7.7941 68.5635 9.6255
v 8.2282 67.9435 9.9054
v 6.1264 70.0745 8.1554
v 6.6140 69.2119 6.6355
v 6.9096 69.0221 7.1155
v 6.8730 69.2407 7.7754
v 7.0964 69.1124 8.2254
v 7.7206 68.0875 7.5454
v 7.7822 67.6909 6.5754
v 7.8588 68.3000 8.9754
v 7.9313 67.9038 8.0055
v 7.9820 67.5068 7.0354
v 8.3566 67.0048 7.6454
v 8.3028 67.4248 8.6055
v 7.4144 67.6426 4.6754
v 7.3584 68.0330 5.6554
v 7.8196 67.4264 5.9254
v 7.8593 67.0290 4.9554
v 7.6750 66.9478 3.8454
v 8.0715 66.4466 4.4454
v 8.2339 66.5270 5.5554
v 8.5439 66.2886 6.8154
v 8.5437 65.3582 4.5454
v 7.2078 66.9655 1.9154
v 7.6984 66.5499 2.8655
v 7.4923 66.4679 1.7555
v 7.9020 65.8343 2.0354
v 7.7068 65.7527 0.9254
v 8.0816 66.1811 3.7954
v 8.0808 65.9153 3.1454
v 8.2416 65.4640 2.9654
v 8.5203 64.8257 3.2455
v 7.0107 66.8333 0.8154
v 7.0318 66.5682 0.1754
v 7.2799 66.1199 -0.0045
v 7.7001 65.3582 -0.0546
v 7.7391 65.0004 -0.6646
v 7.8863 65.1691 0.4154
v 8.0213 64.3182 -0.7445
v 8.0620 65.1171 1.2054
v 8.1892 64.3988 0.3655
v 8.2977 63.8127 -0.1445
v 8.3516 64.4792 1.4855
v 8.4491 63.8928 0.9654
v 7.4733 64.7394 -2.4646
v 7.7979 64.4469 -1.5646
v 7.6106 63.7556 -3.9446
v 7.9619 63.6515 -2.3645
v 8.1610 63.6638 -1.2246
v 8.2133 63.0123 -2.0946
v 7.9892 62.3980 -4.5045
v 7.1680 63.4577 -6.5045
v 7.5176 62.8219 -6.2246
v 7.6706 61.2488 -8.2146
v 8.2485 61.3022 -4.4246
v 7.0891 62.6574 -8.4546
v 7.1350 61.2717 -10.9146
v 7.2630 59.5648 -13.2346
v 4.7107 73.7941 29.6454
v 5.1137 73.5614 28.6355
v 5.3826 73.4810 30.5754
v 5.7860 73.2230 29.5654
v 5.3326 73.5236 31.6854
v 6.1564 72.9714 29.3154
v 6.2149 72.9025 28.5854
v 5.2151 73.3952 26.4354
v 5.2830 73.2659 24.9754
v 5.9725 72.8863 25.5454
v 5.1643 73.4834 27.5254
v 5.8875 73.0517 27.3655
v 6.6290 72.5081 26.8755
v 6.2241 72.8572 27.8454
v 6.9494 72.2992 27.7355
v 6.5610 72.6425 28.3354
v 6.8044 72.3168 26.2054
v 6.6528 72.5939 28.7355
v 7.0598 72.1346 26.6754
v 7.1784 72.0059 26.3555
v 5.3171 73.1936 24.2455
v 5.3965 73.0900 23.5354
v 5.7559 72.7874 22.5454
v 6.4181 72.4298 23.7355
v 6.3899 72.5515 24.9554
v 7.1382 71.8326 23.7754
v 6.8180 72.0298 22.9154
v 7.1734 71.9309 25.2555
v 6.9221 71.7067 20.7854
v 6.8873 71.8195 21.4955
v 7.3122 71.2621 20.2355
v 7.3158 71.5206 22.3954
v 7.2076 71.1597 18.7555
v 7.3651 70.8994 18.1155
v 7.5923 70.7163 18.5754
v 7.8157 70.7406 20.4754
v 8.0957 70.1924 19.1954
v 7.8987 70.0624 16.9654
v 7.8018 69.9843 15.8555
v 7.8993 69.7219 15.2154
v 7.8100 70.2941 17.6255
v 8.3070 68.2741 11.6654
v 8.7389 64.1853 3.5154
v 8.8045 65.1180 5.7854
v 8.5335 63.4388 0.7854
v 8.5671 63.7058 1.4354
v 8.7170 62.9301 1.3755
v 8.5928 62.8511 0.2654
v 8.9029 63.5431 3.7854
v 8.7953 61.5621 0.8054
v 8.5663 61.8615 -1.2246
v 7.9435 57.4700 -10.0646
v 9.2227 62.4077 6.5454
v 4.7055 73.7134 38.0154
v 5.4219 73.3803 37.8154
v 4.7491 73.7440 36.8655
v 5.0204 73.5270 38.8655
v 4.8195 73.7590 35.3454
v 4.8944 73.7035 36.1355
v 5.5530 73.3999 34.7854
v 5.4545 73.3940 37.0454
v 5.5036 73.4071 35.9154
v 6.1774 72.9776 36.8855
v 6.2267 72.9755 35.7555
v 6.5642 72.7304 36.2455
v 6.6137 72.7181 35.1255
v 4.9300 73.7362 32.7154
v 5.2737 73.5643 33.0055
v 6.0223 73.1289 32.2654
v 6.0557 73.0971 31.5254
v 5.9724 73.1664 33.3855
v 6.2929 72.9473 34.2555
v 6.6841 72.6710 33.5354
v 6.7332 72.6298 32.5154
v 7.0179 72.4095 34.1355
v 6.8122 72.5578 31.4154
v 7.1014 72.3300 32.2754
v 7.0513 72.3828 33.3855
v 6.9682 72.4369 35.2555
v 6.1059 73.0444 30.4154
v 6.8645 72.4596 29.5654
v 6.8139 72.5376 30.6654
v 7.1518 72.2645 31.1754
v 6.9154 72.3664 28.4654
v 7.2723 72.1004 29.3555
v 7.4085 71.8228 26.8254
v 9.0826 61.0320 5.9654
v 8.1023 57.4340 -7.3945
v 8.7137 59.3787 5.6355
v 8.1647 57.2782 -3.1546
v 8.0815 57.0511 -6.4746
v 7.9229 56.4391 -8.8845
v 7.5354 54.5231 -10.7746
v 4.4440 73.3375 44.2054
v 4.3968 73.2182 45.3954
v 4.4757 73.4070 43.4254
v 5.1330 72.9833 44.7754
v 5.5334 72.9023 43.6954
v 4.5075 73.4662 42.6454
v 5.5652 72.9616 42.9154
v 5.2603 73.2255 41.6554
v 5.9856 72.8523 41.3954
v 5.6614 73.0990 40.5854
v 5.9505 72.8004 42.2455
v 6.2719 72.5307 43.1255
v 6.3362 72.6139 41.5854
v 6.6741 72.3435 42.0954
v 5.0911 73.4195 40.0454
v 5.7425 73.1612 38.6754
v 6.1311 72.9610 37.9654
v 6.4017 72.6775 40.0254
v 6.1277 72.9241 38.7954
v 6.8037 72.4491 39.0254
v 6.8179 72.3750 40.1954
v 6.5313 72.7318 37.0055
v 6.9185 72.4593 36.3855
v 7.2878 72.1090 37.6854
v 9.1654 60.9266 15.8555
v 7.7520 57.0807 5.6055
v 8.5654 59.0116 7.5154
v 7.4713 55.6504 -0.6445
v 6.7883 54.3886 -0.9246
v 7.0431 54.5139 -2.4746
v 7.4161 54.7597 -5.5846
v 3.8776 72.7820 49.6155
v 4.1952 72.5191 50.5854
v 3.9050 72.8835 48.9054
v 4.3197 72.9923 47.3454
v 4.3498 73.0838 46.5754
v 4.5932 72.5748 49.4554
v 4.6307 72.7077 48.4855
v 5.0387 72.7345 47.1454
v 5.2671 72.1453 50.4254
v 5.3290 72.3651 48.8254
v 5.7287 72.3246 47.7254
v 6.8042 71.6696 47.7054
v 6.1290 72.2436 46.6454
v 6.0195 71.9248 49.4254
v 6.4199 71.8388 48.3454
v 5.5088 72.7028 45.6654
v 5.8547 72.6377 44.5754
v 6.1763 72.3579 45.4654
v 6.2400 72.4765 43.9054
v 6.9631 56.8535 12.4654
v 7.5775 57.6559 12.5554
v 7.3588 57.5282 14.0954
v 8.4634 59.1906 13.4955
v 6.8782 56.0946 7.8555
v 6.6760 54.4134 0.0654
v 3.9695 71.3155 56.7455
v 4.7414 71.5209 54.8154
v 4.7175 71.3530 55.6355
v 4.7623 71.7709 53.5754
v 5.1148 71.4491 54.4855
v 5.4977 71.4296 53.7555
v 5.4372 71.1238 55.3954
v 6.1885 70.9690 54.3655
v 6.3205 71.0445 53.5854
v 4.4861 72.1193 52.2854
v 4.4558 71.9690 53.0954
v 4.8687 72.1150 51.5454
v 5.1753 71.7499 52.8555
v 5.5892 71.8402 51.3254
v 6.0383 71.7243 50.6454
v 6.2802 71.3696 51.9354
v 6.2342 71.1744 53.1454
v 6.4711 56.9923 18.8254
v 6.4097 57.1245 23.3054
v 7.0911 57.6304 18.9754
v 8.3205 59.1686 26.3655
v 6.6364 56.8162 15.1654
v 7.8262 58.4205 17.1854
v 4.1600 70.0656 61.4354
v 4.6582 70.9814 57.3054
v 4.9247 69.9569 61.1454
v 5.3774 70.7826 57.0454
v 6.3447 69.6079 60.2355
v 5.8050 71.0240 55.0754
v 5.7900 70.9438 55.4855
v 6.4813 70.4529 56.1055
v 6.1581 70.8237 55.1854
v 7.8389 58.2294 32.4054
v 7.7342 58.3422 28.9955
v 7.0015 57.5317 30.3755
v 7.7160 58.4247 25.5055
v 3.6923 69.2849 64.7555
v 4.0861 69.5834 63.5154
v 4.7145 68.9334 65.7154
v 4.3929 69.2132 64.8254
v 4.7728 69.3657 64.0254
v 5.1020 69.1459 64.6954
v 5.1677 69.2758 64.0854
v 5.8265 69.0938 64.1954
v 4.8174 69.6368 62.7854
v 5.5542 69.3475 63.3254
v 6.5607 68.9752 63.5354
v 5.9330 69.5847 61.3555
v 6.2926 56.8959 31.0654
v 6.5314 56.8927 33.6355
v 7.2200 57.5034 33.4254
v 4.3298 68.2172 67.0754
v 3.9938 67.8253 67.0554
v 3.3002 68.8903 66.0254
v 5.3799 68.2415 67.0954
v 4.3361 68.6950 66.5454
v 5.3874 68.5596 66.6654
v 5.4183 68.8234 65.7455
v 5.9558 55.7021 39.7654
v 6.7645 56.7959 36.3354
v 7.6587 57.0930 39.7954
v 7.3692 56.6591 40.5954
v 7.0206 56.6937 38.6654
v 7.4320 57.3499 36.7355
v 8.1106 58.0872 36.6654
v 7.7258 57.4714 37.9454
v 8.2885 64.9807 67.3254
v 6.6465 55.7365 42.0654
v 6.4683 54.9320 44.7254
v 5.8229 54.8332 43.5254
v 7.2545 56.3297 41.6454
v 7.5552 55.9178 44.3154
v 7.0663 54.5321 47.4154
v 5.9109 55.4462 41.0055
v 6.6291 55.9852 40.8254
v 8.0760 60.8713 67.4554
v 5.6739 54.1737 45.6754
v 6.6599 53.5007 49.5354
v 5.3135 53.0880 48.5854
v 7.6725 54.0743 49.9654
v 6.9147 52.4754 52.5554
v 6.9022 52.2797 53.0055
v 6.5784 52.3702 52.3154
v 5.2377 52.2015 51.0354
v 5.9027 52.1812 51.8855
v 5.2090 51.8355 51.9955
v 6.6322 53.1276 50.4654
v 6.9806 53.4317 50.2754
v 5.0418 57.4169 67.4654
v 4.4769 51.0882 53.3054
v 4.7813 50.6700 54.7054
v 4.7963 50.8488 54.2154
v 4.7530 50.3017 55.6554
v 5.1536 51.0896 53.8655
v 5.4542 50.5941 55.4154
v 6.5527 51.9829 53.2154
v 6.5282 51.5874 54.0954
v 6.8540 51.4825 54.7555
v 6.4914 50.9942 55.4254
v 6.1151 50.3184 56.5554
v 6.8902 52.0799 53.4454
v 7.2233 52.1376 53.7954
v 7.0848 50.9329 56.1754
v 6.7989 50.4503 56.8555
v 5.7061 49.4811 58.5754
v 7.0603 49.3782 59.7654
v 6.0090 49.0779 59.9955
v 5.0373 49.6120 57.7254
v 5.7591 50.0680 56.8855
v 5.7447 49.8854 57.3655
v 6.4299 49.9696 57.6654
v 6.0335 49.3972 67.2355
v 8.0208 52.5199 67.3855
v 4.8563 47.5034 63.5854
v 5.5678 47.7236 63.1754
v 5.8902 47.3581 64.1155
v 6.2649 47.7604 63.2355
v 6.3084 48.4375 61.6954
v 7.0317 48.9537 60.7654
v 7.3445 48.4297 62.0554
v 6.9802 48.1227 62.6155
v 6.9541 47.7315 63.5354
v 4.3714 46.9880 67.0954
v 5.0714 47.0435 67.0754
v 4.3971 46.4474 66.9354
v 5.0945 46.5629 66.9354
v 6.0788 48.2232 67.1454
v 6.1248 47.0451 67.0354
v 6.1406 46.7272 66.9254
v 4.8331 47.1586 64.4054
v 5.1553 46.8485 65.3054
v 4.4427 46.6628 65.7154
v 5.5183 47.0270 64.8755
v 5.4754 46.6547 66.1554
v 6.2298 47.2734 64.4354
v 6.1726 46.7804 66.1454
v 6.5920 47.4974 63.9855
v 6.9272 47.3839 64.4254
v 7.8320 71.1956 24.4554
v 7.6206 71.5644 26.1854
v 7.8433 71.0240 23.0055
v 8.3421 70.6011 24.7254
v 7.6636 71.0011 21.1155
v 7.8743 70.8174 21.5854
v 8.5071 69.9257 21.2254
v 8.8248 69.5547 22.1554
v 8.1845 69.9561 18.5454
v 8.2820 69.6936 17.8954
v 8.5350 69.5861 19.4754
v 8.3999 69.9677 20.4454
v 8.8122 69.3466 20.7254
v 8.9283 68.9519 19.7555
v 8.5307 68.9048 15.9654
v 8.3636 69.0901 15.5055
v 8.8320 68.5332 16.8954
v 8.9154 68.1374 15.9254
v 9.1757 68.2378 18.9254
v 9.1248 68.0284 17.4955
v 8.4634 68.6948 14.5354
v 8.4400 68.3191 12.7954
v 8.6788 68.2455 14.3454
v 8.7326 67.9815 13.7054
v 9.1463 66.9573 13.7654
v 9.2525 66.9695 14.9054
v 9.3720 66.3838 14.3954
v 8.5699 67.4529 10.5055
v 8.8448 67.1879 11.7654
v 8.8845 66.7906 10.7954
v 8.9362 67.2659 12.8755
v 9.2008 66.4942 12.8254
v 9.1149 66.4165 11.7154
v 9.1328 66.0183 10.7455
v 9.3097 65.4596 11.2154
v 9.0100 66.0122 9.6055
v 8.8078 66.1815 8.3855
v 9.0397 65.4087 8.3354
v 9.2951 64.8443 9.7154
v 8.9233 65.1969 6.9054
v 8.9818 64.3433 5.7355
v 9.1037 64.5552 7.1754
v 9.0045 64.6099 6.3855
v 9.2381 64.0448 7.7654
v 9.1428 63.2440 5.8154
v 9.2483 63.4553 7.2555
v 9.2147 63.1883 6.6055
v 7.5922 71.8955 34.3755
v 7.7955 71.6797 32.9654
v 7.2327 72.1738 30.4554
v 7.6433 71.8060 31.3855
v 7.9833 71.4191 30.4254
v 8.0120 71.3454 29.3254
v 7.8460 71.6126 31.8555
v 8.3570 70.9753 30.2555
v 8.0156 71.4368 32.3154
v 8.6638 70.6039 31.1854
v 8.9001 70.2134 30.2154
v 7.6427 71.6937 28.4054
v 8.2023 71.0862 28.6854
v 8.0780 71.1175 26.9254
v 8.5392 70.5664 27.4054
v 8.3626 70.6765 25.8354
v 8.6152 70.5856 29.2954
v 8.8405 70.1947 28.3254
v 8.8310 70.1197 27.2254
v 9.2853 69.4294 28.2854
v 9.1265 69.4654 25.6155
v 9.1091 69.8219 29.2555
v 9.6779 68.5293 27.9254
v 9.6469 68.7358 29.3555
v 8.7642 69.8931 23.9054
v 9.4635 68.6216 24.4654
v 9.6370 68.3784 25.7054
v 9.3735 68.4689 22.2455
v 9.8539 67.5303 24.5554
v 9.6781 67.9063 23.6355
v 9.6732 67.5656 21.8755
v 9.8858 67.2656 23.9054
v 9.9123 67.0007 23.2555
v 9.9278 66.7354 22.6155
v 9.3632 68.1280 20.4955
v 9.6301 67.2235 20.1255
v 9.9403 66.3371 21.6355
v 9.8699 65.9940 19.8855
v 9.6544 66.6138 18.4855
v 9.4187 66.6741 15.7954
v 9.3821 66.1184 13.7455
v 9.5337 65.8744 14.9855
v 9.5266 65.3425 13.6954
v 9.5930 65.2866 14.4754
v 9.5969 64.4311 13.3154
v 9.9905 64.3782 20.5454
v 9.4484 65.1321 12.2555
v 9.4390 64.7330 11.2854
v 9.5328 64.3541 12.2054
v 9.5713 63.7074 12.4654
v 9.5128 62.9826 11.6255
v 9.7005 63.4792 15.5954
v 9.3819 63.9335 9.3354
v 9.4601 64.1439 10.7654
v 9.3312 63.0761 8.1654
v 9.4845 63.3638 10.7154
v 9.4204 62.9628 9.7355
v 9.3684 62.1801 9.6754
v 9.3314 62.4280 8.4354
v 9.4683 62.7152 10.9754
v 9.2867 62.8087 7.5154
v 9.2315 61.8929 7.1355
v 9.1844 61.1269 8.9554
v 9.0104 60.4562 7.3254
v 7.0608 72.1013 41.4554
v 7.0163 72.0163 43.0055
v 7.0931 72.1302 40.6854
v 7.5276 71.8100 39.7154
v 7.6546 71.7397 38.6155
v 7.8857 71.4864 39.1055
v 7.7120 71.5672 40.9554
v 8.0060 71.3116 40.3254
v 8.3724 70.9839 38.5854
v 8.3952 70.9265 39.3655
v 8.7526 70.4821 39.1854
v 7.8258 71.6544 35.6255
v 7.6122 71.8343 37.0554
v 7.7652 71.6688 37.5055
v 7.9771 71.4705 37.0154
v 8.4944 70.8969 35.5954
v 8.3030 71.0803 37.8954
v 8.7155 70.5865 36.8755
v 8.9201 70.2803 37.7654
v 9.1168 70.0076 36.1654
v 9.3749 69.5735 36.9454
v 8.2992 71.1393 34.3454
v 8.4903 70.8935 33.7455
v 8.5454 70.8074 32.6055
v 8.9538 70.2484 33.9955
v 8.9142 70.3217 35.0954
v 9.2684 69.7443 34.5954
v 9.4719 69.3527 33.6355
v 9.6640 68.9772 34.5554
v 8.7194 70.5476 31.9654
v 9.0845 69.9706 31.4654
v 9.4519 69.2607 30.6355
v 9.0667 70.0447 32.5654
v 9.7269 68.6777 31.2754
v 9.8281 68.3600 30.2754
v 9.7401 68.6975 32.0254
v 9.9469 68.1149 31.5154
v 9.9655 68.2816 35.6155
v 9.9861 68.0581 32.2954
v 10.2499 67.0205 31.6055
v 9.9333 67.9649 29.3054
v 9.8924 67.8140 27.0954
v 10.0763 67.5877 30.2254
v 10.2235 66.8215 29.4054
v 10.1042 67.2481 28.4754
v 10.2487 66.4723 28.4154
v 9.8665 67.7384 25.9855
v 10.0337 67.2291 26.5854
v 10.0602 66.9642 25.9354
v 10.1361 66.9834 27.8254
v 10.1837 66.4534 26.5254
v 10.2963 65.6183 27.2555
v 10.1037 66.0353 23.6654
v 10.0482 66.0916 22.8855
v 10.1469 64.7990 23.4154
v 10.2001 64.8756 24.5254
v 10.0600 63.4999 23.9454
v 10.1875 65.9219 25.2355
v 10.2509 65.4090 25.8254
v 10.0302 65.5593 21.5854
v 9.5926 62.4452 16.7754
v 6.8685 71.8214 46.1055
v 7.3298 71.5287 45.4955
v 6.9824 71.8987 44.5654
v 7.1913 71.4708 47.0254
v 7.8300 71.0311 46.1055
v 7.5784 71.0389 47.9855
v 7.8664 71.1488 44.5454
v 8.2897 70.5090 46.7254
v 8.0831 70.5996 47.8154
v 8.4454 70.5210 44.8354
v 7.5586 71.5784 42.8354
v 8.0947 71.0671 42.6954
v 8.5003 70.6801 41.7455
v 8.9342 70.0646 42.7754
v 8.9379 69.8321 45.9054
v 9.3731 69.3156 44.6255
v 9.0166 70.0510 40.8954
v 9.7715 68.7232 42.2355
v 9.2456 69.7766 38.3655
v 9.8161 68.6916 38.4654
v 9.8963 68.4868 37.0454
v 9.5784 69.1819 35.9855
v 10.3833 65.3138 29.2754
v 10.1980 64.3604 25.1155
v 10.4269 64.3599 31.5654
v 10.4959 63.1741 36.9754
v 9.8234 62.1661 26.2355
v 9.5129 61.3095 26.0055
v 9.3930 61.3807 20.6454
v 9.0430 60.5192 21.3254
v 9.8573 62.5789 23.5454
v 8.4165 59.3550 17.5854
v 6.6877 71.2319 51.2555
v 7.0093 70.8610 52.1854
v 6.6032 71.0088 52.8555
v 6.9571 70.7630 52.9754
v 6.9264 70.6379 53.7854
v 7.4201 70.8562 50.3154
v 8.1308 70.1967 50.6255
v 8.1589 69.9874 51.8555
v 7.0961 71.2353 49.4054
v 7.1660 71.2903 48.6155
v 7.5356 70.9792 48.7555
v 7.8665 70.7538 48.1954
v 7.8260 70.6072 49.6854
v 8.7428 69.7254 49.3454
v 8.6736 69.6066 50.9054
v 8.5919 70.0220 48.2254
v 9.0747 69.1638 50.7254
v 8.6821 70.0889 46.5354
v 8.7900 69.8434 47.7854
v 9.3418 69.1170 47.8354
v 10.2769 62.2526 36.5854
v 9.1905 60.3372 30.1055
v 7.2500 70.2418 54.7254
v 7.0684 69.3395 59.6255
v 7.8954 68.7483 59.9154
v 8.1736 69.4312 55.1055
v 8.5012 68.3046 59.7555
v 8.8814 68.6168 55.8655
v 9.0534 68.5967 54.8855
v 8.0215 69.8634 53.4054
v 8.7379 69.3596 52.1454
v 8.7336 69.1232 53.7555
v 8.7734 69.2313 52.7555
v 9.0001 69.0448 52.2854
v 9.0428 69.1045 51.5055
v 9.8650 59.8121 41.7254
v 9.6345 60.5353 36.1155
v 8.8149 59.6178 31.1355
v 6.6380 69.2550 61.5254
v 7.3127 68.7800 62.5254
v 7.3632 68.9089 61.2555
v 7.2999 68.5695 64.1255
v 8.0675 68.4178 61.5754
v 8.7279 67.8170 62.9955
v 9.1402 67.5124 62.3855
v 9.5885 67.1876 60.6554
v 9.3264 59.2147 40.0454
v 8.9075 58.9645 37.8454
v 6.0949 68.4368 66.6155
v 6.1183 68.6333 65.9154
v 6.0838 68.2309 67.0354
v 6.0914 67.8926 67.1355
v 6.5173 68.7863 64.6854
v 6.9412 68.4406 65.6654
v 7.1591 68.1546 66.5554
v 7.2192 68.4806 64.9054
v 7.1740 68.2561 66.1255
v 7.1527 67.5538 67.1854
v 7.9562 68.2052 64.3054
v 7.8533 67.5659 67.1854
v 8.0646 68.0812 64.7455
v 7.9606 68.0193 65.5154
v 7.9247 67.7688 66.7555
v 8.6797 67.7533 64.1554
v 8.2145 67.2109 67.2254
v 8.5734 67.2479 67.0055
v 7.9925 68.2885 63.4054
v 8.0108 57.0804 41.5954
v 8.3569 57.6076 41.0254
v 8.7017 57.8855 41.6854
v 9.3258 58.4390 43.0055
v 9.7130 58.4691 44.9154
v 9.2077 57.6705 44.8354
v 10.1719 59.5824 44.4855
v 8.3350 57.8463 39.7555
v 8.3771 58.1172 38.5754
v 7.9579 57.1759 40.9054
v 8.7434 58.3273 39.9955
v 8.3572 55.3310 48.3855
v 8.8190 56.9195 45.4955
v 9.1279 56.9033 46.6554
v 9.8307 57.6507 47.5254
v 9.3121 55.7050 50.1854
v 9.4862 60.5669 67.5154
v 9.3881 63.5176 67.3954
v 8.0020 54.2119 50.3454
v 8.6715 54.7451 50.6355
v 9.3217 55.1137 51.5154
v 9.9025 56.3155 50.7254
v 7.7874 59.0064 67.5354
v 7.4754 57.8760 67.5554
v 7.9417 53.2321 52.5154
v 7.6089 53.1021 52.2154
v 7.9181 52.8304 53.3855
v 7.8959 52.4183 54.2254
v 8.5818 53.1037 54.0254
v 9.2501 53.6293 54.3555
v 9.9559 55.3117 52.8855
v 9.5587 53.3613 55.5354
v 8.8835 52.6003 55.5454
v 7.6215 53.2977 51.7654
v 7.9656 53.6317 51.6454
v 8.3078 53.9798 51.5554
v 8.9563 55.6308 67.5554
v 9.5493 58.6797 67.5854
v 9.6011 57.1757 67.6055
v 7.8454 51.3531 56.2455
v 7.8273 50.9121 57.0154
v 8.1817 51.4583 56.4855
v 8.1648 51.0091 57.2355
v 8.8514 51.6895 57.0254
v 8.5425 52.2436 55.6155
v 10.2092 53.7091 56.3555
v 9.5234 52.1886 57.2854
v 9.8658 52.8202 56.9654
v 7.5284 51.6806 55.2054
v 8.2089 52.1198 55.3254
v 8.5509 52.4487 55.2555
v 10.4092 54.2421 67.5055
v 9.8012 51.7999 67.3354
v 7.7474 49.4865 59.9955
v 7.7722 49.8799 59.1155
v 8.3718 49.3910 60.6654
v 8.7930 50.1090 59.6355
v 8.7809 49.8550 60.1155
v 8.7639 49.4639 60.8254
v 7.1156 50.1249 57.8954
v 7.0884 49.7483 58.8154
v 7.4791 50.6071 57.2054
v 7.7967 50.2755 58.2254
v 8.8126 50.5416 58.8354
v 9.1408 50.4201 59.4454
v 9.7160 51.3074 58.8254
v 7.8176 48.6289 67.1355
v 7.4360 49.4131 67.2154
v 8.8549 49.0287 67.1454
v 8.3538 48.1741 63.2355
v 8.6966 48.2333 63.3655
v 7.9962 47.9350 63.5854
v 8.6808 48.0363 63.8855
v 7.7024 48.6666 61.6954
v 8.0383 48.5507 62.1255
v 8.4105 49.1493 61.1454
v 8.7452 49.0271 61.6055
v 8.7334 48.7947 62.0654
v 9.3920 48.5672 63.2254
v 7.1598 47.5051 67.0454
v 7.4974 47.8409 67.0754
v 7.8486 47.8407 67.0554
v 7.8808 47.2022 66.8354
v 8.5350 48.2386 67.0754
v 8.9007 47.9400 66.9654
v 6.9407 47.5552 63.9855
v 7.2324 47.1048 65.6954
v 7.9575 47.5174 64.8154
v 7.9280 47.3215 65.6454
v 8.3954 47.6720 64.7754
v 9.3423 48.0653 64.7754
v 9.3203 47.9362 65.3855
v 10.1367 67.8472 37.3154
v 10.8093 66.1589 49.7854
v 10.4728 65.8070 33.2455
v 10.3858 66.1114 31.2254
v 9.6732 68.6947 46.7854
v 9.9450 68.1309 48.1654
v 9.7328 68.7384 44.1255
v 10.3179 67.4212 47.3454
v 10.7288 66.1064 44.1255
v 10.6885 65.6150 40.1554
v 10.7285 64.2456 39.5754
v 9.6938 68.0971 52.7154
v 9.4062 68.2946 54.1355
v 9.9020 67.4147 55.6554
v 9.6539 68.5402 49.1854
v 9.5756 68.4658 51.0454
v 9.8517 68.1442 50.0554
v 10.0311 67.8846 49.4154
v 10.1126 67.5801 51.4354
v 10.2802 67.3783 50.0154
v 10.2233 67.2053 53.2854
v 10.5138 66.8132 51.3954
v 10.6440 66.5519 50.7455
v 10.3416 67.3057 48.9054
v 11.0298 64.1729 44.9254
v 10.7156 63.4060 40.3054
v 10.5490 62.2952 40.3655
v 10.9159 63.1803 43.4354
v 10.3742 66.3012 60.3054
v 10.4169 66.7100 54.8354
v 11.1754 65.1496 59.3054
v 11.2952 64.8714 56.7754
v 9.9602 67.5331 54.0954
v 10.7301 66.3056 51.9955
v 11.4683 64.3458 55.4855
v 10.8439 66.0438 51.3454
v 10.9414 65.7814 50.7054
v 11.0735 65.4038 51.6255
v 11.1974 64.8765 50.3354
v 11.8376 62.2652 54.0854
v 10.2699 61.3716 39.9754
v 10.7330 61.7450 43.6355
v 10.5067 60.7265 43.9254
v 9.0024 67.4078 65.0754
v 8.9713 67.3080 65.8655
v 8.9540 67.2328 66.3254
v 9.9218 66.5261 65.4855
v 9.1546 67.3966 63.9454
v 9.8268 66.8269 62.7054
v 9.4853 67.1423 63.3154
v 9.8030 66.7713 64.2455
v 10.5941 65.8851 63.8954
v 10.3547 66.1426 64.5354
v 11.2075 65.0018 64.6654
v 11.6171 64.2512 58.9454
v 11.8644 63.5371 58.1155
v 12.5053 62.7701 64.5154
v 11.8642 62.9307 55.7054
v 12.1603 61.9108 56.8954
v 11.7294 60.6248 52.8555
v 11.4406 60.2741 51.0854
v 10.6992 60.8465 45.1355
v 8.9310 66.7844 67.2154
v 8.9400 66.4782 67.2555
v 9.3266 65.3743 67.3154
v 9.6986 64.7265 67.3454
v 9.6529 66.4280 67.0254
v 9.6666 66.5889 66.5854
v 9.6562 66.0962 67.2154
v 10.0279 65.3823 67.3054
v 10.5960 65.7688 65.4554
v 10.7637 65.4301 66.4654
v 10.7534 64.6496 67.3354
v 10.7794 65.0109 67.2954
v 11.4853 64.4029 66.8254
v 11.4712 64.2689 67.2555
v 11.3849 64.6915 65.5654
v 11.7436 64.1724 64.2854
v 12.0986 62.6314 57.7355
v 12.1096 61.0534 55.7355
v 11.7200 58.6222 54.4354
v 12.1288 59.6251 55.9354
v 11.2461 57.4349 53.7555
v 10.5256 57.2512 51.1355
v 10.8845 58.9420 49.7054
v 10.5453 58.3403 49.1754
v 11.1769 62.4317 67.4454
v 10.7897 63.5397 67.3954
v 11.5788 60.8797 67.5154
v 11.2632 59.8302 67.5554
v 11.4915 63.5435 67.3755
v 12.3407 58.4112 57.5854
v 12.1305 56.9749 57.7754
v 12.0638 58.0028 56.5954
v 11.2277 56.5947 54.8555
v 11.6308 57.4559 55.2854
v 11.7553 56.5630 56.7954
v 10.6947 56.3017 53.4254
v 9.1711 59.5073 67.5554
v 9.8742 59.4347 67.5654
v 10.6131 58.3224 67.5954
v 12.0264 58.0489 67.5554
v 12.0270 56.3232 58.0454
v 12.4349 57.0603 58.8954
v 11.6714 55.7209 57.5055
v 11.8139 55.0822 58.7154
v 12.3567 55.5704 59.8855
v 12.1222 54.1176 60.4654
v 10.8879 55.5440 55.2654
v 11.3135 54.9275 57.4354
v 11.3887 55.9603 56.2555
v 10.6283 53.4745 57.6055
v 11.1732 54.0294 58.1754
v 11.0135 56.9027 67.5854
v 11.0720 55.2853 67.5454
v 12.1216 55.3796 67.5154
v 10.7223 52.7716 58.6554
v 11.1530 52.3386 59.9955
v 11.7646 53.1487 60.4554
v 12.2636 52.4018 62.3054
v 12.4357 53.0919 62.1355
v 10.1754 52.4866 57.9855
v 11.4797 53.7481 67.4754
v 12.1666 54.1418 67.4855
v 11.1735 52.5763 67.3954
v 12.2137 52.8864 67.4054
v 11.7788 50.8831 62.9054
v 11.6548 50.9515 62.4855
v 11.9854 51.4200 62.6954
v 11.3164 50.2916 62.7355
v 12.2724 51.8870 62.8954
v 11.8948 51.6079 62.2355
v 12.0902 51.0415 63.6155
v 12.2157 51.3699 63.4855
v 10.1274 50.0239 61.2654
v 10.1587 51.2408 59.5654
v 10.4746 50.6371 60.8454
v 9.8198 50.8697 59.5954
v 11.2737 51.5114 61.0954
v 10.7958 50.2807 61.8054
v 11.1324 50.6728 61.8154
v 10.4557 49.9178 61.8655
v 11.6317 51.9809 61.3054
v 10.5948 49.4261 67.1155
v 9.9242 48.6330 67.0554
v 10.6479 48.7666 66.4254
v 10.3064 48.4870 66.4454
v 10.6676 48.7717 65.9754
v 11.2815 49.8219 67.1355
v 11.2341 51.0103 67.2654
v 11.4686 49.6820 66.7854
v 11.7441 50.6055 67.1754
v 11.5878 49.7444 66.0055
v 12.2547 51.8125 67.3354
v 12.0876 50.5428 66.0854
v 11.9739 50.4807 66.8655
v 9.7305 48.6568 63.4254
v 9.7148 48.4836 63.9354
v 9.6927 48.2819 64.6055
v 10.0669 48.7632 63.6654
v 10.3363 48.7120 64.4654
v 9.9779 48.2528 66.1255
v 10.7597 49.3982 63.3454
v 10.7458 49.2120 63.8154
v 10.7086 48.9058 64.9154
v 11.1210 49.5786 63.7754
v 11.3721 49.9114 63.6554
v 11.3920 49.6093 64.7654
v 12.0676 50.6514 64.5055
v 9.7664 49.2560 62.1255
v 10.4376 49.4534 62.6554
v 12.2805 63.2154 65.6155
v 11.9649 63.6816 66.7654
v 12.1552 63.4224 66.1255
v 12.5252 60.7023 58.5554
v 12.4668 59.6535 57.8454
v 12.2413 62.0702 67.4354
v 12.4207 62.9166 66.7254
v 12.6043 61.7028 67.4554
v 12.4621 62.7270 67.1854
v 12.4821 62.8440 65.6255
v 12.9425 61.8134 64.9354
v 12.8951 62.0194 66.3655
v 13.3328 60.7221 65.0254
v 13.1752 61.3064 65.5354
v 13.2089 61.2494 66.3154
v 13.2899 60.9864 65.6754
v 13.1825 61.1903 67.0954
v 13.2558 61.0600 66.7754
v 13.5109 60.2132 65.6255
v 13.6085 59.6268 65.1155
v 13.3237 58.0966 62.3154
v 12.7294 57.7649 59.6854
v 12.9920 60.5907 67.4855
v 12.3157 59.8380 67.5254
v 13.0441 59.0846 67.5055
v 13.2503 60.8687 67.2355
v 13.4472 60.0946 67.1854
v 13.3953 59.0844 67.4855
v 13.5587 59.9656 66.8655
v 13.7087 59.1899 66.8154
v 13.7343 58.9832 65.3855
v 13.8027 58.3313 66.7854
v 13.8164 58.3380 65.6554
v 13.7749 58.5277 65.1954
v 13.7800 58.2204 67.2154
v 13.8526 57.5002 66.3755
v 13.6368 57.9912 63.8855
v 13.5708 56.7510 63.6355
v 13.7578 57.9372 64.6754
v 13.7963 57.2906 64.9454
v 13.8268 57.1005 65.3954
v 13.2776 55.6940 62.9154
v 12.7211 55.6579 61.0055
v 13.1383 56.4273 67.4754
v 12.8495 54.6705 67.4754
v 13.1771 55.6654 67.4654
v 13.4512 57.4825 67.4955
v 13.4874 56.4419 67.4955
v 13.7952 56.3932 66.4454
v 13.5717 55.0893 66.9654
v 13.5600 56.1026 63.8954
v 13.6756 56.0485 64.6854
v 13.5220 55.4532 64.1654
v 13.6158 55.3983 64.9454
v 13.6190 55.2074 65.4054
v 13.4458 54.8025 64.4254
v 13.5046 54.5553 65.6654
v 13.7997 56.4516 65.6654
v 13.1001 54.5828 62.9754
v 12.7119 53.3313 62.7154
v 13.2431 54.2056 63.8954
v 13.0500 53.5210 63.7854
v 12.5462 53.3721 67.4354
v 13.1966 54.8213 67.4354
v 12.5989 52.9783 67.3954
v 12.6125 51.9399 67.0654
v 12.8423 52.3970 66.8855
v 12.4782 51.3375 66.1654
v 12.8874 52.3238 65.7854
v 12.7665 52.0537 65.1255
v 13.1774 53.2478 66.1754
v 13.2137 53.6895 64.4855
v 13.0665 53.0363 64.7455
v 13.2478 53.7543 67.1155
v 13.2164 53.5150 66.8354
v 13.4977 54.6298 66.7654
v 12.4334 52.5298 62.6454
v 12.3608 51.5079 63.8154
v 12.5680 52.1632 63.5554
v 12.2931 51.1386 66.9955
v 12.2712 51.4556 67.2355
v 12.3682 51.0678 65.5055
f 1 2 3
f 4 5 6
f 6 5 7
f 1 8 9
f 4 9 8
f 2 1 6
f 9 4 6
f 1 9 6
f 2 6 7
f 8 1 10
f 10 1 3
f 8 11 4
f 12 13 14
f 14 15 12
f 16 15 14
f 17 18 19
f 20 21 22
f 23 24 25
f 23 25 22
f 22 26 20
f 22 25 26
f 25 27 26
f 20 28 18
f 20 26 28
f 29 30 31
f 29 31 24
f 24 31 25
f 31 32 25
f 25 32 27
f 32 33 27
f 31 30 34
f 31 34 32
f 30 35 34
f 30 36 35
f 35 36 37
f 34 35 32
f 35 38 32
f 35 37 38
f 32 38 39
f 32 40 33
f 32 39 40
f 37 41 38
f 37 42 41
f 36 43 37
f 43 44 37
f 44 45 37
f 37 45 42
f 45 44 46
f 44 47 46
f 44 43 47
f 47 48 46
f 47 49 48
f 43 50 47
f 50 49 47
f 49 51 48
f 43 52 50
f 52 53 50
f 50 53 49
f 49 53 51
f 51 54 55
f 13 53 52
f 53 13 56
f 56 54 53
f 53 54 51
f 56 15 54
f 54 15 57
f 15 58 57
f 13 12 56
f 56 12 15
f 59 60 58
f 15 16 58
f 18 61 19
f 19 61 62
f 18 28 61
f 26 63 28
f 26 27 63
f 28 64 61
f 28 63 64
f 63 65 64
f 63 27 65
f 62 61 66
f 61 67 66
f 61 64 67
f 64 65 67
f 65 27 68
f 67 65 69
f 65 68 69
f 66 67 70
f 67 69 70
f 69 68 71
f 72 69 71
f 27 73 68
f 68 73 74
f 68 74 71
f 27 33 73
f 33 75 73
f 33 40 75
f 73 75 74
f 40 76 75
f 75 76 77
f 74 75 78
f 39 38 79
f 38 41 79
f 39 76 40
f 39 79 76
f 76 79 80
f 76 80 77
f 77 80 81
f 77 81 75
f 41 82 79
f 41 42 82
f 42 83 82
f 79 82 80
f 82 83 80
f 83 84 80
f 83 85 84
f 45 46 86
f 45 86 42
f 42 86 87
f 42 87 83
f 86 88 87
f 83 87 85
f 87 89 85
f 87 88 89
f 86 46 48
f 48 55 90
f 48 88 86
f 90 88 48
f 91 90 55
f 89 88 90
f 48 51 55
f 91 55 57
f 54 57 55
f 81 80 84
f 84 85 92
f 93 94 5
f 5 94 95
f 96 94 93
f 96 97 94
f 94 97 98
f 99 100 98
f 98 97 99
f 101 102 99
f 99 102 100
f 100 102 103
f 7 5 95
f 104 7 95
f 104 95 94
f 104 94 105
f 98 106 105
f 105 94 98
f 2 7 104
f 100 106 98
f 107 108 96
f 108 97 96
f 4 107 5
f 93 5 107
f 93 107 96
f 109 110 111
f 112 113 111
f 114 115 110
f 111 110 112
f 116 112 110
f 117 111 113
f 117 118 119
f 120 117 113
f 118 117 120
f 118 121 119
f 118 122 121
f 123 122 118
f 118 124 125
f 123 118 125
f 123 108 126
f 123 127 108
f 126 107 4
f 107 126 108
f 128 129 130
f 128 131 132
f 133 128 132
f 129 128 133
f 134 135 136
f 135 137 136
f 131 134 136
f 130 134 131
f 131 128 130
f 130 138 139
f 140 141 142
f 138 141 140
f 130 129 138
f 141 143 144
f 143 138 129
f 141 138 143
f 129 145 144
f 129 144 143
f 146 147 148
f 149 148 150
f 148 149 146
f 142 141 150
f 149 151 152
f 153 149 152
f 153 146 149
f 150 141 151
f 151 149 150
f 153 152 154
f 155 141 144
f 151 141 155
f 155 152 151
f 156 155 144
f 152 155 156
f 154 152 156
f 157 158 159
f 147 160 159
f 161 159 162
f 158 147 159
f 163 148 147
f 158 163 147
f 164 162 160
f 162 159 160
f 160 147 146
f 162 164 114
f 160 146 153
f 164 165 114
f 165 115 114
f 153 166 164
f 153 164 160
f 164 166 167
f 165 164 167
f 153 154 166
f 168 169 170
f 171 169 168
f 161 172 170
f 161 170 169
f 161 169 159
f 169 157 159
f 171 157 169
f 170 172 173
f 161 162 174
f 174 172 161
f 114 109 174
f 109 172 174
f 173 172 109
f 174 162 114
f 114 110 109
f 175 176 177
f 178 179 176
f 178 180 170
f 177 176 181
f 179 178 182
f 183 179 182
f 176 179 183
f 184 176 183
f 181 176 184
f 185 184 183
f 178 170 173
f 182 178 173
f 119 183 182
f 121 183 119
f 117 182 111
f 119 182 117
f 111 173 109
f 182 173 111
f 186 187 188
f 188 187 11
f 187 126 11
f 181 186 188
f 188 11 177
f 188 177 181
f 11 29 177
f 186 181 184
f 186 189 187
f 186 185 189
f 126 187 189
f 186 184 185
f 126 122 123
f 185 183 121
f 189 185 121
f 126 189 122
f 121 122 189
f 126 4 11
f 190 191 192
f 193 194 195
f 196 192 197
f 197 194 196
f 197 198 194
f 193 196 194
f 192 191 197
f 191 137 135
f 197 191 135
f 199 200 201
f 202 203 204
f 194 205 195
f 204 200 205
f 204 203 200
f 203 206 200
f 205 200 199
f 206 201 200
f 205 199 195
f 207 130 139
f 198 207 204
f 204 139 202
f 204 207 139
f 198 205 194
f 198 204 205
f 135 134 207
f 197 135 207
f 207 134 130
f 198 197 207
f 206 208 209
f 206 209 201
f 138 140 210
f 211 208 210
f 139 212 202
f 210 208 212
f 202 212 203
f 212 206 203
f 208 206 212
f 210 140 142
f 138 210 139
f 139 210 212
f 213 214 215
f 213 215 216
f 216 215 209
f 215 217 209
f 215 218 217
f 211 150 219
f 208 211 216
f 211 213 216
f 211 219 213
f 213 148 214
f 213 219 148
f 208 216 209
f 142 211 210
f 142 150 211
f 219 150 148
f 220 221 222
f 222 221 223
f 221 224 223
f 221 17 224
f 225 226 214
f 158 220 226
f 158 157 220
f 157 227 220
f 214 218 215
f 214 226 218
f 226 222 218
f 226 220 222
f 222 223 218
f 223 217 218
f 163 225 148
f 163 158 225
f 158 226 225
f 148 225 214
f 228 229 230
f 230 231 228
f 230 21 231
f 220 227 221
f 227 232 221
f 227 228 232
f 228 231 232
f 221 232 17
f 232 231 18
f 18 231 21
f 20 18 21
f 17 232 18
f 170 228 168
f 170 229 228
f 170 180 229
f 157 171 227
f 171 228 227
f 168 228 171
f 230 229 180
f 230 180 233
f 180 175 233
f 175 24 23
f 230 233 21
f 233 22 21
f 22 233 23
f 175 23 233
f 176 180 178
f 175 180 176
f 177 29 175
f 30 29 11
f 29 24 175
f 234 235 59
f 236 237 238
f 236 239 237
f 240 196 241
f 241 239 236
f 241 196 239
f 239 242 237
f 240 192 196
f 243 244 245
f 196 193 239
f 193 246 239
f 239 246 244
f 244 243 247
f 239 244 242
f 193 195 246
f 195 248 246
f 244 246 245
f 245 249 243
f 243 249 250
f 199 201 251
f 251 201 252
f 251 252 248
f 252 253 248
f 254 248 253
f 255 254 253
f 253 256 255
f 248 199 251
f 248 195 199
f 246 248 245
f 245 248 254
f 245 254 249
f 255 249 254
f 201 209 257
f 253 252 257
f 201 257 252
f 257 258 253
f 253 258 256
f 257 217 259
f 257 259 258
f 217 257 209
f 258 260 261
f 223 224 262
f 223 259 217
f 223 262 259
f 224 263 262
f 262 263 264
f 259 265 258
f 259 262 265
f 262 264 265
f 258 265 260
f 265 264 266
f 264 267 266
f 266 260 265
f 17 19 224
f 224 19 263
f 62 263 19
f 66 263 62
f 263 268 264
f 268 267 264
f 263 66 268
f 66 70 268
f 268 70 269
f 69 270 70
f 72 270 69
f 81 78 75
f 90 271 89
f 57 60 91
f 58 60 57
f 60 59 235
f 272 234 273
f 238 274 275
f 275 274 276
f 274 277 276
f 241 236 238
f 237 274 238
f 278 279 242
f 280 279 281
f 242 282 237
f 237 282 274
f 282 283 274
f 282 242 283
f 279 283 242
f 283 279 280
f 283 284 274
f 283 280 284
f 274 284 277
f 285 284 280
f 244 247 242
f 243 250 247
f 242 247 278
f 247 250 286
f 247 286 278
f 278 281 279
f 278 286 281
f 250 287 286
f 288 285 286
f 288 286 287
f 288 287 289
f 289 287 290
f 281 285 280
f 281 286 285
f 285 291 284
f 285 288 291
f 249 255 292
f 249 292 250
f 292 255 293
f 255 294 293
f 250 292 295
f 292 293 295
f 293 290 295
f 250 295 287
f 295 290 287
f 293 296 290
f 297 289 290
f 296 298 290
f 256 261 294
f 294 255 256
f 299 294 261
f 293 294 296
f 294 300 296
f 294 299 300
f 300 299 301
f 296 300 298
f 256 258 261
f 302 301 299
f 303 302 299
f 261 304 299
f 303 305 302
f 261 260 304
f 306 266 267
f 260 266 304
f 304 303 299
f 266 307 304
f 266 306 307
f 303 304 307
f 307 306 308
f 306 309 308
f 308 303 307
f 303 308 305
f 302 305 310
f 269 267 268
f 306 269 309
f 311 269 70
f 311 70 270
f 270 312 311
f 267 269 306
f 311 309 269
f 308 309 313
f 313 309 311
f 312 314 311
f 308 313 305
f 313 311 314
f 310 314 315
f 313 310 305
f 313 314 310
f 270 72 312
f 72 71 316
f 312 72 316
f 317 312 316
f 314 312 317
f 317 316 318
f 315 314 317
f 319 318 316
f 317 318 315
f 318 319 320
f 319 321 320
f 74 78 71
f 322 71 78
f 322 316 71
f 322 319 316
f 321 319 322
f 322 323 321
f 81 84 78
f 78 84 324
f 324 322 78
f 324 323 322
f 325 326 323
f 327 326 325
f 328 323 324
f 84 328 324
f 323 328 325
f 325 328 329
f 330 325 329
f 330 331 325
f 332 331 330
f 331 327 325
f 85 333 92
f 85 89 333
f 89 271 333
f 84 92 328
f 328 92 333
f 333 271 334
f 335 334 271
f 90 335 271
f 333 329 328
f 334 329 333
f 335 336 334
f 337 336 335
f 329 334 330
f 337 338 336
f 334 336 339
f 336 338 339
f 339 330 334
f 339 332 330
f 338 340 341
f 342 332 339
f 338 342 339
f 60 343 91
f 91 335 90
f 343 335 91
f 343 337 335
f 344 343 60
f 345 344 60
f 343 338 337
f 345 338 343
f 344 345 343
f 345 340 338
f 346 340 345
f 340 346 347
f 346 345 348
f 341 340 347
f 346 348 349
f 347 346 349
f 345 60 235
f 235 348 345
f 235 349 348
f 349 234 350
f 235 234 349
f 351 276 352
f 353 276 277
f 276 354 352
f 276 353 354
f 355 352 354
f 354 353 356
f 354 356 355
f 355 356 357
f 277 284 353
f 353 284 358
f 353 358 356
f 356 358 357
f 358 284 291
f 291 288 359
f 288 289 359
f 359 289 360
f 289 361 360
f 359 362 291
f 360 363 359
f 358 291 362
f 364 365 362
f 359 364 362
f 363 364 359
f 358 362 366
f 362 365 366
f 297 290 298
f 289 297 361
f 297 298 367
f 298 368 367
f 360 361 363
f 361 297 367
f 367 363 361
f 369 367 368
f 367 370 363
f 369 370 367
f 298 300 301
f 371 368 301
f 298 301 368
f 369 368 372
f 368 371 373
f 373 372 368
f 301 302 371
f 371 302 373
f 373 302 310
f 310 315 374
f 315 375 374
f 373 310 374
f 376 374 375
f 376 373 374
f 373 376 377
f 318 375 315
f 320 375 318
f 378 376 375
f 320 378 375
f 320 379 378
f 380 381 376
f 378 380 376
f 321 379 320
f 321 326 379
f 326 382 379
f 378 379 382
f 383 382 326
f 382 383 384
f 382 380 378
f 384 383 385
f 326 321 323
f 327 383 326
f 386 383 327
f 385 383 386
f 386 387 388
f 387 386 327
f 331 387 327
f 331 332 389
f 387 331 389
f 332 390 389
f 388 387 389
f 389 390 388
f 342 338 341
f 390 332 391
f 332 342 391
f 341 392 342
f 393 391 342
f 392 341 347
f 392 347 349
f 394 395 396
f 397 398 395
f 398 396 395
f 394 399 103
f 394 396 399
f 400 401 396
f 398 400 396
f 399 401 103
f 399 396 401
f 402 397 403
f 397 402 404
f 101 405 102
f 403 405 101
f 102 394 103
f 405 394 102
f 403 395 405
f 395 394 405
f 395 403 397
f 406 407 408
f 408 407 409
f 407 410 409
f 411 412 413
f 414 411 413
f 410 411 409
f 412 415 413
f 416 413 417
f 413 415 417
f 417 415 418
f 415 419 418
f 419 420 418
f 421 419 415
f 127 99 97
f 127 418 99
f 418 403 99
f 403 101 99
f 422 423 424
f 424 425 426
f 425 427 428
f 425 424 429
f 427 425 429
f 430 431 427
f 424 423 429
f 423 430 429
f 427 429 430
f 432 433 434
f 432 435 433
f 436 437 432
f 435 432 438
f 439 428 436
f 428 437 436
f 440 438 432
f 437 441 440
f 437 428 441
f 432 437 440
f 440 442 438
f 427 441 428
f 440 441 443
f 442 440 444
f 441 431 443
f 440 443 444
f 441 427 431
f 445 446 154
f 435 446 445
f 434 433 447
f 435 445 447
f 448 449 446
f 448 446 435
f 433 435 447
f 449 450 451
f 449 448 450
f 448 435 438
f 450 448 442
f 448 438 442
f 452 450 442
f 444 452 442
f 165 453 115
f 154 454 167
f 454 455 167
f 453 165 455
f 165 167 455
f 456 457 453
f 455 456 453
f 458 454 154
f 455 454 458
f 458 446 449
f 446 458 154
f 459 460 455
f 455 460 456
f 456 460 457
f 458 449 459
f 459 455 458
f 460 461 457
f 459 449 451
f 460 459 462
f 451 463 459
f 463 462 459
f 464 465 112
f 453 466 115
f 115 466 116
f 464 112 116
f 116 110 115
f 457 467 453
f 453 467 466
f 466 467 464
f 116 466 464
f 461 468 464
f 464 468 469
f 457 461 467
f 462 470 461
f 470 471 461
f 461 471 468
f 464 467 461
f 471 472 468
f 460 462 461
f 470 472 471
f 470 462 473
f 474 475 124
f 112 465 113
f 465 476 113
f 476 474 118
f 474 124 118
f 120 113 476
f 118 120 476
f 476 475 474
f 469 477 476
f 477 478 476
f 476 478 475
f 478 479 475
f 476 465 469
f 464 469 465
f 480 414 479
f 468 481 469
f 469 481 477
f 479 478 480
f 481 468 472
f 472 406 481
f 481 406 477
f 406 408 477
f 477 408 478
f 480 478 409
f 478 408 409
f 475 482 124
f 124 482 125
f 482 483 125
f 125 483 123
f 484 416 483
f 484 482 475
f 483 482 484
f 416 484 413
f 484 475 479
f 484 479 414
f 413 484 414
f 411 480 409
f 414 480 411
f 483 416 127
f 127 123 483
f 416 417 127
f 127 417 418
f 108 127 97
f 485 486 487
f 486 488 489
f 487 486 489
f 490 491 489
f 489 488 490
f 491 487 489
f 492 493 422
f 492 488 493
f 488 492 490
f 137 494 491
f 137 495 496
f 495 137 491
f 424 426 497
f 490 424 495
f 424 497 495
f 495 491 490
f 495 497 496
f 492 424 490
f 422 424 492
f 132 498 133
f 133 498 129
f 136 137 496
f 131 136 496
f 496 132 131
f 426 439 496
f 132 439 498
f 426 496 497
f 439 132 496
f 426 425 439
f 439 425 428
f 145 129 498
f 436 432 145
f 434 145 432
f 144 145 434
f 436 498 439
f 145 498 436
f 434 447 144
f 447 156 144
f 445 156 447
f 154 156 445
f 154 167 166
f 499 500 501
f 502 500 499
f 503 504 502
f 503 502 499
f 505 499 506
f 505 503 499
f 507 503 505
f 485 487 505
f 508 503 507
f 487 509 505
f 509 507 505
f 508 190 192
f 240 508 192
f 190 508 507
f 509 190 507
f 509 487 491
f 491 494 509
f 190 509 494
f 494 137 190
f 190 137 191
f 510 511 512
f 513 512 511
f 511 514 515
f 516 515 514
f 517 514 511
f 511 515 513
f 504 514 517
f 502 504 517
f 514 518 519
f 518 514 504
f 518 504 508
f 508 241 518
f 241 238 518
f 503 508 504
f 241 508 240
f 234 272 350
f 350 272 520
f 520 521 522
f 272 523 520
f 520 523 521
f 524 525 526
f 527 528 525
f 529 530 531
f 528 532 525
f 530 533 531
f 532 534 525
f 532 531 534
f 531 533 535
f 536 537 528
f 538 529 528
f 528 529 532
f 529 531 532
f 539 540 541
f 542 543 544
f 530 544 539
f 530 539 533
f 540 539 544
f 542 545 543
f 546 543 545
f 529 542 530
f 544 530 542
f 540 547 548
f 548 547 549
f 550 551 549
f 551 552 549
f 540 548 541
f 548 549 553
f 549 552 553
f 547 543 550
f 544 543 540
f 547 540 543
f 549 547 550
f 552 554 555
f 556 551 550
f 551 557 554
f 551 554 552
f 552 558 553
f 556 512 557
f 556 557 551
f 510 512 556
f 557 559 560
f 554 561 555
f 554 560 561
f 560 562 561
f 560 563 562
f 564 565 557
f 565 559 557
f 560 554 557
f 512 513 564
f 513 565 564
f 515 565 513
f 565 515 559
f 564 557 512
f 566 567 568
f 559 563 560
f 563 516 567
f 515 516 559
f 516 563 559
f 516 569 567
f 567 569 568
f 514 519 516
f 569 516 519
f 570 571 569
f 519 570 569
f 570 275 571
f 570 238 275
f 518 238 519
f 519 238 570
f 349 350 572
f 572 350 573
f 573 350 574
f 350 520 574
f 574 520 522
f 575 576 577
f 578 579 580
f 580 575 581
f 580 581 578
f 575 582 581
f 575 577 582
f 581 582 583
f 584 585 586
f 576 524 577
f 524 586 577
f 577 586 582
f 582 585 587
f 582 586 585
f 526 584 586
f 526 586 524
f 526 588 584
f 525 534 526
f 526 534 588
f 534 531 535
f 535 588 534
f 588 589 590
f 588 590 584
f 589 591 590
f 533 539 541
f 541 592 593
f 533 594 535
f 533 541 594
f 541 593 594
f 535 589 588
f 535 594 589
f 594 595 589
f 594 593 595
f 592 596 593
f 593 596 595
f 589 595 597
f 595 598 597
f 595 596 598
f 589 597 591
f 597 599 591
f 597 600 599
f 597 598 600
f 596 601 602
f 596 553 601
f 602 601 603
f 603 604 602
f 601 605 603
f 541 548 592
f 548 553 592
f 596 592 553
f 602 598 596
f 606 598 602
f 552 555 558
f 555 607 558
f 555 561 608
f 607 555 608
f 608 609 607
f 608 610 609
f 553 558 601
f 558 607 601
f 601 609 605
f 601 607 609
f 609 610 611
f 609 612 605
f 605 612 613
f 609 611 612
f 562 614 561
f 561 614 608
f 562 615 614
f 562 616 615
f 614 610 608
f 610 617 618
f 610 614 617
f 614 615 617
f 615 619 617
f 610 618 611
f 617 620 618
f 617 619 620
f 619 621 620
f 611 618 622
f 566 619 615
f 568 619 566
f 563 616 562
f 563 567 616
f 616 567 566
f 615 616 566
f 568 569 619
f 619 569 571
f 619 571 623
f 275 624 571
f 571 624 623
f 623 624 625
f 624 275 626
f 626 627 624
f 626 628 629
f 626 352 628
f 626 275 351
f 351 275 276
f 626 351 352
f 355 357 630
f 357 358 631
f 358 366 631
f 364 632 365
f 364 363 632
f 372 370 369
f 363 633 632
f 363 370 633
f 373 634 372
f 635 636 373
f 377 635 373
f 377 637 635
f 638 639 376
f 381 380 384
f 381 638 376
f 384 640 381
f 638 381 641
f 641 381 640
f 380 382 384
f 640 384 385
f 640 385 642
f 385 386 643
f 386 388 643
f 385 643 642
f 644 642 643
f 645 642 644
f 646 644 643
f 645 644 647
f 647 644 648
f 388 390 649
f 390 391 649
f 643 388 646
f 388 650 646
f 388 649 650
f 650 649 651
f 650 651 652
f 646 650 653
f 653 650 652
f 644 646 653
f 654 653 652
f 654 652 655
f 644 653 648
f 648 653 654
f 648 654 656
f 654 655 657
f 657 655 658
f 342 392 393
f 649 391 393
f 649 393 651
f 393 392 659
f 651 393 660
f 393 659 660
f 660 659 661
f 652 651 655
f 651 660 655
f 660 661 658
f 655 660 658
f 658 661 662
f 349 572 663
f 349 663 392
f 663 573 664
f 663 572 573
f 392 665 659
f 665 392 663
f 663 664 665
f 659 665 661
f 665 664 661
f 661 664 662
f 664 573 574
f 664 574 662
f 662 574 666
f 667 668 578
f 578 581 667
f 581 583 667
f 583 669 667
f 583 587 669
f 587 670 669
f 667 669 671
f 672 667 673
f 669 670 671
f 673 667 671
f 671 674 673
f 671 670 674
f 675 674 670
f 583 582 587
f 585 676 587
f 587 676 670
f 676 585 677
f 585 678 677
f 676 677 679
f 670 676 675
f 676 679 675
f 677 680 679
f 679 680 681
f 681 680 682
f 584 683 585
f 585 683 678
f 683 684 678
f 584 685 683
f 683 685 684
f 686 678 684
f 684 687 686
f 684 685 687
f 678 688 677
f 678 686 688
f 677 688 680
f 686 687 689
f 690 689 687
f 680 688 691
f 688 686 691
f 686 689 691
f 680 691 682
f 692 682 691
f 692 691 689
f 693 694 690
f 685 584 590
f 590 591 695
f 591 696 695
f 685 590 695
f 697 695 696
f 685 695 687
f 695 697 687
f 687 697 693
f 690 687 693
f 598 698 600
f 591 599 696
f 599 600 699
f 600 698 699
f 696 599 699
f 696 699 697
f 698 700 699
f 698 606 700
f 699 701 697
f 699 702 701
f 699 700 702
f 700 703 702
f 693 697 701
f 703 704 702
f 701 705 693
f 701 702 705
f 606 602 604
f 603 605 613
f 603 613 604
f 598 606 698
f 604 613 706
f 604 707 606
f 604 706 707
f 606 707 700
f 700 707 703
f 707 706 708
f 706 709 708
f 707 708 703
f 703 710 704
f 703 708 710
f 708 711 710
f 612 712 613
f 612 611 712
f 611 622 712
f 613 712 713
f 622 714 712
f 622 715 714
f 613 713 706
f 713 714 716
f 713 712 714
f 713 716 709
f 706 713 709
f 714 717 716
f 714 715 717
f 709 716 718
f 620 621 618
f 622 618 715
f 618 621 719
f 621 720 719
f 618 719 715
f 715 719 721
f 720 722 719
f 719 722 721
f 715 721 717
f 721 722 723
f 721 723 717
f 723 722 724
f 724 725 723
f 619 726 621
f 621 726 720
f 726 619 623
f 720 726 623
f 720 623 727
f 722 720 727
f 727 623 728
f 727 728 729
f 722 727 730
f 724 722 730
f 729 730 727
f 731 730 729
f 623 625 728
f 728 625 729
f 625 732 729
f 733 731 729
f 734 733 729
f 732 734 729
f 732 625 735
f 624 627 625
f 625 627 736
f 625 736 735
f 737 735 736
f 626 629 627
f 629 738 627
f 629 628 738
f 628 352 736
f 736 627 738
f 738 628 736
f 736 739 737
f 739 740 737
f 741 736 352
f 741 739 736
f 352 355 741
f 741 742 739
f 742 740 739
f 355 743 741
f 741 743 742
f 740 742 744
f 630 743 355
f 630 745 743
f 742 743 745
f 630 357 746
f 357 631 746
f 631 366 747
f 747 366 748
f 746 631 747
f 746 745 630
f 747 745 746
f 748 749 747
f 750 749 748
f 749 745 747
f 744 742 745
f 749 744 745
f 751 744 749
f 750 751 749
f 752 751 750
f 751 753 744
f 751 752 754
f 753 751 754
f 752 755 754
f 748 366 756
f 366 365 757
f 632 758 365
f 756 366 757
f 757 365 758
f 759 758 632
f 756 750 748
f 760 750 756
f 757 760 756
f 761 760 757
f 758 761 757
f 759 762 758
f 761 758 762
f 760 752 750
f 763 752 760
f 761 763 760
f 764 761 762
f 763 755 752
f 765 755 763
f 761 765 763
f 766 765 761
f 764 766 761
f 765 766 767
f 766 764 767
f 634 633 370
f 372 634 370
f 633 759 632
f 634 759 633
f 634 636 759
f 762 759 636
f 636 764 762
f 636 634 373
f 768 764 636
f 764 768 767
f 636 635 768
f 637 768 635
f 768 769 767
f 770 767 769
f 768 637 769
f 769 637 771
f 769 771 770
f 770 771 772
f 637 377 773
f 774 773 775
f 637 773 771
f 771 773 774
f 771 774 772
f 772 774 776
f 377 376 639
f 773 377 639
f 773 639 775
f 639 638 777
f 777 775 639
f 775 777 778
f 778 777 779
f 774 775 778
f 774 778 780
f 778 781 780
f 779 781 778
f 776 774 780
f 781 779 782
f 638 641 783
f 638 783 777
f 641 640 784
f 640 785 784
f 784 783 641
f 779 777 783
f 783 784 782
f 784 785 786
f 782 779 783
f 784 786 787
f 782 784 787
f 786 785 788
f 785 640 642
f 788 785 645
f 785 642 645
f 788 645 789
f 789 645 790
f 645 647 790
f 788 789 791
f 789 790 792
f 648 656 647
f 692 689 793
f 689 690 793
f 793 690 794
f 690 694 794
f 693 705 694
f 705 702 704
f 705 795 694
f 705 704 795
f 795 704 710
f 711 708 709
f 709 796 711
f 710 711 797
f 797 711 796
f 796 709 718
f 716 717 718
f 717 798 718
f 717 723 725
f 798 717 725
f 725 724 799
f 725 800 798
f 725 801 800
f 725 799 801
f 799 802 801
f 724 730 803
f 799 724 802
f 724 803 802
f 803 730 804
f 731 804 730
f 732 735 734
f 734 735 737
f 744 805 740
f 806 744 753
f 806 753 754
f 807 755 765
f 765 767 808
f 809 404 810
f 404 398 397
f 809 398 404
f 809 810 811
f 810 812 811
f 809 813 398
f 398 813 400
f 811 812 814
f 809 811 813
f 811 815 816
f 811 814 815
f 402 817 404
f 817 810 404
f 818 819 820
f 818 820 473
f 821 822 819
f 819 822 820
f 820 823 473
f 820 822 823
f 822 824 823
f 472 825 406
f 473 825 472
f 472 470 473
f 473 823 826
f 473 826 825
f 823 827 826
f 824 827 823
f 824 828 827
f 406 825 407
f 825 829 407
f 407 830 410
f 826 829 825
f 831 832 830
f 830 833 831
f 826 834 829
f 830 407 833
f 834 835 829
f 833 829 835
f 833 835 831
f 829 833 407
f 826 827 834
f 834 836 835
f 827 837 834
f 837 836 834
f 412 410 832
f 832 421 412
f 412 421 415
f 410 412 411
f 830 832 410
f 421 832 831
f 421 831 838
f 831 839 838
f 839 840 838
f 835 839 831
f 839 835 840
f 421 420 419
f 838 420 421
f 841 842 420
f 420 838 841
f 838 840 841
f 840 843 841
f 420 842 418
f 418 842 403
f 841 844 842
f 844 845 817
f 842 402 403
f 842 844 402
f 844 817 402
f 846 847 423
f 846 848 847
f 849 848 846
f 848 849 850
f 847 851 430
f 430 423 847
f 431 430 851
f 847 848 851
f 852 431 851
f 848 853 851
f 851 853 852
f 848 850 853
f 850 854 853
f 849 855 850
f 855 856 850
f 856 854 850
f 857 858 443
f 431 857 443
f 443 858 444
f 858 859 444
f 860 861 859
f 862 859 861
f 859 858 860
f 859 862 444
f 431 852 857
f 860 863 861
f 853 864 852
f 852 864 857
f 858 857 860
f 864 860 857
f 864 853 854
f 864 854 865
f 864 865 860
f 865 866 860
f 866 867 863
f 854 866 865
f 866 863 860
f 450 463 451
f 868 450 452
f 444 862 452
f 868 818 450
f 450 818 463
f 452 862 868
f 868 819 818
f 861 868 862
f 861 819 868
f 861 863 867
f 867 821 861
f 861 821 819
f 821 867 869
f 818 473 463
f 473 462 463
f 870 871 872
f 872 873 874
f 872 871 873
f 874 875 485
f 874 873 875
f 875 486 485
f 873 876 486
f 875 873 486
f 876 871 877
f 876 873 871
f 488 486 876
f 876 878 488
f 488 878 493
f 878 876 877
f 878 877 846
f 877 879 846
f 878 423 493
f 423 878 846
f 422 493 423
f 880 881 882
f 880 883 881
f 884 880 882
f 885 882 886
f 885 886 887
f 887 886 888
f 889 890 888
f 887 888 890
f 870 887 890
f 891 892 500
f 892 891 887
f 887 872 892
f 870 872 887
f 501 500 892
f 872 501 892
f 501 506 499
f 506 501 874
f 872 874 501
f 506 485 505
f 874 485 506
f 893 894 895
f 896 894 893
f 897 893 895
f 898 899 897
f 897 899 900
f 897 895 898
f 901 898 895
f 901 899 898
f 900 899 902
f 900 903 904
f 903 900 902
f 902 905 903
f 906 905 902
f 905 907 903
f 908 909 903
f 910 907 905
f 910 905 906
f 908 911 537
f 536 908 537
f 907 911 908
f 907 908 903
f 907 912 911
f 884 911 912
f 884 912 910
f 912 907 910
f 906 883 910
f 537 911 913
f 911 914 913
f 914 545 913
f 910 883 880
f 880 884 910
f 914 546 545
f 550 543 546
f 556 550 546
f 915 546 916
f 916 546 914
f 914 911 916
f 917 915 916
f 918 915 917
f 917 916 911
f 918 917 885
f 917 911 884
f 917 884 882
f 882 885 917
f 556 546 510
f 511 510 918
f 510 546 915
f 915 918 510
f 511 918 517
f 517 885 891
f 517 918 885
f 891 885 887
f 500 517 891
f 517 500 502
f 919 920 921
f 922 923 924
f 925 926 924
f 926 927 922
f 926 922 924
f 927 928 929
f 929 922 927
f 930 922 931
f 931 932 930
f 931 922 929
f 933 934 932
f 928 933 929
f 932 929 933
f 932 931 929
f 935 936 937
f 934 937 932
f 937 938 932
f 939 935 934
f 936 935 940
f 934 935 937
f 893 897 940
f 933 928 896
f 941 893 940
f 896 939 933
f 896 941 939
f 941 935 939
f 940 935 941
f 939 934 933
f 893 941 896
f 937 942 943
f 942 937 936
f 940 897 944
f 936 944 942
f 936 940 944
f 945 946 942
f 946 943 942
f 945 944 947
f 942 944 945
f 900 944 897
f 900 947 944
f 946 948 949
f 948 909 950
f 948 950 949
f 946 949 951
f 945 947 948
f 946 945 948
f 900 904 947
f 948 947 904
f 909 948 904
f 950 525 576
f 950 527 525
f 950 576 949
f 525 524 576
f 536 950 909
f 527 950 536
f 903 909 904
f 528 527 536
f 909 908 536
f 545 542 538
f 913 538 537
f 913 545 538
f 542 529 538
f 538 528 537
f 666 574 522
f 952 666 522
f 919 953 522
f 952 522 953
f 953 919 954
f 955 956 957
f 955 958 956
f 956 958 959
f 960 961 962
f 963 962 964
f 924 923 960
f 958 955 963
f 924 960 963
f 960 962 963
f 963 964 958
f 925 924 955
f 924 963 955
f 923 930 965
f 965 966 961
f 966 967 961
f 967 968 961
f 962 961 969
f 961 968 969
f 922 930 923
f 923 965 960
f 965 961 960
f 966 970 967
f 930 966 965
f 930 970 966
f 970 930 932
f 938 971 970
f 970 971 967
f 932 938 970
f 971 972 973
f 972 974 973
f 938 943 975
f 975 971 938
f 971 975 972
f 937 943 938
f 975 951 579
f 975 579 972
f 579 578 972
f 972 668 974
f 668 976 974
f 668 972 578
f 946 951 943
f 943 951 975
f 949 580 951
f 580 949 575
f 575 949 576
f 579 951 580
f 656 654 657
f 658 977 657
f 658 662 977
f 977 662 666
f 977 666 978
f 978 666 952
f 978 952 979
f 979 952 953
f 953 980 979
f 981 982 983
f 982 984 985
f 982 985 983
f 986 983 985
f 957 956 984
f 956 987 984
f 956 988 987
f 984 987 985
f 987 989 985
f 987 988 989
f 985 989 986
f 959 958 990
f 956 959 988
f 959 991 988
f 959 990 991
f 990 992 991
f 991 992 993
f 988 991 994
f 991 993 994
f 995 986 994
f 995 994 993
f 993 996 995
f 988 994 989
f 994 986 989
f 964 962 997
f 962 969 997
f 997 990 964
f 992 990 997
f 997 998 992
f 998 999 1000
f 1001 1002 1000
f 999 1001 1000
f 958 964 990
f 992 998 1000
f 993 992 996
f 992 1000 996
f 968 967 1003
f 1004 969 968
f 968 1003 1004
f 997 969 998
f 969 1004 998
f 998 1004 999
f 1004 1003 999
f 999 1003 1005
f 1006 1005 1003
f 999 1005 1001
f 1006 1007 1005
f 967 1008 1003
f 967 971 1008
f 1003 1009 1006
f 1003 1008 1010
f 1008 971 1010
f 1003 1010 1009
f 1009 1011 1012
f 1012 1011 1013
f 1014 1012 1013
f 1009 1012 1006
f 1006 1012 1014
f 1010 971 973
f 974 1015 973
f 1015 1010 973
f 1010 1016 1009
f 1015 1016 1010
f 1009 1016 1011
f 1015 1017 1016
f 1016 1018 1011
f 1016 1019 1018
f 1016 1017 1019
f 974 976 1015
f 668 1020 976
f 1015 976 1021
f 976 1022 1021
f 976 1020 1022
f 1015 1021 1017
f 1023 1017 1021
f 1023 1021 1022
f 1023 1022 1024
f 1017 1023 1019
f 1024 1019 1023
f 667 672 668
f 672 1020 668
f 1025 1020 672
f 672 673 1025
f 1020 1025 1022
f 1025 1026 1022
f 1025 673 1026
f 673 1027 1026
f 673 674 1027
f 1026 1027 1028
f 674 1029 1027
f 674 675 1029
f 1030 675 679
f 681 1030 679
f 675 1030 1029
f 770 808 767
f 770 772 1031
f 1031 772 1032
f 776 1033 1032
f 772 776 1032
f 1032 1033 1034
f 781 782 1035
f 776 780 1033
f 780 781 1035
f 1033 780 1035
f 1034 1033 1036
f 1033 1035 1036
f 1034 1036 1037
f 1038 782 787
f 787 786 1038
f 1036 782 1038
f 1035 782 1036
f 1036 1038 1039
f 1037 1036 1039
f 1040 1037 1041
f 1039 786 1042
f 786 788 1042
f 788 791 1042
f 791 1043 1042
f 1044 1042 1043
f 1038 786 1039
f 1039 1042 1044
f 1037 1039 1044
f 1043 1045 1044
f 1037 1044 1046
f 1046 1044 1047
f 1047 1044 1045
f 1037 1046 1041
f 1047 1045 1048
f 1041 1046 1049
f 1046 1047 1049
f 791 789 792
f 792 790 1050
f 791 792 1043
f 1051 792 1050
f 1051 1050 1052
f 1043 792 1045
f 1045 792 1051
f 1045 1051 1048
f 1048 1051 1053
f 1051 1052 1053
f 647 656 1054
f 790 647 1050
f 1050 647 1055
f 1055 647 1054
f 1055 1054 1056
f 1050 1055 1052
f 1055 1056 1052
f 1052 1056 1057
f 1052 1057 1053
f 1057 1058 1059
f 978 1058 1057
f 1060 1053 1059
f 1053 1057 1059
f 1054 656 657
f 1054 657 1056
f 1056 657 977
f 978 1056 977
f 1057 1056 978
f 1061 986 1062
f 1061 1062 1063
f 986 995 1062
f 995 996 1062
f 996 1064 1062
f 1064 1063 1062
f 1064 1065 1066
f 996 1000 1002
f 1001 1067 1002
f 996 1002 1068
f 1068 1002 1069
f 1002 1067 1069
f 996 1068 1064
f 1064 1068 1065
f 1068 1069 1070
f 1068 1070 1065
f 1071 1070 1069
f 1070 1071 1072
f 1066 1065 1073
f 1065 1070 1072
f 1005 1067 1001
f 1007 1006 1014
f 1074 1007 1014
f 1007 1067 1005
f 1007 1074 1067
f 1067 1074 1069
f 1075 1069 1074
f 1069 1075 1071
f 1074 1014 1075
f 1075 1076 1071
f 1013 1077 1014
f 1014 1077 1075
f 1075 1077 1078
f 1075 1078 1076
f 1076 1078 1079
f 1076 1079 1080
f 1013 1011 1018
f 1018 1019 1081
f 1082 1013 1018
f 1013 1082 1077
f 1081 1082 1018
f 1077 1082 1078
f 1081 1083 1082
f 1078 1082 1083
f 1083 1081 1084
f 1083 1085 1086
f 1083 1079 1078
f 1086 1079 1083
f 1079 1086 1087
f 1088 1024 1022
f 1024 1089 1019
f 1024 1088 1089
f 1088 1090 1089
f 1019 1089 1084
f 1081 1019 1084
f 1084 1089 1085
f 1089 1090 1085
f 1090 1091 1085
f 1085 1083 1084
f 1086 1085 1092
f 1091 1093 1085
f 1092 1085 1094
f 1085 1093 1094
f 1092 1087 1086
f 1022 1026 1088
f 1088 1026 1028
f 1027 1029 1095
f 1029 1030 1095
f 1088 1028 1090
f 1090 1028 1096
f 1028 1027 1096
f 1090 1096 1097
f 1096 1027 1098
f 1027 1095 1098
f 1090 1097 1091
f 1097 1098 1091
f 1097 1096 1098
f 1098 1095 1099
f 1100 1098 1099
f 1098 1100 1091
f 1100 1093 1091
f 681 1101 1030
f 1030 1101 1095
f 1101 681 682
f 1101 682 1102
f 1101 1102 1095
f 1102 682 1103
f 682 1104 1103
f 1095 1102 1105
f 1105 1102 1103
f 1095 1105 1099
f 1104 1106 1103
f 1105 1103 1106
f 1100 1099 1107
f 1099 1105 1107
f 1105 1106 1108
f 682 692 1109
f 692 793 1109
f 1109 793 1110
f 682 1109 1104
f 1104 1109 1110
f 1110 793 1111
f 1110 1111 1112
f 1112 1111 1113
f 1104 1114 1106
f 1104 1110 1114
f 1114 1110 1112
f 1113 1115 1112
f 1114 1112 1115
f 1106 1114 1116
f 793 794 1111
f 794 1117 1111
f 794 694 1117
f 1111 1117 1118
f 1113 1111 1118
f 1118 1117 1119
f 1118 1119 1120
f 694 1121 1122
f 1122 1121 1123
f 1122 1117 694
f 1117 1122 1124
f 1119 1117 1124
f 1124 1122 1123
f 1124 1123 1125
f 1123 1121 1126
f 694 795 1121
f 795 710 1127
f 1121 795 1127
f 1127 1128 1129
f 1129 1121 1127
f 1126 1121 1130
f 1121 1129 1130
f 797 1128 710
f 710 1128 1127
f 797 796 1128
f 1131 1128 796
f 1128 1132 1129
f 1128 1131 1132
f 1131 1133 1132
f 1130 1129 1134
f 1132 1134 1129
f 1135 1131 796
f 718 1135 796
f 798 1135 718
f 1136 1135 798
f 1131 1135 1137
f 1137 1135 1136
f 1131 1137 1133
f 1138 1137 1136
f 1139 1140 1133
f 1137 1139 1133
f 1138 1139 1137
f 798 800 1136
f 1141 1136 800
f 801 1141 800
f 1142 1141 801
f 802 1142 801
f 802 1143 1142
f 1144 1138 1136
f 1141 1144 1136
f 1142 1144 1141
f 1142 1143 1145
f 1142 1146 1144
f 1145 1146 1142
f 731 1147 804
f 733 1147 731
f 1148 803 804
f 804 1147 1148
f 803 1143 802
f 1149 1143 803
f 1148 1149 803
f 1149 1150 1143
f 1148 1150 1149
f 1151 1150 1148
f 1147 1151 1148
f 1152 1151 1147
f 1143 1150 1153
f 1145 1143 1153
f 1153 1150 1154
f 1154 1150 1151
f 1154 1155 1153
f 1156 1147 733
f 734 1156 733
f 737 1156 734
f 1156 1157 1147
f 1156 737 1157
f 737 1158 1157
f 1157 1152 1147
f 1158 1152 1157
f 737 1159 1158
f 1160 1152 1158
f 1159 1160 1158
f 740 1159 737
f 805 1160 1159
f 1160 805 1161
f 740 805 1159
f 805 1162 1161
f 1161 1162 1163
f 1163 1162 1164
f 1162 805 1165
f 1164 1162 1165
f 1164 1165 1166
f 1165 1167 1166
f 805 744 806
f 1166 1167 1168
f 805 806 1165
f 1165 806 1167
f 1168 1167 1169
f 1168 1169 1170
f 1171 806 754
f 755 1171 754
f 807 1171 755
f 1171 807 1172
f 806 1171 1172
f 1167 806 1172
f 1167 1172 1169
f 1169 1172 1173
f 1172 1174 1173
f 1173 1175 1169
f 1170 1175 1173
f 765 808 1176
f 1176 808 1031
f 1172 807 1174
f 1174 807 1176
f 807 765 1176
f 1176 1031 1177
f 1174 1176 1177
f 1173 1174 1177
f 808 770 1031
f 1031 1032 1177
f 1173 1177 1032
f 1032 1034 1173
f 1173 1034 1178
f 1178 1034 1037
f 1179 1076 1080
f 1071 1076 1179
f 1179 1080 1180
f 1181 1080 1182
f 1080 1183 1182
f 1080 1079 1183
f 1079 1087 1183
f 1183 1087 1182
f 1182 1087 1184
f 1092 1094 1185
f 1094 1093 1185
f 1087 1092 1184
f 1092 1185 1184
f 1185 1093 1186
f 1187 1184 1185
f 1107 1188 1100
f 1189 1188 1107
f 1093 1100 1186
f 1186 1100 1188
f 1188 1189 1190
f 1190 1191 1188
f 1191 1186 1188
f 1186 1187 1185
f 1187 1186 1191
f 1191 1190 1192
f 1193 1191 1192
f 1105 1108 1107
f 1107 1108 1189
f 1189 1108 1194
f 1108 1106 1194
f 1194 1106 1195
f 1106 1116 1195
f 1189 1194 1196
f 1194 1195 1196
f 1196 1195 1197
f 1190 1189 1196
f 1196 1198 1190
f 1199 1198 1196
f 1197 1199 1196
f 1192 1190 1198
f 1114 1115 1200
f 1200 1116 1114
f 1195 1116 1201
f 1116 1200 1201
f 1200 1115 1201
f 1201 1115 1202
f 1115 1113 1202
f 1202 1113 1203
f 1195 1201 1197
f 1197 1201 1204
f 1201 1202 1204
f 1205 1199 1197
f 1204 1205 1197
f 1206 1205 1204
f 1202 1206 1204
f 1207 1206 1202
f 1113 1118 1203
f 1203 1118 1208
f 1118 1120 1208
f 1208 1120 1209
f 1120 1119 1209
f 1119 1124 1125
f 1203 1208 1210
f 1210 1208 1209
f 1119 1125 1209
f 1210 1211 1203
f 1209 1212 1210
f 1213 1212 1209
f 1202 1203 1211
f 1211 1210 1212
f 1211 1207 1202
f 1212 1207 1211
f 1212 1213 1214
f 1125 1123 1126
f 1209 1125 1215
f 1215 1125 1126
f 1209 1215 1213
f 1213 1215 1214
f 1126 1130 1215
f 1216 1215 1130
f 1215 1216 1214
f 1216 1130 1217
f 1214 1216 1218
f 1216 1217 1218
f 1218 1217 1219
f 1220 1134 1132
f 1133 1220 1132
f 1140 1220 1133
f 1134 1220 1219
f 1219 1220 1221
f 1220 1140 1221
f 1217 1130 1134
f 1219 1217 1134
f 1218 1219 1222
f 1219 1221 1222
f 1140 1139 1223
f 1224 1223 1139
f 1138 1144 1225
f 1140 1223 1224
f 1221 1140 1224
f 1224 1139 1226
f 1139 1138 1226
f 1226 1138 1227
f 1138 1225 1227
f 1226 1227 1228
f 1221 1224 1229
f 1224 1226 1229
f 1226 1228 1229
f 1229 1228 1230
f 1146 1225 1144
f 1225 1146 1231
f 1231 1146 1232
f 1146 1145 1232
f 1225 1231 1233
f 1231 1232 1233
f 1227 1225 1228
f 1225 1233 1234
f 1234 1233 1235
f 1233 1232 1235
f 1235 1232 1236
f 1145 1153 1155
f 1155 1232 1145
f 1232 1155 1237
f 1155 1154 1237
f 1237 1154 1238
f 1154 1151 1238
f 1238 1151 1239
f 1237 1238 1240
f 1232 1237 1241
f 1241 1237 1240
f 1242 1238 1239
f 1243 1241 1240
f 1240 1238 1244
f 1244 1238 1245
f 1238 1242 1245
f 1243 1232 1241
f 1244 1243 1240
f 1232 1243 1236
f 1151 1152 1160
f 1151 1160 1239
f 1242 1239 1160
f 1246 1242 1160
f 1161 1246 1160
f 1242 1246 1247
f 1245 1242 1247
f 1247 1246 1248
f 1246 1161 1248
f 1247 1248 1249
f 1248 1161 1250
f 1161 1163 1250
f 1250 1163 1251
f 1252 1251 1253
f 1254 1163 1164
f 1254 1251 1163
f 814 1255 1256
f 812 1255 814
f 1257 1255 812
f 1255 1257 1258
f 1258 1256 1255
f 1258 1259 1256
f 1258 1260 1259
f 1260 1261 1259
f 816 815 1262
f 1256 815 814
f 815 1263 1262
f 1256 1263 815
f 1256 1264 1263
f 1264 1262 1263
f 1259 1264 1256
f 1264 1265 1262
f 1259 1266 1264
f 1266 1265 1264
f 1261 1266 1259
f 1266 1267 1265
f 1268 812 817
f 812 1268 1269
f 1270 1271 1269
f 812 810 817
f 812 1269 1257
f 1269 1271 1257
f 1271 1258 1257
f 1271 1260 1258
f 1271 1272 1260
f 1273 1274 869
f 1273 1275 1276
f 1273 1276 1274
f 1276 1277 1274
f 1278 1279 1277
f 821 869 822
f 869 824 822
f 1274 824 869
f 824 1274 1280
f 1277 1280 1274
f 1279 1280 1277
f 824 1280 828
f 827 828 837
f 835 836 840
f 840 836 1281
f 828 1282 837
f 828 1280 1282
f 1282 1283 837
f 837 1283 836
f 1280 1284 1282
f 836 1283 1281
f 1279 1284 1280
f 1284 1285 1282
f 1282 1285 1283
f 1285 1281 1283
f 1285 1286 1281
f 1284 1286 1285
f 1284 1287 1286
f 1287 1288 1286
f 1284 1279 1287
f 840 1281 843
f 1289 1281 1286
f 1288 1289 1286
f 843 845 841
f 843 1281 845
f 1281 1289 845
f 845 844 841
f 1289 817 845
f 1289 1268 817
f 1289 1269 1268
f 1290 1291 849
f 1291 1290 1292
f 1292 1293 1291
f 1291 1294 849
f 849 1294 855
f 1295 1294 1291
f 1295 1291 1296
f 1296 1291 1293
f 1296 1297 1295
f 1298 856 855
f 856 1299 854
f 1295 1298 1294
f 1298 1299 856
f 1294 1298 855
f 1295 1300 1298
f 1298 1300 1299
f 1300 1301 1299
f 1302 1299 1301
f 1300 1295 1303
f 1300 1303 1301
f 1304 867 866
f 1304 1275 867
f 1299 1304 854
f 1304 866 854
f 1302 1305 1304
f 1305 1275 1304
f 1304 1299 1302
f 1302 1306 1305
f 1301 1306 1302
f 1305 1307 1275
f 1306 1307 1305
f 1301 1303 1306
f 1306 1308 1307
f 1308 1278 1307
f 1275 1273 867
f 1273 869 867
f 1276 1275 1307
f 1276 1307 1277
f 1309 1310 1311
f 1310 1312 1311
f 1313 1311 1312
f 1314 1313 1312
f 889 1313 870
f 871 870 1313
f 1313 1314 871
f 1315 879 1314
f 1314 879 871
f 1315 1316 1317
f 879 1315 1290
f 1317 1290 1315
f 871 879 877
f 1290 1317 1292
f 846 879 849
f 1290 849 879
f 1318 1319 1320
f 1320 1319 1321
f 1322 1320 1321
f 1322 1323 1324
f 1325 1326 1322
f 906 1323 1327
f 1323 1322 1328
f 1328 1327 1323
f 1322 1326 1328
f 1326 1329 1328
f 1329 1330 1328
f 1327 1331 906
f 1328 1331 1327
f 1328 1332 1331
f 1332 1333 1331
f 1328 1330 1332
f 1330 1334 1332
f 1334 1335 1332
f 1332 1335 1333
f 1329 1334 1330
f 1334 1336 1335
f 1329 1336 1334
f 1331 881 883
f 881 1331 1333
f 881 888 886
f 1333 888 881
f 1333 1335 888
f 1336 1337 1335
f 1335 1337 888
f 1338 1309 1336
f 1336 1309 1337
f 881 886 882
f 1309 1311 1337
f 1337 1311 889
f 889 1311 1313
f 1337 889 888
f 890 889 870
f 1339 1340 1341
f 1342 1341 1343
f 1344 1345 1346
f 1347 1348 1345
f 1345 1342 1349
f 1346 1345 1348
f 1342 1350 1349
f 1345 1349 1347
f 1351 1352 1353
f 1352 1351 1354
f 1355 1352 1354
f 1351 1346 1348
f 1348 1354 1351
f 1352 1356 1357
f 1357 1353 1352
f 1358 1353 1357
f 1356 1352 1355
f 1356 1355 1359
f 1356 1359 1360
f 1360 1357 1356
f 1359 1361 1362
f 1357 1363 1364
f 1363 928 1364
f 1363 1357 1365
f 1365 1357 1360
f 1365 1360 1366
f 1359 1362 1367
f 1367 1368 1366
f 1360 1367 1366
f 1360 1359 1367
f 1362 1368 1367
f 1369 928 1363
f 1369 1365 1370
f 1369 1363 1365
f 1365 1366 1370
f 1366 1318 1370
f 1318 1366 1368
f 1318 1368 1371
f 1369 896 928
f 1318 1320 1370
f 1369 894 896
f 1372 1373 1374
f 1372 894 1369
f 895 894 1372
f 1374 895 1372
f 1375 1373 1372
f 1369 1370 1372
f 1370 1320 1375
f 1320 1324 1375
f 1324 1373 1375
f 1372 1370 1375
f 1320 1322 1324
f 1374 901 895
f 899 901 1376
f 1374 1373 1377
f 1323 1376 901
f 901 1374 1377
f 1373 1324 1378
f 1378 1377 1373
f 901 1377 1378
f 901 1378 1323
f 1378 1324 1323
f 902 899 1376
f 906 902 1376
f 906 1376 1323
f 883 906 1331
f 1379 954 921
f 919 921 954
f 921 920 1380
f 1380 1379 921
f 1380 1381 1379
f 1380 1382 1381
f 1382 1383 1381
f 1384 1385 1386
f 1387 1388 1386
f 1386 1388 1384
f 1389 1388 1387
f 1388 1389 1390
f 1389 1387 1391
f 1389 1392 1390
f 1389 1393 1394
f 1393 1395 1394
f 1392 1394 1396
f 1392 1389 1394
f 1397 1395 1393
f 1393 1389 1391
f 1393 1398 1397
f 1391 1398 1393
f 1399 1400 1401
f 1395 1402 1394
f 1395 1399 1402
f 1402 1399 1403
f 1404 1403 1399
f 1399 1401 1404
f 1396 1402 1403
f 1396 1394 1402
f 1339 1400 1405
f 1405 1399 1395
f 1400 1399 1405
f 1397 1406 1405
f 1405 1406 1339
f 1395 1397 1405
f 1397 1407 1406
f 1397 1398 1407
f 1401 1408 1409
f 1408 1401 1410
f 1401 1411 1404
f 1409 1411 1401
f 1410 1401 1400
f 1341 1342 1410
f 1412 1410 1342
f 1410 1400 1341
f 1400 1339 1341
f 1409 1413 925
f 1408 1413 1409
f 1414 1344 1415
f 1408 1414 1413
f 1408 1410 1414
f 1415 1413 1414
f 1414 1410 1412
f 1412 1344 1414
f 1345 1412 1342
f 1344 1412 1345
f 1413 1416 925
f 1413 1417 1416
f 1415 1418 1417
f 1419 1417 1418
f 1416 1417 1419
f 1413 1415 1417
f 1419 1418 1353
f 1418 1351 1353
f 1418 1415 1344
f 1418 1344 1346
f 1351 1418 1346
f 1416 926 925
f 926 1419 927
f 926 1416 1419
f 1358 1419 1353
f 927 1419 1358
f 927 1358 1364
f 1364 1358 1357
f 1364 928 927
f 1379 1420 954
f 1421 1422 1384
f 1423 1424 1421
f 1421 1425 1423
f 1425 1426 1423
f 1388 1390 1421
f 1390 1425 1421
f 1388 1421 1384
f 1425 1427 1426
f 1427 1428 1426
f 1429 1396 1430
f 1425 1390 1429
f 1429 1430 1427
f 1425 1429 1427
f 1392 1429 1390
f 1392 1396 1429
f 1431 1428 1427
f 1404 1431 1403
f 1403 1430 1396
f 1403 1431 1430
f 1427 1430 1431
f 957 1428 1432
f 957 984 1428
f 1409 1432 1411
f 1411 1432 1428
f 1404 1411 1431
f 1411 1428 1431
f 1409 925 1432
f 925 955 1432
f 955 957 1432
f 1433 1434 979
f 1434 1433 1435
f 1433 979 980
f 1435 1436 1437
f 980 953 954
f 980 954 1433
f 1433 954 1420
f 1435 1433 1420
f 1420 1436 1435
f 1426 981 1438
f 1438 1423 1426
f 981 1426 1439
f 1428 984 1439
f 1439 1426 1428
f 1439 984 981
f 984 982 981
f 1440 1441 1442
f 1441 1440 1443
f 1040 1041 1444
f 1442 1040 1444
f 1442 1444 1445
f 1440 1442 1446
f 1442 1447 1446
f 1443 1440 1446
f 1047 1048 1448
f 1444 1041 1049
f 1049 1047 1449
f 1047 1448 1449
f 1448 1450 1449
f 1444 1049 1445
f 1445 1049 1449
f 1451 1449 1450
f 1445 1449 1451
f 1451 1450 1452
f 1453 1452 1450
f 1451 1442 1445
f 1442 1451 1447
f 1451 1452 1447
f 1452 1454 1447
f 1454 1452 1453
f 1454 1453 1455
f 1053 1060 1048
f 1060 1456 1048
f 1456 1060 1457
f 1450 1448 1456
f 1448 1048 1456
f 1457 1458 1456
f 1450 1456 1458
f 1459 1458 1457
f 1450 1458 1453
f 1453 1458 1459
f 1460 1461 1459
f 1460 1462 1461
f 1459 1461 1453
f 1059 1058 1463
f 1434 1058 979
f 1460 1059 1463
f 1058 1434 1463
f 1060 1059 1460
f 1060 1460 1457
f 1460 1463 1434
f 1459 1457 1460
f 1434 1435 1464
f 1462 1460 1464
f 1464 1460 1434
f 1058 978 979
f 981 983 1465
f 1466 1467 1468
f 983 1466 1468
f 983 1467 1466
f 1469 1468 1467
f 983 986 1467
f 986 1063 1467
f 1063 1469 1467
f 1469 1063 1470
f 1471 1472 1073
f 986 1061 1063
f 1472 1066 1073
f 1472 1063 1066
f 1063 1064 1066
f 1179 1473 1072
f 1072 1071 1179
f 1474 1168 1170
f 1175 1170 1169
f 1170 1173 1475
f 1474 1170 1476
f 1170 1475 1476
f 1477 1474 1476
f 1477 1476 1478
f 1478 1479 1477
f 1173 1178 1475
f 1480 1475 1481
f 1475 1178 1481
f 1476 1475 1480
f 1480 1481 1482
f 1476 1480 1478
f 1479 1478 1483
f 1478 1480 1483
f 1483 1480 1482
f 1479 1483 1484
f 1483 1482 1485
f 1484 1483 1485
f 1178 1486 1481
f 1481 1486 1482
f 1482 1486 1485
f 1486 1178 1037
f 1486 1037 1485
f 1442 1441 1485
f 1037 1040 1485
f 1485 1040 1442
f 1487 1488 1468
f 1468 1469 1487
f 1488 1487 1489
f 1470 1063 1472
f 1472 1471 1470
f 1490 1471 1491
f 1471 1073 1491
f 1492 1493 1494
f 1491 1073 1473
f 1492 1494 1491
f 1065 1072 1473
f 1473 1073 1065
f 1473 1179 1495
f 1495 1491 1473
f 1495 1179 1180
f 1491 1495 1492
f 1181 1492 1180
f 1495 1180 1492
f 1180 1080 1181
f 1492 1181 1496
f 1182 1496 1181
f 1497 1492 1496
f 1497 1493 1492
f 1498 1496 1182
f 1496 1498 1497
f 1499 1497 1498
f 1497 1500 1493
f 1184 1498 1182
f 1501 1498 1184
f 1187 1501 1184
f 1501 1499 1498
f 1499 1501 1502
f 1502 1501 1503
f 1501 1193 1503
f 1502 1497 1499
f 1503 1504 1502
f 1193 1501 1187
f 1191 1193 1187
f 1192 1503 1193
f 1503 1192 1505
f 1503 1505 1504
f 1504 1505 1506
f 1506 1507 1504
f 1192 1198 1508
f 1508 1505 1192
f 1199 1508 1198
f 1508 1199 1509
f 1510 1505 1508
f 1506 1505 1510
f 1510 1508 1511
f 1508 1509 1511
f 1512 1206 1207
f 1199 1205 1513
f 1513 1205 1514
f 1205 1206 1514
f 1206 1512 1514
f 1513 1509 1199
f 1514 1509 1513
f 1509 1514 1515
f 1514 1512 1515
f 1509 1515 1516
f 1509 1516 1517
f 1509 1517 1511
f 1512 1207 1518
f 1207 1212 1518
f 1518 1212 1519
f 1212 1214 1519
f 1515 1512 1518
f 1520 1518 1519
f 1520 1519 1521
f 1518 1520 1522
f 1521 1519 1523
f 1520 1521 1524
f 1521 1525 1524
f 1519 1214 1218
f 1519 1218 1523
f 1523 1526 1525
f 1523 1525 1521
f 1525 1526 1527
f 1523 1218 1222
f 1528 1523 1222
f 1221 1528 1222
f 1526 1523 1528
f 1225 1230 1228
f 1221 1229 1528
f 1229 1230 1529
f 1529 1230 1530
f 1531 1528 1229
f 1529 1531 1229
f 1528 1531 1526
f 1531 1529 1532
f 1527 1526 1531
f 1531 1532 1527
f 1527 1532 1533
f 1532 1534 1533
f 1527 1533 1535
f 1535 1533 1536
f 1230 1225 1234
f 1235 1236 1537
f 1230 1234 1530
f 1234 1235 1530
f 1529 1530 1538
f 1530 1235 1537
f 1529 1538 1532
f 1538 1530 1537
f 1534 1532 1538
f 1534 1538 1537
f 1539 1534 1540
f 1243 1244 1541
f 1243 1541 1542
f 1542 1537 1236
f 1243 1542 1236
f 1543 1542 1541
f 1542 1543 1544
f 1544 1543 1545
f 1537 1542 1534
f 1534 1542 1544
f 1545 1543 1546
f 1534 1544 1540
f 1545 1547 1544
f 1544 1547 1540
f 1247 1249 1548
f 1249 1248 1549
f 1244 1245 1541
f 1541 1245 1550
f 1245 1247 1550
f 1550 1247 1548
f 1548 1249 1551
f 1551 1249 1552
f 1543 1541 1550
f 1543 1550 1553
f 1550 1548 1553
f 1548 1551 1553
f 1551 1552 1554
f 1543 1553 1546
f 1546 1553 1551
f 1554 1555 1551
f 1546 1551 1556
f 1546 1556 1557
f 1556 1551 1555
f 1545 1546 1557
f 1248 1250 1549
f 1549 1250 1558
f 1249 1549 1552
f 1552 1549 1559
f 1559 1549 1560
f 1549 1558 1560
f 1558 1561 1560
f 1552 1559 1554
f 1559 1562 1554
f 1559 1560 1562
f 1562 1560 1563
f 1563 1560 1564
f 1554 1562 1565
f 1565 1562 1566
f 1562 1563 1566
f 1566 1563 1567
f 1563 1564 1567
f 1566 1567 1568
f 1555 1554 1565
f 1569 1568 1567
f 1555 1565 1570
f 1570 1565 1566
f 1250 1251 1558
f 1251 1571 1558
f 1558 1571 1561
f 1572 1561 1571
f 1564 1560 1561
f 1564 1561 1572
f 1571 1573 1572
f 1572 1569 1564
f 1574 1572 1573
f 1567 1564 1569
f 1569 1572 1574
f 1573 1575 1574
f 1251 1252 1571
f 1571 1252 1576
f 1252 1253 1168
f 1571 1576 1573
f 1252 1168 1577
f 1576 1252 1577
f 1578 1576 1577
f 1573 1576 1578
f 1578 1577 1579
f 1580 1573 1578
f 1573 1580 1575
f 1251 1254 1253
f 1254 1164 1253
f 1164 1166 1253
f 1253 1166 1168
f 1577 1168 1581
f 1579 1577 1582
f 1577 1581 1582
f 1582 1581 1583
f 1579 1582 1584
f 1582 1583 1584
f 1583 1581 1585
f 1583 1585 1586
f 1586 1585 1587
f 1585 1581 1474
f 1585 1474 1588
f 1581 1168 1474
f 1474 1477 1588
f 1479 1588 1477
f 1502 1504 1507
f 1507 1497 1502
f 1510 1511 1589
f 1507 1506 1590
f 1590 1506 1591
f 1506 1510 1591
f 1591 1510 1589
f 1589 1511 1517
f 1516 1515 1522
f 1592 1517 1593
f 1517 1516 1593
f 1593 1516 1522
f 1589 1517 1592
f 1515 1518 1522
f 1522 1520 1524
f 1594 1522 1524
f 1524 1525 1527
f 1524 1527 1595
f 1270 1596 1271
f 1596 1272 1271
f 1272 1597 1598
f 1272 1596 1597
f 1272 1598 1599
f 1598 1600 1599
f 1597 1600 1598
f 1597 1601 1600
f 1602 1603 1600
f 1602 1600 1604
f 1272 1599 1260
f 1260 1599 1605
f 1603 1605 1599
f 1603 1606 1605
f 1599 1600 1603
f 1603 1602 1606
f 1607 1602 1604
f 1260 1608 1261
f 1261 1608 1266
f 1608 1267 1266
f 1608 1609 1267
f 1267 1609 1610
f 1608 1611 1609
f 1260 1611 1608
f 1611 1612 1609
f 1612 1613 1609
f 1609 1613 1610
f 1605 1611 1260
f 1602 1611 1605
f 1612 1611 1602
f 1613 1612 1614
f 1614 1615 1613
f 1602 1605 1606
f 1612 1602 1606
f 1612 1606 1602
f 1616 1612 1602
f 1614 1612 1616
f 1615 1614 1616
f 1617 1615 1616
f 1602 1607 1618
f 1602 1618 1616
f 1615 1619 1613
f 1615 1620 1619
f 1621 1615 1617
f 1620 1615 1621
f 1620 1621 1622
f 1287 1623 1288
f 1623 1624 1288
f 1625 1623 1287
f 1625 1624 1623
f 1288 1626 1289
f 1626 1288 1627
f 1288 1624 1627
f 1624 1628 1627
f 1624 1629 1628
f 1629 1630 1628
f 1627 1631 1626
f 1628 1631 1627
f 1628 1632 1631
f 1632 1628 1630
f 1289 1626 1269
f 1632 1633 1631
f 1632 1634 1633
f 1626 1631 1269
f 1596 1631 1633
f 1633 1635 1596
f 1631 1270 1269
f 1596 1270 1631
f 1596 1635 1597
f 1635 1601 1597
f 1636 1600 1601
f 1600 1636 1604
f 1622 1637 1620
f 1638 1293 1292
f 1293 1638 1639
f 1638 1640 1639
f 1638 1641 1640
f 1293 1297 1296
f 1297 1642 1295
f 1293 1643 1297
f 1643 1644 1297
f 1297 1644 1642
f 1639 1643 1293
f 1639 1645 1643
f 1645 1644 1643
f 1639 1640 1645
f 1644 1645 1646
f 1644 1646 1647
f 1640 1648 1645
f 1645 1648 1646
f 1648 1649 1646
f 1295 1642 1303
f 1650 1651 1303
f 1303 1651 1306
f 1652 1650 1303
f 1650 1653 1651
f 1642 1652 1303
f 1652 1654 1650
f 1642 1647 1652
f 1652 1647 1654
f 1650 1654 1653
f 1644 1647 1642
f 1654 1655 1653
f 1649 1654 1647
f 1649 1656 1654
f 1656 1655 1654
f 1646 1649 1647
f 1651 1308 1306
f 1651 1657 1308
f 1308 1657 1278
f 1653 1655 1651
f 1651 1655 1657
f 1658 1278 1657
f 1658 1287 1278
f 1658 1657 1655
f 1658 1659 1287
f 1660 1658 1655
f 1660 1655 1656
f 1307 1278 1277
f 1287 1279 1278
f 1659 1661 1287
f 1625 1287 1661
f 1659 1662 1661
f 1661 1662 1663
f 1661 1663 1625
f 1625 1664 1624
f 1624 1664 1629
f 1664 1665 1629
f 1666 1667 1310
f 1666 1668 1667
f 1310 1667 1312
f 1312 1667 1669
f 1667 1670 1669
f 1667 1668 1670
f 1669 1314 1312
f 1670 1316 1669
f 1314 1669 1315
f 1669 1316 1315
f 1316 1671 1317
f 1316 1672 1671
f 1317 1671 1292
f 1673 1638 1671
f 1671 1638 1292
f 1674 1675 1676
f 1677 1674 1676
f 1675 1678 1676
f 1679 1680 1681
f 1679 1682 1680
f 1678 1683 1684
f 1679 1684 1683
f 1679 1683 1682
f 1678 1685 1683
f 1682 1683 1686
f 1687 1688 1689
f 1680 1690 1688
f 1680 1682 1690
f 1688 1691 1689
f 1688 1690 1691
f 1691 1690 1692
f 1692 1693 1691
f 1690 1694 1692
f 1692 1695 1693
f 1696 1362 1361
f 1355 1689 1361
f 1689 1696 1361
f 1691 1696 1689
f 1691 1693 1696
f 1693 1697 1362
f 1362 1697 1371
f 1693 1362 1696
f 1693 1695 1698
f 1698 1697 1693
f 1699 1698 1700
f 1698 1699 1697
f 1318 1371 1319
f 1368 1362 1371
f 1319 1371 1701
f 1697 1701 1371
f 1701 1702 1319
f 1697 1703 1701
f 1703 1704 1702
f 1701 1703 1702
f 1697 1699 1703
f 1699 1704 1703
f 1699 1338 1704
f 1699 1705 1338
f 1319 1702 1321
f 1322 1321 1325
f 1702 1325 1321
f 1704 1706 1325
f 1704 1325 1702
f 1704 1338 1706
f 1325 1329 1326
f 1325 1706 1329
f 1329 1706 1338
f 1338 1707 1310
f 1329 1338 1336
f 1310 1309 1338
f 1708 1709 1710
f 1711 1712 1713
f 1712 1711 1709
f 1714 1715 1716
f 1717 1718 1719
f 1720 1721 1722
f 1719 1723 1724
f 1719 1718 1723
f 1720 1719 1724
f 1720 1722 1715
f 1720 1724 1725
f 1720 1725 1726
f 1721 1720 1726
f 1724 1723 1725
f 1725 1727 1726
f 1728 1727 1718
f 1713 1728 1718
f 1718 1727 1725
f 1723 1718 1725
f 1729 1716 1730
f 1715 1722 1730
f 1716 1715 1730
f 1730 1722 1721
f 1731 1730 1721
f 1732 1733 1731
f 1726 1732 1721
f 1731 1721 1732
f 1734 1735 1733
f 1733 1732 1734
f 1730 1736 1737
f 1737 1729 1730
f 1398 1729 1737
f 1730 1738 1736
f 1738 1739 1736
f 1730 1731 1738
f 1738 1740 1739
f 1731 1733 1738
f 1741 1742 1740
f 1733 1735 1740
f 1738 1733 1740
f 1406 1407 1743
f 1340 1406 1743
f 1339 1406 1340
f 1743 1744 1745
f 1745 1340 1743
f 1737 1743 1407
f 1736 1744 1743
f 1736 1743 1737
f 1736 1746 1744
f 1736 1739 1746
f 1739 1747 1746
f 1747 1677 1746
f 1740 1748 1739
f 1748 1747 1739
f 1740 1742 1748
f 1340 1745 1343
f 1342 1343 1350
f 1341 1340 1343
f 1749 1750 1751
f 1751 1350 1749
f 1744 1752 1745
f 1343 1745 1752
f 1752 1750 1749
f 1753 1751 1750
f 1752 1744 1746
f 1749 1343 1752
f 1350 1343 1749
f 1746 1750 1752
f 1753 1750 1754
f 1746 1755 1750
f 1755 1754 1750
f 1746 1677 1755
f 1754 1755 1676
f 1676 1755 1677
f 1756 1354 1348
f 1757 1756 1347
f 1348 1347 1756
f 1349 1350 1751
f 1757 1349 1751
f 1347 1349 1757
f 1751 1758 1757
f 1756 1757 1758
f 1759 1756 1758
f 1354 1756 1759
f 1681 1680 1759
f 1753 1684 1758
f 1684 1681 1758
f 1758 1681 1759
f 1758 1751 1753
f 1684 1753 1754
f 1684 1679 1681
f 1684 1754 1678
f 1678 1754 1676
f 1355 1354 1687
f 1759 1680 1687
f 1689 1355 1687
f 1687 1354 1759
f 1688 1687 1680
f 1355 1361 1359
f 1381 1760 1761
f 1381 1383 1760
f 1383 1762 1760
f 1383 1763 1762
f 1764 1765 1766
f 1767 1766 1765
f 1768 1766 1767
f 1765 1769 1770
f 1771 1772 1773
f 1773 1772 1774
f 1774 1772 1775
f 1772 1771 1776
f 1776 1764 1766
f 1776 1771 1764
f 1777 1778 1772
f 1778 1775 1772
f 1779 1775 1778
f 1777 1776 1768
f 1772 1776 1777
f 1776 1766 1768
f 1780 1781 1782
f 1781 1774 1783
f 1782 1781 1783
f 1774 1781 1773
f 1783 1774 1775
f 1783 1784 1782
f 1783 1775 1785
f 1784 1783 1785
f 1785 1775 1786
f 1780 1782 1787
f 1788 1780 1787
f 1422 1788 1787
f 1787 1789 1422
f 1787 1782 1790
f 1789 1787 1790
f 1791 1790 1782
f 1791 1782 1784
f 1784 1785 1792
f 1791 1784 1792
f 1785 1793 1792
f 1792 1793 1710
f 1708 1710 1793
f 1791 1792 1710
f 1422 1789 1385
f 1385 1384 1422
f 1794 1795 1796
f 1385 1789 1794
f 1796 1385 1794
f 1790 1797 1789
f 1794 1798 1795
f 1795 1798 1717
f 1794 1789 1797
f 1798 1713 1718
f 1797 1713 1798
f 1717 1798 1718
f 1790 1799 1797
f 1798 1794 1797
f 1799 1710 1711
f 1791 1710 1799
f 1713 1799 1711
f 1797 1799 1713
f 1799 1790 1791
f 1711 1710 1709
f 1386 1385 1796
f 1795 1714 1386
f 1386 1796 1795
f 1717 1719 1795
f 1720 1795 1719
f 1714 1795 1720
f 1715 1714 1720
f 1386 1716 1387
f 1387 1716 1391
f 1716 1729 1391
f 1714 1716 1386
f 1398 1391 1729
f 1407 1398 1737
f 1800 1801 1802
f 1802 1801 1803
f 1801 1760 1803
f 1802 1803 1762
f 1437 1804 1800
f 1804 1801 1800
f 1804 1760 1801
f 1804 1436 1379
f 1436 1420 1379
f 1804 1379 1381
f 1381 1761 1804
f 1804 1761 1760
f 1805 1806 1807
f 1808 1809 1810
f 1811 1809 1808
f 1810 1809 1812
f 1812 1813 1810
f 1814 1813 1812
f 1815 1814 1809
f 1809 1814 1812
f 1807 1806 1816
f 1816 1815 1809
f 1816 1806 1815
f 1810 1817 1818
f 1819 1820 1817
f 1817 1821 1822
f 1810 1821 1817
f 1822 1819 1817
f 1823 1824 1825
f 1823 1822 1821
f 1822 1825 1819
f 1821 1810 1813
f 1823 1769 1824
f 1823 1826 1769
f 1825 1822 1823
f 1813 1823 1821
f 1827 1826 1823
f 1813 1828 1823
f 1829 1830 1831
f 1831 1830 1832
f 1829 1831 1833
f 1829 1819 1825
f 1830 1829 1825
f 1829 1833 1819
f 1830 1824 1834
f 1824 1830 1825
f 1834 1824 1765
f 1764 1834 1765
f 1769 1765 1824
f 1835 1836 1438
f 1835 1837 1836
f 1838 1839 1840
f 1832 1830 1841
f 1841 1837 1832
f 1837 1841 1838
f 1837 1835 1832
f 1839 1773 1840
f 1838 1841 1839
f 1834 1764 1771
f 1771 1842 1834
f 1839 1842 1771
f 1773 1839 1771
f 1842 1830 1834
f 1841 1830 1842
f 1842 1839 1841
f 1423 1836 1424
f 1843 1836 1838
f 1836 1837 1838
f 1843 1840 1781
f 1780 1843 1781
f 1843 1838 1840
f 1773 1781 1840
f 1788 1422 1424
f 1843 1788 1424
f 1843 1424 1836
f 1780 1788 1843
f 1424 1422 1421
f 1844 1845 1846
f 1845 1844 1847
f 1846 1848 1849
f 1846 1845 1848
f 1845 1847 1802
f 1435 1437 1847
f 1800 1847 1437
f 1847 1800 1802
f 1437 1436 1804
f 1850 1851 1852
f 1853 1850 1852
f 1854 1852 1855
f 1856 1854 1855
f 1853 1852 1854
f 1854 1856 1857
f 1858 1859 1860
f 1851 1850 1861
f 1850 1858 1861
f 1807 1811 1859
f 1862 1807 1850
f 1807 1859 1850
f 1858 1850 1859
f 1807 1862 1805
f 1850 1863 1862
f 1858 1864 1865
f 1866 1867 1864
f 1868 1866 1869
f 1869 1864 1858
f 1869 1866 1864
f 1808 1869 1811
f 1869 1808 1868
f 1810 1868 1808
f 1859 1811 1860
f 1811 1869 1860
f 1869 1858 1860
f 1816 1809 1811
f 1816 1811 1807
f 1870 1871 1872
f 1872 1871 1873
f 1874 1867 1875
f 1867 1873 1875
f 1873 1871 1875
f 1872 1820 1833
f 1833 1870 1872
f 1868 1872 1866
f 1866 1873 1867
f 1873 1866 1872
f 1817 1820 1818
f 1819 1833 1820
f 1872 1818 1820
f 1810 1818 1868
f 1818 1872 1868
f 1876 1877 1438
f 1438 981 1876
f 1876 1878 1870
f 1871 1870 1878
f 1876 981 1878
f 1871 1879 1875
f 1871 1878 1879
f 1833 1831 1877
f 1832 1835 1877
f 1831 1832 1877
f 1877 1876 1833
f 1870 1833 1876
f 1438 1836 1423
f 1835 1438 1877
f 1880 1441 1443
f 1446 1447 1881
f 1446 1881 1443
f 1881 1882 1443
f 1880 1443 1882
f 1883 1882 1884
f 1885 1884 1882
f 1886 1880 1883
f 1883 1880 1882
f 1882 1881 1885
f 1884 1887 1883
f 1888 1886 1889
f 1889 1886 1883
f 1883 1887 1889
f 1454 1885 1447
f 1454 1890 1885
f 1890 1454 1455
f 1447 1885 1881
f 1455 1891 1890
f 1885 1892 1893
f 1885 1890 1892
f 1884 1885 1893
f 1892 1890 1894
f 1890 1891 1894
f 1893 1892 1895
f 1895 1892 1894
f 1893 1887 1884
f 1894 1896 1895
f 1887 1893 1895
f 1455 1453 1897
f 1898 1461 1462
f 1455 1897 1891
f 1461 1898 1453
f 1898 1891 1897
f 1891 1898 1899
f 1898 1462 1899
f 1897 1453 1898
f 1462 1900 1899
f 1899 1901 1891
f 1901 1899 1902
f 1899 1900 1902
f 1903 1902 1849
f 1902 1904 1849
f 1894 1891 1896
f 1901 1903 1891
f 1902 1903 1901
f 1900 1904 1902
f 1903 1896 1891
f 1464 1904 1462
f 1904 1464 1844
f 1844 1464 1435
f 1900 1462 1904
f 1435 1847 1844
f 1844 1846 1904
f 1849 1904 1846
f 1905 1906 1907
f 1908 1907 1909
f 1910 1911 1912
f 1910 1912 1913
f 1856 1914 1915
f 1906 1856 1915
f 1911 1906 1915
f 1915 1912 1911
f 1916 1856 1906
f 1911 1907 1906
f 1907 1911 1909
f 1913 1917 1918
f 1917 1919 1918
f 1920 1921 1922
f 1922 1917 1923
f 1922 1921 1917
f 1912 1917 1913
f 1914 1924 1923
f 1855 1852 1924
f 1852 1920 1924
f 1920 1852 1851
f 1922 1923 1924
f 1920 1922 1924
f 1923 1917 1912
f 1914 1855 1924
f 1914 1856 1855
f 1915 1914 1923
f 1915 1923 1912
f 1925 1926 1927
f 1927 1926 1928
f 1929 1927 1930
f 1927 1928 1930
f 1930 1928 1931
f 1932 1861 1933
f 1861 1858 1933
f 1932 1933 1927
f 1921 1920 1932
f 1932 1927 1929
f 1917 1921 1919
f 1921 1932 1919
f 1932 1929 1919
f 1919 1929 1930
f 1919 1930 1918
f 1932 1851 1861
f 1920 1851 1932
f 1934 1874 1935
f 1934 1935 1928
f 1928 1926 1934
f 1865 1864 1874
f 1874 1864 1867
f 1858 1865 1933
f 1933 1925 1927
f 1933 1865 1925
f 1874 1934 1865
f 1925 1865 1926
f 1865 1934 1926
f 1875 1879 1935
f 1935 1879 1465
f 1874 1875 1935
f 1465 1931 1935
f 983 1931 1465
f 1878 981 1879
f 981 1465 1879
f 1479 1484 1936
f 1937 1936 1938
f 1936 1441 1938
f 1939 1938 1880
f 1938 1441 1880
f 1938 1939 1937
f 1939 1880 1940
f 1484 1485 1441
f 1936 1484 1441
f 1941 1942 1943
f 1943 1942 1944
f 1945 1908 1941
f 1946 1941 1943
f 1946 1943 1947
f 1908 1909 1941
f 1909 1942 1941
f 1913 1948 1942
f 1910 1913 1942
f 1909 1910 1942
f 1909 1911 1910
f 1913 1918 1948
f 1948 1918 1931
f 1948 1931 1949
f 1931 1950 1949
f 1931 1951 1950
f 1918 1930 1931
f 1935 1931 1928
f 1931 983 1951
f 1951 983 1952
f 983 1468 1952
f 1468 1488 1952
f 1953 1952 1488
f 1954 1953 1488
f 1488 1489 1954
f 1955 1954 1489
f 1489 1487 1470
f 1487 1469 1470
f 1470 1490 1489
f 1489 1490 1956
f 1957 1490 1958
f 1470 1471 1490
f 1958 1490 1491
f 1958 1491 1494
f 1959 1958 1494
f 1533 1534 1960
f 1534 1539 1960
f 1540 1961 1539
f 1961 1540 1547
f 1547 1545 1557
f 1961 1547 1962
f 1962 1547 1557
f 1962 1557 1963
f 1557 1964 1963
f 1557 1556 1965
f 1965 1556 1966
f 1556 1555 1966
f 1557 1965 1964
f 1964 1965 1966
f 1966 1967 1964
f 1968 1963 1964
f 1964 1967 1969
f 1970 1964 1969
f 1555 1570 1966
f 1570 1566 1971
f 1566 1568 1971
f 1971 1568 1972
f 1568 1569 1972
f 1570 1967 1966
f 1570 1971 1973
f 1971 1972 1973
f 1570 1973 1974
f 1974 1973 1975
f 1969 1967 1974
f 1967 1570 1974
f 1976 1969 1974
f 1974 1975 1976
f 1574 1575 1977
f 1569 1574 1977
f 1972 1569 1975
f 1975 1569 1977
f 1977 1575 1978
f 1977 1978 1979
f 1973 1972 1975
f 1975 1977 1979
f 1979 1978 1980
f 1976 1975 1981
f 1975 1979 1981
f 1981 1979 1980
f 1976 1981 1982
f 1578 1579 1580
f 1575 1580 1983
f 1580 1579 1983
f 1983 1579 1584
f 1575 1983 1984
f 1978 1575 1984
f 1984 1983 1985
f 1978 1986 1987
f 1978 1984 1986
f 1980 1978 1987
f 1986 1984 1988
f 1984 1985 1988
f 1987 1986 1989
f 1989 1986 1990
f 1986 1988 1990
f 1988 1985 1991
f 1990 1988 1991
f 1980 1987 1989
f 1584 1583 1586
f 1584 1586 1992
f 1992 1586 1993
f 1584 1992 1983
f 1992 1993 1994
f 1983 1992 1985
f 1985 1992 1994
f 1991 1985 1994
f 1991 1994 1995
f 1995 1994 1996
f 1587 1585 1997
f 1993 1586 1587
f 1993 1587 1998
f 1994 1993 1998
f 1994 1998 1996
f 1996 1998 1997
f 1999 1997 2000
f 1999 1996 1997
f 1585 1588 2001
f 1585 2001 1997
f 1588 2002 2001
f 1998 1587 1997
f 1997 2001 2002
f 1997 2002 2003
f 2003 2002 2004
f 2000 1997 2003
f 2005 1588 2006
f 1588 2005 2002
f 2002 2005 2007
f 2007 2005 2008
f 2005 2006 2008
f 2008 2006 2009
f 2007 2004 2002
f 2008 2009 2010
f 2004 2007 2011
f 2007 2008 2011
f 2011 2008 2010
f 2009 2012 2010
f 1588 1479 2006
f 2009 2006 2013
f 2006 1479 2013
f 2009 2013 2014
f 2013 1937 2014
f 2009 2014 2012
f 2014 2015 2012
f 2013 1479 1936
f 1937 2013 1936
f 2014 1937 1939
f 2015 2014 1940
f 2014 1939 1940
f 2016 1946 1947
f 1947 2017 2016
f 2018 2016 2019
f 2016 2017 2019
f 2019 2020 2018
f 2020 2019 2021
f 2019 2022 2021
f 2019 2017 2022
f 1944 1942 1948
f 2023 1947 1944
f 1948 2024 1944
f 2017 1947 2023
f 2017 2023 2025
f 1944 2024 2023
f 2023 2024 2025
f 2024 2026 2025
f 2024 1949 2026
f 1949 1950 2026
f 1947 1943 1944
f 2024 1948 1949
f 1952 2027 1950
f 2027 2028 2029
f 1951 1952 1950
f 1952 2030 2028
f 1952 2028 2027
f 2031 2030 2032
f 2031 2028 2030
f 2033 2034 2031
f 1952 1953 2030
f 1953 2032 2030
f 2032 2035 2031
f 1953 2035 2032
f 2035 2033 2031
f 2035 2036 2033
f 1954 2035 1953
f 2037 2035 1954
f 2037 2036 2035
f 1955 2037 1954
f 2037 1955 2038
f 1956 1955 1489
f 1490 1957 1956
f 1955 1956 2038
f 1956 1957 2039
f 2038 1956 2039
f 2039 1957 2040
f 2038 2039 2040
f 1959 2041 1958
f 2042 2041 1959
f 1957 1958 2041
f 2041 2042 2043
f 2043 2042 2044
f 1959 1494 1493
f 2045 2042 1959
f 1493 2045 1959
f 2046 2045 1493
f 2045 2046 2047
f 1507 2046 1493
f 2046 1507 2048
f 2048 1507 2049
f 1507 2050 2049
f 1500 1507 1493
f 2049 2050 2051
f 1497 1507 1500
f 2052 2051 2050
f 2050 1507 2053
f 1507 1590 2053
f 2053 1590 2054
f 2050 2053 2052
f 2053 2054 2055
f 2052 2053 2055
f 2052 2055 2056
f 1590 1591 2054
f 2054 1591 1592
f 1591 1589 1592
f 2054 1592 2057
f 2054 2057 2055
f 2055 2057 2058
f 2055 2058 2059
f 1592 1593 2060
f 1593 1522 1594
f 2061 1592 2060
f 2060 1593 2062
f 1593 1594 2062
f 2061 2060 2062
f 2061 2057 1592
f 2063 2057 2061
f 2061 2062 2064
f 2063 2061 2064
f 2057 2063 2058
f 2063 2064 2058
f 2058 2064 2065
f 2065 2064 2066
f 2059 2058 2065
f 1594 1524 1595
f 2062 1594 2067
f 1594 1595 2067
f 2067 1595 2068
f 2062 2067 2069
f 2067 2068 2070
f 2062 2069 2064
f 2068 2071 2070
f 2070 2069 2067
f 2069 2070 2072
f 2070 2071 2072
f 2066 2064 2069
f 2069 2072 2073
f 2066 2069 2073
f 2073 2072 2074
f 2072 2071 2074
f 1595 1527 2075
f 1595 2075 2068
f 2068 2075 2076
f 2068 2076 2071
f 2071 2076 2077
f 2074 2071 2077
f 2078 2077 2079
f 2077 2076 2079
f 2075 1527 1535
f 2080 2075 1535
f 2080 2076 2075
f 2076 2080 2081
f 2076 2081 2082
f 2079 2076 2082
f 1535 1536 2080
f 1536 1533 1960
f 2080 1536 2083
f 2083 1536 2084
f 2080 2083 2081
f 2083 2084 2085
f 2081 2083 2086
f 1960 1539 2087
f 2087 1539 1961
f 1536 1960 2084
f 1961 2088 2087
f 1960 2087 2089
f 2089 2087 2088
f 1960 2089 2090
f 2084 1960 2085
f 2085 1960 2090
f 2090 2089 2091
f 2089 2088 2091
f 2091 2088 2092
f 2085 2090 2093
f 2093 2090 2091
f 1961 1962 2088
f 2088 1962 2094
f 2094 1962 1963
f 2088 2094 2095
f 2095 2094 1968
f 2094 1963 1968
f 2092 2088 2095
f 2096 1968 1964
f 2092 2095 2097
f 2097 2095 1968
f 2096 1964 1970
f 2098 2099 2100
f 2021 2022 2099
f 2022 2017 2025
f 2025 2101 2022
f 2025 2026 2101
f 2099 2101 2100
f 2099 2022 2101
f 2100 2101 2102
f 2102 2101 2026
f 2026 2103 2104
f 2102 2026 2104
f 2026 1950 2103
f 2103 2105 2106
f 2105 2107 2106
f 2107 2108 2106
f 2027 2103 1950
f 2103 2027 2105
f 2027 2029 2105
f 2105 2029 2107
f 2109 2107 2029
f 2107 2109 2110
f 2109 2111 2110
f 2107 2110 2108
f 2028 2109 2029
f 2109 2034 2111
f 2109 2112 2034
f 2109 2028 2112
f 2028 2031 2112
f 1635 1633 1634
f 1636 1601 2113
f 1604 1636 2113
f 1604 2113 2114
f 1604 2114 2115
f 2116 2115 2117
f 2115 2114 2117
f 2117 2118 2116
f 2115 2119 1604
f 2119 2115 2116
f 2116 2120 2119
f 2119 2120 2121
f 2120 2116 2118
f 2120 2118 2122
f 2120 2122 2123
f 1607 1604 2124
f 1607 2124 2125
f 1618 1607 2125
f 2126 1618 2125
f 2124 1604 2119
f 2125 2124 2121
f 2119 2121 2124
f 2125 2121 2127
f 2125 2127 2128
f 2123 2127 2121
f 2127 2122 2128
f 2120 2123 2121
f 2123 2122 2127
f 1616 1618 2129
f 1617 1616 2129
f 1621 1617 2130
f 2129 2130 1617
f 1618 2126 2129
f 2129 2131 2130
f 2126 2132 2129
f 2129 2133 2131
f 2132 2126 2125
f 2133 2129 2132
f 2131 2133 2134
f 2135 2131 2134
f 2136 2131 2135
f 2125 2128 2132
f 2132 2128 2134
f 2132 2134 2133
f 2134 2128 2137
f 2122 2137 2128
f 2134 2137 2135
f 2137 2138 2135
f 2139 1621 2130
f 1622 1621 2139
f 1637 1622 2139
f 2130 2131 2139
f 1637 2139 2140
f 2141 2139 2131
f 2140 2139 2141
f 2136 2141 2131
f 2140 2141 2142
f 2136 2142 2141
f 2142 2143 2140
f 2136 2144 2142
f 2142 2144 2145
f 2142 2145 2143
f 2136 2135 2144
f 2143 2145 2146
f 2147 2146 2145
f 2148 1641 1638
f 1641 2149 1640
f 1640 2149 1648
f 2149 2150 1648
f 1648 2150 1649
f 2149 1641 2151
f 2149 2151 2150
f 2152 2153 2151
f 2154 2153 2152
f 2154 2152 2155
f 1649 2156 1656
f 1649 2150 2156
f 2156 2157 1656
f 2150 2151 2156
f 2158 2157 2156
f 2151 2158 2156
f 2151 2153 2159
f 2158 2151 2159
f 2160 2158 2159
f 2161 2158 2160
f 2162 2160 2159
f 1656 2157 1660
f 1660 1659 1658
f 1660 2157 1662
f 1659 1660 1662
f 1662 2157 2161
f 2157 2158 2161
f 2161 2163 1662
f 2163 2164 2165
f 2164 2163 2161
f 2164 2161 2160
f 2166 2165 2164
f 2167 2165 2166
f 2168 1625 1663
f 1662 2163 1663
f 2163 2168 1663
f 2165 2168 2163
f 2165 2169 2168
f 2169 2165 2167
f 2170 1625 2168
f 2171 2170 2168
f 2168 2169 2171
f 1625 2170 1664
f 2169 2172 2171
f 2170 2173 1664
f 2170 2171 2173
f 2173 2171 2174
f 2172 2174 2171
f 1664 2173 1665
f 1629 1665 1630
f 2174 2175 2173
f 2173 2175 1665
f 2176 2174 2172
f 2176 2172 2177
f 1665 2175 1630
f 1634 2178 1635
f 2179 1632 1630
f 1634 1632 2179
f 2179 2180 1634
f 2180 2178 1634
f 2179 1630 2175
f 2178 2180 2181
f 2174 2179 2175
f 2180 2179 2174
f 2180 2174 2176
f 2181 2180 2176
f 2182 2181 2176
f 2176 2183 2184
f 2176 2184 2182
f 2185 2183 2176
f 2184 2186 2182
f 2184 2183 2186
f 2183 2187 2186
f 2188 1635 2178
f 2189 2188 2178
f 2188 2189 2190
f 2191 2188 2190
f 2178 2181 2182
f 2190 2178 2182
f 2189 2178 2190
f 2182 2192 2190
f 2190 2193 2191
f 2182 2194 2192
f 2190 2192 2193
f 2186 2194 2182
f 2192 2195 2193
f 2194 2195 2192
f 2193 2196 2197
f 2195 2196 2193
f 1601 1635 2188
f 2188 2191 2114
f 2114 2191 2197
f 2193 2197 2191
f 2117 2114 2197
f 2197 2198 2117
f 2113 1601 2188
f 2114 2113 2188
f 2199 2122 2118
f 2200 2122 2199
f 2199 2201 2200
f 2122 2200 2137
f 2138 2137 2200
f 2138 2200 2202
f 2200 2201 2202
f 2147 2203 2146
f 2135 2138 2144
f 2144 2138 2204
f 2144 2204 2145
f 2145 2204 2147
f 2203 2147 2205
f 2138 2202 2204
f 2204 2202 2206
f 2204 2206 2147
f 2147 2206 2205
f 2202 2207 2206
f 2206 2207 2205
f 2205 2207 2208
f 2202 2201 2207
f 2207 2209 2208
f 2201 2209 2207
f 2210 1668 1666
f 1668 2211 2212
f 2213 2214 2212
f 1668 2212 2215
f 2215 1670 1668
f 2214 2216 2215
f 2215 2216 1672
f 2215 1672 1670
f 1670 1672 1316
f 2216 2217 1672
f 2216 2218 2217
f 2217 1673 1672
f 2218 1673 2217
f 1672 1673 1671
f 1673 2148 1638
f 1673 2218 2148
f 2218 2151 2148
f 2148 2151 1641
f 2153 2219 2159
f 2159 2219 2162
f 2196 2198 2197
f 2198 2118 2117
f 2220 2221 2222
f 2220 2223 2221
f 2221 2224 2222
f 2225 2226 1742
f 2227 2225 1741
f 2227 2228 2225
f 2228 2229 2225
f 2225 2229 2226
f 2226 2229 2230
f 2229 2231 2230
f 2228 2222 2224
f 2224 2232 2228
f 2228 2232 2229
f 2222 2228 2227
f 2232 2231 2229
f 2233 2234 2235
f 2236 2234 2233
f 2226 2236 1742
f 2233 1742 2236
f 2237 2238 2234
f 2226 2230 2236
f 2230 2237 2236
f 2237 2239 2238
f 2236 2237 2234
f 2231 2240 2230
f 2240 2241 2237
f 2230 2240 2237
f 2239 2237 2241
f 2241 2242 2239
f 2235 1674 1677
f 1674 2243 1675
f 1674 2235 2234
f 2234 2238 1674
f 2244 2245 2243
f 2238 2244 1674
f 1674 2244 2243
f 2239 2244 2238
f 2239 2246 2244
f 2246 2245 2244
f 2242 2246 2239
f 1686 2247 1682
f 1675 1685 1678
f 1685 1686 1683
f 1685 1675 2243
f 2243 2248 1685
f 1685 2248 1686
f 1686 2248 2247
f 2247 2248 2249
f 2249 2250 2247
f 2248 2243 2245
f 2245 2249 2248
f 2249 2251 2250
f 2245 2252 2249
f 2249 2252 2251
f 2247 2253 1682
f 1682 2253 1690
f 2250 1694 2253
f 2253 1694 1690
f 2250 2254 1694
f 2250 2253 2247
f 2250 2251 2254
f 2251 2255 2254
f 2252 2256 2251
f 2255 2251 2256
f 2256 2257 2255
f 1694 2258 1692
f 1692 2258 1695
f 2258 1694 2254
f 2254 2259 2258
f 2259 2260 2258
f 2260 2261 2258
f 2254 2255 2259
f 2255 2257 2259
f 2259 2262 2260
f 2257 2262 2259
f 2261 1700 1695
f 2258 2261 1695
f 2260 2263 2261
f 2263 1700 2261
f 2263 2264 1700
f 2265 2264 2263
f 2260 2265 2263
f 2262 2266 2265
f 2266 2267 2265
f 2265 2267 2264
f 2267 2268 2264
f 2260 2262 2265
f 1695 1700 1698
f 1699 1700 1705
f 2264 2269 1700
f 1705 1700 2269
f 2264 2268 2269
f 2269 2270 1705
f 2268 2271 2269
f 1705 2270 1338
f 2269 2271 2270
f 1338 2270 1707
f 2271 2272 2273
f 2270 2271 2273
f 2274 2272 2271
f 2271 2275 2274
f 2270 2273 1707
f 1310 1707 2273
f 2273 2272 1310
f 2272 1666 1310
f 2272 2276 1666
f 2274 2276 2272
f 1779 2277 2278
f 2279 2280 2277
f 2279 2277 1779
f 2280 2281 2277
f 2282 2283 2280
f 2281 2284 2277
f 2284 2285 2277
f 2285 2286 2277
f 2281 2280 2287
f 2280 2283 2287
f 2288 1793 1786
f 2289 2290 2288
f 2291 2289 2288
f 2290 2292 2288
f 2278 2290 2289
f 2278 2286 2290
f 2286 2293 2290
f 2292 2290 2293
f 2277 2286 2278
f 2294 2295 2293
f 2286 2294 2293
f 1793 2296 1708
f 2297 1709 1708
f 2297 1708 2298
f 1793 2288 2296
f 2288 2292 2296
f 1708 2296 2299
f 2298 1708 2299
f 2299 2300 2298
f 2298 2300 2301
f 2296 2292 2299
f 2302 2300 2299
f 2292 2303 2299
f 2302 2304 2305
f 2292 2293 2303
f 2302 2303 2304
f 2302 2299 2303
f 2300 2302 2305
f 2306 2300 2307
f 1712 1728 1713
f 1712 1709 2297
f 2298 2308 2297
f 1712 2297 2308
f 1728 2308 2309
f 1728 1712 2308
f 2309 2308 2310
f 2308 2298 2301
f 2308 2301 2300
f 2300 2310 2308
f 2309 2310 2311
f 2306 2312 2310
f 2300 2306 2310
f 2311 2310 2312
f 2312 2313 2311
f 2307 2313 2312
f 2312 2306 2307
f 1727 2314 1726
f 1728 2309 1727
f 2309 2315 1727
f 2315 2314 1727
f 2309 2311 2315
f 2316 2317 2315
f 2315 2317 2314
f 2316 2318 2317
f 2311 2316 2315
f 2314 2317 2319
f 2318 2319 2317
f 2318 2316 2320
f 2318 2220 2319
f 1732 2321 2322
f 2322 2323 1734
f 2314 1732 1726
f 1734 1732 2322
f 2324 2321 2325
f 2323 2322 2227
f 1732 2314 2324
f 2325 1732 2324
f 2325 2321 1732
f 2220 2222 2321
f 2324 2220 2321
f 2321 2222 2322
f 2227 2322 2222
f 2314 2220 2324
f 2220 2314 2319
f 1734 2323 1735
f 1741 1740 1735
f 1741 2225 1742
f 1735 2323 1741
f 1741 2323 2227
f 2233 1748 1742
f 2235 1747 2233
f 1677 1747 2235
f 1747 1748 2233
f 2326 2327 2328
f 2329 2330 2331
f 2326 2330 2329
f 2329 2332 2326
f 2326 2333 2334
f 2330 2326 2334
f 2326 2328 2333
f 2335 1826 1827
f 2330 2336 2331
f 2331 2336 1827
f 2335 1827 2336
f 2335 2337 2338
f 2337 2339 2338
f 2336 2340 2335
f 2337 2335 2340
f 2340 2336 2330
f 2337 2341 2339
f 2337 2340 2342
f 2337 2342 2341
f 2341 2342 2343
f 2340 2344 2342
f 2340 2330 2344
f 1769 1826 1770
f 1765 1770 2345
f 1767 1765 2345
f 2345 1770 2346
f 1767 2345 2346
f 2347 1826 2335
f 1770 1826 2347
f 2348 2279 2349
f 1767 2348 2349
f 2350 2348 2346
f 2346 2348 1767
f 2347 2338 2346
f 2347 2335 2338
f 1770 2347 2346
f 2351 2282 2348
f 2350 2351 2348
f 2279 2348 2282
f 2338 2339 2350
f 2346 2338 2350
f 2339 2351 2350
f 2282 2351 2352
f 2351 2339 2352
f 2353 2283 2352
f 2282 2352 2283
f 2343 2353 2341
f 2352 2341 2353
f 2341 2352 2339
f 1778 2354 1779
f 1768 2354 1777
f 2354 1778 1777
f 1767 2349 1768
f 2349 2354 1768
f 1779 2289 2291
f 2354 2279 1779
f 2354 2349 2279
f 2289 1779 2278
f 2279 2282 2280
f 1775 2291 1786
f 1785 1786 1793
f 1775 1779 2291
f 1786 2291 2288
f 2355 2356 2357
f 2355 2358 2359
f 2360 2356 1762
f 2357 2356 2360
f 2361 2362 2357
f 2360 1763 2357
f 2357 1763 2361
f 1760 1762 1803
f 2360 1762 1763
f 2363 2364 2365
f 2366 2364 2367
f 2368 2369 2370
f 2370 2369 2371
f 2372 2373 2374
f 2371 2375 2370
f 2363 2374 2364
f 2371 2374 2363
f 2374 2373 2364
f 2363 2376 2371
f 2376 2375 2371
f 2376 2377 2375
f 2378 2376 2363
f 1806 1805 2379
f 1863 1805 1862
f 2368 2370 2379
f 1805 2368 2379
f 2380 2381 2379
f 2379 2370 2380
f 2380 2327 2381
f 2375 2380 2370
f 2327 2326 2381
f 2380 2375 2327
f 2327 2375 2382
f 2377 2382 2375
f 2327 2382 2328
f 2383 2331 1828
f 1828 1813 2383
f 2383 1813 1814
f 1815 1806 1814
f 1806 2379 2384
f 2383 1814 2332
f 1814 1806 2384
f 2383 2332 2331
f 2384 2379 2381
f 2332 2384 2381
f 1814 2384 2332
f 2331 2332 2329
f 2332 2381 2326
f 1827 1823 1828
f 1827 1828 2331
f 2385 2386 2387
f 2387 2388 2389
f 2390 2388 2387
f 2390 2387 2386
f 2385 2387 2391
f 2391 2387 2389
f 2392 2393 2394
f 2395 2394 2393
f 2388 2396 2395
f 2396 2394 2395
f 2388 2395 2389
f 2395 2393 2397
f 2395 2397 2389
f 2393 2398 2397
f 2398 2399 2397
f 2397 2391 2389
f 2400 1896 2401
f 1896 1903 2401
f 1849 1848 2401
f 1849 2401 1903
f 1848 2402 2401
f 2401 2392 2400
f 2392 2401 2403
f 2403 2401 2402
f 2398 2403 2402
f 2393 2392 2403
f 2398 2402 2404
f 2403 2398 2393
f 2359 2404 2405
f 2404 2402 2405
f 2404 2399 2398
f 1848 1845 1802
f 2406 1802 2407
f 1848 1802 2402
f 2407 1802 1762
f 1802 2406 2402
f 2408 2406 2407
f 2406 2405 2402
f 2405 2406 2408
f 2408 2356 2355
f 2407 2356 2408
f 2408 2355 2405
f 2359 2405 2355
f 2356 2407 1762
f 2409 2410 2411
f 2409 2412 2410
f 2413 2409 2411
f 2411 2414 2415
f 2410 2414 2411
f 2416 2417 2418
f 2417 2419 2418
f 2417 2412 2419
f 2420 2419 2412
f 2420 2418 2419
f 2421 2418 2422
f 2418 2420 2422
f 2420 2409 2413
f 2412 2409 2420
f 1916 2416 2423
f 1916 2424 2416
f 2421 2372 2423
f 2418 2423 2416
f 2421 2367 2373
f 2421 2373 2372
f 2418 2421 2423
f 2373 2367 2364
f 2422 2367 2421
f 2425 2368 1863
f 1863 1853 2425
f 1850 1853 1863
f 1857 2426 2425
f 2425 1853 1854
f 2423 2426 1857
f 1857 2425 1854
f 1916 2423 1857
f 1857 1856 1916
f 2369 2368 2425
f 2423 2372 2426
f 2372 2374 2426
f 2426 2369 2425
f 2426 2374 2369
f 2369 2374 2371
f 2368 1805 1863
f 2427 1888 2428
f 2428 2390 2429
f 2427 2428 2429
f 2390 2386 2429
f 1889 1887 2430
f 1887 2431 2430
f 2428 1888 1889
f 2428 1889 2430
f 2430 2431 2396
f 2430 2396 2388
f 2430 2390 2428
f 2390 2430 2388
f 1895 2400 2394
f 2431 1887 2432
f 1887 1895 2432
f 2432 1895 2394
f 1896 2400 1895
f 2432 2394 2396
f 2400 2392 2394
f 2431 2432 2396
f 2433 2434 2435
f 2434 2433 2436
f 2437 2438 2439
f 2437 2440 2438
f 2440 2441 2442
f 2440 2442 2438
f 2438 2414 2443
f 2438 2442 2414
f 2440 2437 2444
f 2445 2433 2444
f 2446 2442 2441
f 2447 2442 2446
f 2414 2442 2447
f 2440 2435 2441
f 2444 2435 2440
f 2444 2433 2435
f 2448 2441 2435
f 2449 2450 2451
f 2452 2451 2453
f 2452 2449 2451
f 2454 2455 2450
f 2455 2453 2451
f 2450 2455 2451
f 2449 2443 2450
f 2453 2455 2410
f 2410 2456 2453
f 2439 2438 2443
f 2443 2454 2450
f 2454 2414 2410
f 2455 2454 2410
f 2443 2414 2454
f 2414 2447 2415
f 2447 2446 2415
f 1905 2424 1906
f 1905 2457 2424
f 2458 2457 1905
f 2458 1905 1907
f 1907 1908 2453
f 2452 2453 1908
f 2453 2456 2458
f 1907 2453 2458
f 2416 2424 2457
f 2457 2458 2456
f 2410 2412 2456
f 2456 2417 2457
f 2456 2412 2417
f 2417 2416 2457
f 1906 2424 1916
f 2459 2015 1940
f 2459 1888 2460
f 2459 1940 1888
f 1888 2461 2460
f 2461 1888 2462
f 2463 2460 2461
f 1880 1886 1940
f 1940 1886 1888
f 2462 1888 2427
f 2464 2465 2466
f 2464 2467 2465
f 2468 2469 2464
f 2470 2471 2472
f 2471 2473 2472
f 2474 2475 2473
f 2473 2471 2474
f 2472 2476 2445
f 2477 2476 2472
f 2470 2472 2445
f 2473 2477 2472
f 2466 2473 2478
f 2476 2433 2445
f 2473 2479 2477
f 2479 2465 2477
f 2466 2465 2479
f 2479 2473 2466
f 2436 2433 2476
f 2477 2480 2476
f 2436 2476 2480
f 2465 2480 2477
f 2465 2481 2480
f 2482 2483 1945
f 1945 1946 2482
f 2484 2482 1946
f 2485 2483 2482
f 2486 2485 2482
f 2486 2482 2484
f 2486 2484 2471
f 2487 2437 2439
f 2487 2439 2449
f 2483 2485 2487
f 2470 2485 2486
f 2471 2470 2486
f 2470 2445 2485
f 2487 2485 2437
f 2485 2444 2437
f 2485 2445 2444
f 2449 2452 1945
f 2452 1908 1945
f 2483 2449 1945
f 1946 1945 1941
f 2449 2483 2487
f 2443 2449 2439
f 2488 2489 2490
f 2491 2492 2096
f 2493 2097 2492
f 2493 2492 2491
f 2493 2494 2495
f 2493 2491 2496
f 2495 2494 2489
f 2494 2493 2497
f 2493 2496 2497
f 2494 2497 2498
f 2494 2498 2489
f 2498 2497 2499
f 2096 1970 2491
f 2491 1970 2500
f 1970 1969 2500
f 2491 2500 2501
f 2496 2491 2502
f 2502 2491 2501
f 2503 2501 2500
f 2502 2501 2504
f 2503 2504 2501
f 2497 2496 2502
f 2497 2502 2499
f 1976 2505 1969
f 2505 2506 2500
f 2505 2507 2506
f 2500 1969 2505
f 2500 2506 2503
f 2508 2506 2507
f 2506 2508 2503
f 2508 2507 2509
f 2503 2508 2510
f 2510 2508 2511
f 2508 2509 2511
f 2505 1976 1982
f 1982 1981 2512
f 1981 1980 2512
f 2505 1982 2507
f 1982 2512 2513
f 2513 2512 2514
f 2507 1982 2513
f 2514 2515 2516
f 2513 2509 2507
f 2513 2517 2509
f 2513 2514 2517
f 2517 2514 2516
f 2509 2517 2518
f 2517 2516 2518
f 2518 2516 2519
f 2512 1989 2515
f 1989 1990 2515
f 2515 1990 2520
f 1990 1991 2520
f 2512 1980 1989
f 2514 2512 2515
f 2515 2520 2521
f 2516 2515 2521
f 2520 2522 2521
f 2521 2523 2516
f 2521 2522 2523
f 2516 2523 2519
f 2520 1991 2522
f 1991 1995 2522
f 2522 1995 2524
f 1995 1996 2524
f 1996 2525 2524
f 2526 2524 2525
f 2522 2524 2527
f 2527 2524 2528
f 2528 2524 2526
f 2528 2529 2527
f 2523 2522 2530
f 2530 2522 2527
f 2531 2530 2532
f 2523 2530 2531
f 2529 2532 2530
f 2532 2529 2533
f 2533 2529 2534
f 2534 2529 2528
f 2530 2527 2529
f 2533 2534 2535
f 2531 2532 2536
f 2536 2532 2533
f 2528 2537 2534
f 2537 2528 2538
f 1999 2525 1996
f 2525 1999 2539
f 1999 2000 2539
f 2525 2540 2526
f 2525 2539 2540
f 2538 2526 2540
f 2000 2541 2539
f 2540 2539 2541
f 2540 2542 2538
f 2540 2541 2542
f 2528 2526 2538
f 2543 2538 2542
f 2538 2543 2537
f 2537 2543 2544
f 2004 2545 2546
f 2004 2011 2545
f 2000 2003 2546
f 2004 2546 2003
f 2000 2546 2541
f 2541 2546 2547
f 2541 2547 2548
f 2542 2541 2548
f 2545 2011 2010
f 2545 2010 2012
f 2547 2546 2545
f 2547 2545 2549
f 2012 2549 2545
f 2012 2015 2549
f 2547 2549 2550
f 2549 2460 2550
f 2549 2015 2459
f 2459 2460 2549
f 2551 2552 2553
f 2554 2555 2553
f 2556 2554 2553
f 2553 2557 2551
f 2558 2559 2554
f 2560 2558 2556
f 2556 2558 2554
f 2561 2562 2469
f 2561 2469 2563
f 2555 2561 2563
f 2559 2561 2554
f 2555 2554 2561
f 2558 2564 2559
f 2565 2566 2558
f 2560 2565 2558
f 2567 2568 2569
f 2568 2570 2569
f 2571 2572 2567
f 2572 2568 2567
f 2573 2568 2572
f 2569 2571 2567
f 2574 2569 2557
f 2571 2468 2572
f 2572 2466 2478
f 2569 2574 2571
f 2557 2553 2574
f 2466 2468 2464
f 2468 2466 2572
f 2574 2468 2571
f 2574 2563 2468
f 2555 2563 2574
f 2553 2555 2574
f 2469 2468 2563
f 2575 2576 2018
f 2575 2018 2577
f 2018 2020 2577
f 2577 2578 2579
f 2577 2020 2578
f 2021 2578 2020
f 2021 2099 2578
f 2580 2474 2576
f 2581 2573 2475
f 2475 2580 2581
f 2580 2575 2581
f 2575 2580 2576
f 2581 2579 2568
f 2577 2579 2575
f 2579 2581 2575
f 2568 2579 2570
f 2580 2475 2474
f 2573 2478 2475
f 2573 2581 2568
f 2473 2475 2478
f 2572 2478 2573
f 2016 2484 1946
f 2018 2484 2016
f 2576 2484 2018
f 2474 2471 2576
f 2471 2484 2576
f 2037 2582 2036
f 2582 2037 2583
f 2583 2037 2584
f 2037 2038 2584
f 2583 2584 2585
f 2584 2038 2586
f 2586 2585 2584
f 2585 2586 2587
f 2586 2588 2587
f 2586 2038 2040
f 2586 2040 2588
f 2587 2588 2589
f 2587 2589 2590
f 2041 2040 1957
f 2043 2040 2041
f 2588 2040 2591
f 2040 2043 2591
f 2588 2591 2589
f 2589 2591 2592
f 2590 2589 2593
f 2589 2592 2593
f 2593 2592 2594
f 2591 2043 2044
f 2591 2044 2592
f 2592 2044 2595
f 2592 2595 2596
f 2592 2596 2594
f 2595 2044 2047
f 2596 2595 2597
f 2044 2042 2047
f 2042 2045 2047
f 2595 2047 2048
f 2595 2048 2597
f 2597 2048 2598
f 2597 2598 2599
f 2048 2047 2046
f 2048 2600 2601
f 2048 2601 2598
f 2598 2601 2602
f 2602 2601 2600
f 2598 2602 2599
f 2602 2600 2599
f 2600 2048 2049
f 2599 2600 2603
f 2600 2049 2604
f 2600 2604 2603
f 2049 2051 2604
f 2603 2604 2605
f 2604 2606 2605
f 2607 2603 2605
f 2604 2051 2606
f 2605 2606 2608
f 2051 2052 2609
f 2609 2052 2056
f 2609 2056 2606
f 2051 2609 2606
f 2056 2610 2606
f 2606 2610 2608
f 2056 2055 2610
f 2055 2059 2610
f 2608 2610 2611
f 2610 2059 2611
f 2612 2608 2611
f 2059 2065 2613
f 2065 2066 2613
f 2614 2613 2066
f 2613 2614 2615
f 2611 2059 2616
f 2059 2613 2616
f 2616 2613 2615
f 2611 2616 2617
f 2616 2615 2618
f 2617 2616 2618
f 2618 2615 2619
f 2618 2619 2620
f 2612 2611 2617
f 2621 2073 2074
f 2614 2066 2622
f 2066 2073 2622
f 2622 2073 2621
f 2621 2074 2623
f 2615 2614 2624
f 2614 2622 2624
f 2622 2621 2625
f 2621 2623 2625
f 2624 2622 2626
f 2626 2622 2625
f 2627 2625 2628
f 2628 2629 2630
f 2625 2629 2628
f 2615 2624 2619
f 2624 2626 2619
f 2619 2626 2631
f 2627 2628 2630
f 2625 2627 2626
f 2620 2619 2631
f 2631 2626 2627
f 2074 2077 2623
f 2077 2078 2623
f 2623 2078 2629
f 2625 2623 2629
f 2630 2629 2078
f 2078 2079 2632
f 2078 2632 2630
f 2630 2632 2488
f 2630 2488 2633
f 2079 2082 2634
f 2082 2081 2634
f 2632 2079 2634
f 2632 2634 2635
f 2632 2635 2488
f 2081 2086 2634
f 2086 2083 2636
f 2083 2085 2636
f 2636 2085 2637
f 2636 2637 2638
f 2634 2086 2635
f 2636 2638 2635
f 2636 2635 2086
f 2635 2638 2488
f 2638 2637 2639
f 2488 2638 2639
f 2488 2639 2489
f 2488 2490 2633
f 2085 2093 2637
f 2637 2093 2640
f 2640 2093 2091
f 2637 2640 2639
f 2639 2640 2495
f 2640 2091 2495
f 2091 2641 2495
f 2489 2639 2495
f 2092 2097 2641
f 2097 1968 2492
f 2492 1968 2096
f 2091 2092 2641
f 2097 2493 2641
f 2495 2641 2493
f 2642 2643 2644
f 2643 2645 2644
f 2646 2643 2642
f 2647 2646 2648
f 2646 2642 2648
f 2560 2645 2649
f 2649 2645 2650
f 2643 2650 2645
f 2651 2652 2650
f 2650 2643 2651
f 2651 2646 2653
f 2646 2651 2643
f 2654 2653 2647
f 2647 2653 2646
f 2650 2655 2565
f 2650 2565 2649
f 2560 2649 2565
f 2652 2656 2650
f 2653 2657 2652
f 2653 2652 2651
f 2552 2658 2659
f 2658 2660 2659
f 2659 2660 2661
f 2552 2551 2658
f 2644 2661 2662
f 2661 2644 2659
f 2663 2552 2659
f 2644 2645 2663
f 2663 2659 2644
f 2642 2644 2662
f 2560 2556 2552
f 2556 2553 2552
f 2645 2560 2663
f 2663 2560 2552
f 2664 2665 2666
f 2667 2664 2666
f 2668 2570 2665
f 2570 2669 2665
f 2668 2664 2658
f 2668 2665 2664
f 2660 2658 2664
f 2660 2664 2670
f 2664 2667 2670
f 2668 2569 2570
f 2557 2569 2668
f 2658 2557 2668
f 2658 2551 2557
f 2098 2578 2099
f 2579 2578 2669
f 2578 2098 2669
f 2665 2669 2666
f 2669 2098 2666
f 2098 2100 2671
f 2098 2671 2666
f 2100 2102 2671
f 2102 2672 2671
f 2102 2104 2672
f 2570 2579 2669
f 2110 2111 2673
f 2111 2034 2674
f 2674 2675 2111
f 2111 2675 2673
f 2031 2034 2112
f 2676 2674 2034
f 2676 2675 2674
f 2675 2676 2677
f 2677 2676 2678
f 2677 2678 2679
f 2033 2676 2034
f 2680 2676 2033
f 2676 2680 2681
f 2676 2681 2678
f 2682 2681 2683
f 2681 2682 2678
f 2682 2679 2678
f 2682 2683 2684
f 2033 2036 2680
f 2680 2036 2582
f 2582 2685 2681
f 2680 2582 2681
f 2685 2686 2687
f 2683 2681 2685
f 2686 2688 2687
f 2683 2685 2687
f 2582 2583 2686
f 2685 2582 2686
f 2686 2689 2688
f 2686 2583 2585
f 2689 2686 2585
f 2689 2585 2690
f 2585 2587 2690
f 2690 2587 2691
f 2691 2587 2590
f 2692 2693 2694
f 2695 2693 2692
f 2692 2696 2695
f 2695 2696 2697
f 2697 2696 2698
f 2699 2693 2695
f 2695 2697 2699
f 2654 2700 2701
f 2699 2700 2654
f 2693 2699 2654
f 2697 2702 2699
f 2703 2704 2662
f 2705 2703 2706
f 2648 2642 2662
f 2662 2704 2648
f 2694 2648 2704
f 2704 2703 2694
f 2692 2694 2705
f 2705 2696 2692
f 2694 2703 2705
f 2647 2648 2694
f 2694 2693 2647
f 2696 2705 2698
f 2654 2647 2693
f 2707 2708 2670
f 2709 2708 2707
f 2709 2710 2711
f 2661 2660 2708
f 2712 2713 2708
f 2708 2714 2712
f 2708 2709 2714
f 2714 2709 2715
f 2712 2716 2706
f 2712 2714 2716
f 2714 2715 2716
f 2662 2661 2713
f 2662 2713 2703
f 2713 2661 2708
f 2706 2713 2712
f 2706 2703 2713
f 2667 2666 2717
f 2717 2666 2671
f 2671 2672 2717
f 2708 2660 2670
f 2667 2718 2670
f 2667 2717 2718
f 2670 2718 2707
f 2718 2717 2672
f 2707 2710 2709
f 2707 2718 2710
f 2672 2719 2718
f 2710 2718 2719
f 2672 2720 2719
f 2710 2719 2721
f 2710 2721 2711
f 2719 2720 2721
f 2672 2104 2720
f 2720 2104 2103
f 2720 2103 2722
f 2103 2106 2722
f 2106 2108 2723
f 2108 2724 2723
f 2108 2110 2724
f 2673 2724 2110
f 2725 2724 2673
f 2725 2673 2726
f 2725 2726 2727
f 2727 2728 2729
f 2728 2727 2730
f 2727 2729 2725
f 2673 2675 2731
f 2731 2726 2673
f 2726 2731 2732
f 2726 2732 2727
f 2731 2733 2732
f 2732 2733 2730
f 2727 2732 2730
f 2733 2734 2730
f 2731 2675 2677
f 2677 2733 2731
f 2733 2677 2679
f 2679 2682 2735
f 2682 2684 2735
f 2736 2737 2738
f 2737 2739 2738
f 2697 2740 2741
f 2742 2741 2740
f 2742 2740 2736
f 2736 2738 2742
f 2743 2742 2744
f 2742 2738 2744
f 2745 2698 2746
f 2747 2745 2748
f 2697 2698 2749
f 2745 2749 2698
f 2749 2745 2737
f 2737 2747 2739
f 2737 2745 2747
f 2697 2749 2740
f 2740 2737 2736
f 2740 2749 2737
f 2706 2716 2750
f 2751 2705 2752
f 2705 2706 2752
f 2752 2753 2751
f 2752 2754 2753
f 2752 2706 2754
f 2753 2746 2751
f 2750 2754 2706
f 2750 2755 2754
f 2754 2755 2753
f 2750 2756 2755
f 2755 2756 2757
f 2705 2751 2698
f 2698 2751 2746
f 2746 2753 2745
f 2745 2753 2748
f 2753 2755 2748
f 2716 2715 2758
f 2715 2711 2758
f 2711 2715 2709
f 2759 2711 2721
f 2758 2750 2716
f 2711 2759 2758
f 2760 2750 2758
f 2758 2759 2760
f 2759 2761 2760
f 2750 2760 2756
f 2721 2720 2722
f 2721 2722 2759
f 2759 2722 2761
f 2722 2762 2761
f 2763 2722 2764
f 2762 2722 2763
f 2106 2764 2722
f 2723 2765 2106
f 2106 2765 2764
f 2766 2765 2723
f 2767 2768 2769
f 2767 2766 2768
f 2723 2724 2766
f 2770 2766 2724
f 2766 2770 2768
f 2770 2771 2768
f 2768 2771 2769
f 2771 2770 2729
f 2769 2771 2772
f 2725 2770 2724
f 2729 2770 2725
f 2773 2729 2728
f 2774 2775 2776
f 2777 2739 2778
f 2779 2777 2778
f 2779 2780 2781
f 2739 2777 2782
f 2777 2783 2784
f 2777 2779 2783
f 2781 2783 2779
f 2784 2783 2785
f 2738 2786 2744
f 2786 2738 2782
f 2738 2739 2782
f 2782 2787 2786
f 2786 2787 2775
f 2782 2777 2787
f 2787 2784 2775
f 2777 2784 2787
f 2775 2784 2776
f 2747 2748 2788
f 2788 2748 2789
f 2788 2789 2790
f 2739 2747 2791
f 2747 2788 2791
f 2739 2791 2778
f 2788 2780 2791
f 2778 2791 2779
f 2791 2780 2779
f 2788 2790 2780
f 2790 2792 2780
f 2757 2756 2793
f 2793 2756 2794
f 2755 2757 2748
f 2748 2757 2789
f 2789 2757 2795
f 2757 2793 2795
f 2789 2795 2790
f 2790 2795 2796
f 2795 2793 2796
f 2793 2797 2796
f 2793 2794 2797
f 2794 2762 2797
f 2796 2792 2790
f 2798 2796 2799
f 2799 2796 2797
f 2799 2797 2762
f 2792 2796 2798
f 2756 2760 2794
f 2760 2761 2794
f 2761 2762 2794
f 2762 2800 2799
f 2762 2763 2800
f 2763 2764 2800
f 2767 2765 2766
f 2765 2767 2801
f 2767 2802 2801
f 2803 2774 2776
f 2785 2803 2776
f 2781 2804 2783
f 2785 2783 2804
f 2804 2792 2805
f 2784 2785 2776
f 2804 2805 2785
f 2792 2798 2806
f 2780 2804 2781
f 2780 2792 2804
f 2800 2798 2799
f 2798 2800 2807
f 2800 2808 2807
f 2800 2764 2808
f 2764 2765 2808
f 2806 2798 2809
f 2798 2807 2809
f 2176 2177 2185
f 2183 2185 2810
f 2211 2213 2212
f 2213 2211 2811
f 2812 2213 2811
f 2812 2214 2213
f 2214 2215 2212
f 2214 2813 2216
f 2813 2814 2216
f 2216 2814 2218
f 2814 2815 2218
f 2151 2218 2815
f 2814 2816 2815
f 2817 2818 2815
f 2151 2815 2152
f 2152 2815 2818
f 2818 2817 2819
f 2155 2152 2818
f 2818 2820 2155
f 2819 2820 2818
f 2821 2820 2819
f 2822 2819 2817
f 2823 2819 2824
f 2821 2819 2823
f 2822 2824 2819
f 2820 2825 2155
f 2155 2825 2154
f 2154 2826 2153
f 2825 2827 2154
f 2827 2826 2154
f 2821 2825 2820
f 2827 2825 2828
f 2821 2828 2825
f 2828 2821 2823
f 2827 2828 2823
f 2829 2827 2823
f 2826 2827 2829
f 2823 2830 2831
f 2823 2831 2829
f 2823 2824 2830
f 2153 2826 2219
f 2826 2832 2219
f 2219 2832 2162
f 2832 2833 2162
f 2162 2833 2160
f 2833 2834 2160
f 2835 2833 2832
f 2836 2833 2835
f 2834 2833 2836
f 2837 2834 2836
f 2826 2835 2832
f 2829 2835 2826
f 2835 2838 2836
f 2838 2835 2829
f 2831 2839 2829
f 2840 2839 2831
f 2839 2838 2829
f 2164 2160 2834
f 2837 2164 2834
f 2166 2164 2837
f 2167 2166 2837
f 2836 2841 2837
f 2837 2841 2167
f 2836 2838 2841
f 2838 2842 2841
f 2843 2842 2838
f 2844 2842 2843
f 2841 2177 2169
f 2167 2841 2169
f 2172 2169 2177
f 2841 2842 2177
f 2845 2177 2842
f 2842 2846 2845
f 2845 2846 2847
f 2845 2847 2848
f 2849 2848 2847
f 2850 2849 2847
f 2845 2185 2177
f 2185 2845 2848
f 2810 2185 2848
f 2848 2851 2810
f 2810 2851 2852
f 2851 2853 2852
f 2851 2848 2849
f 2849 2854 2851
f 2850 2854 2849
f 2854 2853 2851
f 2853 2854 2855
f 2855 2854 2856
f 2187 2857 2186
f 2810 2187 2183
f 2187 2858 2857
f 2859 2187 2810
f 2187 2859 2858
f 2852 2858 2859
f 2810 2852 2859
f 2858 2860 2857
f 2853 2861 2852
f 2852 2860 2858
f 2861 2860 2852
f 2853 2855 2861
f 2857 2862 2186
f 2186 2862 2194
f 2194 2862 2195
f 2195 2863 2196
f 2196 2863 2864
f 2863 2195 2862
f 2857 2860 2862
f 2862 2860 2865
f 2862 2865 2863
f 2863 2865 2864
f 2860 2866 2865
f 2866 2867 2865
f 2865 2867 2864
f 2196 2864 2198
f 2868 2198 2864
f 2198 2868 2118
f 2864 2867 2868
f 2868 2867 2199
f 2868 2199 2118
f 2867 2866 2869
f 2867 2869 2199
f 2199 2870 2201
f 2871 2872 2873
f 2873 2872 2874
f 2873 2874 2875
f 2876 2877 2878
f 2879 2880 2881
f 2880 2882 2876
f 2876 2883 2877
f 2880 2879 2882
f 2876 2882 2883
f 2884 2883 2882
f 2885 2875 2881
f 2881 2875 2879
f 2882 2879 2884
f 2884 2886 2883
f 2879 2875 2887
f 2879 2887 2884
f 2311 2320 2316
f 2320 2223 2318
f 2223 2220 2318
f 2888 2889 2223
f 2223 2889 2221
f 2320 2878 2877
f 2877 2888 2320
f 2888 2223 2320
f 2890 2889 2888
f 2877 2891 2888
f 2889 2890 2892
f 2886 2890 2891
f 2892 2890 2893
f 2883 2891 2877
f 2891 2890 2888
f 2886 2893 2890
f 2883 2886 2891
f 2894 2224 2221
f 2894 2221 2895
f 2889 2895 2221
f 2896 2894 2895
f 2895 2889 2892
f 2892 2896 2895
f 2896 2897 2894
f 2896 2898 2897
f 2898 2899 2897
f 2893 2900 2892
f 2892 2900 2896
f 2901 2899 2898
f 2898 2896 2900
f 2232 2902 2231
f 2902 2240 2231
f 2224 2894 2232
f 2894 2902 2232
f 2902 2894 2897
f 2902 2903 2240
f 2897 2899 2902
f 2899 2903 2902
f 2904 2903 2905
f 2899 2905 2903
f 2240 2906 2241
f 2906 2907 2241
f 2907 2242 2241
f 2908 2909 2907
f 2242 2907 2909
f 2240 2910 2906
f 2910 2908 2906
f 2908 2911 2909
f 2903 2910 2240
f 2906 2908 2907
f 2910 2903 2904
f 2904 2908 2910
f 2912 2911 2908
f 2904 2912 2908
f 2904 2913 2912
f 2912 2913 2911
f 2246 2242 2914
f 2246 2914 2245
f 2242 2915 2914
f 2914 2916 2245
f 2917 2915 2242
f 2909 2917 2242
f 2916 2914 2915
f 2911 2917 2909
f 2918 2915 2917
f 2918 2919 2915
f 2918 2917 2920
f 2920 2919 2918
f 2911 2913 2917
f 2913 2920 2917
f 2252 2921 2256
f 2921 2922 2256
f 2252 2916 2921
f 2916 2252 2245
f 2915 2923 2916
f 2921 2923 2922
f 2915 2919 2923
f 2916 2923 2921
f 2919 2924 2923
f 2922 2257 2256
f 2922 2925 2257
f 2923 2926 2922
f 2922 2926 2925
f 2924 2926 2923
f 2926 2924 2927
f 2926 2927 2928
f 2257 2266 2262
f 2266 2257 2925
f 2926 2929 2925
f 2926 2928 2929
f 2928 2930 2929
f 2266 2931 2267
f 2931 2268 2267
f 2925 2931 2266
f 2925 2929 2931
f 2929 2932 2931
f 2930 2932 2929
f 2931 2932 2268
f 2932 2275 2268
f 2932 2930 2275
f 2933 2934 2930
f 2268 2275 2271
f 2930 2934 2275
f 2934 2935 2275
f 2935 2274 2275
f 2936 2937 2274
f 2274 2935 2936
f 2936 2938 2937
f 2935 2934 2936
f 2934 2939 2936
f 2939 2940 2936
f 2934 2941 2939
f 2941 2942 2939
f 1666 2276 2210
f 2274 2937 2276
f 2937 2943 2276
f 2276 2943 2210
f 2937 2938 2943
f 2936 2940 2938
f 2940 2944 2938
f 2945 2938 2944
f 2943 2946 2210
f 2938 2945 2943
f 2945 2946 2943
f 2945 2947 2946
f 2947 2211 2946
f 2946 2211 2210
f 2210 2211 1668
f 2947 2948 2211
f 2211 2948 2811
f 2948 2812 2811
f 2812 2948 2949
f 2949 2950 2812
f 2950 2951 2812
f 2951 2950 2952
f 2951 2953 2812
f 2951 2952 2953
f 2812 2813 2214
f 2812 2953 2813
f 2953 2954 2813
f 2954 2816 2813
f 2813 2816 2814
f 2815 2816 2955
f 2824 2956 2830
f 2830 2956 2831
f 2956 2840 2831
f 2957 2840 2956
f 2958 2959 2956
f 2956 2959 2957
f 2840 2957 2839
f 2843 2838 2839
f 2843 2839 2957
f 2844 2843 2957
f 2842 2844 2846
f 2960 2846 2844
f 2846 2960 2847
f 2960 2850 2847
f 2850 2961 2962
f 2962 2961 2963
f 2963 2961 2964
f 2963 2964 2965
f 2850 2962 2854
f 2854 2962 2856
f 2855 2856 2966
f 2856 2967 2966
f 2856 2962 2967
f 2967 2968 2966
f 2967 2962 2963
f 2967 2969 2968
f 2967 2963 2969
f 2855 2970 2861
f 2861 2970 2860
f 2860 2970 2866
f 2966 2971 2855
f 2971 2970 2855
f 2972 2970 2971
f 2972 2973 2974
f 2973 2975 2974
f 2974 2975 2976
f 2966 2968 2971
f 2971 2968 2977
f 2972 2971 2977
f 2968 2978 2977
f 2972 2977 2973
f 2968 2969 2978
f 2977 2978 2975
f 2977 2975 2973
f 2979 2980 2981
f 2982 2980 2979
f 2980 2982 2983
f 2866 2970 2869
f 2970 2972 2869
f 2869 2972 2981
f 2972 2979 2981
f 2979 2972 2974
f 2979 2974 2982
f 2974 2976 2982
f 2869 2870 2199
f 2869 2981 2870
f 2981 2984 2870
f 2981 2980 2984
f 2984 2980 2983
f 2870 2984 2201
f 2984 2983 2209
f 2201 2984 2209
f 2985 2986 2987
f 2988 2989 2985
f 2989 2986 2985
f 2989 2990 2986
f 2990 2991 2986
f 2989 2992 2990
f 2993 2994 2353
f 2283 2353 2994
f 2994 2287 2283
f 2994 2995 2287
f 2996 2995 2994
f 2993 2996 2994
f 2343 2987 2996
f 2996 2993 2343
f 2997 2998 2996
f 2996 2998 2995
f 2996 2986 2997
f 2996 2987 2986
f 2998 2999 2995
f 3000 3001 2999
f 2997 3000 2998
f 2999 2998 3000
f 3002 2997 2991
f 2997 2986 2991
f 2997 3002 3000
f 2285 3003 2286
f 2284 3004 2285
f 3004 3005 2285
f 2285 3005 3003
f 2995 3006 2287
f 2287 3006 2281
f 3006 3004 2284
f 2281 3006 2284
f 3006 3007 3004
f 3005 3004 3008
f 3006 2995 2999
f 2999 3007 3006
f 3005 3009 3010
f 3007 3011 3008
f 3001 3011 2999
f 3007 2999 3011
f 3004 3007 3008
f 3009 3012 3010
f 3008 3009 3005
f 3009 3008 3013
f 3001 3013 3011
f 3008 3011 3013
f 2294 3003 3014
f 2294 2286 3003
f 3014 2295 2294
f 3005 3015 3003
f 3003 3015 3014
f 3014 3016 2295
f 3017 3018 3016
f 3015 3019 3014
f 3019 3016 3014
f 3017 3019 3020
f 3019 3017 3016
f 3005 3010 3015
f 3019 3015 3010
f 3010 3020 3019
f 3010 3012 3021
f 2305 3022 2307
f 2300 2305 2307
f 2293 2295 2304
f 2303 2293 2304
f 2304 3023 2305
f 3023 3022 2305
f 3016 2304 2295
f 2885 2881 3022
f 3023 2885 3022
f 2304 3016 3018
f 2304 3018 3023
f 3024 3023 3018
f 3024 2885 3023
f 3018 3025 3024
f 3024 2873 2885
f 3017 3025 3018
f 3025 2871 3024
f 2871 2873 3024
f 2885 2873 2875
f 3025 3017 3020
f 3020 3026 3025
f 2871 3026 2872
f 2871 3025 3026
f 2876 2878 2313
f 2313 2878 2311
f 2880 2876 2313
f 2880 2313 2307
f 2307 3022 2881
f 2307 2881 2880
f 2878 2320 2311
f 2964 2961 3027
f 3028 3029 3030
f 2964 3027 3028
f 3029 3028 3027
f 2965 3031 2963
f 2965 2964 3030
f 2965 3030 3032
f 2965 3032 3031
f 3028 3030 2964
f 3033 3032 3030
f 3029 3033 3030
f 3034 3035 3036
f 3033 3037 3034
f 3034 3037 3038
f 3034 3038 3035
f 3031 3039 2969
f 3032 3039 3031
f 3032 3040 3039
f 3039 3040 3034
f 3039 3034 3036
f 3032 3033 3040
f 3034 3040 3033
f 2963 3031 2969
f 3035 3041 3042
f 2978 3043 2975
f 2975 3043 2976
f 2976 3043 3044
f 2978 3036 3043
f 3043 3042 3044
f 3043 3036 3042
f 3036 3035 3042
f 3041 3044 3042
f 2969 3039 2978
f 3039 3036 2978
f 2361 3045 2362
f 3046 3047 3048
f 3046 3041 3045
f 3046 3045 3047
f 3041 2362 3045
f 2982 3049 3048
f 2982 3048 2983
f 2983 3048 3047
f 2976 3044 3049
f 3044 3046 3049
f 3049 3046 3048
f 3046 3044 3041
f 3049 2982 2976
f 2361 3050 3047
f 2361 3047 3045
f 2983 3047 3050
f 2382 3051 3052
f 3051 3053 3052
f 3053 3054 3052
f 3055 3052 3054
f 3056 3054 3057
f 3054 3053 3057
f 3056 3055 3054
f 3053 3058 3057
f 2382 3059 2328
f 3059 2382 3060
f 2328 3059 3061
f 3059 3060 3062
f 3061 3062 3063
f 3061 3059 3062
f 3060 2382 3052
f 3060 3064 3062
f 3065 3062 3064
f 3065 3063 3062
f 3060 3052 3055
f 3060 3055 3064
f 3066 3065 3067
f 3065 3066 3063
f 3065 3068 3067
f 3064 3055 3069
f 3064 3069 3065
f 2344 2334 3070
f 2334 3071 3070
f 2334 2344 2330
f 2334 2333 3071
f 2333 2328 3061
f 2333 3061 3063
f 3063 3071 2333
f 3071 3072 3070
f 3070 3072 2988
f 3063 3066 3071
f 3071 3066 3072
f 2988 3072 3073
f 3072 3066 3074
f 3074 3073 3072
f 3074 2992 3073
f 3066 3067 3074
f 2344 3075 2342
f 2343 2342 3075
f 2343 3075 2987
f 3070 2988 3075
f 2344 3070 3075
f 2987 3075 2985
f 3073 2989 2988
f 3075 2988 2985
f 2989 3073 2992
f 2343 2993 2353
f 3033 3076 3077
f 3076 3033 3029
f 3078 3079 3077
f 3033 3077 3079
f 3078 3080 3079
f 3081 2358 2357
f 2355 2357 2358
f 2359 3080 2404
f 3080 2359 2358
f 3080 3082 3079
f 3081 3082 2358
f 2358 3082 3080
f 3035 3038 3083
f 3083 3037 3082
f 3081 3083 3082
f 3082 3037 3079
f 3079 3037 3033
f 3083 3038 3037
f 3081 2357 2362
f 3041 3083 2362
f 3081 2362 3083
f 3041 3035 3083
f 3084 3085 3086
f 3084 3086 3087
f 3084 3088 3089
f 3084 3087 3088
f 3090 3089 3088
f 3088 3087 3091
f 3087 3092 3093
f 3087 3093 3091
f 3088 3091 3094
f 3090 3088 3094
f 3091 3093 3095
f 2364 2366 2365
f 3085 2366 2367
f 2365 3096 3097
f 2365 2366 3096
f 3085 3084 2366
f 3096 2366 3089
f 2366 3084 3089
f 3089 3090 3096
f 3058 3097 3098
f 3097 3096 3090
f 3097 3090 3098
f 2377 2376 2378
f 2363 3099 2378
f 3099 2363 2365
f 2378 3100 3051
f 2377 2378 3051
f 3099 2365 3097
f 3099 3097 3100
f 2378 3099 3100
f 3100 3097 3053
f 3051 3100 3053
f 3097 3058 3053
f 2377 3051 2382
f 3076 3101 3077
f 3078 3077 3101
f 2385 3102 2386
f 3103 3078 2385
f 3103 2385 2391
f 2397 2399 3103
f 3103 2391 2397
f 3103 2399 3080
f 3080 3078 3103
f 2404 3080 2399
f 3104 3105 3106
f 3107 3108 3104
f 3105 3104 3108
f 3105 3109 3110
f 3109 3105 3108
f 3108 3111 3112
f 3108 3112 3113
f 3109 3114 3110
f 3113 3112 3115
f 3113 3114 3109
f 3108 3113 3109
f 2415 3106 2411
f 3116 3117 3118
f 2413 3116 3118
f 3116 2413 3106
f 2411 3106 2413
f 3116 3106 3119
f 3120 3117 3116
f 3120 3116 3119
f 3106 3110 3119
f 3110 3106 3105
f 3092 3117 3095
f 3117 3119 3121
f 3117 3120 3119
f 3121 3119 3110
f 3092 3095 3093
f 3095 3117 3122
f 3117 3121 3122
f 3121 3110 3114
f 3095 3122 3123
f 3121 3114 3124
f 3122 3121 3124
f 2420 3085 2422
f 3118 3085 2420
f 2413 3118 2420
f 3085 3125 3086
f 3125 3085 3118
f 3125 3118 3092
f 3118 3117 3092
f 3125 3092 3087
f 3086 3125 3087
f 3085 2367 2422
f 3126 3127 3128
f 3129 3127 3130
f 3102 3129 3130
f 3131 3127 3126
f 3127 3131 3130
f 3102 2385 3129
f 3129 2385 3132
f 3130 2427 3102
f 3132 2385 3078
f 2429 3102 2427
f 3102 2429 2386
f 3133 3134 3135
f 3136 3133 3135
f 3137 3133 3138
f 3138 3133 3136
f 3133 3137 3139
f 3140 3139 3137
f 3133 3139 3141
f 3133 3141 3142
f 3140 3143 3139
f 2436 2480 2434
f 2448 2434 3144
f 3144 2434 3145
f 3145 2434 2480
f 3146 3111 3144
f 2448 3144 3111
f 3146 3144 3145
f 3135 3145 3136
f 3146 3147 3111
f 3148 3147 3146
f 3148 3146 3134
f 3146 3145 3135
f 3134 3146 3135
f 3147 3148 3111
f 3112 3111 3148
f 3112 3149 3115
f 3149 3112 3148
f 3149 3148 3142
f 3133 3142 3134
f 3148 3134 3142
f 3149 3142 3150
f 3106 2415 3104
f 3104 2446 3107
f 3104 2415 2446
f 2448 3107 2441
f 3107 2446 2441
f 2435 2434 2448
f 2448 3111 3107
f 3108 3107 3111
f 3151 3152 3153
f 3153 3152 3154
f 3155 3156 3157
f 3156 3158 3157
f 3155 3157 3159
f 3157 3158 3159
f 3159 3158 3160
f 3159 3160 3161
f 3154 3155 3162
f 3159 3162 3155
f 3163 3164 3165
f 3163 3165 3166
f 3163 3167 3164
f 3163 3168 3167
f 3168 3163 3169
f 3166 3169 3163
f 3160 3167 3168
f 3167 3160 3158
f 3160 3168 3170
f 3168 3169 3170
f 3171 2550 3172
f 2547 2550 3171
f 3173 3171 3174
f 3172 3174 3171
f 3166 3165 3173
f 3175 3174 3176
f 3173 3174 3175
f 3175 3176 3177
f 3177 3176 3178
f 3169 3166 3179
f 3166 3173 3179
f 3173 3177 3179
f 3175 3177 3173
f 3180 3177 3181
f 3177 3178 3181
f 3177 3180 3179
f 2460 3172 2550
f 3182 3172 3183
f 3172 2463 3183
f 2460 2463 3172
f 3182 3183 3184
f 3172 3182 3174
f 3182 3176 3174
f 3185 3184 3186
f 3178 3182 3185
f 3176 3182 3178
f 3182 3184 3185
f 3187 3185 3186
f 3178 3185 3188
f 3188 3185 3187
f 3187 3189 3190
f 3191 3178 3188
f 3187 3186 3189
f 3192 2461 3193
f 2461 3192 2463
f 2462 3193 2461
f 2463 3192 3183
f 3183 3192 3184
f 3184 3192 3194
f 3192 3193 3194
f 3184 3194 3195
f 3194 3193 3195
f 3195 3193 3126
f 3186 3184 3195
f 3128 3195 3126
f 3195 3128 3186
f 3128 3189 3186
f 3196 2462 3197
f 3196 3197 3130
f 2462 3196 3193
f 3131 3196 3130
f 3196 3126 3193
f 3131 3126 3196
f 3197 2462 2427
f 3197 2427 3130
f 3198 3199 3200
f 3201 3202 3199
f 3201 3198 3203
f 3199 3198 3201
f 3204 3205 2562
f 3205 3206 3207
f 3208 3206 3209
f 3207 3206 3208
f 3210 3209 3206
f 3205 3210 3206
f 3210 3205 3204
f 3211 3208 3212
f 3213 3212 3209
f 3212 3208 3209
f 3210 3214 3213
f 3209 3210 3213
f 3199 3210 3200
f 3213 3214 3199
f 3214 3210 3199
f 3215 3211 3212
f 3213 3216 3212
f 3215 3217 3143
f 3218 3217 3215
f 3218 3216 3219
f 3215 3216 3218
f 3212 3216 3215
f 3216 3213 3219
f 3219 3199 3202
f 3219 3213 3199
f 2465 2467 2481
f 3220 2467 2464
f 3220 2469 3207
f 2464 2469 3220
f 2562 3207 2469
f 3220 3138 2467
f 2467 3138 2481
f 3207 3221 3220
f 3205 3207 2562
f 2481 3138 3136
f 3208 3221 3207
f 3220 3221 3138
f 3137 3138 3222
f 3208 3211 3221
f 3138 3221 3222
f 3211 3140 3222
f 3140 3137 3222
f 3221 3211 3222
f 3211 3215 3140
f 3140 3215 3143
f 2481 3145 2480
f 3136 3145 2481
f 3223 3224 3225
f 3224 3226 3227
f 3224 3227 3228
f 3224 3228 3225
f 2633 3229 3227
f 3227 3229 3228
f 2633 2490 3229
f 3230 3229 3231
f 3229 3230 3228
f 3228 3230 3232
f 2489 3231 2490
f 3229 2490 3231
f 2489 2498 3231
f 3231 3233 3230
f 2498 3233 3231
f 3233 2498 2499
f 3230 3233 3234
f 3232 3230 3235
f 3230 3234 3235
f 3232 3235 3236
f 2502 2504 3237
f 3237 2504 3238
f 2503 3238 2504
f 3237 3238 3239
f 3240 2499 2502
f 3240 2502 3237
f 3234 3239 3241
f 3237 3239 3234
f 3233 2499 3240
f 3233 3240 3234
f 3237 3234 3240
f 3235 3234 3242
f 3234 3241 3242
f 3242 3243 3244
f 3241 3243 3242
f 3245 3242 3244
f 3236 3235 3246
f 3235 3242 3246
f 2503 2510 3238
f 2510 2511 3247
f 2510 3247 3238
f 3247 3248 3239
f 3248 3247 2511
f 3239 3238 3247
f 3249 3250 2511
f 3241 3248 3243
f 3248 3251 3243
f 3248 2511 3250
f 3248 3241 3239
f 3251 3250 3252
f 3250 3251 3248
f 3243 3251 3253
f 3254 3253 3251
f 3252 3254 3251
f 3253 3244 3243
f 2518 2519 3255
f 3255 2519 3256
f 3249 2511 2509
f 3257 2509 2518
f 3257 3255 3258
f 3259 3255 3256
f 2509 3257 3249
f 2518 3255 3257
f 3250 3249 3260
f 3249 3257 3260
f 3260 3257 3258
f 3259 3258 3255
f 3260 3252 3250
f 3252 3258 3261
f 3258 3259 3261
f 3258 3252 3260
f 3261 3259 3152
f 3254 3252 3262
f 3252 3261 3262
f 3262 3261 3151
f 2531 2519 2523
f 3256 2531 3263
f 2531 3256 2519
f 3264 3256 3263
f 3259 3264 3152
f 3256 3264 3259
f 3154 3152 3264
f 2535 2534 2537
f 2536 2533 2535
f 3263 2531 2536
f 2544 2535 2537
f 2536 2535 3265
f 3265 2535 2544
f 2536 3265 3156
f 3265 2544 3158
f 2536 3156 3263
f 3264 3263 3155
f 3156 3265 3158
f 3155 3263 3156
f 3155 3154 3264
f 2543 2542 3164
f 3164 2542 2548
f 3164 2548 3165
f 3266 2544 2543
f 3266 2543 3164
f 3266 3164 3167
f 3266 3167 2544
f 3167 3158 2544
f 3173 2548 3171
f 2548 2547 3171
f 3173 3165 2548
f 3267 3268 3269
f 3269 3270 3271
f 3269 3268 3270
f 3269 3271 3272
f 3271 3270 3273
f 3272 3271 3273
f 2566 3274 2564
f 2655 3275 2566
f 2655 2566 2565
f 3275 3274 2566
f 2655 3276 3275
f 3277 3278 2564
f 3279 3277 2564
f 2564 3274 3279
f 3274 3275 3276
f 3268 3280 3276
f 2655 3281 3276
f 3281 3268 3276
f 3282 3277 3279
f 3274 3280 3279
f 3280 3274 3276
f 3278 3277 3282
f 3282 3279 3283
f 3283 3279 3280
f 3284 3280 3268
f 3198 3278 3285
f 3198 3200 3278
f 3285 3278 3282
f 3286 3285 3282
f 3267 3286 3283
f 3286 3282 3283
f 3283 3280 3284
f 3267 3283 3284
f 3284 3268 3267
f 3203 3198 3285
f 3203 3285 3286
f 3203 3286 3287
f 3201 3203 3287
f 3288 3287 3286
f 3288 3286 3267
f 2566 2564 2558
f 2562 2561 3204
f 2559 2564 2561
f 2564 3289 2561
f 3204 3289 3210
f 2561 3289 3204
f 2564 3278 3289
f 3210 3289 3200
f 3289 3278 3200
f 2590 2593 3290
f 2593 2594 3290
f 2596 2597 3291
f 3291 2597 3292
f 2597 2599 3292
f 3292 2599 3293
f 3293 2599 3294
f 3294 2599 3295
f 2599 2603 3295
f 3294 3295 3296
f 3295 2603 2607
f 3296 3295 2607
f 3296 2607 3297
f 2607 3298 3297
f 3297 3298 3299
f 2607 2608 3298
f 3298 2608 3300
f 3298 3300 3299
f 2607 2605 2608
f 3300 2608 2612
f 3300 3301 3302
f 3300 2612 3303
f 3300 3303 3301
f 3301 3303 3304
f 2612 2617 2618
f 2618 2620 3305
f 2612 2618 3303
f 3303 2618 3305
f 3303 3305 3223
f 3223 3305 3306
f 3306 2620 3226
f 3305 2620 3306
f 3223 3306 3224
f 3306 3226 3224
f 3304 3303 3223
f 2627 2630 2633
f 2620 2631 3226
f 3226 2631 3307
f 2631 2627 3307
f 2627 2633 3307
f 3226 3307 3227
f 3307 2633 3227
f 3308 3309 3310
f 3311 3308 3310
f 3312 3310 3309
f 3313 3311 3310
f 3314 3309 3315
f 3315 3308 3311
f 3315 3309 3308
f 3316 3314 3317
f 3317 3314 3315
f 3318 3315 3311
f 2701 2653 2654
f 3319 3281 2657
f 3320 3319 2657
f 2701 3321 3320
f 2701 3320 2657
f 3322 3323 2701
f 3322 2701 2700
f 3324 3281 3319
f 3325 3320 3321
f 3325 3319 3320
f 3321 2701 3323
f 3312 3323 3322
f 3325 3270 3324
f 3319 3325 3324
f 3321 3323 3312
f 3326 3270 3325
f 3312 3309 3321
f 3273 3270 3326
f 3321 3327 3328
f 3326 3325 3328
f 3327 3326 3328
f 3316 3327 3321
f 3325 3321 3328
f 3314 3316 3309
f 3309 3316 3321
f 3273 3326 3327
f 3273 3327 3329
f 3281 2655 2656
f 2657 3281 2656
f 2656 2655 2650
f 2657 2656 2652
f 2701 2657 2653
f 3324 3270 3268
f 3324 3268 3281
f 3330 2684 2683
f 2683 2687 3330
f 2687 2688 3331
f 2687 3331 3330
f 3331 2688 3332
f 3331 3333 3330
f 3331 3332 3334
f 2688 2689 3332
f 3332 2689 3335
f 3332 3335 3336
f 3334 3332 3336
f 3337 3334 3336
f 2689 2690 3335
f 3335 2690 2691
f 3335 2691 3338
f 2691 3339 3338
f 3335 3338 3336
f 3336 3338 3340
f 3341 3340 3338
f 3338 3339 3341
f 2691 2590 3342
f 3339 2691 3342
f 3342 3343 3339
f 3339 3343 3344
f 2590 3290 3345
f 2590 3345 3342
f 3342 3345 3291
f 3343 3342 3291
f 3346 3343 3291
f 3290 2594 3345
f 3345 2594 2596
f 3345 2596 3291
f 3347 3348 3349
f 3347 3349 3350
f 3348 3351 3349
f 3348 3352 3351
f 3353 3351 3352
f 3354 3353 3352
f 3352 3348 3355
f 3356 3352 3355
f 3357 3353 3358
f 3358 3353 3354
f 3356 3359 3354
f 3356 3354 3352
f 3355 3360 3356
f 2741 3361 2697
f 3361 3362 3363
f 3362 3361 3364
f 3364 3361 2741
f 3365 3363 3362
f 3350 3366 3367
f 3350 3367 3364
f 3367 3362 3364
f 3313 3365 3362
f 3367 3366 3362
f 3349 3366 3350
f 3365 3313 3310
f 3310 3312 3365
f 3368 3313 3366
f 3366 3313 3362
f 3366 3351 3368
f 3351 3353 3368
f 3366 3349 3351
f 3369 3313 3368
f 3369 3368 3353
f 3311 3313 3369
f 3357 3370 3371
f 3371 3311 3369
f 3371 3353 3357
f 3369 3353 3371
f 3372 3322 2700
f 3372 2700 2699
f 3363 3372 3373
f 3372 2699 3373
f 3363 3373 3361
f 3373 2702 3361
f 2702 3373 2699
f 2697 3361 2702
f 3365 3312 3322
f 3363 3322 3372
f 3363 3365 3322
f 2730 3374 2728
f 2730 2734 3375
f 3374 2730 3375
f 3375 2734 3376
f 3377 3375 3378
f 3376 3378 3375
f 3379 3377 3378
f 2733 2679 2734
f 2679 2735 2734
f 2734 2735 3376
f 3376 2735 3380
f 3378 3376 3380
f 3378 3380 3379
f 3379 3380 3381
f 2735 2684 3380
f 3330 3333 2684
f 2684 3333 3381
f 3380 2684 3381
f 3382 3333 3334
f 3381 3333 3382
f 3334 3383 3382
f 3382 3384 3381
f 3333 3331 3334
f 3383 3334 3337
f 3385 3386 3387
f 3388 3389 3360
f 3388 3360 3390
f 3386 3388 3390
f 3385 3391 3388
f 3385 3388 3386
f 3388 3391 3392
f 3391 3393 3392
f 3394 3395 2744
f 3395 3394 3396
f 3347 3350 3397
f 3397 3395 3396
f 3398 3399 3396
f 3400 3347 3397
f 3399 3397 3396
f 3399 3390 3397
f 3348 3347 3400
f 3397 3390 3400
f 3390 3399 3387
f 3385 3387 3399
f 3355 3348 3400
f 3390 3360 3355
f 3390 3355 3400
f 3386 3390 3387
f 3389 3401 3360
f 2743 3364 2741
f 2743 2741 2742
f 2744 3395 2743
f 2744 2786 3394
f 3397 2743 3395
f 3350 3364 2743
f 3397 3350 2743
f 2771 2729 2772
f 2772 2729 2773
f 2772 2773 3402
f 3403 3404 3402
f 3402 2773 3403
f 3404 3405 3402
f 3406 3402 3405
f 2728 3374 3403
f 3403 2773 2728
f 3403 3374 3404
f 3374 3377 3404
f 3404 3377 3407
f 3404 3407 3405
f 3405 3407 3408
f 3375 3377 3374
f 3377 3379 3409
f 3410 3411 3412
f 3410 3412 3413
f 3414 3411 3415
f 3416 3417 3418
f 3419 3420 3417
f 3417 3421 3419
f 3422 3416 3423
f 3385 3420 3419
f 3424 3425 3419
f 3421 3424 3419
f 3416 3421 3417
f 3422 3413 3421
f 3421 3416 3422
f 3425 3391 3385
f 3425 3385 3419
f 3424 3414 3425
f 3413 3412 3424
f 3413 3424 3421
f 3425 3393 3391
f 3412 3414 3424
f 3393 3425 3415
f 3415 3425 3414
f 3414 3412 3411
f 2775 3426 3427
f 3427 2786 2775
f 3426 2775 2774
f 3427 3394 2786
f 3427 3396 3394
f 3396 3427 3428
f 3426 3428 3427
f 3418 3428 3426
f 3426 3429 3418
f 3426 2774 3429
f 3428 3398 3396
f 3420 3398 3428
f 3417 3420 3428
f 3428 3418 3417
f 3385 3399 3398
f 3385 3398 3420
f 2769 2772 3430
f 2772 3402 3430
f 2767 2769 2802
f 2802 2769 3431
f 3430 3431 2769
f 3402 3406 3430
f 3432 3433 3434
f 3434 3410 3413
f 3410 3434 3433
f 3433 3435 3410
f 3435 3411 3410
f 3436 3435 3433
f 3436 3433 3432
f 3437 3438 3439
f 3440 3437 3439
f 3440 3439 3441
f 3438 3423 3416
f 3416 3418 3438
f 3442 3438 3437
f 3443 3437 3440
f 3442 3423 3438
f 3434 3423 3442
f 3434 3442 3444
f 3445 3432 3444
f 3444 3446 3445
f 3444 3442 3446
f 3442 3437 3446
f 3446 3437 3443
f 3434 3413 3422
f 3423 3434 3422
f 3434 3444 3432
f 2774 2803 3447
f 3429 2774 3447
f 3429 3447 3448
f 3448 3447 3449
f 3447 2803 3449
f 3449 2803 2785
f 3450 3439 3449
f 3449 2805 3450
f 2785 2805 3449
f 3451 3439 3450
f 3450 2805 3451
f 3429 3448 3438
f 3438 3448 3439
f 3448 3449 3439
f 3439 3451 3441
f 3418 3429 3438
f 2765 2801 2808
f 3452 2801 2802
f 2802 3431 3453
f 3431 3454 3455
f 3454 3431 3430
f 3432 3445 3456
f 3440 3457 3443
f 3440 3441 3457
f 3458 3446 3443
f 3443 3457 3459
f 3459 3458 3443
f 3457 3460 3459
f 3457 3461 3462
f 3457 3463 3460
f 3464 3462 3461
f 3457 3462 3463
f 3458 3445 3446
f 3465 3445 3458
f 3456 3445 3465
f 3458 3459 3465
f 3460 3456 3465
f 3459 3460 3465
f 3466 3467 3456
f 3451 2805 3464
f 3461 3441 3451
f 3441 3461 3457
f 3461 3451 3464
f 3464 3468 3469
f 3464 3469 3462
f 2792 3464 2805
f 3464 2792 3468
f 2792 2806 3468
f 3468 2806 3470
f 2806 2809 3470
f 2807 3471 2809
f 2807 2808 3471
f 2808 2801 3472
f 3472 2801 3452
f 3452 2802 3473
f 3452 3473 3472
f 3473 2802 3453
f 3473 3453 3431
f 3463 3462 3469
f 3474 3456 3460
f 3463 3474 3460
f 3463 3469 3474
f 3456 3474 3475
f 3476 3474 3469
f 3476 3469 3468
f 3477 3475 3474
f 3477 3474 3476
f 3478 3477 3476
f 3476 3468 3478
f 3468 3479 3478
f 3480 3478 3479
f 3466 3456 3475
f 3466 3475 3477
f 3481 3477 3482
f 3482 3477 3478
f 3480 3482 3478
f 3482 3480 3483
f 3481 3466 3477
f 3484 3481 3483
f 3483 3481 3482
f 3468 3470 3479
f 3479 3470 3480
f 3470 3485 3480
f 2809 3471 3486
f 3486 3471 3487
f 3470 2809 3485
f 2809 3486 3485
f 2808 3488 3471
f 3471 3489 3487
f 3488 3489 3471
f 3488 3490 3489
f 3473 3490 3488
f 3488 2808 3472
f 3472 3473 3488
f 3483 3480 3491
f 3492 3483 3491
f 3493 3483 3492
f 3492 3494 3493
f 3480 3485 3491
f 3492 3491 3494
f 3491 3485 3494
f 3485 3495 3494
f 3486 3495 3485
f 3495 3486 3496
f 3487 3496 3486
f 3497 3495 3496
f 3495 3497 3494
f 3496 3487 3497
f 3489 3490 3487
f 2872 3498 2874
f 3498 3499 2874
f 3026 3498 2872
f 3500 3501 3026
f 3026 3501 3498
f 3501 3502 3498
f 3499 3498 3502
f 3502 3501 3503
f 3504 3501 3500
f 3504 3505 3501
f 3505 3503 3501
f 3506 3503 3505
f 2887 2875 3499
f 2874 3499 2875
f 3499 3507 2887
f 3508 2886 2884
f 3507 3499 3502
f 2887 3507 2884
f 3507 3508 2884
f 3502 3509 3507
f 3509 3510 3507
f 3507 3510 3508
f 3503 3511 3502
f 3502 3511 3509
f 3503 3506 3511
f 3506 3512 3511
f 3511 3512 3509
f 3512 3513 3509
f 3509 3513 3510
f 3513 3514 3510
f 3513 3515 3514
f 2886 3516 2893
f 2893 3516 2900
f 3517 3516 2886
f 3510 3514 3508
f 3508 3514 2886
f 3514 3518 2886
f 2886 3518 3517
f 3518 3519 3517
f 3517 3519 3516
f 3516 3519 3520
f 3519 3521 3520
f 3522 3523 3519
f 3519 3523 3521
f 3514 3515 3518
f 3515 3524 3518
f 3524 3525 3518
f 3518 3525 3519
f 3525 3522 3519
f 3522 3526 3523
f 3516 3520 2900
f 2898 2900 3520
f 2898 3520 2901
f 3520 3521 2901
f 3521 3527 2901
f 3521 3528 3527
f 3523 3528 3521
f 2899 3529 2905
f 2901 3530 2899
f 3530 3529 2899
f 3531 3532 3529
f 3529 3532 3533
f 2901 3527 3530
f 3529 3530 3531
f 3531 3534 3532
f 3527 3535 3530
f 3535 3531 3530
f 3534 3536 3532
f 3535 3534 3531
f 3537 3534 3535
f 3537 3536 3534
f 2905 3533 2904
f 2904 3538 2913
f 3529 3533 2905
f 3533 3538 2904
f 3538 3539 2913
f 2913 3539 2920
f 3532 3540 3533
f 3533 3540 3538
f 3540 3541 3538
f 3538 3541 3539
f 3536 3540 3532
f 3542 3541 3540
f 3542 3543 3541
f 3543 3544 3541
f 3544 3545 3541
f 3540 3536 3542
f 3546 3542 3536
f 3547 3548 2919
f 3539 3549 2920
f 2919 2920 3547
f 2920 3549 3547
f 3539 3545 3549
f 3545 3550 3549
f 3550 3547 3549
f 3541 3545 3539
f 3550 3551 3547
f 3552 3551 3550
f 3552 3553 3551
f 3548 2924 2919
f 3548 3554 2924
f 2924 3554 2927
f 3547 3551 3548
f 3551 3555 3548
f 3555 3554 3548
f 2927 3554 3556
f 3555 3557 3554
f 3554 3557 3556
f 3551 3553 3555
f 3553 3557 3555
f 3553 3558 3557
f 3557 3558 3556
f 3556 3558 3559
f 2927 3560 2928
f 2928 3560 3561
f 2927 3556 3560
f 3556 3562 3560
f 3560 3562 3563
f 3556 3559 3562
f 3559 3564 3562
f 3562 3564 3563
f 3559 3565 3564
f 2928 3561 2930
f 2930 3561 2933
f 3560 3563 3561
f 3561 3563 2933
f 3563 3566 2933
f 3564 3566 3563
f 3567 2941 3566
f 3564 3567 3566
f 2933 3566 2941
f 3568 2941 3567
f 3567 3569 3568
f 3569 2941 3568
f 3570 3571 3569
f 2933 2941 2934
f 3572 2941 3569
f 3571 3572 3569
f 3573 3572 3571
f 3574 3572 3573
f 3575 3574 3573
f 3571 3575 3573
f 3572 2942 2941
f 2939 2942 2940
f 3572 3574 2942
f 3576 3577 3575
f 2940 3574 2944
f 2944 3578 2945
f 2942 3574 2940
f 3574 3578 2944
f 3578 3574 3579
f 3574 3575 3579
f 3575 3577 3579
f 3578 2947 2945
f 3578 3580 2947
f 3578 3579 3580
f 3577 3581 3580
f 3579 3577 3580
f 3581 3577 3582
f 3583 3582 3577
f 3580 2948 2947
f 2948 3580 3581
f 3584 3581 3582
f 3584 3582 3585
f 3586 3584 3585
f 3584 3587 3581
f 3584 3586 3587
f 3588 3589 3586
f 3589 3587 3586
f 2948 3581 2949
f 3590 2949 3581
f 3581 3587 3590
f 3587 3589 3591
f 2949 3592 2950
f 3592 2952 2950
f 3592 2949 3590
f 2952 3592 3590
f 3587 3593 3590
f 3593 3594 3590
f 3593 3587 3591
f 3595 3593 3591
f 3593 3595 3594
f 3596 3595 3591
f 3596 3591 3597
f 2954 2953 2952
f 2954 2952 3590
f 3594 2954 3590
f 3595 3596 3594
f 3598 2954 3594
f 3598 3594 3599
f 3598 3599 3600
f 3598 3601 2954
f 2954 3601 2816
f 3602 3601 3598
f 3600 3602 3598
f 2816 3601 2955
f 3601 3603 2955
f 3603 3601 3604
f 3601 3602 3604
f 3604 3605 3603
f 3603 3605 2817
f 3606 3607 3602
f 3602 3607 3604
f 3604 3608 3605
f 3607 3608 3604
f 3607 3606 3608
f 2817 2815 2955
f 2817 2955 3603
f 2822 2817 3605
f 3605 3609 2822
f 3608 3609 3605
f 3609 3608 3610
f 3609 3611 3612
f 3609 3612 2822
f 2822 3612 2824
f 2956 2824 3612
f 3613 3614 3612
f 2956 3612 3614
f 2956 3614 2958
f 2958 3615 2959
f 3614 3615 2958
f 2844 2959 3615
f 3616 3615 3614
f 2844 2957 2959
f 3615 3616 2844
f 3617 2844 3616
f 3616 3618 3617
f 2844 3617 2960
f 3618 2960 3617
f 3618 2850 2960
f 3619 2850 3618
f 3620 3621 3622
f 3623 3621 3620
f 3624 3625 3626
f 3623 3625 3621
f 3625 3624 3621
f 3626 3625 3627
f 3623 3628 3625
f 3627 3625 3628
f 2991 2990 3629
f 2992 3622 2990
f 3622 3629 2990
f 3624 3629 3622
f 3630 2991 3629
f 3630 3631 2991
f 3630 3629 3624
f 3624 3622 3621
f 3632 3631 3630
f 3630 3633 3632
f 3632 3634 3631
f 3633 3630 3624
f 3626 3633 3624
f 3000 3002 3635
f 3000 3635 3001
f 3636 3001 3635
f 2991 3637 3002
f 3635 3002 3637
f 3635 3637 3638
f 3638 3639 3635
f 3637 2991 3638
f 3640 3641 3636
f 3639 3636 3635
f 3639 3640 3636
f 3640 3642 3641
f 3639 3638 3634
f 3631 3638 2991
f 3642 3643 3641
f 3634 3644 3639
f 3639 3644 3640
f 3644 3642 3640
f 3631 3634 3638
f 3643 3642 3645
f 3634 3646 3644
f 3644 3646 3642
f 3013 3012 3009
f 3013 3636 3647
f 3013 3001 3636
f 3021 3012 3648
f 3648 3012 3013
f 3641 3647 3636
f 3648 3013 3647
f 3649 3648 3647
f 3641 3643 3647
f 3650 3649 3647
f 3650 3643 3651
f 3643 3650 3647
f 3021 3652 3010
f 3020 3010 3652
f 3652 3653 3020
f 3653 3652 3654
f 3654 3500 3653
f 3654 3652 3655
f 3652 3021 3655
f 3648 3649 3021
f 3655 3649 3656
f 3655 3021 3649
f 3656 3657 3655
f 3655 3657 3654
f 3654 3657 3500
f 3657 3504 3500
f 3656 3658 3657
f 3658 3504 3657
f 3650 3659 3649
f 3649 3659 3656
f 3659 3658 3656
f 3658 3659 3504
f 3026 3020 3653
f 3026 3653 3500
f 3597 3660 3596
f 3596 3599 3594
f 3596 3660 3599
f 3599 3661 3600
f 3606 3600 3662
f 3600 3606 3602
f 3608 3663 3610
f 3663 3664 3610
f 3663 3608 3606
f 3606 3665 3663
f 3663 3665 3666
f 3663 3666 3664
f 3667 3664 3666
f 3665 3668 3666
f 3668 3669 3666
f 3666 3669 3667
f 3611 3609 3610
f 3670 3671 3611
f 3610 3670 3611
f 3610 3664 3670
f 3664 3667 3670
f 3670 3667 3672
f 3670 3672 3671
f 3667 3673 3672
f 3673 3674 3672
f 3672 3674 3675
f 3611 3676 3612
f 3611 3671 3676
f 3677 3678 3676
f 3671 3677 3676
f 3671 3672 3677
f 3675 3677 3672
f 3677 3675 3679
f 3678 3677 3680
f 3676 3613 3612
f 3676 3678 3613
f 3616 3678 3618
f 3616 3614 3613
f 3613 3678 3616
f 3618 3678 3619
f 3678 3681 3619
f 3619 2961 2850
f 3619 3681 2961
f 2961 3681 3027
f 3682 3027 3681
f 3056 3057 3683
f 3683 3684 3056
f 3069 3056 3684
f 3057 3685 3683
f 3098 3686 3057
f 3686 3685 3057
f 3685 3686 3687
f 3683 3688 3684
f 3687 3689 3685
f 3685 3689 3683
f 3688 3683 3689
f 3687 3686 3690
f 3687 3690 3689
f 3691 3688 3689
f 3692 3693 3688
f 3689 3690 3691
f 3065 3069 3068
f 3055 3056 3069
f 3694 3695 3684
f 3684 3695 3069
f 3696 3068 3695
f 3068 3069 3695
f 3694 3696 3695
f 3688 3694 3684
f 3696 3697 3698
f 3694 3697 3696
f 3694 3688 3693
f 3693 3697 3694
f 3699 3697 3693
f 3692 3700 3693
f 3622 2992 3620
f 2992 3074 3620
f 3068 3074 3067
f 3074 3068 3696
f 3620 3074 3701
f 3696 3701 3074
f 3620 3701 3623
f 3701 3628 3623
f 3701 3696 3698
f 3701 3698 3628
f 3628 3698 3702
f 3673 3667 3669
f 3673 3703 3674
f 3704 3674 3703
f 3674 3704 3705
f 3705 3704 3706
f 3707 3708 3704
f 3709 3681 3710
f 3679 3680 3677
f 3675 3674 3705
f 3675 3705 3679
f 3679 3705 3711
f 3679 3711 3680
f 3705 3706 3711
f 3711 3706 3710
f 3711 3710 3680
f 3681 3680 3710
f 3706 3712 3710
f 3710 3712 3709
f 3704 3708 3706
f 3680 3681 3678
f 3713 3682 3709
f 3681 3709 3714
f 3709 3682 3714
f 3682 3076 3715
f 3714 3682 3681
f 3027 3682 3715
f 3715 3076 3029
f 3029 3027 3715
f 3716 3095 3123
f 3716 3123 3717
f 3716 3717 3718
f 3719 3720 3717
f 3717 3123 3719
f 3718 3717 3721
f 3721 3722 3718
f 3721 3717 3720
f 3723 3724 3722
f 3722 3721 3723
f 3725 3721 3720
f 3091 3095 3716
f 3091 3716 3726
f 3726 3094 3091
f 3090 3094 3727
f 3727 3094 3726
f 3728 3726 3716
f 3728 3727 3726
f 3728 3716 3718
f 3727 3728 3729
f 3730 3727 3729
f 3729 3728 3724
f 3728 3718 3722
f 3731 3730 3729
f 3729 3724 3731
f 3728 3722 3724
f 3731 3732 3730
f 3723 3733 3724
f 3724 3733 3731
f 3727 3098 3090
f 3098 3727 3686
f 3730 3686 3727
f 3690 3686 3730
f 3690 3730 3732
f 3734 3690 3732
f 3057 3058 3098
f 3735 3736 3737
f 3735 3738 3736
f 3739 3740 3741
f 3742 3743 3744
f 3745 3708 3707
f 3746 3737 3747
f 3745 3747 3708
f 3708 3747 3748
f 3747 3737 3749
f 3747 3749 3748
f 3737 3736 3743
f 3737 3743 3749
f 3743 3742 3749
f 3750 3751 3752
f 3744 3751 3750
f 3753 3750 3713
f 3753 3749 3750
f 3749 3742 3750
f 3713 3750 3752
f 3750 3742 3744
f 3706 3708 3748
f 3706 3748 3712
f 3712 3748 3753
f 3713 3709 3753
f 3753 3709 3712
f 3749 3753 3748
f 3754 3755 3756
f 3682 3713 3757
f 3757 3713 3756
f 3713 3752 3756
f 3756 3752 3754
f 3756 3755 3101
f 3101 3757 3756
f 3682 3757 3076
f 3757 3101 3076
f 3758 3115 3759
f 3758 3759 3760
f 3760 3761 3762
f 3759 3763 3764
f 3760 3764 3761
f 3760 3759 3764
f 3761 3764 3765
f 3764 3763 3765
f 3761 3766 3762
f 3766 3761 3767
f 3767 3761 3765
f 3765 3763 3768
f 3114 3769 3124
f 3114 3113 3769
f 3113 3115 3758
f 3769 3770 3124
f 3113 3771 3769
f 3719 3124 3770
f 3113 3758 3771
f 3770 3772 3773
f 3772 3769 3762
f 3772 3770 3769
f 3771 3758 3760
f 3760 3762 3771
f 3762 3769 3771
f 3773 3772 3774
f 3775 3772 3762
f 3773 3774 3725
f 3776 3772 3775
f 3776 3774 3772
f 3766 3775 3762
f 3774 3777 3725
f 3123 3122 3719
f 3122 3124 3719
f 3719 3773 3720
f 3773 3719 3770
f 3725 3720 3773
f 3778 3779 3780
f 3781 3782 3783
f 3784 3782 3781
f 3784 3785 3786
f 3782 3784 3786
f 3787 3788 3782
f 3789 3790 3791
f 3783 3790 3789
f 3783 3782 3788
f 3783 3788 3790
f 3790 3788 3792
f 3782 3786 3787
f 3792 3793 3794
f 3792 3794 3795
f 3788 3787 3792
f 3796 3792 3787
f 3793 3792 3796
f 3739 3791 3795
f 3791 3790 3795
f 3792 3795 3790
f 3797 3798 3799
f 3794 3793 3800
f 3797 3799 3800
f 3801 3802 3803
f 3801 3803 3804
f 3803 3802 3799
f 3798 3803 3799
f 3800 3802 3794
f 3799 3802 3800
f 3738 3740 3801
f 3738 3801 3804
f 3802 3740 3794
f 3740 3802 3801
f 3735 3741 3738
f 3739 3795 3740
f 3740 3738 3741
f 3794 3740 3795
f 3805 3191 3806
f 3807 3808 3809
f 3810 3811 3807
f 3811 3805 3807
f 3808 3807 3805
f 3806 3808 3805
f 3798 3811 3810
f 3809 3812 3813
f 3814 3815 3816
f 3798 3814 3803
f 3807 3815 3814
f 3809 3815 3807
f 3810 3814 3798
f 3807 3814 3810
f 3743 3817 3744
f 3818 3816 3817
f 3744 3817 3813
f 3817 3816 3815
f 3817 3815 3809
f 3817 3809 3813
f 3803 3814 3804
f 3816 3804 3814
f 3738 3804 3818
f 3818 3817 3743
f 3818 3804 3816
f 3818 3736 3738
f 3736 3818 3743
f 3819 3820 3821
f 3190 3820 3819
f 3189 3820 3190
f 3822 3819 3823
f 3819 3822 3190
f 3824 3822 3806
f 3822 3824 3190
f 3825 3823 3819
f 3809 3808 3812
f 3822 3812 3808
f 3823 3812 3822
f 3822 3808 3806
f 3751 3813 3823
f 3754 3751 3823
f 3823 3813 3812
f 3752 3751 3754
f 3744 3813 3751
f 3128 3826 3189
f 3827 3826 3128
f 3827 3128 3127
f 3828 3821 3827
f 3826 3821 3820
f 3827 3821 3826
f 3820 3189 3826
f 3825 3819 3821
f 3828 3825 3821
f 3754 3825 3755
f 3754 3823 3825
f 3755 3825 3828
f 3829 3127 3129
f 3129 3132 3829
f 3830 3829 3101
f 3828 3827 3127
f 3828 3127 3830
f 3829 3830 3127
f 3830 3101 3755
f 3755 3828 3830
f 3829 3132 3078
f 3829 3078 3101
f 3831 3143 3217
f 3831 3218 3832
f 3831 3832 3833
f 3834 3831 3833
f 3832 3835 3833
f 3834 3833 3836
f 3833 3835 3837
f 3838 3836 3833
f 3141 3839 3150
f 3142 3141 3150
f 3839 3141 3840
f 3141 3139 3840
f 3840 3139 3831
f 3139 3143 3831
f 3150 3839 3841
f 3841 3839 3842
f 3840 3831 3842
f 3842 3839 3840
f 3841 3842 3843
f 3831 3834 3842
f 3843 3842 3844
f 3843 3844 3768
f 3842 3845 3844
f 3836 3845 3834
f 3842 3834 3845
f 3150 3841 3759
f 3149 3150 3759
f 3759 3115 3149
f 3763 3759 3841
f 3843 3763 3841
f 3763 3843 3768
f 3846 3847 3848
f 3846 3849 3847
f 3849 3846 3850
f 3850 3846 3851
f 3851 3852 3853
f 3854 3851 3853
f 3851 3854 3850
f 3848 3245 3855
f 3245 3856 3855
f 3855 3846 3848
f 3855 3857 3858
f 3857 3855 3856
f 3846 3855 3858
f 3858 3857 3859
f 3851 3858 3852
f 3859 3852 3858
f 3846 3858 3851
f 3860 3852 3778
f 3778 3852 3859
f 3861 3254 3862
f 3861 3863 3864
f 3862 3863 3861
f 3857 3856 3864
f 3861 3864 3856
f 3862 3865 3863
f 3866 3863 3867
f 3866 3859 3864
f 3863 3866 3864
f 3866 3867 3868
f 3859 3857 3864
f 3779 3868 3785
f 3866 3868 3779
f 3780 3779 3869
f 3779 3785 3869
f 3779 3778 3859
f 3866 3779 3859
f 3254 3262 3862
f 3862 3262 3865
f 3153 3262 3151
f 3262 3153 3865
f 3865 3870 3871
f 3871 3870 3872
f 3153 3870 3865
f 3865 3867 3863
f 3871 3867 3865
f 3871 3786 3873
f 3872 3786 3871
f 3873 3868 3867
f 3871 3873 3867
f 3785 3868 3873
f 3785 3873 3786
f 3153 3154 3874
f 3875 3870 3874
f 3870 3153 3874
f 3870 3875 3872
f 3787 3786 3872
f 3154 3162 3874
f 3876 3162 3159
f 3161 3876 3159
f 3876 3161 3877
f 3162 3876 3874
f 3875 3877 3878
f 3878 3877 3879
f 3877 3875 3876
f 3876 3875 3874
f 3879 3793 3878
f 3793 3796 3878
f 3796 3872 3875
f 3878 3796 3875
f 3796 3787 3872
f 3170 3169 3880
f 3879 3160 3881
f 3879 3161 3160
f 3879 3877 3161
f 3170 3881 3160
f 3880 3881 3170
f 3882 3883 3880
f 3879 3881 3884
f 3883 3884 3881
f 3880 3883 3881
f 3800 3884 3883
f 3883 3797 3800
f 3798 3797 3883
f 3882 3798 3883
f 3800 3793 3879
f 3884 3800 3879
f 3169 3885 3886
f 3886 3885 3811
f 3885 3180 3811
f 3180 3181 3885
f 3180 3885 3811
f 3887 3885 3181
f 3191 3887 3181
f 3885 3169 3179
f 3180 3885 3179
f 3885 3805 3811
f 3887 3805 3885
f 3191 3805 3887
f 3886 3880 3169
f 3882 3811 3798
f 3886 3882 3880
f 3811 3882 3886
f 3824 3191 3188
f 3187 3824 3188
f 3824 3187 3190
f 3178 3191 3181
f 3824 3806 3191
f 3888 3889 3890
f 3891 3890 3889
f 3892 3202 3893
f 3202 3201 3893
f 3893 3201 3287
f 3892 3893 3894
f 3892 3894 3895
f 3896 3897 3287
f 3287 3897 3898
f 3898 3893 3287
f 3894 3893 3898
f 3898 3897 3899
f 3900 3895 3901
f 3901 3895 3894
f 3901 3894 3902
f 3903 3902 3894
f 3899 3888 3890
f 3837 3901 3902
f 3898 3903 3894
f 3898 3899 3890
f 3837 3902 3904
f 3903 3898 3905
f 3905 3890 3891
f 3905 3898 3890
f 3892 3219 3202
f 3217 3218 3831
f 3218 3219 3906
f 3219 3900 3906
f 3219 3892 3900
f 3892 3895 3900
f 3218 3906 3832
f 3837 3906 3900
f 3906 3837 3835
f 3835 3832 3906
f 3900 3901 3837
f 3907 3908 3909
f 3909 3302 3301
f 3907 3909 3301
f 3301 3910 3907
f 3911 3910 3912
f 3301 3304 3913
f 3301 3913 3910
f 3910 3913 3914
f 3910 3914 3912
f 3304 3223 3915
f 3915 3223 3225
f 3232 3225 3228
f 3913 3304 3915
f 3913 3915 3914
f 3232 3914 3915
f 3232 3916 3914
f 3915 3225 3232
f 3914 3916 3912
f 3917 3912 3918
f 3918 3912 3916
f 3917 3918 3847
f 3916 3847 3918
f 3847 3916 3848
f 3848 3916 3236
f 3236 3916 3232
f 3246 3848 3236
f 3245 3246 3242
f 3848 3246 3245
f 3246 3856 3245
f 3245 3856 3246
f 3244 3856 3245
f 3856 3253 3861
f 3244 3253 3856
f 3253 3254 3861
f 3152 3151 3261
f 3919 3920 3921
f 3919 3922 3920
f 3921 3923 3924
f 3923 3921 3920
f 3923 3920 3925
f 3923 3925 3926
f 3927 3923 3926
f 3269 3928 3267
f 3267 3928 3929
f 3928 3269 3272
f 3928 3272 3930
f 3930 3272 3931
f 3272 3329 3931
f 3273 3329 3272
f 3929 3928 3932
f 3932 3928 3930
f 3933 3932 3934
f 3933 3929 3932
f 3932 3935 3934
f 3935 3932 3930
f 3935 3930 3931
f 3935 3931 3919
f 3919 3931 3922
f 3897 3933 3888
f 3921 3935 3919
f 3935 3921 3936
f 3889 3933 3937
f 3889 3888 3933
f 3933 3934 3937
f 3937 3934 3935
f 3937 3935 3936
f 3921 3924 3936
f 3924 3937 3936
f 3937 3924 3938
f 3896 3287 3288
f 3896 3288 3929
f 3929 3288 3267
f 3896 3933 3897
f 3933 3896 3929
f 3899 3897 3888
f 3939 3940 3941
f 3292 3942 3941
f 3941 3942 3939
f 3939 3942 3943
f 3943 3942 3944
f 3942 3292 3944
f 3944 3945 3946
f 3946 3945 3947
f 3292 3293 3944
f 3293 3294 3944
f 3294 3296 3944
f 3945 3944 3296
f 3296 3297 3945
f 3945 3297 3948
f 3297 3299 3948
f 3948 3299 3909
f 3909 3908 3948
f 3299 3300 3302
f 3299 3302 3909
f 3949 3950 3370
f 3951 3952 3953
f 3953 3952 3949
f 3953 3949 3954
f 3955 3951 3953
f 3956 3955 3953
f 3956 3953 3957
f 3957 3953 3958
f 3958 3953 3954
f 3958 3954 3959
f 3958 3960 3957
f 3922 3327 3316
f 3922 3316 3961
f 3961 3316 3317
f 3961 3317 3962
f 3962 3317 3963
f 3317 3315 3318
f 3963 3317 3318
f 3963 3311 3952
f 3318 3311 3963
f 3952 3371 3950
f 3952 3311 3371
f 3950 3371 3370
f 3922 3961 3964
f 3964 3961 3962
f 3952 3950 3949
f 3964 3962 3965
f 3965 3962 3963
f 3920 3964 3925
f 3920 3922 3964
f 3925 3965 3966
f 3925 3964 3965
f 3966 3963 3951
f 3963 3952 3951
f 3966 3965 3963
f 3966 3951 3955
f 3967 3925 3966
f 3926 3925 3967
f 3967 3966 3956
f 3956 3966 3955
f 3927 3926 3967
f 3967 3968 3927
f 3968 3967 3956
f 3931 3329 3327
f 3931 3327 3922
f 3336 3340 3337
f 3340 3969 3970
f 3971 3337 3970
f 3337 3340 3970
f 3969 3972 3970
f 3969 3973 3972
f 3971 3970 3972
f 3974 3975 3972
f 3971 3972 3975
f 3340 3341 3969
f 3972 3973 3974
f 3339 3344 3341
f 3344 3969 3341
f 3969 3344 3976
f 3344 3343 3976
f 3343 3346 3976
f 3969 3976 3973
f 3346 3977 3976
f 3973 3976 3977
f 3978 3973 3977
f 3979 3346 3941
f 3979 3977 3346
f 3977 3979 3980
f 3941 3346 3291
f 3981 3979 3940
f 3979 3941 3940
f 3291 3292 3941
f 3982 3983 3984
f 3984 3985 3986
f 3984 3983 3985
f 3987 3982 3984
f 3987 3984 3986
f 3988 3987 3986
f 3988 3986 3989
f 3990 3982 3987
f 3991 3982 3990
f 3990 3987 3992
f 3992 3987 3988
f 3992 3988 3993
f 3993 3988 3989
f 3994 3993 3995
f 3370 3357 3358
f 3358 3354 3996
f 3996 3354 3359
f 3356 3360 3997
f 3997 3360 3401
f 3996 3370 3358
f 3998 3996 3359
f 3998 3359 3356
f 3998 3356 3997
f 3983 3997 3401
f 3949 3370 3996
f 3999 3998 3997
f 3999 3997 3983
f 3954 3949 3996
f 3954 3996 4000
f 4000 3996 3998
f 4000 3998 4001
f 4001 3999 3982
f 4001 3998 3999
f 3982 3999 3983
f 3954 4000 4002
f 4002 4000 4001
f 4002 4001 3982
f 3954 4002 3959
f 3991 4002 3982
f 3959 4002 3991
f 3379 4003 3409
f 3379 3381 3384
f 3379 3384 4003
f 4003 4004 4005
f 4004 4006 4005
f 3384 3382 3383
f 3384 4004 4003
f 3384 3383 4004
f 4004 3383 4007
f 4008 4004 4007
f 4006 4004 4008
f 3383 3337 4007
f 4007 3337 3971
f 4009 4007 3971
f 4010 4011 4012
f 4012 4011 4013
f 4010 4012 4014
f 4014 4013 4015
f 4014 4012 4013
f 4016 4017 4018
f 4016 4018 4019
f 4019 4010 4020
f 4019 4018 4010
f 4020 4010 4021
f 4021 4010 4014
f 4021 4015 4022
f 4021 4014 4015
f 4019 4020 4021
f 4023 4024 3389
f 4023 3389 3388
f 4023 3388 4025
f 4026 4025 3392
f 4025 3388 3392
f 3392 3393 4027
f 3983 3389 4024
f 3983 3401 3389
f 4025 4028 4024
f 4024 4023 4025
f 4028 4025 4026
f 4028 4026 3392
f 4028 3392 4029
f 4029 3392 4027
f 4029 4027 4011
f 3985 3983 4024
f 4030 4018 4028
f 4030 4028 4029
f 3986 4024 3989
f 3986 3985 4024
f 3989 4028 4031
f 3989 4024 4028
f 4031 4028 4018
f 4018 4030 4029
f 4018 4029 4010
f 4010 4029 4011
f 3989 4031 4018
f 3989 4018 4017
f 3993 3989 3995
f 3989 4016 3995
f 4016 3989 4017
f 3994 3995 4016
f 3408 3407 4032
f 3407 3409 4032
f 3409 4033 4032
f 4032 4033 4034
f 3377 3409 3407
f 3409 4003 4005
f 4033 3409 4005
f 4005 4006 4035
f 4033 4005 4035
f 3415 3411 4036
f 4036 3411 4037
f 4038 4036 4037
f 4037 3435 4039
f 4037 3411 3435
f 3415 4040 4011
f 4038 4040 4036
f 4040 3415 4036
f 4039 4038 4037
f 4011 4040 4013
f 4038 4013 4040
f 4041 4038 4039
f 4015 4038 4042
f 4015 4013 4038
f 4042 4038 4041
f 4015 4042 4022
f 4022 4042 4041
f 3415 4011 4027
f 3393 3415 4027
f 3430 3406 4043
f 4043 3406 4044
f 3406 3405 4044
f 3405 3408 4044
f 3408 4032 4045
f 4039 3435 3436
f 4041 4039 3436
f 4041 3436 3432
f 3456 4046 3432
f 4041 3432 4046
f 4043 4047 4048
f 4043 4044 4047
f 4044 4049 4050
f 4044 4050 4047
f 3430 4043 3454
f 4044 3408 4049
f 3456 3467 4046
f 3455 3454 4051
f 4051 3454 4048
f 4048 4052 4051
f 4048 4053 4052
f 3454 4043 4048
f 4053 4048 4047
f 3481 3484 3466
f 4054 3484 3483
f 3466 3484 3467
f 4055 3484 4054
f 3467 3484 4055
f 3473 3431 4056
f 4057 3473 4056
f 4056 4058 4057
f 4056 3431 3455
f 4058 4056 3455
f 4058 3455 4051
f 4059 4051 4052
f 3483 3493 4054
f 4054 3493 4060
f 4061 4054 4060
f 4062 4063 3494
f 3490 4064 3487
f 3497 4062 3494
f 4065 4062 3497
f 3487 4065 3497
f 4063 3493 3494
f 4066 3487 4064
f 4060 3493 4067
f 4067 3493 4063
f 4068 4064 3490
f 4064 4068 4066
f 4068 4069 4070
f 4069 4068 4057
f 3473 4057 3490
f 4057 4068 3490
f 4057 4058 4071
f 4058 4072 4071
f 4058 4051 4073
f 4073 4051 4059
f 4074 4063 4062
f 4074 4062 4065
f 3487 4066 4065
f 4066 4070 4065
f 4067 4063 4074
f 4075 4074 4065
f 4067 4074 4075
f 4070 4075 4065
f 4076 4067 4075
f 4077 4060 4067
f 4067 4078 4079
f 4067 4079 4077
f 4076 4078 4067
f 4080 4076 4075
f 4078 4076 4080
f 4078 4077 4079
f 4081 4077 4078
f 4080 4082 4078
f 4068 4070 4066
f 4069 4071 4083
f 4070 4080 4075
f 4070 4069 4084
f 4080 4070 4084
f 4084 4069 4083
f 4071 4085 4086
f 4083 4086 4087
f 4083 4071 4086
f 4084 4083 4087
f 4088 4084 4087
f 4084 4088 4089
f 4080 4084 4090
f 4084 4089 4090
f 4057 4071 4069
f 4071 4072 4085
f 4081 4078 4082
f 4082 4080 4090
f 4091 3505 3504
f 3506 3505 4092
f 4091 4093 3505
f 3505 4093 4092
f 4093 4094 4092
f 3506 4092 3512
f 3512 4092 3513
f 3513 3524 3515
f 4095 4096 4092
f 4092 4096 3513
f 4096 4097 3513
f 3513 4097 3524
f 4096 4098 4097
f 4094 4095 4092
f 4095 4099 4096
f 4096 4099 4098
f 4099 4100 4098
f 3524 4101 3525
f 4101 4102 3525
f 3525 4102 3522
f 3522 4102 3526
f 4102 4101 3526
f 3524 4097 4101
f 4097 4103 4101
f 4104 4101 4103
f 4097 4098 4103
f 4098 4100 4103
f 4100 4105 4103
f 4103 4105 4104
f 4104 4106 4107
f 3526 3528 3523
f 3528 4108 3527
f 3527 4108 3535
f 3526 4109 3528
f 3528 4109 4108
f 3535 4108 3537
f 4101 4109 3526
f 4108 4110 3537
f 4110 4111 3537
f 4101 4104 4109
f 4108 4109 4110
f 4104 4107 4109
f 4109 4107 4110
f 4110 4112 4111
f 4113 4112 4110
f 4107 4113 4110
f 3537 3546 3536
f 3537 4111 4114
f 4112 4114 4111
f 4114 4112 4115
f 4116 4114 4115
f 4115 4117 4116
f 3545 3544 4118
f 3546 3543 3542
f 3543 4119 3544
f 3537 4120 3546
f 3546 4120 3543
f 4120 4121 3543
f 3543 4121 4119
f 4121 4122 4119
f 4120 4123 4121
f 4123 4124 4121
f 4121 4124 4122
f 4120 3537 4114
f 4114 4116 4120
f 4116 4123 4120
f 3550 3545 4118
f 3552 3550 4118
f 3544 4119 4118
f 4118 4122 3552
f 4119 4122 4118
f 4122 4125 3552
f 4125 3553 3552
f 4126 4125 4122
f 4122 4124 4126
f 4126 4127 4125
f 4126 4128 4127
f 4124 4129 4126
f 4129 4128 4126
f 4123 4129 4124
f 4129 4130 4128
f 4129 4123 4131
f 4132 4129 4131
f 4130 4129 4132
f 3553 4125 3558
f 4125 4127 3558
f 4127 3559 3558
f 4127 4133 3559
f 3559 4133 3565
f 4133 4134 3565
f 4128 4133 4127
f 4133 4135 4134
f 4133 4128 4130
f 4135 4133 4136
f 4136 4133 4130
f 3567 3564 3565
f 3565 4137 3567
f 4137 3565 4134
f 3569 3567 4137
f 4137 3570 3569
f 3570 4137 4134
f 4134 4138 3570
f 4134 4135 4138
f 3571 3570 4138
f 4135 4139 4138
f 3571 4138 4139
f 3571 4139 3575
f 4135 4140 4141
f 4139 4135 4141
f 3575 4139 3576
f 3576 4141 4142
f 3576 4139 4141
f 3577 4142 4143
f 4143 3583 3577
f 3577 3576 4142
f 4144 4143 4142
f 3583 4143 4144
f 4144 4142 4145
f 4146 4144 4145
f 4141 4147 4142
f 4140 4147 4141
f 4147 4145 4142
f 4148 4144 4146
f 3583 4144 4148
f 4148 4146 4149
f 3588 4148 4149
f 3585 3582 3583
f 3585 3583 4148
f 4148 3586 3585
f 3586 4148 3588
f 3628 3702 4150
f 4150 3627 3628
f 3702 4151 4150
f 4150 4152 3627
f 4152 4153 3627
f 3627 4153 4154
f 4152 4155 4153
f 4155 4156 4153
f 4153 4156 4157
f 3632 3633 4158
f 3632 4158 4159
f 3627 4160 3626
f 4158 3633 3626
f 4160 4158 3626
f 3627 4154 4160
f 4160 4161 4158
f 4159 4161 4162
f 4159 4158 4161
f 4154 4161 4160
f 4163 4164 4161
f 4154 4157 4161
f 4161 4157 4163
f 4153 4157 4154
f 4164 4163 4165
f 4163 4166 4165
f 4164 4165 4167
f 4157 4156 4163
f 4168 3642 3646
f 4159 4169 3632
f 3632 4169 3634
f 3634 4169 3646
f 4169 4170 3646
f 3646 4170 4168
f 4170 4171 4168
f 4159 4162 4169
f 4172 4171 4170
f 4162 4170 4169
f 4162 4164 4167
f 4167 4172 4162
f 4162 4172 4170
f 4164 4162 4161
f 4171 4172 4173
f 4172 4174 4173
f 4174 4175 4173
f 3642 4168 3645
f 3643 3645 3651
f 3651 4176 3650
f 3645 4177 3651
f 4177 4176 3651
f 4171 4178 4168
f 4168 4178 3645
f 3645 4178 4177
f 4177 4179 4176
f 4178 4180 4177
f 4177 4180 4179
f 4173 4180 4178
f 4171 4173 4178
f 4180 4181 4179
f 4173 4181 4180
f 4173 4182 4181
f 4175 4182 4173
f 3650 4176 3659
f 3659 4176 4183
f 4183 4091 3659
f 4176 4179 4183
f 4183 4184 4091
f 4183 4179 4184
f 4179 4185 4184
f 4185 4186 4184
f 4181 4185 4179
f 3504 3659 4091
f 4091 4184 4093
f 4093 4187 4094
f 4094 4187 4188
f 4184 4186 4093
f 4186 4187 4093
f 4186 4189 4187
f 4094 4188 4095
f 4095 4190 4099
f 4095 4188 4190
f 4190 4100 4099
f 4147 4191 4145
f 4145 4191 4146
f 4191 4149 4146
f 4140 4191 4147
f 4140 4192 4191
f 4191 4193 4149
f 4192 4193 4191
f 4193 4192 4194
f 4192 4195 4194
f 4193 4196 3588
f 4196 4197 3588
f 4193 3588 4149
f 4196 4193 4194
f 4196 4198 4197
f 4196 4194 4199
f 4198 4196 4199
f 4194 4200 4199
f 4199 4201 4198
f 4200 4201 4199
f 4202 4197 4198
f 4198 4201 4202
f 4197 3589 3588
f 4203 3589 4197
f 4202 4203 4197
f 4204 3589 4203
f 3589 4204 3591
f 4204 4203 4205
f 3591 4204 3597
f 3597 4206 3660
f 4204 4206 3597
f 4206 4204 4205
f 3660 3661 3599
f 3660 4206 3661
f 3661 4206 4205
f 3661 4205 3600
f 4205 3662 3600
f 4205 4207 3662
f 3665 3606 3662
f 4208 3668 3665
f 3690 3734 3691
f 3734 4209 4210
f 3732 4209 3734
f 3691 3692 3688
f 3700 3692 4211
f 3691 4212 3692
f 4210 3691 3734
f 4213 4211 3692
f 4213 3692 4212
f 3691 4210 4212
f 4213 4214 4215
f 4210 4209 4214
f 4212 4210 4214
f 4212 4214 4213
f 3700 3699 3693
f 3699 3700 4211
f 4211 4216 3699
f 3699 4216 3697
f 4217 4218 4216
f 4218 3697 4216
f 4217 4219 4218
f 4213 4220 4211
f 4220 4216 4211
f 4217 4216 4220
f 4219 4221 4218
f 4218 4221 4152
f 4213 4215 4222
f 4213 4222 4220
f 4220 4222 4217
f 4217 4222 4219
f 4223 4221 4219
f 3698 3697 4218
f 4218 4151 3698
f 3698 4151 3702
f 4152 4151 4218
f 4151 4152 4150
f 4152 4221 4224
f 4152 4224 4155
f 4202 4225 4203
f 4226 4227 4228
f 4203 4225 4205
f 4225 4207 4205
f 4225 4229 4207
f 4225 4228 4229
f 4228 4227 4229
f 4227 4230 4229
f 4207 4229 3665
f 4229 4231 3665
f 4229 4230 4231
f 4230 4232 4231
f 3662 4207 3665
f 4231 4233 4234
f 4231 4232 4233
f 4235 4233 4232
f 4233 4236 4234
f 4231 4208 3665
f 4231 4234 4208
f 4234 4236 4237
f 4236 4238 4237
f 4208 4234 3668
f 3668 4234 4239
f 4234 4237 4239
f 4237 4240 4239
f 4240 4241 4242
f 3668 4239 3669
f 4239 4240 4243
f 4239 4243 4244
f 4244 4243 4245
f 4240 4246 4243
f 3669 4247 3673
f 4239 4244 3669
f 3669 4244 4248
f 3669 4248 4247
f 4248 4249 4247
f 4247 4249 3703
f 4250 4248 4245
f 4248 4250 4249
f 4249 4250 4251
f 4251 4250 4252
f 4244 4245 4248
f 3673 4247 3703
f 3703 4249 3707
f 3703 3707 3704
f 4249 4251 3707
f 4253 4254 3721
f 4254 3723 3721
f 3725 4253 3721
f 3725 3777 4253
f 4253 3777 4255
f 4256 4254 4253
f 4256 4253 4255
f 4254 4257 4258
f 4256 4259 4254
f 4254 4259 4257
f 4260 4256 4255
f 4257 4261 4258
f 4256 4262 4259
f 4263 4264 4260
f 4264 4262 4260
f 4260 4262 4256
f 3732 3731 4265
f 3733 4265 3731
f 4254 4258 3723
f 3733 4266 4265
f 4258 3733 3723
f 4266 3733 4258
f 4265 4267 4268
f 4266 4258 4267
f 4266 4267 4265
f 4267 4269 4268
f 4258 4261 4267
f 4265 4270 4209
f 4265 4209 3732
f 4265 4268 4270
f 4209 4270 4271
f 4269 4270 4268
f 4270 4272 4271
f 4272 4273 4271
f 4271 4273 4209
f 4227 4274 4230
f 4230 4274 4232
f 4274 4275 4276
f 4232 4274 4276
f 4276 4275 4277
f 4233 4235 4236
f 4235 4276 4278
f 4276 4277 4278
f 4232 4276 4235
f 4278 4277 4279
f 4279 4277 4280
f 4236 4235 4238
f 4237 4238 4281
f 4235 4278 4238
f 4238 4278 4281
f 4281 4278 4279
f 4241 4281 4282
f 4281 4279 4282
f 4282 4279 4283
f 4279 4280 4283
f 4281 4241 4237
f 4237 4241 4240
f 4246 4284 4243
f 4285 4284 4246
f 4286 4287 4285
f 4285 4287 4284
f 4286 4283 4288
f 4286 4288 4287
f 4287 4288 3789
f 4240 4242 4246
f 4241 4282 4242
f 4242 4285 4246
f 4242 4282 4286
f 4242 4286 4285
f 4282 4283 4286
f 4289 4290 4291
f 4289 4292 4290
f 4291 4290 3741
f 4291 3741 4293
f 4287 3791 4292
f 4292 3791 4290
f 4290 3791 3739
f 4243 4289 4245
f 4245 4289 4291
f 4243 4284 4289
f 4284 4294 4289
f 4284 4287 4294
f 4292 4294 4287
f 4289 4294 4292
f 4250 4245 4252
f 4252 3745 4251
f 4245 4293 4252
f 4252 4293 3746
f 4252 3746 3745
f 4291 4293 4245
f 4293 3735 3746
f 3735 3737 3746
f 4293 3741 3735
f 3739 3741 4290
f 4251 3745 3707
f 3746 3747 3745
f 4295 4296 4297
f 4298 3765 3768
f 3765 4298 3767
f 4298 4297 4299
f 4298 4299 3767
f 4299 4300 3767
f 4301 4302 4300
f 4300 4299 4303
f 4297 4296 4299
f 4303 4301 4300
f 4296 4303 4299
f 3774 3776 3777
f 4304 3775 3766
f 4304 3776 3775
f 3777 3776 4305
f 3777 4305 4255
f 4305 3776 4304
f 3767 4306 3766
f 4306 4304 3766
f 4300 4306 3767
f 4307 4255 4305
f 4305 4302 4307
f 4302 4305 4304
f 4302 4304 4306
f 4307 4260 4255
f 4302 4306 4300
f 4307 4263 4260
f 4302 4263 4307
f 4302 4308 4263
f 4309 4310 4311
f 4311 4312 4309
f 4309 4313 4310
f 4310 4313 4314
f 4315 4316 4310
f 4310 4314 4315
f 4317 4314 4318
f 4319 4315 4317
f 4317 4315 4314
f 4274 4319 4275
f 4275 4319 4317
f 4275 4317 4277
f 4277 4320 4321
f 4317 4322 4320
f 4320 4322 4321
f 4322 4317 3860
f 4277 4317 4320
f 3869 3784 4323
f 3780 3860 3778
f 3869 3785 3784
f 4324 4325 4323
f 4321 4322 3860
f 4321 3860 4325
f 4321 4325 4324
f 4325 3860 3780
f 3869 4325 3780
f 4325 3869 4323
f 4277 4324 4280
f 4277 4321 4324
f 4280 4324 3781
f 4280 3781 3783
f 4323 3784 3781
f 4323 3781 4324
f 4283 4280 3789
f 4283 3789 4288
f 3789 4280 3783
f 4287 3789 3791
f 3838 3833 4326
f 3833 3837 4326
f 4327 3836 3838
f 4328 3838 4326
f 4328 4327 3838
f 4326 4329 4328
f 4328 4330 4331
f 4327 4328 4331
f 4330 4328 4329
f 4332 4331 4330
f 4333 4334 4329
f 4329 4334 4330
f 3768 3844 4335
f 3845 3836 4336
f 3768 4335 4337
f 4298 3768 4337
f 3844 4338 4335
f 3844 3845 4338
f 3845 4327 4338
f 3845 4336 4327
f 4327 4336 3836
f 4297 4298 4337
f 4335 4338 4339
f 4297 4337 4339
f 4339 4337 4335
f 4331 4339 4327
f 4327 4339 4338
f 4339 4331 4340
f 4340 4297 4339
f 4340 4295 4297
f 4331 4341 4340
f 4332 4341 4331
f 4342 4343 4344
f 4344 4343 4345
f 4346 4347 4345
f 4346 4345 4343
f 4348 4345 4347
f 4348 4312 4345
f 4343 4349 4350
f 4350 4347 4343
f 4347 4346 4343
f 4350 4348 4347
f 4309 4312 4348
f 4351 4352 4350
f 4351 4350 4349
f 4348 4350 4352
f 4348 4352 4353
f 4313 4309 4348
f 4353 4313 4348
f 3849 4352 4351
f 3847 3849 4351
f 3849 4353 4352
f 4318 4313 4353
f 4313 4318 4314
f 3849 4354 4353
f 4354 3860 4318
f 3860 4317 4318
f 4318 4353 4354
f 4354 3849 3854
f 3853 3860 4354
f 3854 3853 4354
f 3850 3854 3849
f 3852 3860 3853
f 3891 3889 4355
f 4355 4356 4357
f 4357 3891 4355
f 3891 4358 4359
f 4358 3891 4357
f 4356 4360 4357
f 4358 4361 4359
f 4357 4362 4358
f 4363 4362 4360
f 4360 4362 4357
f 4361 4358 4362
f 4361 4362 4364
f 4361 4364 4365
f 4362 4363 4366
f 4366 4367 4362
f 3904 3902 3903
f 4368 3903 3905
f 4369 3904 3903
f 4368 4359 4370
f 3905 3891 4359
f 4359 4368 3905
f 3903 4371 4372
f 4372 4369 3903
f 4371 4368 4370
f 4371 3903 4368
f 4372 4333 4369
f 4369 4333 4329
f 4371 4373 4372
f 4373 4371 4370
f 4373 4370 4359
f 4365 4373 4359
f 4365 4359 4361
f 4372 4373 4374
f 4375 4372 4374
f 3837 3904 4326
f 3904 4369 4326
f 4329 4326 4369
f 4376 4377 4378
f 4376 4379 4377
f 4376 3908 4380
f 4376 4380 4381
f 4382 4381 4380
f 4381 4382 4383
f 4380 3907 4382
f 3907 4380 3908
f 4384 4383 4382
f 4385 4383 4384
f 4382 4385 4384
f 4386 4383 4385
f 3907 3911 4382
f 3910 3911 3907
f 4342 4382 3911
f 4342 4385 4382
f 4344 4385 4342
f 3911 4387 4342
f 4387 4343 4342
f 3912 3917 3911
f 3917 4387 3911
f 3917 4343 4387
f 4343 3917 4349
f 3847 4349 3917
f 4349 3847 4351
f 3924 3923 4388
f 4389 3924 4388
f 3923 4390 4391
f 4388 3923 4391
f 4390 3927 4392
f 4390 3923 3927
f 4393 4389 4388
f 4394 4388 4391
f 4393 4388 4394
f 4390 4394 4391
f 4394 4390 4395
f 4390 4392 4396
f 4395 4390 4396
f 4393 4394 4397
f 4397 4394 4395
f 4393 4397 4398
f 4393 4398 4399
f 4400 4397 4395
f 4395 4401 4400
f 3937 4356 3889
f 4355 3889 4356
f 4356 3937 3938
f 3938 3924 4389
f 4402 4356 3938
f 4402 3938 4389
f 4402 4393 4403
f 4403 4356 4402
f 4360 4356 4403
f 4393 4402 4389
f 4363 4360 4403
f 4363 4403 4393
f 4399 4363 4393
f 4366 4363 4399
f 4404 4405 4406
f 3939 4405 3940
f 3981 3940 4405
f 4405 3943 4406
f 3943 4405 3939
f 3943 4407 4406
f 4407 4408 4406
f 3943 3946 4407
f 3946 3943 3944
f 3946 4409 4407
f 4407 4409 4410
f 4410 4409 4411
f 3946 3947 4409
f 4409 4378 4411
f 4409 3947 4378
f 3947 3945 3948
f 3947 3948 4378
f 4378 3908 4376
f 3948 3908 4378
f 4412 4413 4414
f 4415 3956 3957
f 4415 3957 4416
f 3957 4417 4416
f 3957 3960 4417
f 3958 4418 4417
f 4417 3960 3958
f 4418 3958 3959
f 4415 4416 4419
f 4416 4417 4420
f 4421 4417 4418
f 4419 4416 4396
f 4396 4416 4420
f 4422 4420 4417
f 4421 4412 4417
f 4417 4412 4422
f 4412 4421 4413
f 4423 4396 4420
f 4401 4396 4423
f 4420 4422 4423
f 4412 4424 4425
f 4425 4422 4412
f 4424 4412 4414
f 4423 4422 4425
f 4426 4423 4425
f 4401 4423 4426
f 4425 4424 4427
f 4426 4425 4427
f 3927 3968 4392
f 4392 3968 3956
f 4392 3956 4415
f 4392 4415 4419
f 4396 4392 4419
f 4395 4396 4401
f 3971 4428 4009
f 4428 3971 3975
f 4429 4428 3975
f 4429 3975 3974
f 4429 4430 4428
f 4429 4431 4430
f 4432 3974 4433
f 4429 3974 4432
f 4434 4435 4432
f 4435 4429 4432
f 3978 3977 3980
f 3978 3974 3973
f 4433 3974 3978
f 4433 3978 3980
f 4432 4433 4434
f 4404 4434 4433
f 3979 3981 3980
f 3980 3981 4404
f 4405 4404 3981
f 4433 3980 4404
f 4434 4404 4406
f 4436 4434 4406
f 4437 4438 4439
f 4438 4440 4439
f 4441 3991 3990
f 4441 3992 4442
f 4441 3990 3992
f 4442 3992 3993
f 4442 4443 4444
f 4444 4441 4442
f 4443 4442 3993
f 4445 3993 3994
f 4443 3993 4445
f 4418 4441 4421
f 4421 4441 4413
f 4413 4441 4446
f 4446 4441 4444
f 4443 4447 4444
f 4443 4448 4447
f 4448 4443 4445
f 4448 4445 4449
f 4446 4447 4413
f 4447 4446 4444
f 4413 4447 4450
f 4414 4413 4450
f 4447 4437 4450
f 4447 4448 4437
f 4448 4438 4437
f 4437 4451 4450
f 4437 4439 4451
f 3959 4441 4418
f 4441 3959 3991
f 4452 4035 4006
f 4006 4008 4453
f 4006 4453 4452
f 4452 4453 4454
f 4454 4453 4455
f 4008 4007 4009
f 4456 4008 4009
f 4456 4453 4008
f 4453 4456 4455
f 4455 4456 4431
f 4428 4456 4009
f 4430 4456 4428
f 4456 4430 4431
f 4016 4457 4449
f 4457 4016 4019
f 4021 4458 4459
f 4459 4019 4021
f 4457 4019 4459
f 4458 4021 4460
f 4021 4461 4460
f 4457 4459 4462
f 4462 4459 4458
f 4448 4449 4438
f 4463 4449 4457
f 4438 4449 4463
f 4463 4457 4462
f 4464 4462 4458
f 4464 4458 4460
f 4465 4464 4460
f 4460 4466 4465
f 4467 4464 4465
f 4466 4468 4465
f 4463 4469 4440
f 4440 4438 4463
f 4469 4463 4462
f 4462 4467 4469
f 4467 4462 4464
f 4465 4470 4467
f 4465 4468 4470
f 3994 4016 4449
f 4445 3994 4449
f 4471 4034 4472
f 4473 4471 4472
f 4474 4473 4472
f 4035 4034 4033
f 4472 4035 4452
f 4472 4034 4035
f 4452 4475 4472
f 4475 4452 4454
f 4475 4474 4472
f 4454 4476 4475
f 4021 4022 4461
f 4461 4022 4466
f 4460 4461 4466
f 4466 4022 4041
f 4468 4466 4041
f 4045 4477 3408
f 4477 4045 4478
f 4045 4034 4478
f 4045 4032 4034
f 4478 4034 4471
f 4479 4477 4478
f 4480 4478 4471
f 4480 4479 4478
f 4481 4041 4046
f 4050 4049 4482
f 4477 4483 4049
f 4483 4482 4049
f 4484 4483 4477
f 3408 4477 4049
f 4477 4479 4484
f 4053 4485 4486
f 4485 4487 4486
f 4486 4487 4488
f 4487 4489 4490
f 4490 4489 4491
f 4047 4050 4053
f 4050 4485 4053
f 4485 4050 4482
f 4485 4482 4489
f 4489 4487 4485
f 4482 4491 4489
f 4491 4482 4483
f 4061 4055 4054
f 4492 4055 4061
f 4052 4486 4493
f 4052 4493 4059
f 4493 4486 4488
f 4059 4493 4494
f 4493 4488 4495
f 4493 4495 4494
f 4494 4495 4496
f 4495 4488 4497
f 4052 4053 4486
f 4490 4488 4487
f 4490 4498 4488
f 4058 4073 4072
f 4499 4072 4073
f 4059 4499 4073
f 4500 4059 4494
f 4059 4500 4501
f 4501 4499 4059
f 4501 4500 4502
f 4500 4496 4502
f 4494 4496 4500
f 4503 4077 4081
f 4504 4060 4077
f 4077 4503 4504
f 4081 4082 4503
f 4082 4505 4503
f 4504 4061 4060
f 4505 4506 4503
f 4503 4507 4508
f 4506 4507 4503
f 4509 4061 4504
f 4508 4504 4503
f 4087 4086 4510
f 4088 4087 4510
f 4089 4088 4510
f 4086 4499 4511
f 4086 4085 4499
f 4086 4511 4512
f 4510 4086 4512
f 4089 4510 4513
f 4510 4512 4513
f 4511 4499 4514
f 4512 4511 4514
f 4515 4512 4514
f 4512 4515 4516
f 4512 4516 4513
f 4515 4517 4516
f 4516 4517 4518
f 4517 4519 4518
f 4085 4072 4499
f 4499 4501 4515
f 4514 4499 4515
f 4501 4519 4515
f 4519 4517 4515
f 4082 4090 4520
f 4521 4505 4082
f 4082 4520 4521
f 4506 4505 4521
f 4522 4506 4521
f 4521 4523 4522
f 4522 4524 4506
f 4506 4524 4507
f 4507 4524 4525
f 4522 4525 4524
f 4525 4522 4526
f 4090 4089 4513
f 4090 4513 4520
f 4520 4523 4521
f 4520 4513 4527
f 4520 4527 4523
f 4513 4528 4527
f 4513 4516 4528
f 4529 4523 4528
f 4523 4527 4528
f 4523 4529 4522
f 4530 4528 4516
f 4530 4531 4528
f 4530 4518 4531
f 4530 4516 4518
f 4528 4532 4529
f 4531 4532 4528
f 4522 4529 4526
f 4532 4526 4529
f 4100 4533 4534
f 4105 4100 4534
f 4106 4105 4534
f 4104 4105 4106
f 4535 4113 4536
f 4112 4113 4535
f 4117 4112 4535
f 4115 4112 4117
f 4123 4116 4131
f 4136 4130 4537
f 4163 4538 4166
f 4163 4156 4538
f 4538 4539 4166
f 4539 4540 4166
f 4167 4541 4172
f 4172 4541 4174
f 4167 4165 4541
f 4165 4540 4541
f 4165 4166 4540
f 4174 4542 4175
f 4540 4543 4541
f 4543 4174 4541
f 4174 4543 4542
f 4540 4544 4543
f 4543 4545 4542
f 4543 4544 4546
f 4546 4545 4543
f 4546 4547 4545
f 4545 4547 4548
f 4175 4542 4182
f 4542 4549 4182
f 4182 4549 4550
f 4549 4551 4550
f 4551 4552 4550
f 4545 4549 4542
f 4545 4553 4549
f 4553 4551 4549
f 4554 4552 4551
f 4548 4553 4545
f 4186 4185 4555
f 4181 4182 4185
f 4182 4555 4185
f 4182 4556 4555
f 4550 4556 4182
f 4555 4556 4557
f 4557 4558 4555
f 4552 4556 4550
f 4557 4556 4554
f 4552 4554 4556
f 4554 4559 4557
f 4557 4560 4558
f 4557 4559 4560
f 4561 4562 4554
f 4554 4562 4559
f 4559 4563 4564
f 4562 4563 4559
f 4563 4565 4564
f 4186 4555 4189
f 4189 4188 4187
f 4555 4558 4189
f 4558 4566 4189
f 4189 4566 4188
f 4188 4566 4567
f 4558 4560 4566
f 4560 4568 4566
f 4567 4566 4568
f 4569 4570 4568
f 4559 4564 4560
f 4560 4565 4568
f 4564 4565 4560
f 4565 4569 4568
f 4569 4571 4570
f 4571 4572 4570
f 4190 4573 4100
f 4188 4574 4190
f 4574 4573 4190
f 4573 4533 4100
f 4567 4574 4188
f 4567 4575 4574
f 4574 4576 4573
f 4577 4576 4574
f 4573 4576 4533
f 4576 4578 4533
f 4568 4579 4567
f 4567 4579 4575
f 4574 4575 4577
f 4578 4576 4577
f 4568 4570 4579
f 4577 4580 4578
f 4581 4580 4577
f 4572 4575 4579
f 4577 4575 4572
f 4581 4577 4572
f 4570 4572 4579
f 4572 4582 4581
f 4106 4534 4583
f 4533 4584 4585
f 4533 4585 4534
f 4534 4586 4583
f 4533 4578 4584
f 4585 4584 4534
f 4584 4586 4534
f 4578 4580 4584
f 4580 4587 4584
f 4584 4587 4586
f 4587 4588 4586
f 4588 4589 4586
f 4581 4590 4580
f 4590 4587 4580
f 4589 4588 4591
f 4581 4582 4590
f 4592 4591 4588
f 4583 4107 4106
f 4107 4536 4113
f 4536 4593 4535
f 4583 4594 4107
f 4107 4594 4536
f 4594 4593 4536
f 4586 4595 4583
f 4583 4595 4594
f 4594 4596 4593
f 4593 4596 4597
f 4595 4586 4589
f 4594 4595 4591
f 4596 4594 4598
f 4599 4596 4598
f 4597 4596 4599
f 4589 4591 4595
f 4591 4598 4594
f 4600 4598 4591
f 4599 4598 4600
f 4601 4599 4600
f 4591 4602 4600
f 4603 4602 4591
f 4600 4604 4601
f 4602 4604 4600
f 4535 4597 4117
f 4593 4597 4535
f 4597 4605 4117
f 4117 4606 4116
f 4606 4131 4116
f 4605 4606 4117
f 4605 4607 4606
f 4608 4606 4607
f 4605 4609 4607
f 4607 4609 4608
f 4597 4610 4605
f 4610 4609 4605
f 4610 4597 4599
f 4609 4610 4611
f 4612 4609 4611
f 4601 4610 4599
f 4611 4610 4601
f 4612 4611 4613
f 4604 4614 4601
f 4601 4614 4611
f 4613 4611 4614
f 4615 4132 4131
f 4608 4615 4131
f 4608 4131 4606
f 4615 4608 4616
f 4609 4616 4608
f 4612 4617 4616
f 4616 4617 4615
f 4617 4618 4615
f 4612 4616 4609
f 4612 4619 4617
f 4613 4619 4612
f 4613 4620 4619
f 4132 4621 4130
f 4537 4130 4621
f 4622 4623 4537
f 4621 4622 4537
f 4624 4132 4615
f 4621 4132 4624
f 4625 4621 4624
f 4622 4621 4625
f 4623 4622 4625
f 4623 4625 4626
f 4615 4618 4624
f 4618 4626 4624
f 4624 4626 4625
f 4195 4623 4626
f 4618 4627 4626
f 4627 4195 4626
f 4617 4619 4618
f 4619 4627 4618
f 4627 4619 4620
f 4195 4627 4628
f 4627 4620 4628
f 4629 4136 4537
f 4537 4623 4629
f 4630 4629 4623
f 4195 4630 4623
f 4136 4629 4140
f 4136 4140 4135
f 4140 4629 4630
f 4192 4140 4630
f 4195 4192 4630
f 4195 4200 4194
f 4631 4632 4273
f 4273 4632 4209
f 4631 4633 4632
f 4214 4209 4634
f 4634 4215 4214
f 4215 4635 4636
f 4632 4634 4209
f 4222 4636 4637
f 4632 4635 4634
f 4634 4635 4215
f 4638 4636 4635
f 4632 4639 4635
f 4635 4639 4638
f 4638 4640 4636
f 4638 4641 4640
f 4639 4641 4638
f 4215 4636 4222
f 4222 4223 4219
f 4223 4642 4221
f 4223 4637 4642
f 4223 4222 4637
f 4637 4643 4642
f 4221 4642 4644
f 4642 4643 4644
f 4636 4640 4637
f 4637 4640 4643
f 4643 4640 4644
f 4644 4645 4646
f 4640 4647 4644
f 4648 4155 4224
f 4221 4649 4224
f 4224 4649 4648
f 4155 4648 4156
f 4156 4648 4538
f 4648 4650 4538
f 4649 4651 4648
f 4221 4652 4649
f 4649 4652 4651
f 4648 4653 4650
f 4221 4644 4652
f 4648 4654 4653
f 4648 4651 4654
f 4654 4655 4653
f 4652 4656 4651
f 4651 4657 4654
f 4656 4657 4651
f 4644 4646 4652
f 4654 4657 4655
f 4656 4652 4646
f 4656 4658 4657
f 4657 4659 4655
f 4657 4658 4659
f 4659 4660 4655
f 4646 4661 4656
f 4656 4661 4658
f 4538 4650 4662
f 4662 4539 4538
f 4662 4544 4539
f 4539 4544 4540
f 4650 4653 4662
f 4544 4662 4663
f 4662 4653 4663
f 4655 4663 4653
f 4544 4663 4664
f 4655 4660 4663
f 4664 4546 4544
f 4628 4200 4195
f 4200 4665 4666
f 4665 4667 4666
f 4667 4668 4666
f 4200 4666 4201
f 4667 4228 4668
f 4201 4666 4202
f 4668 4228 4666
f 4666 4225 4202
f 4228 4225 4666
f 4228 4667 4669
f 4667 4670 4669
f 4228 4669 4226
f 4274 4227 4226
f 4261 4257 4671
f 4259 4262 4672
f 4259 4672 4257
f 4671 4257 4672
f 4262 4673 4672
f 4264 4673 4262
f 4672 4674 4671
f 4673 4674 4672
f 4674 4675 4676
f 4674 4677 4675
f 4678 4679 4673
f 4674 4673 4677
f 4679 4677 4673
f 4677 4680 4675
f 4675 4680 4681
f 4267 4682 4269
f 4261 4682 4267
f 4261 4671 4682
f 4682 4683 4269
f 4269 4683 4684
f 4671 4685 4682
f 4682 4685 4683
f 4684 4686 4687
f 4683 4676 4686
f 4686 4684 4683
f 4685 4676 4683
f 4671 4674 4685
f 4674 4676 4685
f 4676 4675 4688
f 4676 4688 4686
f 4689 4687 4686
f 4675 4681 4688
f 4269 4272 4270
f 4272 4631 4273
f 4269 4684 4272
f 4684 4631 4272
f 4684 4690 4631
f 4690 4633 4631
f 4684 4687 4690
f 4687 4689 4690
f 4690 4691 4692
f 4632 4633 4639
f 4639 4633 4692
f 4633 4690 4692
f 4692 4693 4639
f 4639 4693 4641
f 4667 4694 4695
f 4695 4696 4697
f 4670 4667 4695
f 4695 4697 4698
f 4670 4695 4698
f 4669 4670 4226
f 4670 4699 4226
f 4699 4670 4698
f 4698 4700 4699
f 4699 4700 4701
f 4701 4319 4699
f 4699 4319 4226
f 4698 4702 4700
f 4702 4701 4700
f 4226 4319 4274
f 4302 4301 4308
f 4303 4703 4301
f 4296 4703 4303
f 4704 4705 4703
f 4703 4705 4301
f 4296 4706 4703
f 4707 4706 4295
f 4706 4296 4295
f 4704 4708 4705
f 4703 4706 4704
f 4705 4708 4709
f 4707 4710 4711
f 4706 4707 4711
f 4711 4704 4706
f 4708 4712 4709
f 4708 4713 4712
f 4711 4713 4704
f 4704 4713 4708
f 4713 4714 4712
f 4711 4714 4713
f 4308 4264 4263
f 4308 4715 4264
f 4301 4705 4308
f 4308 4705 4716
f 4715 4678 4264
f 4715 4717 4678
f 4308 4716 4715
f 4678 4717 4679
f 4718 4717 4715
f 4716 4718 4715
f 4705 4709 4716
f 4716 4709 4718
f 4719 4717 4718
f 4678 4673 4264
f 4717 4720 4679
f 4679 4721 4677
f 4677 4721 4680
f 4679 4720 4721
f 4722 4723 4724
f 4722 4697 4723
f 4697 4696 4723
f 4724 4725 4726
f 4724 4726 4722
f 4722 4311 4697
f 4697 4702 4698
f 4697 4727 4702
f 4697 4311 4727
f 4701 4728 4316
f 4728 4311 4316
f 4727 4311 4728
f 4310 4316 4311
f 4701 4702 4728
f 4702 4727 4728
f 4701 4316 4319
f 4316 4315 4319
f 4332 4729 4730
f 4341 4332 4730
f 4729 4332 4330
f 4330 4334 4731
f 4731 4729 4330
f 4333 4732 4334
f 4731 4334 4732
f 4333 4733 4732
f 4734 4729 4731
f 4734 4731 4732
f 4732 4733 4735
f 4735 4734 4732
f 4730 4729 4736
f 4735 4737 4734
f 4734 4737 4738
f 4738 4729 4734
f 4738 4736 4729
f 4738 4739 4736
f 4738 4737 4740
f 4736 4739 4741
f 4736 4741 4742
f 4738 4740 4739
f 4340 4341 4743
f 4743 4295 4340
f 4707 4295 4743
f 4743 4744 4745
f 4341 4744 4743
f 4730 4744 4341
f 4743 4745 4707
f 4730 4742 4744
f 4744 4742 4745
f 4730 4736 4742
f 4745 4742 4710
f 4710 4742 4746
f 4747 4746 4742
f 4747 4748 4746
f 4742 4741 4747
f 4710 4707 4745
f 4710 4746 4711
f 4749 4750 4751
f 4386 4749 4379
f 4752 4750 4749
f 4386 4752 4749
f 4344 4752 4386
f 4725 4752 4344
f 4753 4752 4724
f 4752 4725 4724
f 4344 4386 4385
f 4726 4725 4345
f 4345 4725 4344
f 4722 4726 4311
f 4726 4312 4311
f 4345 4312 4726
f 4362 4367 4364
f 4754 4367 4366
f 4364 4755 4365
f 4367 4756 4755
f 4364 4367 4755
f 4756 4367 4754
f 4756 4757 4758
f 4755 4756 4758
f 4754 4759 4757
f 4754 4757 4756
f 4755 4758 4760
f 4757 4761 4758
f 4758 4761 4762
f 4762 4760 4758
f 4761 4763 4762
f 4375 4733 4372
f 4372 4733 4333
f 4373 4365 4764
f 4764 4374 4373
f 4765 4733 4375
f 4374 4766 4375
f 4766 4374 4764
f 4365 4767 4764
f 4767 4365 4755
f 4768 4375 4766
f 4766 4764 4767
f 4765 4769 4737
f 4735 4765 4737
f 4765 4375 4769
f 4768 4769 4375
f 4766 4760 4768
f 4767 4755 4760
f 4760 4766 4767
f 4770 4737 4769
f 4769 4771 4770
f 4771 4769 4768
f 4735 4733 4765
f 4772 4737 4770
f 4737 4772 4740
f 4773 4774 4775
f 4773 4776 4774
f 4774 4776 4777
f 4778 4776 4779
f 4773 4779 4776
f 4780 4773 4781
f 4780 4779 4773
f 4774 4411 4782
f 4783 4774 4782
f 4784 4783 4782
f 4783 4775 4774
f 4785 4784 4781
f 4785 4773 4775
f 4783 4785 4775
f 4784 4785 4783
f 4784 4786 4781
f 4785 4781 4773
f 4378 4787 4411
f 4411 4787 4782
f 4377 4782 4787
f 4378 4377 4787
f 4782 4379 4784
f 4377 4379 4782
f 4784 4751 4786
f 4749 4751 4784
f 4379 4749 4784
f 4381 4379 4376
f 4386 4379 4383
f 4383 4379 4381
f 4399 4398 4788
f 4398 4397 4788
f 4789 4397 4400
f 4788 4397 4789
f 4399 4790 4759
f 4788 4789 4791
f 4789 4400 4792
f 4759 4790 4793
f 4788 4791 4790
f 4399 4788 4790
f 4789 4792 4791
f 4790 4794 4793
f 4790 4791 4794
f 4791 4792 4795
f 4795 4794 4791
f 4794 4795 4796
f 4796 4797 4794
f 4797 4793 4794
f 4793 4797 4798
f 4399 4759 4366
f 4754 4366 4759
f 4759 4799 4757
f 4757 4799 4761
f 4759 4793 4799
f 4799 4763 4761
f 4793 4800 4799
f 4800 4763 4799
f 4793 4798 4800
f 4801 4802 4803
f 4803 4802 4804
f 4435 4434 4436
f 4436 4802 4435
f 4805 4802 4436
f 4805 4804 4802
f 4408 4805 4436
f 4436 4406 4408
f 4804 4805 4806
f 4807 4804 4806
f 4408 4407 4808
f 4808 4805 4408
f 4808 4809 4805
f 4806 4805 4809
f 4806 4809 4778
f 4410 4808 4407
f 4410 4777 4778
f 4410 4778 4808
f 4809 4808 4778
f 4410 4411 4777
f 4777 4411 4774
f 4777 4776 4778
f 4810 4424 4414
f 4424 4810 4811
f 4810 4812 4813
f 4811 4810 4813
f 4814 4812 4815
f 4401 4816 4400
f 4401 4426 4816
f 4817 4816 4426
f 4427 4424 4811
f 4816 4817 4792
f 4426 4427 4817
f 4813 4427 4811
f 4427 4818 4817
f 4819 4792 4817
f 4795 4792 4819
f 4813 4814 4818
f 4427 4813 4818
f 4813 4812 4814
f 4817 4818 4819
f 4818 4814 4819
f 4820 4795 4819
f 4821 4820 4819
f 4819 4814 4821
f 4792 4400 4816
f 4795 4820 4796
f 4822 4823 4824
f 4823 4822 4825
f 4826 4824 4823
f 4823 4431 4826
f 4435 4826 4429
f 4431 4429 4826
f 4824 4826 4435
f 4435 4802 4824
f 4824 4802 4801
f 4440 4827 4439
f 4827 4451 4439
f 4828 4451 4827
f 4451 4828 4829
f 4830 4828 4827
f 4831 4828 4830
f 4828 4832 4829
f 4831 4833 4834
f 4834 4828 4831
f 4832 4828 4834
f 4833 4835 4834
f 4414 4836 4810
f 4836 4414 4450
f 4836 4450 4451
f 4836 4451 4829
f 4829 4810 4836
f 4810 4829 4837
f 4812 4810 4837
f 4829 4832 4837
f 4812 4837 4815
f 4832 4838 4837
f 4476 4839 4475
f 4476 4840 4839
f 4454 4455 4476
f 4841 4476 4455
f 4476 4841 4840
f 4455 4431 4841
f 4823 4841 4431
f 4823 4825 4841
f 4842 4843 4844
f 4844 4843 4845
f 4844 4845 4846
f 4846 4845 4847
f 4469 4467 4848
f 4468 4849 4470
f 4440 4469 4848
f 4842 4848 4467
f 4842 4467 4850
f 4842 4850 4843
f 4850 4467 4470
f 4850 4470 4849
f 4850 4845 4843
f 4827 4440 4851
f 4830 4827 4851
f 4851 4440 4848
f 4851 4848 4842
f 4846 4842 4844
f 4849 4845 4850
f 4846 4851 4842
f 4852 4845 4849
f 4833 4831 4830
f 4833 4830 4851
f 4853 4851 4846
f 4853 4846 4847
f 4847 4845 4852
f 4833 4854 4835
f 4854 4833 4851
f 4855 4854 4853
f 4853 4854 4851
f 4856 4853 4847
f 4474 4839 4857
f 4840 4858 4839
f 4858 4857 4839
f 4475 4839 4474
f 4481 4468 4041
f 4852 4849 4468
f 4468 4859 4852
f 4859 4468 4860
f 4861 4479 4480
f 4480 4862 4861
f 4862 4863 4861
f 4861 4863 4864
f 4862 4865 4863
f 4473 4480 4471
f 4473 4862 4480
f 4473 4857 4862
f 4474 4857 4473
f 4865 4862 4857
f 4860 4468 4481
f 4866 4860 4481
f 4483 4484 4867
f 4484 4868 4867
f 4867 4868 4869
f 4484 4870 4868
f 4869 4868 4871
f 4871 4868 4870
f 4872 4871 4870
f 4864 4872 4870
f 4870 4484 4864
f 4863 4873 4864
f 4864 4484 4479
f 4861 4864 4479
f 4874 4046 3467
f 4046 4874 4481
f 4875 4876 4874
f 4874 4876 4481
f 4491 4877 4490
f 4878 4877 4491
f 4879 4877 4878
f 4879 4878 4869
f 4869 4880 4879
f 4869 4871 4881
f 4869 4881 4880
f 4491 4483 4867
f 4878 4867 4869
f 4867 4878 4491
f 4874 3467 4055
f 4875 4874 4055
f 4875 4055 4492
f 4875 4492 4882
f 4492 4509 4882
f 4509 4883 4882
f 4488 4498 4497
f 4495 4884 4496
f 4495 4497 4884
f 4885 4497 4498
f 4885 4886 4887
f 4887 4497 4885
f 4888 4889 4887
f 4889 4497 4887
f 4889 4890 4497
f 4891 4890 4889
f 4877 4886 4490
f 4490 4886 4498
f 4879 4892 4877
f 4892 4886 4877
f 4886 4885 4498
f 4892 4887 4886
f 4893 4892 4879
f 4893 4888 4892
f 4880 4893 4879
f 4888 4887 4892
f 4894 4893 4880
f 4492 4061 4509
f 4496 4884 4895
f 4496 4895 4502
f 4502 4896 4501
f 4502 4895 4896
f 4884 4890 4897
f 4890 4884 4497
f 4897 4895 4884
f 4895 4897 4896
f 4896 4897 4898
f 4899 4897 4890
f 4899 4898 4897
f 4890 4891 4900
f 4509 4504 4508
f 4507 4901 4508
f 4508 4902 4509
f 4901 4902 4508
f 4902 4901 4903
f 4519 4904 4518
f 4501 4896 4519
f 4519 4896 4905
f 4906 4904 4519
f 4907 4519 4905
f 4907 4906 4519
f 4908 4904 4906
f 4896 4898 4905
f 4907 4905 4909
f 4907 4910 4906
f 4910 4908 4906
f 4911 4908 4910
f 4912 4910 4907
f 4912 4911 4910
f 4913 4507 4525
f 4914 4913 4525
f 4914 4525 4526
f 4915 4914 4526
f 4915 4526 4916
f 4913 4901 4507
f 4917 4913 4914
f 4914 4915 4917
f 4903 4901 4913
f 4918 4917 4915
f 4918 4915 4916
f 4917 4919 4913
f 4918 4920 4919
f 4918 4919 4917
f 4920 4918 4921
f 4921 4918 4916
f 4922 4902 4903
f 4903 4913 4919
f 4923 4920 4921
f 4920 4923 4919
f 4518 4904 4531
f 4904 4924 4531
f 4532 4924 4925
f 4531 4924 4532
f 4526 4532 4916
f 4532 4925 4926
f 4532 4926 4916
f 4904 4927 4924
f 4926 4925 4924
f 4908 4927 4904
f 4928 4926 4924
f 4927 4928 4924
f 4926 4928 4916
f 4911 4927 4908
f 4928 4929 4930
f 4929 4928 4927
f 4921 4916 4928
f 4930 4921 4928
f 4927 4911 4929
f 4923 4921 4930
f 4551 4553 4931
f 4561 4551 4931
f 4561 4554 4551
f 4561 4563 4562
f 4932 4563 4933
f 4563 4934 4565
f 4565 4934 4569
f 4934 4935 4569
f 4935 4571 4569
f 4563 4932 4934
f 4936 4934 4932
f 4935 4934 4936
f 4937 4572 4938
f 4939 4582 4572
f 4572 4571 4938
f 4939 4572 4937
f 4571 4935 4938
f 4938 4940 4937
f 4937 4941 4939
f 4942 4938 4935
f 4940 4938 4942
f 4590 4582 4939
f 4943 4590 4939
f 4587 4590 4943
f 4592 4587 4943
f 4588 4587 4592
f 4603 4591 4592
f 4592 4943 4939
f 4939 4944 4592
f 4941 4944 4939
f 4603 4945 4602
f 4945 4946 4602
f 4602 4946 4604
f 4947 4946 4945
f 4945 4603 4948
f 4947 4945 4949
f 4950 4946 4947
f 4614 4604 4946
f 4946 4951 4614
f 4613 4614 4951
f 4644 4647 4645
f 4641 4647 4640
f 4647 4952 4645
f 4645 4952 4953
f 4641 4954 4647
f 4952 4647 4955
f 4647 4954 4955
f 4952 4956 4953
f 4952 4955 4957
f 4956 4952 4958
f 4959 4956 4958
f 4645 4953 4646
f 4953 4661 4646
f 4659 4658 4960
f 4953 4956 4661
f 4658 4661 4960
f 4661 4961 4960
f 4959 4661 4956
f 4959 4961 4661
f 4663 4962 4664
f 4660 4963 4663
f 4659 4963 4660
f 4962 4663 4963
f 4659 4964 4963
f 4963 4964 4962
f 4659 4960 4964
f 4964 4965 4962
f 4964 4960 4961
f 4966 4965 4964
f 4967 4965 4966
f 4964 4961 4968
f 4969 4964 4968
f 4964 4969 4970
f 4964 4970 4966
f 4664 4547 4546
f 4547 4971 4548
f 4664 4962 4547
f 4547 4972 4971
f 4971 4972 4973
f 4962 4967 4547
f 4965 4967 4962
f 4967 4974 4547
f 4972 4547 4974
f 4967 4975 4974
f 4972 4974 4975
f 4967 4966 4975
f 4972 4975 4976
f 4977 4972 4976
f 4976 4975 4978
f 4966 4978 4975
f 4979 4976 4978
f 4977 4976 4979
f 4980 4979 4978
f 4978 4966 4981
f 4980 4978 4981
f 4979 4980 4982
f 4979 4982 4983
f 4548 4984 4553
f 4971 4984 4548
f 4984 4931 4553
f 4931 4985 4561
f 4973 4984 4971
f 4931 4984 4986
f 4985 4931 4986
f 4984 4973 4986
f 4987 4985 4986
f 4988 4985 4987
f 4989 4988 4987
f 4987 4986 4973
f 4972 4977 4973
f 4973 4977 4990
f 4987 4973 4990
f 4989 4987 4990
f 4991 4989 4992
f 4992 4989 4993
f 4990 4994 4989
f 4989 4994 4993
f 4995 4990 4977
f 4994 4990 4995
f 4996 4994 4995
f 4993 4994 4996
f 4993 4996 4997
f 4995 4977 4979
f 4997 4996 4998
f 4979 4983 4995
f 4985 4999 4561
f 4999 4933 4561
f 4561 4933 4563
f 4985 4988 4999
f 4932 4933 5000
f 5000 4933 5001
f 4999 5002 4933
f 5002 5001 4933
f 4988 4989 4991
f 4999 4988 4991
f 5003 4999 4991
f 5002 4999 5003
f 5001 5002 5003
f 5003 4991 4992
f 5004 5001 5003
f 5005 5001 5004
f 4993 4997 4992
f 4992 4997 5006
f 4992 5006 5003
f 5003 5006 5007
f 5003 5007 5004
f 5004 5007 5008
f 5004 5008 5005
f 5007 5009 5008
f 5006 4997 4998
f 5010 5007 5006
f 4998 5010 5006
f 5010 5009 5007
f 4936 4932 5000
f 4942 4935 4936
f 5011 4942 4936
f 4936 5000 5012
f 5001 5012 5000
f 5012 5011 4936
f 5012 5001 5005
f 5013 5012 5005
f 5011 5012 5013
f 5013 5014 5011
f 5014 5015 5011
f 5016 5015 5014
f 5005 5008 5013
f 5013 5017 5014
f 5009 5013 5008
f 5017 5016 5014
f 5009 5018 5013
f 5017 5013 5018
f 5016 5017 5019
f 4940 5020 4937
f 4937 5020 4941
f 5021 5020 4940
f 4940 4942 5011
f 5022 5020 5021
f 5011 5015 4940
f 4940 5015 5021
f 5021 5023 5022
f 5023 5024 5022
f 5015 5025 5021
f 5026 5021 5025
f 5021 5026 5023
f 5026 5027 5023
f 5025 5015 5016
f 5025 5027 5026
f 5025 5028 5027
f 5025 5016 5019
f 5028 5025 5019
f 5020 5029 4941
f 4941 5029 4944
f 5029 5030 4944
f 4944 5030 4592
f 5030 4948 4592
f 4592 4948 4603
f 4948 5030 5031
f 5020 5022 5029
f 5024 5029 5022
f 5029 5024 5030
f 5030 5024 5031
f 5024 5032 5031
f 5032 4948 5031
f 4948 5033 4949
f 5032 5033 4948
f 5032 5024 5034
f 5033 5032 5034
f 5035 5033 5034
f 5023 5036 5024
f 5027 5036 5023
f 5036 5034 5024
f 5034 5037 5035
f 5037 5038 5035
f 5037 5034 5036
f 5039 5036 5027
f 5036 5039 5037
f 5037 5039 5040
f 5037 5040 5038
f 4946 4950 4951
f 4949 4945 4948
f 4949 5041 4947
f 4947 5041 4950
f 4949 5042 5041
f 5041 5043 4950
f 4949 5033 5042
f 5033 5035 5042
f 5041 5044 5043
f 5045 5042 5035
f 5044 5042 5045
f 5042 5044 5041
f 5044 5045 5046
f 5044 5046 5047
f 5045 5038 5046
f 5035 5038 5045
f 4951 5048 4613
f 4950 5043 4951
f 5043 5049 4951
f 5048 4951 5049
f 5047 5050 5049
f 5043 5044 5047
f 5049 5043 5047
f 5047 5051 5050
f 5051 4665 5050
f 5047 5046 5051
f 4613 5048 4620
f 5048 5052 4620
f 5048 5049 5052
f 5049 5050 5052
f 4620 5052 4628
f 5052 5053 4628
f 5053 5054 4628
f 5053 5050 5054
f 5052 5050 5053
f 4665 5054 5050
f 5054 4200 4628
f 5054 4665 4200
f 4694 4667 4665
f 4688 5055 4686
f 4681 5055 4688
f 5055 5056 4686
f 4689 4686 5056
f 4681 5057 5055
f 5055 5058 5056
f 4680 5059 4681
f 4681 5059 5057
f 5058 5055 5057
f 5056 5058 5060
f 5060 5061 5056
f 5062 5063 4691
f 4691 4690 5062
f 5062 5064 5063
f 4689 5065 4690
f 4690 5065 5062
f 5065 4689 5056
f 5065 5066 5062
f 5062 5066 5064
f 5066 5067 5064
f 5065 5056 5061
f 5061 5068 5065
f 5065 5068 5066
f 5066 5068 5067
f 5067 5068 5069
f 5061 5070 5068
f 5068 5070 5069
f 5071 5064 5067
f 5070 5061 5072
f 5071 5067 5073
f 5074 5071 5073
f 5069 5073 5067
f 4693 4692 4691
f 4691 5063 4693
f 4693 5075 4641
f 4641 5075 5076
f 4693 5063 5075
f 4954 4641 5076
f 5076 5077 4954
f 5063 5064 5075
f 5077 5076 5075
f 5075 5078 5077
f 5075 5064 5079
f 5079 5078 5075
f 5080 5081 5078
f 5078 5079 5080
f 5082 5080 5079
f 5079 5064 5071
f 5082 5079 5071
f 5074 5082 5071
f 4954 5077 4955
f 5077 4957 4955
f 4957 4958 4952
f 5078 4957 5077
f 4958 5083 4959
f 4957 5084 4958
f 5078 5081 4957
f 5084 4957 5081
f 5084 5083 4958
f 5085 5083 5084
f 5086 5081 5080
f 5084 5081 5086
f 5087 4959 5085
f 4961 4959 5087
f 4968 4961 5088
f 5087 5088 4961
f 5083 5085 4959
f 5087 5085 5089
f 5088 5087 5089
f 5085 5090 5089
f 5090 5091 5089
f 4969 4968 5088
f 5092 4970 4969
f 5093 4970 5092
f 4966 4970 5093
f 4981 4966 5094
f 5093 5094 4966
f 5088 5095 4969
f 4983 5096 4995
f 5096 4996 4995
f 5027 5028 5039
f 5019 5097 5028
f 5098 5097 5019
f 5028 5097 5039
f 5040 5099 5038
f 5039 5100 5040
f 5040 5100 5099
f 5100 5039 5097
f 5099 5100 5101
f 5038 5099 5102
f 5101 5102 5099
f 5100 5103 5101
f 5102 5101 5104
f 5103 5104 5101
f 5038 5105 5046
f 5104 4694 5105
f 5104 5106 4694
f 5104 5107 5106
f 5105 5038 5102
f 5102 5104 5105
f 5046 5105 5051
f 5051 5105 4694
f 4665 5051 4694
f 4694 5106 4696
f 4696 4695 4694
f 4714 5108 4712
f 5108 5109 5110
f 5111 5109 5108
f 4709 5110 4718
f 4718 5110 4719
f 4712 5110 4709
f 4712 5108 5110
f 4719 5112 4717
f 4717 5112 4720
f 5110 5113 4719
f 4719 5113 5112
f 5112 5114 4720
f 5110 5115 5113
f 5113 5115 5116
f 5110 5109 5115
f 5112 5113 5116
f 5116 5114 5112
f 5115 5117 5116
f 5116 5117 5118
f 5118 5114 5116
f 5117 5119 5118
f 5119 5120 5118
f 5114 5118 5120
f 4721 5121 4680
f 5121 5059 4680
f 4721 5122 5121
f 5121 5122 5059
f 4720 5114 4721
f 5059 5122 5123
f 5059 5123 5124
f 5122 5125 5123
f 4721 5114 5122
f 5114 5126 5122
f 5125 5122 5126
f 5125 5127 5123
f 5126 5127 5125
f 5127 5128 5123
f 5126 5129 5127
f 5114 5120 5126
f 5126 5120 5129
f 5130 5123 5128
f 5128 5131 5130
f 5127 5132 5128
f 5120 5133 5129
f 5057 5059 5124
f 5058 5057 5134
f 5134 5060 5058
f 5057 5124 5134
f 5060 5072 5061
f 5135 5072 5060
f 5134 5135 5060
f 5124 5136 5134
f 5130 5136 5124
f 5123 5130 5124
f 5135 5134 5136
f 5130 5137 5136
f 5072 5138 5070
f 5070 5138 5069
f 5139 5072 5135
f 5138 5072 5139
f 5069 5140 5073
f 5107 5141 5142
f 5141 5143 5144
f 5107 5142 5106
f 5142 5141 5144
f 5142 5144 5145
f 5144 5146 5145
f 5147 5144 4753
f 5142 5146 5106
f 5146 5144 5147
f 5146 5142 5145
f 5146 5147 4723
f 4723 5147 4724
f 4753 4724 5147
f 5106 5146 4696
f 5146 4723 4696
f 4739 5148 4741
f 4739 5149 5148
f 4740 5149 4739
f 4741 5148 5150
f 5148 5151 5152
f 4741 5150 5153
f 4741 5153 4747
f 4747 5153 4748
f 5153 5154 5155
f 5153 5155 4748
f 5153 5150 5154
f 5148 5152 5150
f 5155 5156 5157
f 5154 5158 5155
f 5156 5155 5158
f 5159 5158 5154
f 5152 5159 5154
f 5152 5154 5150
f 5158 5160 5156
f 5158 5161 5160
f 5159 5161 5158
f 4746 4714 4711
f 4746 4748 4714
f 4714 5111 5108
f 4748 5162 4714
f 4714 5162 5111
f 4748 5155 5162
f 5111 5162 5163
f 5111 5163 5109
f 5155 5157 5162
f 5109 5163 5164
f 5162 5157 5165
f 5164 5163 5166
f 5162 5165 5166
f 5162 5166 5163
f 5166 5167 5164
f 5165 5167 5166
f 5157 5156 5160
f 5165 5157 5160
f 5160 5168 5165
f 5109 5164 5115
f 5164 5117 5115
f 5117 5169 5119
f 5164 5169 5117
f 5167 5169 5164
f 5169 5170 5119
f 5119 5133 5120
f 5170 5133 5119
f 5169 5171 5170
f 5172 5173 5174
f 5175 5174 5173
f 5143 5174 5175
f 5175 5176 5177
f 5175 5177 5178
f 5144 5143 5178
f 5178 5143 5175
f 4786 4751 5177
f 4750 5178 5177
f 5177 4751 4750
f 5178 4750 4753
f 4753 5144 5178
f 4752 4753 4750
f 4760 4762 5179
f 4763 5180 4762
f 4762 5180 5179
f 4768 4760 5181
f 4768 5181 4771
f 5181 4760 5179
f 5182 5183 4770
f 4770 4771 5182
f 5181 5184 5185
f 5181 5185 4771
f 5181 5179 5184
f 5183 5182 5186
f 4771 5185 5182
f 5184 5179 5180
f 5185 5186 5182
f 5184 5187 5188
f 5184 5188 5185
f 5185 5188 5186
f 5184 5180 5187
f 5188 5189 5186
f 5189 5190 5191
f 5188 5187 5192
f 5189 5188 5192
f 5189 5193 5190
f 5189 5192 5193
f 4772 4770 5183
f 5183 5149 4772
f 5149 4740 4772
f 5183 5194 5149
f 5149 5194 5151
f 5149 5151 5148
f 5183 5186 5194
f 5151 5195 5152
f 5151 5194 5195
f 5196 5195 5194
f 5186 5191 5194
f 5186 5189 5191
f 5194 5191 5196
f 5195 5197 5152
f 5152 5197 5159
f 5195 5196 5197
f 5196 5159 5197
f 5198 5199 5200
f 5201 5200 5199
f 5173 5201 5199
f 4806 5202 5198
f 5199 5198 5202
f 5199 5202 5173
f 5173 5172 5201
f 4778 4779 4806
f 5202 4779 5203
f 4779 5202 4806
f 5203 5173 5202
f 5175 5173 5203
f 4781 5203 4780
f 4780 5203 4779
f 5176 4786 5177
f 5176 5203 4781
f 4786 5176 4781
f 5176 5175 5203
f 4796 4820 5204
f 4796 5204 4797
f 4797 5205 4798
f 5204 5206 4797
f 4797 5206 5205
f 5205 5207 4798
f 5205 5208 5207
f 5207 5208 5209
f 5206 5210 5208
f 5208 5205 5206
f 5208 5211 5209
f 5211 5212 5209
f 4800 5213 4763
f 5214 4800 4798
f 4763 5215 5180
f 4800 5214 5213
f 5215 4763 5213
f 5214 5207 5216
f 5214 5216 5213
f 4798 5207 5214
f 5215 5187 5180
f 5213 5216 5215
f 5207 5209 5216
f 5215 5217 5187
f 5216 5217 5215
f 5217 5218 5187
f 5216 5219 5217
f 5217 5219 5218
f 5209 5220 5216
f 5216 5220 5219
f 5209 5212 5220
f 5187 5218 5192
f 4822 5221 5222
f 5223 5224 5221
f 4822 4801 5221
f 5200 5221 5225
f 5200 5223 5221
f 5200 5226 5223
f 4803 4804 4807
f 5221 4801 4803
f 4803 4807 5225
f 4803 5225 5221
f 5226 5200 5201
f 5198 5200 5225
f 4807 5198 5225
f 5198 4807 4806
f 4820 4821 5204
f 4814 5227 4821
f 5227 4814 4815
f 5228 5204 4821
f 5227 5229 4821
f 5229 5228 4821
f 5230 5228 5229
f 5229 5231 5230
f 5204 5228 5206
f 5206 5230 5210
f 5230 5206 5228
f 5210 5232 5208
f 5208 5232 5211
f 5210 5230 5233
f 5230 5234 5233
f 5210 5233 5232
f 5234 5235 5233
f 5232 5233 5235
f 5232 5235 5211
f 5230 5231 5234
f 5224 5236 5237
f 5238 5237 5236
f 5237 5238 5239
f 4825 4822 5222
f 5238 5222 5239
f 4825 5222 5238
f 4822 4824 4801
f 4832 5240 5241
f 5240 4832 4834
f 4834 4835 5240
f 4835 5242 5243
f 5240 4835 5243
f 5243 5241 5240
f 5244 5241 5243
f 5244 5245 5246
f 5244 5243 5245
f 5246 5245 5247
f 4838 4815 4837
f 5241 4838 4832
f 4815 4838 5227
f 5227 4838 5248
f 4838 5241 5244
f 5244 5248 4838
f 5227 5248 5229
f 5244 5249 5248
f 5244 5246 5249
f 5246 5247 5249
f 5249 5229 5248
f 5229 5250 5251
f 5249 5250 5229
f 5247 5250 5249
f 5229 5251 5231
f 4840 4825 5252
f 5252 5238 5253
f 5238 5254 5253
f 5236 5254 5238
f 4825 4840 4841
f 5252 4825 5238
f 4853 4856 4855
f 4856 5255 4855
f 5255 4856 5256
f 4855 5257 4854
f 4847 5256 4856
f 4859 4847 4852
f 4854 5257 4835
f 5256 4847 4859
f 5258 5256 4859
f 5257 5242 4835
f 5257 4855 5242
f 4855 5259 5242
f 4855 5255 5259
f 5256 5258 5255
f 5245 5243 5242
f 5242 5260 5261
f 5242 5261 5245
f 5242 5259 5260
f 5258 5259 5255
f 5260 5259 5258
f 4865 4858 5262
f 4858 5263 5262
f 5264 5265 5266
f 5263 4858 5253
f 5267 5253 5254
f 5253 5267 5263
f 5267 5266 5263
f 5268 5267 5254
f 5267 5269 5266
f 4840 5252 4858
f 4857 4858 4865
f 4858 5252 5253
f 4859 5270 5258
f 4860 5270 4859
f 5271 5272 5273
f 5274 5275 5271
f 5275 5272 5271
f 5275 5276 5272
f 4863 4865 5273
f 4863 5273 4873
f 5277 4865 5262
f 5277 5273 4865
f 5263 5266 5262
f 5277 5278 5271
f 5266 5278 5262
f 5262 5278 5277
f 5277 5271 5273
f 5265 5278 5266
f 5265 5274 5278
f 5274 5271 5278
f 5270 4860 4866
f 5270 4866 5279
f 4873 5280 4872
f 5280 5281 4872
f 5281 5282 4872
f 5280 5276 5281
f 5276 5280 5272
f 5276 5283 5281
f 4873 4872 4864
f 4873 5273 5280
f 5272 5280 5273
f 4866 4481 4876
f 5284 5285 5286
f 4881 4894 4880
f 5287 4894 4881
f 4881 5282 5287
f 5288 5289 5287
f 5281 5287 5282
f 5281 5288 5287
f 5290 5288 5281
f 5290 5286 5288
f 5291 5290 5281
f 5291 5286 5290
f 5291 5284 5286
f 4872 5282 4871
f 5282 4881 4871
f 5292 4876 4875
f 5292 4875 4882
f 5292 4882 4883
f 4893 5293 4888
f 4888 5293 4889
f 4891 4889 5294
f 5293 5295 4889
f 5295 5294 4889
f 5294 5296 4891
f 5293 5289 5297
f 5297 5295 5293
f 5297 5294 5295
f 5289 5288 5297
f 5294 5297 5298
f 5294 5298 5296
f 5286 5299 5288
f 5299 5297 5288
f 5299 5300 5297
f 5300 5301 5297
f 5301 5302 5297
f 5302 5298 5297
f 5302 5303 5298
f 5285 5304 5299
f 5285 5299 5286
f 5304 5305 5300
f 5304 5300 5299
f 5305 5301 5300
f 5306 5307 5302
f 4893 4894 5293
f 5287 5289 4894
f 4894 5289 5293
f 4902 4883 4509
f 5308 5309 5310
f 5311 4899 4890
f 4900 5311 4890
f 5296 5312 4900
f 4900 5313 5311
f 4899 5311 5308
f 5312 5313 4900
f 5313 5308 5311
f 5313 5303 5314
f 5312 5303 5313
f 5314 5308 5313
f 4899 5308 5310
f 5303 5307 5314
f 4891 5296 4900
f 5296 5298 5312
f 5303 5312 5298
f 5302 5307 5303
f 4922 5315 4902
f 5316 4883 4902
f 5315 5316 4902
f 5317 5318 5319
f 5318 5320 5319
f 4909 4898 4899
f 4905 4898 4909
f 4909 5321 4912
f 4912 4907 4909
f 5317 4911 4912
f 5310 5321 4909
f 5318 5317 4912
f 5321 5318 4912
f 5322 5321 5310
f 5321 5320 5318
f 5309 5322 5310
f 5323 5321 5322
f 5323 5324 5321
f 5324 5320 5321
f 5324 5325 5320
f 5310 4909 4899
f 4919 4922 4903
f 5326 4919 4923
f 5326 4922 4919
f 5327 4922 5326
f 5326 5328 5327
f 5326 4923 5328
f 5327 5328 5329
f 4922 5330 5315
f 5330 4922 5327
f 5331 5330 5327
f 5332 5327 5329
f 5331 5327 5332
f 4929 5333 5334
f 4911 5333 4929
f 5335 4930 4929
f 5334 5335 4929
f 5328 4923 4930
f 5333 4911 5317
f 5328 4930 5335
f 5336 5334 5333
f 5329 5328 5335
f 5317 5319 5333
f 5319 5336 5333
f 5329 5335 5337
f 5337 5335 5334
f 5338 5336 5319
f 5334 5339 5337
f 5337 5339 5329
f 5319 5320 5340
f 5340 5338 5319
f 5338 5334 5336
f 5325 5340 5320
f 5341 5338 5340
f 5339 5334 5338
f 5332 5329 5331
f 5331 5329 5339
f 5074 5073 5140
f 5080 5082 5342
f 5343 5074 5140
f 5082 5074 5343
f 5344 5080 5342
f 5342 5082 5343
f 5344 5342 5345
f 5085 5084 5346
f 5090 5085 5346
f 5347 5084 5086
f 5084 5347 5346
f 5086 5080 5344
f 5346 5347 5090
f 5347 5086 5344
f 5090 5347 5348
f 5347 5349 5348
f 5095 5089 5091
f 5088 5089 5095
f 5350 5095 5091
f 5351 5095 5350
f 5091 5352 5350
f 5090 5353 5091
f 5091 5353 5352
f 5353 5090 5348
f 5354 5353 5348
f 5353 5354 5352
f 5349 5354 5348
f 5355 5352 5354
f 5350 5352 5355
f 5092 4969 5095
f 5095 5351 5092
f 5093 5092 5356
f 5093 5356 5357
f 5356 5092 5358
f 5350 5358 5351
f 5351 5358 5092
f 5356 5358 5359
f 5358 5350 5360
f 5361 5358 5360
f 5358 5361 5359
f 4981 5094 4980
f 5357 5094 5093
f 5094 5357 4980
f 4980 5357 5362
f 4980 5362 4982
f 4982 5363 4983
f 5362 5357 5364
f 5362 5364 4982
f 4982 5364 5365
f 4982 5365 5363
f 5363 5365 5096
f 5366 5365 5364
f 5356 5359 5357
f 5357 5359 5364
f 5364 5367 5366
f 5366 5367 5368
f 5364 5359 5367
f 5096 4983 5363
f 5369 4996 5096
f 4998 4996 5369
f 5369 5096 5370
f 5371 5369 5370
f 5096 5365 5372
f 5096 5372 5370
f 5372 5373 5370
f 5373 5374 5370
f 5370 5374 5371
f 5374 5375 5371
f 5372 5365 5366
f 5373 5372 5366
f 5373 5376 5374
f 5374 5376 5375
f 5010 4998 5369
f 5371 5377 5010
f 5010 5378 5009
f 5377 5378 5010
f 5369 5371 5010
f 5377 5379 5378
f 5375 5377 5371
f 5380 5377 5375
f 5379 5377 5380
f 5098 5019 5017
f 5009 5378 5018
f 5018 5378 5381
f 5018 5381 5098
f 5018 5098 5017
f 5382 5097 5098
f 5378 5379 5381
f 5381 5383 5384
f 5381 5384 5098
f 5098 5384 5382
f 5381 5379 5383
f 5385 5383 5379
f 5383 5385 5384
f 5382 5384 5386
f 5387 5384 5385
f 5386 5384 5388
f 5097 5382 5103
f 5382 5386 5103
f 5103 5386 5104
f 5103 5100 5097
f 5132 5127 5129
f 5132 5131 5128
f 5132 5129 5389
f 5132 5390 5131
f 5132 5389 5390
f 5135 5136 5391
f 5139 5135 5391
f 5137 5392 5391
f 5137 5391 5136
f 5131 5137 5130
f 5391 5392 5393
f 5139 5391 5393
f 5394 5139 5393
f 5131 5395 5137
f 5137 5395 5392
f 5396 5394 5393
f 5393 5392 5395
f 5397 5131 5390
f 5395 5131 5397
f 5393 5395 5396
f 5395 5398 5396
f 5397 5398 5395
f 5396 5398 5399
f 5138 5139 5400
f 5069 5138 5400
f 5140 5069 5400
f 5400 5139 5394
f 5401 5400 5394
f 5400 5401 5402
f 5400 5402 5140
f 5403 5402 5401
f 5404 5402 5403
f 5405 5401 5394
f 5403 5401 5406
f 5394 5396 5405
f 5403 5406 5407
f 5401 5405 5406
f 5406 5408 5407
f 5407 5408 5409
f 5399 5405 5396
f 5410 5405 5399
f 5406 5405 5410
f 5406 5410 5408
f 5411 5409 5408
f 5408 5410 5412
f 5402 5343 5140
f 5343 5402 5404
f 5342 5343 5404
f 5345 5342 5404
f 5409 5404 5407
f 5345 5404 5409
f 5345 5409 5413
f 5407 5404 5403
f 5414 5409 5415
f 5415 5409 5411
f 5347 5344 5349
f 5344 5345 5413
f 5349 5344 5413
f 5416 5349 5413
f 5416 5413 5414
f 5413 5409 5414
f 5414 5417 5418
f 5414 5418 5416
f 5416 5418 5419
f 5417 5414 5415
f 5420 5418 5417
f 5421 5418 5420
f 5422 5418 5421
f 5349 5416 5354
f 5350 5355 5360
f 5354 5416 5423
f 5355 5354 5423
f 5360 5355 5423
f 5423 5419 5424
f 5423 5424 5360
f 5419 5423 5416
f 5419 5425 5424
f 5424 5425 5426
f 5419 5418 5422
f 5419 5422 5425
f 5361 5360 5359
f 5360 5424 5427
f 5424 5426 5427
f 5367 5359 5428
f 5366 5368 5429
f 5360 5428 5359
f 5430 5367 5428
f 5430 5368 5367
f 5429 5368 5431
f 5427 5428 5360
f 5428 5427 5430
f 5430 5432 5368
f 5427 5432 5430
f 5427 5426 5432
f 5432 5426 5433
f 5433 5426 5434
f 5366 5429 5373
f 5373 5435 5376
f 5429 5431 5373
f 5376 5435 5436
f 5431 5435 5373
f 5368 5432 5431
f 5433 5431 5432
f 5433 5435 5431
f 5435 5433 5437
f 5435 5437 5436
f 5437 5433 5438
f 5437 5438 5436
f 5438 5439 5436
f 5438 5433 5440
f 5438 5440 5439
f 5375 5376 5380
f 5380 5441 5385
f 5380 5385 5379
f 5442 5441 5380
f 5385 5441 5443
f 5444 5441 5442
f 5441 5444 5445
f 5441 5445 5443
f 5445 5446 5447
f 5376 5436 5380
f 5442 5380 5436
f 5436 5439 5444
f 5436 5444 5442
f 5444 5448 5445
f 5444 5439 5448
f 5445 5448 5446
f 5388 5384 5387
f 5388 5107 5386
f 5449 5388 5387
f 5107 5388 5449
f 5107 5450 5141
f 5451 5450 5447
f 5450 5451 5452
f 5450 5452 5141
f 5385 5443 5387
f 5387 5443 5449
f 5449 5450 5107
f 5443 5445 5447
f 5443 5447 5449
f 5449 5447 5450
f 5447 5446 5451
f 5141 5452 5143
f 5386 5107 5104
f 5161 5453 5160
f 5454 5453 5161
f 5167 5165 5168
f 5160 5455 5168
f 5453 5455 5160
f 5456 5167 5168
f 5167 5456 5457
f 5456 5458 5457
f 5456 5168 5455
f 5459 5455 5453
f 5456 5455 5459
f 5460 5456 5459
f 5458 5456 5460
f 5461 5458 5462
f 5463 5461 5462
f 5169 5167 5171
f 5170 5464 5133
f 5170 5171 5465
f 5464 5170 5465
f 5167 5457 5171
f 5466 5171 5457
f 5465 5171 5466
f 5465 5466 5467
f 5457 5458 5466
f 5464 5465 5467
f 5468 5464 5467
f 5469 5466 5458
f 5467 5466 5469
f 5467 5469 5470
f 5468 5467 5470
f 5469 5458 5461
f 5470 5469 5471
f 5468 5470 5472
f 5473 5470 5471
f 5470 5473 5472
f 5469 5461 5471
f 5133 5389 5129
f 5389 5133 5464
f 5474 5389 5464
f 5390 5389 5474
f 5475 5390 5474
f 5397 5390 5475
f 5397 5475 5476
f 5474 5464 5468
f 5476 5475 5477
f 5475 5474 5477
f 5478 5474 5468
f 5478 5477 5474
f 5479 5477 5478
f 5477 5479 5480
f 5478 5468 5472
f 5478 5472 5479
f 5479 5481 5480
f 5397 5476 5398
f 5482 5398 5476
f 5399 5398 5483
f 5484 5399 5483
f 5482 5476 5485
f 5483 5398 5482
f 5485 5476 5477
f 5485 5483 5482
f 5477 5480 5485
f 5483 5486 5484
f 5484 5486 5487
f 5483 5485 5480
f 5483 5480 5488
f 5486 5483 5488
f 5488 5480 5481
f 5486 5488 5489
f 5481 5490 5488
f 5488 5490 5491
f 5488 5491 5489
f 5489 5491 5492
f 5410 5399 5484
f 5410 5484 5412
f 5412 5484 5487
f 5408 5412 5411
f 5412 5493 5411
f 5494 5411 5493
f 5493 5412 5487
f 5487 5486 5489
f 5487 5489 5495
f 5487 5495 5493
f 5493 5495 5496
f 5493 5496 5497
f 5497 5496 5498
f 5415 5411 5494
f 5415 5499 5417
f 5415 5494 5499
f 5494 5500 5499
f 5499 5500 5501
f 5499 5501 5417
f 5494 5502 5500
f 5493 5497 5494
f 5494 5497 5502
f 5502 5503 5500
f 5500 5503 5501
f 5497 5498 5502
f 5502 5498 5504
f 5502 5504 5503
f 5417 5501 5420
f 5421 5420 5505
f 5421 5505 5506
f 5506 5505 5507
f 5508 5507 5505
f 5507 5508 5509
f 5501 5503 5510
f 5501 5510 5420
f 5420 5510 5505
f 5503 5504 5511
f 5503 5511 5510
f 5510 5511 5508
f 5510 5508 5505
f 5512 5426 5425
f 5421 5506 5422
f 5422 5506 5425
f 5425 5506 5512
f 5506 5507 5512
f 5512 5507 5434
f 5512 5434 5426
f 5434 5509 5440
f 5513 5440 5509
f 5440 5433 5434
f 5448 5440 5513
f 5451 5513 5172
f 5448 5451 5446
f 5448 5513 5451
f 5439 5440 5448
f 5451 5174 5452
f 5172 5174 5451
f 5452 5174 5143
f 5191 5514 5196
f 5190 5514 5191
f 5514 5515 5516
f 5514 5516 5196
f 5517 5515 5514
f 5190 5517 5514
f 5517 5518 5515
f 5518 5517 5519
f 5520 5515 5518
f 5521 5518 5522
f 5518 5523 5520
f 5196 5516 5159
f 5159 5516 5454
f 5161 5159 5454
f 5453 5454 5524
f 5454 5516 5524
f 5516 5515 5520
f 5524 5516 5520
f 5524 5520 5525
f 5526 5525 5527
f 5525 5523 5527
f 5525 5520 5523
f 5523 5528 5529
f 5527 5523 5529
f 5459 5453 5524
f 5460 5459 5526
f 5458 5460 5462
f 5462 5460 5526
f 5459 5524 5525
f 5526 5459 5525
f 5462 5530 5463
f 5462 5526 5530
f 5526 5527 5530
f 5530 5531 5532
f 5532 5531 5533
f 5530 5527 5531
f 5463 5471 5461
f 5463 5532 5471
f 5473 5471 5532
f 5463 5530 5532
f 5473 5532 5533
f 5473 5533 5534
f 5535 5472 5473
f 5479 5472 5535
f 5479 5535 5481
f 5492 5495 5489
f 5498 5536 5504
f 5537 5504 5536
f 5538 5539 5537
f 5508 5537 5509
f 5537 5539 5509
f 5511 5504 5537
f 5511 5537 5508
f 5540 5541 5542
f 5542 5541 5543
f 5544 5542 5513
f 5542 5544 5540
f 5507 5509 5434
f 5509 5540 5544
f 5545 5542 5543
f 5542 5172 5513
f 5513 5509 5544
f 5172 5542 5201
f 5201 5542 5545
f 5219 5546 5218
f 5219 5547 5546
f 5220 5548 5219
f 5548 5547 5219
f 5212 5548 5220
f 5548 5549 5547
f 5212 5550 5548
f 5550 5549 5548
f 5551 5546 5547
f 5547 5552 5551
f 5547 5553 5552
f 5193 5192 5218
f 5218 5554 5193
f 5554 5555 5193
f 5555 5190 5193
f 5218 5551 5554
f 5546 5551 5218
f 5190 5555 5519
f 5555 5554 5556
f 5519 5555 5556
f 5519 5556 5557
f 5554 5551 5558
f 5556 5554 5558
f 5556 5558 5557
f 5551 5552 5558
f 5559 5558 5552
f 5558 5559 5557
f 5553 5560 5552
f 5561 5557 5559
f 5552 5560 5559
f 5559 5560 5562
f 5190 5519 5517
f 5518 5519 5522
f 5522 5519 5557
f 5521 5563 5518
f 5564 5521 5522
f 5564 5563 5521
f 5557 5561 5522
f 5528 5518 5563
f 5564 5522 5561
f 5564 5561 5559
f 5528 5563 5529
f 5564 5559 5565
f 5563 5564 5565
f 5518 5528 5523
f 5539 5566 5540
f 5540 5567 5541
f 5543 5541 5567
f 5540 5509 5539
f 5224 5239 5221
f 5239 5222 5221
f 5224 5223 5545
f 5545 5543 5224
f 5545 5226 5201
f 5545 5223 5226
f 5235 5550 5211
f 5234 5568 5235
f 5234 5231 5569
f 5235 5568 5550
f 5569 5568 5234
f 5569 5570 5568
f 5571 5568 5572
f 5571 5572 5573
f 5573 5574 5571
f 5212 5211 5550
f 5550 5575 5549
f 5549 5575 5547
f 5575 5550 5568
f 5547 5575 5553
f 5553 5575 5576
f 5575 5568 5571
f 5571 5577 5575
f 5576 5575 5578
f 5579 5576 5578
f 5576 5579 5580
f 5578 5575 5577
f 5571 5574 5577
f 5560 5553 5576
f 5576 5580 5560
f 5560 5580 5562
f 5566 5581 5582
f 5583 5567 5582
f 5567 5540 5582
f 5582 5540 5566
f 5236 5224 5583
f 5583 5224 5567
f 5543 5567 5224
f 5239 5224 5237
f 5250 5584 5251
f 5251 5584 5231
f 5250 5585 5584
f 5584 5585 5586
f 5250 5587 5585
f 5585 5588 5586
f 5589 5590 5588
f 5569 5231 5586
f 5231 5584 5586
f 5586 5570 5569
f 5570 5586 5588
f 5570 5588 5572
f 5588 5590 5572
f 5570 5572 5568
f 5572 5591 5573
f 5592 5593 5582
f 5592 5582 5581
f 5583 5582 5593
f 5236 5593 5268
f 5254 5236 5268
f 5593 5236 5583
f 5260 5594 5595
f 5261 5260 5595
f 5261 5595 5245
f 5594 5260 5596
f 5596 5260 5258
f 5596 5258 5597
f 5247 5245 5598
f 5598 5250 5247
f 5245 5595 5598
f 5595 5599 5598
f 5596 5600 5594
f 5600 5596 5597
f 5598 5587 5250
f 5598 5599 5601
f 5598 5601 5587
f 5595 5594 5602
f 5595 5602 5599
f 5594 5600 5602
f 5600 5597 5603
f 5599 5602 5601
f 5587 5601 5604
f 5603 5605 5600
f 5602 5606 5601
f 5601 5606 5604
f 5602 5607 5606
f 5600 5607 5602
f 5600 5608 5607
f 5608 5600 5605
f 5606 5609 5604
f 5608 5605 5610
f 5610 5605 5603
f 5611 5608 5610
f 5587 5612 5585
f 5612 5587 5604
f 5612 5588 5585
f 5612 5589 5588
f 5604 5609 5612
f 5609 5589 5612
f 5613 5614 5615
f 5592 5616 5615
f 5617 5616 5581
f 5581 5616 5592
f 5618 5616 5617
f 5617 5581 5619
f 5269 5264 5266
f 5265 5613 5274
f 5620 5269 5621
f 5269 5620 5264
f 5622 5613 5265
f 5264 5620 5622
f 5622 5620 5614
f 5622 5265 5264
f 5623 5620 5621
f 5620 5623 5614
f 5614 5613 5622
f 5623 5593 5592
f 5615 5623 5592
f 5593 5623 5621
f 5614 5623 5615
f 5269 5267 5268
f 5621 5269 5268
f 5593 5621 5268
f 5597 5258 5270
f 5603 5597 5270
f 5270 5610 5603
f 5624 5276 5275
f 5625 5624 5275
f 5613 5625 5275
f 5626 5624 5625
f 5625 5618 5626
f 5626 5618 5627
f 5624 5626 5628
f 5627 5618 5617
f 5628 5626 5627
f 5613 5275 5274
f 5613 5615 5618
f 5618 5625 5613
f 5616 5618 5615
f 5629 5630 5279
f 5279 5630 5270
f 5624 5631 5283
f 5631 5624 5632
f 5628 5632 5624
f 5628 5633 5632
f 5634 5628 5627
f 5634 5633 5628
f 5624 5283 5276
f 5635 4866 4876
f 4866 5635 5279
f 5636 5635 4876
f 5637 5285 5638
f 5637 5639 5285
f 5639 5640 5285
f 5641 5639 5637
f 5641 5640 5639
f 5633 5642 5637
f 5642 5641 5637
f 5633 5643 5642
f 5644 5645 5642
f 5281 5283 5291
f 5646 5284 5291
f 5646 5638 5284
f 5638 5285 5284
f 5631 5291 5283
f 5647 5637 5646
f 5647 5646 5291
f 5637 5638 5646
f 5631 5632 5648
f 5648 5291 5631
f 5648 5637 5647
f 5648 5647 5291
f 5637 5632 5633
f 5632 5637 5648
f 5292 5649 5636
f 5649 5292 4883
f 5636 4876 5292
f 5650 5635 5636
f 5651 5636 5649
f 5652 5653 5306
f 5654 5655 5653
f 5654 5653 5652
f 5656 5655 5654
f 5645 5654 5657
f 5645 5656 5654
f 5645 5644 5658
f 5659 5645 5660
f 5645 5659 5656
f 5285 5305 5304
f 5301 5306 5302
f 5661 5301 5305
f 5661 5306 5301
f 5640 5305 5285
f 5640 5662 5305
f 5662 5661 5305
f 5306 5661 5652
f 5663 5662 5640
f 5652 5661 5662
f 5641 5663 5640
f 5663 5657 5662
f 5657 5652 5662
f 5657 5654 5652
f 5642 5663 5641
f 5645 5657 5663
f 5645 5663 5642
f 5316 5649 4883
f 5649 5316 5664
f 5664 5316 5665
f 5666 5322 5309
f 5667 5668 5666
f 5669 5670 5667
f 5668 5670 5671
f 5670 5668 5667
f 5670 5669 5671
f 5314 5672 5673
f 5308 5673 5309
f 5314 5673 5308
f 5306 5674 5307
f 5674 5314 5307
f 5674 5672 5314
f 5674 5675 5672
f 5675 5673 5672
f 5667 5309 5673
f 5653 5674 5306
f 5653 5655 5674
f 5655 5675 5674
f 5675 5667 5673
f 5667 5666 5309
f 5655 5669 5675
f 5669 5667 5675
f 5676 5669 5655
f 5656 5676 5655
f 5677 5669 5676
f 5678 5676 5656
f 5315 5679 5680
f 5680 5316 5315
f 5679 5681 5680
f 5665 5316 5680
f 5665 5680 5681
f 5682 5683 5684
f 5683 5685 5684
f 5686 5323 5322
f 5687 5682 5323
f 5687 5323 5686
f 5682 5324 5323
f 5682 5325 5324
f 5682 5684 5325
f 5668 5322 5666
f 5322 5688 5686
f 5668 5688 5322
f 5686 5688 5687
f 5689 5688 5671
f 5671 5688 5668
f 5689 5687 5688
f 5689 5690 5687
f 5682 5690 5683
f 5687 5690 5682
f 5691 5683 5690
f 5691 5685 5683
f 5331 5692 5330
f 5693 5315 5330
f 5693 5330 5692
f 5679 5315 5693
f 5679 5693 5694
f 5694 5693 5692
f 5692 5695 5694
f 5681 5679 5696
f 5696 5679 5694
f 5697 5696 5694
f 5697 5694 5695
f 5698 5340 5325
f 5698 5341 5340
f 5341 5699 5339
f 5341 5339 5338
f 5339 5699 5331
f 5325 5341 5698
f 5699 5692 5331
f 5341 5684 5700
f 5684 5341 5325
f 5341 5700 5701
f 5701 5699 5341
f 5695 5692 5699
f 5700 5702 5701
f 5684 5702 5700
f 5695 5699 5701
f 5684 5703 5702
f 5685 5703 5684
f 5702 5704 5701
f 5704 5702 5703
f 5704 5697 5701
f 5701 5697 5695
f 5534 5533 5705
f 5533 5706 5705
f 5705 5706 5490
f 5490 5481 5535
f 5535 5473 5534
f 5535 5534 5490
f 5534 5705 5490
f 5492 5491 5490
f 5492 5707 5708
f 5496 5495 5492
f 5492 5708 5496
f 5496 5708 5536
f 5536 5708 5538
f 5496 5536 5498
f 5536 5538 5537
f 5709 5563 5565
f 5563 5709 5529
f 5565 5710 5709
f 5529 5709 5711
f 5709 5712 5711
f 5709 5710 5712
f 5529 5711 5527
f 5527 5711 5531
f 5531 5711 5712
f 5531 5712 5533
f 5533 5712 5706
f 5490 5713 5492
f 5706 5713 5490
f 5713 5714 5492
f 5492 5714 5707
f 5707 5714 5715
f 5707 5538 5708
f 5707 5715 5538
f 5578 5577 5574
f 5578 5716 5579
f 5578 5574 5717
f 5578 5717 5716
f 5717 5574 5718
f 5559 5562 5719
f 5720 5562 5580
f 5720 5580 5579
f 5721 5562 5720
f 5562 5721 5719
f 5719 5721 5722
f 5579 5723 5720
f 5721 5720 5723
f 5721 5723 5724
f 5721 5724 5722
f 5723 5579 5716
f 5716 5725 5723
f 5723 5725 5726
f 5724 5723 5726
f 5724 5726 5727
f 5724 5727 5706
f 5565 5559 5719
f 5710 5565 5719
f 5722 5710 5719
f 5712 5710 5728
f 5712 5728 5706
f 5722 5728 5710
f 5722 5724 5728
f 5724 5706 5728
f 5713 5729 5714
f 5730 5731 5539
f 5539 5731 5566
f 5714 5729 5715
f 5715 5729 5730
f 5715 5730 5539
f 5729 5732 5730
f 5715 5539 5538
f 5590 5591 5572
f 5573 5591 5718
f 5591 5733 5718
f 5734 5718 5735
f 5735 5736 5734
f 5718 5574 5573
f 5717 5718 5737
f 5716 5717 5737
f 5737 5725 5716
f 5737 5718 5734
f 5725 5737 5734
f 5725 5734 5738
f 5738 5734 5736
f 5738 5736 5739
f 5725 5738 5726
f 5727 5726 5740
f 5726 5738 5740
f 5727 5740 5741
f 5727 5741 5706
f 5738 5742 5740
f 5740 5742 5741
f 5741 5742 5743
f 5739 5742 5738
f 5706 5743 5713
f 5706 5741 5743
f 5743 5744 5713
f 5713 5744 5729
f 5731 5745 5566
f 5745 5731 5746
f 5747 5745 5746
f 5581 5745 5747
f 5730 5746 5731
f 5730 5732 5746
f 5745 5581 5566
f 5607 5748 5606
f 5749 5748 5607
f 5608 5750 5607
f 5607 5750 5749
f 5611 5610 5750
f 5611 5750 5608
f 5751 5748 5749
f 5606 5748 5609
f 5589 5609 5752
f 5748 5752 5609
f 5591 5590 5753
f 5589 5752 5754
f 5590 5589 5754
f 5753 5590 5754
f 5754 5752 5753
f 5591 5753 5733
f 5752 5748 5755
f 5753 5752 5755
f 5755 5748 5751
f 5753 5755 5756
f 5733 5753 5756
f 5756 5755 5757
f 5757 5755 5751
f 5733 5756 5758
f 5733 5735 5718
f 5735 5759 5736
f 5759 5760 5736
f 5735 5761 5759
f 5742 5739 5762
f 5739 5736 5760
f 5742 5762 5743
f 5743 5762 5744
f 5762 5763 5744
f 5744 5764 5729
f 5732 5765 5766
f 5765 5732 5729
f 5627 5617 5619
f 5619 5581 5747
f 5746 5766 5747
f 5766 5619 5747
f 5732 5766 5746
f 5767 5750 5610
f 5610 5768 5767
f 5768 5610 5270
f 5767 5768 5750
f 5768 5270 5769
f 5770 5769 5270
f 5771 5750 5768
f 5771 5772 5750
f 5750 5772 5749
f 5771 5768 5773
f 5773 5768 5769
f 5769 5774 5773
f 5774 5769 5770
f 5772 5771 5749
f 5749 5771 5751
f 5771 5773 5774
f 5775 5751 5776
f 5751 5771 5776
f 5774 5777 5778
f 5770 5777 5774
f 5771 5774 5778
f 5776 5771 5778
f 5776 5778 5777
f 5777 5779 5776
f 5780 5779 5777
f 5757 5751 5775
f 5757 5758 5756
f 5758 5757 5775
f 5758 5775 5776
f 5758 5776 5781
f 5782 5758 5781
f 5781 5776 5779
f 5733 5758 5735
f 5739 5783 5762
f 5760 5783 5739
f 5783 5763 5762
f 5784 5744 5763
f 5765 5764 5785
f 5784 5764 5744
f 5785 5764 5786
f 5787 5788 5789
f 5787 5789 5785
f 5765 5785 5789
f 5789 5766 5765
f 5765 5729 5764
f 5619 5790 5627
f 5789 5790 5766
f 5788 5627 5790
f 5789 5788 5790
f 5619 5766 5790
f 5770 5270 5630
f 5791 5630 5629
f 5792 5770 5630
f 5792 5630 5791
f 5793 5791 5629
f 5793 5629 5794
f 5792 5777 5770
f 5792 5780 5777
f 5792 5795 5780
f 5795 5792 5791
f 5796 5797 5798
f 5799 5787 5800
f 5800 5787 5785
f 5798 5800 5785
f 5801 5800 5798
f 5801 5799 5800
f 5796 5798 5786
f 5786 5798 5785
f 5797 5801 5798
f 5643 5634 5802
f 5787 5802 5788
f 5802 5634 5788
f 5799 5802 5787
f 5633 5634 5643
f 5788 5634 5627
f 5803 5279 5635
f 5629 5279 5803
f 5804 5629 5803
f 5650 5803 5635
f 5804 5803 5650
f 5804 5650 5805
f 5794 5629 5804
f 5805 5794 5804
f 5794 5805 5806
f 5807 5797 5808
f 5797 5807 5801
f 5801 5807 5809
f 5810 5809 5807
f 5810 5807 5811
f 5810 5811 5812
f 5643 5813 5658
f 5813 5802 5799
f 5814 5813 5815
f 5814 5816 5813
f 5816 5658 5813
f 5815 5813 5799
f 5810 5817 5814
f 5814 5817 5816
f 5809 5814 5815
f 5810 5814 5809
f 5799 5801 5815
f 5809 5815 5801
f 5643 5658 5642
f 5658 5644 5642
f 5802 5813 5643
f 5651 5650 5636
f 5651 5805 5650
f 5651 5818 5805
f 5819 5651 5649
f 5819 5818 5651
f 5806 5805 5818
f 5819 5820 5818
f 5678 5821 5822
f 5822 5817 5823
f 5812 5817 5810
f 5812 5823 5817
f 5824 5823 5825
f 5658 5660 5645
f 5659 5660 5826
f 5826 5678 5659
f 5678 5656 5659
f 5826 5660 5816
f 5660 5658 5816
f 5816 5821 5826
f 5678 5826 5821
f 5817 5821 5816
f 5817 5822 5821
f 5819 5649 5664
f 5827 5819 5664
f 5828 5819 5827
f 5665 5829 5664
f 5829 5827 5664
f 5830 5827 5829
f 5831 5832 5833
f 5834 5832 5831
f 5835 5836 5824
f 5833 5832 5836
f 5833 5836 5835
f 5831 5833 5835
f 5837 5831 5838
f 5839 5669 5677
f 5839 5671 5669
f 5840 5841 5842
f 5841 5677 5842
f 5841 5839 5677
f 5678 5841 5840
f 5678 5843 5841
f 5844 5841 5845
f 5841 5844 5839
f 5844 5846 5839
f 5822 5843 5678
f 5822 5847 5843
f 5847 5841 5843
f 5845 5847 5832
f 5845 5841 5847
f 5832 5834 5844
f 5832 5844 5845
f 5847 5823 5824
f 5823 5847 5822
f 5836 5847 5824
f 5832 5847 5836
f 5678 5842 5676
f 5842 5677 5676
f 5678 5840 5842
f 5848 5681 5849
f 5848 5665 5681
f 5850 5851 5852
f 5853 5665 5848
f 5854 5665 5853
f 5850 5853 5848
f 5850 5855 5853
f 5852 5855 5850
f 5854 5829 5665
f 5856 5854 5853
f 5857 5855 5852
f 5858 5830 5829
f 5858 5829 5854
f 5856 5858 5854
f 5855 5857 5859
f 5856 5853 5855
f 5856 5855 5860
f 5861 5685 5691
f 5861 5862 5685
f 5862 5863 5685
f 5685 5863 5703
f 5864 5862 5861
f 5864 5863 5862
f 5865 5863 5864
f 5863 5865 5866
f 5867 5864 5861
f 5867 5868 5864
f 5865 5868 5869
f 5864 5868 5865
f 5866 5852 5851
f 5865 5852 5866
f 5834 5870 5867
f 5870 5868 5867
f 5869 5852 5865
f 5871 5870 5834
f 5872 5868 5870
f 5852 5869 5857
f 5868 5872 5869
f 5831 5871 5834
f 5831 5837 5871
f 5871 5872 5870
f 5869 5872 5857
f 5872 5837 5873
f 5872 5871 5837
f 5857 5872 5873
f 5689 5839 5846
f 5839 5689 5671
f 5874 5690 5846
f 5846 5690 5689
f 5874 5691 5690
f 5874 5861 5691
f 5875 5861 5874
f 5846 5875 5874
f 5875 5844 5834
f 5844 5875 5846
f 5834 5861 5875
f 5834 5867 5861
f 5696 5851 5681
f 5851 5696 5697
f 5851 5849 5681
f 5848 5849 5850
f 5851 5850 5849
f 5866 5704 5863
f 5863 5704 5703
f 5704 5851 5697
f 5866 5851 5704
f 5735 5758 5782
f 5735 5782 5761
f 5782 5781 5876
f 5782 5876 5761
f 5781 5779 5877
f 5781 5877 5878
f 5876 5781 5878
f 5759 5761 5760
f 5763 5783 5879
f 5763 5879 5784
f 5879 5880 5784
f 5784 5880 5786
f 5764 5784 5786
f 5877 5779 5795
f 5795 5779 5780
f 5881 5791 5793
f 5882 5877 5795
f 5881 5795 5791
f 5793 5883 5881
f 5884 5882 5795
f 5881 5884 5795
f 5884 5881 5883
f 5882 5884 5883
f 5878 5877 5882
f 5876 5878 5882
f 5876 5885 5761
f 5885 5886 5761
f 5882 5885 5876
f 5887 5885 5882
f 5886 5888 5760
f 5889 5888 5886
f 5882 5883 5887
f 5885 5889 5886
f 5887 5889 5885
f 5887 5890 5889
f 5889 5890 5891
f 5889 5891 5888
f 5892 5887 5883
f 5887 5892 5893
f 5887 5893 5890
f 5890 5893 5891
f 5888 5891 5894
f 5888 5894 5895
f 5886 5760 5761
f 5783 5760 5895
f 5895 5760 5888
f 5879 5896 5880
f 5796 5786 5880
f 5796 5880 5897
f 5883 5793 5898
f 5898 5793 5899
f 5899 5793 5794
f 5806 5899 5794
f 5900 5899 5806
f 5901 5892 5883
f 5898 5901 5883
f 5892 5901 5893
f 5893 5894 5891
f 5901 5898 5899
f 5899 5902 5901
f 5902 5899 5900
f 5903 5902 5900
f 5903 5900 5806
f 5893 5904 5894
f 5902 5893 5901
f 5893 5902 5904
f 5904 5902 5903
f 5904 5903 5905
f 5904 5905 5894
f 5894 5906 5895
f 5894 5905 5906
f 5905 5903 5907
f 5906 5905 5908
f 5906 5908 5909
f 5907 5908 5905
f 5903 5910 5907
f 5911 5908 5907
f 5895 5879 5783
f 5879 5895 5909
f 5879 5912 5896
f 5912 5913 5896
f 5896 5913 5897
f 5895 5906 5909
f 5879 5909 5912
f 5914 5909 5908
f 5909 5914 5912
f 5908 5915 5914
f 5912 5914 5913
f 5908 5916 5915
f 5914 5915 5913
f 5896 5897 5880
f 5913 5917 5897
f 5808 5796 5897
f 5808 5797 5796
f 5811 5807 5808
f 5897 5918 5808
f 5918 5811 5808
f 5820 5919 5818
f 5819 5828 5820
f 5919 5806 5818
f 5828 5920 5820
f 5919 5820 5921
f 5921 5820 5920
f 5806 5922 5903
f 5919 5922 5806
f 5923 5922 5919
f 5903 5922 5910
f 5916 5908 5911
f 5910 5922 5907
f 5922 5911 5907
f 5916 5911 5924
f 5922 5923 5911
f 5911 5923 5924
f 5923 5919 5921
f 5923 5921 5924
f 5921 5925 5924
f 5913 5926 5917
f 5915 5926 5913
f 5926 5915 5927
f 5926 5928 5917
f 5926 5927 5928
f 5927 5929 5928
f 5930 5929 5927
f 5928 5929 5931
f 5929 5930 5931
f 5930 5932 5931
f 5915 5916 5927
f 5916 5924 5933
f 5916 5933 5927
f 5927 5933 5930
f 5924 5925 5933
f 5933 5925 5930
f 5825 5812 5918
f 5934 5918 5917
f 5918 5934 5825
f 5934 5935 5825
f 5936 5935 5934
f 5936 5937 5935
f 5897 5917 5918
f 5917 5928 5934
f 5934 5928 5936
f 5931 5936 5928
f 5918 5812 5811
f 5825 5823 5812
f 5938 5828 5827
f 5938 5827 5830
f 5938 5920 5828
f 5921 5920 5939
f 5921 5939 5925
f 5940 5938 5830
f 5940 5941 5942
f 5941 5943 5944
f 5941 5944 5942
f 5945 5944 5943
f 5946 5944 5947
f 5947 5944 5948
f 5920 5938 5949
f 5949 5938 5950
f 5946 5950 5942
f 5942 5944 5946
f 5938 5940 5950
f 5950 5940 5942
f 5925 5951 5932
f 5925 5932 5930
f 5925 5939 5951
f 5932 5951 5946
f 5946 5947 5932
f 5932 5947 5931
f 5939 5920 5951
f 5950 5946 5951
f 5951 5920 5949
f 5950 5951 5949
f 5824 5825 5952
f 5952 5835 5824
f 5953 5835 5954
f 5953 5838 5835
f 5838 5831 5835
f 5837 5838 5953
f 5945 5873 5953
f 5953 5873 5837
f 5825 5935 5952
f 5952 5954 5835
f 5948 5953 5954
f 5948 5945 5953
f 5937 5954 5935
f 5948 5937 5947
f 5937 5948 5954
f 5954 5952 5935
f 5945 5948 5944
f 5931 5947 5936
f 5947 5937 5936
f 5858 5856 5860
f 5858 5860 5955
f 5858 5955 5956
f 5855 5859 5860
f 5940 5830 5858
f 5940 5858 5956
f 5940 5956 5941
f 5859 5943 5955
f 5955 5943 5941
f 5957 5943 5859
f 5941 5956 5955
f 5955 5860 5859
f 5957 5873 5945
f 5859 5873 5957
f 5859 5857 5873
f 5957 5945 5943
