# Pulmonary Veins (FMA66643)
# BodyParts3D, (c) The Database Center for Life Science licensed under CC Attribution-Share Alike 2.1 Japan
# Licence: https://creativecommons.org/licenses/by-sa/2.1/jp/
# Modified from the original: see README.md in this repository.
# Units: millimetres. +X = patient left, +Y = posterior, +Z = superior.
# Origin: centroid of the heart wall.
o Pulmonary_Veins
v -64.5379 50.9729 -14.4146
v -69.1663 51.2328 -17.1245
v -69.0471 50.8858 -16.5546
v -62.9592 57.9488 -32.8845
v -60.8475 57.1150 -31.0946
v -61.7891 57.2042 -31.2545
v -62.2003 57.0545 -27.3046
v -62.6153 57.2428 -29.2246
v -61.5199 56.4518 -26.9945
v -62.5106 57.9704 -26.5145
v -61.9427 57.1563 -25.9846
v -61.3452 57.3727 -24.0546
v -69.7925 49.7785 -21.5746
v -67.0708 50.1750 -20.1445
v -67.2762 49.6805 -20.4546
v -69.7628 49.1154 -21.6846
v -67.2542 48.3109 -20.4746
v -66.2459 49.1107 -20.0946
v -65.1324 48.0682 -19.4246
v -67.5446 47.7176 -20.3446
v -68.6416 46.3931 -18.7346
v -63.6713 46.1667 -15.9546
v -69.4530 46.4557 -17.9446
v -67.7508 46.7441 -19.4246
v -62.6126 46.4262 -16.6245
v -68.8521 46.5339 -19.3745
v -63.4242 50.0799 -12.9446
v -69.0280 49.6702 -15.7146
v -64.4507 49.2589 -13.2346
v -69.1579 48.6938 -15.6746
v -64.1913 48.4211 -13.0946
v -69.2153 46.9757 -16.6546
v -68.9857 46.6726 -17.1046
v -68.5035 47.1753 -16.1145
v -62.4486 46.1567 -14.7746
v -68.3716 57.0193 38.9054
v -67.7232 54.7964 38.5454
v -68.3392 55.6618 38.8354
v -60.2308 56.1039 -28.3845
v -60.9161 56.1555 -27.8845
v -62.7659 57.3970 -30.4646
v -59.6055 56.0389 -28.2846
v -59.6685 55.5249 -26.5346
v -59.9133 55.3995 -24.4146
v -60.8644 56.0831 -25.0746
v -60.5169 55.8244 -26.6245
v -60.7784 56.5816 -23.3845
v -59.4437 55.6303 -21.1445
v -61.5599 51.3620 -15.9446
v -64.9234 50.7878 -18.5946
v -65.0975 51.1002 -18.2445
v -62.4954 50.4591 -17.7046
v -65.9906 50.4890 -19.4046
v -62.4949 48.9364 -18.2946
v -62.6309 46.7332 -17.1846
v -65.7806 47.2755 -19.2346
v -62.2640 50.9591 -13.0346
v -62.7481 46.3406 -14.1646
v -62.1278 48.8084 -11.7946
v -61.7306 46.6070 -12.9646
v -66.8312 56.7281 38.7355
v -66.8949 54.4335 38.5354
v -66.0232 54.9086 39.0554
v -65.8883 56.7547 39.5055
v -65.7307 57.2318 39.9454
v -65.7014 55.7592 39.6155
v -65.6882 57.6685 40.6754
v -68.1165 52.5606 38.6155
v -69.0441 52.6877 39.5354
v -69.1765 51.6120 39.8954
v -69.0455 55.4211 39.5254
v -69.1904 48.0668 40.3454
v -69.2679 55.1633 40.6754
v -68.4854 50.6019 38.8655
v -68.7597 50.5801 39.1155
v -67.6662 52.0723 38.4454
v -68.3522 57.0120 42.2054
v -68.8027 56.6477 41.8254
v -68.0060 52.7607 42.2154
v -67.5332 55.9144 42.3755
v -66.8236 55.2857 42.2854
v -67.1991 50.9779 42.4154
v -67.7279 49.8519 42.4054
v -55.3589 57.9611 -43.6145
v -55.9967 57.6150 -43.5045
v -55.4145 57.8966 -43.3246
v -55.8108 57.6794 -43.7645
v -56.2067 57.3949 -43.5946
v -55.8140 56.1969 -44.0946
v -55.2455 57.6846 -42.5946
v -54.6303 56.6337 -40.0846
v -55.8583 56.2798 -43.1445
v -54.4451 55.7098 -39.5746
v -56.9687 56.2680 -26.7846
v -59.0828 57.8129 -30.9146
v -56.6937 56.4675 -26.6846
v -58.5912 56.6283 -28.8945
v -60.4467 57.7731 -32.1345
v -56.9809 55.6855 -25.9746
v -58.2519 55.6475 -26.8546
v -58.4937 55.2851 -26.0446
v -58.6806 55.0464 -25.1946
v -57.6159 54.3080 -22.3446
v -57.2048 54.8086 -24.3346
v -59.4720 55.1633 -23.1345
v -59.2436 55.2455 -21.5045
v -59.5530 56.7763 -20.2846
v -58.8418 55.8084 -19.2746
v -58.2943 54.5578 -20.8546
v -53.5033 54.0851 -8.1445
v -60.7381 50.1433 -16.9945
v -60.5719 51.6210 -14.4446
v -63.4485 51.5281 -16.2746
v -63.0215 51.3815 -14.3446
v -58.3679 51.7943 -12.0946
v -60.2225 51.3605 -12.2445
v -61.0979 50.3308 -11.5746
v -62.1210 49.5138 -11.8845
v -63.5269 47.7400 -12.9546
v -55.1258 55.4561 8.4754
v -60.5149 57.3086 7.8054
v -62.2174 57.7727 6.9554
v -60.1515 57.5124 8.5454
v -54.8890 56.2436 9.9955
v -66.4547 51.8409 38.5654
v -66.1168 53.3148 38.8254
v -65.5491 56.2854 40.7054
v -65.9311 57.5109 41.5354
v -65.2378 49.4868 41.1155
v -66.0832 56.1256 41.8154
v -65.7176 53.3114 41.5654
v -65.8985 53.8245 39.0754
v -65.7446 52.0385 39.1155
v -65.5694 53.8760 39.5354
v -65.0447 48.1383 40.5454
v -65.2979 47.9639 39.5154
v -65.0492 47.3467 40.0454
v -66.8186 50.3368 38.4354
v -68.4382 49.2133 38.8755
v -66.9274 47.9898 38.4554
v -68.0652 47.7373 38.7054
v -68.5466 47.4920 39.0854
v -68.1612 46.3503 38.9154
v -68.6073 46.0040 39.3755
v -66.9228 46.6001 38.5354
v -66.1192 52.6813 41.9754
v -66.7772 50.8055 42.3655
v -65.6696 49.0992 41.8855
v -69.1924 48.2961 40.7154
v -68.8200 46.7980 39.5154
v -69.1325 46.9015 40.7254
v -69.0261 45.4851 40.7455
v -68.9128 44.8845 40.3154
v -68.7983 44.7872 41.5654
v -67.7202 45.6756 42.6654
v -66.9581 45.9073 42.7954
v -68.5666 46.5868 42.0354
v -68.6317 44.6182 41.8755
v -68.4293 44.7816 42.1554
v -68.8824 51.1415 92.7455
v -69.7133 57.0973 100.0354
v -68.8267 55.1505 98.4454
v -68.9341 57.7599 102.2854
v -68.7354 57.2453 102.5654
v -68.4641 54.9721 99.6055
v -68.5214 55.5764 101.0354
v -69.8140 54.7483 103.3555
v -66.8787 55.1501 107.7654
v -69.2566 55.8524 103.4054
v -54.2660 57.6583 -42.5346
v -54.5248 57.5098 -44.1646
v -53.3154 56.9632 -41.9346
v -54.0769 55.3780 -41.7545
v -54.1349 57.0235 -39.8546
v -53.4654 57.1230 -39.3645
v -54.5978 56.1882 -39.7946
v -52.3007 56.7992 -39.2146
v -52.3083 56.5679 -39.8945
v -53.9145 56.0515 -38.1245
v -53.2072 55.7223 -35.8745
v -56.1388 55.7533 -25.1746
v -54.8482 56.1499 -23.8945
v -56.5121 57.1860 -27.0646
v -54.8370 56.9637 -24.3346
v -55.3860 55.8557 -24.3745
v -54.3645 55.5598 -22.6846
v -57.1529 54.4317 -23.1646
v -56.4875 54.0243 -21.5646
v -55.4204 54.6669 -22.6946
v -55.6816 54.2449 -21.9846
v -56.8142 53.8359 -18.8546
v -55.9359 53.5431 -19.0546
v -57.0936 54.0653 -18.2246
v -53.4305 52.6644 -10.6345
v -57.7277 56.5153 -16.5446
v -52.2836 54.0620 -5.4146
v -52.9302 55.1393 -6.8645
v -58.7059 57.6174 -18.7046
v -53.4703 53.5223 -8.5746
v -59.7619 50.9976 -15.6445
v -57.7136 50.5414 -14.9046
v -59.0315 50.3930 -15.8346
v -61.5063 48.3183 -17.7146
v -59.1750 49.2726 -16.4246
v -61.5593 47.5531 -17.4246
v -61.5449 46.9696 -16.9246
v -58.7395 47.5003 -15.7246
v -55.0821 51.7874 -11.6746
v -54.3222 51.2170 -12.0246
v -60.9070 46.3992 -15.6746
v -60.9083 46.2186 -15.0946
v -59.5883 47.0787 -15.8945
v -59.3208 46.4284 -14.7346
v -57.5489 51.7333 -10.3945
v -59.0911 50.7454 -10.2846
v -60.5621 49.5006 -10.7645
v -61.0292 48.4461 -11.0946
v -60.0241 47.8472 -10.6046
v -59.9249 46.1914 -13.0346
v -60.2505 47.1448 -11.3146
v -57.6236 46.6608 -10.2046
v -58.6782 49.5515 -9.2246
v -66.5220 46.0543 38.6255
v -66.9311 44.4978 38.7254
v -65.7712 46.2992 38.9554
v -65.6320 43.7987 39.1255
v -67.6359 44.4457 38.8954
v -65.4015 45.1024 42.2954
v -65.0637 46.5815 41.4354
v -64.8977 46.3787 40.8054
v -68.6795 43.4084 40.3454
v -68.3317 43.7969 39.5554
v -68.3506 42.7064 39.9354
v -68.5684 42.1535 41.0254
v -68.6525 43.0333 41.5154
v -67.2961 43.2105 39.0055
v -66.3993 43.5347 38.8755
v -66.9681 42.3624 39.0654
v -67.2893 41.7504 39.3054
v -66.4294 41.4073 39.1754
v -67.7277 40.7280 39.9254
v -68.0112 39.7827 40.9154
v -67.3408 43.0125 43.0055
v -66.5474 43.3068 43.1255
v -66.0984 44.2190 42.9054
v -67.4339 39.2741 43.0954
v -68.0589 40.4779 42.3054
v -67.2624 39.8312 43.2555
v -69.6277 41.2030 63.1355
v -68.9016 41.0595 61.6754
v -69.7086 40.8768 62.1055
v -69.9416 46.7903 85.2854
v -69.3015 45.7163 83.6055
v -69.2636 44.6468 81.2254
v -69.9327 47.8528 87.0854
v -68.8216 46.4268 85.7254
v -68.3093 53.2167 97.3354
v -68.1262 49.9976 93.1554
v -68.5049 54.3970 98.2154
v -68.1900 52.0598 96.4955
v -68.4261 54.1218 99.7355
v -69.6874 48.5567 95.6355
v -69.1639 49.4665 96.3555
v -69.6568 49.5462 96.8054
v -69.7128 47.5733 94.4454
v -69.1121 48.2134 94.8254
v -69.1280 46.9852 93.3054
v -68.4985 53.4407 100.1954
v -67.7249 53.7817 101.2854
v -69.3152 52.7776 100.1954
v -68.3145 55.5987 102.5854
v -66.9702 55.4911 105.6355
v -68.4437 55.5511 103.8054
v -64.7410 52.8462 107.7455
v -69.8656 52.8639 101.8054
v -67.6099 52.5729 104.8655
v -67.4841 54.8877 107.2854
v -68.7219 54.2380 105.6454
v -67.0170 53.8643 108.8154
v -53.1608 56.5559 -41.9346
v -53.0670 56.1022 -41.7046
v -52.2735 55.9658 -40.2046
v -51.3545 56.3484 -37.2545
v -51.3536 56.4788 -36.5646
v -53.1399 54.8895 -39.8945
v -52.2106 54.9003 -39.0546
v -51.7038 56.0008 -38.9246
v -51.1787 55.9839 -37.4246
v -53.2638 54.7489 -39.2346
v -52.6196 56.6284 -36.4945
v -52.2117 56.7500 -36.7046
v -51.2977 56.4702 -33.4646
v -53.1813 56.3009 -36.6846
v -53.3667 55.0217 -36.6946
v -52.9542 54.5203 -36.4046
v -52.7677 54.8812 -33.7946
v -52.5693 54.4281 -33.7146
v -52.0997 54.1739 -36.6345
v -51.4291 54.7914 -37.6145
v -52.1271 56.2650 -33.6646
v -52.8187 55.9055 -34.8246
v -52.0913 55.8422 -31.2545
v -51.3484 56.2682 -30.3845
v -51.7324 53.7033 -31.9746
v -52.0445 53.9810 -30.7246
v -52.2459 55.0523 -29.5846
v -52.3944 54.4464 -31.8146
v -51.7347 55.4992 -18.5446
v -51.3156 55.8005 -17.9146
v -51.8596 55.2261 -18.5846
v -55.3252 53.4451 -18.9646
v -52.0919 54.1599 -17.8645
v -51.8357 51.8355 -10.5145
v -53.5137 53.2095 -17.4146
v -51.2949 52.0128 -11.9346
v -53.4649 53.0631 -9.3046
v -58.0965 49.5845 -15.6646
v -58.0703 48.9174 -15.7545
v -56.4911 50.4510 -14.1546
v -57.5961 49.2825 -15.4046
v -56.9323 50.1241 -14.6746
v -56.9918 49.2293 -15.0045
v -55.5569 48.9442 -13.9346
v -53.9759 50.4799 -12.3446
v -57.7868 47.5730 -15.1245
v -56.9464 46.7644 -13.5746
v -57.4954 46.3855 -13.1445
v -56.4191 52.0830 -10.7246
v -55.6591 52.0636 -11.2046
v -56.1126 52.1442 -9.3945
v -55.0238 52.5209 -9.7246
v -54.9615 52.2228 -10.7146
v -58.6510 46.2968 -11.8246
v -55.2433 57.4822 -5.8446
v -55.0206 57.8626 -6.3346
v -52.6244 55.5187 -4.5246
v -52.8050 56.4037 -5.2946
v -57.6477 51.1607 -9.2846
v -57.3231 51.6270 -9.7445
v -56.3022 51.5314 -8.0045
v -56.8117 50.2796 -7.6345
v -58.6737 48.8591 -9.1946
v -55.8909 49.5829 -6.7046
v -56.5522 48.7444 -7.4546
v -57.8423 46.9766 -9.8146
v -57.3519 47.4888 -8.8645
v -54.6426 56.2522 -4.1245
v -55.8388 57.4253 -3.1546
v -56.2182 57.6791 -5.0446
v -55.6671 57.3858 -5.3146
v -53.2760 55.5852 -4.3246
v -54.3310 56.1563 -4.3945
v -53.5705 55.2258 -2.8945
v -55.2654 57.4262 -2.1046
v -54.4722 56.8749 -1.4446
v -54.6085 57.5634 -1.2746
v -58.1455 57.4954 4.5554
v -53.6954 55.7302 5.0154
v -54.9032 55.4627 5.9754
v -66.8986 29.0391 -2.8046
v -69.2766 27.3471 -3.7246
v -67.3501 29.6623 -1.9046
v -65.6260 30.5163 -1.6846
v -68.1565 25.3443 -4.4945
v -67.7679 24.7845 -4.3446
v -69.2931 24.2675 -4.8945
v -69.8071 23.1586 -4.9846
v -55.0963 55.2708 7.1454
v -64.8915 39.1488 39.8655
v -65.6452 40.2957 39.4454
v -64.7673 43.3501 42.0254
v -64.6601 44.2497 40.6854
v -63.9179 40.2581 41.4955
v -66.9134 39.7638 39.6754
v -67.5047 39.3281 40.2854
v -66.0657 39.4235 39.5554
v -66.8874 37.8307 40.3755
v -65.5659 44.7702 42.5055
v -65.7062 42.2749 43.1654
v -66.8521 39.9069 43.5254
v -65.4754 40.7043 43.4855
v -64.3038 41.2153 42.2654
v -68.0098 39.3603 41.4454
v -67.4515 37.1405 42.3054
v -67.5545 37.9842 41.2254
v -67.1722 37.8716 40.6454
v -66.4891 36.5273 44.0055
v -67.0512 35.8141 42.7154
v -66.5937 34.6891 43.4855
v -68.8863 38.1900 57.4855
v -68.4835 37.5184 56.8755
v -68.8885 37.3617 56.8655
v -69.5046 37.5535 57.3254
v -69.3287 36.3384 56.3954
v -69.9264 34.3652 55.9054
v -69.2873 34.8630 55.5854
v -69.3439 32.4483 54.6554
v -68.9311 35.6607 55.8054
v -69.8757 40.1460 60.2954
v -68.2973 40.5813 59.8054
v -69.9389 39.9444 59.9354
v -68.2725 40.6983 60.1454
v -68.0946 38.4822 57.6155
v -66.8261 40.6990 62.6155
v -68.2178 41.1264 61.8254
v -69.8249 41.4824 64.7154
v -69.5993 41.9363 66.7455
v -68.5255 41.6576 64.3855
v -68.3283 41.9743 67.6255
v -67.7128 41.6434 66.4154
v -67.3419 41.1504 63.3354
v -66.8855 40.9307 64.5354
v -69.4772 42.6928 73.1954
v -68.0961 42.0588 73.0055
v -69.5717 36.4082 63.3154
v -69.0139 36.6177 65.6654
v -69.9235 36.9313 66.3354
v -68.9315 42.8142 75.2054
v -68.4177 42.4977 75.2254
v -68.4309 42.6507 76.1954
v -67.9679 42.0369 75.2154
v -69.9619 37.6612 74.4754
v -69.9357 37.5023 73.3254
v -69.4429 43.6845 78.1155
v -68.4230 42.9124 77.5154
v -68.8860 43.5262 78.4955
v -67.9965 42.2161 76.4955
v -67.9937 42.7033 79.0754
v -68.3285 43.6736 80.8254
v -69.3608 44.1745 79.8054
v -68.5374 44.0625 81.1854
v -69.9579 44.2421 79.3855
v -67.9690 43.2450 81.6954
v -68.4815 45.5692 84.8354
v -68.1730 44.6601 84.0254
v -68.9479 41.0547 83.5654
v -69.4609 40.6583 83.3755
v -68.9282 39.6285 80.4354
v -69.3914 39.1857 79.9354
v -68.0829 46.4391 88.0654
v -67.9506 43.3652 84.5854
v -68.1918 47.3166 91.9955
v -68.3386 42.6381 85.2854
v -69.8301 41.3233 85.0154
v -68.3748 41.9702 84.1954
v -68.7889 42.1215 85.3954
v -68.3310 47.2107 88.1355
v -68.1414 47.9436 89.8954
v -67.9960 48.3625 91.6454
v -68.3606 46.0732 90.7455
v -68.7670 43.9378 88.3154
v -68.7676 42.5681 86.1255
v -69.2319 45.0621 90.6654
v -69.6735 42.8602 87.5854
v -68.1508 48.0729 92.7954
v -68.6451 46.0259 91.3054
v -69.9684 45.9381 92.3855
v -68.1623 51.1567 95.9855
v -68.0900 49.1388 93.6754
v -68.5700 47.2228 92.8354
v -65.5633 55.3418 107.7555
v -67.0816 52.5938 106.5354
v -69.8516 52.9913 102.3354
v -66.7688 52.8851 108.3154
v -66.3668 54.8657 109.0554
v -65.8412 55.0195 109.1954
v -65.2336 54.9371 109.4054
v -65.0286 55.0114 107.4754
v -64.5902 54.5444 107.5554
v -64.5522 54.6717 107.7954
v -63.9186 54.2534 109.7054
v -65.5224 52.5659 107.5654
v -65.3953 52.2160 111.8154
v -65.6080 54.8690 109.5154
v -63.8973 52.8298 113.1954
v -63.5290 52.9130 113.2355
v -65.2654 51.7973 111.8855
v -65.2924 53.7333 111.2054
v -65.7256 52.0186 110.7355
v -65.0384 52.1964 112.4654
v -50.6854 55.9493 -35.6546
v -50.6700 56.0764 -35.1445
v -51.7632 54.1950 -36.5646
v -50.4515 56.1452 -33.4746
v -50.2617 55.6677 -34.4146
v -50.2347 55.8563 -33.7046
v -50.1274 54.8674 -34.2246
v -51.3629 53.9273 -34.9846
v -51.3554 53.6333 -32.8546
v -50.3718 54.0727 -33.5045
v -50.0957 56.1636 -29.8546
v -50.0209 55.9056 -32.0946
v -49.6943 54.7578 -32.2846
v -49.5545 54.2825 -30.9546
v -50.6139 53.4583 -30.8745
v -51.0545 56.0029 -24.4446
v -50.2536 56.1667 -24.2545
v -50.2336 56.2181 -27.9945
v -49.8545 56.0273 -29.5446
v -49.1470 55.9622 -26.5946
v -51.9681 54.5627 -26.1946
v -51.7654 53.9275 -26.6145
v -51.6298 53.6237 -29.7846
v -51.1113 53.3788 -29.4246
v -50.3398 53.4609 -30.1946
v -51.7085 54.1713 -22.1646
v -51.2427 53.5030 -23.4846
v -50.9223 53.3052 -24.4046
v -50.7298 53.2518 -26.8745
v -50.8278 53.2743 -25.6445
v -51.7641 54.6151 -18.9546
v -49.9746 56.1192 -23.9046
v -49.7737 56.0050 -15.4346
v -50.2480 56.0998 -17.1046
v -51.6299 53.9128 -16.8745
v -51.7625 54.7521 -18.2946
v -51.2062 53.4508 -16.6046
v -51.2332 57.2828 -17.3146
v -49.6491 56.4250 -14.6046
v -50.5258 56.3470 -16.4046
v -50.6264 56.0511 -16.8446
v -50.3072 56.0943 -16.4646
v -52.1905 53.4474 -16.7746
v -51.9676 57.8910 -18.2246
v -49.4481 57.0429 -13.5846
v -52.1708 50.3111 -11.0846
v -54.2806 48.3511 -12.7046
v -55.4994 47.7440 -13.4446
v -56.8096 47.6045 -14.4246
v -55.6059 46.9591 -12.6445
v -49.6684 57.3334 -5.7346
v -49.2709 57.4313 -5.9546
v -50.5334 57.9063 -7.9646
v -53.3242 57.6867 -10.1145
v -52.3884 56.7498 -7.3346
v -53.1943 57.4444 -9.5246
v -53.4174 56.1395 -8.2946
v -51.4892 57.0820 -5.2846
v -52.9295 52.3190 -10.6145
v -54.0911 51.8696 -11.1646
v -57.2611 46.2983 -12.4945
v -56.4530 46.5394 -12.5946
v -57.3720 46.2920 -11.2645
v -55.2865 46.5395 -10.9646
v -51.4182 55.8872 -4.8346
v -53.1057 53.9818 -7.2746
v -53.0210 53.8146 -6.8546
v -56.0454 47.6241 -7.8745
v -55.5662 47.1642 -8.2146
v -57.0250 46.5197 -10.2046
v -55.7029 46.6731 -9.2946
v -51.5497 54.4371 -3.6245
v -51.6189 54.8968 -4.1546
v -51.6901 54.8772 -4.4846
v -53.5506 52.8822 -5.2946
v -52.7055 53.3508 -4.7146
v -52.9112 52.6285 -4.2846
v -53.0149 51.9382 -4.1145
v -55.5976 48.7844 -6.7545
v -52.8246 50.1945 -4.2645
v -55.8774 48.0753 -7.3645
v -53.4384 55.8889 -0.8446
v -52.6732 54.4819 -1.9546
v -52.4461 54.3782 -1.3046
v -52.1981 57.3425 0.3954
v -51.5613 55.2343 0.7854
v -51.9929 54.9185 0.2154
v -55.5792 57.2605 4.3655
v -52.2561 54.6723 5.6854
v -63.0643 32.6379 -0.0946
v -62.9117 32.1094 -0.8046
v -66.7893 30.2446 -1.3446
v -64.7402 29.4082 -2.6846
v -66.8038 28.4515 -3.2445
v -67.2310 27.4433 -3.7846
v -66.0647 27.8570 -3.4846
v -63.4152 29.4367 -2.4646
v -65.2582 27.4689 -3.3845
v -67.4118 26.2796 -4.1746
v -68.5720 25.8729 -4.5045
v -65.6213 26.6632 -3.5746
v -63.8596 27.7109 -2.8645
v -66.3487 24.5684 -3.4746
v -68.5772 23.0655 -4.2445
v -65.3669 24.5630 -2.6546
v -68.1604 22.6778 -3.5846
v -53.7449 54.7527 7.9154
v -53.1210 54.5017 7.0454
v -53.7464 54.8711 8.5654
v -53.1124 55.0086 9.6554
v -52.3905 54.3020 9.0154
v -64.4844 31.7609 -0.5646
v -63.7457 32.8715 2.3354
v -62.7593 33.5453 2.0454
v -62.9260 33.2458 1.0055
v -68.2649 29.4820 -1.1746
v -67.7037 29.9935 -0.3346
v -69.3678 21.5448 -3.4846
v -65.6875 23.5116 -0.7645
v -69.0960 21.4898 -2.8146
v -52.6364 56.2809 11.0554
v -55.2492 56.9646 10.3855
v -50.6895 55.5789 11.6355
v -53.0753 57.4676 11.1554
v -53.2707 55.4736 10.1654
v -62.6393 33.6266 2.7154
v -67.1909 29.7558 1.9054
v -66.6749 29.2411 2.8254
v -64.3407 31.4630 3.7754
v -64.0331 32.5066 2.8154
v -63.6089 31.0638 4.6654
v -68.2478 24.1719 1.6255
v -67.7663 23.7198 1.2954
v -64.2663 25.7881 2.8254
v -65.0002 24.7370 1.7555
v -69.4519 25.3544 1.7355
v -65.4248 27.7325 3.7054
v -65.4895 26.8317 3.4054
v -69.2743 26.2693 1.8254
v -65.3091 36.9035 40.1654
v -64.5486 36.4435 40.3954
v -63.3308 37.9820 42.3555
v -64.4151 40.7002 42.7455
v -64.2599 39.5564 43.1454
v -63.8685 39.1439 42.8154
v -64.3325 38.7715 43.5854
v -63.2331 36.9784 43.3954
v -67.0519 36.2890 41.5654
v -64.8589 35.1297 40.6854
v -66.5030 34.6983 41.9454
v -66.1175 34.7081 41.3954
v -65.6890 35.4905 40.7054
v -66.0045 36.9045 44.2954
v -65.3352 37.6242 44.3154
v -64.8695 38.5488 43.9754
v -65.2502 33.9227 45.1355
v -65.5253 33.0904 44.9154
v -65.2440 36.4631 44.6355
v -66.3667 33.7743 43.0154
v -65.2925 33.0025 41.7954
v -65.7219 32.8937 42.3154
v -66.3209 33.8322 43.6554
v -65.5037 31.5921 44.2154
v -65.5371 32.1441 44.6854
v -66.9065 38.2237 57.8454
v -66.9049 36.5741 56.5654
v -66.4865 36.8624 57.1355
v -66.2533 37.5102 57.9454
v -68.3052 36.3300 56.0554
v -68.4245 35.2591 55.4654
v -67.6544 35.5049 55.5854
v -66.8970 32.5825 54.0254
v -66.9388 34.8832 55.4654
v -66.0904 33.8461 55.3954
v -68.3860 32.2357 53.9754
v -68.8205 32.0448 54.1055
v -69.1743 30.2276 53.8755
v -68.0593 30.6501 53.1155
v -69.5840 30.4916 54.4855
v -69.4434 29.5351 54.2954
v -69.5740 29.1608 54.8154
v -66.8703 40.0456 59.6255
v -66.8117 40.3049 60.3454
v -65.9956 39.1340 59.9254
v -65.9541 39.2884 60.2854
v -65.7764 38.7039 60.1854
v -69.6462 30.2618 57.7455
v -69.8330 29.5581 56.1055
v -69.1534 29.1218 57.3855
v -66.4016 40.3030 63.2355
v -65.7211 38.6344 61.4354
v -66.0754 39.1707 64.6155
v -65.6627 38.0597 61.0055
v -65.5092 34.9758 57.5254
v -65.7485 37.9188 61.5754
v -67.0987 34.8980 61.1554
v -67.0280 36.2449 62.2054
v -67.3718 35.9017 62.0654
v -66.2271 36.8864 61.8855
v -66.2263 37.9660 64.3154
v -67.6076 34.4663 61.0754
v -69.8508 36.2462 61.8354
v -69.2398 34.5490 60.9354
v -68.5437 33.0789 60.2854
v -66.9230 33.7066 60.3454
v -69.7327 31.6848 58.7754
v -69.2807 32.8501 59.8755
v -68.0643 31.1011 59.3755
v -68.9017 30.6275 58.8054
v -66.8177 40.8197 66.9554
v -66.3498 38.7562 66.3454
v -67.3215 36.5678 63.7854
v -66.9706 38.4611 69.2854
v -66.9840 37.5976 66.5854
v -67.9615 36.6563 65.2455
v -67.5116 37.1532 66.5754
v -67.1460 39.5511 72.6255
v -68.4207 38.2880 75.2254
v -67.0446 40.0035 72.1155
v -67.7075 39.2281 75.5754
v -67.4433 40.7891 75.6654
v -67.7187 41.8836 79.1255
v -67.6077 40.3228 77.4054
v -67.9534 40.0323 78.8354
v -69.6304 37.9151 75.8454
v -68.8497 38.2180 76.0654
v -69.5903 38.3103 77.5055
v -68.4973 39.4692 79.2254
v -69.9034 38.5246 78.4354
v -63.4144 53.1331 109.3254
v -63.9704 52.5448 108.7154
v -62.7621 51.2994 111.0055
v -63.9215 52.0322 109.1954
v -62.4556 52.8161 111.8555
v -64.0816 50.6850 111.3755
v -64.4841 52.0662 108.7954
v -63.4943 51.0891 110.6454
v -64.3948 51.9407 113.4754
v -62.7601 50.8044 115.9054
v -64.0268 50.3756 112.8855
v -60.7601 48.5844 119.1055
v -46.4127 55.9968 -34.8146
v -45.8895 56.1025 -36.5646
v -46.5623 55.8283 -35.8246
v -44.9038 56.3950 -38.5045
v -45.8566 56.0399 -37.5145
v -47.3317 54.7334 -35.5846
v -46.5956 55.4779 -36.8446
v -45.7537 55.1548 -39.2545
v -46.3983 54.6095 -37.6245
v -47.6662 54.3000 -34.8146
v -45.8083 55.9457 -34.3945
v -47.4674 55.8518 -31.2946
v -48.1944 54.5050 -33.6145
v -47.3382 55.7874 -33.4746
v -48.9122 55.6690 -29.7445
v -48.7505 53.9041 -31.9846
v -47.5765 53.6156 -34.3246
v -47.4127 53.3084 -34.0446
v -48.3830 53.1438 -31.4546
v -47.2050 53.1001 -33.7346
v -48.9549 53.4510 -30.8745
v -46.9051 55.6785 -30.9146
v -50.0969 53.4540 -29.2146
v -50.0726 53.1976 -27.0746
v -47.1419 52.8706 -31.9046
v -47.6418 52.9716 -29.4546
v -48.4866 53.0586 -27.4246
v -45.8260 54.9791 -31.8046
v -48.8705 54.9752 -24.2545
v -49.0045 53.9908 -24.1846
v -48.2363 53.6258 -26.3146
v -48.9029 55.1530 -22.3446
v -48.8230 54.7281 -22.4246
v -48.7953 54.6209 -24.3246
v -49.0644 53.9284 -23.9046
v -48.8957 54.2150 -22.8645
v -50.3244 53.1783 -24.3146
v -48.8744 55.0855 -13.5946
v -49.1888 53.6388 -13.9746
v -49.5693 53.3940 -22.5546
v -49.5911 53.2772 -13.2046
v -48.8016 54.1415 -12.8546
v -50.2370 53.1129 -14.3046
v -48.7892 56.4836 -12.7246
v -49.1082 55.6007 -13.8246
v -51.1818 53.1092 -14.9246
v -50.4670 52.2829 -12.3446
v -47.4623 56.3297 -9.7246
v -48.5879 57.2590 -10.8645
v -46.6588 55.3688 -8.8745
v -49.7644 51.4656 -9.5746
v -48.8489 57.5236 -6.4746
v -48.8187 57.6589 -9.8745
v -47.4336 56.8755 -8.2246
v -51.0260 51.5257 -10.0346
v -50.6333 51.2740 -9.7846
v -49.2605 50.6135 -8.5145
v -52.1888 48.8952 -10.8845
v -51.5892 48.8860 -10.1946
v -51.6913 48.3107 -9.7146
v -53.7563 47.2311 -10.9746
v -52.5279 47.8382 -10.2946
v -52.4657 47.6277 -9.7046
v -48.8863 57.0672 -4.7046
v -54.3021 47.0038 -8.3246
v -53.8983 46.8722 -9.8346
v -53.1406 47.5353 -7.3346
v -50.5963 48.4840 -6.3346
v -49.9748 48.7823 -7.0846
v -49.8436 57.6978 -4.1245
v -49.2102 56.9902 -3.8446
v -47.9891 56.8251 -3.9646
v -47.5751 56.7631 -2.3346
v -51.0719 53.5458 -2.4746
v -51.0845 53.4380 -2.9046
v -53.1026 49.4874 -4.8845
v -51.8518 48.9406 -4.9046
v -50.8939 53.0962 -0.9746
v -51.5043 51.8323 -2.6345
v -51.2104 50.3737 -2.7445
v -51.9129 57.9296 0.2954
v -45.8559 52.9652 4.3454
v -50.6093 55.2713 1.5055
v -49.7518 55.0706 2.0254
v -49.1223 52.0000 1.1255
v -48.7962 52.0221 1.6854
v -47.9346 51.9975 2.7355
v -50.2086 57.4594 4.8755
v -51.0860 56.9396 4.5055
v -51.6717 57.8403 4.6355
v -49.4761 54.7647 4.8154
v -61.5599 33.1327 -0.0045
v -59.9560 33.8067 0.4955
v -61.0040 32.8326 -0.3645
v -59.7673 32.6305 -0.3845
v -60.6299 32.1277 -0.8246
v -61.7800 32.5585 -0.5746
v -60.7856 30.9932 -1.3446
v -62.2042 30.7280 -1.7645
v -59.8111 31.7538 -0.7946
v -61.5076 30.0842 -1.7846
v -61.1086 29.5364 -1.6846
v -60.7391 28.9544 -1.4346
v -62.6153 27.6458 -2.2346
v -63.7571 26.5629 -2.6145
v -65.2812 25.3496 -3.1145
v -62.9447 26.3099 -1.8546
v -69.0583 12.5388 -7.0045
v -69.9389 11.3148 -6.1946
v -69.1059 12.8368 -5.6946
v -51.0890 53.4273 8.4454
v -51.0924 53.5416 9.0954
v -60.9961 34.6292 2.6355
v -59.8031 35.4307 3.6654
v -60.0925 34.3460 1.1554
v -60.4044 34.4465 1.4554
v -58.6882 35.4204 2.2754
v -58.1198 35.1123 1.7355
v -64.1069 25.1552 -1.9746
v -64.7125 23.9883 -1.7445
v -65.8011 20.7458 -2.9246
v -66.7663 18.9368 -2.3146
v -65.7001 23.6662 0.2054
v -64.9942 22.0648 -2.8346
v -67.3621 16.9378 -3.8146
v -66.8338 18.4688 -1.8046
v -67.1820 17.0378 -2.1946
v -66.9849 16.0278 -5.8246
v -67.4046 16.5008 -4.5446
v -67.7537 15.0238 -5.8845
v -68.4019 14.1908 -5.5646
v -68.0923 15.0488 -4.3745
v -51.0715 54.6231 10.8655
v -50.2257 55.9320 12.0354
v -49.7421 57.0057 12.2854
v -51.0759 56.9671 12.1155
v -49.6857 54.1526 11.5055
v -52.3320 54.5411 9.6255
v -61.1455 33.8841 5.2555
v -58.2270 36.3397 5.7355
v -68.1984 22.5788 0.1055
v -64.3115 25.2586 2.3954
v -64.5041 23.7326 2.0854
v -66.0125 23.4134 -0.2246
v -65.9166 21.2738 -0.0646
v -65.5444 21.5548 0.6954
v -64.8124 22.2928 1.6754
v -66.5650 18.7648 -1.0646
v -59.3539 34.2732 6.9354
v -59.3557 33.5080 7.2054
v -59.5669 31.6117 7.0254
v -61.4839 28.6041 5.1654
v -63.0053 35.7147 41.6454
v -62.3205 34.7731 43.7054
v -62.8540 33.9257 41.6954
v -63.6917 34.8470 41.0254
v -61.6005 32.8396 43.4054
v -64.1390 33.2462 41.3254
v -64.0817 32.0458 41.8154
v -64.4998 31.9010 42.0154
v -63.9761 35.6606 44.8354
v -63.6620 36.2472 44.4054
v -64.2188 35.1899 45.0754
v -62.8242 34.5704 44.8154
v -65.1112 30.8875 43.5454
v -64.4215 30.7850 42.7154
v -64.1308 30.6658 46.3454
v -65.0417 30.5447 44.7355
v -64.1067 32.0888 46.1155
v -65.0758 31.6065 54.5654
v -65.3518 30.7736 53.2455
v -65.9809 29.9723 52.3354
v -66.1097 28.8690 51.6754
v -67.6321 29.3093 52.4354
v -68.0778 28.1767 51.4354
v -66.4398 28.1015 51.3154
v -65.8515 34.5078 56.2254
v -65.2919 33.7052 56.9154
v -69.0348 28.4140 52.2455
v -68.9132 28.1931 53.4654
v -68.8829 27.4955 54.5754
v -68.9827 26.8458 54.6055
v -68.0280 26.0697 54.7254
v -65.5673 35.5068 59.1954
v -65.7941 34.7945 59.6155
v -65.5561 33.9069 58.8454
v -65.1477 33.1204 57.4955
v -65.5012 32.9243 58.6355
v -65.8618 33.8695 59.3954
v -65.6626 31.9528 58.6954
v -64.8817 32.0820 56.0554
v -68.4750 28.4604 57.4754
v -68.9477 27.9275 56.2154
v -68.5308 27.3925 56.1854
v -67.7628 27.8346 57.3755
v -66.8441 26.8791 56.9454
v -65.8599 37.3334 61.4254
v -66.0299 35.9093 60.7654
v -66.8520 31.5681 59.4354
v -67.3139 30.5196 59.0754
v -65.7000 31.0112 58.4855
v -66.0420 29.5325 58.2455
v -66.8340 27.7165 57.5354
v -62.2685 52.5005 111.8254
v -61.9824 51.6681 112.0055
v -62.1493 52.3974 113.6954
v -61.5235 51.4842 113.0454
v -61.4373 50.3207 113.3755
v -61.5842 50.0187 113.4554
v -62.2954 49.8549 113.1055
v -63.5701 50.2344 114.4955
v -60.7229 47.7988 118.2654
v -60.6447 48.3334 116.4554
v -61.3589 51.0405 116.3655
v -44.1468 56.6851 -42.0446
v -44.0278 56.7197 -42.3246
v -44.3576 55.9182 -42.5646
v -43.3290 56.9416 -42.1445
v -43.3590 56.8136 -42.4846
v -43.0541 55.3310 -42.5346
v -44.6048 55.9598 -36.6646
v -44.6904 54.4195 -40.1546
v -43.7317 54.4456 -38.7146
v -42.9685 54.9926 -41.5746
v -45.6843 54.6344 -39.0446
v -44.9945 53.5865 -36.3346
v -44.6300 53.8169 -36.4945
v -44.9147 53.7245 -37.5346
v -43.7448 54.8178 -37.6946
v -45.1052 53.8705 -33.7846
v -45.4416 53.3438 -34.9046
v -45.6110 53.3182 -35.5746
v -45.3172 53.5895 -33.6746
v -46.5881 53.3884 -35.4346
v -45.6586 54.5440 -31.8645
v -45.8404 53.1665 -33.7746
v -46.7269 54.5501 -29.2545
v -46.8598 53.0615 -30.8645
v -46.4734 53.9742 -29.9646
v -47.1152 53.3665 -29.2846
v -48.6635 54.3955 -12.7746
v -46.9515 52.3213 -8.5246
v -44.1947 52.9331 -4.5346
v -48.6144 52.3165 -10.5346
v -46.4515 56.1091 -7.2645
v -46.4282 56.3446 -6.2746
v -45.8147 54.5661 -7.4846
v -45.8915 55.1918 -7.1946
v -45.1432 54.9997 -5.3845
v -45.6574 52.6256 -6.9546
v -47.2166 51.5473 -7.8446
v -48.0104 51.2396 -8.0346
v -48.9955 51.1772 -8.5145
v -48.6587 57.6479 -7.9746
v -47.0017 56.7702 -5.0346
v -47.4043 56.7826 -4.1746
v -46.4083 56.2613 -3.1546
v -47.7346 50.0513 -6.6846
v -48.9516 49.2576 -6.7846
v -49.9814 49.0572 -7.9646
v -46.0667 56.1722 -3.7346
v -50.7862 48.7217 -5.0646
v -50.1064 48.6578 -5.5746
v -45.8986 55.7544 -1.2946
v -44.0068 54.9717 0.4654
v -50.3489 52.6114 -1.2946
v -50.2950 51.0658 -1.8845
v -49.8770 50.5401 -1.8845
v -49.7203 50.7681 -0.6445
v -50.3691 49.2296 -3.3046
v -49.8395 52.3282 -0.0045
v -49.2635 49.8149 -1.3945
v -49.3459 50.6585 0.2754
v -46.4368 55.6576 5.2954
v -47.5940 56.7778 5.5354
v -48.2343 55.2660 4.7254
v -48.2264 54.5776 4.7355
v -50.1370 55.4498 4.6554
v -45.1385 53.9490 4.0754
v -46.5449 52.3574 3.9955
v -47.0148 51.9973 3.6255
v -66.3263 13.0178 -8.0546
v -66.0025 12.2548 -8.2645
v -67.8544 10.9748 -9.1846
v -68.5059 9.4498 -9.9346
v -69.6904 9.0148 -10.1345
v -69.9501 7.6318 -10.8046
v -68.0756 8.9378 -10.0045
v -68.5349 7.8928 -10.3745
v -69.0072 6.8318 -10.6746
v -67.5631 8.6498 -9.8046
v -68.3977 6.7848 -10.2946
v -47.0944 57.3007 6.4354
v -47.0102 57.5917 7.0354
v -45.7705 56.6303 6.7054
v -45.1183 56.8781 8.1854
v -46.9576 57.8931 8.0554
v -45.9878 55.9936 5.7654
v -49.7505 53.6238 5.6155
v -50.3441 53.2666 6.6754
v -48.8267 53.2722 5.4054
v -48.8704 52.1645 6.7154
v -50.2830 52.9103 7.8555
v -56.6212 34.7295 1.5554
v -58.5292 33.2556 0.2355
v -58.0363 34.4683 1.1155
v -56.6547 33.8649 1.0854
v -58.0545 32.0981 -0.0145
v -59.5118 30.9623 -0.8645
v -59.8713 29.4632 -1.0145
v -60.5258 28.0632 -1.0646
v -61.5348 23.4882 -2.4746
v -62.9053 22.6118 -3.1846
v -63.0211 23.8722 -2.6846
v -64.1450 21.2868 -3.7445
v -62.4953 20.5528 -3.7346
v -66.0761 17.5138 -5.3146
v -65.3811 17.6168 -5.5446
v -65.0382 14.5268 -7.0646
v -67.9583 14.0258 -6.7746
v -67.1862 14.1698 -7.2445
v -68.7103 12.5568 -7.5546
v -69.4773 10.8658 -8.7146
v -50.0996 52.8303 9.1255
v -49.1389 51.9854 8.8154
v -57.7319 36.2311 3.3054
v -57.4180 36.8198 4.7555
v -56.6909 36.9778 4.3054
v -56.2436 35.6802 2.3454
v -57.1075 36.0422 2.7654
v -55.5053 36.7662 3.5454
v -56.1531 36.8416 3.7455
v -54.8108 37.8389 5.1754
v -66.8760 17.0318 -1.5045
v -67.7163 14.7378 -2.8146
v -68.9343 11.9838 -4.2846
v -68.3776 10.8808 -3.7246
v -69.4221 9.9108 -4.6046
v -69.4518 7.6558 -4.9945
v -67.6822 8.7128 -4.3246
v -48.8879 57.3704 12.0854
v -47.7983 55.4744 12.2355
v -47.2069 55.9755 11.9754
v -46.6320 56.4083 11.5354
v -48.1665 53.9652 12.1355
v -49.4262 53.1784 10.8954
v -55.9829 37.6957 6.4754
v -55.9476 37.6096 5.5254
v -56.4013 37.3924 6.9554
v -53.9946 38.6920 8.0254
v -57.5168 36.5510 6.8655
v -64.2464 22.8928 2.2355
v -65.3374 21.0428 0.9554
v -65.2867 19.7068 0.7954
v -64.3269 21.0288 1.7555
v -64.3070 19.7758 1.3655
v -65.5841 16.7568 -0.2645
v -64.5196 17.7498 0.5055
v -67.0901 13.9128 -2.1445
v -55.8310 37.4901 8.0254
v -56.0549 37.1815 8.2355
v -56.8416 34.9307 8.9254
v -55.1452 36.6003 9.9154
v -61.1755 29.3464 5.6255
v -57.6566 31.5648 7.7455
v -59.4724 29.5004 5.9955
v -62.3522 27.2690 4.1055
v -62.5697 26.7604 3.8655
v -60.7992 27.8182 4.5154
v -63.6630 23.5128 2.6954
v -62.8405 24.6666 3.3054
v -61.0508 25.7755 3.7654
v -62.0778 23.4019 2.9855
v -63.6990 21.9478 2.2954
v -62.9299 22.2138 2.5354
v -61.2254 32.2144 44.2854
v -61.6083 32.8870 44.6754
v -62.5302 31.1982 42.3354
v -64.0409 30.7987 42.4855
v -64.0653 29.5582 43.4454
v -63.2201 29.1879 43.2054
v -61.6796 30.9895 42.8855
v -62.5093 29.2581 43.0554
v -62.2903 32.3911 45.9955
v -62.3152 31.0784 46.8154
v -63.9177 28.1658 45.6654
v -64.0588 28.4633 45.0854
v -63.8403 28.4689 46.4154
v -63.0770 26.5565 46.4054
v -64.4733 27.1659 50.4254
v -64.4106 26.5538 50.2154
v -69.2386 26.9181 50.3354
v -64.6898 29.9615 52.7154
v -64.0481 30.1329 53.9054
v -63.9956 29.1867 52.0254
v -62.5865 28.9427 53.6055
v -64.9257 28.4775 51.2455
v -66.4675 25.7203 50.2355
v -69.6140 26.0982 50.2154
v -64.7096 25.2403 50.3755
v -65.1275 23.9491 51.9955
v -69.2357 24.2727 51.2754
v -64.4739 31.0239 55.5854
v -64.6821 31.0783 56.8154
v -64.2570 30.5823 54.9054
v -64.3229 30.4527 56.1155
v -63.9866 29.6565 56.0055
v -63.4105 29.5196 54.5154
v -67.0556 25.2951 54.6554
v -66.0828 24.3730 53.7854
v -65.8582 24.0202 53.1255
v -69.8550 23.9827 52.9855
v -64.9469 31.3406 57.4454
v -65.1777 28.3856 57.4054
v -64.6694 29.6154 57.1155
v -64.1197 26.1964 56.3555
v -67.6250 26.4710 56.0754
v -66.0758 27.1442 57.1954
v -63.8713 25.2176 55.8555
v -65.6165 25.8406 56.3354
v -61.0941 50.7064 113.8354
v -59.3633 49.2654 118.2154
v -60.4123 49.9325 115.3555
v -60.6330 48.9163 115.6554
v -60.0280 49.1609 116.1954
v -60.0757 49.3216 119.0554
v -60.0376 47.7472 117.7555
v -43.2485 54.8997 -39.7645
v -43.9528 53.5983 -3.7246
v -47.2537 50.9350 -6.9146
v -45.4540 51.0294 -5.3945
v -44.7577 51.6392 -5.0546
v -46.9107 50.5298 -6.1046
v -45.9081 55.9752 -2.8146
v -44.6721 55.0746 -2.7746
v -44.2838 54.7188 -1.5246
v -47.1170 49.7172 -5.3845
v -48.7389 48.7917 -5.2846
v -48.8607 48.7606 -4.0546
v -47.6470 49.3287 -5.5746
v -47.3250 49.2738 -3.6445
v -46.8020 49.5664 -4.2445
v -44.5760 54.9193 -0.9146
v -48.8083 49.3665 -1.4146
v -48.6828 49.4058 -2.6245
v -47.9412 48.9264 -2.2846
v -48.3164 49.0005 -1.3945
v -47.1430 48.5747 -1.8945
v -47.5174 48.5897 -1.3346
v -48.8548 49.7700 0.2355
v -48.6085 50.3185 1.4154
v -48.3479 49.2126 0.2054
v -47.5265 49.1112 1.5654
v -47.0733 48.4209 0.2754
v -43.4229 54.3003 5.3655
v -46.2879 53.7377 4.6754
v -46.2734 52.3594 4.6954
v -46.1084 51.9815 4.5854
v -46.1814 52.0709 4.3954
v -47.0785 50.4000 3.3655
v -66.7702 10.4668 -9.0946
v -65.6027 11.7078 -8.1646
v -66.4978 9.6448 -9.0346
v -66.0892 8.9528 -8.4846
v -65.6942 10.0788 -8.2846
v -66.6508 7.9438 -8.8246
v -67.9502 6.4218 -9.7645
v -66.9976 7.0568 -8.7746
v -69.8757 4.9278 -10.9945
v -68.7095 5.0828 -9.8546
v -69.6503 4.3408 -10.5246
v -45.6739 49.6016 5.8154
v -56.8128 32.0300 0.6355
v -57.3060 30.9452 0.4354
v -55.4042 33.1795 1.5055
v -55.8444 32.0861 1.2654
v -59.9312 25.7417 -1.0346
v -61.4700 21.5008 -2.7545
v -61.0811 21.1798 -2.2746
v -63.8218 14.4018 -6.2046
v -62.9524 15.1168 -4.9346
v -59.6193 23.8624 0.1854
v -64.9528 13.2308 -7.4046
v -63.5743 14.1948 -5.8845
v -62.7265 15.0178 -4.2545
v -64.4742 12.9038 -7.0346
v -63.9402 12.7728 -6.2746
v -63.5595 13.0498 -5.5145
v -63.8555 12.2328 -5.7545
v -65.1161 11.3648 -7.7545
v -64.7331 11.0038 -7.1345
v -64.9416 9.9638 -6.7846
v -64.3397 11.2748 -6.3745
v -64.7095 10.2208 -5.7445
v -65.6371 8.6058 -6.9146
v -65.8495 8.6588 -7.8845
v -66.5668 7.2198 -7.7146
v -66.3521 7.5098 -6.9846
v -68.2351 5.4068 -9.3845
v -67.4392 6.0358 -8.1445
v -68.0387 5.4088 -7.4646
v -67.7927 5.8398 -7.0145
v -69.2175 4.2748 -9.8246
v -69.7337 3.4268 -8.5546
v -42.6710 55.3871 10.1954
v -47.1951 57.7842 10.1754
v -46.8309 57.2522 10.7455
v -44.3304 55.5763 11.1754
v -46.2316 49.3861 7.2254
v -52.9689 38.3131 5.6754
v -54.3124 37.3092 4.2355
v -52.7316 38.0416 5.3054
v -53.5394 36.7539 3.8154
v -54.5635 36.6334 3.4654
v -54.8112 35.9971 2.8855
v -55.5001 35.0908 2.0854
v -54.3320 34.8091 2.4254
v -56.0055 31.0735 1.4654
v -58.6748 28.8871 0.2254
v -58.2848 28.2505 1.7254
v -58.7530 28.1954 0.3755
v -59.4613 24.9298 -0.1846
v -59.0157 25.8147 0.7254
v -59.2087 25.0864 1.1554
v -62.0899 17.1928 -1.1746
v -62.7919 15.6098 -1.6646
v -62.4072 15.9288 -2.1445
v -63.1007 14.3418 -2.6345
v -63.6110 13.3058 -2.9646
v -64.3798 12.3018 -3.0246
v -65.2573 10.5728 -3.8945
v -64.8886 12.1108 -2.7846
v -66.0463 10.1838 -3.7146
v -67.4930 8.3628 -4.5746
v -66.6652 8.6968 -4.6345
v -65.9506 9.6228 -4.2445
v -66.6952 7.9218 -5.3945
v -65.3110 9.8218 -4.6946
v -69.0715 5.2128 -6.4546
v -47.4299 52.6703 11.9554
v -43.6850 50.8373 12.5154
v -44.1861 50.4409 12.3054
v -47.0514 50.5775 10.4654
v -45.7149 50.6172 11.7254
v -53.2529 38.5965 6.2654
v -52.7538 39.1559 7.7455
v -54.7336 38.3178 6.8555
v -55.2517 30.1538 5.5554
v -58.9572 27.9326 3.7154
v -58.7790 27.9394 3.4354
v -60.1231 27.8905 4.4154
v -52.0355 31.9241 6.2555
v -60.4633 24.7200 3.0254
v -59.3507 25.7476 2.5254
v -59.7248 25.1951 2.6355
v -59.4453 24.6976 1.6454
v -60.7299 22.4788 1.8354
v -60.1207 23.0245 1.4054
v -61.5541 23.8245 3.0754
v -61.1078 20.6048 0.7154
v -60.4166 21.9648 0.8454
v -63.8071 18.6478 0.9955
v -62.7410 20.3398 1.7054
v -63.3083 18.1798 0.6854
v -62.3539 19.6508 1.1854
v -61.5446 20.6298 1.2654
v -64.2281 15.2978 -0.8046
v -63.2524 16.7398 -0.2445
v -65.1916 13.0258 -2.0045
v -64.3542 14.1968 -1.4746
v -54.1876 38.4396 8.8655
v -53.1756 39.0640 8.2654
v -53.4851 38.6688 9.6654
v -54.7934 37.5961 9.4955
v -52.6159 39.1559 9.9554
v -57.6692 30.7244 7.1754
v -55.4045 31.4732 8.1155
v -56.0444 33.1368 9.1754
v -56.7931 30.4169 6.9154
v -57.9259 29.1484 5.4354
v -51.8501 38.5378 12.1554
v -51.5049 39.1945 11.7455
v -53.8872 35.9818 11.2154
v -55.4058 34.6465 9.9855
v -60.5601 30.3930 44.3154
v -60.4323 30.4869 44.9254
v -60.8738 28.6362 43.8254
v -60.8972 27.9116 43.9955
v -60.1237 29.9014 45.8555
v -61.3224 30.3921 46.9855
v -57.7369 25.4008 47.5854
v -61.6073 27.1446 44.1854
v -62.9500 27.2149 44.7054
v -62.9614 26.6344 45.5154
v -62.0551 24.7249 47.1355
v -58.9704 26.5098 49.0754
v -61.2908 27.2707 48.8354
v -61.8214 26.1426 48.8354
v -60.8903 26.5942 49.3454
v -62.1905 25.2017 47.9955
v -61.7833 25.1008 48.8354
v -58.0698 26.5352 49.8755
v -64.3606 25.2523 50.2455
v -60.8670 28.0294 51.8555
v -63.0914 27.9595 55.7954
v -62.4311 28.1225 55.0154
v -61.5315 27.6786 54.4654
v -64.0586 28.1429 56.5854
v -62.3373 26.3141 55.6255
v -65.5301 24.0326 53.2455
v -65.4689 24.4653 54.8655
v -64.1150 23.7245 54.4154
v -63.8787 24.3832 55.2555
v -59.4432 49.2098 118.8254
v -59.6955 49.3784 118.8154
v -60.4749 47.7424 118.9254
v -60.1717 47.6870 118.9654
v -44.0347 54.3602 -2.4945
v -43.4081 53.2125 -3.2545
v -43.3557 53.6650 -2.5946
v -42.9410 53.0779 -2.8845
v -42.9163 52.3383 -3.3446
v -43.4567 51.7313 -3.9146
v -43.1258 51.1413 -3.5846
v -43.3972 50.5702 -3.5546
v -46.1529 49.5650 -4.0746
v -44.9986 50.5280 -4.4846
v -45.1702 49.0314 -2.9746
v -41.5156 54.7503 1.2054
v -40.2935 54.4951 1.0754
v -43.1061 54.5465 -0.7146
v -45.7885 48.5571 -2.2545
v -43.4098 49.2520 -2.5846
v -43.1192 48.6765 -1.7146
v -44.7175 48.2049 -1.1946
v -45.9992 48.2648 -1.4246
v -42.6361 54.8626 3.2054
v -43.8094 54.9839 2.0654
v -44.6703 54.2065 3.9154
v -42.2459 54.9053 1.7254
v -42.2324 54.9136 2.6654
v -41.3417 54.8315 3.4454
v -42.4899 47.7091 1.0854
v -42.0956 47.4735 2.9054
v -59.5737 16.9548 -7.3146
v -59.8754 14.4098 -9.6746
v -60.2921 15.0138 -8.8246
v -60.3673 13.1988 -10.5646
v -60.9797 14.5178 -8.4446
v -60.5346 11.0958 -12.3446
v -60.9171 11.7048 -11.5646
v -61.4614 12.4648 -9.9346
v -61.8373 10.3628 -11.4146
v -61.7087 11.8528 -9.8046
v -61.9379 10.4568 -10.4746
v -42.9653 54.4249 4.6055
v -42.9670 54.6443 5.8054
v -41.8047 54.7078 4.2654
v -45.1328 49.9017 5.0554
v -44.4594 49.2076 5.0254
v -46.3786 48.9343 2.6954
v -43.8764 47.8829 2.6554
v -43.2741 48.0668 4.3555
v -59.6660 18.4688 -5.4546
v -59.0071 19.8818 -4.3546
v -59.3923 18.1928 -6.0646
v -60.4303 16.9958 -6.2146
v -59.8635 18.9368 -4.4846
v -58.6003 20.2628 -4.1946
v -58.4980 18.7558 -5.8546
v -60.6497 15.7758 -7.4746
v -60.7430 16.6428 -5.7346
v -59.1406 17.1138 -7.3446
v -58.6347 16.6898 -7.7946
v -61.2989 13.9398 -8.3246
v -61.6421 12.0968 -8.4846
v -61.8813 10.5678 -9.8146
v -61.5568 11.6478 -8.2545
v -62.1615 8.4268 -11.9146
v -42.1224 55.5109 8.4054
v -41.8579 55.1971 7.4955
v -41.6571 54.7905 6.8154
v -44.6127 48.9836 5.5754
v -45.1478 48.7583 6.6654
v -58.0745 21.6318 -2.8446
v -58.9236 21.0748 -2.8246
v -57.2219 21.2048 -3.4746
v -59.8221 19.8118 -2.9646
v -60.2526 18.6478 -2.9945
v -60.3669 18.2458 -3.7346
v -60.6954 16.1678 -4.2645
v -61.1448 14.9178 -6.1946
v -60.1455 16.5178 -2.8745
v -61.1773 11.3048 -7.6946
v -59.8409 15.7328 -2.9846
v -64.3120 10.9908 -5.4945
v -37.9699 52.0968 10.9955
v -46.8523 49.8272 9.0854
v -45.7844 48.9804 7.5354
v -45.6203 48.7958 8.4654
v -46.1345 49.2941 9.4154
v -51.4425 38.0058 5.5854
v -51.6174 37.5465 5.1155
v -52.8220 36.1343 3.6854
v -51.8362 36.2105 4.2355
v -50.9674 36.0229 4.6954
v -52.6231 35.0980 3.4454
v -53.8204 34.5202 2.6255
v -53.7985 33.8480 2.5554
v -51.4162 34.9896 4.2754
v -52.9644 33.6201 3.2054
v -52.9951 32.4590 3.6954
v -54.1835 28.4936 4.7654
v -56.3866 25.2359 1.0354
v -56.4857 25.7187 1.8154
v -57.7067 23.5617 -0.4846
v -57.9173 23.7937 0.1754
v -58.4511 22.5628 -1.1445
v -57.4188 24.8820 1.4554
v -56.9861 25.3162 1.6355
v -56.8775 23.8974 -0.5446
v -58.8936 21.9738 -1.3645
v -58.8565 22.6878 0.6854
v -59.3766 21.0188 0.2054
v -59.7278 19.7708 -0.7645
v -60.2313 18.1378 -2.4846
v -59.3232 18.4428 -0.3546
v -60.1438 15.5018 -1.8046
v -59.7290 18.1338 0.1155
v -60.4102 14.6708 -2.0446
v -59.5960 17.2128 -1.6245
v -63.3560 13.3678 -3.5246
v -61.3092 10.2758 -4.1345
v -60.3712 15.6558 -0.8745
v -60.6771 14.2048 -1.2545
v -38.4683 51.2164 11.9554
v -43.0156 50.8596 12.5854
v -45.8070 49.4781 10.4554
v -45.1260 48.6791 9.7854
v -44.7326 49.0379 11.0154
v -50.9910 39.3218 7.4955
v -49.4711 40.0431 9.1954
v -49.7740 39.5580 8.0954
v -48.3400 39.4850 8.4754
v -49.8354 38.8743 7.0854
v -50.8962 39.8142 8.8755
v -50.8394 38.7769 6.6355
v -50.0847 38.2005 6.3154
v -49.2702 33.8991 6.9254
v -55.9813 27.3984 4.4855
v -56.9568 26.1251 3.3855
v -55.6037 27.4020 3.9354
v -54.9445 28.4146 5.2254
v -57.9335 24.6711 2.8655
v -57.3505 25.7196 4.1554
v -58.4967 23.4321 2.1654
v -58.2809 23.7872 2.9154
v -57.5942 25.0152 4.5754
v -58.5544 22.6398 2.6055
v -59.1471 20.9148 2.4154
v -58.8406 21.4988 2.2954
v -58.6789 22.4268 3.4754
v -59.2530 19.2758 0.1554
v -59.6255 19.1088 1.2954
v -59.1540 21.0558 3.0754
v -60.1029 15.6238 1.0454
v -61.9732 6.1098 -5.1946
v -51.8422 39.5780 9.8855
v -51.2634 39.6716 10.9554
v -49.8679 40.2436 10.4154
v -50.5517 39.9746 11.1654
v -49.4485 40.3216 11.7654
v -48.9398 40.4918 11.5954
v -48.4019 40.5105 10.7654
v -52.3501 32.6226 9.7954
v -54.5789 30.9180 7.1055
v -52.9935 31.5433 7.5554
v -54.7295 29.1528 6.9354
v -55.3295 28.3853 5.8655
v -55.6073 28.2734 6.6255
v -54.5483 29.0038 6.0554
v -54.2891 29.8422 8.4855
v -56.4368 27.1597 5.9054
v -56.4067 27.5587 7.8755
v -57.3005 25.9280 6.7154
v -57.3846 25.6015 5.6854
v -57.8377 24.7673 5.7254
v -58.2072 23.8467 4.8254
v -58.0391 24.0430 6.1454
v -58.5999 22.6548 4.8254
v -58.4552 21.6838 5.5554
v -59.2306 19.5438 3.6554
v -58.8706 19.8848 4.4354
v -59.7171 16.2048 1.9254
v -50.0291 39.5767 13.0554
v -48.7987 40.2913 13.1355
v -49.7723 39.1113 13.9354
v -52.5478 37.9093 11.8855
v -53.6208 35.1520 11.3054
v -53.4080 34.1319 10.9955
v -53.4128 33.3005 10.3855
v -51.7996 34.1761 11.8555
v -51.3458 35.3434 12.9354
v -54.7890 29.8526 10.2654
v -54.2012 30.5328 10.5354
v -54.9576 29.5660 9.2355
v -54.6286 29.8207 9.0454
v -53.4083 31.3449 11.1854
v -53.9220 30.8581 11.2854
v -54.6696 29.8436 11.2254
v -56.3339 27.5715 8.8354
v -55.1510 29.2039 10.6754
v -57.2102 26.0232 7.3755
v -56.3626 26.6753 9.5654
v -57.3037 24.5196 7.9654
v -57.4230 25.4855 7.2154
v -57.7944 23.3371 6.9754
v -56.3645 24.7081 9.3154
v -58.1905 20.8638 5.7254
v -51.6636 36.8112 13.0554
v -55.5885 28.0287 10.6954
v -55.3419 27.7461 11.2555
v -54.5499 29.1202 12.2954
v -59.7187 26.3751 45.0754
v -59.7075 27.0856 44.9654
v -57.6366 24.8727 47.3954
v -60.0463 25.0412 45.4454
v -60.3856 24.3914 45.8254
v -59.9932 23.2457 46.5754
v -60.9564 23.4081 47.0554
v -61.7002 24.0653 47.6854
v -61.3734 23.4945 47.9354
v -61.6923 23.6916 48.8555
v -62.6225 22.6558 50.6255
v -60.5575 21.7868 48.9754
v -59.2391 26.7813 53.1454
v -59.2152 27.2680 51.6954
v -59.2396 20.5128 49.8655
v -58.7047 20.3048 50.2355
v -58.1703 26.0028 52.8655
v -59.4417 25.1324 54.1954
v -58.4148 25.6176 53.3555
v -61.0122 23.9936 54.6155
v -62.5929 23.4121 54.3454
v -58.9391 21.6578 52.5754
v -59.1409 22.8192 53.5254
v -41.6817 52.2298 -2.8346
v -39.0793 52.2637 -1.9846
v -38.7512 51.5054 -2.2146
v -42.5275 50.3836 -3.0946
v -40.9787 50.2304 -2.6145
v -42.2460 49.6646 -2.5746
v -39.9035 51.1078 -2.5846
v -60.5238 8.6318 -14.3146
v -61.0567 5.7208 -16.2645
v -61.4698 6.0838 -15.7445
v -61.8289 3.0158 -17.4446
v -61.7667 4.7188 -16.4246
v -61.4540 4.1148 -17.1245
v -62.0985 4.1468 -16.3046
v -62.2579 2.9458 -16.6046
v -40.0784 53.9989 -0.2445
v -40.0095 54.6419 2.4154
v -39.1171 54.1368 0.9054
v -39.0136 53.3279 -0.8246
v -39.1040 54.2883 1.5654
v -40.3553 49.4093 -1.9546
v -41.9828 47.9170 0.2054
v -41.5436 49.1578 -1.9346
v -41.4285 48.2469 -0.5446
v -61.2149 9.3378 -13.4046
v -61.7251 8.3018 -13.7346
v -59.9305 10.0888 -13.2645
v -61.7437 7.2158 -14.6046
v -62.1325 6.8988 -14.1245
v -59.8457 8.6638 -14.2846
v -62.0067 5.8358 -15.2746
v -62.3499 3.9928 -15.4446
v -40.4411 54.7108 3.9054
v -38.9119 54.4107 3.8254
v -58.5689 13.3798 -10.4246
v -59.9404 12.5548 -11.2946
v -59.4454 12.9558 -10.9945
v -59.2709 10.9258 -12.5045
v -57.2761 16.8858 -7.0746
v -58.2281 11.1958 -11.5646
v -61.8214 9.3508 -12.5746
v -62.0529 8.0498 -11.3446
v -61.3018 6.9038 -10.9246
v -62.1331 4.3948 -13.7445
v -61.8039 5.5518 -12.4546
v -61.2222 5.4728 -11.9246
v -62.2910 5.7408 -13.4646
v -62.8015 1.3818 -15.1746
v -39.5997 54.5174 4.6554
v -40.4273 54.3699 5.7154
v -41.8939 47.4347 4.1854
v -56.2144 21.3068 -3.0446
v -55.6100 21.2538 -2.6345
v -57.6431 19.2498 -5.3745
v -57.6241 17.6208 -6.7445
v -56.9593 16.1138 -7.2346
v -57.1027 14.1508 -8.4046
v -61.7339 9.7618 -9.6245
v -60.1245 7.4588 -9.9945
v -59.9751 10.3658 -7.4846
v -59.5828 9.6818 -8.0446
v -41.3470 54.8131 7.1954
v -39.4990 54.0006 8.3054
v -40.8389 54.7887 8.8555
v -39.7801 53.9213 7.2954
v -42.6260 47.6242 5.9654
v -41.4087 47.2974 5.5055
v -54.8554 25.7600 1.5554
v -54.2977 25.5244 1.5154
v -56.4153 22.4688 -2.1046
v -59.3051 13.8148 -4.2046
v -59.7582 15.1308 -3.3546
v -59.2483 13.1878 -4.4246
v -59.5267 10.9578 -5.6345
v -59.9096 12.4778 -4.4846
v -57.6538 13.7288 -4.5346
v -58.0578 13.6298 -4.2545
v -60.2464 13.3538 -3.5346
v -60.8387 10.0848 -5.3446
v -60.9330 10.9048 -4.5446
v -60.1658 10.2678 -5.7946
v -60.1881 7.6798 -7.3146
v -61.3851 7.8808 -6.2545
v -61.7852 7.2498 -5.8446
v -60.8688 7.2718 -7.2246
v -61.7772 5.3758 -7.5145
v -61.9828 5.6108 -6.8745
v -37.8474 52.8061 9.6155
v -37.7154 52.4880 10.1954
v -43.4416 47.5649 7.3555
v -43.0123 47.2406 8.3054
v -44.3577 48.0163 8.8454
v -43.8454 47.8183 9.5254
v -50.2957 36.8736 5.3954
v -49.5430 36.4231 5.7754
v -49.6869 34.3670 6.0055
v -53.2265 24.3046 1.7154
v -54.0645 23.7022 0.4554
v -54.0257 22.2778 -0.0446
v -60.8764 11.9718 -3.6746
v -61.6588 8.5128 -4.6046
v -62.4535 2.7808 -6.9746
v -62.4649 2.9668 -7.5646
v -37.7892 49.2364 12.5454
v -37.5203 48.4096 12.6255
v -43.2164 49.6727 12.2954
v -43.1494 49.0529 12.0055
v -43.5127 48.9445 11.7754
v -43.5617 47.8424 10.2154
v -48.4848 39.0731 7.9254
v -48.1602 40.0491 9.4554
v -46.9434 39.8529 9.6954
v -46.7286 38.7069 8.6854
v -47.2642 38.1423 7.9754
v -47.8137 37.5615 7.3254
v -49.0275 37.6619 6.5354
v -48.2417 36.5523 6.7954
v -49.6873 33.2762 7.3254
v -52.3127 29.9496 6.4154
v -52.7897 28.6272 4.7555
v -51.7982 29.5358 5.9054
v -51.1046 29.6586 6.2455
v -61.9175 4.7168 -5.1846
v -59.8557 13.5668 0.7355
v -61.2586 6.9698 -3.4945
v -59.7485 7.5978 -2.1746
v -58.7550 12.3808 0.7754
v -60.7334 7.5218 -2.7246
v -43.2608 50.3187 12.4754
v -38.8504 47.6777 12.4955
v -47.3731 40.7148 11.6355
v -50.9231 32.7233 9.7854
v -50.3112 32.7072 8.9554
v -48.7834 33.3516 10.9654
v -52.5206 30.6481 7.7555
v -51.9933 31.1756 8.6055
v -51.7775 30.5369 7.2455
v -51.1314 31.5001 8.8454
v -57.0340 19.0338 5.4654
v -58.5373 16.0888 3.0154
v -57.2611 15.2108 2.7154
v -56.5620 18.5708 5.1854
v -48.2791 40.0183 14.4254
v -47.3799 40.5104 14.4054
v -47.0527 40.8361 13.2854
v -46.4016 40.9367 13.1255
v -50.9713 33.8133 11.8354
v -50.9783 33.2536 12.7054
v -50.0283 33.7193 12.9955
v -49.5614 33.5431 11.7954
v -53.4221 31.1861 10.5154
v -52.4034 32.1477 11.5554
v -52.6806 31.5932 10.4454
v -50.6613 31.9448 9.6554
v -55.6296 23.4112 9.1454
v -56.1525 23.6870 9.0055
v -55.9968 22.4728 8.2954
v -55.8089 21.2948 7.4254
v -48.5904 39.4383 14.8655
v -48.2361 38.9236 15.6454
v -47.5944 39.5937 15.7154
v -46.7504 40.3784 15.4354
v -48.5254 37.6343 15.8254
v -48.9831 37.9856 15.3454
v -49.5224 35.1959 14.1055
v -49.7543 36.1938 14.5254
v -49.4433 36.9392 14.9754
v -47.3331 36.8113 16.7754
v -52.0673 32.5404 14.2154
v -50.7747 33.6645 15.3354
v -51.3605 33.2552 14.1954
v -50.1163 34.2100 15.5854
v -50.4889 33.8925 14.1954
v -49.9416 33.9068 13.3655
v -52.8638 31.8207 13.2754
v -53.5854 30.8845 12.9254
v -52.1866 32.5494 13.2555
v -52.6508 31.8582 13.9454
v -54.2401 28.4691 12.8454
v -53.9702 27.6434 12.9254
v -55.4068 25.5775 10.6454
v -54.4417 24.8259 10.7754
v -51.9007 32.0995 15.3954
v -50.5163 32.9992 17.1155
v -51.2458 32.1574 16.4754
v -53.2799 30.0390 14.1155
v -53.1074 30.6161 14.2054
v -53.1967 29.5362 14.2555
v -52.0751 30.7247 15.6854
v -51.2111 31.3864 16.7154
v -52.0315 29.4093 15.4654
v -58.2016 26.0552 48.8054
v -57.1300 25.3507 47.9754
v -56.8595 24.2691 46.6754
v -58.8132 24.2656 46.1854
v -58.6285 23.3412 46.6954
v -58.2194 22.2348 46.3855
v -57.5887 22.7578 45.9955
v -60.3691 22.6418 47.6255
v -60.0265 22.6158 47.3655
v -60.0949 22.5228 47.6454
v -59.5877 20.6028 47.0055
v -59.8963 20.2478 47.4855
v -59.4639 19.7688 46.2154
v -58.3482 26.8279 50.8254
v -56.9981 26.1237 50.6155
v -56.9600 26.0877 49.9855
v -59.9982 19.7048 48.2854
v -60.2958 18.7508 47.3855
v -60.2791 18.2858 46.6654
v -60.2675 18.5558 47.9754
v -60.4062 18.2118 48.1854
v -60.6421 18.3698 49.1155
v -62.3282 15.8398 49.7854
v -61.5392 16.7878 48.8954
v -61.7097 16.2298 48.7455
v -61.2236 16.5018 48.2654
v -61.5647 15.2798 48.2954
v -62.5587 14.7628 49.1854
v -58.2151 24.7952 53.5254
v -57.2428 25.2608 52.5654
v -57.0384 25.5999 52.0554
v -63.4327 14.2208 51.0854
v -62.8274 14.9838 51.0654
v -61.0856 17.0778 50.6155
v -62.3789 14.9048 51.7754
v -62.5517 14.1218 49.0454
v -63.4351 13.5378 49.9955
v -63.4070 12.8868 49.8555
v -63.8270 13.2248 52.6654
v -64.5101 11.9048 51.2954
v -64.5967 12.1738 51.6554
v -65.1996 11.1388 52.5554
v -64.2882 11.5718 50.9554
v -64.5228 10.8638 51.3755
v -64.5096 12.1628 53.7654
v -63.6501 12.5828 53.8054
v -64.6113 11.4758 55.0354
v -65.8771 10.2758 54.1055
v -65.7392 10.0728 53.4654
v -65.9916 10.1958 55.6355
v -65.4165 9.3878 53.0154
v -65.9364 9.3468 53.8855
v -65.8958 8.5758 54.1155
v -65.6812 8.3068 54.0154
v -66.1207 10.0278 55.2555
v -66.0375 9.6218 57.5554
v -65.6596 9.7238 57.7854
v -64.7165 10.2318 57.1355
v -66.7335 8.3588 56.0154
v -66.7714 8.8338 56.7455
v -66.4357 8.4908 55.1654
v -66.3427 7.2408 55.8454
v -66.8897 8.2118 60.0254
v -65.8579 8.4498 60.5854
v -67.1861 7.9378 58.0254
v -67.1630 7.6988 57.6654
v -67.2897 7.2578 58.1654
v -67.0560 7.0108 57.5354
v -66.5952 7.8298 61.8655
v -67.3475 6.3758 58.8954
v -67.6601 6.8918 62.0754
v -67.4569 7.4308 60.0454
v -67.3144 7.0048 63.4254
v -67.8163 5.2578 61.9955
v -67.2961 5.8508 59.4154
v -66.9787 7.2688 63.2355
v -68.1295 5.0218 64.3855
v -67.9177 5.8358 65.8655
v -68.1140 5.1558 67.2355
v -66.2101 19.7738 94.9654
v -66.5919 19.7108 95.1954
v -66.3426 19.8988 95.2854
v -66.2838 18.7798 96.6055
v -59.1701 18.1988 93.4754
v -65.5401 19.9318 95.7555
v -65.6641 19.7738 96.3254
v -61.4398 18.6088 95.0055
v -66.7894 18.4668 94.5654
v -66.9395 18.1758 95.0954
v -65.4967 19.4748 96.6055
v -62.2666 18.4018 95.7355
v -60.7710 17.3198 95.6355
v -66.1026 18.2518 96.9554
v -65.7038 18.4018 96.9955
v -36.0520 51.0340 -1.3845
v -36.6678 51.9158 -1.0145
v -37.0618 52.5975 -0.4446
v -37.0201 50.2968 -1.8845
v -38.0282 49.5883 -1.7846
v -59.8972 6.1028 -16.0646
v -59.7165 4.9408 -16.7645
v -60.0869 4.0168 -17.5045
v -61.2185 2.9278 -18.0246
v -59.8796 1.3208 -19.1646
v -59.1540 -2.4642 -21.1946
v -61.7511 0.3808 -18.9546
v -62.1151 0.9178 -17.9646
v -61.1852 1.4808 -18.9146
v -61.8357 -0.5362 -19.1746
v -62.0758 -0.3762 -18.2445
v -61.1108 0.0058 -19.7645
v -61.9610 -1.2962 -18.7445
v -62.2670 -1.4062 -17.9546
v -65.4210 -15.7012 -24.5446
v -61.3194 -1.1452 -20.1546
v -61.5920 -1.7742 -20.0346
v -61.7033 -2.8312 -19.6646
v -66.1241 -15.7622 -24.4446
v -66.5587 -15.4452 -23.7445
v -37.7857 53.2688 0.0254
v -37.4544 53.4002 0.7455
v -36.8724 53.4814 2.1355
v -38.9123 48.5756 -0.9246
v -39.5362 48.0890 -0.2146
v -40.7377 47.7918 0.5055
v -58.5864 7.0928 -14.3246
v -58.3866 6.5928 -14.0946
v -57.9085 11.2588 -11.0846
v -62.2177 1.2418 -16.6646
v -37.4180 53.7871 2.4054
v -39.2722 47.4528 0.9454
v -40.4936 47.2157 2.2154
v -57.8680 8.9038 -11.2846
v -57.4106 11.4718 -8.1245
v -58.1223 7.9768 -11.2346
v -59.9119 5.4838 -11.6345
v -61.5983 2.3028 -13.2645
v -60.6708 1.3578 -13.7445
v -61.5917 0.7868 -13.8845
v -59.9076 3.4848 -12.8945
v -60.1271 1.3088 -14.3645
v -59.6932 2.6908 -13.9446
v -60.7522 0.2368 -14.4146
v -65.4112 -16.7002 -22.4346
v -39.0856 54.3235 5.3354
v -38.9263 54.1695 5.9554
v -39.0528 53.9646 6.8254
v -36.9508 53.7312 4.3655
v -34.9028 52.8757 6.7555
v -41.0429 47.0800 3.9554
v -55.9517 18.0008 -4.8146
v -55.8001 16.6868 -4.1345
v -56.9651 12.8568 -7.7246
v -56.6384 14.1638 -5.8046
v -56.9680 13.8188 -5.3246
v -59.5286 7.2668 -10.2346
v -60.3570 5.0968 -8.6445
v -61.2368 1.5268 -10.1746
v -61.1155 4.1448 -8.8945
v -59.4056 5.0048 -8.6046
v -60.0976 2.6068 -9.7846
v -60.7113 1.9518 -10.0946
v -61.6684 1.3398 -10.0546
v -61.8896 2.8308 -9.0446
v -62.3818 -0.9032 -10.6046
v -62.0520 -1.8392 -11.3546
v -61.2154 0.0288 -10.8745
v -62.7201 -2.6572 -11.0646
v -34.5153 52.5792 8.3254
v -37.3741 53.4469 7.6554
v -42.5533 47.2335 6.8254
v -41.5284 46.6556 7.2154
v -54.8546 19.2978 -1.8046
v -55.3154 18.0568 -1.5446
v -56.0459 16.2118 -3.3546
v -56.6363 15.6708 -2.9646
v -56.9756 15.1928 -3.1345
v -58.0795 11.2558 -5.3645
v -57.3608 11.4638 -4.8645
v -58.0111 5.3698 -7.3845
v -57.3166 10.0638 -5.2946
v -57.5796 6.4588 -6.4646
v -59.7681 7.2458 -7.6245
v -57.9637 9.9948 -5.8645
v -58.4760 6.3268 -7.6046
v -59.0897 4.2318 -8.7746
v -62.1262 3.3988 -8.3346
v -62.5477 1.3638 -8.8745
v -62.7124 0.9418 -8.3745
v -62.8593 -0.7222 -9.4046
v -63.1322 -3.6922 -10.4346
v -62.8584 -2.5882 -8.8845
v -62.8937 -6.2042 -10.0145
v -63.0376 -2.6422 -9.5546
v -63.1937 -4.8482 -11.0145
v -63.2535 -5.8672 -10.9446
v -41.1536 46.3301 8.7754
v -41.4587 46.5017 9.3755
v -40.5115 46.1204 7.9154
v -40.6555 46.3504 6.9955
v -52.8235 23.5858 2.3655
v -54.2443 20.4268 1.3755
v -54.9433 18.8388 -1.3046
v -54.6333 19.7398 0.8555
v -55.0536 16.8428 -0.2046
v -54.9154 16.5968 0.3954
v -54.0997 19.4498 2.1255
v -56.4579 16.1338 -2.5145
v -55.9588 16.4418 -1.7246
v -61.8329 3.2538 -5.4945
v -61.4036 2.8008 -5.2445
v -60.9434 3.1498 -4.8246
v -58.5896 7.1768 -2.4746
v -59.5031 3.4398 -4.5246
v -61.7955 0.3098 -6.5446
v -61.3463 -0.1352 -6.4746
v -62.2472 -4.5992 -8.7746
v -40.9820 48.0372 12.1754
v -41.1787 47.5528 11.8254
v -39.8170 46.9262 11.8954
v -41.1545 46.6938 10.7355
v -41.1932 46.4846 10.0554
v -46.5158 37.6867 8.3755
v -45.6178 38.3587 9.3154
v -45.3407 39.0647 9.9454
v -46.1403 37.1118 8.5854
v -46.3699 36.5891 8.4054
v -45.9199 36.2287 8.9254
v -42.9161 36.7678 11.6954
v -46.6589 34.7687 9.1854
v -52.4094 25.5803 3.0354
v -48.7453 29.3060 7.7854
v -50.1286 26.6051 6.3755
v -52.3449 24.8646 3.0554
v -51.1295 25.3437 5.2754
v -53.2907 22.1208 2.2555
v -52.5031 23.2103 4.2154
v -51.2181 24.8853 5.7754
v -53.0148 22.4938 3.9554
v -53.3651 21.7928 3.4154
v -53.1063 21.7178 4.3954
v -53.6749 20.3008 4.2754
v -54.8128 17.0528 2.0754
v -55.3460 16.7128 2.8354
v -56.2378 13.8958 1.0954
v -55.7286 13.9278 0.2654
v -55.9970 16.5188 3.2954
v -58.5174 10.5638 -0.2946
v -58.0137 10.9628 -0.1046
v -57.1232 8.1118 -3.1846
v -57.0357 9.9478 -1.5346
v -57.9601 7.0088 -2.9746
v -46.1265 40.4539 11.1854
v -43.4589 39.9389 12.1355
v -45.8808 40.2096 10.8655
v -43.9184 40.4536 12.5554
v -44.1218 40.9154 13.5554
v -42.8792 39.6441 12.2654
v -40.3590 39.0660 13.8254
v -48.7384 33.4241 8.7954
v -47.0380 33.8126 11.7154
v -45.7873 34.2715 11.7455
v -49.6550 31.9406 9.5354
v -48.9084 31.2896 8.9154
v -49.0092 31.9218 9.6554
v -49.2078 30.4776 7.9754
v -46.9654 31.4571 10.4054
v -48.4490 30.0342 8.3154
v -50.4361 29.7355 6.6155
v -49.9131 29.4597 6.7654
v -49.3218 29.3914 7.2355
v -51.5179 24.4826 7.5055
v -52.3067 23.2121 6.1355
v -52.2762 23.2448 7.0854
v -53.1869 21.6218 5.9154
v -54.7682 19.9528 5.8655
v -55.5511 18.5478 4.9154
v -45.2434 40.9643 15.2254
v -46.1534 40.9418 14.1055
v -45.4115 41.0180 13.6454
v -44.4740 41.1024 14.7854
v -48.6613 33.0722 11.8655
v -48.7786 33.6672 12.5954
v -47.3061 33.8953 12.9354
v -47.4941 33.6343 12.9454
v -46.0342 33.1215 12.5055
v -51.7623 24.9673 10.6954
v -52.9909 24.2697 10.3054
v -52.6929 23.5351 8.9454
v -51.9420 24.1735 9.1155
v -52.8773 22.4798 7.1055
v -51.1096 24.9755 8.6355
v -54.2971 23.4941 9.5654
v -54.1517 22.0938 7.9754
v -44.9903 40.4255 17.0354
v -45.3710 40.7983 15.7954
v -44.1500 40.7894 16.9855
v -44.0057 41.0911 15.8054
v -42.3281 41.1679 16.4654
v -47.2585 38.4792 16.7854
v -46.3639 39.8341 16.6355
v -48.8306 35.3723 14.7555
v -48.6337 35.2085 16.0954
v -48.8561 34.4129 13.6854
v -48.8446 34.4999 14.0254
v -47.7116 35.8595 15.9855
v -50.6775 26.0985 12.0954
v -52.1716 25.6422 12.0254
v -52.1784 26.5474 13.1654
v -45.4038 39.3388 17.9654
v -45.4495 38.9543 18.1654
v -45.9894 37.0624 17.9654
v -47.2214 36.1386 16.5854
v -48.1331 35.5673 17.5254
v -48.6715 35.1828 17.3354
v -48.1978 35.4165 18.1055
v -47.1658 36.0218 16.8755
v -47.3388 36.0597 18.1055
v -46.1660 36.6566 17.8054
v -48.8919 34.6957 18.1255
v -50.0506 33.8275 17.0854
v -49.3075 33.7532 18.4554
v -50.9552 30.5446 16.8655
v -50.3012 29.8514 17.0654
v -49.6577 29.0322 16.7054
v -52.9504 27.0615 13.3454
v -46.6479 36.3289 19.5554
v -48.1530 34.6234 19.5055
v -47.1613 34.8417 20.6854
v -49.7592 31.9467 18.3354
v -47.8274 31.3556 19.6754
v -57.2618 23.5603 46.2355
v -56.0967 22.7368 45.0254
v -56.4562 21.9468 44.7854
v -55.7806 23.4541 45.5654
v -57.6085 21.8058 45.7954
v -57.2477 21.0848 45.3954
v -57.5970 21.1208 45.7854
v -55.1195 21.7318 43.5654
v -55.4663 21.2078 43.5554
v -52.9618 23.1875 45.7355
v -54.8379 24.7290 48.8454
v -58.8209 19.9428 45.8354
v -58.6404 19.5828 45.6355
v -57.1391 19.2468 45.6754
v -59.0705 19.3978 45.7455
v -59.8023 18.0148 45.7555
v -60.3124 16.4788 45.9354
v -60.4757 16.6938 46.5754
v -60.4870 15.4228 46.2954
v -59.2882 16.6678 44.9654
v -60.3040 15.5178 45.7254
v -59.6425 14.5218 44.6854
v -59.2855 15.1918 44.5954
v -58.4847 15.4498 44.4354
v -60.1075 14.2408 45.1654
v -60.2209 13.8848 45.3755
v -60.0843 12.5438 45.1055
v -55.7713 25.2026 50.6454
v -56.3542 25.4850 51.2254
v -55.6700 24.1995 51.6954
v -55.0633 23.9706 51.1355
v -61.2922 13.7598 48.4154
v -61.8378 14.0368 48.5354
v -60.3902 13.9248 46.6055
v -60.1616 13.6318 47.2054
v -60.0179 14.2098 47.6754
v -60.0885 14.7828 47.7954
v -60.2235 12.5658 46.3254
v -56.1291 23.2193 52.3254
v -55.7465 23.8583 51.9154
v -57.6359 22.3588 52.8555
v -57.4532 21.1758 52.0055
v -57.3332 20.6168 51.4354
v -57.2514 21.6658 52.3354
v -58.8480 18.6898 50.7854
v -58.8605 17.3078 51.0954
v -59.7078 16.9508 51.2555
v -60.2177 17.2418 51.0454
v -61.0077 15.6848 51.6954
v -59.7527 15.5038 51.5854
v -58.5620 16.5148 51.0254
v -62.8335 12.7828 49.3655
v -61.0913 12.8538 48.8454
v -60.6932 12.9918 48.8354
v -62.2914 10.6118 50.4955
v -62.8676 11.4028 49.9354
v -61.5158 11.4408 49.8954
v -61.5684 13.9618 52.6355
v -62.3063 13.8338 52.7854
v -62.1860 12.8128 53.5154
v -62.7382 13.0428 53.4554
v -63.6279 11.2858 50.3954
v -63.2578 11.3218 50.1554
v -64.0886 9.8138 51.5354
v -62.6958 9.8828 51.1954
v -63.6853 9.3088 51.8154
v -63.6761 11.9698 54.6055
v -62.6609 11.3468 54.8555
v -61.3492 11.5588 53.3954
v -64.2667 8.3018 53.0354
v -62.8450 9.0518 52.2355
v -63.8773 9.9118 57.2355
v -63.4220 9.4638 57.2154
v -61.7105 10.5008 54.0254
v -65.7638 7.5648 54.7754
v -65.9445 7.2798 55.3054
v -65.6146 7.2248 55.0454
v -64.2693 7.1868 54.6654
v -64.7196 6.4678 55.9354
v -63.6143 7.3448 54.8254
v -65.1031 8.5548 60.1355
v -63.9585 8.6188 58.8054
v -62.9549 8.8138 56.8454
v -63.8827 6.8118 55.8354
v -65.1543 5.7998 57.3154
v -66.6303 5.1718 59.3954
v -65.6916 5.0148 59.2254
v -66.1472 5.3408 58.5854
v -65.6941 7.7098 62.3354
v -64.4334 6.4218 62.2854
v -63.9018 6.8388 59.9754
v -67.2944 5.3318 60.2355
v -66.9503 4.7548 60.7954
v -65.2328 6.3478 64.9254
v -67.1928 4.4518 61.9354
v -66.6015 4.2488 61.6954
v -65.6288 4.2298 61.8755
v -66.7793 3.5978 64.0154
v -66.5430 6.5878 65.9855
v -67.6514 5.5328 68.6554
v -67.8723 4.2048 64.5654
v -67.5600 4.0498 63.9654
v -67.8260 3.8158 65.7355
v -67.1666 3.5838 64.5654
v -65.5371 6.0278 66.6754
v -66.8647 5.4228 70.9754
v -68.2133 4.4738 67.3755
v -68.0049 3.4228 69.3755
v -67.2129 2.7958 68.4454
v -66.9469 3.0308 66.6754
v -67.3940 2.6928 69.9554
v -66.7599 2.5258 69.4054
v -67.2272 4.6588 74.1754
v -66.7742 4.8218 74.3054
v -66.5090 5.1148 72.8555
v -67.8021 4.6068 71.8655
v -67.7420 2.6998 73.9554
v -67.9949 3.3778 72.8054
v -66.9923 4.4518 74.8054
v -67.4928 4.3738 74.3755
v -66.6237 2.4398 74.9754
v -67.7387 2.7828 74.3555
v -62.8889 18.0088 93.1355
v -63.5956 17.2358 93.3354
v -64.9384 17.2778 94.0254
v -63.8761 16.7408 93.8054
v -62.6697 16.3898 93.3254
v -60.3682 16.8328 92.2254
v -63.5300 16.3508 95.3454
v -61.9141 17.0618 95.9054
v -59.9479 -1.2362 -20.7246
v -59.8343 -3.3252 -21.8446
v -60.6751 -2.7712 -21.3246
v -61.2724 -2.9902 -20.8645
v -61.0801 -4.2662 -21.4246
v -61.2703 -4.6762 -20.9346
v -59.0068 -4.4842 -22.3246
v -59.7512 -5.4492 -22.8146
v -59.5206 -4.9262 -22.6345
v -60.8118 -5.5772 -21.9846
v -61.0505 -5.7372 -21.1245
v -60.3469 -6.2532 -22.6746
v -60.2539 -7.2532 -22.8745
v -60.5397 -7.4812 -21.7346
v -64.4244 -14.0892 -23.4646
v -64.9895 -14.6882 -24.0246
v -66.5505 -16.8632 -24.6846
v -65.5592 -17.5132 -25.1046
v -66.8253 -20.3912 -26.1145
v -66.4661 -18.0672 -25.3246
v -67.3150 -21.4722 -26.3246
v -36.5120 50.7013 -1.7146
v -58.6893 2.8648 -16.8645
v -58.5259 3.4768 -15.4446
v -58.5462 -0.1702 -18.4546
v -58.5361 -0.0372 -17.8046
v -58.6978 1.2708 -16.2846
v -58.6834 -1.3342 -17.8046
v -58.4188 -1.8712 -18.8146
v -59.1441 -1.6182 -17.3346
v -58.7421 -3.1302 -18.5346
v -59.1690 -3.3642 -18.2645
v -61.5016 -2.6682 -18.2746
v -61.6318 -2.9472 -18.2946
v -62.3894 -6.2462 -19.7645
v -61.0716 -4.8132 -19.6746
v -60.0639 -7.0792 -20.4046
v -60.3488 -2.1422 -17.2246
v -60.0191 -4.5492 -18.7246
v -63.5220 -11.9062 -22.0446
v -64.2397 -12.9382 -23.0446
v -62.0667 -7.0312 -18.7946
v -61.5991 -4.6522 -17.2346
v -63.9348 -14.0822 -21.9945
v -64.8271 -16.5322 -22.7146
v -63.7067 -13.0612 -22.3446
v -63.9710 -13.7932 -22.8745
v -66.3548 -15.1622 -22.3845
v -67.3411 -18.9042 -24.6646
v -66.6196 -17.9882 -23.1546
v -68.0327 -22.6342 -25.9546
v -67.3114 -19.4192 -24.1546
v -66.7691 -19.8132 -23.6546
v -68.6973 -26.2402 -26.5746
v -68.1448 -23.7672 -26.5346
v -33.8373 51.1095 0.3054
v -34.4791 52.2406 2.3154
v -34.7417 51.1897 -0.3246
v -37.0992 47.1022 0.8354
v -36.3607 47.7527 -0.3046
v -58.8678 2.8938 -14.6746
v -60.4326 -0.5082 -15.7645
v -60.1208 0.0308 -15.7545
v -60.6756 -1.1222 -15.6445
v -36.6286 53.5375 3.4454
v -35.0212 52.8590 4.2254
v -39.4066 46.3449 4.1055
v -38.4690 46.1248 3.6155
v -38.2027 46.4815 2.4955
v -36.3031 45.1695 4.1355
v -59.7704 1.8478 -10.0045
v -59.2570 1.5608 -9.8146
v -59.6703 0.5688 -10.4246
v -59.8907 -1.4662 -11.2445
v -58.6924 3.6828 -8.6646
v -59.6060 -3.0262 -11.4846
v -61.7894 -2.8012 -11.9246
v -61.2570 -2.3692 -11.8845
v -60.9746 -4.0062 -12.5145
v -62.5597 -4.1462 -11.9945
v -60.4798 -8.9082 -13.9046
v -63.0190 -4.7492 -11.5846
v -62.8797 -6.2282 -12.5145
v -63.0819 -6.5422 -12.3146
v -63.2520 -7.3782 -12.2246
v -61.8441 -5.2142 -12.8745
v -61.4934 -5.9462 -13.2146
v -62.6917 -6.5452 -12.8645
v -62.4821 -7.1912 -13.2846
v -62.2322 -9.0952 -14.0946
v -61.6389 -9.2892 -14.3246
v -63.1618 -9.2852 -13.2545
v -63.3519 -9.6952 -12.7645
v -63.3288 -10.8912 -13.3346
v -63.3704 -12.2382 -13.3346
v -63.3259 -12.9872 -13.1846
v -36.1393 52.7875 8.9955
v -39.1493 45.9375 6.5754
v -38.2339 45.5453 5.4054
v -57.0490 7.9818 -5.0746
v -58.0565 2.6688 -7.4046
v -59.1284 -2.6622 -10.6846
v -58.3664 1.0568 -7.5145
v -58.1464 2.9858 -6.0946
v -58.6335 0.7548 -7.0045
v -59.1365 0.4908 -6.5346
v -59.4694 -2.0412 -7.7946
v -62.4123 -8.7912 -10.4146
v -61.6041 -4.5882 -8.4646
v -63.2804 -7.4492 -11.3046
v -37.3457 51.9684 10.7754
v -37.5804 51.5711 11.3154
v -36.3120 52.0261 10.6754
v -36.1377 52.3052 10.1854
v -35.6297 51.4739 11.3054
v -40.2991 45.9837 8.5454
v -38.7200 45.6131 7.5154
v -38.5859 45.4218 8.7555
v -55.7664 13.1228 -1.4846
v -58.6937 2.9718 -5.2645
v -58.3647 3.2268 -5.4646
v -60.9688 -3.1012 -7.7346
v -37.3613 50.0858 12.2254
v -39.0705 47.1660 12.2555
v -38.4362 46.3217 11.8755
v -39.8238 45.8851 10.1854
v -39.7048 46.3587 11.3655
v -43.4693 37.5778 10.9654
v -40.8345 38.0912 13.2455
v -46.6651 30.6666 10.3254
v -45.8408 30.3788 11.1754
v -48.2762 28.5603 8.4254
v -49.7146 26.2761 7.9454
v -48.5228 27.5383 8.7754
v -50.0793 25.7664 9.0154
v -42.8720 40.8446 14.0954
v -41.5868 41.0974 15.9654
v -41.4185 40.4347 14.2854
v -41.2982 40.8887 15.3454
v -44.8582 34.3953 13.5154
v -44.2951 34.7450 12.7654
v -45.7750 31.3295 11.3154
v -46.0805 29.4443 11.2355
v -47.5119 27.9759 10.3154
v -48.8637 26.8797 9.1854
v -47.4420 27.6711 11.1954
v -49.8416 26.0449 10.3755
v -50.5496 25.7629 10.7954
v -41.5172 41.0617 17.8454
v -42.5702 41.1005 17.0254
v -42.6216 40.7408 18.2654
v -45.6928 34.2306 13.9454
v -44.5311 33.7413 13.8655
v -41.7076 35.0815 15.4054
v -44.6064 34.4086 14.5055
v -42.9245 34.6356 15.5154
v -49.2288 27.4223 14.5654
v -50.0476 26.4400 12.2954
v -48.2644 27.2003 13.7555
v -47.2638 27.5002 13.6954
v -41.8699 40.4174 19.3354
v -44.1915 39.1343 19.0854
v -43.4495 39.8405 19.0754
v -42.4742 39.9014 19.6654
v -43.4034 39.3214 19.5554
v -41.8954 39.3767 20.5254
v -44.9185 37.4211 19.0554
v -44.2492 38.0235 19.4554
v -44.5315 37.5184 19.2854
v -49.4146 27.8614 15.2455
v -49.2412 28.3743 16.0154
v -43.8237 37.7362 21.9754
v -43.4258 38.1397 21.2054
v -42.8257 38.8577 20.2254
v -46.0581 36.7799 19.4554
v -46.1036 36.5445 20.2754
v -46.1577 35.9641 21.1255
v -45.2452 36.9011 21.2054
v -47.6529 30.9885 19.5154
v -45.8440 33.1733 21.9855
v -47.6308 30.1884 18.7555
v -48.5850 29.3230 17.4154
v -46.9484 28.5742 17.4855
v -45.1068 36.1546 22.3154
v -46.6320 35.1399 21.1654
v -45.4829 35.2842 22.3555
v -44.6783 36.5908 22.4955
v -44.4713 36.9138 22.6055
v -45.5066 35.4801 23.9654
v -44.7809 36.5140 23.9855
v -45.7871 34.9742 23.7954
v -44.1579 37.2592 23.9955
v -47.1387 33.0517 20.9254
v -45.7736 33.7356 22.2654
v -46.4579 33.5140 23.9654
v -46.3398 32.0449 23.0254
v -46.3566 33.0097 23.2455
v -45.5685 32.2868 21.6654
v -45.6318 35.1765 25.1155
v -45.0483 35.8588 25.3855
v -46.9743 32.2094 24.5055
v -46.6358 33.4636 25.4855
v -47.1447 32.1084 25.0754
v -47.6019 30.7759 25.6355
v -47.3991 30.2239 24.9154
v -46.5292 33.4605 26.4354
v -47.1464 32.2940 26.6854
v -46.1062 33.7181 27.2054
v -46.9262 32.1468 27.9454
v -45.9938 32.8932 28.6055
v -47.7791 30.8158 26.8555
v -48.2013 28.6913 26.6155
v -47.8415 30.3921 28.3154
v -48.3609 28.1357 30.8354
v -49.3087 26.5775 30.6155
v -53.4711 21.7698 42.1854
v -53.1258 21.2688 41.1055
v -53.6241 21.2938 41.7355
v -52.8783 20.7588 40.1954
v -53.7147 20.7708 41.3555
v -52.6741 19.8868 39.4154
v -54.5069 19.9088 41.9754
v -54.2504 22.1138 43.2954
v -53.1117 22.3618 43.0154
v -53.0414 22.6428 43.7154
v -53.6461 22.8865 44.3354
v -54.6654 21.1198 42.6954
v -54.4605 18.8648 41.9754
v -54.9511 18.4138 43.0254
v -52.4451 22.9385 46.0854
v -54.0784 24.1682 48.5554
v -54.9107 17.9318 43.5554
v -53.9227 23.9037 49.1454
v -51.2066 21.9828 45.8054
v -57.7453 16.3798 44.7854
v -57.2659 16.7508 45.1055
v -56.8126 17.0918 45.5554
v -56.1713 18.2198 46.5055
v -56.3324 16.7008 46.1355
v -56.6057 15.3668 45.3254
v -54.9562 17.5188 45.6454
v -55.7728 18.1338 46.8755
v -55.8061 18.1798 47.5055
v -56.0420 14.4698 46.3154
v -56.0486 17.9368 48.3354
v -56.1552 16.4828 47.6854
v -58.4832 13.2308 43.8954
v -59.5524 13.2038 44.4154
v -59.4510 12.1988 44.2054
v -56.8527 12.4748 44.0055
v -59.8546 11.1608 44.8354
v -58.9536 10.7778 43.6754
v -57.5541 9.3688 42.9154
v -58.4729 10.3248 43.3555
v -56.6231 7.7308 42.4754
v -59.6087 9.6788 44.8655
v -58.7127 8.3438 43.4855
v -58.8422 7.5858 43.9154
v -59.2146 8.2788 44.6255
v -54.3937 23.8227 50.2954
v -54.1180 22.4978 50.6754
v -53.2522 22.0428 49.8054
v -52.4537 21.9928 48.6954
v -54.2252 19.9968 50.0954
v -55.1179 20.2258 50.6255
v -55.6199 19.8288 50.4254
v -54.4523 19.2378 49.5654
v -54.1432 20.8588 50.4955
v -55.8362 18.8408 49.5254
v -56.2570 17.8538 48.9054
v -57.2264 16.6718 49.7054
v -56.4298 19.5158 50.3954
v -56.6459 15.1158 48.2154
v -58.6603 14.4928 48.8855
v -58.9502 14.2938 48.8354
v -58.7499 14.2608 48.6554
v -57.0559 14.2758 48.3855
v -59.9113 11.3718 46.4354
v -58.5232 11.0358 47.7355
v -57.6899 8.4578 47.1554
v -60.0290 11.5178 46.1355
v -59.0496 8.9588 46.3855
v -55.3476 22.0528 51.6654
v -56.5142 21.1678 51.7854
v -55.6033 21.4998 51.6155
v -57.4307 18.1368 50.6255
v -59.0189 14.1018 50.6654
v -59.7372 13.1168 49.3655
v -60.0873 12.3718 50.0654
v -60.2816 11.9628 50.5654
v -60.0636 13.5018 51.8855
v -60.6701 12.5588 52.4955
v -61.0619 10.9668 52.6954
v -61.1526 10.9678 50.7954
v -62.7970 8.0978 54.5254
v -61.8648 9.8448 54.1654
v -62.9163 7.9288 56.3454
v -64.2835 5.8438 58.4354
v -64.5841 5.1168 62.3054
v -64.3799 5.7578 62.1454
v -65.3169 3.7458 65.5854
v -64.6726 5.2768 64.1754
v -65.7028 3.2458 66.6454
v -64.9233 4.5388 66.8655
v -65.4634 5.2668 69.3354
v -66.1747 2.8028 68.0254
v -65.7219 2.8488 69.0554
v -65.0568 3.4958 71.5254
v -66.2031 3.1108 66.2054
v -66.0162 2.4438 70.7854
v -65.6504 2.6808 70.5954
v -65.5576 4.5538 74.1654
v -67.0412 2.3178 71.4955
v -65.0449 3.7228 74.0754
v -66.2708 2.0858 72.8454
v -65.1842 2.9658 72.3154
v -65.3317 2.4908 74.0554
v -65.5375 2.2688 73.9654
v -61.1951 18.0238 92.8655
v -59.8245 17.2788 92.2054
v -57.4569 17.3208 91.9855
v -56.9675 16.8778 91.6155
v -60.4248 15.4298 92.9254
v -61.4400 15.5358 93.6854
v -58.4860 16.4968 91.7154
v -59.9480 15.6458 92.4354
v -59.0627 16.0128 91.9054
v -60.6883 16.0208 95.3054
v -58.8947 18.1428 93.8254
v -59.4668 17.1958 95.2654
v -59.0467 16.6728 95.2555
v -62.3611 15.7928 94.1954
v -60.0175 15.0558 93.8555
v -57.8834 14.7768 94.2054
v -57.2875 15.3688 94.7455
v -58.6527 -6.7662 -23.4346
v -58.8720 -7.2772 -23.6746
v -58.7295 -8.2462 -24.0546
v -59.2784 -8.7162 -23.9546
v -58.3486 -3.5512 -21.0346
v -58.6584 -3.5982 -21.5446
v -58.1021 -4.0722 -20.8146
v -57.8148 -5.6212 -21.7246
v -57.8631 -6.3482 -22.6145
v -57.8175 -5.4822 -21.0746
v -59.5027 -10.3392 -22.7946
v -59.2339 -10.4222 -24.0145
v -66.8900 -21.2922 -26.4146
v -65.7496 -20.9762 -25.7645
v -66.4266 -22.4632 -26.6046
v -68.2416 -25.5442 -27.2645
v -67.1521 -23.3762 -27.0145
v -67.7614 -24.7232 -27.3046
v -66.7392 -23.9082 -26.9945
v -66.3173 -23.8982 -26.5246
v -66.5321 -25.0732 -26.8346
v -68.0444 -26.8312 -27.7946
v -67.2308 -27.9092 -27.6846
v -68.8244 -28.5502 -27.7445
v -68.4889 -29.1942 -27.8246
v -34.1862 50.1258 -0.9846
v -33.8581 48.6701 -1.1646
v -58.9882 -6.0722 -19.6946
v -58.2864 -4.3482 -19.6546
v -60.2275 -7.5252 -20.9346
v -59.5493 -8.1902 -20.8645
v -58.3665 -7.7572 -20.6445
v -58.5413 -8.9142 -21.0646
v -58.3711 -11.6352 -22.4346
v -65.9122 -22.4472 -25.1846
v -67.6609 -24.0942 -25.0746
v -67.1668 -23.7062 -24.8346
v -68.6671 -26.1632 -26.8645
v -67.7082 -25.6722 -25.4146
v -66.6980 -25.3572 -25.6746
v -68.4362 -26.6182 -25.9846
v -66.9032 -27.4032 -26.4846
v -67.4022 -27.9792 -26.1145
v -68.9499 -29.2522 -26.6746
v -68.5831 -29.1072 -26.2846
v -68.4451 -29.5172 -26.2645
v -68.8681 -29.2532 -27.6145
v -33.7089 51.5819 1.3755
v -32.8350 49.4871 -0.8645
v -32.5139 51.3875 1.8755
v -33.3390 51.9225 2.7754
v -30.1931 46.7445 -0.1946
v -32.7336 52.2392 5.1554
v -31.1852 44.4229 2.4554
v -31.5657 52.1055 6.2854
v -33.5621 44.5302 3.5854
v -35.9196 44.7421 5.0454
v -60.1766 -10.3692 -14.0346
v -59.5774 -5.9122 -12.1245
v -59.2582 -4.8332 -11.1946
v -59.8100 -9.4052 -13.2645
v -59.6117 -6.9432 -10.4846
v -59.8940 -11.4132 -12.1646
v -60.8840 -10.5632 -14.5946
v -62.4907 -9.6512 -14.1345
v -62.3303 -11.5582 -14.8146
v -61.8790 -9.8242 -14.4546
v -63.1659 -14.0062 -14.6245
v -63.2924 -15.3732 -14.3346
v -62.7056 -12.3512 -14.7946
v -62.7824 -14.2942 -15.2445
v -63.1622 -17.8962 -15.1846
v -63.2705 -15.7932 -14.1145
v -62.4615 -14.6732 -15.5846
v -62.3632 -17.5612 -16.3046
v -63.1798 -17.9782 -14.8945
v -37.1779 45.0375 5.8154
v -37.0482 44.8971 7.3655
v -36.1054 44.5668 6.2254
v -59.0146 -2.8502 -9.1345
v -60.0358 -4.8662 -8.8745
v -60.8212 -5.8482 -8.9846
v -60.1072 -8.7142 -10.6646
v -61.1555 -9.6672 -10.4846
v -61.1303 -14.9062 -12.3346
v -63.0900 -12.6422 -12.4346
v -62.7495 -14.1362 -12.4945
v -34.8182 51.7069 10.8954
v -32.4183 51.7124 10.1055
v -32.5775 50.9206 11.4654
v -37.4612 45.1299 9.5354
v -36.5298 44.9567 9.3655
v -36.8750 45.0375 9.9354
v -35.9642 44.5770 8.4554
v -36.0680 50.6782 12.0354
v -32.8382 49.8276 12.3655
v -36.5431 49.7427 12.4354
v -36.0170 49.1217 12.5854
v -35.0636 49.3810 12.5854
v -33.5658 49.0404 12.6355
v -36.2591 47.5383 12.5354
v -34.8410 46.9772 12.3154
v -36.8211 47.7688 12.5954
v -37.3148 45.8577 11.7654
v -37.0220 46.5819 12.3154
v -36.2286 46.8761 12.4254
v -36.1664 45.4249 11.5154
v -38.9506 45.7025 10.6255
v -37.3092 45.2176 10.5154
v -40.7720 37.4058 13.4154
v -40.0905 40.7231 15.8555
v -38.9915 40.2261 15.8254
v -42.9453 35.8951 12.3454
v -43.6849 35.2617 12.3755
v -41.8604 35.5694 14.0454
v -44.5294 30.0343 12.9154
v -40.3553 40.9854 16.4955
v -40.3886 41.0931 17.4454
v -39.5052 40.9945 18.2254
v -39.1475 40.8198 17.0055
v -39.1527 40.9301 17.6454
v -46.1069 28.2751 12.8454
v -44.8092 28.5375 15.6554
v -40.3356 40.7811 19.2654
v -40.8736 40.4867 19.7254
v -40.2063 40.5166 19.8555
v -39.1340 41.0819 19.8755
v -39.4699 40.9681 20.7254
v -43.8655 29.0014 18.7555
v -42.7796 29.2680 18.0954
v -42.1670 39.2798 22.3254
v -41.9452 39.4473 21.4754
v -42.5223 38.9903 21.5654
v -41.0397 40.0686 21.4754
v -41.5476 39.7168 22.2355
v -40.2760 40.5283 21.0954
v -38.9835 41.1958 21.4955
v -39.5252 40.8600 22.2555
v -42.6867 29.8895 21.4554
v -44.4675 29.3018 19.6454
v -41.4031 39.4692 24.0854
v -42.6767 38.6570 23.9654
v -40.7522 39.7556 24.2754
v -40.3909 39.6610 24.9454
v -41.2112 38.7914 25.8454
v -46.2897 30.9740 23.1155
v -46.1165 30.0021 23.2455
v -44.3271 30.6608 21.5454
v -45.8668 29.1511 23.4154
v -44.7855 30.4866 22.0454
v -42.6412 38.2779 25.1454
v -42.3839 37.8010 26.3154
v -41.9746 37.3299 27.2455
v -43.4452 37.6088 25.1454
v -44.6970 35.6500 26.6554
v -42.7274 37.0463 27.0354
v -47.2991 29.5389 24.7854
v -46.5434 27.9207 24.5254
v -44.4664 35.2696 27.5554
v -43.6166 35.5126 28.0854
v -42.2825 36.2477 28.1954
v -43.2473 35.0202 28.8154
v -45.0760 35.0092 27.0654
v -45.2709 34.1099 28.0454
v -44.5634 34.3149 28.5754
v -48.1562 28.0323 26.4754
v -47.8084 27.3213 26.0654
v -47.4264 26.9805 25.7555
v -47.7067 24.5359 27.2054
v -46.7969 25.5344 25.9855
v -42.8936 33.8506 29.8855
v -45.3927 32.7019 29.4654
v -44.2559 33.0814 29.9154
v -47.7372 28.7299 31.0854
v -46.8142 29.3365 31.4054
v -49.1243 26.0341 28.6554
v -49.1323 25.0340 28.7455
v -48.4808 25.8183 27.4754
v -48.8555 24.6754 28.4054
v -48.4535 23.8547 28.2754
v -47.5865 23.4796 27.7555
v -48.1496 27.3668 32.2654
v -45.4676 29.4841 32.0154
v -49.1640 26.5565 31.5754
v -50.0190 24.6257 31.2954
v -50.0908 24.0316 31.1454
v -49.8809 23.7951 30.5055
v -48.8477 22.5368 29.4855
v -48.6092 25.3977 34.5254
v -47.3932 27.0427 33.2854
v -49.9553 24.2468 34.6654
v -50.4137 23.8682 33.2355
v -50.1203 22.5888 31.4454
v -50.4224 22.4588 32.2954
v -49.1699 21.9928 30.2455
v -49.6195 24.1545 35.5854
v -48.9488 24.2654 36.1155
v -50.3142 24.0497 33.6155
v -50.8738 22.5408 35.9754
v -50.7166 22.2348 33.4354
v -50.3156 21.4328 32.7154
v -50.8133 20.7798 34.9754
v -49.8058 20.9848 32.0854
v -50.4210 20.7008 33.7754
v -50.5819 22.8600 36.7355
v -49.7848 23.3936 37.1754
v -48.8852 23.8540 36.9754
v -49.7526 23.0009 38.4855
v -51.3349 21.1668 37.7754
v -51.3201 21.3878 38.1355
v -52.0418 21.7308 40.2654
v -51.6109 21.5718 39.0654
v -49.8635 22.6628 39.6454
v -52.0746 20.5148 38.7355
v -51.0450 20.4358 36.4154
v -51.5209 18.4308 38.0654
v -51.6722 18.8408 38.0554
v -50.7420 19.5648 36.5954
v -52.3982 21.7178 40.8154
v -51.7106 22.2668 41.7054
v -51.7348 22.3948 42.6654
v -50.1692 22.4878 40.4855
v -52.7191 18.3338 39.6854
v -53.5745 17.5688 41.5354
v -52.4660 16.9358 40.6754
v -52.0788 16.9498 40.1255
v -50.9344 22.1888 43.8054
v -54.0542 18.0228 41.8655
v -53.3317 16.8238 42.3555
v -52.8307 16.4788 42.3755
v -53.4692 16.6968 43.2455
v -50.3706 21.4728 44.9154
v -50.2159 21.1448 45.1754
v -54.3066 17.2008 43.8154
v -54.1546 17.0528 45.3755
v -52.9726 16.4018 43.5854
v -56.5449 10.1698 43.2954
v -54.9859 5.4588 41.9554
v -55.8762 9.4938 43.4154
v -52.5759 21.2678 49.1355
v -51.6460 20.8738 47.9754
v -51.6960 19.5318 47.9754
v -53.6741 17.7868 47.6255
v -54.1423 17.2638 46.3655
v -52.5063 17.2488 46.5954
v -53.2342 18.9378 48.7854
v -52.8928 18.0668 47.8054
v -52.5387 18.7898 48.2754
v -56.2083 13.7678 47.3755
v -56.4581 13.4328 44.7455
v -55.8932 12.8808 46.6155
v -56.0403 12.2218 44.7555
v -55.8237 12.7718 45.9754
v -55.5616 11.3548 46.0254
v -58.5922 9.0158 43.3454
v -56.5457 5.1348 41.9354
v -58.0821 8.2278 42.9554
v -58.0786 6.1318 43.1155
v -58.6667 6.7748 44.0854
v -58.7165 6.8448 45.0254
v -58.3520 5.8068 44.5554
v -56.7690 11.9468 47.7854
v -55.9182 11.4708 46.9154
v -58.4713 8.8748 46.9254
v -56.0152 8.4508 46.9855
v -55.6872 4.7738 46.2754
v -57.6224 6.3158 46.2754
v -57.2634 6.4188 46.5254
v -58.2458 5.6668 44.8555
v -55.3041 16.8578 91.5055
v -57.1927 15.6628 91.4554
v -58.2031 15.6868 91.7254
v -56.1489 17.5758 93.6055
v -55.1158 17.3878 92.1954
v -58.4611 17.7678 94.4554
v -58.7720 14.7318 93.0854
v -57.0474 15.9038 94.8755
v -50.3740 36.4094 110.5154
v -49.6110 35.9232 109.8954
v -50.5261 36.1620 110.4354
v -48.0803 34.3697 108.3154
v -50.2614 36.9201 111.2754
v -50.4997 36.6968 110.8655
v -50.3168 36.6578 111.8354
v -50.0617 36.7548 111.9054
v -48.6152 33.6211 109.2954
v -50.8003 35.0889 111.3855
v -50.9568 35.5579 111.8954
v -50.4460 35.2680 112.1055
v -50.1580 35.1608 112.0354
v -57.2179 -8.7032 -23.6445
v -57.4872 -8.6162 -23.9046
v -57.1478 -10.1452 -24.5946
v -57.8522 -9.5102 -24.5346
v -59.1987 -9.4652 -24.1046
v -55.8680 -12.6002 -25.1046
v -56.5995 -9.9772 -23.7246
v -58.4825 -11.5982 -24.7645
v -56.8576 -11.7732 -25.2645
v -57.1576 -8.0722 -22.4646
v -57.3899 -7.5062 -21.7545
v -56.8609 -9.5782 -22.4346
v -59.3757 -10.2102 -22.2946
v -57.7152 -10.1052 -21.7046
v -57.2990 -9.2342 -21.8146
v -56.3470 -12.0532 -22.8845
v -56.6577 -12.3162 -22.6946
v -58.6823 -12.2292 -23.3745
v -58.8682 -11.6092 -24.2146
v -57.8666 -12.7072 -25.2046
v -66.9907 -28.0272 -27.2746
v -32.7975 48.8330 -1.0045
v -28.9819 48.6053 -0.2246
v -67.1139 -27.7132 -26.2846
v -32.0675 50.7054 0.7154
v -30.7496 51.2715 2.5055
v -29.8824 49.5820 0.1155
v -31.6151 45.9772 0.5254
v -30.1876 46.1245 0.2154
v -30.5724 51.6454 3.8755
v -25.8258 51.4083 5.3655
v -61.3227 -13.8052 -15.6046
v -61.6379 -15.2532 -15.9846
v -61.3177 -16.0212 -16.1746
v -60.4807 -11.1062 -14.5145
v -60.8586 -17.1962 -16.3346
v -61.3196 -18.2442 -16.7046
v -61.6148 -20.3662 -17.1345
v -33.7672 44.2503 4.4154
v -59.6207 -9.7662 -12.3645
v -59.9691 -15.0312 -14.8645
v -59.8354 -16.1812 -14.4746
v -60.0077 -15.0962 -13.3246
v -63.1316 -16.9062 -14.0246
v -62.9299 -18.4612 -15.8945
v -62.9269 -21.0582 -15.2246
v -63.0531 -18.4942 -15.6145
v -62.3959 -25.3032 -15.7645
v -62.6249 -20.4282 -16.5846
v -62.9906 -20.8652 -15.5045
v -62.6820 -22.0862 -16.6546
v -62.1470 -21.4962 -17.1245
v -30.2565 51.7969 8.6654
v -35.9366 44.4537 7.4855
v -34.6566 44.0853 6.0854
v -34.5141 43.9738 7.6554
v -32.8005 43.6631 5.4154
v -33.5458 43.7011 6.5254
v -60.3745 -12.0062 -11.7645
v -60.7555 -17.8302 -13.3346
v -62.7861 -18.7492 -14.0746
v -62.2204 -20.3702 -14.0546
v -61.5761 -20.3772 -13.8546
v -61.3053 -18.2832 -13.2846
v -62.1746 -24.7822 -15.2846
v -35.9591 44.8906 10.0854
v -34.1863 44.2012 9.3354
v -34.4518 44.5410 9.9855
v -33.1536 47.8104 12.7154
v -30.6400 46.0577 12.5754
v -34.4903 46.2451 11.9754
v -34.2764 45.0981 10.9654
v -32.9231 44.3335 10.3954
v -36.2447 45.1668 11.0254
v -38.0200 39.4599 15.8154
v -37.3780 40.0672 16.2355
v -37.7711 39.3074 15.9454
v -37.9980 37.4885 15.5354
v -37.7031 37.9912 15.6954
v -37.2862 41.2562 17.7754
v -37.7829 41.3087 18.3154
v -37.6669 41.4526 18.6754
v -35.9528 41.3257 17.4154
v -35.8739 41.6256 18.1255
v -37.2128 40.6358 16.7054
v -39.4159 35.7884 15.8254
v -39.8230 35.1142 16.8454
v -38.8200 36.0088 15.9855
v -37.8897 33.8462 18.3354
v -42.1929 31.7851 14.6255
v -43.3455 29.8026 14.9754
v -41.8529 31.0138 15.5354
v -37.6727 41.6833 19.9855
v -37.7726 41.7017 21.2154
v -36.1453 42.0457 21.2954
v -35.8403 41.9451 19.4554
v -41.0597 30.3252 17.7254
v -42.9315 29.4736 16.5454
v -38.0679 41.4499 22.6654
v -37.4714 41.3933 23.7054
v -37.1666 41.7543 22.5954
v -36.0582 41.6302 24.0354
v -36.0983 41.9726 22.5454
v -41.3412 29.7144 20.3454
v -41.3782 29.8138 21.2954
v -38.3253 40.5098 24.9154
v -39.8585 39.5083 25.6454
v -38.7945 39.6953 25.8855
v -44.2139 29.6237 22.2754
v -38.7406 39.2096 26.4554
v -36.1160 41.0059 25.1355
v -39.3090 38.1629 27.3254
v -35.5993 40.7569 25.4955
v -39.3956 39.1990 26.2854
v -45.0578 27.4378 23.9554
v -44.8083 26.0193 24.8755
v -40.4155 37.3254 27.8655
v -41.4079 36.6842 28.1554
v -40.8817 35.1884 29.2954
v -38.9073 37.0387 28.0854
v -40.3492 34.9237 29.3855
v -41.5973 36.9337 27.8555
v -46.7979 24.2663 26.7754
v -46.2306 24.0420 26.6854
v -44.4087 25.3555 25.3454
v -42.9038 32.5662 30.6954
v -43.4009 28.3798 32.8555
v -45.9223 23.3620 27.1055
v -48.1953 22.4108 28.9554
v -47.3649 22.6258 28.2355
v -45.6239 22.6818 27.6454
v -45.8887 22.2068 28.1055
v -44.0759 30.2882 31.8354
v -45.0383 28.4303 32.8354
v -47.2961 20.9338 29.7455
v -47.9203 21.0568 29.9354
v -45.9961 26.6276 34.0854
v -44.0098 27.8585 33.2154
v -44.7166 26.5261 34.1255
v -48.9501 21.1348 30.7154
v -49.1362 20.8378 31.2455
v -48.3625 19.7538 31.7754
v -48.8565 19.5598 32.5754
v -47.4659 19.5018 31.5754
v -46.7035 25.3456 35.2654
v -46.9615 24.3219 36.5055
v -45.7526 24.6528 35.8755
v -49.8970 19.7308 33.9754
v -49.3177 19.4408 33.3954
v -48.7195 18.6988 33.9754
v -47.5346 18.8528 32.6754
v -47.8448 18.3978 33.7555
v -47.9082 23.3508 38.2954
v -46.9637 23.7621 37.3254
v -47.2255 23.3543 38.1155
v -50.1589 18.8898 36.2355
v -49.7292 18.3838 36.2054
v -48.8947 17.9918 35.9654
v -47.7307 23.0071 42.0154
v -46.4130 22.3298 48.9955
v -46.7305 23.1784 39.1155
v -50.9177 18.2208 37.5055
v -50.0459 17.8528 36.9654
v -50.0816 17.2128 37.7355
v -50.9451 16.9888 38.7854
v -49.6338 16.8128 38.0654
v -50.5071 16.5618 39.0954
v -48.8611 22.6518 42.6554
v -49.8898 21.9068 43.2254
v -47.6773 22.5058 46.2854
v -48.5736 22.3388 45.4554
v -51.5072 17.2568 39.0554
v -51.4531 16.2698 40.7254
v -49.6459 16.2918 39.1954
v -49.9257 15.9648 40.6355
v -51.7538 16.0278 42.8555
v -50.2589 16.2058 43.4354
v -50.7863 16.0478 43.3054
v -49.4533 21.1618 47.2054
v -49.0248 21.5978 47.3855
v -48.5039 21.8998 47.8755
v -50.0414 19.6238 46.4054
v -50.1104 18.4628 45.8555
v -50.7506 19.4488 46.8855
v -50.8939 17.6938 46.1554
v -50.4325 17.1108 45.1754
v -51.2152 16.9808 45.6055
v -49.8105 18.6248 45.9955
v -49.9535 17.0658 44.6255
v -52.6930 16.5998 45.2455
v -54.7832 5.9508 42.2854
v -56.0151 4.6348 41.6854
v -55.6014 4.8018 41.6554
v -55.6178 3.3028 41.3954
v -55.8091 2.9088 41.4554
v -48.5168 21.2718 49.9154
v -49.1498 20.7938 49.0654
v -49.4704 19.5788 49.0454
v -49.4228 18.2578 47.1854
v -48.8949 19.7208 51.0654
v -54.9551 9.2648 45.0454
v -53.6973 5.9838 43.9254
v -53.9862 6.4858 44.9254
v -57.3751 4.0708 42.7854
v -57.2922 3.3478 43.2654
v -57.4291 3.5498 43.9154
v -56.6033 3.0668 42.0854
v -57.0429 2.9108 44.1554
v -49.0480 19.2458 50.6155
v -54.8741 7.1878 46.1554
v -56.1884 4.3778 46.0654
v -57.5122 4.0458 44.6355
v -56.4924 3.6408 45.5854
v -56.7345 2.9908 44.8555
v -54.4811 17.4658 92.9654
v -53.6959 15.9478 91.0354
v -54.5171 15.6218 91.0654
v -55.4937 15.6838 91.1554
v -56.2258 14.3298 92.2355
v -54.6771 17.2068 93.8054
v -56.0352 17.2158 94.1754
v -54.2410 16.1418 94.4955
v -54.9199 16.7808 94.2854
v -54.8029 15.6748 94.6055
v -52.6258 16.6698 94.0854
v -52.8210 14.8848 94.3154
v -55.3892 14.0648 92.6554
v -55.2634 14.2258 92.0854
v -56.0372 14.1388 92.8555
v -51.5603 14.1678 93.7254
v -47.2516 35.2554 108.6654
v -47.1077 35.4924 109.3755
v -47.7616 35.7366 110.5554
v -47.4003 35.1371 110.8054
v -47.2936 35.3170 110.5554
v -48.7593 34.0411 109.0454
v -47.0497 32.8808 107.2355
v -47.0762 32.3931 107.7455
v -48.8748 34.1868 111.1454
v -49.2758 34.8604 111.7455
v -47.7948 33.5465 110.5654
v -47.3690 32.9016 109.8354
v -57.0454 -12.9442 -25.6145
v -57.4474 -12.8142 -25.4546
v -55.6934 -13.6052 -25.6046
v -55.8812 -14.0562 -25.8945
v -57.5203 -13.8272 -25.3845
v -57.5973 -14.2002 -25.1746
v -56.4649 -14.6072 -25.9846
v -56.5492 -16.1982 -25.7346
v -56.9563 -15.8682 -25.1046
v -56.8215 -14.1362 -23.1846
v -55.4410 -16.2642 -23.7946
v -55.4224 -17.5002 -24.2445
v -28.4405 50.9856 2.5754
v -28.5817 49.5823 0.4554
v -27.3405 50.3394 1.7355
v -28.7688 49.1089 0.0454
v -29.3451 47.7996 -0.4046
v -28.3908 51.2195 3.2654
v -31.4287 44.0564 3.2654
v -30.4268 44.5363 1.9955
v -60.6808 -20.4782 -17.0045
v -61.1672 -23.7752 -17.7746
v -60.8730 -21.6552 -17.3346
v -25.8837 51.5216 6.6355
v -31.6449 43.7517 4.0854
v -31.1984 43.4053 4.7254
v -59.7949 -20.4182 -15.4146
v -59.8823 -20.4432 -16.0646
v -60.1150 -18.5542 -14.1245
v -59.8522 -23.3762 -15.4646
v -60.0278 -24.0902 -17.2946
v -62.8122 -22.9352 -15.9346
v -62.3545 -23.4262 -17.2046
v -62.6400 -23.8842 -16.7445
v -62.2298 -26.1262 -17.4746
v -62.4024 -26.9152 -16.7445
v -61.7466 -23.5652 -17.6245
v -62.3720 -26.9072 -17.0546
v -26.2305 51.2879 9.3254
v -28.1620 50.9853 10.7654
v -25.9628 51.5261 7.5554
v -33.3132 43.6098 7.1754
v -32.0604 43.3021 6.4154
v -32.1603 43.3205 7.6454
v -27.0373 42.0307 6.7854
v -60.7943 -21.6202 -14.2645
v -61.6857 -25.0742 -15.0446
v -60.7003 -25.8242 -15.1345
v -29.3653 50.5437 11.6854
v -32.4566 43.6946 9.2355
v -31.7890 43.8471 10.0254
v -32.1809 43.4570 8.6155
v -29.9105 49.0679 12.8254
v -29.2600 48.3707 13.0454
v -29.5366 49.7869 12.4154
v -28.3829 49.4384 12.5654
v -30.0628 47.3680 13.0254
v -31.7737 44.8559 11.4754
v -30.3803 45.0919 12.0154
v -35.9269 40.4508 16.2254
v -34.8715 40.6077 16.4054
v -34.1415 40.8284 16.8555
v -34.7180 41.0382 16.9654
v -36.1219 40.8223 16.6454
v -36.1839 39.0706 15.5454
v -34.7123 39.3972 15.6854
v -35.8806 37.6173 15.6654
v -34.8369 41.8734 19.0055
v -34.8829 41.9953 19.6554
v -33.3027 41.5601 18.7954
v -33.3822 41.2224 17.8954
v -33.2844 41.8087 19.9154
v -36.9057 36.2866 16.4154
v -35.8916 36.3065 16.3354
v -36.0347 34.8066 17.5055
v -38.7560 35.3687 17.4154
v -38.2469 34.4670 17.9454
v -37.6406 33.6939 18.4654
v -34.7319 42.0431 22.5055
v -34.6572 42.0896 21.9054
v -37.7187 31.6788 19.9254
v -34.9396 41.8183 23.6654
v -38.4989 30.8395 20.5254
v -40.3940 30.1061 19.6754
v -38.7695 30.4120 21.3154
v -39.9467 30.0805 21.3254
v -34.8629 40.9022 25.3555
v -42.5131 27.8137 23.5055
v -39.9060 29.5677 22.1554
v -37.6444 30.6758 21.2754
v -39.9949 28.8733 23.2355
v -36.7000 39.3168 26.5254
v -42.2459 27.1132 24.2854
v -41.2445 27.2193 24.8154
v -37.1379 37.8352 27.3555
v -36.8423 36.2812 27.6954
v -38.2650 35.6477 28.4654
v -38.2857 34.9261 28.6255
v -39.2354 33.7532 29.3655
v -38.5103 33.2424 28.8755
v -36.8408 34.2678 27.5854
v -38.3209 31.6493 28.2455
v -41.6319 26.5019 25.3755
v -43.1276 24.2582 26.5954
v -40.7532 27.0060 25.7954
v -41.4825 25.6338 26.5954
v -43.6377 23.9043 26.7254
v -44.5346 24.0595 26.4054
v -42.6564 28.5091 32.6454
v -40.2301 31.8306 30.3954
v -43.8037 22.4218 28.2455
v -42.6274 27.2559 33.1754
v -39.8086 30.3487 30.1654
v -40.8162 28.6738 31.5154
v -41.3833 28.0416 32.1654
v -46.0265 20.7858 29.6454
v -43.9638 21.5618 29.2455
v -44.3518 20.8748 29.9855
v -43.3549 27.1774 33.4654
v -42.9392 25.3711 34.2054
v -45.6244 19.7848 31.0554
v -44.8323 20.0418 30.9955
v -45.3253 19.2138 32.1754
v -44.0536 24.6136 35.2555
v -43.2141 24.2266 34.9855
v -43.7264 22.7058 36.4554
v -45.8120 18.4348 33.5354
v -46.7932 17.9408 34.4855
v -46.0159 23.6260 37.1654
v -46.0144 23.0744 37.9754
v -45.3113 22.5088 38.2954
v -47.0686 17.5628 35.6055
v -47.2536 17.3288 36.4554
v -45.2381 22.2338 43.5754
v -48.6622 16.7298 37.9254
v -47.5316 16.6918 39.0654
v -47.8263 16.8338 41.2355
v -47.1889 16.9748 41.3855
v -47.8705 17.0348 41.8954
v -46.2232 17.0618 42.2254
v -48.6140 16.3448 39.0954
v -46.0365 22.4568 46.2854
v -48.8843 17.4218 44.1554
v -49.1412 17.2748 43.8954
v -48.8764 17.0128 43.2654
v -46.6070 16.4878 51.0954
v -46.4990 16.8658 44.3154
v -50.0558 15.9198 41.8755
v -45.6469 22.2878 48.5055
v -44.5199 21.8178 48.3054
v -48.4880 17.2328 46.2054
v -52.8597 0.5228 40.5354
v -54.1105 6.1048 43.0254
v -52.8793 2.0238 41.2254
v -53.6696 0.2098 40.5055
v -53.2559 0.3768 40.4754
v -54.9244 -0.1782 41.3555
v -45.3547 21.9768 54.1255
v -48.0038 21.6678 50.1055
v -49.0031 18.0948 49.1155
v -48.5613 17.3718 47.7854
v -48.5870 17.6188 49.3954
v -51.9186 1.8668 43.6654
v -55.5888 0.1068 42.8655
v -55.8927 0.7748 42.3354
v -55.7209 0.7298 43.9254
v -54.7791 -1.1392 42.1255
v -45.9464 21.6638 54.8855
v -46.2966 21.4198 55.0754
v -47.8869 20.7978 52.7455
v -48.7032 20.2688 51.2254
v -48.3935 19.6698 52.7154
v -48.7242 18.3208 50.9354
v -48.2017 18.4288 53.1355
v -47.8860 17.6568 52.9754
v -47.6722 16.9758 50.6854
v -52.2817 0.3988 44.5154
v -55.3130 3.3718 45.8655
v -54.4970 3.6918 45.8655
v -55.3948 1.9108 45.1854
v -54.4177 2.3888 45.5554
v -54.4489 0.0038 44.4855
v -54.2671 -1.1802 43.6454
v -53.6963 0.2508 44.8154
v -46.1677 20.7278 57.4454
v -45.7584 20.0348 59.8755
v -47.7468 18.7308 54.8154
v -47.4381 18.0858 55.3555
v -50.8562 17.2838 92.3755
v -52.2320 17.0918 91.8555
v -50.8955 16.9068 93.8454
v -47.5364 17.2128 92.0554
v -51.8167 16.4338 91.1854
v -51.6432 16.0658 91.0154
v -52.8797 14.8738 91.1355
v -51.4887 15.6758 90.9554
v -53.5908 14.1888 91.7754
v -52.6712 14.0498 91.9254
v -53.9838 13.9858 92.2754
v -52.4898 13.8428 92.5354
v -45.9007 32.7932 105.8755
v -43.2902 30.1007 102.0254
v -45.1914 31.4555 104.7754
v -45.1772 34.2565 107.2854
v -45.7115 34.7095 108.2154
v -44.3639 33.7560 106.7054
v -45.5119 31.4251 105.3354
v -46.6796 35.1047 109.9955
v -46.0356 34.8991 109.1355
v -46.0471 33.6239 110.0154
v -47.0031 33.8663 110.5954
v -46.5712 32.3750 109.2854
v -45.9805 32.1777 109.0754
v -44.9776 32.4637 114.4254
v -46.1551 33.0685 117.4654
v -46.1726 33.9429 117.9754
v -54.7202 -14.6882 -24.4146
v -53.6213 -16.8472 -25.6245
v -55.1299 -15.3342 -26.1445
v -54.7652 -16.7482 -26.5045
v -55.7643 -17.9472 -25.3446
v -25.6717 50.5308 2.6954
v -25.7752 50.2054 2.1355
v -25.2571 50.9110 3.7954
v -27.2088 48.9688 0.4654
v -26.3664 47.9247 0.4354
v -28.1622 47.5350 -0.1445
v -27.9477 46.6287 0.1355
v -28.6737 45.8507 0.4454
v -26.8336 45.6033 0.8855
v -26.3766 46.5178 0.5854
v -26.2734 46.0682 0.7854
v -26.5077 44.9707 1.3655
v -26.6284 44.1334 2.0354
v -28.7431 44.9960 1.1754
v -25.1774 51.2950 5.4654
v -24.9248 51.1057 4.8454
v -30.4089 44.0219 2.8254
v -27.1750 42.6469 4.0854
v -30.6451 43.6718 3.6355
v -25.0632 51.3421 7.6854
v -30.1969 42.8964 5.7455
v -59.7294 -22.8382 -16.2545
v -60.2915 -23.3452 -14.9146
v -59.6084 -28.2332 -17.7545
v -59.3354 -30.5072 -17.8945
v -59.6011 -25.1442 -16.4346
v -59.6166 -28.3562 -16.2246
v -61.1812 -26.7102 -18.1946
v -60.6828 -25.6192 -18.0246
v -60.2787 -29.0792 -18.4446
v -61.2684 -28.3342 -18.3346
v -62.0910 -28.1962 -17.6046
v -61.6103 -29.7372 -18.1646
v -61.9273 -29.9112 -16.7046
v -61.8408 -31.1372 -17.2746
v -61.0536 -30.7472 -18.5546
v -60.3889 -32.2072 -18.7946
v -61.3919 -30.7202 -18.3446
v -61.5043 -32.3272 -18.1046
v -26.2024 50.8574 10.4855
v -26.4862 50.4001 11.2654
v -25.2784 50.6676 10.3154
v -27.0889 42.0971 7.7254
v -60.7930 -29.6762 -15.7846
v -59.9798 -27.2302 -15.7246
v -61.2205 -30.6442 -16.1046
v -27.5664 50.2986 11.6654
v -27.1243 49.2656 12.4554
v -30.4622 43.8621 10.6055
v -27.6109 42.7608 9.6554
v -27.3786 42.3815 8.7654
v -28.7091 47.4297 13.0954
v -29.1979 46.3500 12.8755
v -28.8677 44.7685 11.9955
v -27.8141 44.9233 12.1954
v -30.1876 44.7460 11.7555
v -33.2267 40.7136 17.1854
v -32.9626 39.7335 16.4955
v -32.4579 39.4365 16.7355
v -32.0228 39.7564 17.2854
v -31.8727 39.3611 17.2455
v -33.4272 39.3794 16.1055
v -34.6912 38.0266 15.6754
v -33.4131 38.0007 16.1355
v -32.4385 38.0639 16.7355
v -32.2494 40.8878 18.3454
v -31.9084 41.2849 20.3855
v -31.9310 40.9902 19.0554
v -32.0007 40.7110 18.3555
v -31.4085 40.8762 20.0754
v -35.4230 35.9427 16.6255
v -34.7311 36.0160 16.7154
v -33.1061 41.8390 21.8354
v -32.9383 41.6626 22.7654
v -31.6828 41.1765 21.0154
v -32.0519 41.3270 22.2355
v -34.4957 34.0348 18.5654
v -35.5140 33.9509 18.3555
v -33.5088 41.4182 24.1654
v -32.8795 40.7465 24.7654
v -32.0461 40.8488 23.6954
v -31.4189 40.6636 22.8354
v -35.8592 32.1236 20.0654
v -36.7251 31.1520 20.9354
v -35.8964 31.4902 20.8855
v -34.4073 40.4950 25.6654
v -33.0949 40.3826 25.2654
v -33.2513 39.3247 25.9354
v -33.6329 38.7156 26.2455
v -35.6892 37.3265 27.0754
v -33.4887 37.6159 26.2854
v -35.2257 36.1558 26.8855
v -35.8023 35.0162 26.9855
v -34.3588 35.0120 26.0354
v -37.3079 32.5158 27.3054
v -36.8563 32.2323 26.4654
v -37.8906 31.3997 27.3354
v -37.5343 30.9566 26.0554
v -38.4606 30.3016 27.2954
v -36.4733 31.4577 25.1155
v -34.6716 33.1142 24.8954
v -38.7812 29.2638 24.4955
v -39.1444 28.8910 26.2154
v -39.6463 28.3516 25.3755
v -38.6581 29.6190 26.4754
v -36.9235 30.5765 23.8954
v -40.1210 28.1561 24.6155
v -39.7727 27.8674 27.1155
v -39.3346 29.7596 29.1954
v -39.4059 28.9270 28.6754
v -39.5781 28.2324 27.8655
v -40.3984 26.7049 27.3655
v -41.2816 24.1630 29.1255
v -42.4497 23.7740 27.6454
v -41.9992 23.7251 28.2654
v -40.4447 27.9624 31.0754
v -39.8172 28.4391 29.7355
v -40.8425 24.8226 29.6654
v -41.7052 23.8151 28.6554
v -41.6092 23.5887 29.2455
v -41.1297 23.9574 30.6754
v -42.7529 22.4418 29.0854
v -43.1114 21.7008 29.7854
v -42.2254 21.9688 30.9554
v -41.6968 22.6768 31.2154
v -41.7780 24.4038 33.4654
v -42.4916 23.3297 34.6454
v -41.4597 24.4352 32.9054
v -41.7034 23.7308 33.3254
v -42.3492 22.6248 34.5154
v -41.8386 22.5338 32.9754
v -44.3358 20.3558 30.8054
v -43.1235 20.9008 31.2854
v -42.8732 20.5918 33.0254
v -43.7990 19.5708 33.2455
v -42.1242 21.7868 32.4955
v -43.0884 20.1498 34.7555
v -43.8726 19.9678 32.0654
v -42.8976 22.1878 35.6155
v -44.4508 21.5598 38.5654
v -43.2549 21.3698 36.5654
v -43.3549 19.8178 34.0055
v -43.3873 20.2938 36.9254
v -43.4498 19.5908 34.8755
v -44.3647 18.9268 33.9254
v -44.7174 18.3208 35.2854
v -44.0815 20.7148 38.7654
v -43.5474 19.5028 36.4054
v -43.8761 19.2048 37.8354
v -45.5642 17.8838 35.3354
v -45.9563 17.3648 37.0254
v -44.4407 18.2848 37.2054
v -44.5035 21.5628 39.1854
v -44.1250 20.6918 39.9955
v -44.1061 19.4978 39.4254
v -44.5663 18.3478 39.3855
v -45.9554 17.1778 38.5454
v -45.3625 17.5838 39.6854
v -44.7610 17.9828 38.6454
v -44.4539 21.6618 46.7254
v -43.7583 19.6598 43.9054
v -44.4418 18.3828 41.2954
v -45.3414 17.3968 42.4654
v -43.8109 20.7608 45.9354
v -43.1202 20.0048 48.4855
v -44.4525 17.9818 43.7054
v -43.8034 18.0868 46.6754
v -44.0438 21.5728 49.1454
v -43.4009 20.7388 48.7254
v -44.5951 16.9188 48.4454
v -51.6133 -0.3652 40.5154
v -51.5960 1.4398 42.3755
v -52.9438 -2.4382 40.3054
v -53.3664 -2.6232 40.8154
v -43.9648 21.9538 54.0754
v -45.3705 16.1368 54.0654
v -54.3791 -1.5302 43.0454
v -54.1029 -1.9492 41.4454
v -53.2191 -2.5552 43.2854
v -53.3756 -3.0762 42.2754
v -53.1277 -3.1942 42.6055
v -43.6092 21.7078 52.4955
v -42.8619 21.3078 53.2054
v -42.6906 20.7128 51.8555
v -47.2287 16.8658 52.6255
v -52.0614 -2.8492 43.6754
v -52.5471 -0.1812 44.5654
v -47.4651 17.1338 52.9654
v -46.5273 16.7138 55.1754
v -45.9931 16.3228 54.5754
v -44.0170 21.9448 57.8254
v -44.8578 21.7028 57.6055
v -46.7264 18.7108 57.8254
v -46.9265 18.3438 57.0954
v -46.5379 17.6658 57.6255
v -46.0260 16.6688 56.8054
v -44.5731 21.2458 60.9955
v -43.7893 21.9108 59.4254
v -44.0751 21.6318 61.1854
v -45.6158 19.2868 60.9855
v -45.0296 20.7868 60.8054
v -44.9482 20.2958 62.2754
v -46.0658 17.9478 59.3454
v -45.2875 18.4948 61.9654
v -44.2386 21.3278 62.3354
v -44.7153 20.1418 63.5354
v -47.0740 16.6528 91.3954
v -47.9739 16.1098 91.1355
v -46.8561 17.4628 92.8755
v -47.0110 17.2268 93.7254
v -49.1749 15.6558 91.0154
v -50.8308 13.8358 92.5454
v -50.3025 13.8478 92.9554
v -51.4385 13.9258 92.1355
v -50.2966 14.1198 91.7754
v -47.1524 15.6828 94.6355
v -48.1830 14.8568 94.3755
v -42.4486 31.2993 102.4554
v -41.7776 31.5424 103.2654
v -44.1477 33.3231 105.7054
v -42.0786 31.8448 104.5254
v -44.6796 34.0254 107.9554
v -43.9712 33.3492 107.6255
v -43.1641 32.7812 106.4054
v -45.6421 31.0558 106.7854
v -45.0155 31.1477 107.7154
v -44.5846 30.4295 106.5354
v -43.9845 31.9738 107.9855
v -42.9717 31.7934 106.8454
v -43.2448 28.9589 102.3454
v -43.8567 29.5533 104.9154
v -43.2638 31.6937 108.9554
v -43.6168 31.1313 109.0754
v -43.9626 31.9430 111.3555
v -42.5254 32.7937 110.9054
v -43.8377 33.2466 113.5754
v -43.0731 33.5246 113.7854
v -43.5702 32.8453 112.2854
v -43.6888 30.2083 108.8555
v -44.3693 30.8076 112.2954
v -44.7627 33.9471 116.0554
v -44.5114 35.0016 118.8454
v -44.6077 30.8762 113.5154
v -45.6140 31.6552 117.2555
v -43.0351 33.8444 118.5554
v -42.8577 33.9399 117.0454
v -46.5987 32.8241 118.8855
v -45.1967 31.2511 117.5554
v -44.0924 30.3411 115.6055
v -53.5356 -16.9782 -25.3246
v -25.0868 50.3746 2.7754
v -25.0335 49.6139 1.8755
v -24.6950 48.8677 1.6055
v -23.5578 49.5042 3.4254
v -23.3940 49.1249 3.3154
v -23.7308 48.2214 2.3054
v -25.1126 47.8706 1.0154
v -24.8896 46.2931 1.3855
v -24.6295 46.8511 1.4154
v -25.4002 45.8856 1.2254
v -25.0057 44.7634 2.0854
v -24.6903 50.7141 3.8655
v -23.8586 50.6789 5.5654
v -23.8468 50.5312 4.9254
v -23.3960 50.2500 5.5754
v -23.1933 49.8475 4.8954
v -25.9273 43.6200 2.6654
v -26.5915 43.6069 2.5854
v -27.1025 43.3041 2.9955
v -26.5753 42.5241 4.1654
v -24.5839 51.0698 8.3454
v -23.6941 50.6199 7.1654
v -23.7841 50.5997 8.0854
v -24.1685 50.6533 8.9554
v -23.6728 50.3188 8.6654
v -26.5362 42.1184 5.3354
v -59.8920 -32.5602 -18.7746
v -59.1667 -31.1672 -17.7046
v -59.6666 -29.6992 -16.2146
v -58.8067 -34.6162 -18.0946
v -58.7530 -34.8222 -17.5045
v -61.5978 -32.4362 -17.8346
v -61.4616 -33.5232 -17.4246
v -59.9757 -34.1802 -18.9246
v -61.0559 -34.2662 -18.4446
v -60.9585 -34.7232 -18.2146
v -24.6077 50.5831 9.7954
v -23.7563 49.5861 10.0554
v -60.1227 -32.5712 -16.2046
v -61.6261 -30.8822 -16.5446
v -61.0315 -34.6602 -16.9646
v -60.4439 -34.7232 -16.5045
v -25.9278 48.9527 12.3054
v -26.1621 48.5058 12.5754
v -24.9193 49.5083 11.3755
v -25.0661 48.9302 11.8454
v -24.0412 49.1294 10.8354
v -26.1854 47.7812 12.7455
v -25.2867 47.4999 12.3655
v -25.0801 47.7988 12.2054
v -26.5020 43.1708 10.5854
v -26.5562 43.9200 11.4254
v -27.4288 46.5805 12.8954
v -26.5701 46.2529 12.7254
v -27.1892 45.5584 12.5554
v -26.7423 45.0993 12.2954
v -26.2402 45.5214 12.4154
v -31.2235 39.4882 18.1055
v -30.7660 40.0515 19.6954
v -30.7086 39.3313 18.9754
v -30.6422 39.5366 19.3154
v -30.5056 39.3883 19.6055
v -30.8433 37.7242 18.8555
v -30.6211 37.3478 19.7455
v -32.1377 37.4201 17.2854
v -32.7257 36.2077 17.6355
v -32.4897 35.4710 18.5754
v -31.7115 36.5381 18.4154
v -31.0566 36.5960 19.4955
v -31.2023 40.7864 21.0354
v -30.7672 40.2926 21.0055
v -30.7380 39.9255 22.4955
v -30.2711 39.2130 20.9354
v -30.4467 39.1376 22.5254
v -30.2275 38.0759 21.2355
v -30.4378 37.7218 22.6854
v -32.8254 34.8252 18.9354
v -33.7224 33.7134 19.4054
v -33.5311 33.4941 19.8354
v -32.3129 34.6828 19.7654
v -31.8048 34.9909 20.2455
v -32.1294 34.2340 20.9454
v -32.7855 33.4953 20.9654
v -31.0717 35.7405 21.1754
v -34.2910 33.2388 19.5454
v -31.0763 39.4671 23.8855
v -30.9751 37.8405 24.1654
v -31.9414 34.6963 23.5954
v -32.2809 34.6748 24.1454
v -32.2514 34.2044 23.4254
v -32.6652 33.5329 22.8755
v -34.7014 31.9673 21.1954
v -35.2993 31.4018 22.5154
v -33.8460 32.6280 20.8855
v -34.5213 31.9925 22.7954
v -31.9942 39.1769 25.2154
v -31.8064 37.8692 25.2654
v -32.3903 36.3681 25.4454
v -31.5761 36.5757 24.7054
v -35.1431 32.1510 24.2754
v -43.3821 19.3048 46.7154
v -42.5398 19.4038 50.6954
v -43.3710 18.0278 48.6255
v -49.8857 -1.5332 41.1055
v -50.5098 -0.3472 42.1854
v -51.2847 -2.6462 39.7054
v -52.2934 -2.6212 39.9654
v -50.0891 -4.4192 39.3154
v -53.0563 -3.3382 41.0254
v -51.8864 -4.5092 40.3655
v -52.4438 -4.1692 40.9554
v -42.2929 18.7198 51.7954
v -43.9975 17.2748 48.6454
v -51.4281 -0.1402 43.9354
v -50.6871 -2.0542 43.6454
v -50.9792 -2.6612 43.7154
v -52.1568 -4.4002 42.2154
v -51.6408 -5.1862 41.5055
v -42.6091 21.6888 56.1554
v -41.0148 19.9378 56.6954
v -41.4905 17.5198 56.3755
v -41.8851 17.0678 56.2054
v -42.8495 16.6078 54.6654
v -44.4798 16.0548 54.8454
v -43.6885 16.2428 54.4154
v -42.8061 22.0978 60.5954
v -42.4056 21.9588 59.0754
v -41.2999 21.5698 59.5454
v -43.9619 16.0408 55.8855
v -44.7104 16.1448 57.9554
v -43.2787 16.1178 56.6554
v -41.8467 22.2318 61.7455
v -45.7491 16.8058 58.1754
v -45.2418 16.6648 59.2154
v -44.4637 16.2678 59.5954
v -43.3062 22.0738 62.9955
v -43.6119 21.8718 64.7654
v -41.4892 22.6658 63.7854
v -41.7166 23.3785 66.4054
v -45.2106 17.8678 61.6854
v -45.3293 17.4928 60.8555
v -44.6116 17.0988 61.9354
v -44.4022 17.8858 63.7654
v -44.1187 16.7958 62.2754
v -44.8898 17.0868 61.2555
v -44.4411 16.5628 60.9154
v -42.5524 23.0361 66.5154
v -44.8062 19.4568 63.6854
v -43.7282 21.6858 65.9554
v -44.0629 20.7958 66.0055
v -44.4361 18.6718 64.5854
v -43.7686 18.1228 65.3954
v -43.1143 22.7228 69.4354
v -41.5227 24.3641 69.4855
v -43.2354 21.9608 69.8655
v -43.4621 19.1198 67.2455
v -42.9814 18.7948 67.6155
v -41.8005 25.5731 73.7654
v -40.3723 26.2151 73.8755
v -42.2402 24.8233 73.5154
v -42.4939 23.4857 73.7854
v -42.0933 22.5738 73.9554
v -41.5921 27.2069 77.9254
v -40.0100 26.4165 74.6155
v -40.0880 27.7200 78.6954
v -42.5898 24.4912 76.1854
v -42.6557 25.1165 77.5654
v -42.4055 23.6760 76.3555
v -42.3051 28.0103 82.0354
v -41.6896 28.4532 81.9254
v -41.1967 27.7570 79.0654
v -40.8597 29.0352 83.1754
v -42.7903 26.0496 80.2555
v -42.7088 25.2357 79.4554
v -43.4394 23.7130 79.9154
v -43.2688 24.2706 80.0754
v -43.0424 24.0699 78.1954
v -43.8357 21.9898 81.6454
v -42.9101 22.4478 78.7954
v -41.9724 22.6608 76.8354
v -42.2014 22.3268 77.6554
v -42.7585 27.9989 83.8254
v -42.0744 28.5867 83.1454
v -40.2191 28.9439 82.9654
v -39.6887 28.3600 81.3655
v -42.5383 25.1590 81.6654
v -43.9996 23.0705 82.7954
v -43.3355 21.2988 81.2754
v -42.3741 29.1796 86.0354
v -41.6565 29.5788 85.9554
v -41.1440 29.4973 85.0954
v -40.1824 29.3341 84.6355
v -40.7759 29.8337 86.4955
v -42.5182 25.4773 82.9955
v -43.6502 23.7252 82.3755
v -43.0311 24.0282 83.8154
v -43.6869 23.2458 85.0854
v -43.3900 23.3633 85.3755
v -42.5431 24.1897 83.9454
v -44.1919 22.4328 82.9254
v -44.4078 20.3318 84.5154
v -43.4010 20.1028 83.1854
v -41.4628 29.9427 87.3254
v -41.1088 30.1253 88.0554
v -40.1627 29.6806 86.2654
v -40.1763 30.0155 88.2154
v -43.0749 28.0608 86.2754
v -42.3138 29.6204 87.7154
v -42.3180 29.8893 89.2054
v -43.1725 27.9726 87.8054
v -42.5410 26.5231 88.8555
v -43.0320 23.4525 85.5654
v -44.8234 20.9578 85.2854
v -44.6400 21.9658 86.1754
v -44.9767 21.3048 86.5854
v -45.5768 19.1298 87.8655
v -42.6007 29.6642 89.2355
v -42.7795 29.5671 89.8054
v -41.1382 30.3638 89.6754
v -41.5361 30.4478 90.8655
v -40.4957 30.2767 89.4654
v -40.7239 30.9199 95.5055
v -43.2426 28.0739 90.0055
v -42.0428 25.8058 86.9154
v -42.0960 26.2951 90.1355
v -41.4869 25.5841 86.9654
v -44.2817 22.0728 87.5154
v -45.8591 19.3098 88.7854
v -43.7631 21.7968 88.8054
v -44.4353 21.1978 89.4654
v -44.8305 19.0848 86.4354
v -45.6314 18.3368 88.2954
v -40.0795 31.2647 101.3755
v -42.9861 29.5773 92.2654
v -43.2074 29.0435 92.1055
v -41.0898 31.7402 104.0654
v -43.2461 28.0144 92.1754
v -43.0623 27.5032 92.4654
v -42.7333 27.1307 94.2954
v -45.4201 20.4698 88.8154
v -46.0110 19.3378 90.0154
v -45.3449 19.6378 91.4654
v -46.3350 18.6708 90.4254
v -43.2776 29.1380 101.8154
v -42.0269 26.6276 94.9154
v -45.7215 18.7958 92.4554
v -46.1554 18.1778 92.8655
v -47.5489 15.5918 91.0954
v -46.7796 16.3758 90.7654
v -45.8614 16.7538 89.4654
v -47.9690 15.0688 91.1854
v -42.0124 27.2635 101.9454
v -46.4998 16.9658 94.0854
v -48.1143 13.9398 92.4654
v -48.6047 14.1868 91.7954
v -48.7407 12.3848 93.2455
v -49.0887 12.3668 93.8054
v -40.5631 31.8796 106.3954
v -42.4675 27.4075 100.3254
v -48.7525 14.2528 93.8354
v -47.7771 14.4498 95.1454
v -47.2571 14.8638 95.2355
v -49.2152 12.3828 95.0354
v -50.6378 9.4098 95.6554
v -49.4460 10.8498 93.7054
v -48.7111 11.3828 93.1355
v -50.7698 8.4678 94.4754
v -50.0522 8.6738 93.8855
v -43.0146 28.5631 105.1754
v -42.5563 27.8777 103.8555
v -49.5893 11.3298 95.6654
v -48.9132 11.5328 96.2455
v -50.2395 9.7698 96.1255
v -50.5500 8.8058 96.4754
v -49.7768 9.7628 96.5854
v -54.1461 1.9528 96.1255
v -52.1188 6.0548 96.4955
v -42.1459 31.8149 105.1355
v -41.8843 31.8129 105.4955
v -41.2057 32.2712 108.2355
v -41.2666 32.6214 110.8054
v -43.3535 29.0302 103.9654
v -52.8860 4.2308 96.8755
v -52.7100 4.9668 96.4454
v -54.0932 2.1568 96.4955
v -54.0596 1.6838 95.7654
v -52.7893 3.0638 94.9955
v -51.3234 6.5588 97.0354
v -53.6711 1.6568 97.4955
v -42.5492 32.3142 109.2355
v -41.9313 32.4330 109.0654
v -43.3270 30.9007 107.2054
v -43.4887 29.7585 105.6155
v -43.3392 29.2390 108.7054
v -41.8574 32.6421 110.0654
v -41.3500 32.7823 112.6155
v -40.7773 32.3105 111.1355
v -42.9330 28.8019 109.3154
v -41.4496 32.8180 113.9354
v -40.9072 32.3223 112.6854
v -41.0137 32.2650 113.5854
v -42.9815 29.3628 112.8655
v -42.3852 33.4693 116.7154
v -41.6223 32.7985 115.1554
v -41.3697 32.4512 114.8054
v -41.9422 31.5264 116.4154
v -41.6190 31.0210 115.3755
v -42.6415 30.1358 115.2954
v -42.2075 29.8770 114.3855
v -42.2597 32.3735 117.4354
v -44.2742 31.1715 118.3454
v -44.0711 30.5872 116.6854
v -42.1852 31.2439 116.5754
v -42.5439 31.0031 116.7654
v -43.1427 33.7238 119.1355
v -44.2858 31.6452 119.3855
v -23.3778 47.6203 2.6454
v -23.6131 47.1377 2.3354
v -23.7226 46.1383 2.4154
v -23.0628 46.2880 3.1854
v -22.8418 49.1394 4.6754
v -22.6196 49.1113 5.7854
v -22.3793 48.5214 6.0154
v -22.5411 47.1370 4.1055
v -22.3690 47.8316 4.9154
v -22.4043 46.2536 4.5554
v -22.2265 47.5833 5.5154
v -22.1101 46.2999 6.1954
v -22.2200 46.3244 5.2355
v -23.4926 44.7144 3.3755
v -22.6615 45.0082 4.5454
v -25.1093 43.9457 2.6654
v -25.0212 43.5117 3.1255
v -25.5107 43.7932 2.6355
v -23.7778 43.6199 4.0154
v -23.6770 43.4819 4.3154
v -24.8157 42.7436 4.2455
v -22.6834 49.2668 7.3454
v -22.2846 48.1144 7.1854
v -22.4957 48.1702 8.4154
v -22.3407 47.4594 8.2854
v -22.1232 46.6721 7.2154
v -24.8366 42.2082 5.6854
v -25.1624 42.2054 5.3054
v -24.4165 42.4125 5.4955
v -23.7123 42.6830 6.9454
v -24.4035 42.2798 7.0354
v -26.3556 41.9709 6.2754
v -60.6158 -34.7492 -18.4746
v -59.9569 -34.7992 -18.6646
v -59.3799 -34.9122 -18.2645
v -23.2931 49.1223 9.7254
v -23.6594 47.8632 10.9354
v -22.4857 47.3464 8.8555
v -23.0202 45.8691 9.9855
v -22.7315 45.9145 9.4254
v -26.4542 42.1753 8.4955
v -26.4600 42.0403 7.8354
v -23.8153 43.3729 9.2754
v -25.7510 42.3468 8.9855
v -24.2719 42.3986 7.5654
v -59.5796 -33.7482 -16.4846
v -59.8883 -35.0162 -16.8246
v -24.4024 45.9759 11.6155
v -23.9036 45.2845 10.9354
v -24.9120 44.5750 11.3655
v -25.2106 43.8704 10.9955
v -24.1331 44.7241 10.8755
v -24.0716 43.6312 9.9054
v -23.1302 44.9641 9.7654
v -30.6346 36.6293 22.0854
v -30.7542 36.5043 22.6654
v -30.9520 36.6445 23.5954
v -31.6651 35.2042 23.7555
v -50.0627 -2.8652 39.7654
v -48.5757 -4.7422 39.2854
v -47.6317 -4.3802 41.8354
v -47.9487 -3.8642 40.6454
v -51.4239 -4.3312 39.8354
v -51.2629 -5.3162 40.3054
v -51.1547 -5.6872 40.8655
v -49.9138 -6.3252 39.7054
v -49.7106 -6.9782 40.2254
v -49.5494 -7.2302 40.8254
v -49.9075 -2.2692 43.1255
v -49.0046 -2.7412 42.2555
v -48.8290 -3.2702 42.4855
v -49.3256 -4.2162 43.0654
v -50.9168 -4.8092 42.8555
v -50.8194 -5.3942 42.4054
v -50.2512 -6.4782 41.4855
v -49.2972 -6.4042 42.3855
v -40.6897 19.1938 57.5354
v -42.3575 16.3368 58.1355
v -42.7804 16.1328 58.6355
v -41.1146 17.7088 57.4354
v -41.7297 16.7698 58.0454
v -40.5554 21.2728 60.8454
v -40.4156 21.9538 62.8954
v -40.0273 21.2128 62.1854
v -39.8785 19.5008 60.8855
v -40.2262 18.6608 59.6954
v -39.7155 19.1528 61.7854
v -40.4734 18.2868 59.0554
v -40.7283 17.7348 58.9955
v -41.3418 16.8628 59.3855
v -41.2055 16.8458 60.3454
v -39.2384 22.2678 66.3254
v -42.2709 16.2938 61.2754
v -41.9404 16.4848 62.3154
v -42.6524 16.3138 61.9354
v -40.7904 17.1968 60.8254
v -40.4373 23.2267 66.1754
v -39.5855 23.0824 67.0654
v -39.1430 22.6498 67.2854
v -39.0647 21.9048 66.2754
v -43.5268 16.8388 63.3454
v -43.1330 17.2328 64.7555
v -43.2652 17.8558 65.8054
v -42.9647 16.5698 63.0754
v -41.3064 16.8058 62.8254
v -41.9018 16.9978 64.6255
v -41.4865 17.3188 65.4054
v -40.9553 17.0968 63.5854
v -38.8593 24.8359 71.9754
v -41.7041 17.8138 66.7455
v -42.5277 18.2868 67.2954
v -41.7695 18.7048 68.4754
v -40.8603 18.3598 67.6355
v -40.5373 19.4538 69.8254
v -40.1235 21.9178 74.5254
v -39.1462 26.0907 74.3954
v -38.2832 25.0015 73.8855
v -38.4533 25.4407 74.3855
v -38.5648 26.7114 78.6754
v -41.3649 22.0678 74.3154
v -38.9551 27.6189 80.4054
v -41.8393 22.8390 76.2754
v -41.3328 22.5058 76.2954
v -40.3931 22.4128 76.4554
v -38.2650 26.3051 80.6554
v -42.4166 20.4818 81.5754
v -40.6141 21.6028 78.4254
v -39.1382 28.5531 83.7054
v -38.7299 28.1153 84.2854
v -38.5842 27.4952 86.0854
v -38.7343 26.8373 86.2154
v -39.4896 23.9057 81.3454
v -39.2859 24.3100 80.8555
v -40.2277 24.2095 82.5254
v -41.1202 20.8878 80.3555
v -42.3651 19.5498 83.5654
v -39.1790 29.2462 87.8855
v -39.7316 25.6112 86.0654
v -38.8205 24.2251 79.3555
v -41.3828 24.4391 83.4354
v -40.0539 23.1041 83.8755
v -41.6184 19.6968 83.4354
v -38.7892 27.6423 89.2054
v -40.8842 25.9559 89.6754
v -39.1359 26.8487 88.9554
v -41.8085 23.8164 84.9454
v -40.6507 22.8262 85.3954
v -42.1783 22.7318 87.1355
v -40.4990 22.4658 85.5254
v -41.1800 22.0328 87.1754
v -42.3063 18.6328 85.5654
v -42.8723 18.7708 85.1754
v -39.6135 31.0160 102.3154
v -39.6734 26.3240 89.2154
v -40.1523 26.1923 90.1754
v -39.5425 26.7717 91.9955
v -39.0888 27.5186 94.4354
v -42.9586 22.5698 87.5754
v -43.0109 21.9578 88.6754
v -43.3979 21.3288 89.7154
v -41.7416 21.7458 88.2355
v -42.2050 21.0078 89.5554
v -40.8712 21.2868 87.3755
v -41.2953 21.2138 88.2154
v -44.0692 18.5278 86.1454
v -45.1988 17.8818 87.9654
v -44.2868 17.6048 87.4554
v -43.2496 17.6328 87.1654
v -42.1304 18.4138 86.1754
v -43.1580 16.7058 88.7254
v -41.9578 20.2118 90.0554
v -45.1871 16.6768 88.9554
v -44.2631 16.4878 88.7754
v -46.3916 15.1698 90.8054
v -45.1608 15.5048 89.9454
v -44.3735 15.1288 90.3254
v -38.8619 29.6116 102.7654
v -39.2300 27.5922 98.8054
v -44.5903 19.8638 91.6554
v -44.3269 19.1748 92.5354
v -43.4407 20.1228 91.3154
v -43.0264 19.6428 91.5954
v -43.3738 18.4258 92.8254
v -45.9933 14.6208 90.9054
v -46.6442 14.0508 91.4754
v -45.2504 14.1318 91.1854
v -44.7585 13.8478 91.6355
v -45.9174 12.8728 92.0354
v -41.6480 26.8601 99.4254
v -41.2343 26.5681 96.9354
v -44.1304 18.3168 93.2754
v -45.9350 17.4228 93.8855
v -44.1611 17.6318 93.7455
v -45.4687 17.0778 94.3054
v -44.6350 16.7458 94.3954
v -46.8219 11.7528 92.5354
v -46.5428 11.0278 93.0554
v -39.0182 30.2068 102.5554
v -38.8512 28.5555 100.6554
v -41.7672 27.3282 103.2854
v -41.3852 26.8981 100.4254
v -40.1050 27.0036 99.7555
v -39.6535 27.5232 101.8354
v -45.3589 15.3568 95.1954
v -44.5566 15.5688 94.7654
v -47.8754 13.6338 95.6854
v -47.3369 14.0738 95.6954
v -45.6891 14.0358 95.6654
v -46.2996 12.8148 96.0754
v -46.1477 12.4218 96.0254
v -49.3141 10.1708 93.5055
v -48.8632 9.6828 93.3354
v -48.8006 7.7918 93.8454
v -52.2757 1.3818 95.2854
v -48.8855 6.9698 94.1954
v -47.1361 9.4438 93.8354
v -47.4509 8.3638 94.4754
v -39.0439 30.0197 105.0154
v -39.5144 27.9169 103.5154
v -48.4294 11.2118 96.5854
v -49.2539 10.1838 96.6754
v -47.8788 11.6658 96.5354
v -47.3261 10.7268 96.5754
v -47.0217 10.6388 96.4254
v -50.2466 8.1358 97.0055
v -48.1898 9.6538 96.8655
v -48.5963 8.0998 96.9654
v -50.1860 4.3338 94.8855
v -49.7951 4.3668 95.3154
v -51.6904 1.2068 96.1155
v -39.3186 30.7544 105.1255
v -39.3922 30.8103 106.2654
v -39.1800 29.8965 106.5254
v -39.0734 29.5334 105.5254
v -39.0651 29.0729 104.7954
v -39.2275 29.3341 106.3954
v -39.3255 28.8330 105.9454
v -41.1712 27.3745 104.3254
v -41.5129 27.7681 106.5354
v -40.2143 27.7471 105.2154
v -39.1885 28.5837 104.3555
v -51.6381 5.2398 97.3354
v -50.1335 5.6048 97.3054
v -52.2057 2.6738 97.6255
v -51.0898 3.5888 97.3954
v -51.7440 2.1988 97.3954
v -52.1411 1.0568 97.2455
v -52.9472 0.2188 96.7054
v -52.8270 0.2858 95.6954
v -51.5614 1.3748 96.4955
v -40.4119 31.9705 108.9454
v -39.4828 30.5958 108.1854
v -39.5173 29.5647 108.2654
v -40.0601 29.5047 110.3354
v -42.1212 28.1283 107.8154
v -41.5122 28.0133 107.8454
v -40.1201 28.2066 106.9054
v -40.2397 31.7923 109.8154
v -40.3513 31.7961 111.1055
v -39.7741 30.1892 109.9154
v -38.9105 30.8153 112.1654
v -41.4711 28.4719 109.8354
v -41.7243 29.0041 111.7754
v -40.3764 29.2440 110.5254
v -40.4110 31.4058 113.5055
v -38.9291 31.9251 114.5354
v -40.5537 31.6444 112.5954
v -40.6060 31.0880 113.7154
v -40.8738 29.5689 112.6954
v -41.1047 29.8355 112.9654
v -40.2757 29.5646 113.4354
v -40.3102 29.4334 113.1255
v -38.7158 31.1988 112.8555
v -38.0302 31.9834 115.9754
v -40.4573 30.9274 114.0154
v -39.8423 30.7453 114.8254
v -38.9112 30.7581 115.6554
v -22.1373 46.0409 7.0654
v -22.5027 44.6617 5.4354
v -22.3087 44.9364 6.4754
v -22.3912 45.0114 7.7254
v -23.5068 42.9487 5.7954
v -22.3315 46.0887 8.2954
v -22.8992 44.7177 9.1255
v -23.3314 43.4170 8.4354
v -45.8920 -5.9862 39.9354
v -47.2180 -4.6762 41.5354
v -46.5602 -5.6522 41.7555
v -48.2145 -6.1592 38.9454
v -47.3723 -6.5062 38.8555
v -47.6341 -7.0662 38.8354
v -48.5455 -7.4842 39.4054
v -48.3101 -8.2452 40.2154
v -47.5406 -8.8082 39.9254
v -48.0940 -8.3742 40.8555
v -48.1205 -5.9782 42.6255
v -46.6798 -5.8612 42.0055
v -49.2000 -6.9972 41.8855
v -48.6586 -7.2432 41.9754
v -46.0645 -8.0772 42.0554
v -40.1351 18.3458 60.5754
v -39.4439 20.0288 62.9654
v -38.8917 20.8488 66.1355
v -39.3846 19.5008 63.4855
v -40.0394 17.9858 62.7054
v -39.7547 18.4898 62.8755
v -39.1619 19.5368 66.3555
v -39.5292 18.8438 65.8154
v -40.0762 18.0068 64.8954
v -38.5418 22.7568 69.3855
v -38.3824 22.5008 69.9855
v -38.6535 21.2578 67.7754
v -38.4755 21.5878 69.7654
v -38.7201 20.8368 69.2355
v -39.4351 19.3028 67.4955
v -40.5332 18.2378 67.0454
v -40.1054 18.4328 66.8655
v -38.3458 23.7184 71.5055
v -38.0291 23.7985 74.0954
v -38.2982 22.3268 71.5254
v -38.8682 21.2288 71.4855
v -39.2371 20.3988 70.2854
v -39.0282 22.1738 74.1654
v -39.1890 20.0638 69.0954
v -38.5633 22.4548 73.6954
v -38.1419 25.3655 78.0055
v -38.7045 22.9898 75.4754
v -38.6921 23.5233 77.0354
v -38.9410 23.5533 79.4955
v -39.7018 21.7768 83.0154
v -39.7900 21.6028 80.4054
v -39.2543 24.0668 80.4955
v -40.3071 21.1918 80.2654
v -41.1412 19.7688 83.8555
v -39.9020 21.2328 82.8555
v -40.1321 22.4828 84.6554
v -41.1106 19.1228 88.0954
v -41.7580 17.8798 88.6355
v -41.9619 17.9288 87.6654
v -41.5428 19.1018 89.8855
v -41.6294 18.4138 90.0254
v -42.6302 16.6528 89.4354
v -42.6110 18.4888 92.0454
v -41.9597 18.2618 90.9955
v -42.9828 15.5458 91.3154
v -42.8368 15.7058 91.6954
v -42.7041 16.7378 92.5754
v -43.1290 15.2528 92.4754
v -43.4387 15.1368 91.0854
v -44.2255 13.6738 92.5354
v -44.9153 12.9508 92.5454
v -43.8764 14.1948 93.6554
v -45.7444 11.2938 93.5854
v -46.2037 10.1898 94.4955
v -46.0915 10.3658 94.8755
v -49.5815 4.4948 95.6954
v -47.9657 7.1958 95.6754
v -46.9178 9.9828 96.1854
v -47.4273 8.5368 96.0754
v -39.0433 29.5771 113.0554
v -38.4844 29.8613 113.5354
v -39.0862 29.5067 113.3454
v -37.5545 31.2644 114.2854
v -36.5305 32.4762 116.6854
v -38.4484 31.1102 116.0554
v -37.9428 30.8143 116.2954
v -36.8902 32.2347 115.7054
v -37.7518 30.4664 116.0354
v -36.3514 31.9773 115.7654
v -36.2135 32.3926 116.4154
v -36.4439 30.9995 115.7455
v -36.3317 30.9939 116.7054
v -47.0669 -7.2902 38.7555
v -46.7838 -5.8802 39.2954
v -42.6644 -9.2432 38.7555
v -42.8619 -9.7282 38.4054
v -45.2350 -8.3822 38.5554
v -42.7713 -8.6692 39.2555
v -44.4339 -7.1252 39.9554
v -45.2697 -6.5512 41.1854
v -45.4596 -6.8632 41.6754
v -45.9101 -9.6222 39.1155
v -46.9279 -9.2782 40.5654
v -46.7490 -8.4992 38.8954
v -44.4368 -10.2022 38.6454
v -44.4510 -9.6782 41.6155
v -46.8423 -8.3532 41.8655
v -48.3233 -8.0922 41.1854
v -45.5810 -10.1432 40.6355
v -44.8054 -9.5922 38.5354
v -44.1233 -7.6542 41.1554
v -42.9083 -9.2692 41.3855
v -43.2428 -11.1972 38.6554
v -42.9185 -9.9792 41.4955
v -42.4009 -11.5022 39.0654
v -43.4454 -11.5322 39.1654
v -43.7245 -11.1132 40.8054
v -42.9936 -11.7452 40.4554
v 3.2151 49.5415 -80.1646
v 2.3474 48.0327 -82.8645
v 2.2097 47.8246 -83.0946
v 3.6724 50.1961 -77.4346
v 1.9371 47.7256 -82.3845
v 2.9701 48.0805 -82.8046
v 2.8930 47.8630 -83.0946
v 3.4939 47.8057 -82.6746
v 2.4818 46.3783 -82.5846
v 3.1259 46.3556 -82.4646
v 5.3522 52.7798 -74.9646
v 7.1096 52.8140 -74.2846
v 4.2144 47.8841 -79.0946
v 4.6010 47.9575 -79.3146
v 6.6732 51.2955 -73.1646
v 2.8054 47.4487 -80.5346
v 6.8765 51.4616 -75.0946
v 3.9847 50.9153 -76.8945
v 5.1433 52.1061 -73.5846
v 4.2437 50.5216 -75.9945
v 3.7510 48.4361 -78.4346
v 4.8727 49.9173 -75.6946
v 4.4389 48.6043 -77.7946
v 6.8089 51.8961 -71.9945
v 5.9701 53.8589 -72.7246
v 5.6550 53.3328 -73.8745
v 6.9050 54.0074 -73.1345
v 5.6135 53.3889 -72.8945
v 7.5080 53.9891 -68.7346
v 6.3113 53.1554 -70.9446
v 6.8897 54.9338 -69.8046
v 6.9417 55.0906 -70.3845
v 6.4778 54.5333 -71.2246
v 7.4209 55.5030 -70.1946
v 6.7946 54.2501 -69.6646
v 7.3391 51.7107 -73.2545
v 7.7597 54.6428 -71.8945
v 9.8101 56.0481 -68.7746
v 9.2657 54.3159 -70.1046
v 8.5262 53.3411 -71.4046
v 8.8422 53.4678 -70.0646
v 8.3672 53.0534 -70.2545
v 9.9878 57.4646 -66.9945
v 9.2248 57.2091 -67.2746
v 10.7774 57.8828 -66.1646
v 10.4792 55.0518 -66.5846
v 7.2652 54.1487 -68.9046
v 6.5884 52.2098 -71.5846
v 8.7187 53.7879 -68.4546
v 7.9455 56.1694 -68.6946
v 8.1933 56.2376 -67.0646
v 9.0511 57.1567 -65.7545
v 7.0900 54.9773 -69.1245
v 8.5615 55.2261 -66.5346
v 8.6666 54.6518 -67.0145
v 10.3410 55.8535 -64.4945
v 9.3873 55.8145 -65.2046
v 9.8263 56.9647 -64.0446
v 11.7159 57.0783 -66.0145
v 10.5459 55.4023 -67.7445
v 11.6610 57.7123 -65.7846
v 12.7567 56.9642 -63.8346
v 13.7402 57.6430 -61.9246
v 10.5648 57.3234 -62.9546
v 11.7569 57.1979 -62.0546
v 11.3179 57.6993 -61.9446
v 13.2044 57.6258 -61.0946
v 19.1213 51.4343 2.1654
v 18.5698 50.2674 1.2254
v 18.0924 50.3238 1.7254
v 18.7751 49.9361 0.8954
v 18.1747 49.1000 1.1554
v 17.8823 49.1469 1.4154
v 19.7464 51.4371 1.6654
v 19.5516 50.9083 1.0454
v 18.5157 49.0301 0.8855
v 20.3924 51.2970 1.1355
v 20.0796 50.5101 0.4754
v 18.2549 48.0148 1.2355
v 18.9749 47.5449 0.9554
v 18.3798 51.4679 4.2254
v 18.5840 51.5530 3.6554
v 18.1747 51.3361 3.8454
v 17.5039 50.8326 4.2254
v 19.7897 51.8954 3.0254
v 19.7236 51.9344 4.5854
v 17.3902 50.5201 3.1954
v 16.8131 49.1064 3.0754
v 16.7561 49.3616 3.4354
v 17.1220 50.3745 4.0454
v 18.1905 50.8249 2.1654
v 16.9236 49.1450 2.7954
v 17.0656 47.4144 3.0654
v 17.2316 47.6670 2.5254
v 18.4724 47.2712 1.4254
v 17.9586 46.4171 2.6954
v 18.1399 51.1277 5.6654
v 17.5966 50.6549 5.7654
v 18.2262 50.7247 6.8454
v 17.7401 50.2596 6.8354
v 18.4641 51.2941 5.7654
v 20.2124 51.8053 5.9054
v 19.9206 51.3909 7.0055
v 16.6985 49.5264 4.0854
v 16.5514 48.6859 4.8154
v 16.7714 49.3774 5.5654
v 16.7454 48.9606 5.8454
v 16.8871 49.1222 6.2254
v 16.6534 47.7717 4.3154
v 16.8284 47.2227 4.7355
v 16.8539 47.3149 5.5055
v 17.4093 46.2814 4.4354
v 18.4611 50.4947 7.4654
v 18.8211 50.0052 8.3154
v 17.2982 48.9759 7.2154
v 17.2008 47.7263 6.9855
v 18.7491 49.2241 8.7355
v 18.0261 48.3141 8.3054
v 17.5811 46.2359 6.0254
v 23.6731 49.5119 -0.3446
v 22.0114 49.5341 -0.2346
v 21.9540 50.1651 0.0154
v 21.0984 51.5043 1.3154
v 21.0662 51.2848 0.9654
v 21.5572 51.9550 2.7555
v 22.6103 51.0140 0.8755
v 23.4661 50.6702 0.6454
v 20.1763 49.2271 0.0754
v 21.1806 49.1966 -0.1646
v 21.3299 48.8004 -0.1946
v 21.8877 47.8674 -0.1846
v 20.9967 47.4600 0.2054
v 19.3237 46.3016 1.6854
v 21.3409 51.9548 5.2154
v 23.6140 51.4306 3.0354
v 25.2782 50.8800 3.8655
v 25.7312 50.6093 4.8254
v 22.3662 51.4995 6.2555
v 18.5441 45.6464 3.2654
v 21.2150 51.3598 7.2555
v 22.4499 51.1335 7.1255
v 18.3418 45.4340 4.4254
v 18.2620 45.4978 5.6754
v 19.1335 45.0066 4.4855
v 19.0427 45.0457 5.7254
v 25.2910 42.5445 4.4955
v 19.9162 50.2712 8.6355
v 20.8299 50.7350 8.2854
v 19.9969 49.1608 9.3354
v 21.4351 50.6247 8.3755
v 18.2878 47.1910 8.2555
v 18.2747 46.6379 7.8555
v 19.0413 46.2035 8.1654
v 19.6543 46.1604 8.5254
v 17.8931 46.3800 7.0354
v 24.1142 43.0846 5.6454
v 19.7761 45.6040 7.9454
v 21.6081 49.0823 9.5055
v 21.3081 48.4780 9.6854
v 19.9306 46.8654 9.1554
v 20.7688 48.0373 9.6754
v 23.8715 49.9983 0.0055
v 28.9715 49.2391 -1.5346
v 28.4634 49.7735 -0.4646
v 23.4356 48.9801 -0.4846
v 28.7376 47.9930 -2.6846
v 23.5840 51.0601 1.3954
v 24.4939 51.0194 2.1754
v 25.4158 50.7029 1.3454
v 21.8435 47.1187 0.0954
v 22.5704 47.2075 -0.1345
v 23.4385 47.5883 -0.4046
v 22.4089 46.2556 0.3954
v 24.0902 46.8535 -0.3945
v 24.9939 50.1715 7.0854
v 24.8342 49.3660 8.3755
v 26.3669 42.3925 2.7954
v 22.8683 48.9074 9.3655
v 25.1701 47.4784 9.5854
v 24.3067 49.0483 8.8954
v 22.0461 45.6614 8.9154
v 22.5986 44.5190 7.8655
v 21.3152 47.7887 9.6954
v 22.8216 47.4582 9.7154
v 22.7256 46.5211 9.5654
v 22.5812 45.3997 8.9955
v 30.4099 48.5732 -2.5446
v 28.4809 49.9371 0.2154
v 26.9140 46.2179 -1.8745
v 26.3209 47.0889 -1.8146
v 28.4417 47.1578 -2.8745
v 26.3010 50.6084 2.1255
v 28.3924 49.9791 1.4454
v 26.7394 50.3047 3.0754
v 26.1455 50.5624 3.6454
v 25.1489 44.3823 0.8154
v 25.2176 45.7689 -0.1145
v 26.8021 45.4107 -1.1345
v 26.6155 50.1439 5.5154
v 27.1152 50.0427 4.9654
v 27.5472 50.2528 6.0354
v 25.6451 49.5493 7.7054
v 25.4516 49.2348 8.2154
v 26.9172 48.9130 8.7455
v 28.2979 49.6315 8.2355
v 25.2216 48.2221 9.1954
v 26.5127 47.5068 9.6055
v 26.7746 46.6922 9.8254
v 23.9267 46.2777 9.7355
v 22.6977 44.8372 8.4354
v 23.8745 44.5656 8.7355
v 26.2898 44.0939 9.0055
v 26.0494 43.3894 7.9654
v 23.2581 46.2564 9.6654
v 20.4691 39.6637 25.0254
v 21.0658 39.4735 24.7854
v 19.8510 39.0034 24.7455
v 20.1037 40.5183 26.1954
v 20.1743 40.7384 26.5654
v 20.2179 40.8958 26.9154
v 21.2929 41.0484 26.8555
v 21.0359 40.2646 25.5854
v 21.3345 41.3251 27.8655
v 18.3388 39.1352 26.4855
v 18.1008 39.0660 27.0454
v 18.5982 39.6510 26.6454
v 18.9419 39.6705 26.0954
v 18.9613 39.4234 25.7654
v 19.5335 39.0765 24.9654
v 18.4218 38.0017 25.6155
v 18.1076 37.9683 26.1754
v 17.8738 37.8971 26.7355
v 19.1925 37.6036 24.7355
v 18.2706 36.6274 26.2154
v 19.6537 37.1232 24.4855
v 19.3786 36.6089 24.8655
v 19.0474 40.4435 27.8555
v 20.6115 41.2308 28.0154
v 19.6875 40.7366 29.2954
v 20.0381 40.8906 29.3954
v 19.0929 40.1974 29.6854
v 21.0923 41.1446 29.6554
v 17.9961 39.1624 27.9855
v 17.6071 37.8884 28.2555
v 18.2191 39.3328 29.3154
v 17.7698 36.6268 27.6854
v 17.7523 36.5444 27.9754
v 18.3704 36.1759 26.4554
v 18.2844 35.5490 27.8555
v 18.6541 35.0294 28.4354
v 19.5378 40.0351 30.6654
v 20.3854 40.5317 30.6355
v 18.8141 39.3248 30.6954
v 19.7207 39.3092 31.6454
v 17.9796 38.6264 29.7355
v 17.7005 37.8010 29.5055
v 18.0940 37.5723 30.7754
v 18.7874 38.0270 31.6155
v 17.8420 36.3460 29.5954
v 18.1966 36.4766 30.8655
v 18.2251 35.9081 30.4554
v 18.2874 36.1086 30.8254
v 19.6393 38.5173 32.1255
v 19.4733 38.2461 32.1355
v 19.2371 37.6663 32.1454
v 19.7356 38.0596 32.3555
v 33.5222 56.7158 -9.5045
v 33.4667 57.8220 -10.5246
v 33.7819 57.7343 -10.7946
v 34.3769 57.5400 -11.0346
v 33.9782 56.2851 -9.4346
v 33.3569 55.2333 -7.9945
v 32.3116 57.3255 -7.1046
v 31.8040 55.0165 -5.5246
v 32.4978 57.6945 -6.3546
v 32.7177 57.7687 -9.1145
v 33.9190 53.7941 -6.9546
v 31.9739 55.3019 -3.2346
v 32.2742 54.6646 -1.7645
v 34.3581 57.9790 -4.6846
v 33.6185 56.0684 -2.7146
v 34.3840 56.2512 -2.8745
v 31.7807 54.2989 -5.3745
v 32.2905 53.9213 -5.9945
v 31.5724 52.1225 -4.3446
v 32.5078 52.5132 -5.3246
v 31.2621 54.0464 -2.7246
v 30.9026 53.2587 -2.9646
v 30.3158 51.6684 -2.4945
v 31.5414 53.8714 -1.4546
v 30.9384 52.0568 -3.5446
v 31.0221 50.4483 -3.2545
v 31.9622 51.5270 -4.3945
v 30.6189 52.8015 -2.1846
v 30.9886 52.7217 -0.2545
v 30.4671 52.3292 -0.4446
v 31.4873 52.7837 0.1654
v 29.9307 51.7155 -0.9945
v 29.5789 50.3769 -1.6746
v 29.3970 49.4196 -1.6245
v 32.7943 46.8550 -4.8146
v 28.1668 45.9102 -2.6345
v 30.3180 51.7180 0.6454
v 30.0475 50.7544 1.9354
v 29.7276 49.6071 3.1854
v 28.4276 45.0839 -2.4646
v 28.4449 49.6037 2.6255
v 26.5194 45.0168 -0.0246
v 29.6818 42.6208 0.3555
v 28.3809 43.8842 0.0754
v 29.6711 50.6439 5.5954
v 29.8969 50.5570 4.9955
v 31.0273 50.9818 5.3054
v 29.4098 50.3802 7.3655
v 31.6730 51.0379 7.6355
v 30.5896 50.2642 8.2555
v 28.6987 49.1820 8.8354
v 25.2587 42.7155 5.7854
v 26.5018 42.1419 3.7054
v 29.0839 47.3645 9.8555
v 27.4538 46.0282 9.8954
v 27.0619 43.5376 8.5954
v 27.2824 43.2239 8.1854
v 27.8115 44.6068 9.5754
v 26.7498 42.4514 6.3254
v 23.4601 39.6750 25.1155
v 21.6304 36.3275 24.2254
v 23.5948 36.2152 23.9855
v 23.4382 40.6627 26.8755
v 24.0667 40.7878 27.9554
v 20.6365 36.3701 24.4154
v 19.9548 35.7645 25.1454
v 19.5998 35.1996 26.1554
v 20.5868 35.0908 25.6954
v 22.3998 35.2480 24.8354
v 22.4344 41.1294 29.5954
v 25.6218 40.2350 30.0154
v 22.5133 41.2162 29.0055
v 21.1869 40.8033 30.5354
v 22.1303 40.7181 30.6954
v 24.9184 39.9169 31.0554
v 18.8326 35.1882 27.2555
v 20.0690 34.8434 26.4754
v 19.7727 34.4799 27.9054
v 21.2253 39.1048 32.3555
v 18.5779 35.1014 29.6954
v 18.8408 35.1394 30.6854
v 20.7515 33.9808 29.2355
v 20.1352 34.3708 30.7654
v 21.2791 37.9004 32.8655
v 19.3673 36.5505 32.2555
v 19.8721 36.2535 32.4855
v 21.6817 36.6593 32.9955
v 20.1014 35.2525 32.0854
v 21.3752 35.2216 32.5654
v 35.4566 57.0858 -10.6145
v 35.6309 55.6832 -8.7545
v 36.6984 57.6736 -10.2445
v 36.1607 54.9743 -7.2246
v 36.4058 55.0800 -6.8146
v 37.1156 57.7034 -8.5946
v 37.0088 57.0723 -7.5045
v 37.0204 57.5199 -8.9646
v 35.6769 54.6256 -7.3645
v 36.6645 55.5055 -6.3546
v 34.9984 57.3321 -4.0746
v 35.3443 57.9295 -4.8146
v 35.6116 57.1790 -4.3046
v 36.1993 56.9271 -4.7746
v 35.9389 55.2301 -3.3246
v 36.4204 56.1241 -4.6946
v 36.9842 57.6311 -7.0646
v 35.3098 53.3647 -6.1546
v 33.9667 51.4611 -4.8546
v 35.2737 55.3682 -2.5846
v 34.9223 54.7584 -1.8546
v 33.9229 54.2233 -0.9146
v 35.3209 54.1821 -1.9046
v 32.3883 50.3962 -3.9446
v 31.8245 48.7054 -2.7946
v 32.7654 48.6014 -2.7046
v 32.4737 46.0987 -5.2246
v 30.7975 45.2443 -4.4646
v 31.6004 45.7118 -4.9246
v 32.9685 53.1131 0.2154
v 34.0304 53.1734 -0.1946
v 33.9814 52.4471 0.2654
v 30.9845 43.8463 -4.1245
v 34.6201 43.2619 -6.9945
v 31.1063 43.4443 -3.8745
v 30.0922 43.6138 -2.7846
v 31.8233 51.6333 1.5454
v 32.3937 51.4446 1.6055
v 33.9390 51.0590 0.8855
v 32.8055 50.2822 2.0554
v 28.1529 44.2142 -0.2046
v 29.4764 43.8220 -2.2246
v 29.5575 43.5111 -1.0246
v 34.1644 52.4196 4.9855
v 33.2357 51.6793 4.6355
v 32.0428 51.4454 5.6055
v 30.9570 49.6450 3.1155
v 32.3224 49.3756 2.6954
v 32.5287 49.0965 2.6355
v 32.5052 40.8835 0.5554
v 33.1986 52.1020 6.2954
v 27.4174 41.8724 3.1954
v 29.5040 41.2321 2.5154
v 32.8083 50.8315 8.7455
v 34.7105 52.0420 8.7254
v 27.8983 41.9736 5.8354
v 28.2944 42.2483 6.5854
v 28.4628 41.4624 4.2455
v 27.8663 41.7752 5.1355
v 29.4740 41.8517 6.1754
v 34.0597 48.8102 10.1854
v 28.5544 45.5400 9.8954
v 28.2034 44.7484 9.6554
v 31.9216 46.3721 10.1055
v 29.6424 44.2114 9.3254
v 30.9378 44.9031 9.6454
v 28.0938 43.6673 8.8954
v 28.5671 44.0314 9.2455
v 28.5481 43.0629 8.0654
v 26.9774 38.4602 24.0055
v 26.2002 40.0096 26.0055
v 26.9741 39.4862 25.1055
v 26.5244 40.2470 27.3755
v 26.7569 40.1557 28.0254
v 21.8955 34.9702 25.2954
v 23.3070 34.4654 25.4554
v 23.3659 35.1531 24.6854
v 24.0035 33.3906 26.9154
v 26.0536 39.8555 30.6355
v 23.0996 33.6257 27.1055
v 21.4302 33.8535 28.3954
v 23.9467 38.5470 32.4654
v 28.9299 37.1801 32.7854
v 25.8157 36.3596 33.5454
v 26.4944 37.0333 33.2154
v 20.6458 33.8642 29.8154
v 20.8238 33.7718 31.0754
v 21.3490 33.0325 29.7654
v 21.2370 33.2285 31.0354
v 22.3148 32.3432 29.1654
v 22.7130 32.3818 28.6255
v 22.1590 32.1745 30.0454
v 23.0297 32.9133 27.8755
v 22.1209 32.2106 30.6654
v 22.7795 37.5628 32.9054
v 25.3484 34.7356 33.9554
v 24.4467 34.1876 33.7154
v 22.3320 33.7409 32.6754
v 10.5209 24.3825 118.3354
v 11.2664 24.6481 117.5154
v 15.0258 24.9811 109.9554
v 10.2065 23.9166 118.0854
v 10.6366 24.4658 119.0055
v 10.1106 23.6659 119.0354
v 36.4056 54.4458 -4.7645
v 36.4631 54.7812 -5.9346
v 36.0027 52.9972 -3.9146
v 36.1874 54.1860 -3.6145
v 35.8743 52.9199 -4.5846
v 35.1092 51.3228 -3.8346
v 35.7515 53.3002 -2.3346
v 35.5120 51.6370 -2.1245
v 35.1026 50.4633 -2.1546
v 34.8010 49.9674 -2.3246
v 33.6320 48.3320 -1.9746
v 33.8323 48.0565 -1.3745
v 34.7651 47.0197 -4.8645
v 35.8235 46.9576 -4.6746
v 34.7346 44.9349 -6.9046
v 35.6963 45.5525 -6.9746
v 35.5205 42.2810 -7.3446
v 33.7034 42.2974 -5.5045
v 35.0924 52.1099 -0.8446
v 35.0395 51.4062 -0.7046
v 34.6557 50.6772 -0.0045
v 34.9992 50.2401 -1.2846
v 34.3373 47.7204 -2.6046
v 37.3133 46.5076 -5.1145
v 34.0677 47.4780 -0.8346
v 32.7412 42.0901 -3.2346
v 33.8672 41.9902 -5.2346
v 32.9964 41.9890 -2.8945
v 33.5827 49.0236 1.6055
v 33.9534 48.9599 1.0454
v 33.1195 47.4242 2.0954
v 33.6707 47.2700 0.2954
v 33.4550 47.0996 1.1554
v 33.7751 46.3852 0.4254
v 34.4765 46.6158 1.2555
v 30.9533 42.9101 -1.2046
v 32.4788 41.4311 0.0055
v 38.0532 55.3700 4.2054
v 36.9248 54.5926 4.7555
v 39.0602 56.9004 4.4354
v 37.6117 55.7626 5.7754
v 37.8656 56.0998 6.5254
v 35.4496 53.2717 4.7954
v 35.4046 52.6393 4.0254
v 35.3651 51.7186 3.3254
v 33.8815 51.5063 3.9354
v 37.5372 53.4985 3.2854
v 37.4829 52.6098 2.9254
v 34.5479 49.8734 2.7455
v 33.5805 50.7726 3.4254
v 36.8911 50.5849 2.6055
v 36.0824 48.1804 2.7154
v 35.7965 39.3856 0.5055
v 37.6488 55.5204 7.6055
v 39.4182 57.8300 7.5254
v 35.2416 53.4966 6.6854
v 36.2134 53.7194 8.1754
v 36.5467 53.1722 9.0554
v 34.0254 52.3979 7.4554
v 30.3022 40.8805 2.9054
v 39.8002 37.9669 0.3354
v 33.5161 39.8932 2.6754
v 29.6348 41.1551 4.4054
v 35.6011 39.3715 2.6554
v 38.4263 55.5205 8.6954
v 33.1794 49.6821 9.7254
v 36.3653 50.8732 10.1355
v 30.0858 42.6329 7.1854
v 31.3581 43.2559 7.3954
v 30.7290 43.4951 8.2654
v 35.6508 39.6054 3.3354
v 34.1952 47.7005 10.2654
v 32.8869 46.2963 10.0654
v 31.7281 44.3680 9.1454
v 32.4074 44.1892 8.7455
v 33.6493 44.8806 9.1454
v 33.1889 43.7273 6.9154
v 27.7385 39.7301 25.9254
v 27.7407 39.8568 26.5854
v 28.3265 39.5988 26.1055
v 28.2849 39.3652 25.3254
v 28.5974 38.3895 24.1155
v 26.5410 36.0461 23.6155
v 26.9309 37.5805 23.6055
v 28.7672 36.4938 23.3855
v 26.9476 36.5811 23.5055
v 28.6809 37.7888 23.7355
v 27.8758 34.6909 23.8755
v 28.3168 39.3700 28.7754
v 28.8706 39.4547 26.7154
v 26.4844 34.0162 24.7455
v 27.2313 32.9287 25.5554
v 26.7462 39.8205 30.1355
v 28.4315 38.6410 31.1355
v 28.1566 39.2524 29.9654
v 24.0317 32.2225 27.9054
v 25.6589 31.4668 28.0554
v 27.2733 29.5115 29.4955
v 26.3046 29.6615 29.9654
v 26.3090 39.1523 31.5354
v 27.3897 37.4554 32.8555
v 22.6863 31.8276 29.7555
v 22.6047 31.8873 31.0055
v 24.4090 30.6714 30.4554
v 25.0887 30.1743 31.4054
v 27.9706 35.9799 33.8954
v 22.5665 32.7460 32.2455
v 24.1323 32.7409 33.3254
v 25.2018 31.5190 33.5354
v 24.3241 30.9982 32.0754
v 29.5661 55.6544 74.9054
v 29.3504 54.7991 74.6654
v 29.3132 55.3639 75.0954
v 29.6053 54.7698 74.3954
v 30.1947 54.6305 74.0055
v 30.3247 54.9095 74.0154
v 31.0418 55.0367 74.1055
v 31.0159 54.9570 73.9754
v 30.9268 54.0279 73.7954
v 30.7065 55.3228 75.6754
v 31.8835 54.7679 74.4454
v 31.2659 55.1094 75.7355
v 29.2200 52.5374 74.4454
v 29.9452 53.3872 73.9654
v 29.8390 47.4274 73.5454
v 29.0916 48.0530 74.0454
v 29.3915 55.5554 75.4754
v 29.0779 54.6555 75.5254
v 29.5677 54.4729 76.5154
v 30.4407 54.9877 76.9054
v 29.1959 53.3714 76.1954
v 30.3037 54.7007 76.9254
v 30.8378 55.1253 76.9054
v 30.9784 54.7290 76.9654
v 30.7037 53.4565 77.0654
v 28.7335 49.2616 75.8154
v 29.5592 51.0150 76.6754
v 28.6357 47.8844 74.5454
v 28.9040 47.3538 76.2254
v 29.9489 51.1144 76.8954
v 12.9579 24.9204 114.8655
v 14.6252 25.1208 112.1055
v 14.6688 25.0642 111.3054
v 16.5882 25.3116 109.7054
v 16.1108 24.5105 106.6155
v 17.3666 24.0972 103.9554
v 15.2430 21.9668 110.8855
v 11.0963 21.6358 118.4554
v 12.2125 22.0078 115.3154
v 11.7534 21.5818 118.2654
v 11.5082 24.7168 118.9154
v 11.3097 23.9678 119.6454
v 16.7030 25.0157 110.6055
v 12.8145 23.3556 119.4754
v 18.1061 24.2483 109.4454
v 10.7635 23.1268 116.5354
v 10.1704 22.6078 119.0654
v 11.7163 21.6258 118.9254
v 16.7432 22.3068 110.6255
v 37.3509 44.3388 -8.7246
v 36.8580 45.0068 -7.9746
v 37.8071 45.3092 -8.1046
v 37.7490 42.3938 -9.3945
v 36.6464 46.2959 -6.2346
v 35.7485 47.0931 -3.0946
v 38.4750 46.1163 -5.2946
v 37.9306 46.1809 -6.3246
v 38.0259 46.0848 -4.1345
v 38.8253 45.0590 -3.5846
v 34.5085 41.4066 -4.2946
v 35.1552 41.6941 -2.5446
v 36.0300 41.2719 -3.4046
v 39.2714 56.3444 3.7254
v 40.8109 56.9392 2.9054
v 38.5618 55.3119 3.6654
v 39.0807 54.6061 3.0055
v 40.2985 54.5382 2.5754
v 36.9371 49.2739 2.6255
v 35.9298 45.7156 -1.1846
v 35.3769 45.6009 -0.0646
v 36.0528 44.9168 -1.0246
v 41.3942 44.2080 0.4754
v 35.0830 46.6282 1.9855
v 35.0889 42.4655 -1.4446
v 34.6924 42.3089 -1.5546
v 34.9925 42.2031 -1.7545
v 34.6400 42.2516 -1.2645
v 32.6341 42.6548 -0.9446
v 32.7600 41.9434 -0.4446
v 34.5857 47.1272 2.7455
v 36.4492 47.5954 2.9754
v 35.5951 46.5332 3.2254
v 39.8938 44.7559 1.5554
v 35.5689 46.4317 2.9754
v 36.4461 45.6424 3.9054
v 36.1052 45.6732 4.1654
v 39.8436 54.0370 10.1954
v 39.6459 55.6212 9.5754
v 38.2262 51.3384 10.3655
v 34.5111 44.4051 7.9454
v 35.5780 44.9733 8.2854
v 33.6146 43.6523 6.5454
v 34.7728 44.3012 6.0954
v 35.4960 44.6637 5.6954
v 35.5404 44.6250 7.2555
v 34.0979 40.8532 4.9855
v 34.4912 41.8221 5.6954
v 34.8483 42.6208 5.9154
v 36.3535 48.7669 10.3454
v 37.5762 49.2461 10.3454
v 37.1511 49.7636 10.3855
v 36.0157 47.2930 10.0754
v 36.5446 47.7216 10.1355
v 34.8539 46.1870 9.8054
v 34.5385 45.4366 9.3755
v 35.2621 45.2597 8.9154
v 29.4498 39.1640 26.1355
v 32.5069 35.9216 23.1854
v 29.8046 38.1532 24.2555
v 32.5514 36.9272 24.2754
v 28.5496 33.3843 24.3555
v 29.7069 39.0671 26.4754
v 29.4321 38.9349 28.8954
v 31.2774 38.1835 26.5754
v 31.4515 37.9603 27.1854
v 26.8920 32.4070 26.6255
v 28.7489 31.9255 25.6255
v 29.5981 38.7544 29.8254
v 36.8985 35.6085 32.0954
v 39.4490 34.2892 33.8555
v 26.3687 32.1472 27.4054
v 27.8816 30.5845 28.3154
v 28.2567 36.5822 33.4554
v 26.3364 29.2393 31.1255
v 28.7147 33.9010 35.1355
v 30.2331 35.8764 33.6854
v 24.8554 32.9535 33.8054
v 28.5110 33.2379 35.3655
v 26.3678 32.0606 34.5254
v 26.5467 31.0012 34.3855
v 26.5495 29.3603 33.0754
v 26.6017 32.5884 34.6854
v 27.7221 32.2513 35.2754
v 32.2707 54.2065 74.6055
v 32.4628 54.7974 75.5854
v 32.1912 52.5911 74.4254
v 32.4806 53.0073 74.8755
v 31.4716 53.0799 73.8755
v 30.5914 45.4532 73.3354
v 31.7442 51.5598 73.9955
v 31.3555 44.9726 73.7954
v 31.6666 44.0071 74.2654
v 32.4348 51.6625 74.8755
v 31.6752 54.8468 76.6954
v 30.9830 53.3393 77.0454
v 31.6245 51.1083 76.7254
v 32.4048 52.9994 76.1055
v 32.4556 52.0132 75.8954
v 31.1621 51.5825 76.9554
v 32.2396 48.2931 75.0154
v 31.3821 49.1756 76.7054
v 28.8700 45.4062 73.7455
v 27.9799 43.7848 74.7555
v 28.1376 43.8918 74.1754
v 29.1305 43.7439 73.2355
v 28.2298 42.3444 73.5354
v 27.8536 42.0213 74.0154
v 27.5372 39.8470 73.7854
v 30.0077 47.6950 76.8454
v 29.6219 47.5604 76.7254
v 31.1492 47.2541 76.6355
v 28.8200 42.2986 76.1454
v 29.6144 42.5407 76.4254
v 27.7065 41.1808 74.7455
v 16.8095 25.5061 108.2254
v 18.7812 26.0884 104.0454
v 15.8710 25.1271 108.2754
v 19.3542 25.3873 100.2455
v 18.3681 25.7051 106.6954
v 17.6626 25.2782 108.6554
v 14.2042 23.2729 110.0454
v 19.8090 23.9259 99.6954
v 15.2051 22.8687 108.5754
v 14.8522 22.3778 109.9654
v 18.5961 23.2986 102.5754
v 15.8736 22.2248 108.8755
v 15.9612 21.9888 110.4054
v 17.1061 22.5448 110.4354
v 12.7017 22.3668 119.2455
v 17.0286 23.0048 111.2654
v 40.7530 45.3593 -8.7746
v 39.1199 45.5470 -8.1145
v 38.4611 44.6602 -9.1445
v 38.6404 45.1245 -8.7046
v 39.6683 44.4299 -10.1345
v 39.3799 43.0615 -10.8046
v 39.9405 40.5151 -10.3346
v 35.3822 41.4753 -6.3046
v 38.1044 41.7202 -9.4746
v 42.6449 44.6458 -7.6345
v 36.0609 40.9149 -5.6746
v 36.3124 40.8056 -5.3346
v 38.3340 40.3908 -7.8546
v 37.6051 40.4660 -6.7246
v 36.9069 40.7931 -4.5946
v 44.2012 56.8736 2.2954
v 41.2165 52.0305 2.7555
v 41.3845 53.7486 2.4754
v 40.1578 43.1710 -2.3645
v 37.4822 43.7876 -1.6245
v 37.4312 43.5832 -1.9945
v 36.3859 42.3185 -1.8546
v 38.7563 43.6411 -2.9746
v 37.2617 41.8747 -2.8446
v 38.0075 41.4162 -2.4346
v 38.6245 42.1084 -3.3446
v 37.3303 41.1323 -3.8146
v 38.8815 49.2359 3.0055
v 40.7432 50.3995 3.1954
v 39.3671 48.9168 3.3454
v 39.9445 44.4470 -0.6746
v 35.2792 42.1571 -1.4746
v 35.5947 40.1619 -0.6145
v 35.9115 39.5399 0.0254
v 38.7425 38.9036 -1.5346
v 38.7366 47.6695 3.8655
v 40.8880 48.9802 4.2654
v 40.2156 48.1213 4.5654
v 38.0068 46.8831 4.1454
v 38.3586 45.2255 2.6155
v 39.3251 44.5156 2.9554
v 36.6136 45.3435 4.1854
v 38.2781 46.2691 5.3454
v 39.1408 44.2218 3.4855
v 39.8756 37.9541 -0.5946
v 38.6966 46.2820 7.3054
v 39.1827 46.5534 6.8354
v 39.2266 46.6705 7.4955
v 35.9846 45.0503 5.2455
v 37.0839 45.4897 5.5654
v 37.1090 45.3438 7.0954
v 38.4060 46.1434 5.9654
v 39.6744 47.1446 5.4955
v 36.7609 44.9991 4.4454
v 38.2285 43.2188 4.6454
v 38.7004 41.3532 4.4855
v 36.6735 41.3930 5.0554
v 36.2559 40.3959 4.4754
v 37.4451 40.0105 4.0154
v 41.7616 54.6138 10.3855
v 40.6532 52.9729 10.4254
v 42.2877 54.3141 10.3655
v 43.5067 56.1840 10.2954
v 39.0641 50.2892 10.3555
v 40.9814 51.5172 10.2555
v 38.7069 48.8322 10.0654
v 40.9036 50.6013 10.0154
v 39.3387 48.6432 9.7754
v 37.9447 47.0114 9.3254
v 37.4371 46.3310 8.9454
v 39.5956 48.4358 9.5254
v 39.7927 47.7269 8.7754
v 33.7453 35.9774 23.4354
v 34.2844 35.0387 22.3855
v 30.6208 35.4272 23.0754
v 31.8322 35.8932 23.1355
v 32.1854 35.1642 22.7854
v 31.0430 33.5595 22.9955
v 33.6620 36.7402 25.7754
v 33.8379 36.5211 26.3855
v 33.1626 36.9671 25.1055
v 28.7939 33.9364 23.8954
v 29.8449 32.5565 24.1055
v 30.0811 31.7359 24.5954
v 31.3444 31.9607 23.3254
v 30.9675 31.4003 24.0654
v 31.7849 37.4808 28.3954
v 37.2098 35.3901 31.1654
v 32.2446 36.9813 28.0654
v 28.7350 31.4002 26.7555
v 30.2518 30.8894 25.6854
v 30.1505 31.2504 25.1255
v 29.8400 30.8811 26.5454
v 28.8276 31.1154 27.9654
v 30.0355 30.8892 28.1454
v 29.3452 29.5759 28.9654
v 28.6482 28.9244 29.6255
v 30.0401 37.2883 32.0854
v 31.2340 37.0305 32.2555
v 30.6159 36.5195 32.7654
v 32.0900 35.5169 33.3354
v 31.7810 35.0026 34.0954
v 27.9852 28.4104 30.6355
v 29.5550 33.3817 35.6055
v 30.7450 34.3851 35.0154
v 27.0910 29.2269 33.8354
v 26.9832 28.6681 32.0654
v 28.6518 27.3289 32.3954
v 29.3106 31.5750 36.2854
v 28.8105 30.4822 36.1255
v 30.9025 31.6000 37.2355
v 27.5736 29.7301 34.8154
v 28.8917 28.4837 35.8555
v 28.4334 28.0087 34.7455
v 31.7976 49.4144 76.4354
v 31.7346 45.8452 75.9354
v 31.4886 42.0432 75.3555
v 31.6825 42.3989 74.8454
v 30.1236 43.7003 73.0554
v 30.6500 43.4285 73.1854
v 31.2439 43.3632 73.6454
v 29.1277 41.5198 72.7154
v 28.3346 40.7910 72.8954
v 29.7019 41.3034 72.5854
v 30.3540 41.3056 72.7455
v 27.9498 39.0586 72.4354
v 28.5706 39.5352 72.2054
v 28.9447 38.8303 71.7455
v 29.7338 39.1196 71.8855
v 29.1975 37.8565 71.2254
v 27.2635 37.2867 72.5354
v 27.2721 37.7393 73.2555
v 27.6837 35.9473 70.7455
v 28.9674 36.5075 70.4054
v 28.7943 37.7019 71.2054
v 27.1096 35.3078 71.4354
v 27.2551 35.8337 72.8254
v 27.3827 34.5850 70.0754
v 27.1241 33.6592 70.1255
v 27.2041 34.4477 71.8755
v 27.4759 32.7616 68.1155
v 30.4713 45.8270 76.7054
v 30.7898 45.0576 76.5254
v 30.3361 41.9261 76.2754
v 31.0532 41.7479 75.8254
v 28.3929 41.2373 75.7754
v 28.0697 40.4779 75.3855
v 28.6628 40.4115 75.8555
v 29.6990 40.5462 76.1355
v 27.5373 39.3468 74.2954
v 27.6945 39.8201 74.7455
v 28.1291 39.1516 75.1854
v 27.7282 37.4122 74.2154
v 28.4720 37.7130 74.9254
v 29.2275 39.4867 75.8354
v 28.2254 36.3449 74.1954
v 28.0305 35.8624 73.8254
v 27.5828 34.7021 72.7054
v 24.9727 28.4777 70.1155
v 24.1817 27.7590 71.3655
v 24.6824 29.0745 73.0055
v 25.4149 29.7337 74.2355
v 24.4179 29.2932 74.8855
v 25.4086 29.9000 75.5254
v 24.9757 29.8843 76.5854
v 23.4937 28.4088 75.7555
v 23.9673 29.1428 76.0154
v 24.4024 25.9663 69.1255
v 22.7270 26.4971 78.6255
v 22.8536 27.4379 77.6055
v 24.3400 29.8372 78.7455
v 23.4632 29.3161 79.3954
v 23.2421 27.7987 75.8855
v 22.6836 28.2500 79.6355
v 22.6749 27.7974 78.9054
v 24.6217 24.8628 70.1754
v 23.9265 25.2036 74.8054
v 23.0875 26.0521 77.3454
v 24.6356 30.0521 81.3555
v 24.1181 29.9272 82.7854
v 25.2765 30.0834 81.7954
v 21.8192 27.7070 83.7254
v 23.3863 29.4931 81.2154
v 22.7346 29.0504 82.4855
v 23.6278 29.7228 82.3354
v 22.3975 25.4917 82.4054
v 23.3100 29.6041 85.3755
v 22.7039 29.2514 85.1754
v 24.1552 29.8218 85.5854
v 22.1475 28.3716 83.3154
v 22.2274 28.7001 84.3354
v 21.1035 26.2280 87.3254
v 22.5636 29.1765 88.8855
v 23.4910 29.5490 87.9054
v 24.5192 29.5943 87.7954
v 21.3827 28.0102 87.7754
v 21.9837 28.7748 87.7455
v 21.1356 25.3396 88.3755
v 22.4721 25.1050 83.2654
v 21.8913 28.7312 90.2254
v 20.6683 27.5922 100.0554
v 21.4355 27.7773 101.8154
v 20.6864 26.8845 90.2054
v 21.1418 27.6234 88.2654
v 20.9697 27.7080 90.4454
v 20.8974 25.8719 88.7654
v 19.8698 26.9241 102.2555
v 20.5318 27.0514 92.0854
v 20.3648 26.4015 92.2254
v 20.3803 25.7563 92.0854
v 20.6752 25.3421 90.7954
v 19.4618 26.3876 102.3655
v 19.3820 26.0592 101.3454
v 19.9190 26.1618 95.8354
v 20.0991 24.9825 94.9855
v 20.9400 27.6492 101.6854
v 20.4206 23.8973 96.3655
v 21.0096 24.3116 91.8755
v 20.9104 23.8377 94.2555
v 19.8941 26.8328 109.1255
v 18.7775 26.0897 113.1255
v 18.6278 25.9861 105.2455
v 16.9571 22.2118 107.8354
v 19.2025 22.6788 103.7054
v 19.0514 22.5768 104.8755
v 18.4667 25.3727 107.5854
v 18.3078 25.3974 111.6255
v 18.4699 25.1799 108.7854
v 18.3524 24.7429 109.2954
v 18.2191 23.7594 109.3354
v 19.1639 22.7078 105.8655
v 18.8747 23.0287 107.4454
v 18.1832 23.4482 109.2854
v 18.5586 23.2245 108.3655
v 41.1116 44.2047 -11.4746
v 40.6227 43.4770 -11.7246
v 42.1663 43.8416 -12.9146
v 41.5688 44.9925 -10.2645
v 40.3936 45.2254 -9.1846
v 41.6399 43.3608 -12.8046
v 42.4988 44.6890 -11.7146
v 40.2598 42.2815 -11.7545
v 39.6823 41.2862 -10.8346
v 42.3067 41.3486 -13.8745
v 43.7626 44.8991 -11.4246
v 42.3078 45.1170 -8.8446
v 41.9088 45.1376 -7.9746
v 41.4648 44.5627 -6.0045
v 43.6659 43.9370 -7.9046
v 37.8468 40.3953 -6.0746
v 39.4485 40.0149 -7.4146
v 39.7586 40.0375 -7.0346
v 41.0377 43.8431 -4.9945
v 42.1245 43.7814 -6.0446
v 39.7420 43.4427 -3.7445
v 41.0716 42.5224 -4.8845
v 39.6773 41.8849 -4.1345
v 40.8238 42.2551 -4.7645
v 38.1532 40.4096 -5.6946
v 39.1755 40.9359 -4.7545
v 39.5034 40.4434 -5.7346
v 40.4663 41.1794 -5.1846
v 45.4242 57.3966 2.5254
v 46.1794 57.6465 2.8454
v 43.8845 54.2009 2.9354
v 40.5520 43.8000 -1.6546
v 41.8342 41.5078 -3.7946
v 40.0990 40.0561 -3.2346
v 38.2338 39.8475 -2.0546
v 46.6406 57.2992 3.3054
v 46.5421 56.1559 3.8354
v 45.4439 54.8176 3.6355
v 45.1020 53.1005 4.7455
v 43.6601 51.8654 4.1954
v 42.5709 51.5238 3.5554
v 43.1515 50.9668 4.5154
v 42.4729 43.6904 0.5654
v 41.7924 43.8136 1.4054
v 43.1425 50.3802 5.3254
v 44.5849 52.2059 5.0754
v 41.7717 49.5212 4.5554
v 42.0187 49.0425 5.7455
v 43.3802 50.3155 6.2954
v 39.7311 42.7483 4.0154
v 41.1323 43.3671 2.7355
v 39.8678 41.6399 4.0954
v 45.7944 57.4005 9.6954
v 44.7579 57.3938 10.0954
v 46.1587 56.6843 9.2854
v 46.8921 57.5024 8.8954
v 45.1174 55.9744 9.7654
v 44.7778 54.4984 9.5055
v 43.7135 54.4595 10.0554
v 45.5470 54.6742 8.9454
v 43.3757 52.9855 9.7954
v 42.6383 51.3611 9.4855
v 43.9298 52.2929 9.0354
v 41.8532 49.8090 9.0154
v 42.6655 50.0175 8.2754
v 43.4892 50.9962 8.3454
v 43.2007 50.1281 7.1554
v 42.1035 48.9591 6.9955
v 41.7592 48.8493 7.8454
v 41.2308 48.5978 8.3054
v 36.7492 40.7833 4.7154
v 38.2844 40.8693 4.4454
v 39.3493 38.9077 2.6454
v 38.9380 39.5360 3.4054
v 40.4235 49.5317 9.7555
v 35.9498 34.4922 21.7654
v 32.3770 33.5225 22.3054
v 32.5387 34.4351 22.4354
v 33.9758 34.5935 22.0654
v 33.5540 32.8940 21.5454
v 34.2320 33.6500 21.4454
v 33.5388 31.8813 21.5354
v 36.9347 34.5384 22.1654
v 36.4261 35.1164 23.4754
v 31.4260 30.4044 24.8655
v 33.0764 30.6277 22.4154
v 34.4595 29.2602 22.0654
v 33.6547 36.2906 27.2355
v 32.9467 36.3519 28.0554
v 33.2601 36.2602 27.7854
v 36.0082 35.4015 29.7654
v 33.6330 35.7479 28.3655
v 34.1210 34.6493 28.2854
v 34.7846 35.1510 27.2054
v 32.6840 29.5533 24.9154
v 37.5506 27.1365 20.9354
v 33.1107 32.6879 29.4554
v 33.0587 32.3934 29.3755
v 33.2042 32.8725 29.2054
v 32.9158 31.9134 28.9354
v 31.2273 30.7943 28.3555
v 30.6877 28.9862 29.4554
v 33.2470 29.6526 26.6155
v 33.7952 30.2709 27.4754
v 31.7540 29.1557 29.5854
v 32.5726 35.8621 33.1954
v 34.8712 35.1508 33.7854
v 29.3364 27.7696 30.7555
v 30.2952 27.6583 30.6055
v 29.8900 26.9881 31.6255
v 30.8341 26.8438 31.4654
v 32.5755 33.4721 35.7854
v 33.3698 34.1603 34.2154
v 29.7085 26.3287 33.9454
v 30.1096 26.0018 35.1954
v 30.0801 26.2463 33.0554
v 31.1093 32.6218 36.5654
v 32.3601 32.8705 36.5454
v 33.5258 31.6771 38.0654
v 29.6263 30.2332 36.8655
v 32.0507 30.1964 39.0154
v 29.2832 29.4506 36.5754
v 31.6376 29.2931 39.2254
v 29.4086 27.5034 36.0754
v 29.5671 27.9436 36.6355
v 26.6498 26.6268 61.5754
v 27.2357 26.2570 59.7254
v 26.5560 26.1237 61.1355
v 27.4247 26.9436 60.5454
v 26.8375 25.3969 59.7754
v 29.8160 31.1361 62.2654
v 29.1219 31.2286 63.0854
v 29.3964 32.2134 65.2355
v 28.9293 27.2794 58.4054
v 27.7281 30.2692 64.7954
v 29.0279 28.3710 58.0454
v 27.9915 31.3598 65.2954
v 28.2222 28.6667 62.6554
v 28.4586 28.1571 61.7555
v 26.4587 27.4488 63.6055
v 27.0040 27.6924 63.1355
v 27.7379 27.7095 62.0254
v 28.0290 28.1669 63.4354
v 26.3053 26.0605 61.6954
v 26.1869 25.1594 61.4754
v 25.6766 26.3599 63.8354
v 25.7736 24.9008 62.8954
v 26.4932 25.2871 60.6255
v 26.2393 23.9967 61.8454
v 29.1519 32.5216 65.8855
v 28.7528 33.3405 67.2455
v 29.7914 32.4518 65.8054
v 30.0333 33.2452 67.2954
v 29.5976 34.7522 68.9754
v 28.4449 32.0737 65.6454
v 27.3391 31.2313 67.7455
v 27.5094 30.3756 66.9654
v 26.3832 28.3541 66.2954
v 26.9033 28.3703 65.4554
v 26.3541 28.0018 65.2654
v 27.7539 29.6121 66.2154
v 26.9640 28.8119 67.1355
v 28.2844 28.4562 63.2455
v 28.0123 28.3124 64.0954
v 28.3580 28.7008 65.8154
v 26.9847 29.1635 68.7754
v 25.6429 26.8324 64.5554
v 25.6364 27.8864 66.6654
v 25.2157 27.3559 66.7854
v 25.3660 25.2774 64.4654
v 26.1257 23.5439 63.6055
v 29.8283 37.0082 70.8555
v 29.7999 36.1289 70.2555
v 28.7755 35.2028 69.3855
v 28.7399 34.2320 68.3755
v 29.6092 35.6379 69.7954
v 30.6561 35.1095 70.1954
v 27.4801 30.7555 67.9855
v 27.9122 30.3857 68.5554
v 27.4711 31.9013 69.7954
v 28.0463 29.8387 67.8855
v 28.3942 30.0077 68.6155
v 28.2803 29.6289 67.8855
v 25.9454 28.6543 68.1554
v 25.6190 28.2606 67.6854
v 24.9817 28.1075 69.0954
v 24.8895 26.4620 66.8354
v 24.6818 25.9690 67.6155
v 24.9621 25.0615 66.8454
v 25.1633 24.3785 67.6654
v 25.6519 23.8224 66.6954
v 31.4044 39.8032 73.8954
v 31.2021 37.5752 73.6654
v 31.1590 38.8231 73.0055
v 31.0868 36.1690 71.7654
v 30.8513 37.2401 74.1554
v 31.0504 35.8236 72.9354
v 30.7856 36.0859 73.5654
v 27.5806 33.8738 72.0854
v 28.1515 33.7580 72.5354
v 28.7079 33.5448 72.6355
v 29.6844 33.4820 72.5354
v 29.4809 34.6412 73.4955
v 27.3988 32.4526 70.3254
v 28.0569 31.7640 70.5055
v 28.2836 32.4117 71.3954
v 29.0761 31.0533 70.2455
v 27.1998 29.7032 73.0055
v 27.3053 29.3927 70.1454
v 26.5610 29.7986 73.2154
v 28.2093 29.1576 69.9554
v 25.4953 28.5942 68.9855
v 25.3536 29.2118 71.6055
v 26.1905 29.4087 70.8755
v 24.6542 24.6192 69.8154
v 24.8038 23.4072 68.0055
v 24.5654 23.9972 68.6454
v 25.3139 23.0295 67.3954
v 25.0110 22.3528 67.8154
v 24.2826 22.0138 68.8454
v 30.9785 40.5073 75.5354
v 31.2032 40.4922 75.2654
v 29.7931 39.2602 75.7555
v 29.7353 38.3674 75.4154
v 29.5074 37.8467 75.2154
v 31.0396 39.2934 74.9654
v 28.3594 35.1052 73.6055
v 29.4230 36.0974 74.3855
v 27.7530 29.5366 73.3954
v 25.0815 24.2265 71.5754
v 25.2483 23.8505 71.4454
v 25.2855 24.0930 72.3254
v 24.0449 22.8582 70.8655
v 23.8152 22.3288 70.7054
v 24.3298 22.8618 71.5454
v 23.7379 21.6838 71.7954
v 22.7459 18.9178 72.2355
v 26.3226 30.0533 77.2954
v 27.0720 29.8417 75.2054
v 27.6224 29.6076 75.2555
v 26.9340 29.8961 77.0654
v 25.5298 23.9672 72.6554
v 22.6896 18.7628 72.8154
v 27.4697 29.6291 77.1155
v 27.2615 29.5861 79.2555
v 25.4884 30.1346 79.6554
v 27.0241 29.4772 81.3755
v 23.2450 25.2574 79.0754
v 23.8587 24.5887 79.8655
v 25.5158 29.7573 84.8954
v 26.2974 29.6791 83.1554
v 26.7611 29.3105 83.4754
v 22.8454 24.5936 83.8454
v 25.4132 24.1386 77.9855
v 24.9198 29.8883 84.8154
v 26.0625 29.5150 84.9454
v 26.5170 29.1258 85.2654
v 25.7274 29.2468 87.3254
v 25.0187 29.3674 88.4654
v 22.4575 23.8953 88.3154
v 25.3649 24.0704 82.6554
v 23.9726 23.8135 85.7754
v 22.7320 28.3121 97.4855
v 23.5632 28.0347 97.8954
v 26.1709 28.3998 89.0954
v 24.2718 27.4811 98.2254
v 22.0340 23.9215 89.4855
v 22.8421 23.5313 89.5554
v 22.3184 23.4533 91.3154
v 23.1984 23.0360 94.2054
v 22.2941 23.1485 93.7455
v 21.5123 23.5372 93.3655
v 21.0296 23.2171 97.1454
v 21.8586 22.6478 99.8054
v 22.5559 22.6838 99.6355
v 20.8036 22.7858 101.1954
v 20.9413 22.6028 102.4354
v 21.5074 22.4648 102.8254
v 20.4338 22.8721 102.0854
v 19.8826 22.7758 103.5154
v 21.2651 27.1366 107.8954
v 19.7429 22.8078 105.8154
v 20.3153 22.2878 107.8755
v 21.3297 22.2408 107.4354
v 19.5109 22.6858 107.8054
v 19.8342 22.5558 107.2154
v 21.0845 25.2352 118.6954
v 22.1507 25.2505 114.2154
v 18.0574 22.2178 118.0554
v 49.7540 44.2081 -22.7545
v 48.0657 43.7586 -21.0846
v 42.7762 43.2792 -14.1746
v 43.6031 41.6566 -15.6245
v 50.9168 41.2657 -25.2445
v 43.7660 40.6699 -15.1846
v 44.5431 44.7575 -13.4945
v 43.2515 41.0457 -14.8945
v 45.0977 44.7769 -12.1345
v 43.6481 44.8846 -10.2046
v 45.2436 44.5511 -11.2146
v 44.1629 44.6314 -9.8446
v 41.8574 40.0471 -11.9446
v 43.8702 39.7343 -13.8146
v 42.3284 39.6950 -11.6145
v 40.5936 39.8970 -9.7146
v 42.5672 39.5568 -11.2946
v 43.7712 43.4978 -7.6746
v 40.8342 39.7629 -9.3845
v 42.1045 39.5557 -9.8146
v 40.7551 39.7675 -8.4646
v 42.3233 40.1325 -7.7645
v 43.3574 42.8352 -6.9646
v 43.2163 42.1731 -6.8246
v 41.4508 40.9977 -6.0045
v 42.0349 40.6849 -6.7645
v 43.2305 40.9840 -7.4146
v 43.4702 41.5184 -7.2746
v 41.1518 40.5496 -6.3346
v 44.3771 39.5388 -5.4846
v 43.3511 39.1522 -4.9746
v 46.0322 41.0321 -4.9646
v 43.1353 43.2216 -1.9146
v 43.9869 43.1121 -0.8346
v 43.1631 43.4060 -1.2346
v 44.8756 42.5989 -2.3446
v 40.7873 38.7243 -3.0646
v 40.8261 38.1959 -2.5446
v 42.8162 37.8929 -4.1046
v 40.9307 37.8160 -1.9846
v 48.0843 57.6192 5.7154
v 47.4526 57.3221 4.2754
v 47.7755 57.3079 4.9554
v 47.5728 56.4029 5.9654
v 47.3785 55.9942 6.4654
v 45.9998 54.7179 4.3454
v 47.1132 55.8436 5.1255
v 46.4501 54.7893 5.0754
v 46.1550 54.0185 5.7854
v 41.6501 43.6146 1.9554
v 42.8718 43.2368 1.1654
v 43.0393 42.9378 1.4454
v 42.5641 37.0134 -2.1646
v 44.2334 36.3525 -1.9846
v 46.4123 56.0429 8.7854
v 47.1555 56.6029 8.1155
v 47.9276 57.5588 7.2355
v 47.3589 56.1411 7.1155
v 46.5083 54.5372 6.9054
v 45.8088 53.6377 7.5055
v 45.4165 53.0903 5.4354
v 44.6555 51.9914 5.6654
v 44.8262 52.0488 6.3354
v 45.2182 52.6399 7.1754
v 44.5404 51.8208 7.4855
v 40.5012 40.7946 3.7154
v 41.3780 41.1856 3.4054
v 42.0440 42.4706 2.7054
v 41.8884 40.0693 2.9654
v 43.5151 41.9197 1.9354
v 42.2966 41.6248 2.8655
v 41.3468 38.8003 2.3354
v 40.4607 38.3376 1.7954
v 36.7926 33.1923 20.3555
v 43.1775 30.6168 17.1754
v 37.4112 30.6782 18.7754
v 43.2732 31.0154 18.2154
v 36.4955 29.8486 19.4654
v 36.8455 28.6365 19.5754
v 35.8298 35.4846 24.6654
v 36.5776 34.9583 24.6954
v 36.9290 34.3974 25.2555
v 37.1525 33.3302 26.0055
v 35.0913 28.5334 22.3354
v 36.0084 32.7777 27.2254
v 34.3274 33.7535 28.6754
v 34.3060 32.2241 28.3354
v 35.5160 31.8714 27.5454
v 35.3345 30.6811 27.2455
v 35.1435 29.3724 26.2355
v 44.7975 29.7870 32.0055
v 37.2711 30.6085 31.3555
v 34.2733 31.8513 30.4955
v 40.5314 31.0551 30.7154
v 34.1725 30.8689 30.5055
v 33.5386 29.8915 30.1654
v 32.2994 29.6035 29.5654
v 36.6611 34.7620 34.0454
v 36.3197 34.1268 34.5354
v 35.6707 29.3014 32.3254
v 34.1237 29.4569 30.7254
v 33.5714 28.3037 30.8354
v 33.1023 27.3751 31.2054
v 31.9779 27.7045 30.6255
v 33.3517 26.6209 31.8954
v 32.7341 26.0874 32.2854
v 34.1309 33.6639 34.2555
v 36.8775 29.3361 40.3855
v 36.9355 33.3893 34.9354
v 35.1258 32.9835 34.4254
v 35.4271 32.2834 34.8154
v 30.8809 25.8396 33.1255
v 31.3628 25.5122 33.4554
v 31.9333 25.3235 33.5254
v 33.4472 30.9656 38.9354
v 34.3219 31.4943 38.1854
v 32.4058 28.9888 40.2054
v 32.2565 28.2801 40.5055
v 31.3620 28.0161 39.3354
v 33.2987 29.5267 40.4955
v 31.0131 26.9952 38.7254
v 30.9440 26.1962 38.1055
v 31.4777 25.2102 38.1055
v 31.6848 24.7567 37.1055
v 32.9174 26.5158 43.0554
v 31.5664 26.1440 39.5854
v 31.9148 27.0746 40.4855
v 30.4629 27.6886 53.7954
v 31.2114 27.0139 51.5954
v 30.5683 26.7258 52.3454
v 29.7064 27.0443 54.7555
v 30.0730 25.4113 52.8954
v 31.0887 27.9187 53.2555
v 30.7477 25.9564 51.2654
v 30.7793 24.7564 50.6954
v 29.6570 28.9847 57.3655
v 30.5138 29.4007 57.0055
v 30.8426 29.5256 57.0954
v 29.2267 27.4174 56.6255
v 29.4473 26.4848 55.8254
v 29.2965 26.2369 55.7455
v 29.3410 26.4443 56.1155
v 30.9313 24.2282 49.9754
v 32.8269 23.0771 45.3954
v 28.3593 23.9452 55.6754
v 30.5951 29.9489 58.3954
v 31.2354 29.8123 57.9454
v 31.2811 30.1429 59.1954
v 33.0640 27.6596 52.0954
v 32.0809 29.6728 58.9254
v 29.1327 26.8177 57.4054
v 28.3783 27.6800 61.2054
v 27.9977 26.1231 57.9654
v 27.8495 24.7795 57.0154
v 27.5075 24.6897 57.7954
v 27.4269 23.9780 58.0055
v 27.9094 23.3849 57.0254
v 28.2723 22.6188 56.9254
v 29.5757 22.6138 53.4254
v 27.9826 22.3308 58.6854
v 30.4580 31.0037 61.8154
v 31.5169 30.7236 63.4054
v 31.0522 31.2784 64.0954
v 26.9925 23.7293 59.4254
v 27.3462 22.6758 60.2054
v 28.1401 22.0708 59.2754
v 28.7366 21.7578 58.3855
v 29.9976 31.9932 64.7854
v 31.0519 31.5797 65.7154
v 26.7781 23.6072 60.2954
v 26.6381 23.0414 62.6454
v 27.1252 22.6038 62.3354
v 28.2644 21.9178 60.8354
v 28.4800 21.9708 62.4554
v 31.3090 31.3203 67.2854
v 31.4016 31.0014 65.9754
v 32.3678 29.3322 61.4154
v 31.3287 30.6732 67.1454
v 31.0593 31.3037 68.7954
v 28.1419 28.7440 64.7154
v 30.5140 28.8240 66.5654
v 29.6814 28.1390 66.6654
v 29.7516 28.0922 65.6155
v 26.7686 22.8418 63.8755
v 27.2669 22.5518 64.2254
v 26.6345 23.0271 66.3954
v 30.9033 34.9902 70.5254
v 31.0647 33.7185 70.9054
v 31.1010 33.1071 69.5254
v 30.7789 31.2544 69.3555
v 30.8802 30.7501 68.6355
v 30.5154 30.7406 69.1854
v 30.4842 29.2534 67.2854
v 29.6798 30.8711 69.9654
v 30.2474 29.7722 68.2954
v 26.3672 22.5458 66.8655
v 25.6941 22.5878 67.1754
v 27.0704 22.5958 66.6954
v 26.6703 21.8148 67.0754
v 30.6557 34.4147 72.5454
v 29.4233 31.9688 71.1954
v 29.9958 32.3550 71.3254
v 29.1314 28.5307 71.2455
v 29.3999 28.2766 70.6155
v 30.5509 28.7207 71.2455
v 29.4757 28.2253 69.9855
v 24.3965 19.4878 69.1355
v 24.2629 20.2478 69.0754
v 25.9398 19.7698 68.2154
v 25.3149 19.2298 68.6554
v 26.7923 20.1318 68.0254
v 27.8538 29.4529 75.5854
v 28.2705 29.2284 73.4254
v 29.4311 28.7737 72.9154
v 27.0234 23.9525 74.5055
v 27.4384 23.5588 71.4554
v 28.4419 23.7030 70.6554
v 26.7666 21.5698 72.2355
v 27.6536 23.2390 71.0754
v 23.0547 17.7078 71.0854
v 22.2511 16.2878 72.6255
v 22.7349 13.7458 72.4354
v 24.9404 16.5748 70.0554
v 28.6558 28.8051 74.3454
v 28.1072 29.3477 75.9254
v 26.3532 23.8552 74.0354
v 21.4928 13.2298 76.9754
v 20.9233 9.7368 79.1554
v 22.8850 14.8178 76.4654
v 23.8587 13.9828 76.6654
v 21.1653 13.2898 75.0454
v 22.1485 14.1898 72.9354
v 32.9042 29.2854 77.7754
v 28.3006 29.2291 76.8655
v 32.1566 28.5221 78.4054
v 27.8799 28.8897 79.8454
v 28.6022 28.0012 78.2154
v 28.5678 28.0455 78.8454
v 32.4749 28.0059 79.5954
v 28.2123 24.2320 77.6155
v 26.9369 24.2450 77.0554
v 27.6333 24.1813 74.6754
v 27.6972 24.5643 76.6454
v 21.0589 12.2918 75.1155
v 21.7195 11.2298 74.2954
v 22.2858 11.6028 73.6355
v 28.2110 28.2222 80.0654
v 26.8318 24.3737 78.9354
v 27.7493 24.0868 78.1155
v 21.4798 14.2358 75.9454
v 21.2208 9.0718 79.7754
v 20.8696 12.4288 76.0454
v 20.6527 11.3928 76.4054
v 20.8703 8.9668 76.2154
v 27.8679 27.6370 82.9955
v 27.0095 26.7288 88.2654
v 28.4784 26.7601 80.5554
v 21.0898 12.2818 77.3154
v 20.7839 11.7878 77.1454
v 20.5965 11.2378 76.9855
v 20.1296 8.2718 78.4154
v 20.2197 8.4108 77.8354
v 26.7903 28.0606 87.5754
v 26.7813 27.2928 88.9654
v 27.4378 24.7370 79.7654
v 25.6725 24.5418 92.8354
v 26.5659 27.8153 89.0454
v 25.2649 25.6975 97.3954
v 22.9545 22.7848 99.4254
v 22.3946 22.8800 110.5954
v 23.7235 23.1465 99.0254
v 25.0748 26.3342 97.8154
v 22.6491 23.3075 111.0554
v 22.4895 22.5888 103.6654
v 22.1069 22.5588 109.8454
v 21.9800 22.4208 104.7854
v 22.3223 24.0592 114.6055
v 47.1577 44.8818 -16.0946
v 56.9749 44.7979 -29.8546
v 48.3665 44.7856 -19.0045
v 47.0622 44.8492 -15.1846
v 49.6137 44.7700 -18.1445
v 50.0259 44.5904 -22.1746
v 48.1475 44.4074 -14.7545
v 48.0994 39.9401 -19.2046
v 44.3386 39.4373 -13.1646
v 46.1939 43.1892 -10.4046
v 45.1306 42.6319 -8.8546
v 47.0293 43.3266 -11.6046
v 46.2786 42.5479 -10.2146
v 43.5432 39.4233 -11.7545
v 43.4886 39.4222 -11.1445
v 45.3211 39.3795 -13.3046
v 44.5471 39.5966 -10.8945
v 45.1826 39.6460 -11.3945
v 46.1348 40.7020 -10.6546
v 45.3155 40.7549 -9.6546
v 44.6546 40.3076 -9.4646
v 45.4914 41.9129 -9.2445
v 44.7281 41.3675 -8.5846
v 46.3730 42.1846 -10.2746
v 45.9090 41.5475 -4.2545
v 46.5745 41.8221 -3.1245
v 46.2860 42.0308 -2.5045
v 45.5428 39.8235 -5.8745
v 44.9525 40.8471 -5.0246
v 45.4792 37.5565 -6.1646
v 44.3550 37.4315 -5.1646
v 45.1201 42.5956 -1.3546
v 46.3016 41.6940 -0.7046
v 44.9050 42.3460 0.1155
v 45.8295 41.5497 0.1155
v 46.3746 35.4088 -4.9146
v 44.4011 42.1991 0.9154
v 43.5183 37.8991 1.0354
v 42.0905 38.8464 2.2254
v 44.7568 40.2512 1.5854
v 44.5168 39.0190 1.4955
v 45.8576 36.2475 -1.3845
v 41.3710 30.2329 16.7455
v 37.4488 29.6718 18.6654
v 37.6684 27.7743 19.2254
v 36.9286 27.8247 20.3454
v 44.1613 29.8178 20.6255
v 37.9484 32.3989 25.6654
v 42.9801 29.6714 21.9254
v 40.0789 27.2117 22.8454
v 38.5967 26.6673 21.6554
v 37.0910 31.1738 26.4454
v 37.2746 31.8024 26.3555
v 41.0961 28.0533 23.0754
v 36.3549 29.8384 26.3054
v 39.6275 34.4481 32.6754
v 39.5629 34.0456 31.2555
v 38.9714 30.0176 31.5554
v 38.7604 33.7176 34.8454
v 40.6217 33.9227 33.6854
v 35.4833 31.1240 31.7555
v 35.3720 30.9339 32.0055
v 35.9710 30.9316 32.7455
v 38.9494 29.5351 33.0055
v 36.2573 30.9615 33.4354
v 33.7414 27.3388 31.5055
v 34.5668 27.1242 32.1255
v 34.0248 26.6805 32.1255
v 35.6947 28.1910 32.5654
v 36.4384 28.2587 33.4855
v 38.7471 32.4023 35.5254
v 37.8681 28.7777 37.4754
v 36.5932 30.5152 34.7854
v 36.4103 31.0007 35.6854
v 36.5779 29.1499 33.7154
v 33.2395 25.2570 33.4454
v 33.7817 25.0667 33.8254
v 37.4176 29.4511 38.6355
v 32.1745 24.6971 34.9955
v 34.3004 23.3406 37.6055
v 35.7285 29.7562 40.5654
v 34.5159 29.4171 41.1954
v 32.2618 24.4505 39.6454
v 32.5537 24.0210 38.4154
v 33.0132 23.4155 40.8154
v 34.0597 23.0416 38.7455
v 35.2611 27.3422 44.3154
v 32.1929 25.1589 41.0454
v 32.4696 24.4469 41.5654
v 32.8999 23.4310 42.6754
v 34.4581 27.6222 43.5954
v 33.7355 25.7249 45.5354
v 33.3613 25.1725 45.6554
v 32.5799 25.3083 43.0354
v 32.8305 23.5318 44.0055
v 32.7324 24.2362 44.0754
v 33.2801 25.9427 47.6854
v 32.1142 26.0383 49.0454
v 32.3674 26.3385 49.1654
v 32.2991 25.2649 47.9754
v 33.9126 26.4207 48.5454
v 32.6593 27.2407 50.6754
v 32.0061 24.4474 47.7355
v 34.1349 26.5759 49.2455
v 33.8575 27.2364 52.1554
v 31.4845 26.2911 50.2355
v 30.9265 25.0967 50.4855
v 33.1576 22.3978 44.9955
v 33.7908 27.4516 54.0654
v 34.6193 26.4978 50.8855
v 30.0727 22.1378 52.7854
v 34.1706 21.4378 44.0354
v 31.0206 21.2648 52.4554
v 29.6481 21.6678 55.1055
v 30.5133 21.2238 54.2254
v 30.8922 21.1578 53.3454
v 30.7147 21.0618 54.8555
v 30.0089 21.2498 56.3254
v 32.5633 29.1636 58.2854
v 32.9293 28.6357 58.8655
v 34.0842 26.8508 54.6155
v 33.6967 26.2190 56.1055
v 31.1907 29.0787 65.8855
v 32.4930 26.4687 59.2254
v 33.5607 26.0059 56.5154
v 32.4573 27.1704 60.3154
v 29.4469 21.5188 56.5954
v 30.2224 21.1768 57.2954
v 30.9736 20.9688 55.2054
v 31.4429 26.8757 61.6255
v 31.8142 26.8823 61.0654
v 32.1633 26.4426 59.7854
v 32.3687 25.7069 60.9154
v 33.6357 25.0044 57.8755
v 29.5158 21.4238 59.0854
v 29.7988 21.5078 60.0954
v 28.8311 22.7568 66.4454
v 30.8402 21.3998 59.0254
v 30.5748 27.4339 64.0854
v 30.8297 27.2102 63.7654
v 30.9145 28.3738 65.2455
v 31.3549 26.7366 62.8254
v 31.4515 27.1000 61.9855
v 31.2846 26.3631 64.6055
v 32.4837 24.7914 61.3555
v 30.0585 27.3664 69.5954
v 31.1600 26.0592 65.7654
v 31.4318 25.1558 64.9855
v 31.0508 21.7288 60.0754
v 30.2879 22.5958 63.8755
v 29.1071 23.2487 67.8655
v 30.3488 23.1610 65.2654
v 31.4784 22.8978 62.2954
v 28.4645 22.6558 66.2954
v 30.3223 26.4861 69.4554
v 30.1487 25.5397 70.1454
v 30.4764 24.9275 68.1954
v 29.5986 24.0213 69.0754
v 30.9857 23.6804 64.8855
v 32.2151 28.6032 70.6055
v 32.2611 28.8288 71.2854
v 31.5568 28.8984 72.1055
v 32.8223 28.3960 70.1554
v 29.8512 25.1347 70.6255
v 29.9489 24.7227 69.6055
v 36.6701 27.1233 68.7555
v 31.2276 25.0834 70.5654
v 34.2939 26.3736 69.0754
v 31.5525 25.6415 69.8555
v 28.9877 23.5803 69.1654
v 29.2961 24.7177 71.6654
v 28.6667 22.4088 67.9054
v 26.0641 14.3948 72.1754
v 27.1302 18.9888 69.0354
v 26.3154 15.8278 73.7954
v 31.7984 28.8277 72.7654
v 29.5121 28.5278 74.4654
v 31.1109 28.3194 74.0854
v 32.3553 28.6694 73.1454
v 31.9955 28.1351 74.3855
v 32.6456 28.0317 74.0055
v 32.3749 28.2621 74.5254
v 29.8878 25.0304 73.1055
v 29.0535 25.0135 73.2555
v 29.4596 24.9565 71.7555
v 32.1007 24.4677 72.4754
v 28.1844 24.5598 74.8655
v 26.4400 15.5408 73.4454
v 25.5690 14.0158 71.9054
v 25.7090 16.1428 70.3454
v 34.8851 29.6992 76.3755
v 34.2612 29.6736 77.1854
v 33.4194 29.2322 75.4054
v 29.1769 25.6762 74.3655
v 29.4825 25.5751 74.1355
v 31.1995 25.8123 74.7854
v 25.1047 14.4318 75.6355
v 26.0376 15.4558 74.2854
v 24.8982 12.7028 72.5055
v 23.3900 12.3558 72.6754
v 28.3242 24.9173 76.2254
v 30.7265 24.1235 78.6954
v 31.0869 25.3692 77.4855
v 29.8925 24.3334 77.9554
v 25.2981 12.8758 72.6754
v 22.8680 11.3788 73.3855
v 22.8679 10.0988 74.1055
v 24.1502 10.0278 74.2654
v 23.1079 8.6588 75.0154
v 35.1389 27.8024 82.2555
v 33.1041 28.0718 80.3555
v 32.9867 25.3149 82.0654
v 33.8656 27.2316 82.3354
v 33.9549 26.7658 82.6055
v 30.4239 24.5333 80.5554
v 30.6336 24.0358 79.2854
v 23.4150 13.8988 76.8755
v 22.2358 10.3738 78.9855
v 25.2611 14.0438 75.5654
v 25.5741 13.9658 75.3655
v 21.3093 8.5328 75.8855
v 23.2052 10.9018 78.3454
v 20.5634 6.5858 77.7355
v 21.2766 6.5518 77.0055
v 21.6376 6.5678 76.7654
v 21.3421 5.4068 77.6954
v 20.9903 5.4128 77.9454
v 20.3075 8.1448 79.6754
v 20.9275 6.6388 81.4454
v 22.2431 8.4818 80.1255
v 22.8619 8.3408 79.8954
v 20.0014 5.6998 79.3855
v 19.8792 5.7508 80.3054
v 19.8068 4.2378 80.8954
v 20.4272 4.4468 79.1854
v 21.3209 6.7678 81.4354
v 19.9119 5.0538 81.4054
v 19.7317 2.8628 82.1355
v 20.2603 4.5278 82.6055
v 20.5944 4.1408 83.2154
v 21.7341 5.0538 82.6954
v 20.4696 2.0188 80.8354
v 20.0882 1.4018 81.8755
v 19.9893 2.6078 83.6954
v 19.7225 -2.8632 87.4154
v 55.9154 44.3091 -30.7946
v 50.4566 43.9745 -24.1046
v 50.0267 42.9011 -24.4246
v 52.0554 42.5337 -27.2445
v 52.1203 42.1842 -27.3146
v 50.0479 41.7017 -24.3845
v 55.3021 44.7069 -26.4446
v 50.5549 44.5581 -18.6345
v 50.9337 44.0591 -18.0546
v 49.2362 39.7364 -18.0946
v 49.1981 43.1497 -14.5246
v 49.0822 42.4972 -14.0646
v 48.9744 41.8195 -13.9246
v 48.0045 41.5039 -12.6145
v 54.7033 41.6138 -22.5646
v 55.4449 41.0800 -24.1046
v 46.9787 40.6674 -11.7545
v 53.3512 40.3835 -22.1646
v 47.4163 42.1467 -11.6445
v 47.9583 40.3984 -5.6746
v 47.8803 37.3536 -7.8546
v 48.3770 38.4424 -7.6746
v 48.4575 36.5610 -8.3246
v 48.7972 40.6901 -4.2046
v 45.6988 36.0367 -5.2146
v 47.7689 40.9041 -1.5346
v 46.0328 40.6548 0.5754
v 47.7614 40.4997 -1.0045
v 47.1157 35.1113 -3.5846
v 46.7954 39.3991 0.3154
v 45.8965 39.2844 0.8655
v 47.2227 39.6607 -0.0446
v 44.4834 38.1544 1.0354
v 46.3341 36.8279 -0.6345
v 49.1191 35.2615 -2.8645
v 39.2098 29.2913 17.3755
v 42.1133 28.5643 15.5654
v 39.9861 27.3448 17.0454
v 40.4811 28.3320 16.4554
v 41.0869 27.4997 16.0654
v 42.9993 31.2542 18.8254
v 43.2263 31.1535 19.4955
v 38.2418 26.9155 19.4554
v 40.0560 26.8316 17.2854
v 38.9645 26.8811 22.4054
v 40.9527 24.2959 19.9955
v 42.6093 28.9660 22.3755
v 40.0190 33.5641 31.0554
v 40.7829 33.6706 34.2854
v 40.5083 33.2339 35.0754
v 41.7695 33.4392 33.1754
v 42.4449 32.9932 34.4554
v 39.9827 29.0370 33.7254
v 42.9683 28.8444 36.5654
v 36.4928 31.6656 34.5254
v 37.5812 28.6813 35.9955
v 37.6686 28.0024 35.8555
v 35.4390 26.3713 33.3054
v 36.3528 26.3641 34.2254
v 37.3338 26.1557 35.6954
v 36.7293 24.9832 35.9354
v 35.7108 25.1068 34.7954
v 37.8382 28.9244 38.5954
v 38.0289 27.8799 36.8354
v 34.6814 24.4107 35.2154
v 35.2967 24.3702 35.5654
v 35.4983 23.6468 36.9654
v 37.3216 24.1608 37.7455
v 36.3925 23.5637 37.6954
v 37.9548 28.6325 39.4955
v 37.8344 28.0499 41.5354
v 38.2039 28.2849 38.5854
v 35.8112 22.1328 40.4454
v 36.2306 22.2808 40.2455
v 36.8093 28.1947 42.6155
v 36.1687 28.2860 42.8254
v 33.8957 22.0498 42.8655
v 35.6311 20.9218 43.5754
v 36.3050 26.3132 45.8555
v 36.4805 27.1421 44.5055
v 37.3662 26.8658 44.3054
v 33.5442 22.1768 43.7654
v 36.8590 26.0874 45.9054
v 36.8034 26.0229 46.1954
v 35.6259 26.3178 46.0354
v 35.5046 26.0989 50.0254
v 35.1439 25.7730 52.3855
v 34.6784 26.3393 52.1155
v 35.3781 25.9963 50.9254
v 35.6512 25.3807 52.0854
v 34.2066 26.8532 53.7054
v 35.4141 25.0899 53.2254
v 35.6976 20.5778 44.7654
v 32.3702 20.7418 53.2254
v 33.4538 20.7288 52.1854
v 36.6668 24.4771 50.8254
v 32.6509 21.0028 55.2154
v 33.9395 20.9498 52.9554
v 31.1228 21.1448 57.4554
v 32.9800 23.4162 59.5754
v 36.8211 26.7291 68.7154
v 38.1682 28.3065 69.3954
v 34.2460 28.6360 70.3755
v 36.2540 26.2562 68.8454
v 33.8377 28.8619 71.6055
v 38.8156 28.5547 70.9254
v 39.2355 28.5203 69.7555
v 34.5039 25.4784 69.4554
v 34.2656 25.0528 69.8954
v 32.4771 24.8901 70.4454
v 32.4851 24.4142 71.5954
v 36.4537 28.0800 72.5554
v 34.9771 28.9611 75.1554
v 34.5482 27.9509 74.6255
v 33.3742 26.8307 74.4154
v 33.6803 26.7381 74.2254
v 36.3079 25.8213 73.4754
v 31.8067 24.6641 73.0854
v 32.3401 24.8332 73.5354
v 32.3627 25.3295 74.1055
v 37.1803 24.9223 72.9254
v 37.6418 29.8939 76.3254
v 37.3314 29.6292 78.4354
v 33.3543 25.5699 75.4654
v 31.9385 25.3880 75.4654
v 35.1904 25.4998 76.1155
v 27.7091 13.2248 73.5954
v 38.6821 29.1182 79.2555
v 34.4398 27.1523 79.1554
v 34.6568 27.7637 79.9654
v 32.7319 25.2692 77.1554
v 32.9178 25.6159 77.8954
v 32.7423 24.8313 78.4754
v 33.5237 25.8781 78.3855
v 34.5696 25.9551 78.8354
v 25.6817 12.9948 72.7254
v 27.9765 11.6988 73.7355
v 28.5429 13.1138 74.8755
v 27.2176 13.9348 75.4254
v 28.2397 13.2898 75.4754
v 25.7384 11.9518 74.0654
v 27.3404 10.5238 74.6854
v 35.3419 27.9556 80.7654
v 30.9805 24.2635 80.3454
v 31.6070 24.0944 79.1754
v 36.4683 24.1619 81.6954
v 26.8220 13.8418 75.6355
v 25.2948 12.6218 75.6954
v 27.0466 12.3288 76.3354
v 26.6247 11.3268 75.7754
v 23.8724 7.0938 76.8655
v 22.7532 5.5178 77.3655
v 32.9432 25.9620 82.2455
v 34.6142 25.3813 82.8254
v 23.9805 9.6998 78.2254
v 23.4815 8.1648 79.4754
v 24.5102 9.7148 77.3954
v 24.2890 7.7238 77.5354
v 23.8997 7.7738 79.0354
v 24.0934 7.1348 78.6155
v 23.8027 5.8618 79.8354
v 22.6237 3.4388 79.0654
v 23.2855 6.5418 80.5854
v 21.4332 4.3198 78.4054
v 23.0909 3.1448 79.7154
v 23.4410 3.7128 81.7854
v 21.1567 1.9708 80.3354
v 22.0551 0.5528 81.4354
v 21.4259 3.8648 83.6255
v 22.6779 3.6158 83.1854
v 19.7206 -0.9692 84.7154
v 20.8410 -2.8422 84.6454
v 20.1640 -3.9332 89.1454
v 20.0070 -1.7992 84.5854
v 58.2855 43.2773 -35.2645
v 56.8739 43.8544 -32.9046
v 54.4415 42.0887 -30.3246
v 55.0696 40.2503 -28.7445
v 55.1115 44.0269 -24.1345
v 54.7152 43.3840 -22.7846
v 53.3551 35.6336 -11.2346
v 49.7906 38.5736 -7.9146
v 52.3281 35.6380 -10.8845
v 50.9498 35.6760 -10.1345
v 49.3037 40.0527 -5.8146
v 50.1678 39.8495 -5.3745
v 51.8655 37.8918 -8.6846
v 51.1889 38.8363 -7.2846
v 48.5311 35.1765 -7.9945
v 52.4027 32.9113 -11.1946
v 48.8921 40.4714 -2.6646
v 49.5607 40.2602 -3.8346
v 49.3620 40.0560 -2.6646
v 51.1481 39.2319 -4.6946
v 50.9850 39.0468 -3.8346
v 50.0096 33.4085 -7.7846
v 47.1498 34.9444 -4.8645
v 48.5714 39.3760 -1.0946
v 49.3992 38.8613 -1.6746
v 47.1171 38.0251 -0.1145
v 49.0643 37.5470 -1.3645
v 48.2068 37.1463 -1.0446
v 49.0346 38.2102 -1.2545
v 48.5824 36.4754 -1.6145
v 49.2611 34.5047 -3.9346
v 42.8769 29.7734 16.0754
v 44.0796 29.8715 16.2455
v 47.7542 26.8479 13.0354
v 42.8613 27.4063 14.9354
v 47.0133 23.9753 12.3555
v 43.8253 30.7855 18.2754
v 43.8122 30.6340 17.6155
v 41.8460 26.1383 15.9154
v 42.2611 25.5992 15.8755
v 40.6974 25.5104 18.0554
v 41.0345 25.4723 17.7954
v 52.9043 14.1968 15.3755
v 44.5952 21.6398 17.3154
v 40.7990 25.0630 18.2854
v 39.2388 26.7351 22.2854
v 41.0198 24.6303 21.0254
v 42.0744 24.9144 21.9054
v 42.4446 32.5349 32.0055
v 42.5280 32.8150 32.5554
v 43.3173 31.5260 31.8154
v 46.5869 29.4548 32.7154
v 43.5396 32.1461 32.6055
v 46.1137 28.3932 32.4154
v 44.0776 32.2498 34.6055
v 43.6037 32.5344 33.9554
v 43.6921 32.2400 35.1554
v 42.1519 27.9674 33.5854
v 42.7790 32.4544 35.3354
v 41.3782 31.7398 36.0954
v 41.7486 31.1588 36.3454
v 42.3913 30.4525 36.6055
v 45.6547 28.3742 37.5454
v 42.5211 28.5104 36.0854
v 38.4820 26.6430 37.9855
v 38.2651 26.2212 37.4554
v 37.5820 25.8576 36.2954
v 37.3305 25.2475 36.4254
v 37.8261 25.0614 37.4154
v 38.2414 24.9131 38.4054
v 38.3142 28.0289 39.7455
v 38.7299 26.8251 39.2355
v 37.6066 23.6642 38.9454
v 38.6348 25.1846 39.1654
v 38.1175 23.9996 39.3254
v 38.1046 27.3669 42.3655
v 38.5679 26.8757 42.0354
v 38.9861 25.9326 40.6554
v 38.9967 25.1991 40.8054
v 39.0125 25.4671 42.1155
v 38.6796 23.8913 41.0754
v 37.3682 22.5038 40.8254
v 37.9899 22.6688 41.6055
v 37.9912 26.6782 43.7555
v 38.0649 25.6447 45.1055
v 38.1121 25.1647 45.6355
v 38.6361 25.3041 44.1954
v 35.1828 21.2648 42.9354
v 34.9886 21.0088 43.7854
v 36.6770 21.5008 42.3454
v 37.0167 20.9448 44.1654
v 37.7669 25.2456 46.2054
v 36.7177 20.7258 45.2954
v 35.4192 20.9308 49.7954
v 36.5666 25.4216 49.4554
v 37.1816 23.8821 49.8555
v 36.3552 25.1886 50.6155
v 36.4999 23.9781 51.6255
v 36.7021 23.3357 51.2054
v 36.1315 22.6038 52.1854
v 34.9496 21.0178 51.2854
v 35.9204 21.4528 50.6954
v 36.3649 21.5268 49.8254
v 36.5182 21.9608 50.4054
v 38.1075 22.6668 46.9454
v 37.1118 22.3368 49.4454
v 34.2474 21.2768 53.6554
v 35.1523 21.7458 53.0554
v 38.7728 28.1253 69.1155
v 35.6767 25.1631 69.5654
v 37.4187 25.2820 69.3054
v 38.8829 28.1516 71.7954
v 36.2054 27.6419 73.0354
v 36.7302 27.3501 73.0754
v 38.6095 27.0412 72.7455
v 35.3527 24.6151 70.3154
v 34.7292 24.2511 71.6754
v 35.7655 24.2537 71.2555
v 36.9806 24.5377 70.3054
v 39.6991 29.1586 75.4654
v 38.6225 29.8029 76.0254
v 40.4173 28.5399 75.3354
v 39.8936 28.1173 75.2455
v 38.8132 27.2339 75.2455
v 36.2467 26.6864 75.0254
v 36.4499 26.8118 73.3755
v 36.1557 24.6908 72.9354
v 37.3130 30.0119 76.9054
v 38.2933 30.1318 77.7555
v 37.5923 26.7567 75.2254
v 33.8000 25.2826 76.4254
v 35.0107 25.6176 75.7954
v 34.7829 25.3475 76.9454
v 36.1713 25.4675 76.9254
v 36.5681 26.0577 75.5654
v 40.9576 29.7512 79.4654
v 33.8861 25.7883 78.1554
v 35.3661 27.0787 79.5754
v 36.1553 26.6705 79.7654
v 35.2305 26.6696 78.8855
v 33.9487 24.6912 79.1355
v 28.2305 12.2498 73.7954
v 28.9762 12.6158 74.8454
v 29.1978 12.4998 75.4855
v 29.3804 11.2538 74.3054
v 30.5581 11.1428 75.4454
v 28.5745 9.6188 74.7154
v 36.9058 27.5563 83.5354
v 37.9796 27.7536 83.7254
v 36.5606 27.7537 80.9554
v 36.9091 27.9240 81.6854
v 33.8979 24.2015 79.9554
v 35.1676 24.2398 81.7754
v 36.6299 24.9435 80.2555
v 28.4559 11.1878 76.9054
v 29.9836 11.5048 76.3555
v 28.1369 9.6078 75.8555
v 29.7326 8.0488 75.8454
v 36.3307 27.0741 83.7154
v 35.1932 25.9962 83.3154
v 36.3381 26.2933 84.0254
v 35.6732 24.8448 83.0454
v 33.7950 24.9289 82.1554
v 23.4656 2.6538 81.8655
v 22.0664 -3.6262 85.4254
v 22.5167 -3.1342 85.3954
v 22.8154 0.1038 85.5254
v 22.6268 0.4218 85.5854
v 21.4514 -2.9672 84.6055
v 22.3079 0.5008 85.8555
v 21.6647 -1.2612 87.5254
v 22.8749 -1.5702 86.4454
v 22.8314 -3.1872 87.3254
v 19.9609 -3.1602 85.8354
v 20.5555 -3.9452 85.7754
v 21.0833 -1.0972 87.4554
v 21.3061 -2.5432 88.5254
v 21.5314 -5.2572 90.3555
v 22.5785 -1.5342 87.0154
v 19.6338 -5.7352 88.0055
v 20.2993 -7.5262 88.4354
v 19.2692 -6.7452 89.5954
v 19.5461 -5.9942 90.0754
v 19.5451 -7.5842 89.1454
v 19.6878 -6.1662 90.4254
v 38.0825 39.3307 119.8154
v 38.6953 39.0859 118.6355
v 38.3431 37.7435 117.9654
v 59.3177 44.3391 -35.7645
v 57.2577 42.6700 -34.0346
v 54.5991 42.4400 -30.5846
v 54.7760 41.4355 -30.4046
v 57.1983 41.7417 -33.6245
v 55.7846 41.2535 -31.5045
v 56.1806 40.7324 -31.2346
v 54.5913 40.5859 -29.0746
v 57.5573 44.2642 -27.9846
v 57.5164 44.6658 -29.1546
v 58.6448 43.6446 -28.5446
v 53.4342 40.2068 -22.8146
v 52.0427 38.5491 -7.1846
v 51.5058 39.0572 -5.9246
v 52.5695 38.3389 -6.7346
v 51.9003 38.6546 -4.9945
v 49.6273 33.5888 -6.2545
v 50.5023 38.2627 -2.5346
v 51.6479 37.0140 -3.3346
v 52.4924 37.2221 -4.2645
v 52.9285 36.1024 -4.4346
v 50.4804 33.3609 -5.8346
v 51.6762 34.8259 -4.0246
v 50.1493 36.3664 -2.4046
v 50.5192 36.9003 -2.4546
v 45.1463 29.7109 16.4154
v 45.4527 29.7253 16.7854
v 50.1118 26.0528 12.2254
v 52.0703 25.1128 11.4054
v 46.2351 25.8456 12.9354
v 44.8448 30.1952 18.6554
v 46.5142 29.2299 17.1954
v 46.5413 29.1691 16.5554
v 45.9111 29.0339 19.2254
v 42.6114 24.9749 16.1155
v 42.2388 24.9940 16.6654
v 43.2879 23.1172 17.3954
v 43.4730 24.5715 15.5055
v 44.8783 23.3270 15.5554
v 47.5911 27.5375 18.5854
v 43.2614 28.1254 21.9454
v 44.3621 27.8792 21.1654
v 42.9152 27.4948 22.3655
v 44.2449 25.2976 21.9654
v 46.6192 23.8243 21.1155
v 42.9022 23.7253 21.2555
v 45.6737 31.4239 34.7254
v 43.0877 27.7431 33.0954
v 43.9987 31.0231 36.5055
v 46.8575 28.8302 37.6454
v 47.1074 29.9207 36.8555
v 46.2872 25.6749 34.8154
v 38.2524 22.5018 42.8755
v 38.5842 23.0736 42.7555
v 38.2232 21.9718 44.6255
v 38.6574 23.0428 44.9454
v 37.8412 21.5128 44.4454
v 38.2139 23.6646 46.8755
v 37.7712 21.6408 46.3454
v 45.1263 28.9621 69.4254
v 42.0732 26.5309 68.4354
v 41.0238 25.1771 69.3454
v 38.3380 24.5746 70.1954
v 41.5409 28.1235 71.6754
v 39.7787 27.3428 72.4054
v 39.5749 26.2807 72.8254
v 37.7481 24.2386 71.3254
v 42.6375 30.6031 76.5055
v 43.1826 29.5561 75.8054
v 40.1287 27.2513 75.5055
v 39.8879 26.7847 75.7455
v 40.5125 30.5893 77.6554
v 40.3256 30.3506 78.5055
v 43.4145 31.2884 78.6854
v 41.8870 30.7750 77.0254
v 42.7222 31.1576 77.8954
v 42.8467 30.8735 79.1155
v 37.9809 25.7390 76.7054
v 37.8192 25.6762 77.2854
v 37.2064 25.7111 77.8054
v 42.3668 28.6105 80.0254
v 38.3299 26.0930 78.4154
v 39.7131 26.2014 78.3954
v 40.7344 27.1433 79.3855
v 30.9059 10.3718 74.9354
v 30.1854 10.1618 74.4354
v 33.5229 7.4718 75.0454
v 29.6574 9.7348 74.3755
v 34.1043 5.8688 74.9754
v 33.3822 5.7708 75.0954
v 34.5023 6.0178 75.0354
v 36.6696 26.3846 79.9454
v 37.9265 27.1599 81.1554
v 39.2931 27.7045 83.6554
v 38.3481 26.6383 81.1355
v 38.2476 26.3936 80.9654
v 36.3225 24.3878 80.7754
v 37.9803 25.1509 80.9554
v 37.8326 24.8303 81.1055
v 39.5836 24.1166 83.8454
v 39.2207 24.3425 82.8954
v 29.7906 10.5308 77.1155
v 29.7768 9.8168 77.2355
v 29.2067 9.7808 77.0654
v 30.9416 10.7148 76.3655
v 31.5217 9.8298 76.9054
v 30.2801 7.9908 76.8755
v 30.7170 7.2578 75.5454
v 31.5222 6.7998 75.2854
v 31.3936 8.3478 77.4654
v 30.8848 7.0808 76.4754
v 38.9543 27.3569 85.6554
v 39.8623 27.6430 85.6355
v 37.2359 26.3593 84.7254
v 38.0589 27.3854 84.6454
v 40.1476 27.6626 85.0654
v 36.4781 24.4278 83.0055
v 37.7475 25.0393 84.9554
v 38.6117 24.0975 83.4554
v 38.1393 25.6305 85.7854
v 38.0819 24.6617 84.9354
v 38.2729 25.2282 85.7954
v 22.5587 -4.7442 87.2355
v 22.3360 -6.5932 90.2154
v 21.4954 -5.9402 87.1055
v 22.6413 -5.0552 88.1155
v 22.3521 -7.1482 89.7854
v 22.2316 -7.3202 89.4054
v 20.7439 -8.2142 88.9254
v 21.3331 -8.1732 89.0454
v 20.4834 -5.9742 90.8755
v 21.0420 -6.2092 90.8254
v 40.4552 37.2032 114.4855
v 40.1683 36.4720 113.9454
v 40.0657 37.7525 115.4654
v 41.0352 37.0796 114.0454
v 40.7881 37.8221 115.3054
v 40.7146 38.1763 116.0055
v 41.0163 38.1400 116.1554
v 39.5170 38.0578 116.3655
v 39.0998 36.9784 116.0454
v 39.3927 36.0649 115.2754
v 39.7448 35.1901 114.8354
v 40.7635 36.1448 113.0554
v 40.3941 34.7240 112.6654
v 40.6505 33.7948 112.1954
v 40.5141 38.7055 117.3354
v 40.7649 38.6554 117.9955
v 39.9320 38.9287 117.5854
v 41.5183 37.8370 116.3954
v 39.0531 36.3305 117.4554
v 40.3750 38.1505 115.9454
v 39.5230 36.0072 117.4754
v 39.3661 36.6037 119.1454
v 40.5811 37.6983 119.3054
v 41.0199 37.4448 118.3954
v 40.3958 35.6099 117.2455
v 61.4451 44.0783 -39.1646
v 58.9540 44.9031 -32.8945
v 60.9935 45.1445 -35.8845
v 60.4352 44.9513 -36.0346
v 59.5160 42.5350 -36.8346
v 58.5382 42.1243 -35.4746
v 59.6834 42.1157 -36.8146
v 58.3192 41.7521 -34.9746
v 59.0952 41.2284 -35.2545
v 57.5432 41.1052 -33.3945
v 58.0021 40.6649 -33.4046
v 58.1799 40.8830 -34.2545
v 56.3320 40.9520 -31.7846
v 57.2030 40.2096 -30.5246
v 58.0013 40.2911 -31.6046
v 57.8930 40.2297 -30.7046
v 59.2183 40.8883 -29.9846
v 57.0548 40.1801 -28.9945
v 57.4325 40.3042 -28.8446
v 57.2542 40.4498 -27.9646
v 57.2413 42.2353 -25.9945
v 61.7418 42.4608 -32.2746
v 61.2726 41.9223 -31.8645
v 52.7126 34.9452 -11.3945
v 55.0237 35.6284 -11.3246
v 55.4076 32.1418 -13.9146
v 59.7025 28.9040 -17.3146
v 53.6189 37.3735 -8.7046
v 53.3716 37.7362 -7.7346
v 53.8309 37.4186 -7.0846
v 54.9280 36.6378 -8.6145
v 52.1098 32.4334 -10.4146
v 52.9864 37.4159 -5.0646
v 52.6597 31.6437 -9.5446
v 52.4955 35.8478 -4.0846
v 54.2875 31.9759 -7.3645
v 50.5141 22.1868 9.8154
v 48.1486 28.0636 15.0554
v 48.7658 27.7570 16.3555
v 47.6982 28.2731 17.5254
v 46.2877 23.7371 13.0654
v 48.8258 20.9368 12.9654
v 47.3039 22.3478 12.9855
v 47.7845 27.8520 18.0654
v 47.8054 26.7556 18.7654
v 47.3756 26.4810 19.1654
v 43.9587 23.6832 16.5754
v 45.8857 22.6488 15.5954
v 49.1377 18.7898 15.0454
v 43.3953 22.3718 19.7455
v 43.9449 22.1968 20.1255
v 51.4707 15.6948 16.9955
v 45.0181 24.0450 21.5954
v 44.7806 23.5132 21.4554
v 46.6847 29.6965 32.8954
v 46.9159 30.3492 33.7654
v 46.9246 30.6790 35.4254
v 48.2590 29.8785 34.8855
v 49.4197 28.7133 34.3555
v 44.7785 26.5760 34.0954
v 46.0829 26.3370 36.8954
v 45.3795 26.9728 36.9554
v 44.6765 27.8003 68.3254
v 42.8748 28.6755 70.8054
v 42.1895 24.9167 69.8254
v 40.9678 24.5570 70.4454
v 42.0216 24.6600 70.3655
v 43.4587 25.3836 69.2355
v 44.6694 25.6513 72.0354
v 40.7007 25.8218 72.6954
v 41.6812 26.4709 72.5854
v 45.4263 26.5927 72.2455
v 41.4378 24.9666 72.1954
v 40.1856 24.3900 70.8855
v 39.4392 24.3647 71.6754
v 43.8651 31.4389 77.5554
v 43.5118 30.3226 76.1654
v 46.3729 30.0549 76.2355
v 43.6050 29.0356 75.7754
v 40.9568 28.2832 75.3954
v 42.7952 28.0248 75.7954
v 44.8421 31.6249 79.3555
v 42.5174 26.6548 78.4154
v 41.1193 26.2396 77.7355
v 42.9684 26.6611 77.8755
v 41.5036 26.4905 78.4955
v 41.1157 26.6645 76.2654
v 39.6823 25.9491 77.3954
v 43.0491 30.0427 79.9254
v 44.3481 30.0410 80.2754
v 43.0851 27.9918 79.8954
v 39.6181 26.7313 82.3154
v 40.2751 26.8675 83.1454
v 40.7599 26.5474 83.4754
v 33.0516 8.8348 76.3454
v 32.3308 8.8678 77.1554
v 34.8954 7.0318 75.9855
v 35.3637 4.1138 77.7455
v 31.3291 6.8688 76.8254
v 40.9875 27.2832 84.8354
v 41.0134 27.4635 85.5055
v 41.5590 27.4895 87.0055
v 41.1472 26.8118 84.2754
v 40.9077 25.4519 83.5055
v 40.0369 23.9685 85.4654
v 40.1085 24.0124 84.8855
v 41.0125 24.0169 85.9855
v 36.5648 3.8698 77.9154
v 39.7035 27.3553 86.7854
v 42.0439 27.6295 89.8054
v 38.9593 26.2241 87.1055
v 39.6452 26.5220 88.4654
v 39.5448 24.9727 88.1055
v 40.2562 24.0302 87.0854
v 40.0516 26.6949 89.5254
v 40.5236 27.2919 89.1255
v 41.3803 27.6079 89.6754
v 41.6204 27.6557 90.9855
v 40.5988 27.0318 90.9554
v 39.9074 25.1454 89.4654
v 40.2585 26.4634 91.0754
v 40.4279 26.3402 92.3354
v 41.4499 27.5916 93.4354
v 41.0597 34.2260 111.1155
v 42.2353 34.7988 110.8855
v 42.4758 31.7744 107.0954
v 42.7165 32.4382 107.9054
v 41.3567 30.6179 106.9254
v 41.3383 33.1816 109.6854
v 41.9741 31.3773 106.8954
v 40.9806 31.8388 109.3154
v 41.7943 35.4261 111.6954
v 42.3850 36.3386 113.4054
v 42.3257 36.0369 112.7054
v 42.8919 33.8757 109.8254
v 40.8469 33.1881 111.4654
v 41.2101 31.0609 110.1055
v 41.4192 31.7792 111.5754
v 41.4820 32.9714 113.4654
v 41.1925 36.5645 113.2854
v 42.4118 36.6578 115.0454
v 41.7731 36.2992 116.6155
v 40.1499 34.4764 113.8154
v 42.1616 32.9825 113.5554
v 41.4522 34.7167 115.5754
v 41.2806 36.6842 118.2754
v 40.9738 36.7851 119.4955
v 40.8723 36.0137 119.9254
v 63.1365 45.3582 -40.1145
v 62.7100 45.4434 -38.6746
v 63.4418 45.6311 -38.4346
v 64.8792 45.7398 -39.0646
v 62.7710 45.2826 -36.4446
v 62.2874 43.4347 -40.3945
v 63.0651 44.0691 -41.3546
v 61.0231 41.9558 -38.1546
v 61.3361 42.4790 -38.9146
v 62.0181 41.8043 -38.9346
v 63.5752 42.5548 -41.2846
v 61.4337 41.4676 -37.8745
v 60.3773 40.9866 -35.9945
v 61.6341 41.2429 -37.5746
v 63.2065 44.9114 -35.8246
v 61.6399 44.7551 -33.9746
v 63.1158 44.2129 -34.7445
v 59.8064 40.6196 -35.2545
v 60.5712 40.7473 -35.7046
v 62.2004 43.2145 -32.9546
v 60.0163 39.8005 -34.4546
v 60.4755 39.4829 -33.8146
v 59.0793 40.2659 -32.6546
v 61.7218 39.0995 -34.9046
v 59.7027 40.5662 -31.8446
v 60.6504 40.8487 -31.9046
v 60.5386 39.8076 -32.7946
v 57.6511 33.6138 -14.1646
v 56.4376 33.9711 -13.5846
v 56.2026 35.2150 -11.8146
v 55.6172 33.6456 -13.5646
v 56.0468 32.3412 -14.3645
v 57.3493 34.9726 -11.0246
v 56.1435 35.5693 -9.2445
v 58.5480 34.0488 -10.6846
v 57.0499 29.4554 -14.1946
v 57.2163 29.2042 -13.9046
v 53.5934 31.2927 -10.6946
v 55.7674 29.9902 -12.1345
v 53.7630 31.1204 -9.7645
v 55.9833 35.4517 -8.0546
v 55.8246 35.2156 -7.5145
v 56.2883 35.2801 -8.6546
v 54.8598 35.5014 -6.3546
v 55.7980 34.2920 -7.0946
v 54.6292 33.8416 -6.1746
v 49.9023 24.5259 10.8454
v 49.6755 23.9947 10.6854
v 51.6193 25.8147 12.7254
v 49.0843 22.0878 11.0854
v 51.0297 26.3259 14.5954
v 50.5934 26.3232 15.7654
v 47.4943 21.7288 15.0754
v 46.2532 22.0628 15.8454
v 48.0381 21.4188 14.7954
v 47.9423 21.3008 15.2555
v 47.6488 20.7048 15.4054
v 47.8588 25.3334 18.8755
v 49.2886 25.3550 17.8655
v 50.1214 25.5715 17.0754
v 45.6910 26.6901 20.5354
v 48.0081 23.7933 20.3354
v 47.8946 24.8387 19.6055
v 47.3394 20.1608 19.8054
v 47.9236 20.7818 20.2654
v 49.5127 28.1236 33.9254
v 50.2548 28.5398 35.2854
v 48.6831 27.6592 33.3154
v 48.2956 26.8252 33.2555
v 48.3441 26.2602 33.4654
v 48.9508 29.4696 36.1754
v 48.9240 28.9154 37.2954
v 47.8088 28.7382 37.6854
v 49.3662 29.0530 36.7854
v 47.0543 25.5576 36.8154
v 48.0512 24.6727 35.8655
v 46.7322 25.4469 36.0954
v 47.9902 25.0289 34.6854
v 49.6956 23.8948 35.6954
v 49.1269 24.3920 37.2654
v 48.0196 27.8440 38.0654
v 53.7843 24.1268 39.6155
v 54.0446 23.2900 39.7455
v 48.9154 28.3199 68.2854
v 44.8309 27.4101 68.2555
v 43.7167 26.4874 68.4254
v 44.2123 26.1630 68.6255
v 45.3543 26.3964 68.5854
v 45.1364 28.6130 71.2254
v 46.4850 29.1980 70.3655
v 47.3328 29.3910 69.3254
v 46.0063 27.7781 71.9955
v 43.4985 24.9186 70.0854
v 42.2816 24.7518 71.6854
v 44.4824 25.1700 71.5854
v 47.8417 33.1665 78.4054
v 46.2787 32.2254 77.5754
v 51.0271 33.0923 77.3855
v 47.5268 31.1518 76.5454
v 48.6335 32.9889 77.5754
v 45.8607 29.2676 76.2054
v 43.8445 28.1746 76.0154
v 44.8297 27.6038 76.8855
v 46.9204 32.5632 79.6554
v 47.0979 32.8416 79.1255
v 46.5176 31.8179 80.2455
v 44.9320 31.2118 79.9054
v 45.0296 30.7748 80.2355
v 43.6077 27.1214 76.8555
v 43.4325 26.8482 77.3855
v 43.0327 26.9595 78.8954
v 44.5081 27.3051 78.9454
v 45.9604 29.2639 80.4754
v 44.4518 28.0687 79.8954
v 44.9716 27.6609 79.3655
v 45.1448 28.1182 79.8354
v 35.3086 6.0548 77.4154
v 35.8980 5.8488 77.1654
v 35.5594 6.4378 76.6055
v 35.8004 4.0328 75.1754
v 41.7440 26.8781 85.4054
v 42.0691 27.0705 86.5254
v 42.0762 26.3729 85.4654
v 41.1137 25.2497 83.8555
v 42.0619 25.4107 85.2854
v 41.9540 24.5639 85.9754
v 42.0873 27.1788 86.8954
v 42.3661 27.4358 88.8855
v 42.5359 26.7297 86.9554
v 43.0884 26.8518 88.8954
v 43.0100 25.2992 87.5954
v 41.8953 24.0479 87.7254
v 43.1597 24.8663 88.7754
v 43.1397 27.3943 91.2154
v 43.6136 27.1097 91.8655
v 43.5498 26.6609 90.1954
v 43.4385 26.3298 89.1554
v 41.6243 23.9762 90.1554
v 41.7451 23.9439 88.6055
v 41.8366 24.1440 92.4254
v 42.4783 24.1161 92.5454
v 42.2664 24.0118 90.6155
v 42.6435 24.1231 90.6954
v 41.2376 27.4018 93.9754
v 42.4839 27.9389 94.0254
v 43.1143 27.7636 93.4855
v 43.6299 27.4512 93.5154
v 40.6021 25.3485 93.0854
v 41.2846 24.8010 94.6554
v 43.2405 28.3465 98.9554
v 42.6266 28.2544 97.8755
v 43.6196 27.6717 94.8154
v 40.8625 26.8677 94.4154
v 41.7434 27.8702 97.6255
v 41.0208 26.8874 96.3254
v 40.9865 26.3128 97.1255
v 42.0597 24.4136 95.1155
v 42.1670 28.4824 100.5454
v 42.9108 28.8282 101.5055
v 41.1235 26.8426 98.5254
v 41.2681 27.3219 98.9754
v 42.0401 25.1453 99.2555
v 41.5663 25.4299 98.6055
v 41.5056 27.7573 99.4254
v 41.7442 28.2394 100.8354
v 41.2726 28.0553 103.2054
v 41.1619 26.7811 99.7654
v 41.3447 28.4781 103.9354
v 43.5215 28.7303 101.5954
v 42.6806 29.4733 103.7954
v 43.2855 29.2404 103.2355
v 43.8387 29.0738 103.6155
v 41.2672 27.1826 103.8254
v 41.6236 26.5345 103.8655
v 42.0768 25.9593 103.2054
v 43.7714 31.7687 107.4554
v 43.9411 32.2219 107.9554
v 42.5285 30.0507 104.8354
v 45.1118 31.9433 108.2854
v 41.2690 28.8072 104.9354
v 41.1889 28.4644 106.4054
v 41.2993 27.4611 104.9554
v 41.4117 27.9584 106.3354
v 41.6762 26.8359 104.8855
v 42.1074 26.2112 104.2054
v 42.0341 27.0883 105.9554
v 42.0937 27.2836 106.3154
v 42.1644 26.4617 104.8954
v 43.0789 32.5455 108.1454
v 43.4784 32.8241 108.8755
v 43.5388 33.0224 109.2555
v 43.7191 33.7114 110.8855
v 44.0526 32.1667 110.1754
v 48.0710 32.2793 110.4654
v 46.1158 32.3562 110.4254
v 43.2206 29.4535 108.8954
v 43.2858 29.6614 109.2754
v 42.6869 29.8703 109.6355
v 42.4000 28.1989 107.7355
v 43.2085 34.9556 112.0055
v 43.5531 34.1213 111.1854
v 43.5341 34.4751 112.2754
v 43.3045 34.9491 113.2754
v 43.7094 33.7547 112.1454
v 43.3284 33.3432 112.9254
v 43.0471 32.2905 112.3154
v 43.3718 30.9961 110.5254
v 43.4669 32.2741 111.7654
v 44.7259 30.9267 111.0154
v 41.9529 32.3052 112.7355
v 67.6119 46.7499 -45.5045
v 67.0543 45.1892 -46.2746
v 67.1387 44.8306 -46.3446
v 62.7470 43.0090 -40.7846
v 65.6147 43.5337 -44.1145
v 67.1513 43.6832 -45.6646
v 65.2095 42.8636 -43.0946
v 65.7610 46.2779 -42.4346
v 66.4060 46.3611 -41.7645
v 69.2555 47.3870 -45.9846
v 66.1745 42.7054 -43.5646
v 63.8418 41.8636 -40.4546
v 65.0039 42.0280 -41.4446
v 67.0452 45.2176 -40.0145
v 63.2036 41.4666 -39.0946
v 67.3375 44.4491 -39.8945
v 62.4199 40.9850 -36.5446
v 63.9287 41.5750 -36.7445
v 63.0270 40.8719 -36.4846
v 63.9943 41.7724 -36.3745
v 63.9021 42.2980 -35.0246
v 64.2178 42.5334 -35.8446
v 64.4628 41.9656 -35.6145
v 62.9685 42.6490 -33.8745
v 61.8582 39.9011 -35.9546
v 61.6189 39.4803 -35.4846
v 63.6239 39.9843 -36.6746
v 68.1011 39.3850 -37.8446
v 63.2083 39.1969 -36.1646
v 61.9283 42.1318 -32.3745
v 66.5493 39.1168 -33.6546
v 63.8464 41.8005 -33.2645
v 63.9475 40.6880 -32.8046
v 61.6292 39.1344 -33.6646
v 61.8715 39.8451 -32.6145
v 61.9658 29.1382 -19.1046
v 61.9914 29.9937 -18.6046
v 58.4655 34.1738 -12.8645
v 59.2419 33.4682 -14.1245
v 62.3101 26.3793 -18.8745
v 56.4412 34.9482 -8.3845
v 58.3629 33.8142 -9.8346
v 56.8154 29.5251 -11.4046
v 56.3722 33.5262 -7.6445
v 59.9737 30.7575 -10.4746
v 51.3449 24.8924 10.9054
v 53.7276 20.8228 7.4154
v 52.3770 23.2424 9.2455
v 56.5161 20.9128 6.4454
v 60.3362 18.6888 4.0454
v 51.7354 20.4258 9.0354
v 51.4293 19.3628 10.6155
v 51.7210 19.7048 9.4955
v 48.8514 20.9188 14.2154
v 52.5668 25.0080 14.2854
v 50.3517 25.9608 16.5754
v 52.2080 24.0859 15.5754
v 53.3306 24.0780 14.2254
v 51.5182 23.5008 16.2555
v 50.7715 23.3456 16.7154
v 50.6461 22.4538 16.4754
v 49.1438 20.9628 14.9154
v 50.3632 23.1346 16.8855
v 49.3417 22.2998 19.9454
v 49.7657 21.0978 19.9154
v 50.8069 21.5628 19.1255
v 52.3310 18.5788 18.8655
v 50.9181 27.7618 34.9254
v 51.4108 27.2760 34.2854
v 51.8408 26.7952 34.8855
v 49.1447 27.1839 33.0854
v 55.0960 23.9958 31.5554
v 51.5190 25.0132 32.2854
v 54.2116 26.0884 37.6854
v 53.0799 26.7630 37.6155
v 50.6698 23.7571 35.2254
v 50.9154 23.0797 36.3755
v 49.0283 25.0356 34.2555
v 52.2875 22.4248 36.1854
v 52.2353 25.6748 39.0354
v 49.8206 24.6239 38.1754
v 52.0072 22.4398 37.6954
v 49.3182 30.1198 69.5554
v 48.3543 29.6648 70.5154
v 49.1750 29.6749 68.8054
v 55.0895 32.5179 69.0154
v 48.9949 29.2379 68.5154
v 50.1183 28.0785 68.4454
v 49.1711 28.8729 68.3354
v 48.7334 27.2831 68.5854
v 46.4172 26.6028 68.5954
v 47.9629 26.4472 69.0954
v 49.1410 26.8305 69.0954
v 58.2202 57.7044 79.0254
v 58.5841 52.9074 78.5754
v 57.6599 57.0584 79.7054
v 57.0527 52.6543 80.4754
v 56.8615 46.9129 79.4654
v 57.9986 44.6121 78.6654
v 57.5404 45.7888 78.8254
v 58.8906 51.4266 78.5055
v 46.8905 28.8200 71.2954
v 48.0998 28.6411 71.7154
v 47.7832 28.0177 71.9855
v 49.1733 28.8191 71.8154
v 50.0831 29.9367 71.2254
v 44.8251 25.0544 70.3655
v 45.2011 25.2532 71.4254
v 46.3513 25.3836 70.4254
v 47.1053 26.5906 72.0554
v 47.4493 25.7154 71.0254
v 47.8769 25.8203 70.5055
v 57.2904 52.5895 81.4454
v 56.9331 50.1156 81.1355
v 56.9154 45.0246 82.1854
v 56.5087 46.8071 80.3154
v 49.7621 27.1963 71.8054
v 56.6288 46.3881 81.4955
v 51.7740 36.1001 79.8154
v 50.5019 34.8757 78.9855
v 50.2808 34.7985 79.5454
v 48.3360 30.7668 76.6355
v 47.0086 29.3405 76.5254
v 47.0909 28.8667 76.8354
v 49.2344 30.6135 76.9454
v 48.5786 29.2986 77.3655
v 50.2722 31.4475 77.1654
v 50.2414 34.6358 80.1355
v 48.9195 33.4819 80.2455
v 49.9061 33.5005 80.9754
v 50.3926 33.1824 81.3054
v 47.8835 28.6853 79.5954
v 46.9579 28.4047 79.6654
v 46.8796 28.1672 79.2854
v 47.8692 28.9204 79.9554
v 49.7845 30.3541 80.6454
v 48.3467 30.1537 80.7954
v 47.1390 28.1224 78.0754
v 49.8690 32.0625 81.2654
v 47.5481 29.8534 80.7054
v 37.6344 4.3568 75.9154
v 37.0940 5.0658 76.5954
v 37.1391 4.9538 76.8954
v 35.7549 2.6358 76.7355
v 36.7711 1.8558 76.1255
v 38.8372 2.5918 75.4855
v 42.1931 -0.3902 78.1055
v 36.8485 3.0608 77.9154
v 43.8005 26.7325 91.5055
v 43.4896 25.1677 89.5354
v 43.7974 25.2332 91.0854
v 44.0206 26.7025 92.6255
v 44.2996 26.2507 93.6854
v 44.2250 25.4667 94.1255
v 44.0359 25.2803 92.7954
v 43.1568 24.3711 91.4754
v 44.0747 27.5277 96.4354
v 44.5766 26.1710 96.8555
v 44.3846 25.6670 95.4454
v 44.1126 25.1571 95.2854
v 44.1652 25.2266 97.1854
v 42.6998 24.3045 94.8154
v 44.6117 27.1148 99.2555
v 44.6681 26.7694 99.1954
v 44.4506 27.7296 100.8054
v 43.6795 24.8498 97.9454
v 43.2706 24.6944 97.9855
v 43.7275 25.0265 99.5554
v 44.6259 26.2890 99.7054
v 44.5106 27.8980 103.4855
v 44.6291 26.5630 101.0154
v 42.8719 25.1131 100.9754
v 43.9960 25.4228 101.1954
v 44.1752 29.3185 104.8855
v 43.2077 25.3910 102.4254
v 43.8072 25.6776 102.8454
v 43.5778 26.0609 104.1454
v 44.5492 27.0137 102.9754
v 45.0644 31.0626 107.8855
v 44.2702 30.7176 107.5055
v 44.3690 29.4723 106.3054
v 44.2439 30.1255 107.6854
v 43.4918 27.6996 106.6854
v 43.6160 26.4996 104.8755
v 47.2813 31.7560 109.0854
v 46.4404 31.2784 108.5254
v 45.7000 32.2171 110.6255
v 46.3655 32.2428 110.7555
v 43.7205 29.4621 108.3755
v 44.8602 29.6463 110.1954
v 47.0396 29.3981 110.5654
v 47.0900 30.5802 108.7455
v 47.4269 29.4121 110.0154
v 44.8700 30.5244 111.0055
v 46.3803 31.0243 111.6355
v 44.0490 30.0700 110.3454
v 68.8598 45.3880 -48.4046
v 69.8131 44.5297 -48.7146
v 68.8519 44.0680 -47.4346
v 68.2399 44.2977 -47.1846
v 67.8421 43.6441 -46.1646
v 67.7195 42.9347 -44.7746
v 67.4193 45.8177 -41.0646
v 67.7301 43.4685 -40.5946
v 67.1566 42.9193 -40.1946
v 67.6447 42.9615 -41.0346
v 66.4489 42.1578 -41.1345
v 68.8109 42.9999 -43.9246
v 65.1461 41.7939 -40.5246
v 65.8487 42.0098 -39.7946
v 68.2342 40.4934 -37.2146
v 67.4298 41.0372 -36.5045
v 66.6658 39.2286 -37.4945
v 64.6206 39.2473 -36.8246
v 66.7473 38.0834 -36.9846
v 65.6226 41.7526 -34.8146
v 69.7464 40.4756 -37.1145
v 66.2994 40.5724 -33.6946
v 67.7965 40.7545 -34.6145
v 63.9908 38.3158 -34.6445
v 64.6103 38.1159 -35.1946
v 64.9310 38.0406 -35.4646
v 66.4064 37.6802 -35.2645
v 65.2004 38.9812 -33.4945
v 66.0597 38.1620 -34.2846
v 67.2594 27.9058 -21.6046
v 60.3564 33.0923 -13.6846
v 63.6456 30.7226 -14.5145
v 60.8456 32.3484 -11.8745
v 62.3729 26.0272 -17.6846
v 60.5792 31.3064 -10.9046
v 62.1560 26.8970 -14.3446
v 52.3887 21.1198 8.3755
v 56.1968 19.3318 5.3954
v 54.5915 19.3508 6.5254
v 53.7629 18.7408 7.4855
v 53.4449 24.4030 10.8855
v 57.3100 21.3248 7.1854
v 53.9575 24.3276 12.2154
v 55.8339 22.9088 9.7555
v 57.0344 21.9888 10.0954
v 55.4333 16.5978 7.0154
v 52.8147 25.0053 13.7154
v 54.7696 23.3307 12.7754
v 54.6150 23.6585 12.5055
v 54.8979 22.5878 13.2555
v 53.9565 17.5038 9.7455
v 53.7344 20.7688 14.1954
v 53.3460 20.2358 16.1854
v 54.0293 21.3168 14.2054
v 51.9082 21.2478 15.2555
v 50.5309 20.4098 14.4254
v 51.4462 19.3738 14.2654
v 51.7688 20.9818 15.4254
v 52.1901 20.3958 15.0554
v 55.9117 16.6678 13.3054
v 53.6181 15.3168 13.2455
v 51.6219 16.2248 14.3254
v 53.3056 16.7898 13.3354
v 53.0929 19.8928 17.9354
v 52.9735 14.2318 14.7654
v 51.2567 17.7018 18.8254
v 52.5238 17.5358 18.6554
v 55.3768 24.7781 36.3354
v 53.2473 25.6996 35.2254
v 53.1792 25.4852 34.8454
v 51.7021 23.3522 34.0854
v 51.9209 23.4585 34.5354
v 52.0030 23.6916 34.8454
v 52.5268 22.9712 32.5954
v 55.5510 21.3738 31.2555
v 54.5020 25.8838 37.0754
v 53.0952 26.0271 38.7054
v 53.9599 22.3658 39.5454
v 55.1119 31.6376 68.5254
v 52.1682 29.5885 68.3454
v 53.6137 32.0308 70.5055
v 54.1342 32.3766 69.7455
v 49.9419 30.2342 70.6454
v 51.0415 27.9099 68.7654
v 51.9361 27.8493 69.2455
v 50.7664 26.9484 70.0654
v 52.0971 27.5966 69.8454
v 50.6175 26.8373 70.6355
v 61.4589 57.9128 80.3154
v 61.0576 53.7023 81.1754
v 61.1243 53.1521 80.7555
v 60.7580 57.6079 79.0055
v 61.0079 52.0218 80.1654
v 59.6932 48.9414 78.7754
v 59.3098 49.5073 78.5954
v 60.5875 51.4440 79.3254
v 60.2869 49.5735 79.1854
v 59.6806 46.1367 79.0454
v 52.7392 30.7031 71.5954
v 55.8427 31.6746 71.7654
v 50.6442 28.4474 72.0055
v 49.6868 26.6844 71.3655
v 50.2569 26.8257 71.1854
v 50.9766 27.6941 71.7555
v 52.4472 28.7171 71.8555
v 48.4896 26.2004 71.3354
v 60.0317 47.1099 82.0055
v 60.7785 53.3619 81.6754
v 60.2423 47.4204 81.8054
v 56.3366 44.6555 79.8054
v 56.7297 44.9707 79.3254
v 56.0752 43.4122 79.7854
v 56.5515 41.5696 78.8354
v 55.9965 41.8906 79.3054
v 55.5249 40.1334 79.0454
v 55.2493 40.7492 79.6554
v 55.8871 39.4147 78.6454
v 56.2021 38.6414 78.4855
v 55.2578 38.0440 78.4654
v 54.0176 35.3236 78.0154
v 54.2332 36.5276 78.2254
v 59.7298 53.9386 82.4154
v 55.9509 42.9201 81.5554
v 57.1130 42.7596 82.6055
v 58.4039 49.0264 82.5554
v 58.2945 45.2836 82.6754
v 57.2485 41.6499 82.6954
v 55.6807 42.4598 80.1255
v 55.9955 41.7050 82.1055
v 55.0987 40.9578 80.2954
v 55.2723 40.8325 81.5554
v 54.4390 39.3546 79.8154
v 54.5280 39.7694 80.5454
v 53.9034 38.3309 79.4754
v 53.1008 37.3422 79.4154
v 52.8670 37.2710 79.9754
v 53.5503 37.3119 78.8655
v 51.8801 35.4558 78.4454
v 53.0601 35.4085 78.0055
v 55.3156 36.0183 78.3154
v 52.8594 33.5242 77.7754
v 53.4863 33.4972 78.0654
v 51.0387 31.7106 77.4254
v 50.6144 30.3577 77.9955
v 51.5433 30.6961 78.8755
v 52.9626 32.4260 78.2854
v 53.3487 32.2604 78.9454
v 55.0526 38.3190 82.2754
v 53.1336 37.1020 81.2455
v 53.1991 36.3977 81.7254
v 51.7149 35.2629 81.1854
v 53.5000 35.6776 82.0154
v 55.6960 38.3111 82.4855
v 53.2653 34.4515 81.9054
v 51.2262 32.1282 81.3154
v 52.3397 32.3525 81.1954
v 52.0326 31.6118 80.7254
v 50.6452 30.3468 80.1854
v 49.1484 29.6317 80.2355
v 49.5315 29.3197 78.4955
v 50.3658 29.8241 78.7654
v 38.2882 3.9568 76.2654
v 46.1512 -3.2992 78.0354
v 36.4010 2.1588 77.0654
v 38.1135 0.5788 76.7254
v 38.5845 0.2268 77.0554
v 39.0665 0.7088 77.9354
v 50.6744 38.2733 112.9454
v 51.3135 38.3005 113.3855
v 50.8491 37.9035 112.7555
v 49.9113 36.4879 112.0654
v 49.3494 35.4716 111.7455
v 49.1197 34.9418 111.5854
v 49.0584 35.1990 111.9454
v 48.8752 34.6473 111.7854
v 48.7290 32.1662 109.9454
v 49.5856 33.3764 110.4654
v 50.8523 36.3838 112.1554
v 48.7024 33.8624 111.2555
v 49.2098 31.7302 109.7054
v 48.4870 30.1228 109.3254
v 46.7252 29.8596 109.0454
v 52.0864 29.5335 110.6355
v 47.9011 29.3649 110.4054
v 50.2487 38.1727 113.4654
v 50.0699 37.8912 113.9955
v 50.8166 38.0391 113.8555
v 50.1291 38.1128 113.1155
v 49.4127 36.3508 113.2254
v 49.6918 34.8383 113.2954
v 50.6541 34.8142 113.1055
v 50.6897 33.8841 111.6454
v 48.9028 34.8627 112.1454
v 49.2638 33.8291 112.7654
v 49.9476 31.8196 111.6654
v 48.6185 33.0204 111.9955
v 48.2472 31.4963 111.8454
v 49.0468 31.7978 111.9254
v 49.0331 31.0843 112.0454
v 47.8260 30.6233 111.9654
v 47.1678 30.6141 111.8354
v 48.1645 29.8771 111.6854
v 47.6970 29.4666 111.0154
v 69.9019 43.6203 -47.0145
v 69.5653 40.6901 -36.1646
v 68.7373 37.7740 -34.7846
v 69.3697 38.4660 -34.4945
v 66.7396 37.7549 -34.8645
v 67.6556 37.3642 -36.0246
v 68.8751 37.1641 -35.8346
v 62.1829 30.4721 -18.2146
v 64.0626 28.3535 -20.6746
v 63.3987 27.9141 -20.5045
v 64.8802 24.9888 -21.5045
v 64.5348 30.2265 -16.0145
v 64.5164 29.7522 -14.5646
v 69.6831 24.4692 -18.3845
v 67.9890 26.1237 -16.8945
v 55.9244 18.4488 5.3354
v 54.0331 17.9878 7.6854
v 56.5151 21.8598 11.5354
v 58.1488 21.1858 8.2555
v 56.5090 19.8378 12.1255
v 56.6574 20.8278 11.9554
v 53.7410 19.9008 13.6854
v 55.1666 19.8198 13.0055
v 54.3608 18.9108 12.6854
v 56.7118 17.9798 11.2254
v 53.8945 18.5548 12.2954
v 54.6818 18.5298 14.5554
v 57.4617 15.6898 13.1355
v 55.2457 18.4298 15.1754
v 54.2375 19.2128 15.1954
v 55.1982 18.5118 16.1554
v 56.4300 11.3348 12.9154
v 53.9325 19.5278 17.0754
v 54.9636 17.0988 17.6754
v 54.1406 17.3328 18.0954
v 54.4530 16.5568 17.9554
v 58.4309 9.4528 14.1255
v 56.0809 22.4198 30.8254
v 55.0520 24.7956 32.5554
v 54.5385 25.2348 33.1754
v 54.7572 25.0512 33.4955
v 55.1218 24.6605 35.9754
v 53.5565 24.9405 35.1155
v 53.2207 23.4577 34.8755
v 53.4135 23.1119 34.6155
v 53.8155 24.7074 34.7954
v 54.6466 23.6031 34.5654
v 55.3624 23.9357 35.7754
v 61.5688 19.3948 31.6654
v 54.5944 21.6118 32.0654
v 56.0754 20.5258 32.1055
v 53.8049 22.4268 34.0654
v 55.0437 21.3328 33.0254
v 54.9412 21.9798 33.8755
v 54.6616 25.6527 36.7355
v 55.4341 25.2182 38.0454
v 53.4461 22.6428 35.5154
v 52.6791 21.9548 36.7754
v 53.3295 21.3918 37.7154
v 54.7872 21.3608 36.0954
v 54.0200 21.2298 36.5654
v 55.0490 20.0458 37.4354
v 54.4390 25.3698 38.8254
v 54.7137 24.6357 39.3354
v 55.3663 22.6168 40.0254
v 55.3862 23.3376 39.8755
v 55.9862 33.4187 70.3354
v 56.1439 33.5257 69.7654
v 54.3436 32.5064 70.1255
v 61.7640 36.6939 69.1055
v 53.3289 29.9485 68.4154
v 52.5489 29.0196 68.5354
v 58.3552 32.1977 68.6854
v 56.4812 33.5529 70.7754
v 56.1951 33.0296 71.2254
v 54.0582 28.5416 70.1155
v 57.5535 30.5864 70.6255
v 53.5975 28.2583 70.5954
v 52.9741 28.2798 71.4154
v 55.5630 29.8834 69.1355
v 60.3446 48.0971 79.4654
v 60.0359 46.9334 79.2654
v 60.4152 46.9259 79.8454
v 57.3464 32.0385 71.7455
v 61.2019 33.8214 71.4754
v 62.2061 46.8750 80.7455
v 62.0872 47.1430 81.1554
v 60.2340 46.0244 79.7154
v 59.7430 45.0097 79.2854
v 59.9920 44.7899 79.6355
v 62.0103 46.3916 80.3855
v 57.5113 40.0465 78.6854
v 58.6599 41.8348 78.9754
v 59.4044 43.4675 79.2455
v 59.1402 42.2071 79.2854
v 59.9996 43.5697 80.2654
v 57.1062 40.5872 78.6155
v 59.0658 40.7292 79.7654
v 59.4753 41.4027 80.3054
v 57.8758 39.4661 78.9354
v 57.0998 37.7896 78.8555
v 57.4738 37.8794 79.1255
v 56.5692 36.6616 78.8454
v 59.8456 46.3534 82.1155
v 62.9128 47.3704 82.9354
v 60.3627 46.1174 82.5354
v 63.4962 47.7122 82.8054
v 58.8503 45.7434 82.6055
v 58.4631 43.5147 82.6454
v 59.0197 44.6730 82.5154
v 59.1305 44.1857 82.4254
v 63.0922 45.0790 83.0754
v 57.6718 41.1303 82.6654
v 59.2099 43.6267 82.3154
v 58.5373 41.5082 82.4054
v 57.8297 40.7442 82.5854
v 58.9480 41.7450 82.1554
v 58.7738 40.2323 81.7854
v 59.0098 40.5308 81.5854
v 58.1455 38.4296 79.6954
v 56.4339 35.4549 79.6355
v 55.7284 34.9207 79.0654
v 57.7516 37.5675 79.7355
v 54.2735 34.4818 78.1654
v 54.5120 34.3172 78.3555
v 54.1749 33.6242 78.4754
v 55.2360 33.9237 79.6854
v 54.6204 33.3364 79.4354
v 54.7730 33.4131 79.7954
v 54.3969 33.0900 80.2754
v 56.0860 34.9372 80.7054
v 56.7266 40.5319 82.6454
v 57.3410 38.9671 82.4154
v 58.0594 39.1115 82.0154
v 56.3506 39.0137 82.5754
v 55.8400 37.9088 82.4754
v 56.2842 37.4134 82.3354
v 57.7352 37.9883 81.7054
v 55.4987 36.4309 82.2254
v 56.2203 36.5136 82.0254
v 55.3205 35.2702 81.8254
v 54.6240 33.7587 81.0954
v 53.9143 33.6243 81.4454
v 53.4189 32.4121 80.5654
v 45.0508 -4.6112 75.9654
v 39.4472 0.8368 78.0754
v 50.5156 31.9147 110.5454
v 49.8189 30.8567 109.4554
v 52.3033 31.2909 110.0055
v 52.0731 31.7166 111.1155
v 51.0132 29.4478 111.0254
v 52.0696 30.0660 109.8855
v 51.8272 29.6256 110.2854
v 51.4760 31.2902 111.8454
v 51.9167 30.8427 112.0055
v 50.8110 30.6275 112.0754
v 49.7949 29.8186 111.7455
v 51.4461 29.7842 111.6854
v 69.2968 37.1338 -37.0145
v 69.2601 38.2669 -38.0946
v 65.1617 29.7386 -18.1946
v 66.6643 28.5798 -18.7946
v 67.1731 23.2167 -23.0246
v 64.0466 25.3153 -17.8346
v 63.7392 25.2375 -18.5446
v 64.5647 25.2071 -16.7445
v 58.9029 20.3088 6.3254
v 56.8966 16.5778 4.4754
v 58.7367 15.6968 2.4454
v 55.9879 16.5518 5.8555
v 59.0849 20.3468 8.2455
v 58.1301 20.8788 9.7455
v 56.3530 15.7218 6.9955
v 56.8397 15.4658 7.6554
v 58.1572 14.3898 4.2254
v 57.5409 20.3838 11.0854
v 58.2363 18.8718 10.5654
v 60.6295 13.2288 5.5454
v 56.8170 17.4048 10.7254
v 58.7393 14.8848 13.2154
v 56.4234 17.2818 14.5554
v 57.8777 15.8148 15.4454
v 59.0110 14.8208 13.5654
v 56.2134 12.7668 12.2555
v 55.7708 12.4758 12.7254
v 57.5470 14.2418 16.5954
v 59.1985 14.1348 15.3254
v 57.3051 15.4028 16.4955
v 57.8132 14.5258 16.3954
v 57.5587 11.4328 15.7355
v 59.0869 11.1278 15.6355
v 56.0269 23.0544 31.0554
v 59.0772 20.0878 29.6654
v 58.1069 21.3788 30.1854
v 57.1099 19.7868 31.5154
v 59.3862 19.3078 29.5354
v 58.5025 18.9958 30.3555
v 59.7451 21.2438 32.0354
v 56.4316 21.7178 33.6954
v 56.4072 24.2797 37.0854
v 56.3074 23.9646 36.5254
v 56.6726 24.2626 37.7555
v 57.1272 23.8734 38.0654
v 57.5547 23.2405 37.3855
v 56.3814 23.3528 36.1954
v 56.0557 21.8928 35.8655
v 58.5483 20.2438 36.5254
v 61.0052 18.5538 37.3655
v 56.4201 20.6078 36.1954
v 56.1478 24.1213 39.1854
v 56.2842 23.7522 39.4454
v 55.7809 19.8488 39.4054
v 55.9625 20.3198 39.8655
v 56.1661 21.5238 40.2054
v 55.0945 20.0778 38.7054
v 56.5906 18.4808 38.0055
v 62.3249 36.5356 68.8154
v 58.6395 33.4813 68.5354
v 60.2926 36.0045 70.8054
v 62.8862 37.9133 70.1654
v 61.3831 36.9353 69.9754
v 59.8357 35.1403 71.3755
v 59.6609 33.5374 68.5654
v 57.1009 30.3427 69.8555
v 60.8859 35.2911 71.5854
v 58.8270 31.3455 70.1055
v 56.7544 30.6906 71.4354
v 60.8633 32.8090 70.8254
v 63.0618 47.3697 81.2355
v 64.5560 47.8949 81.8054
v 64.8905 47.7976 81.6355
v 64.3410 48.0432 82.7355
v 64.2661 48.0270 82.4054
v 65.6424 48.3876 83.0654
v 63.6560 47.1765 81.0055
v 63.8627 46.1493 80.7254
v 64.7566 46.6883 81.0055
v 64.9420 45.1864 82.2054
v 62.2418 44.2596 81.4754
v 64.6862 47.7430 83.6654
v 62.6737 45.5248 83.3354
v 63.3774 44.7299 82.4254
v 65.8119 45.9631 84.0354
v 41.6009 -0.2242 78.1654
v 45.0607 -3.4402 78.3454
v 45.0834 -4.1112 78.2754
v 52.3764 30.7202 110.6355
v 66.8411 27.6053 -22.2346
v 68.5977 25.8701 -24.6546
v 66.9352 24.6493 -23.9945
v 69.3056 26.9170 -19.9046
v 68.4707 27.4906 -18.6846
v 67.5937 27.9694 -17.4945
v 65.1677 29.5631 -15.4146
v 68.1805 22.6398 -22.4346
v 65.0987 24.6766 -18.0946
v 64.8709 24.8395 -18.4146
v 65.6846 24.1572 -19.9746
v 66.3429 28.2211 -15.8046
v 59.1013 18.0318 3.2355
v 59.9797 16.1238 1.5254
v 62.0747 16.1148 0.7654
v 61.1571 18.2818 3.8855
v 59.6844 19.7968 6.0454
v 58.5704 15.3768 2.6554
v 59.1793 20.3158 7.0055
v 60.5707 19.0288 6.9855
v 61.3782 18.3928 5.7455
v 59.6907 13.2938 5.2154
v 59.3149 19.5728 9.0554
v 60.1066 18.3068 8.6155
v 58.8819 18.1058 9.9154
v 57.9085 17.1128 10.1155
v 57.8899 15.8018 8.8655
v 59.9494 16.0578 8.3954
v 60.2740 13.1348 5.2954
v 57.7509 14.7588 12.4254
v 59.3780 13.9988 12.5554
v 59.7974 10.2998 10.6854
v 63.3792 7.7498 9.3855
v 57.3379 16.5158 15.1854
v 59.7014 14.2258 13.8755
v 60.3314 13.4958 14.1454
v 59.3042 21.4198 30.4254
v 59.1312 21.8888 31.1255
v 57.8679 19.3448 31.8755
v 58.1799 19.3598 32.1954
v 60.2421 18.7918 32.1854
v 57.5634 23.4429 38.3655
v 58.0634 22.5948 37.3354
v 63.0340 16.6638 38.2154
v 58.4593 22.5128 38.3354
v 58.4323 19.2838 36.4855
v 57.3999 18.5868 36.9354
v 57.5144 18.1688 37.1754
v 57.6328 22.4288 39.7154
v 57.5129 22.8352 39.4754
v 59.1255 21.3088 39.4454
v 59.4225 21.1798 39.1554
v 58.2250 20.9518 40.2054
v 59.2667 18.9808 40.5154
v 56.7012 21.2618 40.2854
v 60.4899 19.3448 39.8954
v 59.6737 19.7778 40.1454
v 56.3332 18.7598 38.6454
v 58.5367 16.4758 39.1854
v 60.3162 14.4048 38.1255
v 58.1023 18.5888 40.3054
v 58.7509 18.5868 40.4855
v 63.2919 38.2225 69.6954
v 64.0482 38.7328 70.2654
v 66.7051 40.0637 68.7754
v 63.2475 38.0151 69.3254
v 65.7392 39.8942 69.6055
v 65.6196 39.7693 70.1754
v 65.9205 39.0822 68.6554
v 61.7421 35.1451 68.6355
v 60.2456 33.3945 68.7154
v 63.1128 37.7569 70.8054
v 64.4436 38.7751 70.6654
v 62.1371 36.5009 71.3954
v 63.3494 36.9679 71.4554
v 60.8764 34.5826 71.6854
v 63.0607 36.3767 71.5754
v 61.6634 33.6141 69.2854
v 59.8693 32.3635 69.2854
v 60.2861 32.3015 69.9754
v 62.3946 34.0927 71.0954
v 66.0230 48.1794 82.1454
v 67.0807 48.5299 82.7455
v 67.6538 48.5791 82.8655
v 66.1255 47.5935 81.6255
v 67.6908 47.4594 82.0254
v 69.2307 46.4707 83.0154
v 67.0520 48.5920 84.0055
v 67.3163 48.5116 84.3555
v 68.6521 48.6346 84.9454
v 64.3166 47.0040 83.9154
v 66.1168 46.7014 84.5254
v 66.7150 45.6800 83.5954
v 67.5209 46.1443 84.4855
v 44.5213 -4.8242 77.0654
v 44.7944 -5.0062 76.7654
v 69.3406 26.1490 -24.4146
v 69.0765 26.8939 -21.2046
v 69.0146 26.8764 -20.5946
v 69.5229 26.4322 -21.1846
v 66.8288 23.6654 -20.4846
v 66.0038 24.2004 -19.5846
v 67.6677 23.2227 -21.0446
v 69.3037 26.4798 -18.4346
v 68.9771 26.3401 -17.9046
v 66.6302 12.1818 -4.0145
v 61.1876 14.0368 -0.2645
v 61.8019 15.4138 0.1155
v 61.7945 14.5798 -0.4846
v 60.9198 13.8108 -0.0546
v 61.1142 12.7628 -0.2545
v 62.1862 17.5758 3.5354
v 62.1774 17.6778 4.1754
v 62.9201 16.9568 3.2254
v 61.0365 11.7928 0.7854
v 61.1844 11.5058 1.3555
v 61.3226 17.1408 7.3354
v 62.1400 17.2218 5.9454
v 61.2359 16.4528 7.4754
v 63.0541 15.2748 5.3755
v 60.3730 17.2248 8.4254
v 62.0876 15.3668 6.4554
v 62.5335 16.3858 5.8354
v 61.0738 14.3848 6.6754
v 60.3699 13.2778 12.5454
v 61.3155 12.5818 13.1954
v 60.6778 12.3468 11.6255
v 59.8165 9.6338 10.6854
v 58.7763 9.0668 11.9154
v 59.0785 14.5408 15.0754
v 60.9942 10.8208 14.9955
v 60.8822 12.3498 14.6255
v 63.4540 5.0048 12.6355
v 65.4177 4.1948 12.4354
v 61.0930 19.3378 29.2054
v 60.6026 20.5988 30.1854
v 61.0205 18.4278 28.9354
v 60.3781 21.0128 31.1754
v 61.6266 20.0188 30.5654
v 61.8797 19.0088 29.1355
v 61.5507 19.6838 29.6355
v 62.3587 19.3958 30.2555
v 60.4214 17.6048 31.3555
v 61.9963 19.4988 31.1454
v 59.9257 17.7188 30.0354
v 60.1081 17.5758 30.9754
v 64.1871 14.0318 37.4955
v 61.1135 15.1918 37.0554
v 61.8068 18.4438 39.0055
v 58.3006 16.5588 38.5354
v 60.5237 17.4268 40.5954
v 58.9821 16.8898 40.1255
v 59.7024 17.7968 40.5654
v 59.9905 16.9928 40.5554
v 68.7009 45.0133 69.7555
v 68.2907 44.2495 69.5055
v 68.8017 44.8752 70.0554
v 69.3286 45.2291 70.3655
v 68.5059 43.5058 70.4955
v 69.0929 45.5102 68.6954
v 69.5773 45.3892 68.3855
v 69.5931 44.7099 68.3555
v 67.2696 40.5337 68.6454
v 67.6502 42.8657 69.3855
v 66.8856 40.9023 69.1055
v 68.5287 41.7525 68.4154
v 67.4326 39.4531 68.5754
v 67.2298 40.1747 70.9654
v 66.4918 40.4968 69.8855
v 64.9323 36.3412 69.0154
v 66.7285 37.5151 69.2555
v 66.0790 36.5015 70.1554
v 65.6794 38.3617 71.3354
v 65.4003 37.7816 71.4054
v 66.3663 38.4041 71.3154
v 65.8418 37.2832 71.2754
v 66.6961 37.6479 71.0754
v 63.6714 34.9488 70.9054
v 62.0920 33.5501 69.9754
v 69.1951 48.8172 83.5354
v 69.0842 47.6954 82.5754
v 69.6578 48.1196 85.8855
v 68.6417 47.3107 85.5454
v 68.4225 46.8001 85.3054
v 69.2491 46.4352 85.3054
v 69.4797 46.1363 84.8655
v 46.2672 -3.0992 77.7954
v 46.4274 -2.9812 76.5954
v 46.1146 -3.7982 75.7854
v 45.0241 -5.1652 77.0854
v 68.1806 22.5388 -22.9846
v 68.7382 22.3208 -22.9246
v 68.7915 22.5628 -22.2346
v 68.1650 23.2628 -18.9246
v 65.8055 11.7358 -4.5846
v 64.0658 10.2288 -4.0045
v 64.4458 11.7348 -3.9046
v 63.9609 9.8688 -3.7946
v 67.7853 11.8778 -3.6445
v 68.2423 11.5748 -2.8945
v 63.1333 16.7618 3.5354
v 62.6959 16.9008 5.0454
v 65.3158 14.0638 2.0954
v 64.9589 13.8278 2.9154
v 63.0097 11.5118 3.2754
v 63.1946 11.9798 3.7254
v 64.8648 8.0108 -2.4746
v 63.8501 14.2038 4.3855
v 64.1559 13.2048 3.8755
v 62.8870 13.7128 5.1554
v 64.4671 11.9638 3.0254
v 60.6773 11.5198 10.9855
v 62.2334 10.5498 10.7954
v 64.4969 5.7728 8.6554
v 62.9166 10.7848 11.8555
v 62.3284 6.7878 9.5854
v 61.6561 6.4058 10.3154
v 61.6521 5.8418 11.1255
v 60.5885 9.9658 15.0354
v 61.7717 9.5738 14.6055
v 62.0066 18.3758 28.7954
v 63.3847 17.7688 28.7854
v 63.0660 18.6568 29.5954
v 63.1727 18.4038 30.8154
v 63.7469 17.9188 29.2555
v 62.4378 15.7728 28.8755
v 63.0668 17.0148 28.3655
v 62.1340 15.7468 29.3954
v 62.2551 15.5958 30.0055
v 64.9809 15.8208 30.5854
v 60.8347 16.9408 30.6654
v 63.2586 15.7858 30.9654
v 63.0698 15.3108 30.5654
v 61.4048 15.7858 36.9154
v 62.8076 16.5188 40.0154
v 63.1228 16.4308 39.7455
v 62.8281 17.1198 39.2154
v 61.7151 13.8168 37.3254
v 60.4464 14.0828 38.7054
v 60.6740 13.9848 39.3755
v 61.7098 12.5068 38.5954
v 62.1900 16.0148 40.5654
v 61.5312 14.6098 40.5354
v 60.8134 14.4028 40.0254
v 62.1851 14.6138 40.6854
v 68.9164 41.1916 68.5754
v 68.9178 40.5291 68.7954
v 69.9038 41.5262 70.4855
v 69.5994 40.4915 69.8555
v 67.4718 39.3168 71.1854
v 67.0731 38.4697 71.1854
v 68.6765 39.2876 70.6554
v 68.9617 39.4252 69.8054
v 67.6037 38.0600 69.5554
v 67.4009 37.6553 70.0454
v 46.4196 -3.9222 77.9554
v 64.9250 10.4948 -4.9945
v 66.8013 9.6198 -7.0546
v 64.3314 9.5568 -4.4146
v 66.1063 8.4218 -6.8346
v 64.6506 8.1438 -3.1145
v 69.8241 9.7948 -4.2445
v 68.3087 10.6498 -1.5246
v 66.1342 8.1058 -1.2645
v 65.4494 11.5038 2.0055
v 67.8182 9.9708 -0.8346
v 63.6768 9.3208 10.4955
v 63.8647 8.1428 9.6255
v 63.1722 5.1148 9.3755
v 63.3429 10.3938 12.4754
v 63.7188 9.8268 12.7254
v 63.7193 3.6218 9.7754
v 65.4795 3.5688 12.1654
v 64.4508 17.2928 29.2455
v 65.1316 14.2288 27.8054
v 65.8254 14.2798 27.7455
v 64.6242 16.8718 28.8054
v 62.9938 15.4818 28.5654
v 64.7700 13.5258 28.1554
v 65.2933 15.3228 28.0354
v 63.6498 14.1938 29.3354
v 63.9548 14.0228 28.7355
v 64.4340 14.6868 30.6255
v 65.1200 14.7288 30.6055
v 63.9743 11.4358 37.3755
v 63.5570 15.5788 37.8154
v 65.4382 12.6158 40.2754
v 65.4618 13.4098 38.5854
v 63.7591 15.6528 39.6954
v 63.4633 11.2178 37.7054
v 63.1168 15.3028 40.4354
v 65.9732 10.9068 40.6255
v 61.8941 13.1938 40.1854
v 69.2395 10.1478 -6.7445
v 66.7976 8.7548 -7.5646
v 67.4598 6.3918 -8.5946
v 67.1668 6.2658 -7.7346
v 67.5090 5.6838 -7.1746
v 67.4557 7.0538 -3.0145
v 67.0328 9.4828 -0.3346
v 66.0351 6.3048 9.1454
v 64.4832 9.0338 11.1355
v 65.1119 8.1168 10.4254
v 66.0188 7.2108 10.3954
v 67.2994 5.3578 9.2954
v 65.1504 4.2538 8.2254
v 65.1075 2.1448 8.7754
v 64.7092 8.6318 12.3454
v 64.6577 8.1558 12.8454
v 65.8923 7.2998 11.6454
v 64.2277 7.4978 13.3855
v 65.6243 7.2448 12.2054
v 65.3416 6.8768 12.6954
v 65.3514 1.4628 9.9154
v 63.9433 6.9108 13.4855
v 65.8667 15.1528 28.1654
v 66.9969 14.0018 28.0654
v 68.1707 10.6868 27.2355
v 66.8658 11.5008 27.5254
v 67.5741 13.3948 29.6055
v 68.2463 12.0208 29.7355
v 67.1366 14.2118 29.3855
v 67.2882 13.9818 28.4254
v 65.4928 12.1148 28.6055
v 64.7196 13.1638 29.6255
v 65.3095 12.3388 29.2455
v 65.9932 11.8588 28.0154
v 65.8886 11.9278 29.5754
v 67.2453 9.7028 28.7154
v 66.9243 10.5578 29.3755
v 64.2682 12.0328 37.2254
v 64.7770 14.0648 39.8555
v 64.8405 14.3428 39.2954
v 65.4676 11.7878 37.4054
v 66.0146 12.7968 38.8655
v 65.9876 12.0108 40.2555
v 63.8837 10.6138 40.1554
v 64.9110 9.7478 40.3855
v 64.0665 9.9628 39.7954
v 69.9582 5.4378 -12.3845
v 68.9404 5.4638 -11.0145
v 69.2523 4.3978 -11.1946
v 69.4952 3.7748 -9.7246
v 69.2916 10.5638 -5.1145
v 68.4276 10.2748 -1.5946
v 69.9045 8.5858 -3.7545
v 69.8192 6.5178 -4.6646
v 68.2090 8.1448 -2.1046
v 68.8947 8.0408 -2.7545
v 67.6593 3.9068 8.0954
v 66.6541 4.6178 8.2054
v 67.5089 5.4088 10.2854
v 68.2817 4.3048 10.1854
v 66.2315 1.8958 7.6854
v 66.4246 6.2188 11.8154
v 67.0943 1.1428 11.0854
v 67.1942 3.6078 11.7954
v 67.1783 -0.2832 10.0654
v 67.5047 12.8828 27.6554
v 67.8801 10.0788 27.3555
v 68.3516 12.7528 28.6754
v 66.7457 11.1598 27.6954
v 68.9485 11.8248 28.2654
v 67.7571 9.5028 29.3954
v 67.2523 8.0508 27.0954
v 66.9063 7.8038 27.2854
v 66.9129 8.4858 28.3755
v 67.2132 9.3018 28.6155
v 65.4934 4.0508 27.1055
v 67.7704 10.5628 38.7054
v 66.9647 11.2028 39.9454
v 65.1253 8.4078 38.3354
v 64.6642 9.4588 37.8555
v 64.8379 8.6798 39.2854
v 65.3864 9.0378 37.5954
v 65.6557 10.6828 40.7054
v 66.5023 9.6438 40.6454
v 67.9530 7.0278 40.4054
v 66.2884 8.4418 40.4254
v 67.7979 2.6558 7.3954
v 69.5967 1.5258 7.3655
v 67.8089 0.4478 6.7954
v 69.6595 -1.4482 5.8655
v 68.7747 3.6548 9.1954
v 69.3464 2.4338 8.0954
v 67.7014 4.2158 11.3054
v 68.8083 3.2368 10.3555
v 69.9811 1.8278 8.3954
v 67.3096 -0.5162 7.3154
v 66.4105 -0.0192 8.8555
v 67.6800 -1.5622 9.0654
v 67.4566 -1.4132 7.8054
v 47.7059 -41.1882 -3.9846
v 48.0733 -40.9952 -2.9346
v 52.4169 -38.5302 -2.7946
v 47.7324 -41.7912 -3.1746
v 47.5362 -41.1992 -3.7046
v 48.1763 -41.9502 -4.3945
v 48.3236 -41.6512 -4.4746
v 68.9862 0.1208 10.5754
v 68.9964 1.7838 10.6954
v 68.4566 1.9118 11.0554
v 47.6090 -41.4692 -2.9346
v 47.7793 -41.7992 -2.8546
v 51.6256 -39.8122 -1.9246
v 68.9866 10.3028 27.2555
v 69.5139 10.0318 27.3755
v 69.1778 8.5598 27.0954
v 68.7754 11.6788 29.4554
v 69.9285 10.3468 28.1255
v 69.7773 8.8968 29.6454
v 67.6716 7.8808 29.2455
v 67.7030 7.2198 29.1355
v 68.8457 8.3028 29.5055
v 68.6612 7.8328 29.0854
v 68.7436 7.2308 28.7054
v 66.4606 5.5368 26.6854
v 65.7661 4.6508 26.9855
v 66.1281 4.4238 28.2954
v 66.9845 5.6168 28.7254
v 68.2763 6.6168 26.9554
v 66.0731 1.7548 25.9855
v 67.4313 5.1248 28.5754
v 68.8440 7.2188 27.5055
v 67.5961 3.9208 27.8254
v 67.4992 4.2018 28.1554
v 66.9083 1.7908 26.8755
v 65.1473 2.3908 26.3555
v 64.6315 1.6548 26.7154
v 67.1619 3.1278 26.5954
v 65.1312 2.9458 26.7954
v 64.7501 0.3328 25.8655
v 66.7116 1.6548 26.4955
v 65.9397 0.0768 26.0854
v 65.5801 -0.0272 25.8354
v 62.3461 -4.7172 25.7854
v 64.3991 0.1008 26.0154
v 62.1201 -4.8832 26.6454
v 62.4465 -5.3432 25.4654
v 64.6918 -2.6522 25.6754
v 64.4403 -2.5032 25.5554
v 63.0274 -5.5522 25.3054
v 65.7686 2.9248 28.1454
v 65.9057 2.5148 28.1754
v 65.1515 1.5678 27.9054
v 63.6427 -3.1152 27.5654
v 64.8470 -1.9592 27.6155
v 61.9158 -5.4242 26.4855
v 63.2885 -5.3052 27.4354
v 63.0336 -5.8572 27.3855
v 67.9444 10.3398 39.3154
v 67.7357 6.7038 37.3555
v 68.6346 7.0638 40.4154
v 69.1325 -2.6152 5.9855
v 68.9511 -3.8022 7.8755
v 69.2400 -4.3302 6.5554
v 53.3734 -38.1612 -3.1445
v 53.8680 -39.6022 -3.6046
v 49.4859 -41.9422 -4.1245
v 51.1039 -41.5112 -3.4046
v 52.3774 -40.6452 -3.5846
v 52.0293 -41.0802 -2.8146
v 69.6863 5.6188 28.2754
v 65.8513 -1.0822 26.6554
v 63.9178 -5.0172 25.6055
v 64.8996 -2.5922 27.3855
v 69.9359 7.5348 38.1355
v 68.8817 4.2788 37.8254
v 68.5329 4.4618 39.0554
v 69.7902 5.2448 40.2254
v 69.9599 -5.7372 6.0654
v 69.9151 -5.6362 7.0254
v 56.2428 -37.3312 -3.3346
v 54.6830 -38.5782 -3.6145
v 55.3505 -37.0122 -2.8246
v 69.9092 -4.7292 8.1654
v 56.5846 -36.2582 -1.4746
v 58.4279 -34.7992 -1.4146
v 53.4709 -39.3652 -1.6046
v 52.6621 -39.9652 -1.8146
v 53.4098 -40.4082 -2.7046
v 69.9618 3.6948 37.2754
v 61.8244 -31.8882 -1.3645
v 61.6587 -32.3582 -1.8146
v 59.5567 -33.8732 -1.6145
v 60.4638 -33.1152 -0.9646
v 59.2454 -35.0852 -2.7645
v 59.2543 -36.4702 -2.7146
v 56.4788 -37.5392 -3.3446
v 58.5618 -37.2172 -2.6145
v 59.9450 -33.9042 -0.6145
v 59.4656 -34.8862 -0.4146
v 56.0921 -37.9472 -1.1245
v 59.3370 -36.6872 -1.0246
v 56.6852 -38.4272 -2.8845
v 58.6140 -37.3002 -1.3146
v 57.8582 -37.9342 -2.2346
v 56.0443 -39.0132 -2.5145
v 55.7619 -38.7142 -1.4846
v 55.9199 -38.9932 -1.9046
v 69.2170 -18.4202 1.8354
v 69.4423 -19.3022 1.0554
v 68.6517 -20.3872 1.2854
v 68.2425 -21.1042 1.9855
v 67.3444 -23.6892 0.6055
v 69.1853 -19.1952 3.2754
v 67.4039 -23.7612 1.8454
v 68.3678 -22.9492 0.0454
v 67.1614 -25.6302 -0.5746
v 66.4877 -25.5622 1.2654
v 66.0917 -27.5112 1.5254
v 66.3170 -25.6202 0.5954
v 65.4320 -27.2982 0.6754
v 64.8598 -28.8272 0.9254
v 65.3246 -27.8422 -0.7146
v 63.9189 -29.3662 -0.3945
v 64.3627 -29.0742 -0.8645
v 64.2827 -29.0802 0.3655
v 63.2139 -30.7662 -1.4646
v 64.6264 -30.5322 -1.7645
v 63.0476 -33.2362 -2.0646
v 62.1493 -33.7802 -2.3246
v 63.2680 -33.4212 -1.7846
v 63.1660 -33.7952 -1.5346
v 62.7031 -34.3062 -1.4246
v 62.2021 -34.7992 -1.3146
v 60.3104 -35.6152 -2.5846
v 61.1089 -34.6172 -2.5346
v 64.6139 -30.7632 0.9254
v 65.3480 -29.1432 1.2455
v 63.3378 -32.1302 0.5554
v 63.2127 -31.0082 0.4154
v 61.7943 -32.6682 0.0954
v 61.8276 -34.0252 0.0254
v 61.6040 -34.5402 -0.1946
v 61.0438 -35.4822 -0.7545
v 60.2339 -36.2032 -1.0746
v 69.4386 -22.0762 0.1055
v 67.3402 -25.9922 -0.7645
v 69.5913 -22.4682 0.0554
v 68.5028 -24.8852 -0.4945
v 68.1485 -26.3782 -0.6746
v 68.7622 -25.7222 -0.3645
v 67.9152 -23.4732 2.3954
v 69.8512 -24.5032 1.8454
v 69.3765 -23.8562 2.6355
v 68.0748 -26.7762 1.8154
v 69.6638 -24.6002 0.2254
v 69.3076 -25.8892 0.4855
v 68.7924 -26.5132 -0.0646
v 69.0627 -25.8172 1.7054
v 66.3913 -28.8152 -1.3046
v 67.2661 -28.2982 -0.9246
v 66.8213 -29.5032 -0.8046
v 68.2519 -27.6252 -0.1046
v 68.1216 -27.9732 0.1055
v 67.2100 -28.8632 0.9855
v 66.4410 -30.3242 0.1954
v 65.3736 -30.3242 -1.5846
v 65.4846 -30.7642 -1.4246
v 66.1412 -30.5492 -0.8546
v 65.8997 -31.0262 -0.0646
v 65.1400 -31.9452 -0.4246
v 64.3344 -32.7512 -1.0746
v 65.0210 -31.9792 -0.1345
v 69.0816 -20.8392 3.2254
v 68.2051 -24.9732 2.4154
v 69.2020 -23.4892 2.8054
v 65.7347 -29.0072 1.3555
v 66.6530 -28.4402 1.5154
v 67.4996 -28.0842 1.3555
v 63.2257 -44.6472 -8.4246
v 66.6075 -41.3012 -7.5546
v 63.4106 -45.0022 -8.6445
v 60.3611 -46.6972 -8.7146
v 61.3750 -47.3212 -9.2545
v 63.7289 -43.7262 -7.7146
v 66.0115 -41.5202 -7.0946
v 63.8235 -43.6332 -7.0446
v 60.2191 -46.7402 -8.1245
v 66.1182 -42.2722 -5.9146
v 60.2125 -46.7182 -8.4346
v 61.4833 -46.6822 -7.0646
v 62.7673 -45.3062 -6.7445
v 62.2602 -46.4072 -6.8645
v 63.5347 -45.0422 -6.4846
v 60.2296 -47.3262 -7.6046
v 61.6256 -47.4712 -9.1245
v 64.5054 -45.6862 -8.0045
v 61.7416 -48.0752 -8.4446
v 62.2188 -47.2812 -7.2846
v 69.8952 -36.8792 -5.6145
v 68.0508 -39.4282 -6.8546
v 68.7819 -38.6742 -5.6046
v 69.8635 -38.0842 -7.1846
v 68.9749 -39.3142 -7.4446
v 66.4961 -41.8342 -7.8745
v 67.8585 -41.7632 -7.8546
v 69.4079 -40.5202 -7.4746
v 66.2763 -43.7412 -8.0045
v 67.5470 -40.6002 -5.6546
v 68.6924 -40.2112 -5.2445
v 64.8379 -44.3422 -6.2146
v 65.7030 -41.8752 -6.6046
v 67.2571 -42.6682 -5.8546
v 66.0554 -43.8692 -6.1746
v 65.0115 -44.7102 -6.3745
v 65.8910 -44.6062 -6.8645
v 63.7640 -46.0432 -6.8845
v 68.8020 -41.7622 -7.2346
v 69.3495 -41.4062 -6.7346
v 68.6857 -42.0502 -7.0045
v 67.2812 -43.3932 -7.2645
v 69.2536 -40.4422 -5.3046
f 1 2 3
f 4 5 6
f 7 8 9
f 10 11 12
f 13 14 15
f 15 16 13
f 17 16 15
f 14 18 15
f 18 17 15
f 18 19 17
f 17 19 20
f 21 22 23
f 24 25 26
f 22 26 25
f 26 22 21
f 27 3 28
f 29 27 28
f 29 28 30
f 3 27 1
f 31 30 32
f 33 34 32
f 22 35 23
f 36 37 38
f 6 5 39
f 6 40 41
f 41 40 8
f 40 9 8
f 6 39 40
f 39 5 42
f 40 39 43
f 9 40 44
f 7 9 45
f 45 11 7
f 40 46 44
f 9 44 45
f 12 11 47
f 48 47 45
f 11 45 47
f 49 50 51
f 52 50 49
f 52 53 50
f 19 18 54
f 55 20 56
f 56 20 19
f 55 19 54
f 56 19 55
f 20 55 24
f 25 24 55
f 1 27 57
f 33 23 58
f 35 58 23
f 30 31 29
f 59 29 31
f 60 34 33
f 58 60 33
f 61 62 36
f 36 62 37
f 63 61 64
f 64 65 66
f 66 63 64
f 65 67 66
f 68 38 37
f 69 70 71
f 71 72 73
f 71 70 72
f 68 74 38
f 75 70 74
f 69 70 75
f 75 70 69
f 76 68 37
f 62 68 37
f 37 68 76
f 74 68 76
f 75 72 70
f 77 78 79
f 80 77 79
f 78 73 79
f 81 80 82
f 80 79 82
f 82 79 83
f 84 85 86
f 87 85 84
f 87 88 85
f 87 89 88
f 85 90 86
f 85 88 90
f 88 85 90
f 91 90 85
f 89 92 88
f 92 85 88
f 85 92 93
f 94 95 96
f 94 97 95
f 95 97 98
f 98 97 5
f 97 94 99
f 42 43 39
f 97 100 5
f 5 100 42
f 42 100 101
f 42 101 43
f 43 46 40
f 43 44 46
f 101 102 43
f 102 44 43
f 102 103 44
f 100 97 99
f 104 102 101
f 105 45 44
f 45 105 106
f 103 106 105
f 103 105 44
f 106 48 45
f 107 12 108
f 12 47 108
f 47 48 108
f 103 109 106
f 107 108 110
f 52 49 111
f 52 14 53
f 14 54 18
f 14 52 54
f 112 113 114
f 49 113 112
f 114 57 112
f 57 115 112
f 116 115 57
f 114 1 57
f 57 117 116
f 117 57 27
f 27 29 118
f 59 118 29
f 117 27 118
f 119 31 32
f 119 32 34
f 60 119 34
f 59 31 119
f 120 121 122
f 122 121 123
f 121 120 123
f 120 124 123
f 63 62 61
f 125 62 126
f 66 67 127
f 67 128 129
f 130 131 128
f 128 131 129
f 67 129 127
f 63 126 62
f 63 132 126
f 63 66 132
f 133 126 132
f 132 66 134
f 134 133 132
f 66 127 134
f 134 127 135
f 136 134 137
f 134 136 133
f 135 127 129
f 62 138 68
f 133 125 126
f 125 138 62
f 74 139 75
f 75 139 72
f 68 74 76
f 68 138 74
f 74 138 140
f 141 74 140
f 141 139 74
f 139 142 72
f 141 142 139
f 141 143 142
f 143 144 142
f 140 145 141
f 139 143 141
f 130 146 131
f 82 147 81
f 129 131 148
f 131 146 148
f 148 146 81
f 148 81 147
f 72 149 73
f 150 144 72
f 72 151 149
f 144 151 72
f 72 142 150
f 151 73 149
f 150 142 144
f 151 144 152
f 144 153 152
f 153 154 152
f 83 79 155
f 156 147 82
f 82 83 156
f 83 155 156
f 151 152 157
f 157 152 158
f 158 152 154
f 73 151 157
f 79 73 157
f 159 157 158
f 79 157 159
f 160 161 162
f 161 163 162
f 164 165 163
f 165 164 166
f 167 168 169
f 86 170 84
f 171 87 84
f 171 84 170
f 171 170 172
f 171 173 87
f 89 87 173
f 91 174 90
f 175 86 90
f 90 174 175
f 91 85 176
f 172 170 177
f 177 170 86
f 178 172 177
f 85 93 176
f 173 93 89
f 175 177 86
f 91 175 174
f 89 93 92
f 91 179 175
f 176 179 91
f 176 93 179
f 180 179 93
f 181 94 96
f 94 181 99
f 100 99 181
f 182 183 184
f 96 183 185
f 185 181 96
f 181 182 99
f 181 99 182
f 182 185 183
f 182 181 185
f 186 185 182
f 104 100 181
f 101 100 104
f 103 187 188
f 189 181 182
f 190 181 189
f 104 181 190
f 104 190 187
f 190 188 187
f 104 187 102
f 187 103 102
f 103 191 109
f 192 103 188
f 192 191 103
f 110 108 48
f 109 193 106
f 194 106 193
f 193 109 191
f 191 194 193
f 195 107 110
f 196 195 110
f 196 197 195
f 198 195 197
f 110 48 199
f 106 199 48
f 200 201 202
f 202 49 200
f 49 202 111
f 203 111 204
f 111 202 204
f 54 52 203
f 111 203 52
f 54 205 55
f 205 206 55
f 205 54 203
f 204 205 203
f 206 205 204
f 204 207 206
f 200 49 208
f 49 112 115
f 209 200 208
f 49 115 208
f 201 200 209
f 35 22 25
f 25 55 206
f 210 25 206
f 25 211 35
f 210 211 25
f 207 212 206
f 206 212 210
f 211 210 213
f 210 212 213
f 116 214 115
f 117 215 116
f 116 215 214
f 117 118 216
f 216 118 59
f 217 59 218
f 59 119 218
f 219 58 35
f 220 218 119
f 211 219 35
f 60 220 119
f 60 58 221
f 221 220 60
f 215 117 216
f 222 216 217
f 216 59 217
f 145 140 138
f 125 133 138
f 133 136 138
f 138 136 145
f 145 143 141
f 143 139 141
f 145 223 143
f 223 224 143
f 225 223 145
f 136 225 145
f 226 223 225
f 226 224 223
f 143 224 227
f 156 148 147
f 129 148 228
f 148 156 228
f 134 135 137
f 228 229 129
f 135 230 137
f 135 129 230
f 153 231 154
f 144 232 153
f 153 233 231
f 143 232 144
f 143 233 232
f 153 232 233
f 231 234 154
f 154 234 235
f 233 143 227
f 224 236 227
f 236 233 227
f 237 236 224
f 236 238 233
f 236 237 238
f 239 233 238
f 238 237 240
f 233 234 231
f 233 239 234
f 239 241 233
f 234 239 242
f 239 241 242
f 233 241 239
f 79 159 155
f 156 155 243
f 156 243 244
f 244 245 156
f 235 158 154
f 159 158 246
f 158 247 246
f 235 247 158
f 155 159 243
f 243 159 248
f 234 247 235
f 249 250 251
f 252 253 254
f 255 256 252
f 257 258 259
f 160 259 255
f 162 163 259
f 160 162 259
f 259 165 257
f 260 165 261
f 257 165 260
f 258 257 260
f 262 263 264
f 262 265 266
f 262 264 263
f 267 266 265
f 163 165 259
f 268 261 269
f 261 268 270
f 261 270 260
f 260 270 264
f 263 270 264
f 263 264 270
f 166 169 271
f 271 169 272
f 272 169 273
f 165 166 271
f 274 268 269
f 275 270 276
f 268 274 270
f 168 273 169
f 272 273 168
f 168 167 277
f 278 279 277
f 277 167 278
f 171 172 280
f 281 171 280
f 173 171 281
f 178 280 172
f 281 280 282
f 282 173 281
f 173 282 89
f 178 282 280
f 178 177 283
f 283 177 284
f 285 282 286
f 287 178 283
f 178 287 282
f 286 282 287
f 283 288 287
f 282 173 89
f 285 173 282
f 289 93 173
f 285 289 173
f 290 291 177
f 284 177 291
f 292 291 290
f 284 291 292
f 288 283 284
f 293 290 175
f 175 179 293
f 179 180 293
f 177 175 290
f 93 294 180
f 93 295 294
f 180 294 296
f 289 295 93
f 297 294 295
f 285 298 289
f 298 295 289
f 299 286 287
f 298 285 286
f 292 290 300
f 301 300 290
f 302 303 300
f 292 300 303
f 301 293 180
f 290 293 301
f 301 180 296
f 296 294 297
f 304 297 295
f 296 300 301
f 305 297 304
f 300 306 302
f 300 296 306
f 307 296 297
f 297 305 307
f 186 182 184
f 308 184 309
f 186 184 308
f 182 185 186
f 186 308 310
f 188 311 192
f 188 190 192
f 192 311 188
f 312 182 186
f 189 182 312
f 311 313 192
f 313 191 192
f 314 311 192
f 192 190 314
f 311 315 313
f 106 194 316
f 204 202 317
f 201 317 202
f 317 318 204
f 318 203 204
f 318 204 203
f 204 318 207
f 316 199 106
f 319 201 209
f 317 201 320
f 201 319 321
f 201 322 320
f 322 201 321
f 321 323 322
f 319 324 321
f 320 318 317
f 207 318 325
f 322 325 318
f 320 322 318
f 326 327 325
f 212 325 213
f 325 212 207
f 327 213 325
f 328 115 214
f 328 329 115
f 214 330 328
f 329 208 115
f 331 328 330
f 332 329 331
f 331 329 328
f 219 333 58
f 213 219 211
f 333 221 58
f 213 327 219
f 327 333 219
f 334 335 336
f 335 337 336
f 214 338 339
f 215 338 214
f 222 338 215
f 339 330 214
f 222 340 338
f 340 222 341
f 338 340 339
f 339 340 330
f 215 216 222
f 222 217 342
f 342 217 218
f 222 342 343
f 343 342 344
f 342 218 344
f 341 222 343
f 220 221 345
f 218 220 344
f 220 345 346
f 346 344 220
f 347 348 349
f 350 347 349
f 351 334 336
f 351 350 334
f 352 347 350
f 351 347 352
f 351 353 347
f 353 348 347
f 351 352 350
f 354 355 356
f 357 358 359
f 360 361 362
f 362 363 360
f 364 365 366
f 365 367 366
f 120 122 368
f 136 226 225
f 224 226 237
f 226 369 237
f 370 237 369
f 229 230 129
f 229 228 371
f 137 226 136
f 226 137 372
f 372 230 229
f 371 372 229
f 372 137 230
f 370 240 237
f 226 372 373
f 241 239 374
f 241 374 375
f 239 238 240
f 239 240 374
f 240 376 374
f 370 376 240
f 374 377 375
f 377 374 376
f 376 370 369
f 228 156 378
f 156 245 378
f 228 378 379
f 379 378 245
f 244 379 245
f 379 371 228
f 243 248 380
f 243 380 244
f 379 244 381
f 380 381 244
f 379 381 371
f 372 371 382
f 234 383 247
f 248 159 246
f 241 383 242
f 241 375 383
f 234 242 383
f 247 383 384
f 383 385 242
f 242 385 383
f 375 386 383
f 383 386 385
f 377 386 375
f 383 385 384
f 387 380 248
f 246 387 248
f 384 388 389
f 247 384 246
f 390 391 392
f 393 392 394
f 395 396 397
f 398 396 394
f 399 400 401
f 402 400 399
f 393 401 390
f 400 403 401
f 401 403 390
f 403 391 390
f 393 390 392
f 404 402 405
f 251 401 399
f 401 251 250
f 399 401 250
f 399 250 405
f 402 399 405
f 249 406 407
f 250 249 405
f 405 249 408
f 408 249 407
f 408 407 409
f 410 408 409
f 411 405 408
f 409 408 410
f 412 408 409
f 409 407 413
f 410 409 413
f 409 410 413
f 414 409 413
f 415 416 417
f 413 418 419
f 414 413 419
f 419 418 420
f 421 414 419
f 419 420 421
f 416 422 423
f 418 424 420
f 425 424 426
f 424 425 420
f 427 420 425
f 428 427 425
f 428 425 429
f 420 427 421
f 426 430 431
f 429 426 431
f 426 424 432
f 426 432 430
f 426 429 425
f 428 429 433
f 431 430 254
f 431 254 253
f 434 431 253
f 431 433 429
f 435 433 431
f 436 437 438
f 437 439 438
f 253 252 256
f 253 256 434
f 434 440 435
f 431 434 435
f 435 440 441
f 435 441 433
f 441 442 443
f 444 437 436
f 436 445 444
f 444 445 446
f 447 255 259
f 447 448 440
f 440 448 449
f 256 447 434
f 255 447 256
f 447 440 434
f 442 450 443
f 443 450 451
f 440 442 441
f 452 453 454
f 453 452 451
f 443 451 452
f 446 443 452
f 452 454 446
f 259 448 447
f 259 258 448
f 258 449 448
f 449 455 442
f 450 442 456
f 453 456 457
f 456 453 451
f 440 449 442
f 451 450 456
f 258 260 458
f 258 458 459
f 458 260 459
f 266 267 460
f 266 460 459
f 459 449 258
f 449 459 455
f 456 267 457
f 442 455 460
f 442 460 457
f 460 267 457
f 457 267 456
f 460 455 459
f 457 456 442
f 266 459 262
f 459 260 264
f 262 459 264
f 272 461 271
f 462 275 276
f 275 462 463
f 270 464 276
f 464 462 276
f 279 168 277
f 168 461 272
f 168 279 465
f 465 466 168
f 168 466 461
f 467 461 466
f 165 271 468
f 468 271 461
f 469 261 165
f 469 165 468
f 469 468 461
f 461 470 469
f 470 461 471
f 463 462 464
f 472 464 270
f 472 274 269
f 274 472 270
f 279 464 473
f 465 474 466
f 466 474 467
f 474 475 476
f 474 465 475
f 473 464 477
f 476 475 467
f 474 476 467
f 475 465 478
f 477 464 479
f 465 279 480
f 279 473 480
f 284 481 288
f 481 284 482
f 299 287 288
f 286 299 298
f 483 295 298
f 298 299 483
f 483 288 481
f 299 288 483
f 484 482 284
f 484 284 292
f 485 482 486
f 486 482 484
f 481 482 485
f 485 486 487
f 483 488 295
f 488 489 295
f 481 485 487
f 481 487 483
f 483 487 488
f 489 488 490
f 488 487 490
f 489 490 304
f 484 292 491
f 492 486 484
f 491 492 484
f 493 487 486
f 493 490 487
f 490 493 494
f 492 491 486
f 489 304 295
f 304 495 489
f 490 493 304
f 304 493 495
f 292 496 497
f 491 292 498
f 498 292 497
f 491 498 499
f 499 498 500
f 496 292 303
f 296 307 306
f 306 501 496
f 306 307 501
f 306 496 302
f 307 502 501
f 303 302 496
f 305 502 307
f 305 304 503
f 503 502 305
f 489 504 304
f 504 503 304
f 495 504 489
f 505 493 494
f 493 505 495
f 505 504 495
f 500 498 497
f 501 502 506
f 503 507 502
f 504 507 503
f 502 507 506
f 504 508 507
f 509 510 504
f 510 508 504
f 308 497 496
f 496 501 308
f 308 496 309
f 309 496 308
f 506 511 308
f 512 497 513
f 308 501 506
f 497 308 514
f 309 514 308
f 497 514 513
f 310 312 186
f 506 515 511
f 308 511 310
f 511 516 310
f 516 312 310
f 515 516 511
f 515 506 507
f 517 507 508
f 517 515 507
f 518 519 520
f 518 520 521
f 521 309 518
f 522 513 514
f 514 521 522
f 309 521 514
f 522 521 520
f 513 520 519
f 516 515 312
f 515 523 312
f 311 314 315
f 314 190 189
f 314 189 523
f 312 523 189
f 524 525 518
f 319 209 324
f 324 526 321
f 526 323 321
f 527 528 323
f 529 325 322
f 529 322 323
f 528 325 529
f 528 326 325
f 528 530 326
f 323 528 529
f 531 532 533
f 534 535 536
f 537 535 534
f 535 538 533
f 531 533 538
f 332 331 316
f 194 332 316
f 539 194 191
f 539 191 313
f 194 539 540
f 540 539 313
f 332 194 329
f 208 540 209
f 540 208 329
f 540 329 194
f 209 540 313
f 313 324 209
f 541 333 327
f 327 326 542
f 541 327 542
f 333 541 543
f 326 530 542
f 544 543 541
f 541 542 530
f 544 541 530
f 530 528 527
f 537 545 535
f 198 197 537
f 196 110 546
f 547 546 110
f 546 547 196
f 331 110 316
f 330 110 331
f 340 196 330
f 196 547 330
f 110 199 316
f 110 330 547
f 548 344 346
f 548 346 549
f 221 346 345
f 550 333 543
f 221 333 550
f 346 221 550
f 550 551 346
f 543 551 550
f 551 549 346
f 544 551 543
f 552 351 336
f 336 337 545
f 553 552 336
f 545 537 554
f 554 537 197
f 336 545 553
f 196 555 556
f 557 556 555
f 555 196 340
f 557 555 340
f 557 340 341
f 557 341 558
f 343 558 341
f 558 343 559
f 558 559 560
f 561 344 548
f 344 559 343
f 344 561 559
f 549 561 548
f 549 559 561
f 355 354 562
f 355 562 356
f 353 354 348
f 354 353 562
f 353 563 348
f 351 563 353
f 564 348 563
f 564 353 348
f 562 565 356
f 565 562 566
f 562 567 566
f 562 353 564
f 564 567 562
f 357 568 358
f 358 569 359
f 363 570 571
f 572 363 362
f 571 573 363
f 360 574 361
f 361 574 575
f 575 574 573
f 363 574 360
f 573 576 575
f 574 363 573
f 573 577 576
f 577 578 576
f 576 579 575
f 575 579 580
f 576 578 579
f 578 581 579
f 581 364 579
f 581 365 364
f 582 581 578
f 579 364 580
f 583 584 365
f 584 367 365
f 585 586 584
f 587 120 368
f 588 587 368
f 588 368 359
f 120 587 589
f 590 120 589
f 591 590 589
f 592 572 570
f 570 593 594
f 363 592 570
f 595 570 594
f 596 570 572
f 570 596 597
f 570 597 593
f 592 363 572
f 598 586 585
f 598 599 600
f 601 602 590
f 603 604 601
f 602 124 590
f 120 590 124
f 124 605 590
f 124 590 605
f 593 606 594
f 607 608 609
f 607 609 610
f 609 608 611
f 612 613 614
f 613 615 614
f 608 616 617
f 617 616 618
f 608 619 616
f 618 616 612
f 618 612 614
f 226 370 369
f 370 226 373
f 377 376 369
f 620 377 369
f 621 620 369
f 373 372 382
f 373 382 622
f 623 371 381
f 382 371 623
f 623 381 624
f 382 623 625
f 622 382 625
f 624 381 626
f 623 624 625
f 625 624 626
f 622 625 627
f 625 626 627
f 386 628 385
f 628 388 384
f 385 628 384
f 377 628 386
f 620 621 377
f 377 621 628
f 620 629 621
f 628 630 388
f 630 628 631
f 632 628 621
f 621 629 632
f 380 387 633
f 381 380 634
f 380 633 634
f 381 635 626
f 381 634 635
f 627 626 635
f 635 634 627
f 384 389 246
f 389 387 246
f 633 387 636
f 387 389 637
f 387 637 636
f 634 633 638
f 630 639 388
f 639 389 388
f 640 641 630
f 639 630 641
f 639 642 389
f 639 643 642
f 389 642 644
f 642 643 644
f 391 403 645
f 645 646 391
f 646 645 647
f 645 648 647
f 392 649 394
f 394 649 398
f 391 649 392
f 398 649 650
f 651 650 649
f 651 652 650
f 649 646 651
f 391 646 649
f 646 653 651
f 653 652 651
f 646 647 654
f 396 398 650
f 650 655 396
f 656 396 655
f 650 652 655
f 396 656 397
f 656 657 397
f 658 656 655
f 657 656 658
f 657 659 397
f 657 660 659
f 659 660 661
f 400 645 403
f 662 400 663
f 400 402 663
f 400 662 645
f 645 662 648
f 662 664 648
f 662 663 665
f 662 665 664
f 665 666 664
f 664 666 648
f 667 668 669
f 404 405 411
f 402 404 663
f 670 663 404
f 665 663 670
f 670 666 665
f 666 670 671
f 671 670 672
f 666 673 674
f 666 671 673
f 671 672 675
f 673 671 675
f 676 677 678
f 679 680 677
f 681 682 683
f 682 681 678
f 681 676 678
f 683 684 681
f 676 681 685
f 684 685 681
f 683 686 687
f 683 687 684
f 687 686 684
f 684 686 688
f 689 686 667
f 411 408 670
f 670 404 411
f 670 408 412
f 409 690 412
f 412 690 670
f 670 690 672
f 675 672 691
f 675 691 680
f 680 692 677
f 692 678 677
f 414 690 409
f 414 672 690
f 680 691 693
f 680 693 694
f 682 416 415
f 678 416 682
f 695 416 678
f 692 695 678
f 696 692 680
f 692 696 695
f 694 696 680
f 697 691 672
f 696 698 695
f 694 698 696
f 672 414 699
f 672 699 697
f 693 697 700
f 693 700 694
f 697 693 691
f 421 427 414
f 701 414 427
f 701 699 414
f 699 701 697
f 694 700 698
f 695 422 416
f 695 698 422
f 427 428 702
f 702 701 427
f 701 702 703
f 701 703 697
f 697 703 700
f 703 704 700
f 705 422 706
f 698 706 422
f 706 707 705
f 700 706 698
f 704 707 700
f 700 707 706
f 708 707 704
f 700 704 698
f 698 704 700
f 702 428 433
f 702 433 441
f 441 703 702
f 438 439 709
f 708 709 707
f 708 438 709
f 703 441 704
f 445 436 708
f 708 436 438
f 704 445 708
f 441 445 704
f 441 443 445
f 446 445 443
f 269 261 469
f 472 269 469
f 469 261 470
f 469 470 261
f 469 470 274
f 469 274 472
f 470 471 469
f 469 471 710
f 470 469 710
f 710 274 470
f 711 274 710
f 472 274 464
f 461 467 475
f 710 712 711
f 711 713 274
f 712 713 711
f 714 471 461
f 715 479 464
f 274 713 716
f 274 713 715
f 274 716 713
f 274 715 464
f 716 713 717
f 716 717 713
f 480 478 465
f 480 465 718
f 718 465 480
f 480 473 718
f 473 477 718
f 475 478 476
f 478 480 476
f 719 476 480
f 718 719 480
f 714 461 475
f 479 720 477
f 719 718 721
f 722 723 724
f 723 725 726
f 727 728 729
f 729 730 727
f 723 726 724
f 726 728 724
f 727 730 731
f 730 727 731
f 726 723 722
f 726 722 732
f 733 732 722
f 728 734 493
f 735 724 736
f 736 733 735
f 737 734 731
f 731 734 737
f 736 724 728
f 734 728 727
f 727 731 734
f 735 722 724
f 722 735 733
f 727 738 731
f 738 739 731
f 739 734 731
f 739 740 734
f 739 738 727
f 741 740 739
f 733 736 499
f 486 491 493
f 493 491 494
f 490 494 493
f 493 491 736
f 493 494 491
f 736 728 493
f 493 734 494
f 494 734 737
f 737 742 494
f 742 737 734
f 734 740 742
f 491 499 736
f 733 499 500
f 743 733 500
f 505 494 744
f 742 744 494
f 742 745 744
f 742 744 745
f 746 742 740
f 747 748 742
f 505 744 504
f 504 744 509
f 743 500 497
f 497 749 743
f 749 497 750
f 745 509 744
f 745 510 509
f 742 745 744
f 748 745 742
f 751 748 752
f 753 497 512
f 753 750 497
f 750 753 754
f 751 755 756
f 755 754 757
f 755 750 754
f 755 757 756
f 745 508 510
f 758 508 745
f 748 758 745
f 751 758 748
f 497 512 513
f 513 512 497
f 754 753 759
f 756 760 751
f 761 758 751
f 761 751 762
f 761 762 758
f 512 513 753
f 753 513 759
f 760 762 751
f 756 757 760
f 508 758 517
f 513 522 520
f 757 754 763
f 764 517 758
f 762 764 758
f 525 765 518
f 765 519 518
f 765 759 519
f 766 513 519
f 759 513 766
f 766 519 759
f 754 759 763
f 763 760 757
f 517 523 515
f 767 523 517
f 768 315 314
f 523 768 314
f 764 767 517
f 762 767 764
f 769 765 525
f 769 525 770
f 769 771 765
f 771 759 765
f 768 523 767
f 772 315 768
f 762 768 767
f 532 773 533
f 774 775 770
f 315 776 313
f 776 526 313
f 315 772 776
f 777 776 772
f 776 777 526
f 526 772 323
f 313 526 324
f 777 772 526
f 526 772 778
f 779 526 778
f 778 780 779
f 781 779 780
f 530 527 779
f 772 527 323
f 772 526 527
f 782 530 779
f 527 526 779
f 779 783 782
f 783 779 781
f 783 781 784
f 782 544 530
f 785 532 531
f 785 773 532
f 535 545 538
f 551 786 549
f 786 551 787
f 544 787 551
f 782 787 544
f 784 782 783
f 787 782 784
f 787 784 788
f 787 788 786
f 786 788 789
f 789 788 786
f 788 784 790
f 791 792 531
f 792 785 531
f 791 793 792
f 791 794 793
f 793 785 792
f 545 554 553
f 554 552 553
f 795 351 552
f 196 554 197
f 552 554 196
f 196 556 552
f 557 552 556
f 796 795 552
f 797 560 559
f 798 559 549
f 797 559 798
f 549 786 798
f 788 798 786
f 789 798 788
f 795 563 351
f 564 563 799
f 799 563 796
f 796 563 795
f 796 552 557
f 558 796 557
f 796 558 800
f 558 560 800
f 560 801 800
f 560 797 798
f 802 565 803
f 804 805 565
f 806 564 799
f 565 566 804
f 564 807 567
f 567 807 808
f 809 810 811
f 568 812 358
f 569 588 359
f 569 358 812
f 813 814 815
f 816 815 814
f 817 815 816
f 571 570 818
f 571 818 817
f 818 570 813
f 818 815 817
f 815 818 813
f 817 819 571
f 820 571 819
f 819 817 821
f 571 820 573
f 820 577 573
f 819 822 820
f 820 822 577
f 578 577 582
f 823 577 822
f 823 582 577
f 824 582 823
f 825 826 582
f 824 825 582
f 582 583 581
f 581 583 365
f 585 583 827
f 826 583 582
f 826 827 583
f 826 585 827
f 828 585 826
f 585 584 583
f 829 830 831
f 591 587 588
f 591 589 587
f 591 588 832
f 833 591 832
f 595 594 834
f 595 813 570
f 834 594 835
f 813 595 836
f 836 595 837
f 814 813 836
f 595 835 837
f 835 595 834
f 836 837 838
f 838 837 835
f 836 838 839
f 836 839 814
f 840 585 828
f 840 841 585
f 599 585 841
f 585 599 598
f 841 842 599
f 599 843 844
f 840 845 842
f 842 841 840
f 842 843 599
f 842 846 843
f 843 846 847
f 846 848 847
f 842 849 850
f 842 850 846
f 851 852 850
f 846 850 853
f 850 852 853
f 852 829 831
f 852 831 853
f 603 601 854
f 601 590 854
f 855 856 857
f 603 855 857
f 855 603 858
f 858 603 854
f 859 590 591
f 859 591 833
f 854 859 833
f 854 590 859
f 594 606 835
f 609 860 610
f 593 861 606
f 610 861 593
f 835 606 861
f 844 615 862
f 863 614 615
f 615 864 863
f 614 863 864
f 844 865 599
f 844 843 847
f 844 847 866
f 866 867 844
f 844 864 615
f 844 867 868
f 864 844 868
f 847 869 866
f 869 847 848
f 860 609 870
f 871 870 609
f 611 871 609
f 872 608 617
f 872 617 618
f 614 873 618
f 370 373 874
f 373 622 874
f 627 875 622
f 874 621 369
f 874 632 621
f 621 632 620
f 632 629 620
f 369 370 874
f 874 876 877
f 878 622 875
f 874 622 878
f 632 631 628
f 630 631 640
f 632 629 640
f 631 632 640
f 632 874 877
f 629 632 877
f 640 629 879
f 629 877 879
f 640 879 880
f 880 881 640
f 882 627 634
f 882 883 627
f 634 884 882
f 884 883 882
f 883 875 627
f 884 885 883
f 641 640 881
f 881 639 641
f 881 886 639
f 639 886 643
f 881 887 886
f 884 638 633
f 633 636 884
f 884 634 638
f 637 389 644
f 636 637 888
f 889 644 643
f 644 889 637
f 889 888 637
f 636 888 890
f 654 891 892
f 893 894 655
f 658 655 894
f 892 893 652
f 654 892 652
f 658 895 657
f 657 895 660
f 894 895 658
f 896 895 897
f 897 895 894
f 647 898 654
f 654 898 891
f 654 653 646
f 653 654 652
f 898 899 891
f 893 655 652
f 660 895 900
f 901 902 661
f 660 901 661
f 902 901 903
f 902 903 904
f 666 674 648
f 647 648 898
f 898 648 899
f 899 648 674
f 674 905 906
f 906 907 674
f 899 674 908
f 674 907 909
f 906 910 907
f 907 910 909
f 909 910 911
f 899 908 912
f 668 661 902
f 669 668 913
f 914 668 902
f 668 914 915
f 913 668 915
f 913 915 916
f 904 914 902
f 915 914 904
f 913 916 917
f 680 918 675
f 679 918 680
f 674 673 905
f 673 675 918
f 905 673 918
f 919 677 676
f 919 918 679
f 677 919 679
f 905 918 919
f 905 919 906
f 684 920 685
f 906 919 676
f 676 685 910
f 676 910 906
f 688 921 684
f 684 921 920
f 910 685 922
f 910 922 911
f 922 685 923
f 685 920 923
f 667 921 689
f 921 686 689
f 667 669 913
f 686 921 688
f 921 667 913
f 913 924 923
f 920 921 923
f 913 923 921
f 925 471 714
f 710 471 926
f 712 710 926
f 713 712 717
f 714 475 476
f 714 476 927
f 925 928 471
f 928 925 714
f 471 928 926
f 712 926 929
f 930 712 929
f 930 931 712
f 932 477 720
f 932 718 477
f 712 715 717
f 717 715 713
f 715 720 479
f 933 932 720
f 715 720 713
f 720 715 713
f 930 933 720
f 715 931 720
f 720 931 930
f 715 712 931
f 930 931 934
f 721 718 932
f 927 476 935
f 476 719 935
f 934 933 930
f 936 937 938
f 936 725 937
f 937 939 940
f 937 941 938
f 939 937 725
f 940 941 937
f 726 936 728
f 936 938 728
f 725 936 726
f 939 725 726
f 939 726 942
f 749 939 942
f 941 943 938
f 944 943 945
f 938 729 728
f 729 946 730
f 938 946 729
f 943 946 938
f 946 943 944
f 947 944 948
f 944 947 949
f 944 948 943
f 943 948 944
f 944 950 951
f 944 951 948
f 944 949 946
f 942 726 732
f 726 725 723
f 727 730 946
f 952 953 947
f 948 952 947
f 951 954 948
f 948 954 952
f 954 950 942
f 950 954 951
f 946 739 727
f 946 955 739
f 949 955 946
f 949 953 955
f 953 739 955
f 953 952 739
f 947 953 949
f 743 732 733
f 749 732 743
f 942 732 749
f 956 954 749
f 957 952 954
f 956 957 954
f 951 954 956
f 951 956 954
f 952 957 739
f 957 741 739
f 749 750 958
f 958 956 749
f 746 747 742
f 746 959 747
f 957 746 741
f 746 959 957
f 959 746 957
f 954 958 960
f 954 960 956
f 746 960 959
f 959 960 961
f 958 954 956
f 960 746 956
f 746 957 956
f 741 746 740
f 755 958 750
f 747 961 748
f 961 747 959
f 961 958 752
f 961 752 748
f 961 960 958
f 755 751 958
f 958 751 752
f 763 759 962
f 763 963 760
f 963 762 760
f 964 962 759
f 763 962 964
f 965 762 963
f 772 762 965
f 768 762 772
f 775 966 770
f 966 775 967
f 769 770 966
f 771 968 759
f 771 769 969
f 771 969 968
f 964 759 968
f 769 966 969
f 966 970 969
f 964 971 763
f 971 963 763
f 965 963 972
f 973 965 972
f 973 974 772
f 772 965 973
f 774 975 773
f 773 775 774
f 773 785 976
f 977 976 785
f 967 775 976
f 976 775 773
f 978 976 977
f 970 967 976
f 974 778 772
f 979 778 974
f 980 981 778
f 781 981 784
f 790 789 788
f 784 981 790
f 781 780 778
f 981 781 778
f 981 980 790
f 977 785 793
f 977 793 794
f 978 977 794
f 970 976 982
f 982 976 978
f 983 798 789
f 984 983 789
f 789 790 984
f 985 794 986
f 799 796 987
f 800 987 796
f 988 800 801
f 988 801 989
f 990 800 988
f 983 560 798
f 983 991 560
f 560 991 801
f 991 989 801
f 806 799 992
f 992 799 987
f 807 564 806
f 808 566 567
f 800 806 987
f 990 806 800
f 806 992 987
f 989 993 988
f 988 993 990
f 806 990 994
f 990 993 994
f 806 994 807
f 995 809 996
f 809 995 810
f 997 998 999
f 999 998 812
f 802 803 1000
f 565 805 803
f 803 805 1001
f 805 804 1001
f 1002 1001 804
f 997 810 995
f 804 566 1002
f 566 808 1002
f 1003 1004 1005
f 1005 1006 1007
f 1008 1007 1006
f 1006 1009 1008
f 1009 1010 1008
f 1010 1011 1008
f 1009 1012 1010
f 1010 1013 1011
f 1014 1015 1016
f 1017 1015 1018
f 1016 1015 1017
f 996 1014 1019
f 1020 569 812
f 1020 1021 569
f 1022 812 998
f 1020 812 1022
f 1022 1021 1020
f 1023 1024 1021
f 1025 1026 1027
f 1026 1025 1028
f 816 1026 821
f 814 1027 1026
f 814 1026 816
f 1026 1029 821
f 821 1029 1030
f 1026 1028 1029
f 821 1030 819
f 816 821 817
f 1031 819 1030
f 819 823 822
f 824 823 819
f 819 1031 824
f 824 1031 1032
f 1031 1033 1032
f 825 828 826
f 1032 828 825
f 824 1032 825
f 1032 1034 1035
f 1032 1033 1034
f 1032 1035 828
f 828 1035 840
f 1035 1036 845
f 1035 1034 1036
f 1033 1037 1034
f 1036 1038 845
f 1038 1036 1039
f 1036 1034 1039
f 1039 1005 1038
f 1039 1040 1003
f 849 1041 851
f 1041 829 851
f 852 851 829
f 849 1038 1042
f 849 1042 1041
f 1038 1005 1042
f 1005 1039 1003
f 1040 1004 1003
f 1041 1043 829
f 1043 1041 1042
f 1043 1042 1044
f 1044 1042 1005
f 1021 588 569
f 1045 833 832
f 1024 588 1021
f 1024 832 588
f 1024 1045 832
f 1046 1045 1024
f 1047 1048 1049
f 1050 1051 1052
f 1051 1047 1053
f 1053 1047 1049
f 1052 1051 1053
f 1054 1053 1049
f 1052 1053 1054
f 835 1047 838
f 1047 835 1048
f 814 839 1027
f 1047 1051 838
f 839 838 1051
f 1050 1027 839
f 1050 839 1051
f 1050 1025 1027
f 845 840 1035
f 842 845 1038
f 849 842 1038
f 850 849 851
f 846 853 848
f 853 1055 848
f 853 1056 1055
f 853 1057 1056
f 831 1057 853
f 1058 1059 1060
f 1058 1060 1061
f 1062 856 1063
f 1062 1064 1065
f 1062 1063 1064
f 855 1063 856
f 855 858 1066
f 1045 854 833
f 854 1067 858
f 854 1045 1067
f 1048 1068 1069
f 1070 1068 1048
f 1049 1048 1069
f 1070 1071 1068
f 1048 835 861
f 1072 861 610
f 861 1070 1048
f 1072 1070 861
f 864 868 1073
f 868 867 1074
f 1074 1075 868
f 1076 868 1074
f 1076 1074 1077
f 1055 866 869
f 1055 1074 866
f 867 866 1074
f 1075 1074 1055
f 1075 1074 868
f 1075 1078 1074
f 1077 1074 1075
f 1074 1078 1075
f 1077 1075 1079
f 1055 1080 1075
f 1075 1080 1078
f 1075 1078 1079
f 848 1055 869
f 1056 1080 1055
f 1057 1080 1056
f 1080 1057 1058
f 1080 1058 1078
f 1061 1078 1058
f 1057 1059 1058
f 1072 1081 1070
f 1072 1082 1081
f 1072 610 1082
f 871 1083 870
f 1084 860 870
f 610 860 1082
f 608 871 611
f 618 1085 872
f 1085 618 873
f 872 1085 1086
f 873 1087 1085
f 1085 1087 1086
f 614 1088 873
f 1088 614 1089
f 1088 1090 873
f 1090 1087 873
f 614 1091 1089
f 1088 1089 1092
f 1089 1091 1092
f 1090 1088 1092
f 1093 1090 1094
f 1090 1092 1094
f 614 864 1073
f 614 1073 1091
f 1091 1073 1095
f 1092 1091 1096
f 1091 1095 1096
f 1092 1096 1094
f 868 1076 1073
f 1073 1076 1095
f 1095 1076 1096
f 1094 1096 1076
f 879 877 876
f 883 885 875
f 878 875 1097
f 1098 1097 875
f 878 1097 874
f 879 1099 880
f 1099 879 876
f 1099 876 874
f 1097 1099 874
f 880 1100 881
f 887 881 1100
f 886 887 1101
f 1100 1101 887
f 1101 1100 1102
f 1103 1100 880
f 880 1099 1103
f 1100 1104 1102
f 1105 885 884
f 1105 1098 885
f 875 885 1098
f 884 636 890
f 890 1106 884
f 1106 1105 884
f 889 643 886
f 1107 886 1108
f 889 886 1107
f 886 1107 1108
f 1107 886 1101
f 1109 889 1107
f 1110 1108 1107
f 1107 1108 1110
f 1109 1107 1110
f 1111 1112 1113
f 1114 893 892
f 1114 892 1115
f 893 1114 1116
f 1114 1115 1116
f 1117 1116 1115
f 1111 896 897
f 894 893 1118
f 894 1118 897
f 897 1118 1111
f 1116 1118 893
f 1113 896 1111
f 1112 1119 1120
f 1120 1113 1112
f 1112 1121 1119
f 1121 1122 1123
f 891 899 912
f 912 1124 891
f 912 908 1125
f 1124 1126 891
f 1127 1124 912
f 1125 1127 912
f 891 1126 892
f 892 1126 1115
f 1124 1127 1126
f 1127 1128 1126
f 1129 1117 1115
f 1129 1115 1126
f 1130 904 1131
f 1132 1131 1133
f 1122 1132 1133
f 674 1134 908
f 909 1134 674
f 909 911 922
f 909 922 1134
f 1134 1125 908
f 1134 922 1125
f 1125 922 1127
f 923 1135 922
f 1127 922 1136
f 1135 1136 922
f 1137 1135 923
f 1136 1128 1127
f 1128 1136 1135
f 904 1138 915
f 916 1138 917
f 916 915 1138
f 913 917 924
f 917 1139 924
f 923 924 1139
f 1137 923 1140
f 923 1139 1140
f 917 1141 1139
f 1138 904 917
f 904 1130 917
f 926 928 1142
f 926 1142 929
f 714 1143 928
f 1142 928 1144
f 1142 1144 929
f 1144 928 1143
f 934 931 930
f 929 1145 930
f 930 1145 934
f 1143 714 927
f 1145 929 1144
f 1145 1144 1146
f 1145 1146 934
f 719 1147 935
f 719 721 1147
f 1148 934 1143
f 933 721 932
f 939 941 940
f 749 954 939
f 939 954 945
f 939 945 941
f 945 954 942
f 945 943 941
f 945 1149 944
f 942 950 945
f 945 950 1149
f 1149 950 944
f 966 967 970
f 969 1150 968
f 972 1151 973
f 1151 974 973
f 972 1152 1151
f 1153 963 971
f 1152 972 963
f 971 964 1153
f 1152 963 1153
f 980 778 979
f 1151 979 974
f 1154 979 1151
f 982 978 1155
f 1155 978 794
f 1155 794 985
f 1156 982 1155
f 1156 970 982
f 970 1156 1150
f 1157 1156 1155
f 970 1150 969
f 1151 1158 1154
f 1159 984 790
f 1159 790 980
f 1159 1160 984
f 1159 980 979
f 979 1154 1158
f 1161 979 1158
f 979 1161 1159
f 1160 1159 1158
f 1161 1158 1159
f 1160 1158 1162
f 1163 1162 1158
f 1155 985 1164
f 985 986 1164
f 1157 1155 1164
f 1157 1164 986
f 984 991 983
f 993 989 1165
f 1160 991 984
f 1160 1166 991
f 991 1166 989
f 1166 1165 989
f 1167 1168 1166
f 1168 1165 1166
f 1160 1167 1166
f 1169 1170 1167
f 1170 1168 1167
f 1162 1169 1160
f 1169 1167 1160
f 993 1171 994
f 807 994 1172
f 994 1171 1172
f 1165 1171 993
f 1171 1165 1168
f 1173 1171 1168
f 1173 1172 1171
f 1174 1172 1173
f 1175 1173 1168
f 1019 995 996
f 1019 1000 995
f 1176 1000 1019
f 1000 997 995
f 1177 998 997
f 1022 998 1178
f 1178 998 1177
f 1000 1177 997
f 1177 803 1178
f 1000 803 1177
f 1179 803 1180
f 1179 1178 803
f 808 807 1002
f 807 1172 1002
f 1002 1172 1181
f 1001 1002 1179
f 1180 803 1001
f 1179 1180 1001
f 1179 1002 1180
f 1172 1174 1181
f 1004 1182 1005
f 1004 1183 1182
f 1184 1182 1183
f 1005 1182 1006
f 1009 1006 1012
f 1182 1184 1006
f 1184 1012 1006
f 1185 1012 1184
f 1185 1184 1186
f 1187 1012 1185
f 1013 1010 1012
f 1188 1013 1012
f 1189 1012 1187
f 1190 1011 1013
f 1188 1190 1013
f 1188 1191 1190
f 1191 1192 1190
f 1014 1016 1019
f 1178 1179 1022
f 1021 1022 1023
f 1193 1023 1022
f 1180 1022 1179
f 1022 1180 1193
f 1023 1193 1024
f 1028 1194 1029
f 1194 1195 1029
f 1028 1196 1194
f 1195 1194 1197
f 1030 1029 1195
f 1195 1031 1030
f 1198 1199 1033
f 1033 1199 1037
f 1037 1039 1034
f 1040 1039 1037
f 1199 1200 1201
f 1202 1200 1203
f 1037 1199 1040
f 1201 1204 1199
f 1201 1200 1205
f 1200 1202 1205
f 1202 1203 1206
f 1040 1204 1004
f 1204 1183 1004
f 1199 1204 1040
f 1204 1207 1183
f 1201 1207 1204
f 1201 1205 1207
f 1202 1208 1205
f 1209 1208 1202
f 1210 1208 1209
f 1183 1211 1184
f 1207 1211 1183
f 1186 1184 1211
f 1205 1211 1207
f 1212 1211 1205
f 1186 1211 1212
f 1212 1205 1208
f 1212 1213 1186
f 1208 1210 1214
f 1208 1214 1212
f 1212 1214 1213
f 1212 1215 1213
f 1215 1216 1213
f 1217 1187 1185
f 1186 1217 1185
f 1186 1213 1217
f 1213 1216 1217
f 1216 1218 1217
f 1216 1219 1218
f 1189 1188 1012
f 1187 1217 1189
f 1189 1218 1188
f 1217 1218 1189
f 1220 1188 1218
f 1218 1221 1220
f 1220 1221 1222
f 1223 1222 1218
f 1218 1222 1221
f 1220 1191 1188
f 1224 1192 1191
f 1225 1224 1222
f 1224 1191 1220
f 1220 1222 1224
f 1226 1227 1228
f 1229 1226 1228
f 1230 1024 1193
f 1054 1231 1232
f 1232 1231 1233
f 1234 1235 1232
f 1233 1234 1232
f 1235 1234 1233
f 1050 1052 1235
f 1050 1235 1236
f 1050 1236 1237
f 1232 1052 1054
f 1235 1052 1232
f 1235 1238 1237
f 1235 1237 1236
f 1025 1237 1028
f 1237 1025 1050
f 1237 1238 1028
f 1238 1196 1028
f 1239 1195 1197
f 1196 1197 1194
f 1031 1195 1239
f 1240 1031 1239
f 1240 1239 1241
f 1240 1242 1031
f 1242 1198 1031
f 1200 1242 1240
f 1200 1240 1243
f 1243 1240 1244
f 1240 1241 1244
f 1031 1198 1033
f 1198 1242 1200
f 1203 1200 1243
f 1203 1243 1244
f 1244 1245 1203
f 1244 1241 1245
f 1198 1200 1199
f 1246 1247 1248
f 1248 1247 1249
f 1250 1249 1251
f 1252 1251 1253
f 1254 1252 1253
f 1254 1255 1256
f 1256 1257 1254
f 1257 1258 1259
f 1258 1257 1256
f 1257 1252 1254
f 1252 1257 1259
f 1216 1258 1219
f 1223 1256 1260
f 1258 1256 1223
f 1219 1223 1218
f 1219 1258 1223
f 1222 1223 1225
f 1063 855 1066
f 1066 858 1261
f 1262 1066 1263
f 1066 1261 1263
f 1264 1067 1045
f 1261 858 1265
f 1067 1264 1265
f 858 1067 1265
f 1266 1071 1267
f 1054 1049 1069
f 1069 1068 1268
f 1071 1268 1068
f 1069 1268 1266
f 1266 1054 1069
f 1266 1268 1071
f 1231 1054 1266
f 1269 1270 1271
f 1269 1272 1270
f 1271 1273 1269
f 1270 1272 1274
f 1271 1270 1275
f 1270 1276 1275
f 1276 1270 1274
f 1271 1275 1277
f 1275 1276 1277
f 1276 1274 1278
f 1241 1271 1245
f 1245 1271 1277
f 1245 1277 1203
f 1277 1279 1203
f 1279 1277 1276
f 1274 1280 1278
f 1278 1094 1096
f 1276 1278 1279
f 1278 1281 1282
f 1279 1278 1282
f 1279 1282 1203
f 1203 1282 1246
f 1283 1284 1076
f 1284 1283 1285
f 1284 1285 1286
f 1284 1278 1096
f 1287 1286 1246
f 1287 1284 1286
f 1281 1278 1287
f 1281 1287 1246
f 1284 1287 1278
f 1282 1281 1246
f 1077 1079 1283
f 1283 1076 1077
f 1283 1079 1078
f 1078 1285 1283
f 1285 1078 1288
f 1285 1288 1289
f 1289 1246 1286
f 1285 1289 1286
f 1288 1246 1289
f 1247 1246 1288
f 1288 1078 1290
f 1291 1290 1254
f 1289 1288 1291
f 1288 1290 1291
f 1254 1253 1291
f 1288 1289 1291
f 1249 1288 1251
f 1288 1253 1251
f 1253 1288 1291
f 1249 1247 1288
f 1061 1290 1078
f 1290 1255 1254
f 1290 1061 1255
f 1292 1293 1071
f 1292 1294 1293
f 1295 1294 1292
f 1071 1293 1267
f 1294 1296 1293
f 1292 1071 1070
f 1081 1292 1070
f 1081 1082 1292
f 1082 1295 1292
f 1295 1082 860
f 1084 870 1083
f 1297 1298 1086
f 1086 1299 872
f 1087 1300 1297
f 1300 1298 1297
f 1300 1301 1298
f 1086 1087 1297
f 1090 1272 1087
f 1272 1301 1087
f 1301 1300 1087
f 1272 1269 1301
f 1272 1090 1093
f 1093 1094 1280
f 1274 1272 1093
f 1280 1274 1093
f 1280 1094 1278
f 1096 1094 1076
f 1096 1076 1284
f 860 1302 1295
f 1295 1302 1294
f 1302 1303 1294
f 1084 1302 860
f 1083 1304 1084
f 1304 1083 1305
f 871 872 1305
f 1083 871 1305
f 1305 872 1299
f 871 608 872
f 1306 1097 878
f 878 1097 1307
f 878 1307 1306
f 1097 1306 1099
f 1103 1104 1100
f 1099 1104 1103
f 1103 1308 1099
f 1308 1104 1099
f 1308 1309 1104
f 1098 1310 1097
f 1106 1311 1105
f 1311 1098 1105
f 1097 1310 1307
f 1310 1312 1307
f 1313 1102 1104
f 1314 1107 1101
f 1107 1314 1315
f 1110 1107 1316
f 1107 1315 1316
f 1101 1102 1313
f 1314 1101 1313
f 1313 1315 1314
f 1309 1313 1104
f 1311 1106 1317
f 1317 1106 890
f 890 888 1318
f 1317 890 1318
f 1319 888 889
f 888 1320 1318
f 1109 1110 1321
f 1109 1321 1322
f 1109 1322 889
f 1321 1110 1316
f 1320 1118 1116
f 1118 1320 1111
f 1320 1319 1111
f 1323 1318 1116
f 1318 1320 1116
f 1322 1112 1111
f 1319 1322 1111
f 1324 1112 1322
f 1323 1116 1325
f 1117 1325 1116
f 1324 1121 1112
f 1128 1129 1126
f 1128 1326 1129
f 1129 1326 1327
f 1117 1129 1327
f 1327 1328 1117
f 1329 1327 1326
f 1329 1330 1327
f 1122 1331 1132
f 1331 1131 1132
f 1331 1130 1131
f 1331 1332 1130
f 1332 1331 1333
f 1333 1334 1332
f 1329 1128 1135
f 1128 1329 1326
f 1329 1135 1137
f 1140 1139 1141
f 1330 1329 1137
f 1130 1332 917
f 1332 1141 917
f 1332 1334 1141
f 1334 1140 1141
f 934 1146 1143
f 1143 1146 1144
f 1143 927 1335
f 1335 927 1336
f 1336 927 935
f 1336 935 1335
f 1148 1143 1335
f 934 1148 933
f 1335 935 1147
f 721 1335 1147
f 721 933 1337
f 1338 721 1337
f 1338 1337 933
f 1335 721 1338
f 1148 1338 933
f 1148 1335 1338
f 968 1150 964
f 1339 1150 1156
f 1157 1339 1156
f 1340 1150 1339
f 1341 1342 1340
f 1339 1341 1340
f 1340 1342 1343
f 964 1150 1343
f 1343 1153 964
f 1340 1343 1150
f 1343 1344 1153
f 1344 1345 1153
f 1345 1346 1153
f 1343 1345 1344
f 1151 1347 1158
f 1158 1347 1163
f 1162 1163 1347
f 1348 1152 1153
f 1152 1347 1151
f 1347 1152 1348
f 1153 1346 1348
f 1346 1347 1348
f 1347 1349 1162
f 1350 1157 986
f 1351 1352 1157
f 1157 1350 1351
f 1157 1352 1339
f 1341 1339 1352
f 1349 1353 1162
f 1347 1354 1349
f 1354 1355 1349
f 1356 1357 1353
f 1170 1169 1357
f 1353 1169 1162
f 1353 1357 1169
f 1358 1359 1360
f 1361 986 1359
f 1361 1350 986
f 1362 1361 1359
f 1359 1358 1362
f 1358 1363 1362
f 1361 1362 1363
f 1173 1175 1174
f 1357 1175 1170
f 1364 1365 1357
f 1365 1175 1357
f 1170 1175 1168
f 1366 1367 1368
f 1367 1369 1368
f 1368 1369 1370
f 1369 1371 1372
f 1372 1371 1369
f 1369 1371 1373
f 1371 1374 1373
f 1373 1374 1375
f 1374 1376 1375
f 1176 1377 1360
f 1377 1358 1360
f 1019 1378 1176
f 1379 1358 1377
f 1379 1363 1358
f 1377 1176 1378
f 1000 803 1360
f 803 1176 1360
f 1176 803 1000
f 1002 1179 1180
f 1002 1181 1380
f 1380 1181 1381
f 1382 1181 1174
f 1181 1382 1381
f 1175 1383 1174
f 1174 1384 1382
f 1385 1386 1387
f 1385 1388 1389
f 1387 1386 1390
f 1391 1387 1390
f 1388 1392 1370
f 1388 1370 1393
f 1392 1388 1368
f 1387 1366 1388
f 1387 1388 1385
f 1366 1387 1394
f 1394 1387 1391
f 1367 1394 1395
f 1394 1391 1395
f 1368 1370 1392
f 1375 1370 1396
f 1375 1397 1370
f 1367 1366 1394
f 1388 1366 1368
f 1369 1373 1370
f 1370 1373 1396
f 1373 1375 1396
f 1375 1398 1397
f 1397 1398 1399
f 1376 1398 1375
f 1376 1400 1398
f 1017 1401 1402
f 1016 1017 1402
f 1016 1402 1403
f 1016 1378 1019
f 1378 1016 1403
f 1179 1002 1380
f 1180 1179 1380
f 1193 1180 1380
f 1404 1193 1380
f 1193 1404 1405
f 1380 1381 1404
f 1406 1390 1407
f 1390 1406 1408
f 1407 1386 1409
f 1407 1390 1386
f 1391 1390 1408
f 1409 1386 1407
f 1386 1410 1407
f 1386 1411 1410
f 1386 1389 1388
f 1385 1389 1386
f 1393 1412 1411
f 1388 1393 1386
f 1386 1393 1411
f 1209 1202 1206
f 1210 1209 1206
f 1370 1413 1393
f 1413 1370 1397
f 1393 1413 1412
f 1397 1399 1413
f 1412 1413 1399
f 1414 1399 1415
f 1414 1415 1416
f 1212 1214 1210
f 1213 1214 1212
f 1210 1417 1212
f 1212 1417 1215
f 1418 1226 1229
f 1230 1046 1024
f 1419 1046 1230
f 1405 1230 1193
f 1420 1230 1405
f 1421 1419 1230
f 1421 1230 1420
f 1421 1422 1419
f 1233 1423 1424
f 1235 1233 1425
f 1424 1426 1233
f 1233 1426 1425
f 1424 1427 1426
f 1425 1426 1428
f 1427 1428 1426
f 1235 1425 1238
f 1238 1425 1429
f 1425 1428 1429
f 1428 1430 1429
f 1430 1428 1431
f 1432 1430 1431
f 1427 1431 1428
f 1197 1196 1430
f 1429 1430 1238
f 1238 1430 1196
f 1197 1430 1239
f 1430 1433 1239
f 1430 1197 1432
f 1430 1432 1197
f 1434 1435 1436
f 1435 1437 1438
f 1438 1437 1439
f 1440 1435 1438
f 1441 1435 1440
f 1436 1435 1441
f 1406 1435 1442
f 1437 1435 1406
f 1439 1443 1438
f 1443 1444 1438
f 1407 1445 1444
f 1439 1407 1443
f 1439 1406 1407
f 1439 1437 1406
f 1443 1407 1444
f 1409 1445 1407
f 1446 1445 1409
f 1411 1447 1410
f 1407 1410 1409
f 1411 1412 1447
f 1447 1409 1410
f 1447 1446 1409
f 1446 1447 1414
f 1446 1414 1448
f 1448 1449 1450
f 1450 1449 1451
f 1452 1448 1414
f 1414 1448 1452
f 1448 1414 1449
f 1206 1203 1247
f 1247 1203 1246
f 1247 1246 1248
f 1247 1248 1453
f 1399 1447 1412
f 1447 1399 1414
f 1451 1454 1455
f 1454 1456 1455
f 1206 1453 1210
f 1206 1247 1453
f 1453 1248 1249
f 1453 1249 1250
f 1210 1215 1417
f 1210 1453 1251
f 1210 1251 1215
f 1215 1251 1252
f 1453 1250 1251
f 1216 1215 1259
f 1259 1258 1216
f 1215 1252 1259
f 1229 1228 1065
f 1457 1065 1064
f 1457 1229 1065
f 1418 1229 1457
f 1066 1262 1458
f 1066 1262 1063
f 1262 1066 1458
f 1264 1459 1265
f 1261 1265 1263
f 1045 1046 1419
f 1264 1045 1419
f 1419 1422 1264
f 1264 1422 1459
f 1421 1460 1422
f 1460 1459 1422
f 1265 1459 1461
f 1462 1463 1464
f 1464 1465 1466
f 1266 1267 1231
f 1467 1267 1293
f 1423 1233 1231
f 1231 1267 1462
f 1462 1267 1467
f 1468 1231 1462
f 1462 1467 1463
f 1231 1468 1423
f 1423 1468 1469
f 1468 1464 1466
f 1469 1468 1466
f 1464 1468 1462
f 1424 1423 1469
f 1423 1424 1469
f 1470 1239 1433
f 1241 1239 1470
f 1470 1271 1241
f 1271 1470 1273
f 1471 1436 1472
f 1471 1473 1436
f 1471 1474 1473
f 1474 1434 1473
f 1434 1436 1473
f 1472 1475 1476
f 1436 1441 1440
f 1438 1444 1440
f 1444 1477 1440
f 1436 1440 1472
f 1440 1475 1472
f 1440 1478 1475
f 1440 1477 1478
f 1478 1477 1445
f 1476 1475 1479
f 1475 1478 1479
f 1445 1480 1478
f 1444 1445 1477
f 1445 1481 1480
f 1480 1481 1482
f 1483 1478 1480
f 1480 1481 1483
f 1480 1482 1481
f 1484 1445 1446
f 1445 1484 1485
f 1481 1445 1485
f 1481 1485 1486
f 1446 1448 1450
f 1446 1450 1484
f 1484 1450 1485
f 1450 1451 1455
f 1450 1487 1485
f 1450 1455 1487
f 1455 1488 1487
f 1456 1450 1455
f 1296 1489 1293
f 1489 1467 1293
f 1490 1489 1296
f 1303 1490 1296
f 1490 1467 1489
f 1490 1491 1467
f 1492 1491 1490
f 1467 1491 1463
f 1492 1493 1491
f 1494 1495 1491
f 1493 1494 1491
f 1296 1294 1303
f 1496 1086 1298
f 1497 1298 1301
f 1497 1496 1298
f 1269 1498 1497
f 1269 1273 1498
f 1269 1497 1301
f 1499 1500 1501
f 1500 1502 1474
f 1502 1500 1499
f 1503 1497 1499
f 1434 1474 1502
f 1497 1502 1499
f 1471 1472 1476
f 1501 1471 1476
f 1476 1504 1501
f 1499 1504 1505
f 1504 1506 1505
f 1474 1471 1500
f 1471 1501 1500
f 1501 1504 1499
f 1476 1479 1507
f 1479 1508 1507
f 1507 1504 1476
f 1509 1510 1508
f 1507 1508 1506
f 1504 1507 1506
f 1478 1483 1509
f 1479 1509 1508
f 1479 1478 1509
f 1483 1486 1509
f 1486 1511 1509
f 1509 1511 1510
f 1512 1510 1511
f 1483 1481 1486
f 1486 1485 1511
f 1485 1513 1511
f 1511 1513 1512
f 1512 1513 1514
f 1485 1487 1513
f 1513 1487 1515
f 1514 1513 1515
f 1303 1492 1490
f 1302 1516 1303
f 1517 1493 1492
f 1517 1492 1516
f 1516 1492 1303
f 1302 1518 1516
f 1519 1518 1302
f 1084 1519 1302
f 1305 1520 1304
f 1521 1522 1523
f 1086 1522 1299
f 1305 1299 1520
f 1299 1521 1520
f 1521 1299 1522
f 1524 1520 1521
f 1086 1496 1522
f 1525 1526 1527
f 1503 1528 1526
f 1528 1527 1526
f 1529 1526 1530
f 1530 1526 1525
f 1525 1531 1530
f 1527 1499 1505
f 1527 1528 1499
f 1527 1505 1532
f 1525 1527 1533
f 1527 1532 1533
f 1499 1528 1503
f 1505 1506 1534
f 1505 1534 1532
f 1532 1534 1535
f 1536 1535 1534
f 1506 1537 1534
f 1506 1508 1537
f 1510 1537 1508
f 1510 1538 1537
f 1536 1537 1538
f 1534 1537 1536
f 1536 1538 1539
f 1538 1540 1539
f 1512 1538 1510
f 1538 1512 1540
f 1514 1515 1540
f 1512 1514 1540
f 1541 1084 1304
f 1541 1304 1524
f 1304 1520 1524
f 1531 1525 1533
f 1533 1532 1542
f 1532 1535 1542
f 1535 1543 1542
f 1531 1533 1530
f 1533 1544 1530
f 1542 1544 1533
f 1536 1543 1535
f 1539 1543 1536
f 1308 1545 1309
f 1103 1546 1308
f 1308 1546 1545
f 1103 1099 1546
f 1306 1307 1547
f 1306 1547 1099
f 1312 1547 1307
f 1548 1313 1309
f 1549 1313 1548
f 1313 1549 1315
f 1309 1545 1548
f 1550 1315 1549
f 1311 1310 1098
f 1316 1315 1551
f 1316 1552 1321
f 1550 1551 1315
f 1553 1552 1316
f 1553 1316 1551
f 1319 1320 888
f 1320 1317 1318
f 1318 1323 1317
f 1317 1320 1318
f 1319 889 1322
f 1554 1324 1322
f 1121 1324 1554
f 1322 1321 1553
f 1553 1554 1322
f 1553 1321 1552
f 1121 1554 1553
f 1121 1553 1554
f 1555 1554 1556
f 1557 1117 1328
f 1558 1325 1117
f 1331 1122 1559
f 1555 1122 1121
f 1121 1554 1555
f 1559 1122 1555
f 1559 1560 1331
f 1327 1561 1328
f 1562 1327 1330
f 1562 1330 1137
f 1561 1327 1563
f 1137 1334 1564
f 1565 1334 1333
f 1560 1333 1331
f 1565 1564 1334
f 1565 1566 1564
f 1567 1564 1566
f 1137 1140 1334
f 1342 1568 1343
f 1569 1570 1568
f 1342 1569 1568
f 1346 1345 1571
f 1343 1568 1345
f 1345 1568 1570
f 1572 1573 1571
f 1570 1574 1345
f 1574 1571 1345
f 1574 1572 1571
f 1571 1573 1346
f 1575 1576 1577
f 1575 1577 1576
f 1578 1579 1580
f 1578 1581 1579
f 1580 1577 1576
f 1579 1577 1580
f 1581 1578 1582
f 1352 1351 1583
f 1583 1341 1352
f 1584 1351 1350
f 1583 1351 1585
f 1341 1583 1586
f 1351 1584 1587
f 1585 1351 1587
f 1342 1341 1586
f 1572 1588 1573
f 1355 1354 1349
f 1353 1349 1354
f 1356 1353 1354
f 1354 1347 1346
f 1589 1356 1354
f 1354 1346 1573
f 1354 1573 1590
f 1354 1590 1355
f 1589 1354 1355
f 1588 1590 1573
f 1355 1591 1589
f 1371 1592 1593
f 1592 1372 1371
f 1594 1575 1371
f 1592 1575 1593
f 1575 1595 1593
f 1596 1593 1595
f 1592 1371 1575
f 1594 1597 1575
f 1595 1598 1596
f 1577 1598 1595
f 1577 1595 1575
f 1597 1577 1575
f 1581 1599 1598
f 1598 1577 1579
f 1598 1579 1581
f 1582 1599 1581
f 1350 1361 1363
f 1584 1350 1363
f 1584 1363 1600
f 1601 1584 1600
f 1356 1364 1357
f 1356 1589 1364
f 1602 1367 1395
f 1369 1367 1603
f 1367 1604 1603
f 1602 1604 1367
f 1605 1604 1602
f 1602 1395 1606
f 1606 1607 1605
f 1369 1603 1371
f 1603 1594 1371
f 1603 1604 1594
f 1594 1604 1605
f 1606 1605 1602
f 1593 1608 1371
f 1592 1371 1372
f 1608 1374 1371
f 1374 1608 1376
f 1400 1376 1608
f 1593 1400 1608
f 1593 1596 1400
f 1596 1593 1400
f 1415 1609 1610
f 1611 1612 1609
f 1609 1612 1610
f 1613 1610 1612
f 1596 1614 1593
f 1614 1400 1593
f 1400 1614 1609
f 1614 1596 1598
f 1609 1614 1611
f 1614 1599 1611
f 1614 1598 1599
f 1611 1614 1612
f 1611 1612 1614
f 1611 1599 1615
f 1379 1600 1363
f 1403 1379 1377
f 1377 1378 1403
f 1616 1379 1617
f 1600 1379 1616
f 1379 1403 1617
f 1174 1383 1384
f 1381 1382 1384
f 1365 1383 1175
f 1383 1618 1384
f 1619 1620 1606
f 1395 1391 1621
f 1619 1622 1621
f 1622 1395 1621
f 1395 1622 1606
f 1622 1619 1606
f 1606 1623 1607
f 1623 1624 1607
f 1399 1625 1415
f 1625 1609 1415
f 1400 1609 1398
f 1398 1609 1625
f 1399 1398 1625
f 1415 1626 1627
f 1626 1628 1627
f 1626 1415 1610
f 1403 1402 1629
f 1630 1402 1631
f 1631 1402 1401
f 1630 1629 1402
f 1632 1629 1630
f 1403 1629 1617
f 1617 1629 1632
f 1384 1404 1381
f 1633 1404 1384
f 1634 1633 1384
f 1635 1636 1637
f 1408 1406 1637
f 1406 1442 1637
f 1636 1619 1637
f 1408 1637 1619
f 1620 1619 1636
f 1620 1623 1606
f 1621 1391 1408
f 1621 1408 1619
f 1638 1639 1627
f 1415 1627 1639
f 1640 1641 1642
f 1640 1638 1627
f 1640 1642 1638
f 1643 1640 1627
f 1641 1640 1643
f 1643 1640 1644
f 1640 1643 1644
f 1416 1415 1639
f 1645 1646 1647
f 1645 1647 1646
f 1641 1648 1642
f 1647 1645 1642
f 1641 1649 1648
f 1647 1642 1648
f 1627 1628 1643
f 1646 1647 1650
f 1650 1651 1646
f 1647 1648 1652
f 1650 1647 1652
f 1649 1652 1648
f 1652 1651 1650
f 1651 1652 1653
f 1653 1654 1651
f 1631 1401 1226
f 1655 1631 1226
f 1656 1226 1418
f 1404 1420 1405
f 1657 1420 1404
f 1658 1659 1420
f 1659 1421 1420
f 1658 1420 1657
f 1658 1660 1659
f 1633 1657 1404
f 1423 1661 1424
f 1661 1427 1424
f 1661 1662 1427
f 1431 1427 1662
f 1430 1432 1431
f 1430 1431 1663
f 1433 1430 1663
f 1636 1664 1665
f 1664 1666 1665
f 1442 1635 1637
f 1442 1435 1635
f 1636 1665 1620
f 1665 1666 1620
f 1416 1639 1449
f 1449 1638 1451
f 1449 1414 1416
f 1449 1639 1638
f 1451 1667 1454
f 1638 1645 1451
f 1645 1647 1451
f 1451 1647 1667
f 1454 1668 1456
f 1456 1668 1455
f 1645 1638 1642
f 1647 1454 1667
f 1647 1646 1454
f 1646 1651 1454
f 1454 1651 1668
f 1668 1488 1455
f 1651 1654 1668
f 1668 1654 1488
f 1669 1488 1654
f 1654 1670 1669
f 1671 1457 1064
f 1064 1063 1671
f 1262 1458 1672
f 1673 1263 1674
f 1263 1675 1674
f 1460 1461 1459
f 1263 1265 1461
f 1659 1460 1421
f 1461 1460 1659
f 1660 1461 1659
f 1461 1675 1263
f 1676 1461 1660
f 1466 1465 1677
f 1465 1464 1678
f 1678 1679 1465
f 1465 1680 1677
f 1681 1682 1677
f 1680 1465 1679
f 1677 1469 1466
f 1423 1469 1677
f 1423 1683 1661
f 1423 1677 1683
f 1661 1683 1662
f 1683 1682 1662
f 1677 1682 1683
f 1662 1682 1684
f 1663 1470 1433
f 1273 1470 1685
f 1434 1502 1686
f 1434 1687 1435
f 1434 1686 1687
f 1435 1687 1635
f 1687 1686 1688
f 1687 1636 1635
f 1689 1687 1688
f 1456 1455 1450
f 1690 1487 1488
f 1691 1487 1690
f 1691 1690 1692
f 1691 1693 1694
f 1692 1695 1691
f 1691 1695 1693
f 1262 1263 1696
f 1458 1262 1696
f 1696 1263 1673
f 1696 1673 1697
f 1494 1698 1495
f 1678 1495 1679
f 1679 1495 1698
f 1463 1491 1495
f 1464 1463 1678
f 1678 1463 1495
f 1496 1498 1699
f 1498 1496 1497
f 1273 1700 1498
f 1700 1699 1498
f 1700 1273 1685
f 1701 1699 1700
f 1702 1497 1703
f 1686 1702 1704
f 1702 1703 1705
f 1704 1702 1705
f 1688 1686 1704
f 1688 1704 1689
f 1702 1502 1497
f 1686 1502 1702
f 1706 1540 1707
f 1706 1708 1709
f 1487 1691 1515
f 1691 1540 1515
f 1707 1540 1691
f 1707 1691 1694
f 1706 1707 1708
f 1708 1707 1694
f 1517 1494 1493
f 1710 1711 1517
f 1494 1517 1698
f 1698 1517 1712
f 1712 1517 1711
f 1712 1713 1698
f 1524 1521 1523
f 1714 1523 1522
f 1714 1715 1716
f 1496 1717 1714
f 1718 1719 1720
f 1719 1718 1529
f 1496 1714 1522
f 1714 1720 1719
f 1721 1705 1720
f 1721 1720 1714
f 1718 1503 1526
f 1718 1526 1529
f 1718 1720 1503
f 1503 1703 1497
f 1720 1705 1703
f 1720 1703 1503
f 1722 1723 1724
f 1539 1540 1723
f 1724 1723 1540
f 1724 1725 1722
f 1706 1725 1724
f 1706 1724 1540
f 1709 1725 1706
f 1516 1710 1517
f 1726 1710 1516
f 1518 1726 1516
f 1727 1726 1518
f 1726 1728 1710
f 1727 1728 1726
f 1729 1711 1710
f 1518 1519 1084
f 1084 1541 1730
f 1518 1084 1731
f 1730 1731 1084
f 1731 1727 1518
f 1727 1731 1730
f 1730 1541 1524
f 1524 1732 1733
f 1730 1524 1734
f 1734 1524 1733
f 1734 1733 1735
f 1732 1524 1523
f 1736 1737 1738
f 1739 1740 1738
f 1737 1739 1738
f 1714 1732 1523
f 1715 1738 1740
f 1740 1741 1715
f 1529 1530 1742
f 1743 1742 1530
f 1719 1529 1742
f 1742 1715 1719
f 1715 1742 1744
f 1715 1744 1738
f 1744 1736 1738
f 1744 1742 1736
f 1742 1745 1736
f 1742 1743 1745
f 1715 1714 1719
f 1743 1530 1544
f 1544 1746 1743
f 1543 1746 1544
f 1544 1542 1543
f 1746 1543 1747
f 1747 1543 1748
f 1748 1723 1747
f 1539 1748 1543
f 1539 1723 1748
f 1749 1723 1722
f 1749 1747 1723
f 1745 1737 1736
f 1737 1745 1750
f 1751 1737 1752
f 1737 1750 1752
f 1743 1753 1754
f 1745 1743 1754
f 1745 1754 1750
f 1753 1750 1754
f 1755 1756 1753
f 1750 1753 1756
f 1750 1756 1757
f 1743 1746 1755
f 1753 1743 1755
f 1746 1747 1758
f 1746 1756 1755
f 1756 1746 1758
f 1317 1759 1311
f 1759 1310 1311
f 1310 1759 1312
f 1760 1312 1759
f 1759 1323 1760
f 1547 1312 1761
f 1550 1549 1548
f 1545 1762 1548
f 1547 1762 1545
f 1762 1550 1548
f 1546 1547 1545
f 1762 1763 1550
f 1546 1099 1547
f 1762 1547 1763
f 1550 1763 1764
f 1763 1765 1764
f 1766 1553 1551
f 1767 1766 1551
f 1767 1768 1766
f 1550 1767 1551
f 1550 1764 1767
f 1768 1767 1764
f 1764 1769 1768
f 1768 1769 1770
f 1769 1771 1770
f 1772 1325 1558
f 1772 1558 1561
f 1561 1773 1772
f 1759 1317 1323
f 1772 1323 1325
f 1774 1323 1772
f 1773 1774 1772
f 1554 1553 1766
f 1554 1766 1556
f 1768 1553 1766
f 1766 1553 1768
f 1556 1770 1559
f 1770 1556 1766
f 1766 1768 1770
f 1559 1770 1775
f 1771 1776 1770
f 1771 1777 1776
f 1770 1778 1775
f 1770 1776 1778
f 1778 1779 1780
f 1779 1781 1780
f 1779 1782 1781
f 1779 1783 1782
f 1779 1784 1783
f 1784 1785 1786
f 1561 1558 1117
f 1561 1117 1557
f 1561 1557 1328
f 1562 1787 1563
f 1563 1788 1561
f 1773 1561 1789
f 1561 1788 1789
f 1563 1787 1788
f 1333 1566 1565
f 1559 1555 1556
f 1566 1333 1560
f 1783 1786 1782
f 1781 1559 1780
f 1782 1786 1781
f 1781 1786 1790
f 1781 1790 1791
f 1786 1783 1784
f 1559 1781 1792
f 1781 1791 1792
f 1791 1793 1792
f 1786 1794 1795
f 1795 1790 1786
f 1794 1796 1795
f 1796 1790 1795
f 1567 1137 1564
f 1563 1327 1562
f 1567 1562 1137
f 1787 1562 1567
f 1793 1791 1797
f 1790 1797 1791
f 1790 1798 1799
f 1799 1798 1800
f 1790 1801 1798
f 1798 1801 1800
f 1796 1801 1790
f 1800 1801 1802
f 1803 1797 1790
f 1797 1803 1804
f 1803 1805 1804
f 1800 1806 1799
f 1800 1807 1806
f 1799 1803 1790
f 1799 1808 1803
f 1809 1807 1800
f 1810 1807 1809
f 1809 1811 1810
f 1811 1809 1812
f 1806 1813 1799
f 1799 1813 1808
f 1808 1805 1803
f 1805 1808 1814
f 1805 1814 1815
f 1815 1816 1805
f 1817 1818 1813
f 1810 1813 1807
f 1807 1813 1806
f 1813 1819 1817
f 1813 1810 1819
f 1810 1811 1819
f 1811 1812 1819
f 1819 1820 1817
f 1821 1814 1808
f 1814 1821 1815
f 1815 1821 1822
f 1821 1808 1813
f 1813 1818 1821
f 1818 1817 1823
f 1817 1824 1823
f 1824 1825 1823
f 1823 1821 1818
f 1824 1817 1820
f 1826 1824 1820
f 1825 1824 1826
f 1821 1827 1822
f 1825 1828 1823
f 1821 1829 1808
f 1808 1829 1821
f 1823 1830 1821
f 1823 1828 1830
f 1821 1830 1829
f 1828 1825 1826
f 1831 1821 1829
f 1832 1828 1833
f 1830 1828 1829
f 1828 1832 1829
f 1834 1827 1821
f 1821 1831 1834
f 1832 1835 1829
f 1829 1835 1836
f 1836 1831 1829
f 1835 1837 1836
f 1835 1836 1837
f 1838 1839 1840
f 1839 1841 1840
f 1842 1840 1843
f 1842 1838 1840
f 1843 1840 1844
f 1844 1840 1841
f 1845 1843 1844
f 1846 1847 1838
f 1838 1847 1839
f 1845 1844 1848
f 1848 1844 1841
f 1849 1845 1848
f 1848 1850 1849
f 1841 1850 1848
f 1839 1847 1841
f 1841 1847 1851
f 1852 1841 1851
f 1586 1569 1342
f 1570 1569 1853
f 1586 1854 1569
f 1569 1854 1853
f 1586 1855 1854
f 1572 1574 1856
f 1857 1572 1856
f 1857 1588 1572
f 1570 1856 1574
f 1576 1577 1580
f 1580 1577 1576
f 1577 1858 1576
f 1858 1859 1576
f 1580 1576 1860
f 1861 1580 1860
f 1859 1860 1576
f 1859 1862 1860
f 1859 1863 1862
f 1859 1860 1863
f 1580 1861 1578
f 1864 1865 1578
f 1866 1578 1861
f 1578 1866 1864
f 1861 1862 1866
f 1860 1862 1861
f 1864 1867 1865
f 1865 1867 1868
f 1866 1869 1864
f 1869 1867 1864
f 1867 1868 1870
f 1870 1868 1867
f 1871 1872 1868
f 1869 1873 1867
f 1873 1870 1867
f 1870 1871 1867
f 1868 1867 1871
f 1873 1874 1870
f 1874 1875 1870
f 1872 1876 1868
f 1877 1611 1615
f 1586 1583 1585
f 1585 1878 1586
f 1586 1878 1855
f 1585 1879 1878
f 1855 1878 1879
f 1585 1880 1879
f 1880 1585 1587
f 1590 1588 1591
f 1588 1881 1591
f 1591 1881 1882
f 1590 1591 1355
f 1591 1883 1589
f 1591 1882 1883
f 1605 1859 1594
f 1605 1607 1859
f 1859 1607 1884
f 1885 1607 1886
f 1884 1607 1885
f 1594 1858 1597
f 1594 1859 1858
f 1577 1597 1858
f 1578 1865 1582
f 1865 1599 1582
f 1887 1599 1865
f 1887 1865 1868
f 1887 1868 1599
f 1599 1876 1877
f 1877 1615 1599
f 1876 1599 1868
f 1587 1584 1601
f 1880 1587 1888
f 1888 1587 1601
f 1364 1589 1883
f 1883 1882 1889
f 1883 1890 1364
f 1889 1890 1883
f 1886 1624 1891
f 1886 1607 1624
f 1886 1891 1885
f 1891 1892 1893
f 1891 1893 1885
f 1893 1894 1885
f 1613 1612 1895
f 1613 1895 1896
f 1894 1613 1896
f 1896 1895 1897
f 1896 1898 1894
f 1898 1899 1900
f 1899 1898 1901
f 1901 1898 1896
f 1611 1895 1612
f 1897 1895 1615
f 1897 1902 1896
f 1896 1902 1901
f 1617 1903 1616
f 1903 1617 1904
f 1904 1617 1905
f 1906 1903 1907
f 1907 1903 1904
f 1903 1600 1616
f 1903 1601 1600
f 1618 1383 1365
f 1908 1618 1365
f 1890 1365 1364
f 1908 1365 1890
f 1623 1909 1624
f 1624 1909 1910
f 1891 1624 1911
f 1624 1910 1911
f 1911 1912 1892
f 1910 1912 1911
f 1892 1912 1913
f 1628 1914 1892
f 1891 1911 1892
f 1626 1914 1628
f 1892 1914 1893
f 1626 1610 1613
f 1626 1894 1914
f 1613 1894 1626
f 1894 1893 1914
f 1915 1916 1917
f 1918 1919 1915
f 1919 1920 1915
f 1915 1920 1916
f 1917 1921 1922
f 1922 1921 1923
f 1917 1916 1921
f 1921 1916 1924
f 1923 1921 1924
f 1920 1925 1916
f 1916 1925 1924
f 1919 1925 1920
f 1924 1926 1923
f 1905 1617 1632
f 1927 1904 1928
f 1928 1905 1632
f 1928 1632 1655
f 1655 1632 1630
f 1655 1630 1631
f 1904 1905 1928
f 1618 1634 1384
f 1634 1929 1633
f 1634 1618 1908
f 1930 1929 1634
f 1909 1623 1620
f 1620 1666 1931
f 1909 1620 1931
f 1931 1910 1909
f 1910 1932 1933
f 1934 1935 1933
f 1935 1644 1913
f 1643 1913 1644
f 1933 1935 1913
f 1910 1933 1912
f 1912 1933 1913
f 1643 1892 1913
f 1643 1644 1936
f 1644 1937 1936
f 1938 1939 1940
f 1628 1892 1643
f 1936 1918 1643
f 1941 1643 1918
f 1941 1641 1643
f 1937 1942 1936
f 1936 1942 1918
f 1937 1939 1942
f 1649 1641 1941
f 1942 1943 1918
f 1939 1943 1942
f 1652 1649 1917
f 1649 1915 1917
f 1649 1941 1915
f 1941 1918 1915
f 1918 1943 1944
f 1652 1922 1653
f 1922 1945 1653
f 1945 1654 1653
f 1917 1922 1652
f 1945 1946 1654
f 1654 1946 1670
f 1922 1946 1945
f 1946 1947 1670
f 1670 1947 1669
f 1922 1923 1946
f 1946 1948 1947
f 1946 1923 1924
f 1946 1924 1948
f 1924 1949 1948
f 1948 1949 1947
f 1669 1950 1690
f 1690 1950 1951
f 1949 1952 1947
f 1926 1924 1923
f 1952 1669 1947
f 1952 1950 1669
f 1953 1954 1949
f 1924 1953 1949
f 1655 1226 1656
f 1929 1657 1633
f 1657 1929 1658
f 1955 1658 1929
f 1956 1658 1955
f 1957 1955 1929
f 1957 1929 1930
f 1958 1930 1634
f 1958 1957 1930
f 1959 1666 1664
f 1666 1960 1961
f 1960 1962 1961
f 1931 1961 1910
f 1910 1961 1932
f 1931 1666 1961
f 1932 1961 1962
f 1962 1939 1932
f 1939 1962 1940
f 1962 1963 1940
f 1964 1963 1965
f 1933 1966 1934
f 1933 1932 1966
f 1966 1937 1934
f 1966 1932 1967
f 1966 1939 1937
f 1967 1939 1966
f 1967 1932 1939
f 1934 1937 1935
f 1935 1937 1644
f 1690 1968 1692
f 1692 1968 1695
f 1968 1969 1695
f 1693 1695 1970
f 1970 1695 1969
f 1971 1693 1972
f 1970 1972 1693
f 1690 1488 1669
f 1968 1690 1951
f 1969 1968 1973
f 1969 1973 1970
f 1974 1970 1973
f 1951 1973 1968
f 1951 1975 1973
f 1063 1262 1671
f 1671 1262 1672
f 1976 1673 1674
f 1674 1675 1977
f 1672 1458 1697
f 1976 1674 1977
f 1978 1976 1977
f 1660 1658 1676
f 1676 1979 1461
f 1658 1979 1676
f 1980 1658 1956
f 1461 1977 1675
f 1979 1977 1461
f 1980 1979 1658
f 1680 1681 1677
f 1682 1681 1981
f 1681 1982 1981
f 1983 1982 1680
f 1680 1982 1681
f 1682 1981 1684
f 1981 1984 1684
f 1662 1684 1985
f 1986 1662 1985
f 1986 1431 1662
f 1985 1684 1984
f 1987 1431 1986
f 1663 1988 1470
f 1685 1470 1988
f 1636 1687 1689
f 1636 1989 1664
f 1990 1989 1636
f 1989 1991 1992
f 1992 1991 1993
f 1989 1992 1664
f 1959 1664 1992
f 1959 1992 1994
f 1995 1994 1992
f 1992 1993 1996
f 1992 1996 1995
f 1997 1994 1995
f 1666 1994 1960
f 1960 1994 1998
f 1959 1994 1666
f 1994 1997 1998
f 1998 1997 1999
f 1963 1962 1960
f 1998 1965 1960
f 1998 1999 1965
f 1964 1965 2000
f 1965 1999 2000
f 1964 2000 2001
f 1965 1963 1960
f 2002 2003 2004
f 2002 2005 2003
f 2004 2001 2002
f 2003 2006 2007
f 1708 2006 2003
f 2004 2003 2008
f 2006 2003 2007
f 2006 2009 2003
f 2006 1694 1693
f 1971 2010 2006
f 2006 2007 1971
f 1693 1971 2007
f 2007 2006 1693
f 1458 1696 1697
f 1976 1697 1673
f 2011 1679 1698
f 1679 2012 1680
f 1679 2011 2013
f 1679 2013 2012
f 2013 2011 2014
f 2012 2013 2014
f 2014 2011 2015
f 2012 2016 1983
f 1983 2016 2017
f 1680 2012 1983
f 2017 1982 1983
f 1987 1663 1431
f 1685 2018 1700
f 1700 2019 1701
f 1700 2020 2019
f 1685 1988 2018
f 1700 2018 2020
f 2020 2018 1988
f 2021 1705 1721
f 2021 1704 1705
f 1704 2021 2022
f 2022 2021 2023
f 1704 2022 2024
f 2024 2025 2026
f 1704 2027 1689
f 2027 2028 1689
f 1689 2028 1636
f 1704 2024 2027
f 2027 2024 2028
f 2028 2029 1636
f 2024 2029 2028
f 2024 1990 2029
f 2024 2026 1990
f 2029 1990 1636
f 1996 2030 1995
f 1997 1995 2031
f 1997 2031 1999
f 1995 2030 2031
f 2030 2032 2031
f 2031 2032 2033
f 2033 2034 2000
f 2000 1999 2031
f 2000 2031 2033
f 2035 1709 1708
f 1709 2035 1725
f 2000 2035 2002
f 2000 2034 2035
f 2035 2005 2002
f 2035 1708 2005
f 2002 2001 2000
f 1708 1694 2006
f 2003 2005 1708
f 2036 2037 1711
f 2038 1713 2037
f 2011 2038 2015
f 2039 2037 2036
f 2039 2038 2037
f 2015 2038 2039
f 1712 1698 1713
f 1711 2037 1712
f 2011 1698 1712
f 1713 1712 2037
f 2011 1712 2038
f 2038 1712 1713
f 1717 1714 1716
f 1699 1701 1496
f 1717 1716 1714
f 1717 1716 2040
f 1717 2023 1714
f 1701 1717 1496
f 1716 2040 2041
f 1701 2040 1717
f 1717 2040 1716
f 2019 2042 1701
f 2042 2040 1701
f 2041 2043 2040
f 2023 2021 2040
f 2040 2021 1717
f 2042 2041 2040
f 2044 2023 2040
f 2021 1721 2023
f 2023 1721 1714
f 2021 2023 1717
f 2045 2046 2047
f 2030 2048 2049
f 2048 2047 2049
f 2047 2048 2045
f 2030 1996 2050
f 2050 2048 2030
f 2050 2045 2048
f 1722 1725 2051
f 1725 2052 2051
f 2052 2046 2051
f 2047 2046 2052
f 2047 2052 2049
f 2049 2052 2033
f 2032 2030 2049
f 2049 2033 2032
f 2035 2034 1725
f 2033 2052 2034
f 1725 2034 2052
f 2053 2054 1729
f 2054 2036 1711
f 2055 2054 2053
f 2056 2057 2039
f 2036 2056 2039
f 2054 2056 2036
f 2054 2055 2056
f 1730 2058 1727
f 1710 1728 1729
f 1729 2054 1711
f 2059 1729 1728
f 2058 2059 1728
f 2053 1729 2059
f 1733 1732 2060
f 2061 1732 1740
f 2062 1732 2063
f 2062 1741 1732
f 1732 2063 2060
f 2063 1732 2062
f 2060 2064 1733
f 2063 1732 2061
f 2060 2063 2064
f 2063 2061 2064
f 1716 1715 1741
f 1741 1740 1732
f 1732 1714 2062
f 2062 1714 1741
f 1716 1741 1714
f 1716 2062 2041
f 1716 1741 2062
f 1741 1716 2062
f 2041 2062 1716
f 2040 1716 2041
f 2043 2041 2042
f 2065 2066 2046
f 2051 1749 1722
f 1749 2051 2046
f 2046 2066 1749
f 1749 2066 2067
f 2046 2045 2065
f 1730 1735 2058
f 2059 2058 2068
f 2058 1728 1727
f 2058 2069 2068
f 2069 2058 2068
f 1735 2068 2058
f 1735 2070 2068
f 1730 1734 1735
f 1735 1733 2071
f 2071 1733 2064
f 2072 2073 2074
f 2064 2075 2071
f 2076 2075 2072
f 2072 2074 2076
f 2071 2075 1735
f 2076 2077 2075
f 2073 1739 2078
f 2079 2078 1739
f 1739 1737 2079
f 1740 1739 2061
f 2072 2061 1739
f 1739 2073 2072
f 2064 2061 2072
f 2075 2064 2072
f 1751 2079 1737
f 2079 1751 2080
f 1757 1756 2081
f 1756 1758 2081
f 2081 1758 2082
f 1758 1747 2082
f 2083 2084 2067
f 2067 2066 2083
f 1749 2084 1747
f 2084 2082 1747
f 2067 2084 1749
f 2074 2085 2076
f 2085 2086 2087
f 2079 2080 2078
f 2086 2080 2079
f 2078 2074 2073
f 2086 2079 2080
f 2080 2079 2088
f 2086 2078 2080
f 2087 2086 2080
f 1752 1750 1757
f 2080 1751 2079
f 2079 1751 1752
f 2079 1752 1757
f 2088 2081 2082
f 2079 1757 2088
f 2088 1757 2081
f 2082 2089 2088
f 1547 1761 2090
f 2090 1761 2091
f 2092 1765 2090
f 1761 2093 2091
f 1761 1760 2093
f 1764 1765 2092
f 2094 1764 2092
f 2094 2095 2096
f 2090 2091 2092
f 2092 2095 2094
f 2097 2092 2091
f 2092 2098 2095
f 1760 1761 1312
f 1760 1323 2093
f 1323 2099 2093
f 2099 1323 1774
f 2100 1774 1773
f 2100 2099 1774
f 1763 2090 1765
f 2090 1763 1547
f 2096 1764 2094
f 1764 2096 1769
f 2096 2101 1769
f 2101 2096 2102
f 2095 2103 2096
f 2101 2104 1771
f 1769 2101 1771
f 2104 2105 1771
f 1771 2105 1777
f 2102 2105 2104
f 2104 2101 2102
f 2102 2096 2105
f 2105 2106 1777
f 2106 2107 1777
f 2106 2108 2107
f 2105 2109 2106
f 2106 2110 2108
f 2109 2111 2106
f 2111 2110 2106
f 2109 2112 2111
f 2112 2109 2105
f 2113 2105 2096
f 2105 2113 2112
f 2114 2110 2111
f 2110 2114 2115
f 2108 2110 2115
f 2114 2116 2115
f 2117 1773 2118
f 2117 2100 1773
f 2118 1788 2117
f 1788 2119 2117
f 2119 2120 2117
f 1777 1778 1776
f 1775 1778 1779
f 1778 1775 1779
f 1778 1559 1775
f 1780 1559 1778
f 1777 1779 1778
f 1777 1784 1779
f 2107 1784 1777
f 2107 2108 1785
f 2107 1785 1784
f 2121 2122 1785
f 2123 2108 2115
f 2124 1785 2108
f 1785 2124 2125
f 1785 2125 2126
f 2115 2127 2123
f 2123 2127 2108
f 2108 2127 2124
f 2115 2116 2127
f 1773 1789 2118
f 2118 1789 1788
f 2128 1788 1787
f 1788 2128 2129
f 1788 2129 2119
f 1567 1566 2130
f 2130 1566 2131
f 1566 2132 2131
f 2133 2128 2130
f 2133 2130 2131
f 2134 1560 1559
f 2132 1566 1560
f 1560 2134 2135
f 2134 2136 2135
f 2137 1559 1792
f 2137 2134 1559
f 2136 2134 2137
f 2136 2137 2138
f 2135 2136 2139
f 2139 2140 2135
f 2137 1792 2138
f 1794 1786 1785
f 2141 1796 1794
f 2122 1794 1785
f 2141 2122 2121
f 2141 1794 2122
f 2142 2141 2121
f 2126 2121 1785
f 2143 2142 2121
f 2125 2121 2126
f 2143 2121 2125
f 2144 2145 2141
f 2142 2146 2141
f 2141 2146 2144
f 2146 2142 2144
f 1567 2128 1787
f 2130 2128 1567
f 2138 1792 1793
f 2136 2138 2139
f 2147 2139 2138
f 1793 1797 2148
f 1793 2148 2138
f 2148 2147 2138
f 2147 2148 2149
f 2149 2148 2150
f 1796 2151 1801
f 2151 1802 1801
f 1800 1802 2151
f 1809 1800 2151
f 1796 2141 2152
f 1796 2152 2151
f 2153 1809 2151
f 2145 2152 2141
f 2151 2152 2145
f 2145 2153 2151
f 2153 2145 2144
f 2144 2154 2153
f 1809 2153 2155
f 2148 1797 2150
f 1797 1804 2150
f 2150 1804 2156
f 1804 1805 2156
f 2149 2150 2156
f 2157 2158 2149
f 2155 1812 1809
f 2159 1812 2155
f 2153 2154 2155
f 2160 2155 2154
f 2155 2160 2159
f 2156 2157 2149
f 2156 1805 1816
f 2161 2157 2156
f 2157 2161 2162
f 2162 2163 2157
f 1812 2164 1819
f 2164 2165 1819
f 2165 1820 1819
f 2166 1812 2164
f 2166 2164 1812
f 1820 2165 2166
f 2165 2164 2166
f 2164 1812 2166
f 1812 2167 2166
f 2167 2168 2166
f 1812 2159 2167
f 2159 2169 2167
f 1815 1822 2170
f 1816 1815 2170
f 2161 2156 1816
f 2161 1816 2170
f 2161 2171 2162
f 2162 2171 2172
f 2173 2168 2167
f 2168 2173 2174
f 1820 2175 1826
f 2168 1820 2166
f 1820 2168 2174
f 2174 2176 2177
f 2174 2177 1820
f 2170 1822 2178
f 2170 2171 2161
f 2178 2171 2170
f 2171 2178 2179
f 2180 2171 2179
f 1833 1828 1826
f 1826 2181 1833
f 2181 1832 1833
f 1826 2175 2181
f 2175 2182 2181
f 2177 2175 1820
f 2175 2177 2176
f 2182 2175 2176
f 1834 1822 1827
f 1822 1834 2178
f 2183 2179 2178
f 2181 2182 1832
f 2182 2184 1832
f 2175 2185 2182
f 2185 2184 2182
f 2182 2185 2175
f 2185 2182 2176
f 2185 2176 2186
f 2187 2185 2186
f 2188 2178 1834
f 2183 2178 2188
f 1834 1831 2189
f 1832 2190 1835
f 2184 2191 1832
f 2191 2190 1832
f 2192 2190 2191
f 2185 2191 2184
f 2190 2192 2191
f 2187 2191 2185
f 2187 2193 2191
f 2193 2190 2191
f 2183 2188 2194
f 2194 2188 2195
f 1831 1836 2189
f 1836 2196 1837
f 1835 2196 1836
f 1836 1837 2189
f 1834 2189 2188
f 2192 1835 2190
f 1835 2192 2196
f 2192 2197 2196
f 2192 2196 2197
f 2193 2192 2190
f 2198 2196 2192
f 2199 2192 2193
f 2199 2198 2192
f 2196 2197 1837
f 2189 2195 2188
f 2197 2189 1837
f 2200 2196 2198
f 2200 2197 2196
f 2201 2198 2199
f 2202 2195 2189
f 2203 2195 2202
f 2204 2195 2203
f 2189 2205 2202
f 2206 2207 2197
f 2206 2197 2200
f 2208 2203 2202
f 2208 2202 2209
f 2208 2209 2210
f 2205 2189 2207
f 2189 2197 2207
f 2205 2207 2209
f 2202 2205 2209
f 2207 2206 2209
f 2206 2211 2209
f 2210 2209 2211
f 1838 2212 2213
f 1846 1838 2213
f 2214 1846 2213
f 2215 2213 2216
f 2216 2212 2217
f 2216 2213 2212
f 1845 1842 1843
f 2214 2215 1846
f 2213 2215 2214
f 2215 2218 1847
f 2215 1847 1846
f 1852 1850 1841
f 1850 1852 2219
f 1847 2218 1851
f 2219 1852 1851
f 1866 1873 1869
f 1862 2220 1866
f 1866 2220 1873
f 1873 2220 2221
f 1862 1863 2220
f 2222 2223 1873
f 1873 2221 2222
f 2223 2222 2224
f 2225 2223 2224
f 2224 2222 2221
f 2220 2226 2221
f 2221 2227 2224
f 2220 1863 2226
f 2228 2221 2226
f 2227 2221 2228
f 2229 2225 2224
f 2225 2229 2230
f 2227 2231 2224
f 2231 2229 2224
f 2229 2231 2232
f 2230 2229 2233
f 2234 1872 2235
f 2236 1876 1872
f 1872 2237 2236
f 2236 2238 2239
f 2239 2238 2240
f 2237 2238 2236
f 1853 2241 1570
f 2241 1856 1570
f 1859 1884 1860
f 1884 1885 1860
f 1885 2242 1860
f 1885 2243 2242
f 2244 2242 2245
f 1860 2244 1863
f 2242 2244 1860
f 2245 2246 2247
f 2247 2246 1899
f 2248 2244 2245
f 1899 2249 2247
f 2249 2250 2247
f 2251 2250 2249
f 1873 2223 1874
f 2223 2225 1874
f 1874 2225 1875
f 2252 1870 1875
f 2252 1871 1870
f 2252 2253 1871
f 2253 2254 1871
f 2252 2254 2253
f 1875 2225 2255
f 2252 2256 2257
f 2252 2255 2256
f 2257 2256 2258
f 2258 2251 2257
f 1871 2254 1872
f 2254 2252 2259
f 2260 2254 2259
f 2259 2252 2257
f 2252 1875 2255
f 2255 2225 2230
f 2254 2235 1872
f 2254 2260 2235
f 2261 2262 2263
f 2262 2264 2263
f 2260 2259 2265
f 2266 2260 2265
f 2259 2257 2265
f 2257 2261 2265
f 1611 1877 2267
f 2267 1895 1611
f 1895 2267 1615
f 1897 1615 2267
f 2235 2260 2234
f 2260 2266 2234
f 1876 2236 1877
f 1877 2236 2239
f 1877 2239 2268
f 1877 2268 2267
f 2267 2268 2269
f 1897 2267 1902
f 2239 2270 2268
f 2239 2240 2270
f 2269 2268 2271
f 2267 2269 2272
f 2270 2273 2268
f 2273 2274 2268
f 2268 2274 2271
f 2271 2274 2269
f 2240 2274 2270
f 1879 2275 1855
f 1879 1880 2276
f 1879 2276 2275
f 1855 2275 1854
f 1854 2275 2277
f 1882 2278 1889
f 1588 1857 1881
f 1881 2278 1882
f 1881 1857 2279
f 1881 2279 2278
f 1885 1894 2280
f 1894 1900 2280
f 2280 1900 1899
f 2243 2280 2246
f 2243 1885 2280
f 1899 2246 2280
f 2242 2243 2246
f 2246 2245 2242
f 1899 2281 2282
f 1899 1901 2281
f 2281 1901 2283
f 1901 1899 2283
f 2283 1899 1901
f 2283 2257 2281
f 2257 2283 2261
f 2282 2281 2251
f 2257 2251 2281
f 2249 1899 2282
f 2251 2249 2282
f 2283 2262 2261
f 2283 1901 2262
f 2262 1901 2264
f 2264 1901 1902
f 1601 2284 1888
f 2284 1601 1906
f 1906 1601 1903
f 2285 2284 1906
f 2285 2276 1880
f 1880 1888 2284
f 2285 1880 2284
f 1900 1894 1898
f 1906 1907 2285
f 2286 1908 1890
f 2287 2286 1890
f 1889 2288 1890
f 1890 2288 2287
f 2288 2289 2287
f 1919 1918 2290
f 1944 2290 1918
f 1919 2290 1925
f 2290 1944 2291
f 2291 2292 2290
f 1925 2290 2292
f 2292 2293 1925
f 2292 2291 2293
f 1944 2294 2291
f 2294 2295 2291
f 1925 2296 1924
f 1925 2297 2296
f 1925 2298 2297
f 1925 2293 2298
f 2296 2299 1924
f 2297 2298 2296
f 2299 2296 2298
f 2293 2300 2298
f 2299 1926 1924
f 1926 2299 2301
f 2301 1924 1926
f 1924 2301 1953
f 2302 2303 2299
f 2299 2303 2301
f 2303 2304 2301
f 2301 2304 1953
f 2305 2299 2298
f 2302 2299 2305
f 2305 2298 2306
f 2299 2307 2302
f 2302 2308 2307
f 2299 2302 2307
f 2308 2302 2305
f 2308 2305 2306
f 2308 2309 2307
f 2307 2309 2302
f 2310 2308 2306
f 2310 2309 2308
f 2309 2311 2302
f 2302 2311 2303
f 2303 2311 2304
f 2311 2312 2304
f 2311 2313 2312
f 2313 2314 2312
f 2314 2315 2312
f 1907 1904 1927
f 2316 1928 1655
f 1927 1928 2316
f 2317 1958 1634
f 1908 2317 1634
f 1908 2286 2318
f 2318 2317 1908
f 1939 2294 1943
f 1938 2294 1939
f 1944 1943 2294
f 1938 1940 2319
f 1938 2319 2320
f 1938 2295 2294
f 2295 1938 2321
f 2320 2321 1938
f 2322 2320 2323
f 2322 2323 2324
f 2325 2326 2324
f 1949 1954 1952
f 1952 1954 1950
f 1950 1954 1951
f 1975 1951 2327
f 2327 2328 1975
f 1953 2304 1954
f 2304 2329 1954
f 2312 2329 2304
f 2312 1954 2329
f 1655 1656 2316
f 1418 2330 1656
f 2331 2330 1418
f 1656 2330 2332
f 2333 2316 1656
f 2333 1656 2332
f 2332 2330 2331
f 2332 2331 2334
f 1957 2335 1955
f 1957 1958 2317
f 2336 1957 2317
f 2336 2335 1957
f 2336 2337 2335
f 1963 2338 2319
f 1963 1964 2338
f 1964 2001 2338
f 2338 2004 2008
f 1963 2319 1940
f 2319 2338 2008
f 2010 2008 2009
f 2010 2339 2008
f 2008 2339 2340
f 1972 2339 1971
f 2320 2319 2008
f 2008 2340 2323
f 2008 2323 2320
f 2341 1970 1974
f 2341 2326 1970
f 1972 1970 2326
f 2339 2325 2340
f 1972 2326 2339
f 2325 2339 2326
f 2323 2340 2324
f 2340 2325 2324
f 1973 1975 1974
f 2341 1974 2328
f 1974 1975 2328
f 2331 1418 1457
f 2342 1457 1671
f 2342 2331 1457
f 2331 2342 2334
f 2343 1976 1978
f 1978 2344 2343
f 1697 1976 2343
f 1955 1980 1956
f 1980 1955 2345
f 2345 1977 1979
f 2345 1979 1980
f 2346 1977 2345
f 2335 2345 1955
f 1978 1977 2346
f 2335 2337 2345
f 2346 2344 1978
f 2344 2346 2345
f 2338 2001 2004
f 2009 2008 2003
f 2010 2009 2006
f 2010 1971 2339
f 2347 1984 1981
f 1985 1984 2347
f 1982 2017 1981
f 1987 1985 2347
f 1981 2017 2348
f 2348 2347 1981
f 1986 1985 1987
f 2022 2025 2024
f 1990 2026 2349
f 2350 1990 2349
f 1989 1990 2351
f 2350 2351 1990
f 2352 1993 1991
f 1989 2351 1991
f 2352 1991 2353
f 2351 2353 1991
f 1993 2352 1996
f 2050 1996 2354
f 2039 2355 2015
f 2014 2015 2355
f 2356 2039 2057
f 2014 2355 2357
f 2012 2014 2357
f 2355 2039 2356
f 2355 2356 2358
f 2019 2020 2359
f 2019 2359 2042
f 2043 2044 2040
f 2360 2020 1988
f 2359 2020 2360
f 2025 2022 2023
f 2023 2044 2025
f 2025 2361 2349
f 2025 2349 2026
f 2361 2350 2349
f 2353 2351 2362
f 2363 2353 2362
f 2364 2353 2363
f 2364 2363 2365
f 2351 2350 2362
f 2366 2367 2354
f 2353 2364 2352
f 2354 2352 2364
f 2352 2354 1996
f 2354 2364 2366
f 2050 2354 2367
f 2368 2057 2369
f 2356 2057 2368
f 2055 2369 2056
f 2057 2056 2369
f 2055 2370 2369
f 2359 2371 2042
f 2042 2371 2043
f 2043 2371 2044
f 2044 2371 2372
f 2373 2374 2359
f 2359 2374 2371
f 2371 2375 2372
f 2374 2375 2371
f 2376 2377 2378
f 2377 2366 2378
f 2366 2364 2365
f 2379 2366 2365
f 2378 2366 2379
f 2045 2050 2367
f 2367 2065 2045
f 2376 2066 2065
f 2065 2367 2366
f 2377 2065 2366
f 2377 2376 2065
f 2380 2368 2369
f 2370 2380 2369
f 2068 2053 2059
f 2381 2068 2069
f 2053 2068 2381
f 2382 2370 2055
f 2055 2053 2382
f 2382 2053 2381
f 2383 2382 2384
f 2384 2382 2381
f 2380 2370 2383
f 2382 2383 2370
f 2385 2383 2384
f 2068 2381 2069
f 2070 2386 2068
f 2381 2068 2386
f 2384 2381 2387
f 2388 2387 2381
f 2386 2388 2381
f 1735 2077 2070
f 2075 2077 1735
f 2076 2386 2077
f 2386 2070 2077
f 2083 2389 2390
f 2376 2083 2066
f 2389 2083 2376
f 2391 2392 2387
f 2387 2393 2384
f 2392 2393 2387
f 2394 2386 2076
f 2076 2085 2394
f 2394 2085 2395
f 2396 2395 2085
f 2387 2388 2386
f 2394 2387 2386
f 2394 2395 2397
f 2395 2396 2397
f 2391 2387 2394
f 2397 2391 2394
f 2078 2085 2074
f 2086 2085 2078
f 2089 2082 2398
f 2399 2088 2089
f 2400 2398 2401
f 2398 2082 2084
f 2083 2398 2084
f 2083 2390 2401
f 2083 2401 2398
f 2401 2390 2389
f 2376 2402 2389
f 2389 2402 2401
f 2403 2396 2404
f 2403 2404 2405
f 2396 2391 2397
f 2406 2396 2403
f 2406 2407 2391
f 2406 2391 2396
f 2403 2408 2406
f 2403 2405 2408
f 2406 2408 2409
f 2408 2405 2410
f 2407 2406 2411
f 2406 2409 2411
f 2085 2087 2404
f 2404 2396 2085
f 2404 2412 2399
f 2405 2404 2399
f 2413 2405 2399
f 2413 2414 2405
f 2399 2415 2413
f 2416 2413 2415
f 2080 2088 2087
f 2088 2412 2087
f 2399 2412 2088
f 2404 2087 2412
f 2399 2089 2417
f 2089 2398 2417
f 2409 2408 2418
f 2408 2410 2418
f 2411 2409 2419
f 2418 2419 2409
f 2413 2416 2414
f 2405 2414 2410
f 2416 2420 2414
f 2414 2421 2410
f 2410 2421 2418
f 2420 2422 2414
f 2420 2423 2422
f 2420 2424 2423
f 2418 2421 2425
f 2414 2422 2421
f 2421 2422 2426
f 2421 2426 2425
f 2425 2427 2418
f 2428 2425 2426
f 2429 2427 2425
f 2423 2430 2422
f 2422 2430 2426
f 2424 2431 2423
f 2423 2431 2430
f 2429 2425 2428
f 2430 2432 2426
f 2426 2432 2428
f 2433 2428 2432
f 2430 2434 2432
f 2435 2436 2437
f 2436 2438 2439
f 2439 2438 2440
f 2436 2439 2437
f 2439 2440 2441
f 2442 2097 2093
f 2443 2435 2442
f 2443 2442 2444
f 2445 2444 2442
f 2444 2445 2099
f 2097 2446 2098
f 2097 2435 2446
f 2446 2441 2098
f 2435 2097 2442
f 2446 2435 2437
f 2439 2446 2437
f 2441 2446 2439
f 2095 2441 2447
f 2447 2448 2095
f 2449 2099 2450
f 2097 2091 2093
f 2442 2093 2445
f 2099 2445 2093
f 2098 2092 2097
f 2098 2441 2095
f 2448 2103 2095
f 2451 2103 2448
f 2099 2100 2450
f 2452 2450 2100
f 2450 2452 2453
f 2103 2454 2096
f 2454 2103 2455
f 2103 2456 2455
f 2457 2456 2103
f 2451 2457 2103
f 2456 2458 2459
f 2457 2460 2461
f 2461 2462 2457
f 2457 2462 2461
f 2451 2460 2457
f 2456 2457 2458
f 2459 2458 2463
f 2458 2457 2461
f 2461 2464 2465
f 2458 2461 2465
f 2096 2454 2113
f 2456 2459 2455
f 2454 2455 2459
f 2466 2112 2113
f 2112 2467 2111
f 2467 2114 2111
f 2467 2468 2114
f 2112 2468 2467
f 2454 2469 2113
f 2454 2459 2469
f 2114 2468 2116
f 2116 2468 2470
f 2468 2112 2466
f 2470 2468 2471
f 2113 2472 2466
f 2466 2472 2468
f 2473 2471 2468
f 2113 2474 2472
f 2471 2475 2470
f 2476 2477 2471
f 2475 2471 2477
f 2475 2477 2478
f 2479 2100 2117
f 2117 2120 2479
f 2479 2452 2100
f 2119 2129 2120
f 2120 2129 2480
f 2479 2480 2452
f 2120 2480 2479
f 2481 2452 2480
f 2482 2452 2481
f 2481 2480 2483
f 2484 2485 2486
f 2483 2487 2484
f 2462 2488 2464
f 2464 2488 2489
f 2488 2490 2489
f 2485 2491 2488
f 2488 2486 2485
f 2464 2490 2492
f 2489 2490 2464
f 2462 2464 2461
f 2464 2492 2465
f 2493 2494 2495
f 2492 2490 2496
f 2496 2490 2493
f 2124 2127 2125
f 2125 2127 2497
f 2495 2494 2125
f 2495 2125 2498
f 2125 2497 2498
f 2493 2495 2499
f 2127 2116 2500
f 2127 2500 2497
f 2470 2500 2116
f 2500 2470 2497
f 2478 2470 2475
f 2497 2478 2501
f 2497 2470 2478
f 2502 2129 2128
f 2129 2502 2480
f 2502 2128 2133
f 2131 2503 2133
f 2503 2131 2132
f 2503 2132 2484
f 2504 2502 2133
f 2503 2504 2133
f 2502 2504 2487
f 2487 2480 2502
f 2504 2484 2487
f 2503 2484 2504
f 2132 1560 2491
f 2491 1560 2135
f 2140 2505 2135
f 2485 2484 2132
f 2491 2485 2132
f 2491 2135 2505
f 2491 2505 2140
f 2140 2506 2490
f 2491 2140 2488
f 2490 2488 2140
f 2506 2140 2139
f 2490 2506 2493
f 2494 2143 2125
f 2143 2494 2507
f 2494 2493 2507
f 2142 2143 2507
f 2507 2493 2508
f 2507 2508 2142
f 2493 2509 2508
f 2142 2508 2509
f 2493 2506 2509
f 2510 2139 2147
f 2506 2139 2510
f 2511 2510 2147
f 2158 2511 2147
f 2506 2511 2509
f 2506 2510 2511
f 2512 2509 2511
f 2144 2142 2513
f 2144 2513 2154
f 2142 2509 2513
f 2509 2160 2513
f 2513 2160 2154
f 2160 2509 2512
f 2158 2147 2149
f 2157 2163 2158
f 2158 2512 2511
f 2160 2512 2514
f 2512 2158 2163
f 2163 2515 2512
f 2512 2515 2514
f 2514 2515 2516
f 2160 2514 2159
f 2172 2516 2163
f 2162 2172 2163
f 2515 2163 2516
f 2169 2159 2167
f 2169 2167 2173
f 2167 2169 2173
f 2159 2514 2167
f 2180 2172 2171
f 2172 2180 2516
f 2173 2167 2514
f 2516 2180 2514
f 2514 2180 2173
f 2517 2176 2173
f 2174 2173 2176
f 2517 2173 2176
f 2173 2180 2518
f 2173 2518 2176
f 2180 2519 2518
f 2176 2518 2186
f 2176 2520 2518
f 2519 2180 2179
f 2521 2179 2183
f 2179 2521 2519
f 2518 2520 2522
f 2186 2193 2187
f 2186 2518 2193
f 2518 2522 2193
f 2519 2521 2518
f 2523 2521 2183
f 2520 2176 2518
f 2521 2523 2518
f 2194 2523 2183
f 2523 2194 2524
f 2520 2518 2523
f 2525 2522 2526
f 2522 2520 2526
f 2523 2527 2520
f 2199 2193 2528
f 2528 2193 2522
f 2528 2522 2525
f 2524 2194 2195
f 2529 2525 2526
f 2523 2524 2527
f 2520 2530 2526
f 2526 2530 2529
f 2520 2527 2530
f 2528 2525 2199
f 2525 2201 2199
f 2525 2529 2201
f 2524 2195 2531
f 2532 2206 2200
f 2524 2533 2527
f 2534 2532 2529
f 2535 2530 2527
f 2530 2534 2529
f 2530 2535 2534
f 2201 2200 2198
f 2201 2532 2200
f 2529 2532 2201
f 2195 2204 2203
f 2531 2195 2203
f 2533 2531 2203
f 2533 2203 2208
f 2210 2536 2208
f 2533 2524 2531
f 2536 2533 2208
f 2532 2534 2206
f 2534 2211 2206
f 2534 2210 2211
f 2527 2533 2536
f 2535 2537 2534
f 2210 2534 2536
f 2536 2535 2527
f 2537 2535 2536
f 2534 2537 2536
f 2538 2539 1838
f 1838 1842 2540
f 2538 1838 2540
f 2541 2539 2538
f 2539 2212 1838
f 2212 2539 2538
f 2217 2212 2538
f 2217 2542 2216
f 2543 2216 2542
f 2539 2544 2538
f 2544 2217 2538
f 2545 2542 2217
f 2545 2217 2546
f 2547 1850 2219
f 2548 1842 1845
f 1849 2548 1845
f 1850 2549 1849
f 2550 2549 1850
f 2547 2550 1850
f 2551 1847 2215
f 2219 1851 2547
f 2215 1847 2551
f 2543 2215 2216
f 2543 2551 2215
f 2552 2551 2543
f 2552 2215 2551
f 1851 2553 2547
f 2218 2553 1851
f 2553 2218 2543
f 2543 2218 2215
f 2553 2554 2547
f 2227 2555 2556
f 2556 2555 2557
f 2557 2558 2556
f 2244 2248 2559
f 2228 2226 2555
f 1863 2555 2226
f 1863 2560 2555
f 2560 1863 2244
f 2244 2559 2560
f 2559 2248 2561
f 2561 2562 2559
f 2559 2562 2563
f 2562 2561 2564
f 2227 2556 2231
f 2231 2556 2232
f 2555 2227 2228
f 2555 2560 2563
f 2563 2560 2559
f 2556 2558 2232
f 2232 2558 2229
f 2233 2558 2565
f 2233 2229 2558
f 2566 2565 2558
f 2240 2238 2567
f 2270 2240 2567
f 2237 2567 2238
f 2237 2568 2569
f 2237 2569 2567
f 2240 2570 2274
f 2570 2240 2270
f 2569 2571 2567
f 2567 2571 2270
f 2572 2270 2571
f 2570 2270 2572
f 2571 2573 2572
f 2573 2571 2569
f 2574 2569 2568
f 2569 2574 2573
f 2573 2574 2575
f 2572 2576 2570
f 2573 2570 2572
f 2576 2572 2570
f 2573 2575 2570
f 2570 2575 2577
f 2576 2577 2578
f 2570 2576 2578
f 2576 2570 2577
f 2578 2577 2579
f 1853 2580 2241
f 2581 1857 1856
f 1856 2241 2580
f 2581 1856 2580
f 1854 2580 1853
f 2248 2245 2250
f 2245 2247 2250
f 2248 2250 2561
f 2258 2250 2251
f 2258 2251 2582
f 2251 2258 2582
f 2561 2250 2583
f 2561 2583 2564
f 2230 2584 2255
f 2230 2233 2584
f 2584 2256 2255
f 2585 2256 2584
f 2564 2258 2582
f 2256 2582 2258
f 2564 2250 2258
f 2564 2582 2586
f 2582 2256 2587
f 2256 2585 2587
f 2583 2250 2564
f 2585 2584 2588
f 2265 2263 2266
f 2261 2263 2265
f 1872 2234 2266
f 2237 1872 2266
f 2237 2266 2568
f 2272 2264 1902
f 2266 2263 2264
f 2266 2264 2589
f 2266 2589 2568
f 1902 2267 2272
f 2589 2264 2272
f 2574 2568 2589
f 2272 2269 2590
f 2590 2591 2272
f 2274 2592 2270
f 2270 2592 2273
f 2269 2274 2590
f 2591 2590 2593
f 2589 2594 2574
f 2272 2594 2589
f 2594 2272 2591
f 2570 2592 2274
f 2274 2273 2593
f 2274 2593 2595
f 2590 2274 2595
f 2593 2578 2595
f 2593 2273 2578
f 2590 2595 2593
f 2574 2594 2596
f 2593 2594 2591
f 2593 2595 2597
f 2592 2578 2273
f 2570 2578 2592
f 2595 2578 2598
f 2595 2599 2597
f 2599 2595 2598
f 2599 2598 2600
f 2597 2599 2600
f 2601 2598 2578
f 2578 2579 2601
f 2579 2600 2601
f 2600 2598 2601
f 2602 2275 2276
f 2603 2277 2275
f 2604 2602 2605
f 2602 2604 2275
f 1854 2277 2580
f 2603 2580 2277
f 2606 1857 2581
f 2605 2602 2276
f 2605 2276 2285
f 2605 2285 2607
f 2278 2288 1889
f 2278 2608 2288
f 2607 2285 1907
f 2607 1907 2609
f 2610 2289 2288
f 2608 2610 2288
f 2611 2318 2289
f 2318 2287 2289
f 2318 2286 2287
f 2293 2291 2295
f 2293 2295 2300
f 2612 2300 2295
f 2613 2295 2321
f 2295 2613 2612
f 2613 2321 2614
f 2615 2613 2614
f 2616 2617 2614
f 2306 2300 2310
f 2298 2300 2306
f 2300 2612 2618
f 2615 2612 2613
f 2619 2313 2309
f 2309 2313 2311
f 2619 2620 2313
f 2621 2309 2310
f 2619 2309 2621
f 2621 2620 2619
f 2300 2618 2310
f 2310 2618 2621
f 2313 2315 2314
f 2620 2622 2313
f 2313 2622 2315
f 2622 2623 2315
f 2315 2623 2314
f 2624 2625 2620
f 2621 2624 2620
f 2620 2625 2622
f 2623 2626 2622
f 2622 2626 2623
f 2623 2627 2314
f 2627 2315 2314
f 2628 2625 2624
f 2628 2629 2625
f 2625 2629 2622
f 2623 2626 2630
f 2627 2623 2630
f 2631 2317 2318
f 2631 2632 2317
f 2611 2631 2318
f 2611 2633 2631
f 2633 2632 2631
f 2320 2322 2321
f 2322 2324 2634
f 2634 2324 2326
f 2634 2326 2616
f 2616 2326 2635
f 2321 2322 2634
f 2636 2326 2341
f 2321 2634 2614
f 2614 2634 2616
f 2616 2635 2637
f 2636 2341 2328
f 2635 2636 2638
f 2638 2636 2328
f 2636 2635 2326
f 2328 2327 2638
f 2637 2635 2638
f 2637 2638 2639
f 2312 2640 1954
f 1954 2640 1951
f 2640 2312 2315
f 2640 2641 1951
f 1951 2641 2327
f 2333 2332 2642
f 2642 2332 2334
f 2643 2316 2333
f 2642 2643 2333
f 2642 2334 2644
f 2632 2336 2317
f 2336 2645 2337
f 2646 2645 2336
f 2646 2647 2645
f 2632 2648 2336
f 2648 2646 2336
f 2334 2649 2650
f 2342 2649 2334
f 1672 2342 1671
f 2649 2342 2651
f 1672 2651 2342
f 2652 2651 1672
f 2653 2649 2652
f 2649 2651 2652
f 2649 2653 2650
f 2654 2653 2652
f 2652 2655 2656
f 2652 1672 2657
f 1672 1697 2657
f 2657 1697 2343
f 2658 2343 2344
f 2652 2657 2655
f 2657 2343 2659
f 2659 2343 2658
f 2655 2657 2660
f 2657 2659 2660
f 2660 2659 2658
f 2660 2658 2661
f 2345 2662 2344
f 2662 2345 2337
f 2662 2658 2344
f 2645 2662 2337
f 2645 2663 2662
f 2663 2658 2662
f 2647 2663 2645
f 2347 2348 2664
f 2358 2665 2357
f 2012 2357 2016
f 2355 2358 2357
f 2666 2357 2665
f 1987 2347 2664
f 2667 2668 1988
f 2667 2669 2668
f 1988 2668 2360
f 2360 2373 2359
f 1988 1663 2667
f 2667 1663 1987
f 2664 2667 1987
f 2373 2360 2668
f 2373 2668 2669
f 2669 2667 2664
f 2350 2670 2362
f 2358 2356 2671
f 2671 2356 2368
f 2665 2358 2671
f 2671 2368 2672
f 2673 2672 2368
f 2671 2674 2665
f 2675 2671 2672
f 2675 2672 2673
f 2674 2671 2675
f 2375 2374 2373
f 2025 2375 2373
f 2372 2025 2044
f 2375 2025 2372
f 2365 2676 2677
f 2379 2365 2677
f 2365 2363 2676
f 2676 2363 2362
f 2380 2678 2368
f 2679 2678 2380
f 2678 2673 2368
f 2678 2679 2680
f 2680 2673 2678
f 2680 2678 2673
f 2681 2678 2680
f 2680 2682 2681
f 2380 2383 2679
f 2383 2385 2679
f 2378 2379 2683
f 2683 2379 2677
f 2683 2376 2378
f 2683 2677 2684
f 2685 2686 2687
f 2679 2686 2688
f 2688 2686 2689
f 2686 2685 2689
f 2680 2679 2690
f 2690 2679 2688
f 2689 2690 2688
f 2680 2690 2682
f 2690 2691 2682
f 2692 2691 2690
f 2385 2384 2393
f 2393 2392 2687
f 2392 2391 2687
f 2685 2687 2391
f 2687 2686 2393
f 2686 2385 2393
f 2679 2385 2686
f 2402 2693 2401
f 2694 2693 2402
f 2376 2694 2402
f 2683 2694 2376
f 2695 2689 2685
f 2685 2696 2695
f 2689 2695 2697
f 2697 2695 2698
f 2698 2695 2699
f 2685 2407 2411
f 2391 2407 2685
f 2685 2411 2696
f 2400 2417 2398
f 2399 2417 2415
f 2417 2700 2415
f 2700 2417 2701
f 2400 2702 2417
f 2701 2417 2703
f 2703 2417 2704
f 2417 2702 2704
f 2400 2401 2702
f 2696 2705 2699
f 2696 2699 2695
f 2705 2706 2699
f 2707 2699 2706
f 2708 2705 2696
f 2411 2708 2696
f 2706 2705 2708
f 2708 2709 2706
f 2709 2710 2706
f 2706 2710 2707
f 2411 2419 2708
f 2419 2709 2708
f 2420 2416 2415
f 2420 2415 2424
f 2415 2700 2424
f 2701 2424 2700
f 2424 2701 2711
f 2712 2701 2703
f 2701 2712 2711
f 2709 2713 2710
f 2710 2714 2715
f 2715 2714 2716
f 2715 2707 2710
f 2418 2709 2419
f 2717 2709 2418
f 2427 2717 2418
f 2718 2717 2427
f 2717 2713 2709
f 2718 2713 2717
f 2719 2713 2718
f 2429 2719 2718
f 2714 2710 2713
f 2719 2714 2713
f 2716 2714 2719
f 2427 2429 2718
f 2720 2424 2711
f 2431 2424 2720
f 2711 2721 2720
f 2711 2722 2721
f 2722 2711 2712
f 2723 2722 2712
f 2724 2712 2703
f 2724 2723 2712
f 2721 2722 2723
f 2715 2716 2725
f 2726 2719 2429
f 2726 2727 2719
f 2716 2719 2727
f 2725 2716 2727
f 2433 2429 2428
f 2429 2728 2726
f 2728 2729 2726
f 2726 2729 2727
f 2431 2720 2730
f 2720 2731 2730
f 2732 2720 2721
f 2731 2720 2732
f 2732 2721 2723
f 2733 2732 2723
f 2733 2731 2732
f 2733 2723 2734
f 2735 2734 2723
f 2728 2429 2433
f 2736 2728 2433
f 2729 2728 2736
f 2729 2737 2727
f 2432 2434 2433
f 2434 2738 2433
f 2430 2739 2434
f 2430 2431 2739
f 2730 2739 2431
f 2730 2740 2739
f 2730 2741 2740
f 2730 2731 2741
f 2741 2731 2733
f 2733 2734 2741
f 2741 2734 2742
f 2738 2736 2433
f 2743 2744 2736
f 2738 2745 2736
f 2736 2744 2729
f 2739 2746 2434
f 2740 2746 2739
f 2434 2746 2738
f 2741 2747 2740
f 2747 2748 2740
f 2747 2741 2749
f 2741 2742 2749
f 2743 2736 2745
f 2743 2750 2751
f 2738 2746 2752
f 2745 2738 2752
f 2746 2753 2752
f 2745 2750 2743
f 2740 2754 2746
f 2740 2748 2754
f 2754 2753 2746
f 2747 2755 2748
f 2756 2754 2748
f 2757 2755 2747
f 2755 2758 2748
f 2756 2748 2758
f 2758 2755 2757
f 2745 2752 2759
f 2752 2753 2759
f 2759 2760 2750
f 2750 2745 2759
f 2751 2750 2760
f 2751 2760 2761
f 2760 2762 2761
f 2753 2763 2746
f 2746 2764 2753
f 2746 2763 2764
f 2754 2763 2753
f 2754 2756 2763
f 2765 2764 2766
f 2766 2764 2765
f 2759 2764 2760
f 2766 2767 2764
f 2764 2762 2760
f 2764 2767 2762
f 2766 2764 2438
f 2438 2763 2768
f 2768 2769 2440
f 2759 2753 2764
f 2764 2763 2438
f 2769 2768 2763
f 2756 2769 2763
f 2770 2771 2772
f 2773 2435 2443
f 2774 2773 2443
f 2774 2443 2775
f 2774 2766 2765
f 2774 2765 2773
f 2774 2767 2766
f 2774 2776 2767
f 2776 2774 2775
f 2773 2438 2436
f 2768 2440 2438
f 2435 2773 2436
f 2440 2447 2441
f 2765 2438 2773
f 2765 2766 2438
f 2440 2769 2447
f 2769 2772 2447
f 2447 2772 2771
f 2771 2777 2447
f 2771 2770 2777
f 2778 2777 2779
f 2777 2780 2779
f 2444 2775 2443
f 2775 2444 2781
f 2781 2444 2453
f 2777 2782 2447
f 2447 2782 2448
f 2782 2451 2448
f 2782 2777 2778
f 2779 2783 2778
f 2783 2782 2778
f 2784 2783 2779
f 2784 2785 2783
f 2453 2449 2450
f 2099 2453 2444
f 2453 2099 2449
f 2786 2781 2453
f 2786 2453 2787
f 2782 2788 2451
f 2788 2460 2451
f 2783 2788 2782
f 2785 2788 2783
f 2785 2789 2788
f 2790 2785 2784
f 2790 2789 2785
f 2113 2469 2474
f 2469 2791 2474
f 2791 2792 2474
f 2791 2793 2792
f 2452 2787 2453
f 2482 2787 2452
f 2481 2794 2482
f 2794 2795 2482
f 2482 2795 2787
f 2794 2796 2795
f 2797 2488 2462
f 2798 2797 2462
f 2799 2797 2798
f 2800 2797 2801
f 2801 2797 2799
f 2802 2800 2801
f 2788 2789 2460
f 2798 2462 2461
f 2460 2789 2461
f 2798 2461 2789
f 2803 2463 2458
f 2804 2459 2463
f 2805 2463 2803
f 2469 2459 2804
f 2804 2806 2469
f 2463 2805 2807
f 2806 2793 2469
f 2804 2463 2807
f 2806 2807 2793
f 2806 2804 2807
f 2805 2808 2807
f 2472 2473 2468
f 2471 2473 2809
f 2809 2476 2471
f 2810 2473 2472
f 2810 2811 2473
f 2811 2809 2473
f 2476 2812 2477
f 2811 2476 2809
f 2477 2813 2478
f 2813 2477 2812
f 2478 2813 2814
f 2811 2810 2476
f 2476 2810 2812
f 2814 2813 2815
f 2812 2815 2813
f 2483 2480 2487
f 2486 2483 2484
f 2481 2483 2794
f 2486 2794 2483
f 2794 2486 2802
f 2802 2796 2794
f 2797 2486 2488
f 2800 2486 2797
f 2800 2802 2486
f 2465 2492 2803
f 2496 2493 2816
f 2465 2803 2458
f 2492 2496 2816
f 2803 2492 2816
f 2803 2816 2817
f 2803 2817 2805
f 2808 2805 2817
f 2497 2501 2818
f 2497 2818 2498
f 2495 2498 2499
f 2817 2816 2819
f 2820 2819 2816
f 2820 2816 2493
f 2493 2499 2820
f 2478 2499 2501
f 2501 2499 2818
f 2499 2821 2818
f 2499 2498 2818
f 2818 2821 2822
f 2499 2814 2821
f 2499 2818 2822
f 2499 2478 2814
f 2814 2815 2823
f 2814 2823 2478
f 2541 2544 2539
f 2541 2540 2824
f 2546 2217 2544
f 2544 2541 2825
f 2825 2826 2544
f 2826 2546 2544
f 2541 2538 2540
f 2827 1842 2548
f 2828 2540 1842
f 2827 2548 2829
f 2827 2828 1842
f 2546 2826 2545
f 2545 2543 2542
f 2545 2552 2543
f 2545 2830 2552
f 2830 2545 2826
f 2552 2830 2553
f 2549 2548 1849
f 2829 2548 2549
f 2550 2829 2549
f 2547 2554 2550
f 2554 2831 2550
f 2552 2543 2215
f 2552 2553 2543
f 2832 2833 2834
f 2833 2835 2834
f 2836 2837 2834
f 2838 2836 2834
f 2832 2837 2836
f 2834 2837 2832
f 2838 2839 2836
f 2840 2841 2834
f 2838 2834 2842
f 2842 2834 2841
f 2838 2836 2839
f 2842 2841 2843
f 2843 2838 2842
f 2832 2836 2838
f 2843 2844 2838
f 2841 2844 2843
f 2845 2846 2555
f 2847 2848 2555
f 2555 2848 2557
f 2558 2557 2848
f 2846 2847 2555
f 2848 2849 2558
f 2566 2849 2848
f 2846 2850 2847
f 2845 2850 2846
f 2845 2851 2850
f 2852 2566 2848
f 2847 2853 2848
f 2852 2848 2853
f 2555 2563 2845
f 2563 2555 2845
f 2562 2555 2563
f 2555 2564 2854
f 2562 2564 2555
f 2564 2855 2854
f 2564 2583 2586
f 2854 2851 2555
f 2564 2586 2855
f 2851 2854 2845
f 2854 2855 2845
f 2855 2856 2845
f 2856 2855 2586
f 2566 2558 2849
f 2565 2857 2233
f 2857 2584 2233
f 2588 2858 2587
f 2586 2859 2856
f 2555 2851 2845
f 2860 2856 2859
f 2859 2858 2860
f 2860 2858 2861
f 2565 2862 2857
f 2852 2863 2566
f 2566 2863 2565
f 2584 2857 2588
f 2565 2863 2862
f 2852 2864 2863
f 2575 2574 2865
f 2577 2575 2865
f 2603 2866 2580
f 2580 2866 2581
f 2867 2866 2603
f 2582 2587 2586
f 2564 2586 2583
f 2585 2588 2587
f 2859 2586 2858
f 2586 2587 2858
f 2596 2594 2868
f 2593 2868 2594
f 2597 2868 2593
f 2596 2868 2597
f 2574 2596 2865
f 2865 2600 2579
f 2865 2597 2600
f 2865 2596 2597
f 2579 2577 2865
f 2275 2604 2869
f 2604 2870 2869
f 2603 2275 2869
f 2869 2871 2603
f 2867 2603 2871
f 2279 1857 2872
f 2873 1857 2606
f 1857 2873 2872
f 2604 2605 2874
f 2605 2607 2874
f 2604 2874 2870
f 2874 2609 2875
f 2279 2608 2278
f 2618 2876 2621
f 2621 2876 2624
f 2876 2877 2624
f 2876 2878 2877
f 2618 2879 2876
f 2628 2877 2629
f 2877 2878 2629
f 2876 2880 2878
f 2878 2881 2629
f 2881 2882 2629
f 2878 2880 2881
f 2609 1907 1927
f 2609 2874 2607
f 2610 2883 2289
f 2883 2611 2289
f 2614 2617 2884
f 2615 2614 2612
f 2612 2614 2884
f 2618 2612 2879
f 2615 2885 2612
f 2885 2615 2612
f 2884 2886 2612
f 2887 2886 2884
f 2617 2887 2884
f 2885 2612 2886
f 2627 2888 2315
f 2628 2624 2877
f 2622 2889 2623
f 2630 2890 2627
f 2889 2622 2629
f 2623 2889 2891
f 2891 2626 2623
f 2890 2888 2627
f 2890 2892 2888
f 2629 2893 2889
f 2893 2629 2889
f 2889 2629 2882
f 2626 2894 2630
f 2890 2630 2894
f 2893 2895 2889
f 2891 2889 2895
f 2626 2891 2895
f 2895 2894 2626
f 2893 2889 2896
f 2643 1927 2316
f 2897 2609 1927
f 1927 2643 2897
f 2898 2632 2633
f 2899 2898 2633
f 2899 2633 2611
f 2900 2898 2899
f 2883 2899 2611
f 2901 2899 2883
f 2902 2900 2899
f 2616 2637 2617
f 2639 2903 2637
f 2903 2617 2637
f 2887 2617 2903
f 2327 2639 2638
f 2327 2641 2639
f 2887 2903 2904
f 2639 2904 2903
f 2315 2888 2640
f 2640 2888 2905
f 2641 2640 2905
f 2641 2905 2906
f 2639 2641 2907
f 2641 2906 2907
f 2908 2639 2907
f 2639 2908 2904
f 2905 2888 2892
f 2892 2909 2905
f 2905 2909 2906
f 2642 2644 2643
f 2334 2650 2644
f 2632 2898 2648
f 2646 2910 2647
f 2646 2648 2910
f 2648 2898 2900
f 2911 2910 2648
f 2910 2911 2912
f 2654 2650 2653
f 2913 2652 2914
f 2652 2656 2914
f 2654 2652 2913
f 2914 2656 2915
f 2655 2660 2656
f 2656 2660 2661
f 2656 2661 2915
f 2912 2915 2661
f 2912 2916 2915
f 2917 2916 2912
f 2647 2910 2663
f 2663 2918 2658
f 2918 2661 2658
f 2910 2661 2918
f 2910 2918 2663
f 2912 2661 2910
f 2919 2920 2921
f 2357 2666 2016
f 2016 2666 2017
f 2017 2666 2919
f 2017 2919 2348
f 2922 2348 2919
f 2922 2664 2348
f 2921 2923 2919
f 2923 2922 2919
f 2924 2925 2926
f 2927 2924 2928
f 2928 2924 2926
f 2674 2675 2673
f 2925 2674 2673
f 2665 2674 2666
f 2925 2924 2674
f 2666 2674 2920
f 2929 2674 2924
f 2920 2919 2666
f 2674 2929 2920
f 2927 2929 2924
f 2930 2669 2664
f 2930 2931 2373
f 2932 2930 2664
f 2932 2664 2922
f 2669 2930 2373
f 2025 2373 2931
f 2933 2361 2025
f 2361 2934 2350
f 2350 2934 2670
f 2935 2362 2670
f 2676 2362 2935
f 2936 2670 2934
f 2670 2936 2935
f 2681 2926 2925
f 2926 2681 2937
f 2937 2681 2938
f 2681 2691 2938
f 2937 2938 2939
f 2926 2937 2940
f 2925 2673 2678
f 2925 2678 2681
f 2681 2682 2691
f 2935 2936 2941
f 2676 2942 2677
f 2677 2942 2684
f 2935 2942 2676
f 2935 2941 2942
f 2692 2943 2691
f 2943 2698 2944
f 2692 2698 2943
f 2945 2938 2691
f 2943 2945 2691
f 2944 2945 2943
f 2939 2938 2945
f 2946 2947 2945
f 2946 2945 2944
f 2690 2689 2692
f 2692 2689 2698
f 2689 2697 2698
f 2683 2948 2949
f 2684 2948 2683
f 2950 2944 2698
f 2950 2698 2951
f 2951 2952 2950
f 2944 2950 2952
f 2698 2699 2951
f 2693 2702 2401
f 2953 2704 2702
f 2704 2953 2703
f 2683 2693 2694
f 2953 2702 2693
f 2949 2693 2683
f 2952 2954 2955
f 2954 2956 2957
f 2951 2958 2952
f 2951 2699 2958
f 2699 2707 2956
f 2956 2958 2699
f 2952 2958 2954
f 2954 2958 2956
f 2703 2953 2959
f 2959 2953 2960
f 2953 2693 2960
f 2961 2707 2962
f 2956 2707 2961
f 2962 2963 2961
f 2963 2964 2961
f 2963 2965 2964
f 2962 2966 2707
f 2715 2962 2707
f 2962 2707 2966
f 2715 2963 2962
f 2703 2959 2724
f 2724 2959 2967
f 2968 2959 2960
f 2967 2959 2968
f 2960 2693 2969
f 2963 2715 2725
f 2725 2970 2963
f 2970 2725 2727
f 2971 2965 2963
f 2724 2967 2723
f 2968 2960 2972
f 2723 2967 2735
f 2967 2968 2735
f 2973 2735 2974
f 2974 2735 2968
f 2968 2972 2975
f 2975 2976 2968
f 2976 2974 2968
f 2727 2977 2970
f 2963 2970 2971
f 2977 2971 2970
f 2727 2737 2977
f 2971 2977 2978
f 2737 2978 2977
f 2734 2735 2973
f 2734 2973 2742
f 2973 2974 2742
f 2979 2980 2742
f 2742 2974 2979
f 2744 2737 2729
f 2978 2737 2744
f 2978 2744 2981
f 2971 2978 2982
f 2983 2978 2981
f 2984 2985 2747
f 2747 2985 2757
f 2984 2749 2742
f 2747 2749 2984
f 2980 2984 2742
f 2980 2986 2984
f 2986 2987 2984
f 2980 2979 2988
f 2986 2980 2988
f 2744 2743 2751
f 2744 2751 2989
f 2744 2989 2981
f 2989 2751 2990
f 2989 2990 2991
f 2981 2989 2991
f 2757 2992 2758
f 2985 2984 2757
f 2757 2993 2992
f 2757 2984 2987
f 2993 2757 2987
f 2994 2993 2987
f 2995 2996 2987
f 2996 2994 2987
f 2751 2761 2990
f 2762 2997 2761
f 2990 2761 2998
f 2761 2997 2999
f 2998 2761 2999
f 2772 2756 2758
f 2769 2756 2772
f 2992 3000 2758
f 3000 2772 2758
f 2992 3001 3000
f 2994 3001 2992
f 2993 2994 2992
f 2994 3002 3001
f 2999 2997 3003
f 3004 2999 3003
f 3005 2999 3004
f 2776 2762 2767
f 3003 2997 2762
f 2772 3006 2770
f 3006 2772 3000
f 3006 3000 3007
f 3006 3007 2770
f 3001 3007 3000
f 2770 3007 3008
f 3008 3009 2770
f 3002 3007 3001
f 3002 3008 3007
f 3010 3011 3008
f 3002 3010 3008
f 3012 2776 3013
f 3003 3012 3014
f 3012 3015 3014
f 3013 2776 2775
f 3012 3003 2762
f 2762 2776 3012
f 3016 2777 2770
f 3016 3011 2777
f 3011 2780 2777
f 3011 3016 3009
f 3016 2770 3009
f 3011 3017 2780
f 3008 3011 3009
f 3018 3017 3011
f 3018 3019 3017
f 2786 3015 3012
f 3012 3013 2786
f 3003 3014 3004
f 3013 2775 2781
f 2780 3017 2779
f 3020 2790 2784
f 3017 3020 2779
f 3020 2784 2779
f 3017 3019 3020
f 3021 3022 3020
f 2787 3023 2786
f 3023 3024 2786
f 3015 2786 3025
f 2786 3024 3025
f 3025 3014 3015
f 2786 3013 2781
f 3013 2786 2787
f 2787 2786 3013
f 3026 3023 2787
f 3027 3026 3028
f 3027 3028 3029
f 3030 3027 3029
f 3030 3029 3031
f 3026 3027 3032
f 3027 3030 3033
f 3034 2789 2790
f 3031 3034 3022
f 3022 3034 2790
f 3020 3022 2790
f 3033 3030 3031
f 2793 3035 2792
f 2474 3036 2472
f 2810 2472 3036
f 2474 3037 3036
f 2810 3036 3038
f 3038 3039 2810
f 3037 3038 3036
f 3040 3025 3024
f 3024 3023 3040
f 3040 3023 3041
f 2787 2795 3026
f 2795 2796 3028
f 3028 3026 2795
f 3023 3042 3041
f 3042 3023 3026
f 3026 3043 3042
f 3041 3042 3044
f 3028 2796 3029
f 2801 3029 2802
f 3029 2796 2802
f 3029 2801 2799
f 3031 3029 2799
f 3034 2798 2789
f 3034 2799 2798
f 3031 2799 3034
f 2469 2793 2791
f 3045 2807 2808
f 2807 3045 2793
f 3046 2793 3045
f 3046 3045 3047
f 2793 3046 3035
f 2810 3048 2812
f 3048 3049 2815
f 2812 3048 2815
f 3050 2815 3049
f 2810 3051 3048
f 3048 3051 3049
f 3049 3051 3050
f 3039 3051 2810
f 3050 3051 3052
f 3042 3053 3044
f 3045 2808 2817
f 2817 2819 3054
f 2817 3054 3045
f 3054 3047 3045
f 2499 3055 2820
f 2815 3050 2823
f 2823 2814 2478
f 2823 3050 3056
f 2823 3056 2814
f 2822 2821 3057
f 2821 2814 3057
f 3056 3049 3057
f 2814 3056 3057
f 3049 3058 3057
f 2499 2822 3055
f 3055 2822 3057
f 3056 3050 3049
f 3050 3052 3049
f 3049 3052 3058
f 2540 2828 2824
f 2828 2827 3059
f 3060 3061 2824
f 2825 2541 2824
f 3062 2825 2824
f 3062 3063 2825
f 3064 3059 2827
f 3065 2827 2829
f 2831 3065 2829
f 2831 2829 2550
f 2831 3066 3067
f 2831 3067 3065
f 2831 3068 3066
f 3064 2827 3065
f 3065 3067 3064
f 3064 3067 3069
f 3068 2831 3070
f 3067 3066 3069
f 2826 2825 2830
f 3063 2830 2825
f 2554 2553 2830
f 3063 2554 2830
f 3071 3063 3072
f 3071 3073 3063
f 3063 3073 2554
f 3074 3070 2554
f 2554 3070 2831
f 2832 2835 2833
f 2835 2832 3075
f 2836 3076 3075
f 3075 2832 2836
f 3076 2836 3077
f 3077 3078 3079
f 2834 3080 2840
f 2834 2835 3080
f 2835 3081 3080
f 3080 3081 2840
f 2840 3081 3082
f 3077 2836 2832
f 2841 3083 2844
f 2838 2844 3084
f 3083 3084 2844
f 3084 3083 2838
f 2832 2838 3077
f 2838 3083 3077
f 3085 3083 3084
f 3083 3085 3084
f 3083 3078 3077
f 3083 3086 3085
f 3083 2841 3086
f 2851 2845 2850
f 3087 2852 2853
f 3088 2852 3087
f 2864 2852 3088
f 2850 3089 2847
f 2847 3089 2853
f 3087 2853 3090
f 3090 2853 3089
f 3087 2864 3088
f 3091 2864 3087
f 3091 3092 2864
f 3091 3087 3093
f 3092 3091 3094
f 3090 3093 3087
f 3094 3095 3092
f 3090 3094 3093
f 2845 2856 2860
f 2861 2858 2588
f 2857 3096 2588
f 2588 3096 2861
f 2845 2860 2850
f 2860 2861 3096
f 2862 2863 2864
f 2857 2862 3096
f 2864 3092 3095
f 2864 3095 2862
f 2862 3095 3096
f 3097 3096 3098
f 2869 2870 3099
f 3100 2869 3101
f 3101 2869 3099
f 3102 2867 2871
f 3100 2871 2869
f 3102 2871 3100
f 3103 2581 2866
f 3103 2606 2581
f 2867 3102 2866
f 3102 3103 2866
f 2606 3103 2873
f 2279 2872 2873
f 2870 2874 3104
f 3104 3099 2870
f 3105 2610 2608
f 2873 2608 2279
f 3106 2608 2873
f 2876 2879 2880
f 2880 3107 2881
f 2882 3108 2896
f 2882 2881 3108
f 3107 3109 2881
f 2881 3109 3108
f 3107 3108 3109
f 3108 3107 2880
f 3110 2875 2609
f 3111 2883 2610
f 3111 2901 2883
f 3112 2901 3111
f 3105 3111 2610
f 2887 3113 2886
f 2880 2879 2612
f 3114 2612 2885
f 3114 2885 2886
f 3114 2886 3113
f 2887 2908 3115
f 2887 3115 3113
f 3113 3115 3116
f 2896 2889 2882
f 2612 3117 2880
f 2895 3118 2894
f 3118 2890 2894
f 2893 2896 3119
f 2893 3119 2895
f 3118 2895 3120
f 3118 3120 2890
f 2895 3119 3121
f 3121 3120 2895
f 3122 3118 3120
f 3118 3122 3120
f 3120 2892 2890
f 3108 3123 2896
f 3119 2896 3123
f 3108 3121 3123
f 3121 3119 3123
f 3121 3124 3120
f 3124 3122 3120
f 3120 3122 2892
f 3125 2643 3126
f 3127 2897 3125
f 2609 2897 3127
f 3125 2897 2643
f 2901 2902 2899
f 3128 2900 2902
f 2902 3129 3128
f 3129 3130 3128
f 2901 3129 2902
f 3131 3130 3129
f 2908 2887 2904
f 2908 2907 3132
f 2907 2906 3133
f 3133 2906 2909
f 2907 3133 3134
f 2907 3134 3132
f 3126 2643 3135
f 2644 2650 3135
f 2644 3135 2643
f 2648 3128 2911
f 2900 3128 2648
f 2912 2911 2917
f 3136 2911 3128
f 3136 3137 2917
f 3136 2917 2911
f 3130 3138 3128
f 3138 3136 3128
f 2650 2654 3139
f 3139 2654 3140
f 3141 3135 2650
f 3139 3142 3141
f 3139 3141 2650
f 3140 2654 3139
f 3139 2654 2913
f 3139 2913 3143
f 2913 2914 3143
f 3144 2915 2916
f 2914 2915 3145
f 2915 3144 3145
f 2916 3137 3144
f 3137 2916 2917
f 3146 2927 3147
f 3148 3147 3149
f 2929 2927 3150
f 2929 3150 2920
f 3146 2921 2920
f 3150 2927 3146
f 2920 3150 3146
f 3151 2921 3146
f 3152 3151 3146
f 3147 3152 3146
f 2923 2921 3151
f 3151 3153 2923
f 2928 2926 2940
f 2928 2940 3154
f 3154 2940 3155
f 3154 2927 2928
f 3149 3147 2927
f 3149 2927 3154
f 3149 3156 3157
f 3156 3149 3154
f 3154 3155 3156
f 3156 3155 3158
f 2923 2932 2922
f 3159 2932 2923
f 2923 3153 3160
f 2923 3160 3159
f 3160 3161 3159
f 2932 3162 2930
f 2930 3162 2931
f 3159 3162 2932
f 3162 3159 3163
f 3161 3163 3159
f 3163 3161 3164
f 2931 2933 2025
f 3165 3166 2939
f 3155 2939 3166
f 2940 2937 2939
f 2940 2939 3155
f 3163 2931 3162
f 2931 3163 2933
f 3164 2933 3163
f 2934 2361 2933
f 2933 3164 2934
f 2936 3164 3167
f 2936 2934 3164
f 2936 3167 2941
f 3165 2939 2947
f 2947 3168 3165
f 2947 2946 3168
f 2939 2945 2947
f 3169 2941 3167
f 3170 2941 3169
f 2942 3170 2684
f 2684 3170 2948
f 2942 2941 3170
f 3170 3171 3172
f 2946 2955 3168
f 2955 3173 3168
f 2944 2952 2955
f 2944 2955 2946
f 3173 2955 2957
f 2693 2949 3174
f 2948 3172 2949
f 2948 3170 3172
f 3172 3175 2949
f 2949 3175 3174
f 3172 3171 3175
f 3175 3176 3177
f 2955 2954 2957
f 3178 2957 2956
f 2956 2961 3178
f 3175 3177 3174
f 2693 3174 2969
f 3179 2969 3174
f 3177 3179 3174
f 3177 3180 3179
f 3178 2961 2964
f 3181 3178 2964
f 3181 2964 2965
f 3182 3181 3183
f 3184 3182 3183
f 3183 3181 2965
f 3184 3183 2965
f 3185 3184 2965
f 3185 3186 3184
f 3184 3186 3187
f 3187 3186 3188
f 3189 3190 3179
f 3180 3189 3179
f 3180 3191 3189
f 3192 3189 3191
f 2969 3193 3194
f 2969 3179 3190
f 3193 2969 3190
f 3195 2965 2971
f 3185 2965 3196
f 3185 3196 3186
f 3194 2960 2969
f 2972 2960 3194
f 2972 3194 3193
f 2972 3193 2975
f 3193 3197 2976
f 2975 3193 2976
f 3196 2965 3195
f 3195 3198 3196
f 3199 3196 3200
f 3196 3201 3200
f 2974 3202 2979
f 2974 2976 3202
f 2976 3197 3202
f 3202 3197 3203
f 3204 3202 3203
f 3205 3195 2971
f 2983 2982 2978
f 2982 3205 2971
f 2982 2983 3205
f 3198 3205 2983
f 3198 3195 3205
f 3198 3201 3196
f 2983 3206 3198
f 3206 3201 3198
f 2979 3202 2988
f 3202 3207 2988
f 3208 3202 3204
f 3208 3207 3202
f 3207 3209 2988
f 2987 2986 2988
f 2981 2991 2983
f 3210 2983 2991
f 3206 2983 3210
f 3210 3211 3206
f 3212 3211 3210
f 2995 2988 3209
f 2995 3209 3213
f 2995 3213 3214
f 2988 2995 2987
f 2996 2995 3214
f 2998 3215 2990
f 3215 2998 2999
f 3215 2991 2990
f 3216 3215 2999
f 3216 3217 3215
f 3212 2991 3215
f 3210 2991 3212
f 3217 3212 3215
f 2996 3002 2994
f 3214 3002 2996
f 3218 3002 3214
f 3002 3218 3219
f 3216 2999 3005
f 3005 3004 3216
f 3217 3216 3220
f 3219 3221 3002
f 3221 3010 3002
f 3219 3222 3221
f 3223 3224 3225
f 3224 3222 3226
f 3222 3224 3223
f 3010 3018 3011
f 3221 3018 3010
f 3227 3018 3221
f 3227 3223 3018
f 3018 3223 3019
f 3227 3221 3222
f 3222 3223 3227
f 3228 3216 3004
f 3228 3220 3216
f 3229 3230 3231
f 3229 3231 3225
f 3225 3232 3229
f 3224 3226 3225
f 3233 3226 3224
f 3226 3232 3225
f 3019 3234 3020
f 3234 3021 3020
f 3021 3234 3231
f 3223 3234 3019
f 3223 3225 3234
f 3231 3234 3225
f 3228 3235 3236
f 3235 3228 3004
f 3043 3032 3027
f 3043 3026 3032
f 3033 3230 3027
f 3021 3231 3230
f 3033 3021 3230
f 3230 3043 3027
f 3229 3237 3230
f 3232 3237 3229
f 3021 3031 3022
f 3031 3021 3033
f 2792 3238 2474
f 2474 3238 3037
f 3035 3239 3240
f 3035 3240 2792
f 3241 3038 3037
f 3241 3039 3038
f 3238 3242 3037
f 3037 3242 3241
f 3241 3051 3039
f 3241 3243 3051
f 3244 3004 3025
f 3040 3245 3025
f 3014 3025 3004
f 3042 3043 3246
f 3247 3043 3230
f 3237 3247 3230
f 3043 3247 3248
f 3246 3043 3248
f 3035 3046 3239
f 3046 3047 3249
f 3250 3051 3251
f 3052 3051 3250
f 3250 3252 3052
f 3251 3253 3250
f 3051 3243 3251
f 3254 3025 3245
f 3245 3255 3254
f 3254 3244 3025
f 3256 3040 3041
f 3040 3256 3245
f 3044 3257 3041
f 3041 3257 3256
f 3256 3257 3258
f 3257 3044 3258
f 3053 3042 3044
f 3044 3053 3258
f 3044 3042 3259
f 3053 3044 3258
f 3259 3042 3246
f 3259 3246 3248
f 3044 3259 3260
f 3260 3259 3261
f 3248 3262 3261
f 3262 3248 3247
f 3261 3259 3248
f 3247 3237 3262
f 3054 2819 3263
f 3054 3249 3047
f 3249 3054 3263
f 2820 3055 3264
f 3055 3057 3264
f 2820 3264 3265
f 3264 3057 3266
f 2819 2820 3265
f 3266 3267 3264
f 3265 3264 3267
f 3266 3057 3058
f 3058 3252 3268
f 3058 3052 3252
f 3266 3058 3268
f 3269 3268 3252
f 3270 3267 3266
f 3256 3271 3245
f 3255 3245 3271
f 3271 3256 3272
f 3256 3258 3272
f 3044 3260 3258
f 3258 3260 3273
f 3273 3260 3274
f 3260 3261 3274
f 2828 3275 3276
f 2824 2828 3276
f 3275 2828 3059
f 3059 3277 3275
f 3278 3276 3275
f 2824 3276 3278
f 3061 3062 2824
f 3279 3060 2824
f 3060 3279 3280
f 3060 3281 3061
f 3280 3282 3060
f 3281 3060 3282
f 3063 3062 3072
f 3283 3062 3061
f 3062 3283 3072
f 3283 3284 3285
f 3283 3285 3072
f 3281 3282 3284
f 3281 3284 3061
f 3061 3284 3283
f 3286 3285 3284
f 3059 3064 3069
f 3059 3069 3277
f 3066 3068 3069
f 3071 2554 3073
f 3071 3074 2554
f 3072 3285 3071
f 3071 3285 3286
f 3286 3074 3071
f 3287 3288 3289
f 3081 2835 3075
f 3290 3075 3291
f 3291 3075 3076
f 3292 3290 3291
f 3293 3082 3081
f 3287 3289 3081
f 3289 3293 3081
f 3076 3077 3079
f 3294 3076 3079
f 3295 3076 3294
f 3294 3079 3078
f 3291 3076 3295
f 3295 3294 3078
f 3295 3078 3296
f 3296 3078 3297
f 3086 3296 3297
f 3296 3291 3295
f 2840 3086 2841
f 3298 3086 3082
f 3082 3086 2840
f 3298 3299 3086
f 3085 3086 3083
f 3083 3297 3078
f 3086 3297 3083
f 3300 3301 3302
f 2850 3303 3304
f 3089 3305 3090
f 3094 3091 3093
f 2850 3304 3089
f 3089 3304 3305
f 3090 3305 3094
f 3305 3306 3090
f 3090 3306 3305
f 3094 3306 3095
f 3305 3306 3094
f 3306 3098 3095
f 3307 3098 3306
f 3304 3306 3305
f 2860 3303 2850
f 3303 2860 3097
f 3097 2860 3096
f 3095 3098 3307
f 3098 3095 3307
f 3098 3096 3095
f 3308 3101 3099
f 3309 3101 3308
f 3099 3310 3308
f 3104 3310 3099
f 3309 3100 3101
f 3102 3311 2867
f 3311 3102 2867
f 3311 3102 3100
f 3100 3312 3311
f 3312 3100 3309
f 3102 3313 3103
f 3313 3314 3103
f 2873 3103 3314
f 3311 3313 3102
f 3315 2873 3314
f 3312 3314 3311
f 3314 3313 3311
f 3316 3315 3314
f 3317 3318 3314
f 3314 3318 3316
f 3319 3315 3316
f 3315 3319 3320
f 2873 3315 3321
f 2873 3321 3106
f 3315 3320 3321
f 3322 2875 3110
f 3104 2875 3310
f 2875 3104 2874
f 3310 2875 3323
f 3106 3324 2608
f 2608 3324 3105
f 3324 3106 3325
f 3325 3326 3324
f 3127 3110 2609
f 3125 3327 3127
f 3324 3326 3105
f 3326 3111 3105
f 3326 3112 3111
f 3325 3112 3326
f 3325 3328 3112
f 3328 2901 3112
f 3117 2612 3114
f 3329 3114 3113
f 3115 2908 3116
f 2908 3330 3116
f 2880 3117 3108
f 3331 3117 3114
f 3331 3114 3329
f 3331 3108 3117
f 3331 3329 3332
f 3329 3113 3333
f 3332 3329 3333
f 3116 3333 3113
f 3116 3330 3334
f 3108 3335 3121
f 3336 3335 3108
f 3108 3335 3336
f 3335 3337 3336
f 3337 3335 3336
f 3335 3338 3121
f 3124 3121 3339
f 3121 3340 3339
f 3121 3338 3340
f 3122 3341 2892
f 3124 3342 3122
f 3342 3341 3122
f 3337 3338 3335
f 3343 3338 3337
f 3338 3343 3340
f 3343 3337 3344
f 3124 3339 3340
f 3342 3124 3340
f 3343 3345 3340
f 3340 3346 3342
f 3347 3125 3126
f 3347 3348 3349
f 3131 3350 3130
f 3328 3129 2901
f 3328 3131 3129
f 3132 3330 2908
f 3134 3330 3132
f 3134 3133 3351
f 3352 3330 3134
f 2892 3341 2909
f 3133 2909 3353
f 3133 3353 3351
f 3126 3135 3354
f 3348 3126 3354
f 3347 3126 3348
f 3141 3142 3135
f 3142 3354 3135
f 3142 3355 3354
f 3356 3137 3357
f 3357 3137 3136
f 3350 3138 3130
f 3358 3136 3138
f 3358 3357 3136
f 3350 3358 3138
f 3140 3139 3143
f 3140 3142 3139
f 3359 3140 3143
f 3355 3142 3140
f 3359 3355 3140
f 3360 3143 2914
f 3359 3143 3360
f 3145 3360 2914
f 3145 3361 3360
f 3360 3361 3362
f 3363 3145 3144
f 3137 3363 3144
f 3363 3137 3356
f 3361 3363 3356
f 3357 3361 3356
f 3363 3361 3145
f 3364 3147 3148
f 3147 3364 3365
f 3365 3364 3366
f 3364 3367 3366
f 3367 3368 3366
f 3369 3152 3147
f 3152 3370 3151
f 3365 3369 3147
f 3365 3366 3369
f 3369 3371 3152
f 3371 3370 3152
f 3371 3369 3372
f 3151 3370 3153
f 3149 3157 3364
f 3364 3148 3149
f 3157 3156 3373
f 3364 3157 3373
f 3374 3156 3158
f 3375 3156 3374
f 3376 3364 3373
f 3364 3376 3367
f 3375 3373 3156
f 3376 3373 3375
f 3377 3375 3374
f 3378 3161 3160
f 3153 3370 3160
f 3379 3160 3370
f 3160 3379 3378
f 3370 3371 3379
f 3379 3161 3378
f 3372 3379 3371
f 3166 3158 3155
f 3380 3166 3165
f 3380 3158 3166
f 3381 3380 3165
f 3158 3380 3374
f 3374 3380 3382
f 3382 3380 3383
f 3380 3381 3383
f 3161 3379 3384
f 3161 3385 3164
f 3164 3385 3167
f 3384 3167 3385
f 3161 3384 3385
f 3386 3165 3168
f 3386 3381 3165
f 3168 3387 3386
f 3386 3388 3381
f 3388 3386 3387
f 3388 3383 3381
f 3383 3388 3389
f 3167 3384 3390
f 3170 3169 3171
f 3169 3176 3171
f 3169 3391 3176
f 3169 3167 3391
f 3390 3392 3167
f 3392 3391 3167
f 3176 3391 3392
f 3177 3176 3392
f 3393 3173 2957
f 3393 3168 3173
f 3387 3168 3393
f 3394 3387 3393
f 3395 3394 3393
f 3393 2957 3178
f 3178 3181 3393
f 3393 3181 3396
f 3395 3393 3396
f 3396 3181 3397
f 3398 3396 3397
f 3175 3171 3176
f 3182 3397 3181
f 3182 3399 3397
f 3399 3182 3184
f 3399 3187 3400
f 3400 3401 3399
f 3398 3397 3399
f 3187 3402 3400
f 3400 3402 3403
f 3402 3404 3403
f 3405 3403 3404
f 3405 3404 3406
f 3403 3407 3408
f 3403 3405 3407
f 3409 3410 3411
f 3405 3410 3409
f 3405 3412 3410
f 3405 3409 3413
f 3405 3413 3407
f 3180 3414 3191
f 3180 3177 3414
f 3191 3414 3411
f 3177 3409 3414
f 3414 3409 3411
f 3410 3415 3411
f 3399 3184 3187
f 3187 3188 3402
f 3404 3188 3406
f 3402 3188 3404
f 3406 3188 3416
f 3406 3416 3417
f 3406 3412 3405
f 3410 3412 3418
f 3412 3406 3417
f 3412 3417 3418
f 3411 3415 3191
f 3192 3191 3415
f 3415 3419 3192
f 3420 3192 3419
f 3410 3418 3415
f 3421 3189 3192
f 3190 3189 3421
f 3421 3192 3422
f 3196 3199 3186
f 3186 3199 3416
f 3199 3423 3416
f 3416 3424 3417
f 3186 3416 3188
f 3424 3416 3423
f 3417 3424 3418
f 3415 3418 3419
f 3419 3418 3425
f 3419 3425 3420
f 3426 3422 3192
f 3427 3422 3426
f 3426 3192 3420
f 3425 3428 3427
f 3425 3427 3420
f 3426 3420 3427
f 3193 3190 3421
f 3421 3422 3193
f 3422 3197 3193
f 3423 3199 3200
f 3418 3428 3425
f 3424 3428 3418
f 3197 3422 3429
f 3203 3197 3429
f 3203 3429 3430
f 3204 3203 3430
f 3422 3427 3429
f 3429 3427 3430
f 3428 3430 3427
f 3430 3428 3431
f 3431 3428 3432
f 3206 3433 3201
f 3206 3434 3433
f 3200 3201 3433
f 3423 3200 3435
f 3424 3423 3435
f 3200 3433 3435
f 3435 3433 3436
f 3436 3433 3437
f 3428 3424 3436
f 3424 3435 3436
f 3428 3436 3438
f 3428 3438 3432
f 3439 3204 3440
f 3431 3440 3430
f 3430 3440 3204
f 3440 3431 3441
f 3440 3441 3442
f 3443 3431 3432
f 3432 3438 3443
f 3431 3443 3441
f 3444 3441 3443
f 3444 3443 3438
f 3204 3439 3208
f 3208 3439 3207
f 3209 3207 3439
f 3439 3445 3209
f 3209 3445 3442
f 3439 3440 3445
f 3440 3442 3445
f 3206 3211 3434
f 3211 3212 3434
f 3434 3212 3446
f 3434 3437 3433
f 3446 3437 3434
f 3212 3447 3446
f 3448 3446 3447
f 3436 3437 3446
f 3436 3446 3438
f 3442 3441 3449
f 3441 3444 3449
f 3446 3450 3438
f 3449 3444 3451
f 3214 3213 3218
f 3213 3209 3442
f 3442 3452 3213
f 3213 3452 3453
f 3442 3449 3451
f 3442 3451 3452
f 3452 3451 3453
f 3212 3217 3447
f 3454 3448 3447
f 3448 3450 3446
f 3450 3448 3454
f 3455 3450 3456
f 3444 3438 3455
f 3444 3455 3451
f 3438 3450 3455
f 3457 3218 3213
f 3219 3218 3457
f 3458 3219 3457
f 3213 3453 3457
f 3453 3451 3457
f 3451 3458 3457
f 3451 3455 3459
f 3451 3459 3458
f 3455 3456 3459
f 3447 3217 3460
f 3220 3460 3217
f 3447 3460 3454
f 3460 3461 3454
f 3462 3454 3461
f 3462 3450 3454
f 3450 3462 3456
f 3456 3462 3463
f 3226 3464 3465
f 3458 3459 3464
f 3459 3466 3464
f 3466 3465 3464
f 3459 3456 3466
f 3456 3463 3466
f 3466 3463 3465
f 3458 3464 3219
f 3219 3464 3222
f 3460 3220 3467
f 3461 3460 3467
f 3461 3468 3462
f 3469 3465 3463
f 3469 3463 3462
f 3469 3462 3468
f 3226 3233 3224
f 3464 3226 3222
f 3470 3226 3465
f 3471 3468 3461
f 3467 3471 3461
f 3471 3472 3468
f 3469 3473 3465
f 3469 3468 3473
f 3465 3473 3470
f 3473 3468 3474
f 3470 3473 3474
f 3470 3474 3226
f 3467 3220 3228
f 3467 3228 3236
f 3475 3471 3467
f 3236 3475 3467
f 3476 3471 3475
f 3474 3477 3226
f 3226 3477 3233
f 3240 3238 2792
f 3240 3478 3238
f 3239 3479 3240
f 3480 3481 3243
f 3241 3480 3243
f 3242 3480 3241
f 3482 3236 3235
f 3482 3235 3004
f 3226 3483 3232
f 3046 3479 3239
f 3249 3479 3046
f 3251 3243 3253
f 3252 3250 3484
f 3269 3252 3484
f 3250 3253 3484
f 3481 3485 3243
f 3485 3253 3243
f 3484 3253 3481
f 3269 3486 3268
f 3484 3481 3487
f 3487 3488 3484
f 3269 3484 3486
f 3485 3481 3253
f 3475 3236 3489
f 3236 3482 3489
f 3490 3491 3475
f 3490 3475 3489
f 3262 3237 3232
f 3232 3261 3262
f 3261 3232 3492
f 3265 3263 2819
f 3270 3266 3493
f 3266 3268 3493
f 3263 3265 3494
f 3265 3267 3494
f 3494 3267 3270
f 3268 3486 3493
f 3004 3244 3482
f 3492 3495 3261
f 3495 3274 3261
f 3492 3496 3495
f 3274 3495 3496
f 3497 3496 3492
f 3232 3497 3492
f 3483 3497 3232
f 3498 3482 3244
f 3499 3498 3244
f 3255 3499 3254
f 3271 3499 3255
f 3254 3499 3244
f 3273 3500 3258
f 3273 3501 3500
f 3274 3501 3273
f 3501 3274 3502
f 3274 3501 3502
f 3496 3502 3501
f 3274 3496 3501
f 3503 3496 3497
f 3503 3502 3496
f 3499 3504 3505
f 3499 3505 3498
f 3504 3506 3505
f 3272 3258 3507
f 3271 3508 3499
f 3272 3508 3271
f 3500 3507 3258
f 3499 3508 3504
f 3272 3509 3508
f 3510 3500 3501
f 3501 3502 3510
f 3500 3510 3511
f 3504 3509 3512
f 3504 3508 3509
f 3500 3511 3507
f 3509 3272 3507
f 3513 3509 3507
f 3279 2824 3514
f 3279 3514 3515
f 2824 3278 3514
f 3516 3278 3275
f 3277 3517 3275
f 3279 3515 3280
f 3515 3282 3280
f 3518 3282 3515
f 3286 3519 3520
f 3521 3519 3286
f 3522 3284 3282
f 3284 3522 3521
f 3518 3522 3282
f 3521 3522 3519
f 3521 3286 3284
f 3066 3277 3069
f 3277 3066 3069
f 3523 3069 3070
f 3070 3069 3068
f 3524 3070 3074
f 3288 3075 3525
f 3288 3287 3081
f 3526 3527 3292
f 3526 3292 3527
f 3527 3525 3075
f 3528 3526 3527
f 3288 3293 3289
f 3527 3075 3290
f 3291 3529 3292
f 3527 3290 3292
f 3530 3292 3529
f 3291 3530 3529
f 3528 3527 3531
f 3531 3527 3292
f 3531 3292 3530
f 3292 3531 3530
f 3293 3532 3082
f 3532 3533 3082
f 3532 3534 3533
f 3530 3535 3536
f 3531 3292 3536
f 3292 3530 3536
f 3536 3535 3534
f 3532 3293 3537
f 3532 3538 3534
f 3291 3296 3530
f 3539 3540 3541
f 3533 3299 3298
f 3086 3299 3296
f 3082 3533 3298
f 3533 3530 3296
f 3299 3533 3296
f 3530 3533 3535
f 3533 3534 3535
f 3542 3543 3544
f 3541 3543 3545
f 3542 3545 3543
f 3540 3546 3541
f 3541 3546 3547
f 3548 3302 3543
f 3544 3543 3302
f 3544 3302 3549
f 3302 3543 3300
f 3548 3543 3302
f 3300 3543 3541
f 3547 3550 3300
f 3541 3547 3300
f 3550 3551 3300
f 3552 3553 3549
f 3551 3554 3301
f 3300 3551 3301
f 3550 3555 3551
f 3556 3555 3550
f 3303 3557 3304
f 3304 3557 3306
f 3303 3097 3557
f 3306 3557 3307
f 3097 3098 3557
f 3557 3098 3307
f 3309 3558 3559
f 3558 3309 3308
f 3558 3308 3310
f 3558 3560 3559
f 3558 3561 3562
f 3560 3558 3562
f 3562 3563 3560
f 3312 3317 3314
f 3559 3312 3309
f 3564 3317 3312
f 3559 3560 3312
f 3312 3560 3564
f 3317 3564 3318
f 3564 3565 3318
f 3560 3566 3564
f 3565 3564 3566
f 3560 3563 3566
f 3318 3319 3316
f 3567 3318 3565
f 3567 3319 3318
f 3565 3568 3567
f 3567 3568 3319
f 3322 3323 2875
f 3310 3323 3569
f 3323 3570 3571
f 3570 3323 3322
f 3572 3571 3570
f 3571 3572 3573
f 3572 3570 3322
f 3310 3569 3558
f 3323 3558 3569
f 3571 3558 3323
f 3561 3558 3573
f 3571 3573 3558
f 3319 3574 3320
f 3321 3575 3106
f 3321 3320 3575
f 3106 3576 3325
f 3106 3575 3576
f 3320 3574 3575
f 3576 3575 3574
f 3574 3577 3576
f 3577 3325 3576
f 3322 3110 3127
f 3322 3127 3327
f 3578 3327 3125
f 3579 3322 3327
f 3580 3327 3578
f 3580 3578 3581
f 3579 3572 3322
f 3580 3579 3327
f 3582 3580 3581
f 3580 3582 3579
f 3583 3131 3325
f 3131 3328 3325
f 3116 3352 3333
f 3116 3334 3352
f 3330 3352 3334
f 3335 3332 3337
f 3344 3337 3584
f 3108 3331 3335
f 3335 3331 3332
f 3584 3337 3332
f 3585 3332 3333
f 3333 3352 3585
f 3334 3352 3586
f 3352 3587 3585
f 3352 3334 3587
f 3334 3586 3588
f 3334 3588 3587
f 3340 3345 3346
f 3342 3346 3589
f 3590 3341 3342
f 3344 3346 3345
f 3590 3342 3589
f 3344 3345 3343
f 3584 3332 3587
f 3584 3591 3344
f 3346 3590 3589
f 3344 3592 3346
f 3590 3346 3592
f 3592 3593 3590
f 3578 3125 3347
f 3578 3347 3349
f 3594 3578 3349
f 3581 3578 3594
f 3594 3595 3581
f 3134 3351 3352
f 3351 3586 3352
f 3596 3586 3351
f 3597 2909 3341
f 3341 3590 3597
f 3597 3590 3598
f 2909 3597 3353
f 3597 3598 3353
f 3351 3353 3599
f 3351 3599 3596
f 3353 3598 3599
f 3600 3348 3354
f 3600 3354 3355
f 3601 3600 3355
f 3602 3594 3348
f 3348 3594 3349
f 3602 3348 3600
f 3600 3603 3602
f 3602 3603 3594
f 3603 3604 3594
f 3601 3355 3605
f 3605 3600 3601
f 3605 3606 3600
f 3606 3607 3600
f 3603 3600 3607
f 3362 3361 3357
f 3357 3608 3362
f 3362 3608 3609
f 3359 3610 3355
f 3610 3605 3355
f 3611 3605 3610
f 3610 3359 3360
f 3612 3360 3362
f 3612 3611 3610
f 3612 3610 3360
f 3611 3612 3613
f 3613 3612 3362
f 3613 3614 3611
f 3362 3609 3613
f 3614 3613 3609
f 3369 3366 3368
f 3372 3369 3368
f 3375 3377 3376
f 3376 3615 3367
f 3615 3368 3367
f 3616 3376 3377
f 3376 3617 3615
f 3616 3618 3376
f 3376 3618 3617
f 3618 3616 3619
f 3618 3619 3617
f 3620 3615 3617
f 3621 3620 3617
f 3372 3368 3622
f 3622 3623 3372
f 3368 3620 3622
f 3624 3622 3625
f 3624 3623 3622
f 3620 3368 3615
f 3620 3625 3622
f 3626 3625 3620
f 3626 3620 3621
f 3623 3379 3372
f 3623 3384 3379
f 3623 3624 3384
f 3377 3374 3627
f 3627 3374 3382
f 3389 3382 3383
f 3389 3627 3382
f 3628 3616 3377
f 3627 3628 3377
f 3629 3628 3627
f 3389 3629 3627
f 3616 3628 3619
f 3619 3628 3630
f 3629 3631 3630
f 3628 3629 3630
f 3619 3621 3617
f 3619 3630 3632
f 3621 3619 3632
f 3632 3630 3633
f 3634 3384 3624
f 3635 3384 3634
f 3634 3636 3635
f 3634 3624 3625
f 3636 3634 3637
f 3638 3634 3625
f 3637 3634 3638
f 3638 3625 3626
f 3639 3637 3638
f 3640 3637 3639
f 3640 3636 3637
f 3641 3639 3638
f 3384 3642 3390
f 3384 3635 3642
f 3635 3636 3642
f 3389 3388 3643
f 3643 3631 3389
f 3629 3389 3631
f 3643 3644 3633
f 3630 3631 3633
f 3643 3633 3631
f 3645 3646 3647
f 3639 3645 3640
f 3645 3648 3640
f 3647 3648 3645
f 3390 3649 3392
f 3390 3642 3649
f 3649 3650 3392
f 3651 3649 3642
f 3649 3652 3650
f 3651 3642 3636
f 3652 3649 3648
f 3636 3640 3651
f 3651 3648 3649
f 3651 3640 3648
f 3409 3177 3392
f 3392 3650 3409
f 3387 3394 3388
f 3394 3395 3388
f 3653 3643 3395
f 3395 3643 3388
f 3396 3398 3395
f 3653 3395 3398
f 3653 3398 3654
f 3653 3654 3644
f 3655 3654 3398
f 3643 3653 3644
f 3644 3654 3655
f 3399 3401 3655
f 3399 3655 3398
f 3644 3655 3656
f 3646 3656 3655
f 3408 3646 3400
f 3657 3652 3648
f 3646 3408 3657
f 3648 3646 3657
f 3647 3646 3648
f 3407 3413 3652
f 3413 3409 3650
f 3650 3652 3413
f 3407 3652 3657
f 3401 3400 3646
f 3646 3655 3401
f 3408 3407 3657
f 3403 3408 3400
f 3658 3468 3472
f 3658 3472 3659
f 3468 3658 3474
f 3658 3660 3474
f 3240 3661 3478
f 3661 3240 3479
f 3479 3662 3661
f 3238 3663 3242
f 3242 3663 3480
f 3664 3480 3663
f 3238 3665 3663
f 3485 3481 3666
f 3481 3480 3664
f 3664 3666 3481
f 3480 3664 3663
f 3480 3663 3664
f 3666 3664 3667
f 3668 3666 3667
f 3475 3491 3476
f 3491 3472 3476
f 3491 3659 3472
f 3476 3472 3471
f 3669 3658 3659
f 3474 3670 3477
f 3660 3670 3474
f 3249 3662 3479
f 3671 3249 3263
f 3249 3671 3662
f 3671 3263 3672
f 3494 3672 3263
f 3486 3484 3488
f 3673 3672 3494
f 3481 3485 3666
f 3666 3668 3481
f 3668 3487 3481
f 3668 3674 3487
f 3487 3674 3488
f 3674 3486 3488
f 3675 3674 3668
f 3490 3489 3676
f 3677 3659 3491
f 3658 3669 3660
f 3678 3679 3660
f 3679 3670 3660
f 3678 3660 3669
f 3670 3679 3680
f 3477 3670 3680
f 3494 3270 3673
f 3270 3493 3673
f 3490 3677 3491
f 3677 3490 3676
f 3676 3489 3482
f 3226 3681 3483
f 3682 3233 3477
f 3233 3682 3226
f 3226 3682 3681
f 3682 3477 3680
f 3482 3498 3683
f 3684 3482 3683
f 3684 3676 3482
f 3676 3684 3685
f 3677 3676 3685
f 3681 3497 3483
f 3686 3687 3503
f 3681 3686 3497
f 3686 3503 3497
f 3686 3682 3688
f 3682 3686 3681
f 3682 3680 3688
f 3498 3505 3683
f 3683 3505 3506
f 3684 3683 3689
f 3685 3684 3689
f 3690 3502 3503
f 3690 3510 3502
f 3510 3690 3691
f 3687 3690 3503
f 3692 3691 3690
f 3692 3690 3687
f 3693 3512 3694
f 3689 3683 3693
f 3695 3689 3693
f 3695 3693 3696
f 3504 3512 3506
f 3512 3509 3513
f 3506 3693 3683
f 3693 3506 3512
f 3511 3510 3697
f 3697 3510 3698
f 3697 3699 3700
f 3699 3701 3700
f 3510 3691 3702
f 3698 3510 3702
f 3702 3697 3698
f 3697 3702 3699
f 3691 3703 3702
f 3703 3691 3692
f 3703 3701 3702
f 3702 3701 3699
f 3693 3694 3704
f 3696 3693 3704
f 3512 3513 3694
f 3507 3705 3513
f 3694 3513 3706
f 3513 3707 3706
f 3511 3707 3705
f 3705 3707 3513
f 3707 3511 3708
f 3507 3511 3705
f 3697 3708 3511
f 3708 3697 3700
f 3700 3709 3708
f 3694 3710 3704
f 3696 3704 3711
f 3704 3710 3711
f 3707 3710 3706
f 3706 3710 3694
f 3707 3708 3712
f 3708 3713 3712
f 3713 3709 3714
f 3709 3713 3708
f 3711 3715 3716
f 3711 3710 3715
f 3710 3707 3712
f 3710 3717 3715
f 3710 3712 3717
f 3712 3718 3717
f 3712 3719 3718
f 3713 3719 3712
f 3720 3716 3715
f 3721 3716 3722
f 3723 3724 3717
f 3717 3718 3723
f 3718 3725 3723
f 3719 3725 3718
f 3726 3715 3717
f 3727 3728 3720
f 3727 3720 3726
f 3720 3715 3726
f 3727 3729 3728
f 3720 3728 3729
f 3716 3720 3722
f 3722 3720 3729
f 3717 3724 3730
f 3730 3724 3731
f 3731 3732 3733
f 3724 3723 3734
f 3731 3724 3734
f 3732 3731 3734
f 3734 3723 3725
f 3734 3735 3732
f 3735 3734 3736
f 3725 3737 3734
f 3734 3738 3736
f 3730 3726 3717
f 3726 3717 3739
f 3717 3726 3739
f 3740 3727 3726
f 3740 3729 3727
f 3722 3729 3741
f 3742 3722 3741
f 3743 3730 3733
f 3730 3731 3733
f 3732 3744 3733
f 3735 3736 3745
f 3740 3746 3747
f 3747 3729 3740
f 3747 3748 3729
f 3729 3748 3749
f 3749 3748 3750
f 3741 3729 3749
f 3740 3726 3739
f 3740 3739 3746
f 3751 3730 3743
f 3752 3744 3743
f 3743 3744 3753
f 3754 3753 3744
f 3753 3751 3743
f 3753 3754 3755
f 3751 3753 3756
f 3733 3744 3752
f 3732 3757 3744
f 3733 3752 3743
f 3752 3754 3744
f 3745 3758 3735
f 3757 3732 3735
f 3745 3759 3758
f 3760 3750 3747
f 3750 3760 3761
f 3749 3750 3762
f 3762 3750 3763
f 3763 3750 3761
f 3739 3764 3746
f 3760 3747 3761
f 3747 3765 3761
f 3746 3765 3747
f 3766 3761 3765
f 3748 3747 3750
f 3726 3764 3739
f 3767 3764 3730
f 3730 3764 3726
f 3767 3746 3764
f 3730 3768 3767
f 3768 3730 3751
f 3756 3753 3769
f 3755 3769 3753
f 3752 3744 3754
f 3735 3770 3757
f 3757 3770 3744
f 3754 3744 3771
f 3770 3772 3744
f 3770 3735 3758
f 3754 3771 3755
f 3770 3758 3773
f 3774 3775 3766
f 3761 3766 3776
f 3526 3777 3776
f 3526 3776 3766
f 3761 3776 3778
f 3779 3778 3776
f 3763 3761 3778
f 3774 3766 3765
f 3765 3746 3774
f 3774 3746 3775
f 3767 3775 3746
f 3775 3767 3780
f 3768 3751 3781
f 3781 3782 3768
f 3783 3782 3781
f 3769 3755 3784
f 3744 3772 3771
f 3771 3772 3784
f 3770 3785 3772
f 3755 3771 3784
f 3786 3784 3787
f 3785 3770 3773
f 3758 3788 3773
f 3773 3788 3789
f 3790 3778 3779
f 3775 3791 3766
f 3766 3791 3288
f 3775 3792 3791
f 3776 3777 3793
f 3793 3777 3526
f 3776 3793 3779
f 3780 3792 3775
f 3780 3794 3792
f 3780 3767 3794
f 3794 3767 3795
f 3796 3767 3768
f 3782 3796 3768
f 3797 3784 3772
f 3798 3797 3772
f 3799 3797 3798
f 3784 3797 3787
f 3785 3798 3772
f 3800 3798 3785
f 3773 3789 3785
f 3791 3792 3288
f 3288 3792 3801
f 3792 3794 3801
f 3796 3795 3767
f 3782 3802 3796
f 3799 3787 3797
f 3800 3278 3798
f 3798 3278 3799
f 3785 3278 3800
f 3799 3278 3803
f 3804 3803 3278
f 3805 3518 3515
f 3514 3805 3515
f 3789 3806 3785
f 3789 3807 3806
f 3514 3785 3806
f 3278 3785 3514
f 3806 3805 3514
f 3805 3808 3518
f 3794 3795 3801
f 3809 3796 3802
f 3275 3517 3516
f 3278 3516 3804
f 3810 3517 3277
f 3516 3517 3810
f 3811 3519 3522
f 3519 3811 3520
f 3518 3812 3522
f 3812 3811 3522
f 3808 3805 3518
f 3518 3805 3812
f 3812 3805 3811
f 3811 3813 3814
f 3779 3793 3815
f 3790 3779 3815
f 3809 3816 3796
f 3809 3796 3816
f 3523 3070 3524
f 3069 3810 3277
f 3074 3817 3524
f 3810 3069 3523
f 3818 3819 3523
f 3524 3818 3523
f 3818 3524 3817
f 3520 3811 3286
f 3811 3074 3286
f 3074 3811 3817
f 3811 3814 3817
f 3817 3814 3820
f 3814 3821 3820
f 3822 3814 3813
f 3820 3818 3817
f 3822 3813 3823
f 3822 3824 3814
f 3822 3825 3824
f 3525 3526 3766
f 3288 3081 3075
f 3288 3801 3537
f 3288 3537 3293
f 3766 3288 3525
f 3801 3795 3537
f 3826 3795 3796
f 3796 3809 3826
f 3795 3826 3537
f 3809 3816 3827
f 3827 3826 3809
f 3828 3820 3821
f 3829 3820 3828
f 3830 3828 3821
f 3830 3831 3832
f 3824 3833 3814
f 3830 3821 3834
f 3814 3833 3821
f 3834 3831 3830
f 3525 3527 3526
f 3531 3835 3528
f 3793 3526 3528
f 3793 3528 3835
f 3793 3835 3836
f 3793 3836 3837
f 3815 3793 3837
f 3815 3837 3838
f 3839 3532 3537
f 3839 3538 3532
f 3538 3839 3826
f 3839 3537 3826
f 3831 3834 3840
f 3821 3841 3834
f 3833 3842 3821
f 3834 3841 3840
f 3821 3842 3841
f 3833 3824 3843
f 3844 3843 3824
f 3842 3840 3841
f 3845 3840 3842
f 3833 3843 3842
f 3842 3843 3846
f 3847 3848 3536
f 3836 3536 3848
f 3848 3837 3836
f 3536 3835 3531
f 3536 3534 3849
f 3534 3546 3849
f 3536 3546 3540
f 3536 3849 3546
f 3536 3540 3539
f 3835 3536 3836
f 3538 3850 3534
f 3850 3538 3826
f 3826 3534 3850
f 3827 3851 3826
f 3539 3847 3536
f 3848 3542 3852
f 3847 3542 3848
f 3852 3542 3544
f 3837 3848 3852
f 3837 3852 3838
f 3544 3853 3838
f 3838 3852 3544
f 3838 3853 3854
f 3534 3826 3546
f 3826 3851 3546
f 3851 3827 3855
f 3550 3851 3855
f 3809 3855 3827
f 3856 3857 3853
f 3542 3847 3545
f 3541 3545 3539
f 3545 3847 3539
f 3857 3854 3853
f 3858 3857 3856
f 3851 3547 3546
f 3851 3550 3547
f 3859 3550 3855
f 3544 3549 3853
f 3856 3853 3553
f 3856 3553 3860
f 3860 3861 3856
f 3861 3858 3856
f 3862 3858 3861
f 3862 3863 3864
f 3859 3556 3550
f 3556 3859 3865
f 3866 3865 3859
f 3553 3853 3549
f 3860 3553 3552
f 3860 3862 3861
f 3867 3860 3552
f 3867 3862 3860
f 3863 3862 3867
f 3865 3868 3869
f 3865 3869 3556
f 3870 3867 3871
f 3871 3867 3868
f 3870 3871 3864
f 3871 3865 3864
f 3868 3865 3871
f 3870 3863 3867
f 3864 3863 3870
f 3552 3872 3867
f 3867 3873 3868
f 3566 3563 3874
f 3874 3563 3562
f 3875 3566 3874
f 3876 3565 3566
f 3875 3876 3566
f 3875 3874 3877
f 3561 3573 3562
f 3573 3878 3562
f 3879 3878 3573
f 3572 3879 3573
f 3874 3562 3878
f 3879 3880 3878
f 3874 3878 3881
f 3881 3878 3882
f 3881 3882 3883
f 3878 3880 3882
f 3882 3880 3884
f 3885 3886 3882
f 3875 3877 3876
f 3876 3877 3565
f 3874 3881 3883
f 3874 3883 3877
f 3887 3877 3888
f 3883 3882 3886
f 3568 3889 3319
f 3889 3890 3891
f 3889 3891 3319
f 3890 3574 3891
f 3877 3889 3565
f 3568 3565 3889
f 3877 3887 3889
f 3888 3889 3887
f 3892 3889 3888
f 3890 3889 3892
f 3888 3893 3892
f 3893 3894 3892
f 3894 3890 3892
f 3319 3891 3574
f 3890 3894 3574
f 3895 3879 3572
f 3572 3579 3895
f 3582 3895 3579
f 3879 3895 3896
f 3879 3896 3880
f 3897 3896 3895
f 3896 3897 3898
f 3896 3884 3880
f 3884 3896 3899
f 3898 3899 3896
f 3882 3884 3885
f 3884 3899 3885
f 3894 3900 3901
f 3900 3894 3902
f 3903 3904 3902
f 3583 3905 3131
f 3583 3325 3577
f 3574 3894 3577
f 3583 3577 3894
f 3901 3583 3894
f 3905 3583 3901
f 3901 3900 3905
f 3585 3587 3332
f 3586 3587 3588
f 3592 3344 3591
f 3592 3906 3593
f 3907 3906 3592
f 3907 3592 3591
f 3908 3906 3907
f 3906 3908 3593
f 3584 3587 3591
f 3907 3591 3587
f 3908 3907 3587
f 3587 3588 3908
f 3588 3587 3908
f 3581 3595 3582
f 3594 3604 3595
f 3595 3909 3582
f 3595 3604 3909
f 3909 3603 3604
f 3604 3603 3909
f 3895 3582 3897
f 3909 3897 3582
f 3604 3910 3909
f 3910 3897 3909
f 3910 3911 3897
f 3911 3898 3897
f 3911 3910 3912
f 3912 3913 3911
f 3914 3350 3915
f 3350 3914 3358
f 3914 3915 3904
f 3916 3914 3904
f 3916 3917 3914
f 3916 3904 3918
f 3918 3904 3903
f 3905 3915 3131
f 3915 3350 3131
f 3900 3904 3905
f 3905 3904 3915
f 3586 3596 3919
f 3587 3586 3919
f 3598 3590 3593
f 3596 3599 3919
f 3598 3593 3599
f 3919 3596 3920
f 3596 3919 3920
f 3593 3920 3599
f 3908 3920 3593
f 3599 3920 3919
f 3919 3920 3587
f 3587 3920 3908
f 3606 3605 3607
f 3607 3605 3614
f 3614 3605 3611
f 3910 3603 3607
f 3604 3603 3910
f 3614 3921 3607
f 3912 3910 3607
f 3912 3607 3921
f 3912 3921 3922
f 3609 3923 3921
f 3923 3609 3924
f 3608 3924 3609
f 3921 3614 3609
f 3922 3923 3925
f 3923 3922 3921
f 3912 3922 3925
f 3924 3925 3923
f 3926 3925 3924
f 3912 3925 3927
f 3925 3926 3927
f 3914 3917 3358
f 3917 3357 3358
f 3917 3608 3357
f 3916 3926 3608
f 3916 3608 3917
f 3924 3608 3926
f 3632 3626 3621
f 3641 3638 3626
f 3626 3632 3641
f 3632 3633 3928
f 3928 3633 3929
f 3633 3644 3930
f 3632 3928 3641
f 3641 3928 3930
f 3928 3929 3930
f 3641 3930 3639
f 3930 3645 3639
f 3633 3930 3929
f 3656 3930 3644
f 3930 3656 3931
f 3930 3931 3645
f 3646 3931 3656
f 3645 3931 3646
f 3238 3932 3665
f 3478 3932 3238
f 3932 3933 3665
f 3933 3932 3478
f 3661 3933 3478
f 3661 3934 3935
f 3936 3664 3663
f 3667 3664 3936
f 3936 3937 3667
f 3667 3937 3668
f 3936 3663 3665
f 3937 3938 3668
f 3939 3937 3936
f 3665 3939 3936
f 3939 3940 3937
f 3940 3941 3938
f 3937 3940 3938
f 3942 3671 3672
f 3671 3942 3662
f 3661 3662 3943
f 3662 3942 3943
f 3943 3934 3661
f 3943 3942 3672
f 3943 3942 3944
f 3673 3945 3672
f 3945 3943 3672
f 3486 3946 3493
f 3946 3486 3674
f 3938 3675 3668
f 3946 3674 3675
f 3946 3675 3938
f 3947 3946 3938
f 3938 3948 3947
f 3949 3946 3947
f 3493 3946 3949
f 3659 3950 3669
f 3659 3677 3950
f 3950 3678 3669
f 3688 3951 3952
f 3679 3678 3953
f 3680 3679 3688
f 3688 3679 3953
f 3953 3954 3688
f 3685 3689 3955
f 3956 3955 3689
f 3957 3955 3956
f 3955 3677 3685
f 3957 3677 3955
f 3958 3950 3677
f 3950 3958 3959
f 3958 3960 3959
f 3677 3957 3958
f 3950 3959 3678
f 3678 3959 3961
f 3678 3961 3953
f 3953 3961 3962
f 3953 3962 3963
f 3964 3963 3962
f 3688 3687 3686
f 3688 3952 3687
f 3951 3688 3954
f 3953 3963 3954
f 3954 3963 3951
f 3951 3963 3952
f 3956 3965 3957
f 3966 3967 3968
f 3966 3964 3967
f 3962 3969 3964
f 3692 3966 3703
f 3703 3966 3968
f 3968 3701 3703
f 3952 3966 3687
f 3966 3692 3687
f 3964 3966 3952
f 3963 3964 3952
f 3970 3695 3696
f 3970 3971 3956
f 3971 3972 3965
f 3973 3965 3972
f 3970 3689 3695
f 3956 3689 3970
f 3956 3971 3965
f 3974 3700 3701
f 3974 3709 3700
f 3975 3976 3709
f 3968 3974 3701
f 3974 3975 3709
f 3977 3974 3968
f 3977 3975 3974
f 3967 3978 3968
f 3978 3977 3968
f 3978 3979 3977
f 3975 3977 3979
f 3979 3980 3975
f 3981 3978 3967
f 3981 3979 3978
f 3696 3711 3970
f 3971 3970 3982
f 3972 3971 3982
f 3972 3982 3973
f 3975 3983 3984
f 3984 3983 3985
f 3986 3985 3983
f 3986 3987 3985
f 3709 3976 3714
f 3976 3984 3714
f 3975 3984 3976
f 3980 3983 3975
f 3970 3711 3716
f 3987 3988 3985
f 3716 3721 3970
f 3970 3721 3989
f 3989 3982 3970
f 3990 3982 3989
f 3989 3991 3990
f 3991 3989 3992
f 3713 3993 3719
f 3985 3988 3993
f 3713 3714 3993
f 3984 3993 3714
f 3985 3993 3984
f 3989 3721 3722
f 3992 3989 3994
f 3995 3725 3719
f 3995 3719 3993
f 3996 3995 3993
f 3988 3996 3993
f 3988 3997 3996
f 3722 3742 3994
f 3994 3989 3722
f 3994 3998 3992
f 3995 3737 3725
f 3737 3738 3734
f 3737 3995 3996
f 3999 3738 3737
f 3996 3997 3737
f 3737 3997 4000
f 3749 3742 3741
f 4001 3742 3749
f 3994 3742 4001
f 4002 3994 4001
f 4002 3998 3994
f 4003 4004 3998
f 4005 4006 4007
f 3737 4000 4008
f 3738 3745 3736
f 3999 3745 3738
f 3737 4008 3999
f 4008 4009 3999
f 3762 3741 3749
f 3749 3741 3762
f 4001 3749 3762
f 4002 4001 3762
f 4002 3762 4010
f 4004 4011 4006
f 4012 4004 4006
f 4013 3751 3756
f 4007 3783 4013
f 4007 4006 3783
f 4014 4007 4013
f 4005 4007 4014
f 3759 3745 3999
f 4009 3759 3999
f 4009 4008 4015
f 4010 3762 3763
f 4002 4010 3998
f 3998 4010 4003
f 4010 4016 4003
f 4003 4016 4004
f 3783 3781 3751
f 4006 4011 3783
f 4011 4017 3783
f 4018 4011 4004
f 3783 3751 4013
f 3756 4019 4013
f 4019 3756 3769
f 4013 4019 4020
f 4020 4019 3769
f 4020 3769 4021
f 4014 4013 4020
f 4014 4020 4022
f 4020 4023 4022
f 4009 4024 4025
f 4009 4015 4024
f 3763 3778 4026
f 3778 3790 4026
f 3763 4026 4010
f 4027 4011 4018
f 4027 4017 4011
f 4028 4027 4029
f 4028 4017 4027
f 4004 4016 4018
f 4016 4030 4018
f 4018 4030 4029
f 4029 4027 4018
f 3783 4017 3782
f 3786 4031 3769
f 3784 3786 3769
f 3786 4032 4031
f 4032 3786 4033
f 4021 3769 4031
f 4021 4031 4032
f 4034 4020 4032
f 4032 4020 4021
f 4034 4032 4035
f 4034 4023 4020
f 4022 4023 4036
f 4023 4037 4036
f 4034 4037 4023
f 3758 3759 3788
f 3788 4038 4039
f 4009 4038 3759
f 3788 3759 4038
f 4040 4039 4038
f 4009 4025 4038
f 4025 4040 4038
f 4041 4040 4025
f 4024 4041 4025
f 4041 4024 4042
f 4041 4042 4043
f 3787 4033 3786
f 4032 4033 4035
f 4033 3787 4035
f 4034 4035 4037
f 4035 4044 4037
f 3789 3788 4039
f 3789 4039 3807
f 3807 4039 4045
f 4039 4040 4045
f 4041 4046 4040
f 4043 4046 4041
f 3807 4045 4047
f 4046 4045 4040
f 4045 4046 4048
f 4048 4047 4045
f 4043 4049 4046
f 4010 4050 4016
f 4029 4030 4051
f 4017 3802 3782
f 3787 3799 4052
f 3803 4052 3799
f 4052 3803 4053
f 3787 4052 4054
f 4052 4053 4054
f 4035 3787 4054
f 4052 4054 4053
f 4035 4054 4055
f 4055 4054 4052
f 4053 4055 4052
f 4053 4056 4055
f 4035 4055 4044
f 3807 4047 3806
f 3806 4047 3805
f 4047 4057 4058
f 4047 4048 4057
f 4057 4048 4059
f 4048 4049 4059
f 4046 4049 4048
f 4049 4060 4059
f 4060 4061 4059
f 4058 4057 4059
f 4030 4016 4051
f 4029 4051 4028
f 4017 4062 3802
f 4063 4062 4017
f 4056 4053 4064
f 4065 3804 3516
f 3516 3810 4065
f 3803 4065 4053
f 3804 4065 3803
f 4065 4064 4053
f 4064 4065 4066
f 4066 4065 4067
f 4067 4068 4066
f 4064 4066 4068
f 3811 3805 4058
f 4047 4058 3805
f 4059 4061 4058
f 4058 4061 4069
f 4061 4070 4069
f 3823 4058 4069
f 4071 4010 4026
f 4071 4050 4010
f 4016 4050 4072
f 3802 4062 3809
f 4062 4073 3809
f 4063 4074 4062
f 4062 4074 4073
f 4062 4074 4063
f 4017 4062 4063
f 4062 4017 4028
f 4075 4028 4051
f 4075 4062 4028
f 4076 4075 4051
f 3810 4067 4065
f 4067 3810 3819
f 4067 4077 4068
f 4078 4068 4077
f 3810 3523 3819
f 3819 3818 4079
f 4079 4080 3819
f 4080 4079 3829
f 3819 4077 4067
f 4077 3819 4080
f 4081 4077 4080
f 4080 4082 4081
f 4077 4081 4078
f 4081 4082 4083
f 3818 3820 4079
f 4079 3820 3829
f 3823 3813 3811
f 3823 4084 3822
f 3825 3822 4084
f 4058 3823 3811
f 4085 3825 4084
f 3813 3823 4058
f 3813 4084 3823
f 4085 4084 3813
f 3823 4085 3813
f 3823 3813 4058
f 4069 4085 3823
f 3823 4085 3825
f 4085 4069 4070
f 4085 3823 3825
f 3825 4086 4087
f 4085 4086 3825
f 4085 4088 4086
f 4088 4087 4086
f 4085 4089 4088
f 4089 4090 4088
f 4026 3790 3815
f 4091 4050 4071
f 3809 3827 3816
f 4073 4074 4062
f 4062 4076 4073
f 4076 4092 4073
f 4062 4075 4076
f 4093 3829 4094
f 4080 3829 4082
f 4095 4082 3829
f 3829 4093 4095
f 4082 4095 4093
f 4093 4096 4082
f 4097 4083 4082
f 4096 4097 4082
f 3829 3828 3832
f 3830 3832 3828
f 4094 3829 3832
f 4094 3832 4098
f 4093 4094 3832
f 4094 4098 3832
f 4098 4099 4093
f 4099 4096 4093
f 4098 4100 4099
f 4097 4096 4099
f 4097 4099 4100
f 3832 3831 3845
f 3845 4098 3832
f 4088 4101 4087
f 4101 4088 4090
f 4102 4101 4090
f 4087 3843 3825
f 4102 4087 4101
f 4102 4103 4087
f 3815 4104 4026
f 3815 4105 4104
f 4104 4071 4026
f 4071 4104 4091
f 4105 4106 4091
f 4105 4091 4104
f 4107 4091 4106
f 4091 4107 4050
f 4050 4107 4108
f 4107 4106 4109
f 4107 4109 4108
f 4108 4109 4110
f 4111 4112 4073
f 4092 4111 4073
f 4092 4113 4111
f 4114 4110 4092
f 4110 4113 4092
f 4093 3832 4098
f 3840 3845 3831
f 4098 3845 4115
f 4098 4115 3845
f 4115 4098 3845
f 4115 4116 4098
f 4116 4100 4098
f 3845 4115 3840
f 3845 3840 4115
f 4117 4115 3840
f 4116 4115 4118
f 4115 4117 4118
f 3844 3824 3825
f 3845 3842 3846
f 4115 3845 3846
f 3840 4115 3846
f 4119 4118 4117
f 4119 4117 4120
f 4120 4118 4119
f 4120 4119 4118
f 4087 3846 3843
f 3825 3843 3844
f 4121 4087 4122
f 4121 3846 4087
f 4087 4120 4122
f 4120 4121 4122
f 4087 4103 4123
f 4087 4123 4120
f 4120 4123 4119
f 3815 3838 4026
f 3838 4124 4026
f 4124 3815 4026
f 4124 4105 3815
f 4105 4124 4125
f 4106 4105 4125
f 4125 4109 4106
f 4125 4126 4109
f 4109 4126 4127
f 4109 4127 4126
f 3809 4073 4128
f 4073 4112 4128
f 4112 4129 4128
f 4113 4112 4111
f 4126 4130 4109
f 4129 4130 4126
f 4129 4112 4130
f 4110 4130 4113
f 4113 4130 4112
f 4130 4110 4109
f 3840 3846 4117
f 4117 3846 4120
f 4120 3846 4121
f 3838 3854 4124
f 4131 4124 3854
f 4132 4131 3854
f 4132 4124 4131
f 4124 4132 4133
f 4133 4125 4124
f 4132 4134 4133
f 4135 4136 3855
f 4135 4129 4126
f 4127 4136 4135
f 4137 4136 4127
f 4126 4127 4135
f 4133 4134 4127
f 4125 4133 4126
f 4133 4127 4126
f 4128 3855 3809
f 4129 3855 4128
f 4129 4135 3855
f 4138 4139 4140
f 4132 3854 3857
f 3857 4140 4132
f 3857 4138 4140
f 4141 4138 3858
f 3858 4138 3857
f 4142 4141 4143
f 4138 4140 4139
f 4141 4142 4144
f 4142 4145 4144
f 4140 4138 4139
f 4132 4146 4134
f 4132 4140 4146
f 4146 4140 4139
f 3866 3859 4142
f 4136 3859 3855
f 4136 4142 3859
f 4141 3866 4142
f 4136 4145 4142
f 4137 4145 4136
f 4147 4139 4138
f 3858 3862 4141
f 4141 3862 3864
f 4141 3864 3865
f 4141 4148 4138
f 4141 4144 4148
f 4147 4138 4148
f 4149 4147 4148
f 4147 4149 4150
f 4141 3865 3866
f 4143 4141 4142
f 3888 3877 3883
f 3883 3886 3885
f 4151 3885 3899
f 3898 4151 3899
f 3883 3885 3888
f 3888 3885 4152
f 4152 3885 4153
f 3885 4151 4153
f 4153 4151 4152
f 4151 4154 4152
f 4154 3903 4152
f 3894 3893 3902
f 3902 3893 4155
f 3902 3904 3900
f 3888 4152 4155
f 3893 3888 4155
f 3902 4155 3903
f 4155 4152 3903
f 4156 4151 3898
f 3913 4156 3898
f 3911 3913 3898
f 3913 3927 4157
f 3913 3912 3927
f 4157 3927 3916
f 4154 3913 4157
f 4154 4151 3913
f 4156 3913 4151
f 4157 4158 3903
f 4158 4157 3916
f 4154 4157 3903
f 3903 4158 3918
f 3918 4158 3916
f 3916 3927 3926
f 3933 3661 3935
f 3933 3935 4159
f 3934 4160 3935
f 3935 4160 4159
f 4160 3934 4161
f 3939 3665 4162
f 3933 4163 3665
f 3665 4163 4162
f 3939 4162 4164
f 4163 4164 4162
f 3940 3939 4165
f 4164 4165 3939
f 4166 3940 4165
f 4166 3941 3940
f 4165 4167 4166
f 4168 3941 4166
f 3934 3943 3945
f 3943 3944 3934
f 3944 3942 3943
f 4169 3945 3673
f 4169 3934 3945
f 3943 3934 3944
f 3934 4170 4161
f 3941 3947 3948
f 3947 3941 3949
f 3949 3673 3493
f 3949 4169 3673
f 3941 4171 3949
f 4171 3941 4172
f 4172 3949 4171
f 4169 3949 4172
f 3934 4169 4173
f 4173 4169 4172
f 3938 3941 3948
f 3959 3960 4174
f 3959 4174 3961
f 3962 3961 4174
f 3958 3957 4175
f 3957 3972 4175
f 3972 4176 4175
f 4175 4176 4177
f 4178 4174 3960
f 3958 4175 3960
f 3960 4179 4178
f 4175 4177 3960
f 3960 4177 4179
f 3969 3962 4174
f 3969 4174 3964
f 3964 4174 4178
f 3964 4178 3967
f 3967 4178 4179
f 3957 3965 3973
f 3957 3973 3972
f 4176 4180 4177
f 4181 4177 4180
f 4179 4182 3980
f 4182 3983 3980
f 4177 4182 4179
f 4177 4181 4182
f 3981 3967 4179
f 3981 3980 3979
f 3980 3981 4179
f 3973 4183 3972
f 3982 4183 3973
f 4183 4184 3972
f 3972 4185 4176
f 3972 4184 4185
f 4185 4184 4186
f 4185 4186 4187
f 4176 4185 4180
f 4180 4185 4181
f 4185 4188 4181
f 3986 4189 4188
f 4189 3986 3983
f 4188 3987 3986
f 3983 4182 4190
f 4189 3983 4190
f 4189 4190 4188
f 4182 4181 4190
f 4188 4190 4181
f 3982 4191 4183
f 4183 4191 4184
f 4191 3990 4184
f 4184 3990 4191
f 3990 4192 4191
f 4191 4192 4193
f 4186 4184 4191
f 4194 4195 4187
f 4196 3987 4195
f 4196 4195 4194
f 4197 4187 4195
f 4186 4191 4193
f 4186 4193 4187
f 4193 4194 4187
f 4197 4188 4185
f 4188 4197 3987
f 4197 4195 3987
f 4187 4197 4185
f 4191 3982 3990
f 3990 3991 4192
f 4193 4192 4198
f 4198 4192 4196
f 4193 4198 4194
f 3988 3987 4196
f 4194 4198 4196
f 3991 3992 4199
f 3997 3988 4196
f 4196 4200 3997
f 4192 4201 4200
f 4196 4192 4200
f 4199 3992 3998
f 4012 4202 4201
f 3991 4201 4192
f 3998 3991 4199
f 3998 4201 3991
f 4201 4202 4203
f 4200 4201 3997
f 4201 4204 3997
f 3998 4004 4201
f 4012 4201 4004
f 4012 4205 4202
f 4006 4205 4012
f 4205 4006 4005
f 4205 4203 4202
f 4005 4203 4205
f 4000 4206 4008
f 3997 4204 4206
f 4000 3997 4206
f 4206 4204 4207
f 4206 4207 4008
f 4201 4208 4204
f 4208 4201 4203
f 4014 4203 4005
f 4203 4014 4209
f 4208 4207 4204
f 4208 4203 4210
f 4008 4207 4015
f 4022 4209 4014
f 4203 4209 4210
f 4207 4208 4211
f 4208 4210 4211
f 4024 4015 4207
f 4211 4212 4207
f 4022 4037 4209
f 4036 4037 4022
f 4037 4210 4209
f 4042 4207 4212
f 4024 4207 4042
f 4042 4212 4043
f 4037 4044 4213
f 4055 4213 4044
f 4210 4037 4213
f 4213 4214 4210
f 4215 4212 4211
f 4212 4215 4043
f 4055 4056 4216
f 4216 4213 4055
f 4213 4216 4217
f 4214 4213 4217
f 4216 4056 4217
f 4214 4217 4216
f 4218 4211 4219
f 4217 4056 4216
f 4216 4220 4219
f 4056 4220 4216
f 4211 4210 4219
f 4214 4219 4210
f 4216 4219 4214
f 4219 4220 4221
f 4222 4060 4049
f 4049 4043 4215
f 4222 4049 4215
f 4222 4215 4211
f 4222 4211 4218
f 4064 4220 4056
f 4220 4064 4068
f 4078 4220 4068
f 4223 4222 4218
f 4223 4060 4222
f 4224 4061 4060
f 4224 4060 4223
f 4218 4221 4223
f 4220 4078 4225
f 4220 4225 4221
f 4221 4225 4223
f 4221 4218 4219
f 4070 4061 4224
f 4226 4070 4224
f 4226 4224 4223
f 4016 4072 4051
f 4072 4050 4051
f 4081 4225 4078
f 4225 4081 4083
f 4223 4227 4226
f 4090 4226 4227
f 4225 4083 4228
f 4228 4083 4097
f 4223 4225 4228
f 4227 4223 4228
f 4085 4070 4089
f 4090 4070 4226
f 4090 4089 4070
f 4227 4229 4090
f 4228 4230 4227
f 4230 4229 4227
f 4051 4050 4076
f 4076 4050 4092
f 4097 4100 4231
f 4231 4100 4232
f 4231 4232 4097
f 4228 4097 4230
f 4232 4230 4097
f 4100 4116 4232
f 4232 4116 4230
f 4102 4090 4229
f 4229 4230 4102
f 4103 4102 4229
f 4114 4108 4110
f 4050 4114 4092
f 4050 4108 4114
f 4229 4102 4123
f 4116 4118 4119
f 4116 4119 4102
f 4102 4119 4123
f 4102 4230 4116
f 4229 4123 4103
f 4137 4127 4145
f 4146 4139 4134
f 4233 4134 4234
f 4233 4127 4134
f 4127 4233 4145
f 4233 4235 4144
f 4145 4233 4144
f 4236 4134 4139
f 4233 4234 4235
f 4134 4236 4234
f 4147 4237 4139
f 4238 4147 4150
f 4238 4150 4239
f 4240 4139 4237
f 4238 4237 4147
f 4238 4239 4237
f 4239 4241 4237
f 4242 4240 4243
f 4243 4240 4237
f 4139 4240 4236
f 4240 4242 4236
f 4242 4234 4236
f 4244 4234 4242
f 4243 4244 4242
f 4245 4237 4241
f 4144 4149 4148
f 4235 4150 4144
f 4150 4149 4144
f 4239 4150 4241
f 4235 4234 4150
f 4150 4234 4244
f 4241 4150 4244
f 4246 4164 4163
f 3933 4247 4248
f 4248 4249 3933
f 3933 4249 4163
f 4249 4250 4163
f 4247 4251 4248
f 4163 4250 4246
f 4160 4252 4159
f 4161 4253 4160
f 4253 4252 4160
f 4247 3933 4159
f 4161 4254 4253
f 4159 4251 4247
f 4251 4159 4252
f 4164 4246 4165
f 4165 4255 4167
f 4168 4166 4167
f 4256 4168 4167
f 4246 4167 4165
f 4257 4167 4246
f 4255 4167 4257
f 4255 4165 4167
f 4257 4246 4250
f 4258 4255 4257
f 4255 4256 4167
f 4173 4170 3934
f 4170 4173 4161
f 4173 4254 4161
f 4173 4172 4259
f 4259 4172 4260
f 4168 4261 3941
f 3941 4261 4172
f 4256 4261 4168
f 4261 4256 4172
f 4260 4172 4256
f 4262 4259 4256
f 4243 4245 4244
f 4244 4245 4241
f 4243 4237 4245
f 4258 4257 4263
f 4263 4257 4250
f 4263 4250 4258
f 4249 4258 4250
f 4253 4254 4264
f 4265 4264 4254
f 4252 4253 4251
f 4262 4256 4255
f 4266 4255 4258
f 4259 4262 4255
f 4267 4173 4259
f 4265 4254 4173
f 4267 4265 4173
f 4259 4260 4256
f 4251 4249 4248
f 4249 4266 4258
f 4266 4249 4268
f 4253 4265 4251
f 4264 4265 4253
f 4251 4265 4249
f 4269 4255 4266
f 4268 4255 4269
f 4268 4269 4255
f 4269 4259 4255
f 4270 4259 4269
f 4271 4269 4268
f 4271 4270 4269
f 4269 4266 4268
f 4259 4270 4271
f 4268 4249 4265
f 4271 4265 4267
f 4267 4259 4271
f 4268 4265 4271
f 4272 4273 4274
f 4274 4275 4276
f 4274 4276 4275
f 4273 4277 4278
f 4273 4278 4274
f 4277 4279 4278
f 4278 4280 4274
f 4279 4280 4278
f 4281 4280 4279
f 4276 4274 4280
f 4273 4272 4282
f 4282 4272 4274
f 4277 4273 4272
f 4282 4272 4273
f 4283 4279 4277
f 4279 4284 4281
f 4285 4284 4279
f 4285 4286 4284
f 4280 4287 4276
f 4288 4279 4283
f 4274 4276 4289
f 4276 4275 4289
f 4274 4289 4282
f 4290 4289 4275
f 4275 4291 4290
f 4275 4292 4291
f 4293 4291 4292
f 4294 4286 4295
f 4276 4287 4275
f 4287 4280 4292
f 4287 4292 4275
f 4294 4292 4280
f 4281 4294 4280
f 4284 4294 4281
f 4294 4293 4292
f 4286 4294 4284
f 4296 4297 4282
f 4298 4272 4297
f 4298 4297 4296
f 4282 4299 4296
f 4282 4289 4299
f 4272 4282 4297
f 4290 4299 4289
f 4272 4298 4277
f 4293 4300 4301
f 4291 4301 4290
f 4301 4291 4293
f 4295 4293 4294
f 4302 4303 4304
f 4305 4296 4303
f 4299 4304 4296
f 4304 4303 4296
f 4290 4301 4299
f 4299 4301 4304
f 4306 4304 4301
f 4302 4304 4306
f 4288 4307 4279
f 4307 4285 4279
f 4298 4308 4277
f 4308 4283 4277
f 4283 4309 4310
f 4288 4283 4311
f 4312 4288 4311
f 4286 4285 4307
f 4288 4312 4307
f 4312 4313 4307
f 4307 4313 4286
f 4298 4296 4305
f 4314 4298 4305
f 4308 4298 4314
f 4314 4305 4315
f 4314 4316 4308
f 4308 4309 4283
f 4308 4316 4309
f 4317 4312 4311
f 4301 4300 4318
f 4301 4318 4306
f 4295 4318 4319
f 4313 4295 4286
f 4283 4310 4311
f 4320 4295 4313
f 4295 4320 4318
f 4317 4313 4312
f 4320 4313 4317
f 4293 4319 4300
f 4295 4319 4293
f 4305 4321 4315
f 4321 4322 4323
f 4323 4315 4321
f 4321 4305 4303
f 4303 4302 4321
f 4302 4322 4321
f 4324 4322 4302
f 4306 4324 4302
f 4322 4324 4321
f 4324 4306 4321
f 4321 4306 4318
f 4322 4321 4318
f 4300 4325 4318
f 4322 4318 4325
f 4318 4300 4319
f 4326 4325 4300
f 4318 4326 4300
f 4320 4327 4318
f 4327 4326 4318
f 4325 4326 4328
f 4322 4325 4328
f 4323 4322 4329
f 4322 4328 4329
f 4326 4327 4328
f 4327 4329 4328
f 4311 4310 4317
f 4309 4330 4310
f 4330 4331 4310
f 4310 4331 4317
f 4330 4309 4332
f 4331 4333 4317
f 4320 4317 4334
f 4317 4333 4334
f 4327 4335 4329
f 4336 4335 4327
f 4320 4336 4327
f 4336 4337 4335
f 4334 4336 4320
f 4334 4338 4336
f 4339 4340 4341
f 4340 4342 4341
f 4341 4343 4344
f 4339 4342 4340
f 4342 4343 4341
f 4345 4346 4339
f 4346 4342 4339
f 4347 4343 4342
f 4346 4348 4342
f 4346 4345 4348
f 4348 4349 4342
f 4347 4344 4343
f 4347 4350 4344
f 4347 4351 4350
f 4352 4353 4354
f 4355 4352 4354
f 4353 4356 4345
f 4353 4345 4339
f 4356 4352 4357
f 4353 4352 4356
f 4358 4359 4360
f 4354 4358 4361
f 4354 4361 4355
f 4362 4358 4354
f 4362 4341 4358
f 4358 4341 4363
f 4341 4344 4363
f 4363 4359 4358
f 4339 4341 4362
f 4353 4362 4354
f 4339 4362 4353
f 4363 4344 4359
f 4364 4344 4365
f 4359 4344 4364
f 4350 4366 4344
f 4344 4366 4365
f 4351 4366 4350
f 4367 4364 4365
f 4352 4355 4368
f 4355 4369 4368
f 4369 4370 4368
f 4371 4370 4369
f 4352 4368 4372
f 4370 4372 4368
f 4352 4372 4357
f 4373 4357 4372
f 4372 4374 4373
f 4372 4370 4374
f 4358 4375 4361
f 4358 4360 4375
f 4360 4359 4375
f 4359 4376 4375
f 4361 4377 4369
f 4375 4376 4361
f 4377 4361 4376
f 4355 4361 4369
f 4378 4377 4376
f 4369 4377 4379
f 4378 4379 4377
f 4359 4380 4376
f 4380 4381 4376
f 4381 4380 4376
f 4380 4378 4376
f 4364 4381 4380
f 4359 4364 4380
f 4380 4381 4382
f 4380 4382 4378
f 4381 4364 4367
f 4367 4383 4381
f 4371 4384 4370
f 4385 4370 4384
f 4371 4369 4379
f 4379 4386 4371
f 4387 4386 4379
f 4385 4384 4371
f 4388 4385 4371
f 4386 4388 4371
f 4388 4386 4389
f 4378 4382 4379
f 4379 4382 4387
f 4382 4381 4383
f 4390 4382 4383
f 4391 4392 4393
f 4345 4394 4395
f 4348 4345 4395
f 4394 4345 4356
f 4394 4356 4396
f 4348 4395 4393
f 4393 4395 4397
f 4397 4395 4394
f 4393 4397 4398
f 4393 4398 4391
f 4399 4342 4349
f 4399 4347 4342
f 4348 4393 4349
f 4399 4349 4400
f 4400 4399 4401
f 4399 4400 4401
f 4349 4393 4392
f 4392 4400 4349
f 4392 4401 4400
f 4402 4400 4401
f 4351 4347 4399
f 4399 4400 4403
f 4403 4351 4399
f 4400 4402 4403
f 4404 4351 4403
f 4405 4406 4396
f 4405 4407 4406
f 4408 4407 4405
f 4409 4408 4405
f 4396 4356 4357
f 4396 4357 4405
f 4406 4394 4396
f 4404 4365 4366
f 4367 4365 4404
f 4404 4410 4367
f 4366 4351 4404
f 4374 4409 4373
f 4374 4411 4409
f 4412 4409 4411
f 4405 4357 4373
f 4405 4373 4409
f 4383 4367 4410
f 4410 4413 4383
f 4390 4383 4414
f 4413 4414 4383
f 4410 4415 4413
f 4416 4413 4415
f 4417 4416 4415
f 4374 4370 4385
f 4418 4374 4385
f 4374 4418 4419
f 4420 4418 4385
f 4420 4385 4388
f 4411 4374 4419
f 4411 4419 4421
f 4421 4419 4418
f 4418 4420 4421
f 4386 4387 4422
f 4388 4389 4422
f 4389 4386 4422
f 4422 4423 4424
f 4424 4425 4422
f 4426 4387 4382
f 4390 4426 4382
f 4426 4423 4387
f 4387 4423 4422
f 4426 4390 4424
f 4423 4426 4424
f 4424 4390 4414
f 4416 4414 4413
f 4414 4416 4427
f 4427 4424 4414
f 4417 4427 4416
f 4424 4428 4425
f 4429 4421 4420
f 4430 4429 4420
f 4420 4388 4422
f 4420 4422 4431
f 4425 4431 4422
f 4420 4431 4432
f 4391 4398 4433
f 4434 4433 4435
f 4391 4436 4392
f 4437 4436 4391
f 4397 4438 4398
f 4397 4394 4438
f 4438 4394 4439
f 4394 4406 4439
f 4398 4438 4433
f 4438 4439 4433
f 4407 4439 4406
f 4433 4439 4440
f 4436 4401 4392
f 4402 4401 4436
f 4402 4441 4403
f 4442 4402 4436
f 4402 4442 4441
f 4436 4443 4442
f 4441 4442 4444
f 4403 4441 4444
f 4444 4404 4403
f 4443 4445 4442
f 4444 4442 4445
f 4446 4412 4411
f 4411 4447 4446
f 4448 4415 4410
f 4447 4411 4421
f 4449 4421 4429
f 4430 4450 4429
f 4429 4450 4449
f 4421 4451 4447
f 4451 4421 4449
f 4452 4425 4428
f 4428 4424 4453
f 4453 4452 4428
f 4430 4420 4432
f 4430 4432 4454
f 4450 4430 4455
f 4430 4454 4455
f 4452 4431 4425
f 4454 4432 4431
f 4454 4431 4456
f 4431 4452 4456
f 4455 4454 4456
f 4456 4452 4457
f 4458 4433 4434
f 4391 4433 4437
f 4435 4440 4459
f 4445 4443 4460
f 4461 4443 4436
f 4462 4461 4436
f 4462 4436 4437
f 4460 4443 4461
f 4459 4463 4464
f 4407 4464 4463
f 4465 4464 4407
f 4465 4407 4466
f 4435 4433 4440
f 4407 4440 4439
f 4463 4440 4407
f 4459 4440 4463
f 4467 4404 4444
f 4468 4444 4445
f 4468 4467 4444
f 4469 4468 4445
f 4408 4466 4407
f 4408 4409 4470
f 4471 4466 4408
f 4471 4408 4470
f 4465 4466 4471
f 4471 4470 4472
f 4470 4409 4412
f 4470 4412 4446
f 4473 4470 4446
f 4446 4474 4473
f 4473 4475 4476
f 4474 4446 4447
f 4451 4474 4447
f 4474 4475 4473
f 4451 4450 4477
f 4449 4450 4451
f 4474 4477 4475
f 4451 4477 4474
f 4477 4450 4478
f 4479 4478 4450
f 4450 4480 4479
f 4481 4457 4452
f 4482 4457 4481
f 4483 4457 4482
f 4427 4453 4424
f 4481 4452 4453
f 4482 4481 4453
f 4453 4484 4482
f 4480 4450 4455
f 4485 4455 4456
f 4485 4456 4457
f 4485 4480 4455
f 4480 4485 4457
f 4486 4487 4488
f 4489 4490 4491
f 4492 4489 4491
f 4493 4489 4492
f 4492 4491 4494
f 4495 4496 4497
f 4498 4499 4497
f 4495 4497 4499
f 4499 4496 4495
f 4498 4500 4499
f 4490 4489 4498
f 4497 4490 4498
f 4500 4498 4489
f 4489 4488 4500
f 4486 4488 4489
f 4501 4502 4499
f 4499 4502 4496
f 4496 4502 4503
f 4500 4504 4501
f 4501 4499 4500
f 4501 4505 4502
f 4504 4500 4488
f 4505 4501 4504
f 4506 4504 4488
f 4507 4505 4504
f 4508 4490 4497
f 4508 4509 4490
f 4509 4491 4490
f 4491 4490 4497
f 4491 4497 4490
f 4509 4508 4510
f 4510 4511 4509
f 4508 4512 4510
f 4494 4491 4509
f 4513 4494 4509
f 4511 4513 4509
f 4513 4511 4510
f 4497 4496 4508
f 4508 4496 4514
f 4496 4503 4514
f 4503 4515 4514
f 4508 4514 4516
f 4508 4516 4512
f 4515 4503 4517
f 4517 4518 4515
f 4502 4505 4503
f 4505 4517 4503
f 4517 4505 4519
f 4520 4517 4519
f 4518 4517 4520
f 4521 4518 4520
f 4522 4523 4510
f 4522 4510 4512
f 4512 4524 4522
f 4523 4522 4525
f 4524 4525 4522
f 4526 4516 4514
f 4514 4527 4526
f 4512 4516 4524
f 4516 4526 4524
f 4528 4524 4526
f 4527 4528 4526
f 4529 4524 4528
f 4515 4527 4514
f 4515 4518 4527
f 4518 4530 4527
f 4527 4530 4528
f 4528 4530 4529
f 4530 4531 4529
f 4532 4533 4530
f 4529 4531 4533
f 4531 4530 4533
f 4521 4532 4518
f 4532 4530 4518
f 4525 4524 4534
f 4534 4524 4535
f 4536 4535 4524
f 4529 4536 4524
f 4537 4535 4536
f 4538 4539 4540
f 4540 4541 4542
f 4542 4538 4540
f 4542 4543 4538
f 4544 4545 4546
f 4547 4539 4538
f 4543 4547 4538
f 4545 4547 4543
f 4544 4547 4545
f 4543 4542 4548
f 4549 4550 4546
f 4546 4545 4549
f 4551 4552 4553
f 4545 4543 4554
f 4554 4543 4555
f 4556 4555 4557
f 4549 4545 4558
f 4545 4559 4558
f 4545 4554 4559
f 4554 4556 4559
f 4559 4556 4560
f 4561 4550 4549
f 4558 4561 4549
f 4554 4555 4556
f 4562 4554 4556
f 4556 4554 4562
f 4562 4556 4563
f 4556 4557 4564
f 4558 4559 4565
f 4558 4565 4566
f 4561 4558 4566
f 4561 4566 4567
f 4561 4567 4566
f 4561 4566 4550
f 4568 4550 4566
f 4550 4568 4552
f 4559 4560 4565
f 4560 4569 4565
f 4560 4570 4435
f 4565 4569 4566
f 4560 4435 4569
f 4556 4562 4560
f 4562 4570 4560
f 4563 4570 4562
f 4563 4458 4570
f 4570 4571 4435
f 4571 4458 4434
f 4571 4434 4435
f 4572 4437 4458
f 4570 4458 4571
f 4460 4462 4573
f 4574 4575 4566
f 4566 4575 4568
f 4575 4576 4568
f 4574 4567 4459
f 4459 4464 4574
f 4566 4569 4567
f 4459 4567 4569
f 4566 4567 4574
f 4458 4437 4433
f 4569 4435 4459
f 4462 4460 4461
f 4460 4469 4445
f 4577 4460 4573
f 4460 4577 4469
f 4578 4464 4465
f 4464 4575 4574
f 4464 4578 4575
f 4576 4575 4578
f 4468 4469 4579
f 4468 4579 4467
f 4580 4404 4467
f 4581 4467 4579
f 4577 4579 4469
f 4471 4578 4465
f 4471 4472 4582
f 4582 4583 4471
f 4578 4471 4583
f 4583 4582 4584
f 4585 4586 4582
f 4582 4472 4470
f 4470 4473 4585
f 4476 4585 4473
f 4585 4582 4470
f 4585 4476 4587
f 4476 4588 4587
f 4417 4415 4448
f 4589 4427 4417
f 4590 4417 4448
f 4475 4588 4476
f 4588 4475 4478
f 4588 4478 4591
f 4475 4477 4478
f 4479 4480 4592
f 4591 4478 4479
f 4483 4482 4484
f 4484 4593 4483
f 4594 4593 4484
f 4595 4592 4483
f 4427 4484 4453
f 4427 4589 4484
f 4484 4589 4596
f 4594 4484 4596
f 4592 4457 4483
f 4480 4457 4592
f 4487 4493 4597
f 4598 4506 4599
f 4492 4494 4600
f 4494 4601 4600
f 4493 4492 4597
f 4600 4597 4492
f 4486 4489 4487
f 4487 4489 4493
f 4504 4506 4507
f 4602 4507 4506
f 4505 4507 4602
f 4603 4505 4602
f 4603 4604 4505
f 4605 4604 4603
f 4598 4602 4506
f 4598 4603 4602
f 4606 4603 4598
f 4607 4608 4609
f 4510 4610 4513
f 4610 4611 4513
f 4607 4494 4513
f 4607 4513 4611
f 4601 4494 4609
f 4609 4494 4607
f 4611 4612 4607
f 4520 4519 4613
f 4521 4520 4613
f 4604 4519 4505
f 4613 4519 4604
f 4605 4614 4604
f 4614 4613 4604
f 4613 4615 4521
f 4615 4613 4614
f 4510 4523 4610
f 4610 4523 4611
f 4523 4525 4534
f 4616 4523 4534
f 4611 4523 4616
f 4617 4532 4521
f 4617 4533 4532
f 4533 4617 4618
f 4619 4617 4521
f 4617 4619 4620
f 4620 4618 4617
f 4619 4521 4615
f 4616 4534 4621
f 4534 4535 4537
f 4529 4533 4536
f 4536 4533 4622
f 4537 4536 4622
f 4537 4622 4623
f 4534 4537 4621
f 4621 4537 4624
f 4624 4537 4623
f 4623 4622 4533
f 4623 4533 4625
f 4533 4620 4625
f 4533 4618 4620
f 4623 4625 4626
f 4627 4542 4541
f 4542 4627 4628
f 4629 4630 4627
f 4631 4630 4629
f 4632 4633 4634
f 4635 4628 4627
f 4630 4635 4627
f 4634 4633 4636
f 4634 4636 4631
f 4542 4628 4635
f 4542 4635 4548
f 4637 4551 4553
f 4638 4551 4637
f 4637 4639 4638
f 4553 4639 4637
f 4640 4639 4641
f 4640 4642 4643
f 4642 4640 4641
f 4555 4543 4548
f 4557 4555 4548
f 4644 4645 4635
f 4557 4548 4645
f 4548 4635 4645
f 4553 4646 4639
f 4647 4646 4553
f 4648 4647 4553
f 4641 4639 4646
f 4647 4649 4646
f 4556 4564 4563
f 4564 4557 4650
f 4650 4563 4564
f 4563 4650 4651
f 4650 4557 4645
f 4651 4650 4645
f 4645 4652 4651
f 4572 4653 4437
f 4654 4462 4655
f 4568 4656 4553
f 4648 4553 4656
f 4647 4657 4649
f 4648 4657 4647
f 4553 4552 4568
f 4656 4657 4648
f 4658 4657 4656
f 4651 4458 4563
f 4462 4654 4573
f 4437 4653 4462
f 4462 4653 4655
f 4577 4573 4659
f 4654 4660 4573
f 4659 4661 4577
f 4661 4662 4577
f 4663 4568 4576
f 4656 4568 4663
f 4656 4663 4664
f 4664 4658 4656
f 4664 4665 4658
f 4666 4665 4664
f 4667 4577 4668
f 4669 4581 4667
f 4577 4662 4668
f 4668 4662 4667
f 4669 4667 4662
f 4580 4581 4669
f 4670 4671 4672
f 4673 4664 4663
f 4576 4673 4663
f 4576 4671 4673
f 4664 4673 4666
f 4666 4673 4674
f 4666 4674 4675
f 4667 4579 4577
f 4581 4579 4667
f 4580 4467 4581
f 4676 4404 4580
f 4677 4670 4672
f 4586 4672 4582
f 4584 4582 4672
f 4576 4583 4584
f 4584 4671 4576
f 4672 4586 4677
f 4671 4584 4672
f 4576 4578 4583
f 4678 4590 4448
f 4679 4678 4448
f 4587 4586 4585
f 4586 4587 4680
f 4587 4588 4680
f 4680 4681 4586
f 4589 4682 4596
f 4682 4683 4596
f 4678 4417 4590
f 4684 4417 4678
f 4417 4684 4685
f 4589 4685 4682
f 4417 4685 4589
f 4685 4684 4682
f 4682 4684 4686
f 4683 4682 4686
f 4687 4588 4591
f 4591 4479 4592
f 4688 4592 4689
f 4592 4688 4690
f 4690 4688 4689
f 4689 4691 4692
f 4689 4592 4595
f 4593 4595 4483
f 4693 4595 4593
f 4595 4694 4689
f 4694 4595 4693
f 4594 4695 4593
f 4593 4695 4693
f 4691 4689 4694
f 4596 4683 4594
f 4683 4695 4594
f 4487 4597 4696
f 4600 4697 4698
f 4698 4597 4600
f 4488 4487 4696
f 4699 4601 4700
f 4600 4601 4699
f 4697 4600 4699
f 4701 4603 4606
f 4701 4605 4603
f 4599 4606 4598
f 4702 4605 4701
f 4702 4614 4605
f 4599 4703 4606
f 4701 4606 4702
f 4704 4614 4702
f 4606 4703 4702
f 4601 4609 4700
f 4700 4609 4608
f 4608 4607 4612
f 4705 4608 4612
f 4706 4614 4704
f 4706 4615 4614
f 4706 4707 4615
f 4611 4708 4612
f 4708 4709 4612
f 4710 4711 4708
f 4707 4619 4615
f 4712 4713 4619
f 4713 4620 4619
f 4712 4619 4714
f 4715 4712 4714
f 4713 4712 4715
f 4716 4714 4619
f 4716 4619 4707
f 4717 4716 4707
f 4718 4714 4716
f 4717 4707 4719
f 4720 4715 4714
f 4721 4708 4616
f 4721 4616 4621
f 4708 4611 4616
f 4721 4710 4708
f 4621 4624 4721
f 4624 4623 4626
f 4624 4722 4721
f 4722 4624 4723
f 4620 4724 4625
f 4625 4724 4626
f 4715 4620 4713
f 4715 4724 4620
f 4725 4726 4727
f 4728 4729 4725
f 4728 4730 4729
f 4636 4633 4731
f 4732 4631 4636
f 4636 4731 4732
f 4731 4633 4643
f 4643 4642 4731
f 4731 4733 4732
f 4642 4734 4731
f 4641 4734 4642
f 4733 4731 4734
f 4635 4630 4644
f 4735 4631 4732
f 4735 4630 4631
f 4736 4644 4630
f 4735 4732 4733
f 4630 4735 4736
f 4641 4646 4649
f 4641 4649 4734
f 4649 4737 4734
f 4734 4737 4733
f 4733 4736 4735
f 4733 4738 4736
f 4739 4740 4736
f 4733 4737 4738
f 4736 4738 4739
f 4644 4741 4645
f 4644 4736 4742
f 4743 4572 4458
f 4743 4458 4651
f 4743 4651 4744
f 4653 4745 4655
f 4745 4654 4655
f 4572 4746 4653
f 4745 4660 4654
f 4659 4747 4748
f 4657 4658 4665
f 4749 4649 4657
f 4657 4665 4749
f 4749 4665 4750
f 4649 4749 4737
f 4737 4749 4750
f 4665 4751 4750
f 4750 4738 4737
f 4738 4750 4752
f 4750 4751 4752
f 4742 4736 4740
f 4739 4738 4752
f 4740 4739 4752
f 4740 4752 4742
f 4741 4652 4645
f 4753 4652 4741
f 4744 4651 4652
f 4741 4644 4742
f 4753 4744 4652
f 4753 4741 4742
f 4744 4753 4754
f 4755 4753 4742
f 4747 4573 4660
f 4659 4573 4747
f 4659 4748 4661
f 4756 4669 4661
f 4757 4661 4748
f 4669 4756 4758
f 4665 4666 4751
f 4666 4759 4751
f 4751 4759 4760
f 4760 4759 4761
f 4752 4751 4760
f 4752 4760 4742
f 4742 4760 4755
f 4755 4760 4762
f 4760 4763 4762
f 4762 4763 4764
f 4761 4765 4763
f 4765 4764 4763
f 4669 4662 4661
f 4766 4580 4669
f 4758 4766 4669
f 4767 4580 4766
f 4768 4769 4770
f 4770 4769 4771
f 4771 4772 4770
f 4771 4769 4773
f 4670 4773 4774
f 4774 4775 4776
f 4777 4775 4774
f 4777 4774 4769
f 4769 4774 4773
f 4775 4778 4779
f 4671 4780 4673
f 4673 4780 4674
f 4780 4671 4776
f 4671 4670 4774
f 4776 4671 4774
f 4780 4776 4775
f 4775 4674 4780
f 4775 4779 4674
f 4781 4759 4779
f 4666 4675 4759
f 4759 4675 4674
f 4674 4779 4759
f 4782 4765 4761
f 4763 4760 4761
f 4676 4580 4767
f 4410 4404 4676
f 4783 4448 4410
f 4679 4448 4783
f 4771 4784 4772
f 4785 4772 4784
f 4786 4771 4773
f 4784 4786 4787
f 4771 4786 4784
f 4788 4787 4681
f 4670 4677 4773
f 4677 4789 4786
f 4786 4773 4677
f 4786 4789 4787
f 4789 4681 4787
f 4678 4679 4790
f 4790 4684 4678
f 4791 4790 4679
f 4792 4793 4684
f 4793 4792 4794
f 4792 4684 4790
f 4795 4787 4788
f 4677 4586 4789
f 4586 4681 4789
f 4681 4680 4796
f 4788 4681 4796
f 4797 4788 4796
f 4796 4680 4588
f 4798 4799 4800
f 4683 4686 4798
f 4684 4801 4686
f 4686 4801 4798
f 4794 4801 4684
f 4794 4684 4793
f 4588 4687 4796
f 4796 4687 4797
f 4591 4592 4687
f 4592 4802 4687
f 4802 4592 4690
f 4802 4690 4803
f 4691 4804 4692
f 4690 4689 4692
f 4691 4805 4804
f 4800 4805 4691
f 4692 4805 4803
f 4805 4692 4804
f 4803 4690 4692
f 4805 4804 4806
f 4807 4805 4800
f 4798 4695 4683
f 4798 4800 4695
f 4800 4693 4695
f 4691 4693 4800
f 4693 4691 4694
f 4807 4800 4799
f 4808 4809 4810
f 4597 4698 4696
f 4808 4698 4697
f 4698 4811 4696
f 4808 4810 4811
f 4811 4698 4808
f 4696 4811 4812
f 4599 4506 4813
f 4506 4488 4814
f 4488 4696 4814
f 4815 4816 4814
f 4814 4816 4506
f 4813 4506 4816
f 4817 4814 4696
f 4816 4815 4813
f 4703 4599 4818
f 4809 4699 4700
f 4809 4700 4608
f 4819 4809 4608
f 4810 4809 4820
f 4811 4810 4820
f 4820 4809 4819
f 4808 4697 4809
f 4809 4697 4699
f 4702 4703 4821
f 4821 4822 4702
f 4704 4702 4822
f 4705 4823 4608
f 4705 4824 4823
f 4819 4608 4823
f 4825 4819 4823
f 4825 4823 4824
f 4719 4707 4706
f 4704 4719 4706
f 4704 4826 4719
f 4826 4717 4719
f 4827 4826 4704
f 4826 4827 4828
f 4828 4717 4826
f 4829 4717 4828
f 4830 4705 4612
f 4612 4709 4830
f 4824 4705 4830
f 4711 4831 4708
f 4708 4831 4709
f 4832 4718 4716
f 4718 4720 4714
f 4717 4832 4716
f 4718 4833 4720
f 4829 4832 4717
f 4718 4832 4834
f 4834 4835 4718
f 4836 4711 4710
f 4723 4624 4626
f 4710 4721 4722
f 4715 4837 4724
f 4626 4724 4838
f 4838 4724 4837
f 4837 4839 4838
f 4723 4626 4838
f 4715 4720 4837
f 4835 4833 4718
f 4840 4720 4833
f 4841 4842 4843
f 4841 4844 4842
f 4845 4841 4846
f 4845 4844 4841
f 4846 4841 4845
f 4841 4847 4848
f 4845 4841 4848
f 4848 4849 4845
f 4847 4841 4850
f 4848 4847 4849
f 4851 4849 4847
f 4851 4847 4852
f 4842 4844 4853
f 4844 4854 4853
f 4854 4844 4845
f 4855 4854 4845
f 4855 4856 4854
f 4841 4857 4850
f 4841 4843 4857
f 4857 4843 4850
f 4843 4857 4850
f 4843 4858 4857
f 4842 4858 4843
f 4850 4857 4858
f 4850 4858 4859
f 4860 4850 4859
f 4859 4858 4861
f 4860 4859 4862
f 4852 4850 4860
f 4863 4852 4860
f 4862 4863 4860
f 4847 4850 4852
f 4864 4863 4862
f 4863 4864 4852
f 4862 4865 4864
f 4853 4858 4842
f 4853 4861 4858
f 4859 4861 4866
f 4862 4859 4865
f 4865 4859 4867
f 4853 4868 4861
f 4854 4856 4853
f 4856 4868 4853
f 4861 4868 4866
f 4869 4867 4859
f 4869 4859 4866
f 4865 4867 4870
f 4867 4869 4870
f 4871 4872 4873
f 4726 4871 4873
f 4726 4873 4727
f 4872 4871 4874
f 4727 4875 4725
f 4728 4875 4876
f 4875 4728 4725
f 4877 4878 4879
f 4880 4878 4877
f 4726 4725 4729
f 4881 4726 4729
f 4881 4729 4882
f 4729 4730 4882
f 4726 4874 4871
f 4883 4874 4726
f 4883 4726 4881
f 4882 4884 4881
f 4881 4885 4883
f 4881 4884 4885
f 4886 4878 4728
f 4730 4728 4887
f 4728 4878 4887
f 4880 4887 4878
f 4888 4880 4889
f 4730 4887 4888
f 4888 4882 4730
f 4880 4888 4887
f 4653 4746 4745
f 4745 4746 4890
f 4746 4891 4890
f 4746 4892 4891
f 4660 4745 4893
f 4893 4747 4660
f 4743 4894 4746
f 4746 4572 4743
f 4894 4743 4744
f 4895 4754 4753
f 4896 4754 4895
f 4744 4754 4897
f 4894 4744 4897
f 4898 4896 4895
f 4898 4895 4753
f 4755 4898 4753
f 4755 4899 4898
f 4755 4762 4899
f 4756 4661 4757
f 4900 4756 4757
f 4900 4758 4756
f 4901 4900 4902
f 4901 4758 4900
f 4903 4904 4905
f 4903 4768 4770
f 4768 4903 4905
f 4905 4769 4768
f 4905 4906 4777
f 4777 4769 4905
f 4905 4904 4906
f 4906 4778 4777
f 4907 4906 4904
f 4778 4906 4907
f 4778 4907 4781
f 4775 4777 4778
f 4781 4779 4778
f 4781 4908 4759
f 4762 4909 4899
f 4764 4909 4762
f 4910 4909 4764
f 4765 4910 4764
f 4911 4909 4910
f 4912 4913 4765
f 4914 4915 4916
f 4914 4917 4915
f 4758 4918 4766
f 4919 4767 4766
f 4919 4766 4918
f 4918 4758 4915
f 4915 4919 4918
f 4758 4901 4915
f 4919 4915 4917
f 4901 4916 4915
f 4767 4919 4917
f 4908 4761 4759
f 4920 4765 4782
f 4765 4761 4920
f 4761 4765 4920
f 4908 4782 4761
f 4921 4920 4782
f 4920 4922 4765
f 4923 4765 4924
f 4924 4765 4922
f 4921 4922 4920
f 4908 4921 4782
f 4921 4924 4922
f 4925 4924 4926
f 4761 4913 4765
f 4765 4913 4761
f 4784 4795 4785
f 4784 4787 4795
f 4791 4679 4783
f 4792 4790 4791
f 4927 4928 4797
f 4795 4788 4928
f 4928 4788 4797
f 4927 4797 4929
f 4806 4930 4931
f 4930 4806 4807
f 4807 4932 4933
f 4807 4933 4930
f 4934 4930 4933
f 4935 4930 4934
f 4807 4799 4932
f 4936 4937 4798
f 4798 4937 4799
f 4932 4799 4938
f 4799 4937 4938
f 4801 4936 4798
f 4939 4940 4941
f 4929 4797 4687
f 4941 4929 4687
f 4941 4687 4939
f 4939 4687 4802
f 4939 4802 4942
f 4942 4943 4939
f 4940 4939 4943
f 4803 4805 4944
f 4803 4944 4802
f 4805 4806 4945
f 4805 4945 4944
f 4945 4806 4946
f 4944 4946 4942
f 4945 4946 4944
f 4942 4802 4944
f 4804 4805 4806
f 4805 4807 4806
f 4812 4817 4696
f 4811 4947 4812
f 4948 4817 4812
f 4812 4949 4948
f 4950 4948 4949
f 4812 4947 4949
f 4818 4813 4815
f 4599 4813 4818
f 4951 4822 4821
f 4951 4821 4818
f 4947 4811 4820
f 4952 4820 4819
f 4952 4947 4820
f 4953 4952 4819
f 4954 4952 4955
f 4955 4952 4953
f 4821 4703 4818
f 4822 4956 4704
f 4957 4956 4822
f 4825 4953 4819
f 4953 4825 4958
f 4959 4953 4958
f 4960 4958 4824
f 4824 4958 4825
f 4959 4958 4960
f 4704 4956 4961
f 4956 4962 4961
f 4961 4827 4704
f 4962 4827 4961
f 4709 4824 4830
f 4831 4963 4709
f 4829 4834 4832
f 4828 4834 4829
f 4964 4834 4828
f 4965 4836 4710
f 4963 4831 4711
f 4711 4836 4963
f 4966 4709 4963
f 4963 4836 4966
f 4723 4838 4967
f 4965 4710 4722
f 4968 4965 4722
f 4839 4967 4838
f 4840 4839 4837
f 4723 4967 4969
f 4969 4967 4839
f 4969 4839 4970
f 4839 4840 4970
f 4840 4971 4970
f 4840 4837 4720
f 4835 4840 4833
f 4840 4835 4971
f 4722 4723 4972
f 4973 4722 4972
f 4969 4972 4723
f 4974 4851 4975
f 4975 4851 4852
f 4974 4976 4851
f 4977 4976 4974
f 4978 4979 4849
f 4979 4978 4980
f 4849 4980 4978
f 4851 4980 4849
f 4851 4976 4980
f 4976 4981 4980
f 4980 4981 4979
f 4981 4976 4982
f 4976 4977 4983
f 4982 4976 4983
f 4849 4979 4845
f 4979 4855 4845
f 4984 4852 4864
f 4864 4865 4985
f 4984 4975 4852
f 4985 4984 4864
f 4986 4984 4985
f 4975 4984 4987
f 4987 4984 4986
f 4974 4975 4987
f 4983 4977 4987
f 4977 4974 4987
f 4987 4986 4988
f 4987 4988 4983
f 4985 4865 4870
f 4985 4870 4989
f 4989 4986 4985
f 4982 4983 4990
f 4991 4986 4989
f 4855 4992 4856
f 4868 4993 4866
f 4856 4994 4868
f 4856 4992 4994
f 4868 4994 4993
f 4995 4855 4979
f 4992 4855 4995
f 4992 4996 4994
f 4996 4997 4994
f 4994 4997 4993
f 4996 4992 4995
f 4997 4998 4993
f 4865 4870 4999
f 5000 4999 4870
f 4870 4865 4999
f 4989 4870 4999
f 4991 4989 4999
f 5001 4991 4999
f 5000 4870 4869
f 4869 5002 5000
f 4999 5000 5003
f 4998 5004 4993
f 4993 5004 4866
f 5004 4869 4866
f 5002 4869 5004
f 5005 5006 5007
f 4875 5008 4876
f 4874 5009 5005
f 4874 5007 4727
f 4874 5005 5007
f 5010 4874 4883
f 4727 5007 4875
f 5011 4876 5012
f 5012 5013 5011
f 5013 5014 4878
f 5013 5012 5015
f 5013 5015 5014
f 5015 5016 5014
f 5016 4877 5014
f 4873 4874 4727
f 4873 4872 4874
f 4876 4886 4728
f 4886 4876 5011
f 5011 4878 4886
f 5011 5013 4878
f 5014 4879 4878
f 5014 4877 4879
f 5017 4880 4877
f 4888 4889 5018
f 5019 4884 4888
f 5018 5020 5019
f 4884 5019 5020
f 4888 5018 5019
f 4888 4884 4882
f 5021 5022 4897
f 4892 5023 4891
f 5024 4892 5022
f 4892 5024 5023
f 5025 5023 5024
f 5025 5024 5022
f 4890 5026 4893
f 5026 4890 5023
f 5022 4746 4894
f 4894 4897 5022
f 4896 4897 4754
f 4890 4891 5023
f 5022 4892 4746
f 4890 4893 4745
f 4748 4747 5027
f 4748 5027 5028
f 5027 4747 5029
f 4747 4893 5029
f 4898 5030 4896
f 5028 4757 4748
f 4757 5028 5031
f 4900 4757 5031
f 5032 4900 5031
f 5032 4902 4900
f 5033 5034 5028
f 5032 5031 5034
f 5034 5031 5028
f 5035 4902 5032
f 5036 5037 5038
f 4899 4909 4911
f 4911 5039 5040
f 5041 4911 5040
f 4901 5042 5041
f 5041 5042 4901
f 4899 4911 5043
f 5043 4911 5041
f 5044 4901 5041
f 5045 5044 5041
f 5045 5041 5044
f 5045 4901 5044
f 5041 5040 5039
f 5041 5039 5045
f 5041 5044 5046
f 5044 5041 5045
f 4902 5044 4901
f 5044 5041 4901
f 4917 4901 5044
f 5035 5047 4902
f 5047 5044 4902
f 4907 5038 4781
f 5038 5037 4908
f 5038 4908 4781
f 4908 5037 5048
f 5049 5048 5037
f 5049 5050 5048
f 4765 4913 5051
f 5051 4910 4765
f 4916 5052 4914
f 5052 4917 4914
f 5052 4916 5042
f 4916 4901 5042
f 4676 4767 5053
f 5042 4901 5052
f 4917 5052 4901
f 4767 4917 5053
f 4783 4676 5054
f 4676 5053 5054
f 5055 5054 5053
f 4908 5048 4921
f 5050 5056 5048
f 5057 5050 5049
f 5057 5058 5050
f 5058 5056 5050
f 5059 4921 5056
f 4924 4921 5059
f 5060 4923 4924
f 5060 4924 4925
f 5048 5056 4921
f 5061 4925 5062
f 5060 4925 5061
f 5059 5062 4924
f 5059 5063 5062
f 4926 5062 4925
f 5064 5061 5062
f 4676 4783 4410
f 5065 4791 4783
f 5066 5067 5068
f 5069 5062 5070
f 4924 5062 4926
f 5070 5071 4934
f 5062 5063 5070
f 5070 5063 5072
f 5070 5066 5071
f 5072 5063 5073
f 5072 5066 5070
f 5063 5059 5073
f 5072 5073 5067
f 5067 5066 5072
f 5069 4926 5062
f 4926 5069 5074
f 4934 5069 5070
f 4934 5074 5069
f 5074 5062 4926
f 5074 5064 5062
f 5074 4934 5075
f 5075 4934 4933
f 5076 4932 4938
f 5064 5074 5075
f 4932 5075 4933
f 4938 5077 5076
f 4801 5078 4936
f 4801 5079 5078
f 4936 5078 4937
f 5080 4927 5081
f 5082 5080 5081
f 5083 5080 5082
f 4927 4929 5081
f 5084 5081 4929
f 5081 5084 5085
f 4929 4941 4940
f 4929 4940 5084
f 5084 4940 5086
f 5084 5087 5085
f 5088 5087 5084
f 5086 5088 5084
f 4946 5089 4943
f 5090 5089 4946
f 5089 5090 5071
f 4943 5089 5086
f 5066 5089 5071
f 5088 5086 5089
f 5091 5089 5092
f 5088 5089 5091
f 4931 4946 4806
f 4935 5071 4930
f 5071 4931 4930
f 4935 4934 5071
f 5071 4946 4931
f 4946 5071 5090
f 5077 4938 4937
f 5086 4940 4943
f 4943 4942 4946
f 4948 4950 5093
f 5094 4948 5093
f 4948 4814 4817
f 4814 5095 4815
f 5096 5095 4814
f 4814 4948 5096
f 5096 5097 5095
f 5096 4948 5097
f 5098 5095 5097
f 4952 4954 4947
f 4947 4950 4949
f 5099 4947 4954
f 5099 4954 5100
f 4947 5101 4950
f 5099 5101 4947
f 5095 5098 4815
f 4815 5102 4818
f 4951 4818 5102
f 5103 4951 5102
f 5098 5102 4815
f 5103 5102 5098
f 5103 5104 4951
f 5103 5105 5106
f 5103 5106 5104
f 5105 5103 5098
f 5107 4953 5108
f 4954 4955 5100
f 5109 4955 4953
f 5109 4953 5107
f 5110 4956 4957
f 4822 4951 4957
f 4957 4951 5104
f 4957 5111 5110
f 5112 4957 5104
f 5112 5111 4957
f 5113 5110 5111
f 4959 5108 4953
f 4956 5110 5114
f 5115 5114 5110
f 4962 4828 4827
f 4956 5114 4962
f 4962 5114 5116
f 5116 5117 4962
f 5115 5116 5114
f 5118 4824 4709
f 4824 5118 5119
f 5120 4709 4966
f 5118 4709 5120
f 5120 5119 5118
f 5120 5121 5119
f 4966 5121 5120
f 4966 5122 5121
f 4962 5117 4828
f 5117 5123 4828
f 5124 4836 4965
f 4966 4836 5125
f 4836 5124 5125
f 4971 5126 4970
f 4835 4834 4964
f 5127 4835 4964
f 5126 4971 4835
f 5127 5126 4835
f 5127 4964 5128
f 4722 4973 4968
f 5124 4965 4968
f 5129 4968 4973
f 5129 5124 4968
f 5129 4973 5130
f 5124 5129 5131
f 4969 4970 5132
f 5126 5132 4970
f 4973 4972 4969
f 5132 5126 5133
f 4973 4969 5130
f 5130 4969 5132
f 5134 5133 5126
f 4988 4990 4983
f 4991 5135 4986
f 4986 5001 4988
f 5135 5001 4986
f 4991 5001 5135
f 5001 5136 5137
f 4990 4988 5138
f 4988 5001 5138
f 4979 4996 4995
f 5139 4996 4979
f 4981 5140 4979
f 4979 5140 5139
f 5140 4981 5141
f 4982 5141 4981
f 5138 4982 4990
f 4996 5142 5143
f 5139 5144 4996
f 5142 4996 5144
f 5139 5140 5144
f 5140 5145 5144
f 5140 5141 5145
f 4996 5143 4998
f 4996 4998 4997
f 5143 5146 4998
f 5147 5143 5142
f 5146 5143 5147
f 5144 5147 5142
f 5148 5147 5144
f 5148 5149 5150
f 5148 5144 5149
f 5145 5149 5144
f 5146 5151 4998
f 5151 5152 4998
f 5146 5147 5150
f 5150 5153 5146
f 5146 5153 5151
f 5150 5154 5153
f 5148 5155 5147
f 5150 5147 5155
f 5148 5150 5155
f 5154 5150 5155
f 5151 5156 5152
f 5156 5157 5152
f 5158 5151 5153
f 5151 5158 5156
f 5158 5159 5156
f 5160 5156 5159
f 5157 5156 5160
f 5161 5159 5158
f 5003 5162 4999
f 4999 5162 5001
f 5163 5001 5162
f 5163 5162 5164
f 5163 5136 5001
f 5164 5136 5163
f 5000 5002 5003
f 5003 5164 5162
f 5165 5136 5164
f 5002 5004 5166
f 5166 5004 5167
f 5003 5002 5164
f 5166 5167 5168
f 5002 5166 5164
f 5164 5166 5168
f 5164 5168 5169
f 4998 5170 5004
f 5152 5170 4998
f 5004 5171 5167
f 5170 5171 5004
f 5170 5172 5171
f 5171 5172 5167
f 5170 5152 5173
f 5172 5170 5173
f 5167 5172 5168
f 5172 5173 5174
f 5169 5168 5175
f 5168 5172 5175
f 5175 5172 5174
f 5173 5152 5157
f 5173 5157 5176
f 5174 5173 5176
f 5176 5157 5177
f 5160 5178 5157
f 5179 5180 5181
f 5182 5181 5183
f 5184 5182 5183
f 5184 5183 5185
f 5183 5186 5187
f 5181 5180 5183
f 5183 5180 5186
f 5188 5189 5190
f 5187 5185 5183
f 5187 5191 5185
f 5192 5191 5187
f 5186 5192 5187
f 5180 5188 5193
f 5180 5193 5186
f 5186 5194 5192
f 5186 5193 5194
f 5188 5190 5193
f 5194 5193 5195
f 5195 5193 5190
f 5196 5197 5198
f 5189 5196 5198
f 5199 5200 5201
f 5195 5202 5194
f 5203 5191 5192
f 5192 5204 5203
f 5203 5199 5191
f 5205 5199 5203
f 5200 5199 5205
f 5202 5195 5190
f 5206 5189 5198
f 5207 5205 5208
f 5209 5200 5207
f 5205 5207 5200
f 5209 5201 5200
f 5204 5192 5210
f 5192 5194 5210
f 5194 5202 5210
f 5210 5211 5204
f 5211 5208 5204
f 5205 5203 5208
f 5208 5203 5204
f 5190 5189 5212
f 5207 5208 5213
f 5214 5207 5213
f 5207 5214 5209
f 5215 5209 5214
f 5211 5210 5216
f 5211 5217 5208
f 5211 5216 5217
f 5210 5202 5216
f 5202 5190 5216
f 5190 5212 5216
f 5189 5206 5218
f 5218 5206 5219
f 5217 5213 5208
f 5220 5213 5217
f 5213 5220 5221
f 5222 5214 5213
f 5221 5222 5213
f 5215 5214 5222
f 5216 5223 5224
f 5220 5217 5216
f 5224 5225 5216
f 5224 5223 5225
f 5216 5225 5220
f 5212 5223 5216
f 5212 5226 5223
f 5189 5218 5212
f 5212 5218 5226
f 5227 5221 5220
f 5225 5223 5228
f 5223 5229 5228
f 5223 5230 5229
f 5223 5226 5230
f 5226 5231 5230
f 5231 5226 5218
f 5225 5232 5220
f 5225 5228 5232
f 5232 5228 5233
f 5229 5234 5228
f 5229 5230 5234
f 5230 5235 5234
f 5234 5235 5008
f 5230 5231 5235
f 5236 5222 5221
f 5234 5233 5228
f 5235 5012 5008
f 5231 5012 5235
f 5237 5231 5238
f 5238 5239 5237
f 5234 5008 5233
f 5012 5231 5237
f 5240 5222 5236
f 5220 5232 5227
f 5241 5236 5221
f 5227 5241 5221
f 5241 5240 5236
f 5007 5232 5233
f 5232 5006 5227
f 5008 4875 5007
f 5007 5233 5008
f 5232 5007 5006
f 5242 5006 5005
f 5009 5242 5005
f 5006 5242 5227
f 5012 4876 5008
f 5015 5243 5016
f 5244 5245 5243
f 5244 5243 5015
f 5009 4874 5010
f 5246 5009 5010
f 5009 5246 5242
f 5227 5242 5247
f 5242 5248 5247
f 5246 5248 5242
f 5246 5010 5248
f 5010 4883 4885
f 5248 5010 5249
f 5010 4885 5249
f 5249 4885 5250
f 5017 4877 5016
f 5243 5017 5016
f 4889 5017 5251
f 4880 5017 4889
f 5245 5017 5243
f 5018 5251 5252
f 5251 5018 4889
f 5251 5017 5245
f 5018 5252 5020
f 5250 5253 5254
f 5253 5020 5254
f 5254 5020 5252
f 4885 4884 5250
f 5248 5249 5247
f 5250 4884 5020
f 5250 5020 5253
f 5023 5025 5255
f 5023 5255 5256
f 5255 5257 5256
f 5258 5025 5259
f 5260 5256 5257
f 5261 5255 5025
f 5258 5261 5025
f 5256 5262 5026
f 5262 4893 5026
f 5262 5263 4893
f 5256 5264 5262
f 5263 5262 5264
f 5259 5022 5021
f 5258 5259 5021
f 5265 5021 5266
f 5258 5021 5265
f 5259 5025 5022
f 4893 5263 5029
f 5026 5023 5256
f 5263 5027 5029
f 5021 4897 5266
f 4897 4896 5267
f 5266 4897 5267
f 5267 4896 5030
f 5030 4898 5268
f 5268 4898 4899
f 5030 5268 5269
f 5027 5033 5028
f 5034 5033 5270
f 5271 5270 5033
f 5272 5270 5271
f 5273 5274 4899
f 5275 5043 5276
f 5041 5277 5278
f 5276 5043 5278
f 5278 5043 5041
f 5273 4899 5275
f 5270 5032 5034
f 5279 5035 5270
f 5270 5035 5032
f 5279 5047 5035
f 5280 5046 5279
f 5281 5280 5279
f 5270 5281 5279
f 5272 5281 5270
f 5282 5046 5280
f 5283 5284 5036
f 5036 5284 5285
f 5036 5285 5037
f 5051 5286 4910
f 5286 4911 4910
f 5039 4911 5286
f 5275 4899 5043
f 5046 5277 5041
f 5287 5277 5045
f 5039 5287 5045
f 5046 5044 5047
f 5045 5044 4901
f 5047 5279 5046
f 5288 5044 5045
f 5044 5288 5289
f 5289 4917 5044
f 5290 5291 5284
f 5284 5292 5285
f 5293 5294 5292
f 5285 5295 5037
f 5285 5294 5295
f 5296 5295 5294
f 5294 5285 5292
f 5049 5037 5295
f 4912 4765 4923
f 5297 4912 4923
f 5298 5297 4923
f 4783 5054 5065
f 5289 5053 4917
f 5053 5289 5055
f 5065 5054 5055
f 5299 5296 5294
f 5300 5294 5293
f 5301 5057 5049
f 5295 5301 5049
f 5296 5299 5295
f 5301 5295 5299
f 5057 5301 5299
f 5302 5057 5303
f 5057 5299 5303
f 5059 5056 5058
f 5061 4923 5060
f 5064 5075 5304
f 5305 5061 5064
f 5304 5075 5306
f 4791 4801 4794
f 5307 5308 5083
f 5307 5309 5310
f 5083 5311 5307
f 5309 5307 5311
f 5312 5309 5311
f 5083 5312 5311
f 5313 5312 5083
f 5309 5312 5314
f 5315 5312 5313
f 5315 5316 5317
f 5312 5315 5317
f 5314 5312 5317
f 5316 5318 5319
f 5317 5316 5320
f 5320 5316 5319
f 5320 5319 5321
f 5322 5323 5302
f 5319 5324 5321
f 5321 5324 5323
f 5302 5303 5322
f 5321 5322 5303
f 5322 5321 5323
f 5068 5067 5073
f 5059 5058 5073
f 5323 5092 5068
f 5057 5302 5073
f 5058 5057 5073
f 5323 5068 5302
f 5068 5073 5302
f 5306 5075 5076
f 5077 4937 5325
f 4937 5078 5325
f 5077 5325 5326
f 5079 5325 5078
f 5077 5326 5076
f 5075 4932 5076
f 5326 5325 5079
f 5327 5328 5079
f 5079 5328 5326
f 4801 5327 5079
f 5313 5083 5082
f 5315 5082 5081
f 5313 5082 5315
f 5316 5315 5085
f 5085 5315 5081
f 5087 5316 5085
f 5316 5087 5318
f 5088 5329 5087
f 5329 5091 5324
f 5088 5091 5329
f 5318 5087 5324
f 5087 5329 5324
f 5091 5092 5324
f 5092 5323 5324
f 5324 5319 5318
f 5068 5092 5066
f 5066 5092 5089
f 5093 5330 5094
f 5331 5097 5332
f 4948 5094 5097
f 5094 5333 5097
f 5332 5097 5333
f 5331 5332 5334
f 5332 5333 5335
f 5334 5332 5335
f 5098 5097 5331
f 5098 5331 5336
f 5336 5331 5334
f 5336 5105 5098
f 4950 5101 5093
f 5093 5101 5337
f 5337 5101 5338
f 5338 5101 5099
f 5112 5104 5106
f 5112 5106 5339
f 5340 5106 5105
f 5336 5340 5105
f 5340 5341 5106
f 5341 5339 5106
f 4955 5109 5342
f 5109 5343 5342
f 5343 5109 5107
f 5100 4955 5342
f 5344 5342 5343
f 5342 5344 5343
f 5345 5343 5107
f 5343 5346 5347
f 5348 5342 5343
f 5347 5348 5343
f 5110 5349 5115
f 5113 5349 5110
f 5111 5112 5339
f 5339 5113 5111
f 5350 5115 5349
f 5351 5352 5353
f 5353 5352 5354
f 5355 5356 5115
f 5357 5355 5115
f 5354 5355 5358
f 5359 5356 5355
f 5116 5115 5356
f 5360 5119 5121
f 5119 5360 5361
f 5356 5117 5116
f 5356 5362 5117
f 5362 5123 5117
f 5362 5356 5363
f 5362 5364 5123
f 5359 5363 5356
f 5365 5364 5363
f 5364 5362 5363
f 5125 5122 4966
f 5125 5366 5122
f 5367 5121 5122
f 5367 5122 5366
f 5367 5361 5121
f 5128 4964 4828
f 5362 4828 5123
f 5128 5368 5127
f 5369 5127 5368
f 5369 5126 5127
f 5364 5362 5123
f 5362 5370 5128
f 4828 5362 5128
f 5364 5370 5362
f 5370 5368 5128
f 5125 5124 5371
f 5131 5371 5124
f 5372 5366 5125
f 5366 5372 5373
f 5372 5125 5371
f 5129 5130 5374
f 5131 5129 5374
f 5131 5374 5375
f 5131 5375 5371
f 5132 5133 5376
f 5130 5132 5376
f 5376 5374 5130
f 5377 5374 5376
f 5133 5134 5378
f 5134 5126 5378
f 5133 5378 5379
f 5369 5378 5126
f 5377 5375 5374
f 5376 5133 5379
f 5380 5381 5382
f 5380 5383 5381
f 5382 5381 5384
f 5385 5386 5387
f 5388 5389 5390
f 5391 5390 5389
f 5388 5392 5389
f 5393 5392 5388
f 5383 5380 5394
f 5395 5383 5394
f 5395 5396 5383
f 5395 5397 5396
f 5382 5398 5380
f 5380 5398 5394
f 5382 5399 5398
f 5400 5394 5398
f 5398 5399 5401
f 5384 5402 5382
f 5402 5399 5382
f 5399 5402 5401
f 5401 5402 5403
f 5404 5405 5406
f 5405 5407 5406
f 5407 5405 5408
f 5391 5389 5161
f 5409 5386 5391
f 5161 5405 5409
f 5409 5391 5161
f 5410 5389 5411
f 5404 5409 5405
f 5386 5409 5387
f 5387 5409 5404
f 5406 5387 5404
f 5412 5413 5414
f 5389 5413 5411
f 5389 5392 5413
f 5413 5415 5411
f 5395 5413 5416
f 5413 5392 5417
f 5395 5418 5397
f 5418 5395 5413
f 5413 5395 5416
f 5413 5416 5419
f 5419 5416 5420
f 5394 5400 5421
f 5422 5394 5423
f 5394 5421 5423
f 5414 5394 5422
f 5414 5395 5394
f 5413 5395 5414
f 5400 5398 5421
f 5398 5401 5421
f 5401 5424 5421
f 5424 5401 5425
f 5155 5150 5154
f 5150 5426 5154
f 5426 5427 5154
f 5153 5154 5428
f 5158 5153 5428
f 5153 5428 5429
f 5428 5153 5429
f 5408 5428 5154
f 5429 5428 5408
f 5154 5427 5430
f 5154 5430 5408
f 5430 5427 5408
f 5431 5408 5427
f 5161 5410 5159
f 5159 5410 5432
f 5161 5158 5428
f 5428 5429 5405
f 5405 5161 5428
f 5429 5408 5405
f 5161 5389 5410
f 5410 5411 5432
f 5415 5432 5411
f 5432 5433 5434
f 5435 5432 5416
f 5432 5435 5433
f 5434 5433 5436
f 5437 5435 5416
f 5436 5433 5435
f 5437 5436 5435
f 5438 5412 5439
f 5412 5414 5439
f 5412 5416 5413
f 5432 5415 5416
f 5437 5416 5415
f 5422 5423 5440
f 5423 5180 5440
f 5421 5441 5423
f 5423 5188 5180
f 5423 5441 5188
f 5441 5442 5188
f 5440 5439 5422
f 5439 5414 5422
f 5441 5421 5442
f 5424 5443 5442
f 5421 5424 5442
f 5401 5443 5424
f 5401 5424 5443
f 5443 5424 5444
f 5425 5444 5424
f 5425 5445 5444
f 5137 5138 5001
f 4982 5138 5446
f 5141 5446 5145
f 4982 5446 5141
f 5446 5138 5447
f 5149 5145 5446
f 5446 5448 5149
f 5447 5448 5446
f 5149 5448 5449
f 5448 5447 5449
f 5150 5149 5426
f 5149 5427 5426
f 5149 5449 5427
f 5447 5450 5451
f 5451 5450 5452
f 5453 5454 5160
f 5455 5456 5457
f 5432 5458 5159
f 5159 5453 5160
f 5458 5432 5434
f 5459 5458 5434
f 5459 5159 5458
f 5460 5159 5459
f 5454 5453 5460
f 5460 5453 5159
f 5459 5436 5461
f 5461 5460 5459
f 5454 5456 5455
f 5436 5459 5434
f 5462 5463 5464
f 5465 5463 5462
f 5466 5440 5179
f 5467 5466 5179
f 5180 5179 5440
f 5438 5439 5466
f 5439 5440 5466
f 5467 5468 5466
f 5466 5412 5438
f 5416 5412 5466
f 5463 5466 5468
f 5420 5466 5463
f 5420 5416 5466
f 5419 5420 5463
f 5465 5419 5463
f 5442 5443 5188
f 5188 5443 5444
f 5196 5188 5469
f 5444 5469 5188
f 5469 5444 5470
f 5470 5471 5469
f 5444 5472 5470
f 5472 5473 5470
f 5470 5473 5474
f 5474 5471 5470
f 5165 5137 5136
f 5165 5164 5169
f 5169 5475 5165
f 5137 5165 5476
f 5165 5475 5476
f 5476 5475 5169
f 5138 5137 5476
f 5169 5175 5477
f 5477 5175 5172
f 5478 5172 5479
f 5477 5172 5478
f 5172 5174 5479
f 5169 5477 5478
f 5476 5169 5478
f 5479 5480 5478
f 5478 5480 5476
f 5447 5138 5476
f 5447 5476 5480
f 5480 5479 5450
f 5447 5480 5450
f 5172 5175 5174
f 5481 5177 5176
f 5479 5174 5482
f 5174 5176 5482
f 5482 5176 5177
f 5482 5177 5452
f 5452 5450 5479
f 5482 5452 5479
f 5157 5178 5481
f 5176 5177 5481
f 5177 5157 5481
f 5178 5160 5481
f 5160 5454 5481
f 5455 5481 5454
f 5481 5457 5177
f 5177 5457 5452
f 5481 5455 5457
f 5464 5467 5181
f 5468 5467 5464
f 5463 5468 5464
f 5182 5462 5464
f 5465 5462 5483
f 5181 5467 5179
f 5484 5196 5485
f 5484 5486 5196
f 5469 5487 5196
f 5469 5471 5488
f 5487 5489 5196
f 5469 5488 5487
f 5488 5490 5487
f 5485 5196 5489
f 5490 5489 5487
f 5471 5491 5488
f 5471 5474 5491
f 5182 5464 5181
f 5492 5182 5184
f 5493 5182 5492
f 5462 5182 5493
f 5483 5462 5493
f 5494 5483 5493
f 5494 5493 5495
f 5188 5196 5189
f 5197 5196 5486
f 5496 5197 5486
f 5490 5488 5497
f 5488 5491 5497
f 5498 5495 5499
f 5184 5185 5492
f 5492 5185 5191
f 5191 5500 5492
f 5493 5492 5495
f 5494 5495 5498
f 5500 5191 5199
f 5500 5199 5201
f 5495 5492 5500
f 5495 5500 5499
f 5499 5500 5501
f 5502 5198 5197
f 5197 5503 5502
f 5504 5505 5201
f 5500 5201 5505
f 5501 5500 5505
f 5506 5501 5505
f 5206 5198 5502
f 5502 5219 5206
f 5503 5219 5502
f 5503 5507 5219
f 5508 5219 5503
f 5209 5509 5201
f 5509 5209 5215
f 5504 5201 5509
f 5215 5504 5509
f 5505 5504 5510
f 5510 5504 5215
f 5506 5505 5510
f 5506 5510 5511
f 5512 5511 5510
f 5503 5219 5507
f 5510 5215 5512
f 5215 5513 5512
f 5219 5514 5507
f 5515 5516 5219
f 5215 5222 5517
f 5215 5517 5513
f 5512 5513 5518
f 5519 5511 5512
f 5512 5518 5520
f 5507 5218 5219
f 5507 5521 5218
f 5219 5522 5514
f 5522 5521 5514
f 5516 5522 5219
f 5514 5521 5507
f 5521 5522 5523
f 5522 5524 5525
f 5238 5231 5218
f 5239 5238 5218
f 5521 5526 5218
f 5526 5239 5218
f 5523 5526 5521
f 5522 5525 5523
f 5518 5513 5517
f 5526 5527 5239
f 5523 5527 5526
f 5525 5527 5523
f 5524 5528 5525
f 5528 5527 5525
f 5524 5529 5528
f 5239 5012 5237
f 5012 5239 5527
f 5527 5530 5012
f 5527 5531 5530
f 5528 5531 5527
f 5528 5532 5531
f 5530 5015 5012
f 5533 5015 5530
f 5533 5534 5015
f 5534 5244 5015
f 5530 5534 5533
f 5531 5534 5530
f 5529 5532 5528
f 5535 5517 5222
f 5534 5245 5244
f 5245 5534 5251
f 5534 5536 5251
f 5531 5537 5534
f 5532 5537 5531
f 5529 5538 5532
f 5254 5252 5539
f 5536 5252 5251
f 5539 5252 5536
f 5536 5534 5540
f 5540 5539 5536
f 5537 5540 5534
f 5537 5539 5540
f 5517 5535 5518
f 5541 5542 5520
f 5539 5543 5254
f 5544 5545 5257
f 5545 5546 5257
f 5547 5548 5549
f 5546 5260 5257
f 5257 5261 5550
f 5255 5261 5257
f 5260 5546 5256
f 5547 5264 5256
f 5547 5256 5546
f 5547 5551 5264
f 5264 5551 5549
f 5551 5547 5549
f 5261 5265 5550
f 5552 5265 5553
f 5554 5552 5553
f 5554 5553 5555
f 5554 5555 5030
f 5261 5258 5265
f 5263 5549 5027
f 5263 5264 5549
f 5027 5549 5556
f 5557 5558 5556
f 5558 5027 5556
f 5558 5559 5027
f 5557 5556 5549
f 5558 5560 5559
f 5555 5266 5267
f 5555 5267 5030
f 5553 5265 5266
f 5555 5553 5266
f 5269 5274 5561
f 5269 5554 5030
f 5559 5033 5027
f 5562 5033 5559
f 5560 5562 5559
f 5563 5564 5562
f 5563 5562 5560
f 5565 5564 5563
f 5274 5268 4899
f 5269 5268 5274
f 5274 5566 5561
f 5274 5273 5276
f 5276 5273 5275
f 5567 5276 5278
f 5567 5568 5569
f 5278 5568 5567
f 5566 5274 5276
f 5566 5567 5561
f 5566 5276 5567
f 5567 5570 5571
f 5569 5570 5567
f 5564 5271 5562
f 5562 5271 5033
f 5564 5272 5271
f 5572 5272 5564
f 5572 5281 5272
f 5568 5572 5569
f 5565 5572 5564
f 5565 5569 5572
f 5277 5046 5282
f 5282 5568 5278
f 5282 5278 5277
f 5573 5277 5287
f 5281 5282 5280
f 5572 5282 5281
f 5282 5572 5568
f 5573 5574 5277
f 5039 5286 5575
f 5051 4913 5576
f 4912 5577 5578
f 4913 4912 5578
f 5576 4913 5578
f 5577 4912 5297
f 5578 5579 5576
f 5288 5045 5277
f 5289 5288 5580
f 5574 5288 5277
f 5581 5289 5580
f 5582 5581 5580
f 5583 5055 5581
f 5055 5289 5581
f 5584 5585 5586
f 5584 5587 5585
f 5587 5584 5588
f 5585 5291 5290
f 5292 5284 5291
f 5589 5292 5291
f 5291 5590 5589
f 5590 5291 5585
f 5591 5589 5590
f 5590 5588 5591
f 5588 5592 5591
f 5585 5587 5588
f 5585 5588 5590
f 5589 5293 5292
f 5591 5592 5589
f 5593 5298 4923
f 5594 5297 5298
f 5593 5594 5298
f 5593 5595 5594
f 5583 5065 5055
f 5596 5065 5583
f 5597 5065 5596
f 5310 5598 5599
f 5584 5600 5601
f 5600 5599 5601
f 5599 5598 5601
f 5598 5314 5601
f 5584 5601 5588
f 5588 5601 5602
f 5602 5601 5603
f 5601 5314 5603
f 5604 5589 5592
f 5604 5293 5589
f 5293 5604 5300
f 5605 5300 5604
f 5605 5604 5606
f 5607 5592 5602
f 5592 5607 5604
f 5603 5607 5602
f 5606 5604 5608
f 5607 5608 5604
f 5588 5602 5592
f 5300 5605 5294
f 5294 5605 5299
f 5303 5299 5605
f 5605 5608 5303
f 5605 5606 5608
f 5061 5593 4923
f 5305 5593 5061
f 5064 5304 5305
f 5609 5610 5306
f 5611 5595 5305
f 5305 5595 5593
f 5304 5610 5305
f 5304 5306 5610
f 5305 5610 5611
f 5609 5612 5610
f 5611 5613 5595
f 5611 5610 5614
f 5326 5328 5609
f 5609 5328 5615
f 5615 5328 5327
f 4792 4791 4794
f 4801 5616 5327
f 5616 5615 5327
f 4801 4791 5616
f 5309 5598 5310
f 5314 5598 5309
f 5314 5607 5603
f 5317 5320 5608
f 5317 5608 5607
f 5317 5607 5314
f 5608 5321 5303
f 5608 5320 5321
f 5609 5306 5076
f 5076 5326 5609
f 5617 5094 5330
f 5335 5333 5617
f 5618 5330 5337
f 5335 5619 5334
f 5337 5330 5093
f 5337 5338 5620
f 5333 5094 5617
f 5336 5334 5621
f 5621 5334 5619
f 5340 5336 5622
f 5341 5340 5622
f 5623 5338 5099
f 5100 5623 5099
f 5100 5624 5623
f 5624 5100 5625
f 5625 5100 5342
f 5342 5348 5625
f 5348 5626 5625
f 5348 5347 5626
f 5627 5339 5341
f 5349 5339 5627
f 5628 5347 5629
f 5629 5353 5630
f 5631 5629 5630
f 5354 5631 5630
f 5628 5629 5631
f 5632 5631 5354
f 5358 5632 5354
f 5633 5355 5357
f 5355 5633 5358
f 5349 5113 5339
f 5107 5108 5345
f 5343 5345 5346
f 5346 5634 5347
f 5354 5630 5353
f 5351 5353 5352
f 5635 5352 5353
f 5636 5351 5352
f 5353 5629 5637
f 5636 5352 5635
f 5351 5638 5352
f 5636 5638 5351
f 5638 5639 5352
f 5640 5359 5355
f 5639 5640 5355
f 5354 5639 5355
f 5639 5354 5352
f 5119 5361 5641
f 5361 5642 5641
f 4824 5119 5641
f 5638 5636 5643
f 5644 5640 5639
f 5638 5644 5639
f 5645 5646 5640
f 5647 5363 5359
f 5363 5647 5365
f 5359 5640 5647
f 5640 5646 5647
f 5646 5365 5647
f 5365 5648 5649
f 5648 5365 5646
f 5361 5360 5642
f 5642 5360 5121
f 5367 5650 5361
f 5651 5650 5367
f 5121 5361 5652
f 5652 5361 5653
f 5653 5361 5650
f 5653 5650 5654
f 5655 5370 5364
f 5655 5364 5365
f 5655 5368 5370
f 5365 5649 5655
f 5656 5368 5655
f 5657 5656 5655
f 5649 5657 5655
f 5372 5658 5373
f 5372 5371 5658
f 5366 5373 5659
f 5366 5659 5367
f 5657 5369 5368
f 5656 5657 5368
f 5373 5658 5659
f 5367 5659 5651
f 5375 5377 5660
f 5371 5375 5658
f 5660 5377 5661
f 5661 5377 5662
f 5658 5375 5663
f 5663 5375 5660
f 5664 5376 5379
f 5377 5376 5662
f 5379 5665 5664
f 5662 5376 5664
f 5379 5378 5665
f 5378 5369 5666
f 5378 5666 5665
f 5667 5666 5369
f 5661 5663 5660
f 5663 5661 5668
f 5664 5665 5669
f 5664 5670 5662
f 5669 5670 5664
f 5670 5661 5662
f 5661 5670 5668
f 5671 5672 5673
f 5673 5674 5671
f 5673 5675 5674
f 5672 5671 5676
f 5675 5677 5678
f 5679 5680 5674
f 5674 5390 5679
f 5671 5680 5676
f 5671 5674 5680
f 5676 5680 5681
f 5674 5675 5682
f 5675 5683 5682
f 5675 5684 5683
f 5683 5685 5682
f 5683 5684 5685
f 5686 5687 5688
f 5386 5679 5391
f 5680 5386 5689
f 5681 5680 5689
f 5681 5689 5690
f 5690 5689 5691
f 5692 5690 5691
f 5693 5692 5691
f 5679 5390 5391
f 5682 5388 5390
f 5386 5680 5679
f 5682 5694 5388
f 5695 5388 5383
f 5383 5388 5694
f 5682 5390 5674
f 5696 5694 5381
f 5696 5675 5694
f 5678 5697 5694
f 5678 5686 5697
f 5694 5697 5381
f 5697 5698 5381
f 5694 5685 5383
f 5685 5684 5696
f 5684 5675 5696
f 5675 5678 5694
f 5685 5694 5682
f 5698 5697 5699
f 5697 5686 5688
f 5697 5688 5700
f 5699 5697 5700
f 5699 5700 5701
f 5688 5702 5700
f 5702 5701 5700
f 5703 5699 5701
f 5385 5689 5386
f 5704 5689 5385
f 5691 5689 5704
f 5705 5691 5706
f 5705 5693 5691
f 5393 5388 5695
f 5383 5696 5381
f 5698 5384 5381
f 5698 5699 5384
f 5699 5402 5384
f 5383 5685 5696
f 5402 5699 5707
f 5707 5699 5703
f 5703 5708 5707
f 5708 5703 5709
f 5710 5709 5703
f 5711 5385 5387
f 5704 5385 5711
f 5691 5704 5711
f 5691 5711 5706
f 5706 5711 5406
f 5706 5406 5712
f 5712 5705 5706
f 5392 5393 5397
f 5417 5392 5397
f 5383 5396 5695
f 5396 5393 5695
f 5393 5396 5397
f 5713 5403 5402
f 5713 5402 5707
f 5714 5403 5713
f 5708 5714 5713
f 5708 5713 5707
f 5708 5715 5714
f 5715 5708 5716
f 5716 5717 5715
f 5718 5719 5712
f 5711 5387 5406
f 5719 5705 5712
f 5719 5720 5705
f 5721 5722 5719
f 5397 5418 5417
f 5723 5413 5417
f 5413 5723 5418
f 5723 5417 5418
f 5419 5413 5723
f 5415 5413 5419
f 5419 5437 5415
f 5723 5413 5419
f 5724 5725 5726
f 5425 5401 5403
f 5714 5727 5425
f 5403 5714 5425
f 5715 5727 5714
f 5727 5715 5728
f 5728 5729 5727
f 5717 5728 5715
f 5729 5728 5717
f 5431 5730 5408
f 5427 5730 5431
f 5449 5730 5427
f 5731 5456 5732
f 5732 5407 5408
f 5406 5407 5732
f 5730 5732 5408
f 5406 5732 5712
f 5712 5732 5718
f 5732 5456 5722
f 5722 5456 5733
f 5722 5733 5734
f 5733 5735 5734
f 5718 5732 5721
f 5721 5732 5722
f 5437 5736 5735
f 5437 5735 5436
f 5735 5737 5436
f 5738 5735 5736
f 5735 5736 5721
f 5736 5735 5738
f 5719 5722 5721
f 5722 5734 5721
f 5721 5734 5735
f 5419 5725 5724
f 5724 5437 5419
f 5724 5736 5437
f 5445 5472 5444
f 5727 5445 5425
f 5729 5445 5727
f 5739 5445 5729
f 5739 5740 5445
f 5739 5729 5741
f 5742 5740 5739
f 5742 5739 5741
f 5447 5451 5449
f 5452 5457 5743
f 5457 5456 5743
f 5451 5452 5743
f 5731 5732 5730
f 5730 5449 5731
f 5449 5451 5731
f 5731 5451 5456
f 5743 5456 5451
f 5744 5460 5461
f 5460 5744 5454
f 5454 5744 5456
f 5744 5745 5456
f 5456 5745 5735
f 5745 5744 5737
f 5735 5745 5737
f 5735 5733 5456
f 5437 5465 5419
f 5461 5737 5744
f 5461 5436 5737
f 5419 5465 5725
f 5465 5746 5725
f 5747 5746 5748
f 5746 5747 5749
f 5437 5419 5465
f 5746 5749 5725
f 5445 5740 5472
f 5740 5473 5472
f 5750 5751 5473
f 5740 5750 5473
f 5740 5742 5752
f 5752 5753 5740
f 5742 5741 5754
f 5752 5742 5754
f 5494 5755 5756
f 5483 5494 5756
f 5756 5465 5483
f 5746 5465 5756
f 5748 5756 5757
f 5746 5756 5748
f 5484 5485 5486
f 5485 5496 5486
f 5758 5759 5760
f 5485 5761 5759
f 5762 5759 5761
f 5474 5473 5751
f 5751 5763 5474
f 5474 5763 5764
f 5751 5750 5763
f 5750 5765 5763
f 5753 5750 5740
f 5753 5765 5750
f 5753 5752 5766
f 5766 5765 5753
f 5755 5767 5756
f 5767 5755 5768
f 5485 5769 5496
f 5759 5769 5485
f 5759 5758 5769
f 5770 5485 5489
f 5770 5489 5490
f 5771 5485 5770
f 5771 5772 5485
f 5761 5485 5773
f 5491 5764 5774
f 5764 5491 5474
f 5763 5765 5775
f 5776 5768 5777
f 5776 5777 5778
f 5755 5494 5498
f 5777 5768 5755
f 5777 5755 5498
f 5777 5498 5499
f 5779 5780 5777
f 5779 5781 5780
f 5782 5780 5781
f 5783 5508 5784
f 5496 5508 5197
f 5508 5503 5197
f 5769 5508 5496
f 5758 5508 5769
f 5785 5508 5758
f 5785 5784 5508
f 5785 5786 5784
f 5773 5485 5772
f 5764 5787 5774
f 5763 5775 5764
f 5764 5775 5787
f 5775 5788 5787
f 5775 5765 5788
f 5788 5765 5789
f 5501 5779 5499
f 5499 5779 5777
f 5501 5790 5779
f 5781 5779 5790
f 5791 5515 5508
f 5792 5791 5508
f 5491 5774 5497
f 5770 5490 5793
f 5793 5490 5497
f 5497 5774 5793
f 5772 5771 5794
f 5774 5795 5793
f 5774 5787 5795
f 5795 5787 5796
f 5788 5796 5787
f 5796 5788 5797
f 5506 5790 5501
f 5790 5798 5799
f 5790 5799 5800
f 5770 5793 5801
f 5801 5793 5802
f 5802 5793 5795
f 5771 5770 5801
f 5796 5802 5795
f 5796 5803 5802
f 5802 5803 5771
f 5801 5802 5771
f 5796 5797 5803
f 5803 5804 5771
f 5803 5797 5805
f 5804 5803 5805
f 5512 5506 5511
f 5506 5512 5806
f 5806 5798 5506
f 5807 5798 5806
f 5790 5506 5798
f 5798 5807 5799
f 5508 5515 5219
f 5808 5515 5791
f 5800 5809 5808
f 5520 5519 5512
f 5519 5512 5511
f 5806 5512 5810
f 5519 5810 5512
f 5810 5807 5806
f 5799 5807 5811
f 5515 5522 5516
f 5515 5524 5522
f 5808 5812 5515
f 5515 5812 5524
f 5810 5811 5807
f 5809 5813 5808
f 5813 5814 5808
f 5799 5809 5800
f 5810 5519 5520
f 5810 5815 5811
f 5520 5815 5810
f 5799 5816 5809
f 5816 5813 5809
f 5812 5529 5524
f 5812 5808 5814
f 5817 5812 5814
f 5812 5817 5529
f 5813 5818 5814
f 5818 5819 5817
f 5817 5819 5529
f 5817 5814 5818
f 5815 5542 5811
f 5520 5542 5815
f 5529 5819 5538
f 5819 5818 5538
f 5811 5542 5799
f 5542 5820 5799
f 5799 5820 5816
f 5821 5822 5823
f 5823 5550 5821
f 5824 5822 5821
f 5822 5824 5825
f 5257 5826 5544
f 5550 5826 5257
f 5821 5265 5824
f 5550 5265 5821
f 5265 5552 5824
f 5824 5552 5554
f 5827 5824 5554
f 5828 5557 5549
f 5829 5557 5828
f 5561 5830 5554
f 5561 5831 5830
f 5554 5830 5832
f 5831 5833 5830
f 5557 5560 5558
f 5834 5560 5557
f 5834 5563 5560
f 5834 5835 5563
f 5834 5557 5829
f 5836 5834 5829
f 5837 5835 5834
f 5837 5834 5838
f 5836 5838 5834
f 5839 5837 5838
f 5840 5841 5839
f 5561 5554 5269
f 5831 5561 5571
f 5831 5571 5842
f 5571 5843 5842
f 5841 5843 5571
f 5570 5841 5571
f 5833 5831 5844
f 5844 5831 5842
f 5840 5843 5841
f 5842 5843 5844
f 5844 5843 5840
f 5563 5837 5841
f 5570 5565 5841
f 5835 5837 5563
f 5565 5563 5841
f 5839 5841 5837
f 5561 5567 5571
f 5569 5565 5570
f 5575 5286 5845
f 5845 5286 5051
f 5845 5579 5846
f 5847 5846 5579
f 5573 5287 5848
f 5039 5575 5849
f 5849 5848 5287
f 5849 5287 5039
f 5288 5574 5580
f 5580 5574 5582
f 5573 5850 5574
f 5851 5582 5574
f 5051 5576 5845
f 5845 5576 5579
f 5577 5579 5578
f 5852 5579 5577
f 5577 5297 5594
f 5579 5852 5847
f 5577 5853 5852
f 5854 5853 5577
f 5594 5854 5577
f 5855 5853 5854
f 5582 5583 5581
f 5596 5583 5582
f 5856 5597 5596
f 5857 5594 5595
f 5613 5857 5595
f 5857 5613 5855
f 5854 5594 5857
f 5855 5854 5857
f 5615 5858 5859
f 5065 5597 4791
f 5614 5613 5611
f 5613 5614 5610
f 5860 5613 5610
f 5860 5610 5612
f 5609 5615 5612
f 5615 5859 5612
f 5612 5861 5860
f 5861 5612 5859
f 4791 5862 5616
f 5616 5862 5615
f 5335 5617 5863
f 5620 5618 5337
f 5864 5621 5619
f 5621 5622 5336
f 5622 5621 5864
f 5622 5865 5866
f 5623 5620 5338
f 5866 5341 5622
f 5866 5350 5627
f 5341 5866 5627
f 5867 5625 5626
f 5626 5347 5868
f 5869 5626 5868
f 5632 5633 5870
f 5871 5115 5350
f 5115 5871 5357
f 5350 5349 5627
f 5872 5631 5632
f 5628 5868 5347
f 5628 5631 5873
f 5868 5628 5873
f 5631 5872 5873
f 5358 5633 5632
f 5874 5875 5870
f 5875 5874 5632
f 5875 5632 5870
f 5108 4959 5876
f 5877 5345 5108
f 5877 5108 5876
f 5878 5635 5353
f 5637 5878 5353
f 4824 5641 4960
f 4960 5641 5879
f 5880 5876 4959
f 5880 4959 4960
f 5635 5881 5636
f 5636 5882 5643
f 5636 5881 5882
f 5883 5882 5881
f 5883 5884 5885
f 5884 5881 5635
f 5884 5883 5881
f 5645 5886 5646
f 5644 5638 5643
f 5645 5640 5644
f 5644 5886 5645
f 5887 5888 5886
f 5889 5886 5644
f 5889 5887 5886
f 5889 5644 5643
f 5889 5643 5890
f 5886 5648 5646
f 5888 5648 5886
f 5642 5121 5652
f 5879 5641 5642
f 5879 5642 5652
f 5891 5879 5652
f 5891 5652 5653
f 5891 5653 5654
f 5654 5892 5893
f 5894 5892 5654
f 5654 5893 5885
f 5883 5643 5882
f 5643 5883 5885
f 5893 5895 5885
f 5885 5895 5643
f 5889 5888 5887
f 5649 5896 5657
f 5888 5649 5648
f 5888 5897 5649
f 5649 5897 5896
f 5654 5650 5898
f 5894 5654 5898
f 5896 5899 5657
f 5896 5900 5899
f 5659 5901 5651
f 5659 5658 5902
f 5658 5663 5902
f 5903 5666 5667
f 5657 5667 5369
f 5904 5903 5667
f 5905 5903 5904
f 5906 5667 5657
f 5899 5906 5657
f 5906 5904 5667
f 5900 5906 5899
f 5902 5907 5659
f 5665 5666 5669
f 5908 5668 5669
f 5670 5669 5668
f 5666 5903 5908
f 5666 5908 5669
f 5909 5908 5903
f 5905 5909 5903
f 5905 5910 5909
f 5911 5907 5902
f 5902 5663 5911
f 5911 5663 5912
f 5663 5668 5912
f 5912 5668 5913
f 5908 5914 5668
f 5914 5915 5916
f 5909 5914 5908
f 5909 5910 5914
f 5914 5910 5915
f 5913 5917 5912
f 5914 5913 5668
f 5916 5913 5914
f 5916 5687 5913
f 5918 5919 5917
f 5920 5918 5917
f 5921 5917 5919
f 5921 5919 5922
f 5686 5918 5923
f 5920 5923 5918
f 5917 5913 5920
f 5913 5923 5920
f 5913 5687 5923
f 5923 5687 5686
f 5672 5676 5681
f 5922 5672 5681
f 5922 5681 5692
f 5924 5921 5692
f 5692 5925 5924
f 5672 5926 5673
f 5926 5686 5677
f 5926 5677 5673
f 5676 5672 5918
f 5676 5918 5672
f 5672 5918 5926
f 5686 5926 5918
f 5919 5918 5672
f 5922 5919 5672
f 5921 5922 5692
f 5686 5927 5677
f 5686 5678 5927
f 5677 5927 5678
f 5928 5688 5687
f 5681 5690 5692
f 5929 5930 5925
f 5675 5673 5677
f 5928 5702 5688
f 5928 5931 5702
f 5928 5932 5931
f 5933 5931 5932
f 5933 5702 5931
f 5693 5925 5692
f 5925 5693 5929
f 5934 5931 5702
f 5702 5935 5934
f 5933 5936 5702
f 5936 5935 5702
f 5937 5934 5935
f 5937 5938 5934
f 5705 5939 5693
f 5929 5693 5939
f 5929 5939 5940
f 5940 5939 5705
f 5720 5940 5705
f 5940 5941 5929
f 5940 5720 5941
f 5942 5719 5943
f 5942 5944 5945
f 5942 5943 5946
f 5944 5942 5946
f 5710 5703 5701
f 5931 5701 5702
f 5931 5934 5701
f 5710 5701 5934
f 5947 5710 5934
f 5934 5938 5947
f 5938 5710 5947
f 5948 5710 5938
f 5949 5948 5938
f 5941 5720 5719
f 5950 5951 5946
f 5951 5944 5946
f 5944 5951 5952
f 5952 5951 5953
f 5953 5944 5952
f 5944 5953 5954
f 5710 5955 5709
f 5710 5948 5955
f 5948 5956 5955
f 5957 5956 5958
f 5959 5726 5960
f 5960 5943 5961
f 5726 5960 5961
f 5726 5962 5960
f 5960 5963 5946
f 5946 5943 5960
f 5950 5946 5963
f 5962 5963 5960
f 5962 5950 5963
f 5953 5951 5950
f 5962 5953 5950
f 5953 5962 5964
f 5953 5964 5965
f 5708 5709 5716
f 5955 5716 5709
f 5716 5955 5717
f 5956 5717 5955
f 5956 5729 5717
f 5718 5721 5719
f 5961 5943 5724
f 5719 5721 5943
f 5943 5721 5736
f 5724 5943 5736
f 5960 5726 5959
f 5961 5724 5726
f 5725 5749 5726
f 5966 5726 5749
f 5966 5964 5726
f 5964 5966 5967
f 5964 5962 5726
f 5964 5967 5965
f 5968 5965 5967
f 5969 5970 5957
f 5971 5970 5972
f 5971 5957 5970
f 5972 5970 5973
f 5974 5729 5956
f 5957 5974 5956
f 5967 5966 5975
f 5967 5975 5968
f 5975 5976 5977
f 5972 5978 5971
f 5968 5975 5977
f 5979 5978 5972
f 5972 5973 5979
f 5979 5968 5977
f 5971 5741 5729
f 5971 5729 5957
f 5957 5729 5974
f 5747 5748 5980
f 5980 5748 5981
f 5981 5748 5982
f 5747 5983 5749
f 5983 5747 5980
f 5980 5981 5983
f 5976 5984 5985
f 5986 5975 5966
f 5987 5984 5976
f 5988 5975 5986
f 5975 5989 5976
f 5990 5978 5760
f 5978 5990 5971
f 5977 5985 5979
f 5979 5985 5978
f 5977 5976 5985
f 5991 5978 5985
f 5991 5985 5984
f 5971 5742 5741
f 5992 5993 5971
f 5993 5994 5971
f 5742 5971 5994
f 5990 5760 5995
f 5992 5971 5993
f 5971 5990 5993
f 5754 5741 5742
f 5994 5754 5742
f 5756 5767 5757
f 5982 5748 5996
f 5748 5757 5996
f 5997 5757 5767
f 5757 5997 5996
f 5998 5996 5997
f 5996 5981 5982
f 5999 5996 5998
f 5998 5997 6000
f 5999 5981 5996
f 6000 5999 5998
f 5999 6000 6001
f 6002 6000 5997
f 6003 6004 5991
f 6005 6003 5991
f 6006 6003 6005
f 5759 5762 5760
f 5785 5758 5760
f 5991 5760 5978
f 5991 6007 5760
f 5760 6007 5785
f 5991 6004 6007
f 5984 6005 5991
f 5760 5762 5761
f 5995 6008 5990
f 5993 6009 5994
f 5752 5754 5766
f 5754 5994 6010
f 5766 5754 6010
f 5994 6009 6010
f 5767 5768 6011
f 6012 6011 5768
f 6012 5768 5776
f 6013 5767 6011
f 6014 6007 6004
f 6004 6015 6014
f 6014 6015 6007
f 6003 6015 6004
f 6015 6016 6007
f 5760 5761 6017
f 6017 6018 5760
f 5760 6018 5995
f 6019 6010 6009
f 5765 5766 6020
f 5780 5782 5778
f 5778 5777 5780
f 5786 6007 6021
f 6007 5786 5785
f 5783 5786 6021
f 5783 5784 5786
f 5783 5792 5508
f 5783 6022 5792
f 6021 6023 5783
f 5783 6023 5784
f 6023 6024 5784
f 5784 6024 5783
f 5783 6024 6022
f 6017 5761 5773
f 5995 6018 6008
f 6009 6025 6019
f 5765 6020 6026
f 5789 5765 6026
f 6026 6020 6027
f 6020 5766 6010
f 6027 6020 6026
f 6010 6019 6020
f 6020 6019 6026
f 6025 6028 6019
f 6028 6026 6019
f 5788 5789 6026
f 6026 6029 6027
f 5781 5790 6030
f 5782 5781 6031
f 5800 5808 6032
f 5800 6033 5790
f 6033 5800 6034
f 5791 6035 5808
f 6035 6032 5808
f 5792 6036 5791
f 5792 6022 6036
f 5772 6037 5773
f 6038 6037 5772
f 6017 6039 6018
f 6039 6040 6018
f 6040 6039 5773
f 6017 5773 6039
f 5797 5788 6041
f 6027 5788 6026
f 6041 5788 6027
f 6027 6029 6041
f 6028 6029 6026
f 6037 6038 6042
f 6037 6042 5773
f 6017 5773 6042
f 6038 5772 5794
f 5797 6043 5805
f 6041 6043 5797
f 6043 6041 6044
f 6044 6041 6045
f 6044 6045 6046
f 6047 6044 6046
f 6048 5771 5804
f 5794 5771 6048
f 6049 5794 6048
f 6050 6038 5794
f 6038 6051 6042
f 6051 6038 6050
f 5804 6052 6053
f 6052 5804 5805
f 6053 6052 6054
f 6052 5805 6043
f 6044 6047 6043
f 6043 6055 6052
f 6055 6043 6047
f 6056 6050 5794
f 6056 5794 6049
f 5804 6053 6057
f 6048 5804 6057
f 6053 6054 6058
f 6053 6058 6057
f 6049 6048 6057
f 6057 6049 6059
f 6059 6049 6057
f 6049 6059 6056
f 6057 6059 6049
f 6057 6059 6060
f 6061 6056 6059
f 6055 6054 6052
f 6055 6062 6054
f 6054 6062 6063
f 6059 6057 6064
f 6059 6057 6060
f 6060 6059 6064
f 6057 6065 6064
f 6057 6058 6065
f 5826 6066 5544
f 6066 6067 5544
f 6068 5545 6067
f 5544 6067 5545
f 6066 5826 5822
f 5822 5826 5823
f 6069 5546 6068
f 6069 5547 5546
f 6069 6070 5547
f 6071 5547 6070
f 5547 6071 5548
f 5825 6072 5822
f 6072 5825 6073
f 5546 5545 6068
f 5826 5550 5823
f 6074 6073 5825
f 6075 5836 5828
f 6073 5825 5824
f 5827 6073 5824
f 5825 6073 5827
f 5827 5554 5832
f 6074 5825 5827
f 5827 5832 6076
f 5827 6076 6074
f 5836 5829 5828
f 6076 5832 6077
f 6078 6079 6080
f 6081 6080 6079
f 6082 6081 6079
f 6081 6082 6083
f 5833 5832 5830
f 5833 5844 6084
f 6082 5844 5839
f 6077 5832 5833
f 5833 6084 6077
f 6084 6082 6079
f 6082 6084 5844
f 6078 6077 6084
f 6078 6084 6079
f 6082 5839 5838
f 6083 6082 5838
f 5840 5839 5844
f 5845 5846 6085
f 5573 5848 6086
f 5849 6087 5848
f 6087 5849 5575
f 5575 5845 6085
f 5573 6088 5850
f 6086 6088 5573
f 5850 6088 5851
f 6085 5846 6089
f 6089 5846 5847
f 5574 5850 5851
f 5582 5851 6090
f 5847 5852 5853
f 6091 5847 5853
f 5853 6092 6093
f 5856 5596 5582
f 5856 5582 6090
f 6094 5862 5597
f 6092 5855 5613
f 6092 5613 5860
f 5853 5855 6092
f 6092 5860 6095
f 5860 6096 6095
f 6097 6092 6095
f 5858 6098 5859
f 5860 5861 6096
f 5861 6098 6096
f 5858 6099 6098
f 4791 5597 5862
f 5862 6100 5615
f 6100 5858 5615
f 6098 5861 5859
f 5619 6101 5864
f 5335 6102 5619
f 6102 6101 5619
f 5617 5330 5863
f 6103 5864 6101
f 6104 6101 6102
f 6104 6105 6101
f 6105 6103 6101
f 5620 5623 6106
f 6107 5623 5624
f 5865 5622 5864
f 6108 5866 5865
f 5865 5864 6103
f 6109 5865 6103
f 6108 5350 5866
f 5871 5350 6108
f 5871 6110 5357
f 6110 5633 5357
f 6111 5871 6108
f 5870 5633 6110
f 6112 5868 5873
f 6112 5873 5872
f 6112 5872 5632
f 5632 5874 6112
f 5345 5877 6113
f 6113 5346 5345
f 5637 5629 5347
f 5634 5637 5347
f 6114 4960 6115
f 5880 4960 6114
f 5876 6116 5877
f 6116 5876 5880
f 6117 5880 6114
f 6118 5885 5884
f 4960 5879 6115
f 5654 5885 6118
f 5891 5654 6119
f 6119 5654 6120
f 6120 5654 6119
f 5895 5890 5643
f 5893 6121 5895
f 5893 5892 6121
f 5890 5895 6122
f 5895 6121 6122
f 6123 5888 5889
f 6123 5889 5890
f 5890 6124 6123
f 6125 6124 5890
f 6125 5890 6122
f 6125 6126 6124
f 6124 5888 6123
f 6124 5897 5888
f 6127 5897 6124
f 5651 5898 5650
f 5894 5898 6128
f 6128 5892 5894
f 6122 6121 6129
f 6125 6122 6129
f 6121 5892 6129
f 6130 5896 5897
f 6130 5897 6131
f 5900 5896 6130
f 5897 6127 6131
f 6132 6130 6131
f 6132 5900 6130
f 6127 6124 6126
f 6131 6127 6126
f 6126 6133 6131
f 6134 6131 6133
f 6131 6134 6132
f 6135 6128 5898
f 6135 5898 5651
f 5651 6136 6135
f 6135 6137 6128
f 6128 6137 5892
f 6138 5900 6139
f 5900 6132 6139
f 5901 6140 5651
f 5901 5659 6141
f 6140 5901 6141
f 6136 5651 6140
f 6142 5905 5904
f 5906 6142 5904
f 5900 6143 5906
f 5659 6144 6141
f 5659 5907 6144
f 6144 6145 6141
f 6140 6141 6145
f 6146 6140 6145
f 6142 6147 5905
f 5921 6144 5912
f 5921 5912 5917
f 5911 6144 5907
f 5911 5912 6144
f 6145 6144 6148
f 6148 6144 6149
f 6149 6144 6150
f 6149 6150 5930
f 5687 5916 5915
f 5915 5910 5928
f 5687 5915 5928
f 5910 6147 5928
f 6147 5910 5905
f 5928 6147 5932
f 5932 6147 6142
f 6144 5921 6150
f 5924 6150 5921
f 5930 6150 5924
f 6149 5930 6151
f 5924 5925 5930
f 6152 5930 6153
f 5930 6152 6154
f 6151 5930 6154
f 6154 6152 6155
f 6156 5930 5929
f 5941 6156 5929
f 6156 6153 5930
f 6152 6153 6157
f 6157 6153 6156
f 6157 6156 5941
f 6157 6155 6152
f 6158 6159 5936
f 6158 6160 6159
f 5945 5941 5942
f 5942 5941 5945
f 5941 5942 6157
f 6157 5954 6161
f 5936 5937 5935
f 5937 5936 5949
f 6159 6162 5949
f 5936 6159 5949
f 6160 6162 6159
f 6160 6163 6162
f 5719 5942 5941
f 5944 5954 5945
f 5954 5942 5945
f 5942 5954 6157
f 6162 6164 5949
f 5969 5958 6162
f 6162 5958 6164
f 5949 5938 5937
f 5965 6165 5954
f 5973 6165 5965
f 5948 5949 6164
f 5958 5956 5948
f 5958 5948 6164
f 5958 5969 5957
f 5953 5965 5954
f 5973 5965 5968
f 5970 5969 6162
f 5973 5970 5958
f 5970 6162 5958
f 5973 5958 6165
f 5979 5973 5968
f 5966 5749 5986
f 5986 5749 5983
f 6166 5988 5986
f 6167 5983 6168
f 6167 5986 5983
f 5988 6166 6169
f 5999 6170 5981
f 5999 6171 6170
f 5983 6170 6172
f 5983 5981 6170
f 5980 6168 5983
f 6168 5980 5983
f 6173 5989 5975
f 5989 6173 5987
f 5976 5989 5987
f 5987 6173 6174
f 6174 6175 5987
f 6169 5975 5988
f 5975 6169 6173
f 6176 5987 6175
f 6177 6171 5999
f 5999 6001 6177
f 6002 5997 6178
f 6000 6002 6001
f 6179 6180 6002
f 6180 6181 6002
f 6181 6180 6182
f 5987 6005 5984
f 5987 6006 6005
f 6183 6003 6006
f 6183 6184 6003
f 5987 6176 6006
f 6183 6006 6184
f 6176 6184 6006
f 6185 6184 6186
f 6013 6187 6178
f 6187 6013 6011
f 6188 6012 5776
f 5767 6178 5997
f 5767 6013 6178
f 6180 6189 6016
f 6016 6189 6190
f 6189 6191 6190
f 6190 6191 6007
f 6016 6190 6007
f 6015 6185 6016
f 6015 6184 6185
f 6003 6184 6015
f 6016 6185 6180
f 6185 6186 6180
f 5993 5990 6008
f 6009 5993 6008
f 6009 6008 6192
f 5776 6193 6188
f 5776 5778 6193
f 5782 6194 5778
f 6194 5782 6195
f 6023 6196 6197
f 6197 6196 6023
f 6196 6198 6023
f 6197 6198 6196
f 6196 6199 6197
f 6200 6198 6199
f 6199 6198 6197
f 6196 6023 6021
f 6009 6025 6201
f 6025 6009 6201
f 6201 6025 6009
f 6009 6192 6201
f 6192 6202 6201
f 6202 6025 6201
f 6203 6192 6008
f 6204 6205 6018
f 6206 6025 6207
f 6030 6031 5781
f 6033 6030 5790
f 5782 6031 6208
f 6195 5782 6208
f 6032 6035 6209
f 6024 6023 6022
f 6209 6035 5791
f 6022 6210 6036
f 6210 6022 6023
f 6211 6036 6210
f 5791 6036 6209
f 6023 6198 6210
f 6211 6209 6036
f 6204 6018 6212
f 6205 6204 6212
f 6040 5773 6039
f 6039 5773 6213
f 6039 6018 6040
f 6213 6206 6039
f 6206 6213 6039
f 6212 6018 6039
f 6039 6213 6214
f 6214 6212 6039
f 6213 6206 6215
f 6213 6215 6214
f 6025 6216 6028
f 6028 6217 6029
f 6218 6034 5800
f 6219 6218 6032
f 6218 5800 6032
f 5773 6017 6220
f 6017 6042 6220
f 6221 6220 6042
f 6213 5773 6220
f 6213 6220 6222
f 6213 6222 6206
f 6222 6223 6206
f 6220 6221 6224
f 6223 6222 6225
f 6220 6224 6222
f 6206 6223 6025
f 6025 6223 6216
f 6223 6225 6226
f 6223 6226 6216
f 6045 6041 6046
f 6041 6029 6217
f 6046 6041 6217
f 6028 6227 6217
f 6042 6051 6221
f 6224 6225 6222
f 6221 6228 6224
f 6224 6226 6225
f 6228 6226 6224
f 6229 6047 6046
f 6227 6229 6217
f 6028 6230 6227
f 6230 6028 6216
f 6226 6228 6231
f 6047 6229 6055
f 6055 6229 6232
f 6046 6217 6229
f 6061 6050 6056
f 6228 6051 6050
f 6050 6061 6228
f 6228 6221 6051
f 6055 6232 6062
f 6063 6062 6232
f 6227 6233 6229
f 6232 6229 6233
f 6232 6233 6063
f 6059 6234 6061
f 6234 6059 6060
f 6234 6228 6061
f 6234 6235 6228
f 6058 6054 6063
f 6058 6063 6236
f 6058 6236 6065
f 6063 6233 6237
f 6064 6065 6238
f 6060 6064 6238
f 6063 6239 6236
f 6240 6068 6241
f 6067 6066 6241
f 6242 6070 6069
f 6241 6068 6067
f 6070 5548 6071
f 6243 5828 5549
f 6072 6073 6074
f 6244 6072 6074
f 6245 6244 6074
f 6074 6076 6245
f 6075 5838 5836
f 6083 5838 6075
f 6077 6245 6076
f 6245 6077 6078
f 6246 6087 6247
f 6087 6248 6086
f 6248 6249 6086
f 6250 6085 6251
f 6251 6085 6089
f 6085 6252 5575
f 6252 6085 6253
f 5575 6252 6247
f 6087 5575 6247
f 6250 6253 6085
f 6250 6251 6253
f 5848 6087 6086
f 6254 6088 6255
f 6089 5847 6256
f 6089 6256 6257
f 6256 6258 6257
f 6091 6258 6256
f 5847 6091 6256
f 6251 6089 6257
f 6259 6251 6257
f 6260 6257 6258
f 6259 6257 6260
f 6254 6090 5851
f 6088 6254 5851
f 6090 6254 5856
f 6254 6261 5856
f 6094 5597 6262
f 6262 5856 6261
f 5853 6093 6091
f 6093 6092 6097
f 6093 6097 6095
f 6093 6095 6263
f 6263 6258 6093
f 6093 6258 6091
f 6264 6258 6263
f 6263 6265 6266
f 6267 6266 6265
f 6268 6263 6266
f 6269 6267 6099
f 6264 6263 6268
f 6270 5862 6094
f 6262 5597 5856
f 6263 6095 6096
f 6096 6098 6099
f 6265 6263 6096
f 6096 6099 6265
f 6099 6098 6269
f 6099 6269 6098
f 6099 6267 6265
f 6100 6099 5858
f 5863 6102 5335
f 5863 5618 6271
f 5863 6271 6102
f 6271 5618 6272
f 6273 6102 6271
f 6102 6274 6104
f 6105 6104 6274
f 6274 6275 6105
f 6107 6106 5623
f 5620 6276 6277
f 5618 5620 6277
f 6276 5620 6106
f 6107 6276 6106
f 5863 5330 5618
f 6103 6105 6278
f 6109 6103 6278
f 6109 6278 6279
f 6105 6275 6278
f 5865 6109 6280
f 6280 6109 6281
f 5867 6107 5624
f 5867 5624 5625
f 5867 5626 5869
f 6282 6111 6108
f 6108 6283 6282
f 5865 6284 6108
f 6283 6108 6284
f 6284 5865 6280
f 6281 6284 6280
f 5868 6112 5869
f 5871 6285 6110
f 6285 5870 6110
f 6286 5871 6111
f 6287 5870 6285
f 5877 6288 6113
f 6289 6288 5877
f 6113 6288 6290
f 6113 6290 5346
f 5346 6290 6291
f 6288 6292 6290
f 6292 6288 6289
f 5634 6293 5637
f 6289 5877 6116
f 6114 6116 5880
f 6114 5880 6117
f 6292 6289 6116
f 6294 6114 6117
f 6114 6295 6116
f 6295 6114 6294
f 6116 6295 6292
f 6294 6117 6296
f 6296 6117 6114
f 6297 5884 5635
f 6297 6118 5884
f 6298 6114 6115
f 6115 5879 6299
f 6298 6115 6296
f 6300 6299 5879
f 6300 5879 5891
f 6300 5891 6301
f 6301 5891 5653
f 6296 6114 6298
f 6301 5653 6302
f 5654 6303 6119
f 5654 6118 6303
f 6302 5653 5891
f 5892 6137 6129
f 6304 6129 6137
f 6305 6129 6304
f 6305 6125 6129
f 6305 6306 6125
f 6125 6306 6307
f 6307 6126 6125
f 6126 6307 6133
f 6133 6307 6308
f 6307 6306 6308
f 6308 6306 6305
f 6309 6308 6305
f 6135 6310 6137
f 6304 6137 6311
f 6137 6310 6311
f 6311 6310 6136
f 6133 6308 6309
f 6312 6133 6309
f 6305 6304 6309
f 6313 6304 6311
f 6309 6304 6313
f 6312 6309 6314
f 6313 6314 6309
f 6132 6134 6139
f 6139 6134 6312
f 6134 6133 6312
f 6310 6135 6136
f 6136 6140 6315
f 6136 6315 6316
f 6311 6136 6317
f 6136 6316 6317
f 6311 6317 6318
f 6317 6316 6319
f 6311 6318 6313
f 6317 6319 6318
f 6320 6314 6313
f 6321 6314 6322
f 6321 6312 6314
f 6313 6318 6320
f 6314 6320 6322
f 6143 5900 6138
f 6321 6139 6312
f 6138 6139 6321
f 6145 6148 6146
f 6315 6140 6146
f 6315 6146 6323
f 6316 6315 6323
f 6148 6323 6146
f 6323 6148 6324
f 6323 6324 6325
f 6323 6326 6316
f 6326 6323 6325
f 6319 6316 6326
f 6327 5906 6143
f 6327 6142 5906
f 6327 6328 6142
f 6143 6328 6327
f 6321 6329 6138
f 6138 6329 6143
f 6329 6330 6143
f 6325 6149 6331
f 6148 6149 6325
f 6324 6148 6325
f 6328 5932 6142
f 6328 5933 5932
f 6158 6328 6143
f 6158 6143 6330
f 6330 6332 6158
f 6332 6160 6158
f 6332 6333 6160
f 6334 6149 6151
f 6334 6331 6149
f 6334 6325 6331
f 6325 6334 6335
f 5936 5933 6328
f 6158 5936 6328
f 6154 6334 6151
f 6336 6154 6155
f 6336 6334 6154
f 6334 6336 6161
f 6334 6161 6335
f 6335 6161 6337
f 6335 6337 6338
f 6165 6338 6337
f 6165 6339 6338
f 6335 6338 6339
f 6339 6340 6341
f 6340 6160 6333
f 6341 6340 6333
f 6342 6341 6333
f 6343 6341 6342
f 6335 6339 6343
f 6339 6341 6343
f 6344 6335 6345
f 6345 6343 6342
f 6335 6343 6345
f 6155 6157 6336
f 6336 6157 6161
f 6161 5954 6337
f 6337 5954 6165
f 6340 6346 6163
f 6160 6340 6163
f 6339 6346 6340
f 6347 6346 6339
f 6165 6347 6339
f 6163 6346 6162
f 6347 5958 6346
f 6346 5958 6162
f 6165 5958 6347
f 6172 6167 6168
f 6172 6168 5983
f 6348 5986 6167
f 6173 6169 6349
f 6169 6350 6349
f 6171 6177 6351
f 6351 6177 6352
f 6353 6354 6352
f 6355 6175 6174
f 6174 6173 6349
f 6349 6355 6174
f 6355 6174 6175
f 6174 6356 6176
f 6175 6174 6176
f 6349 6350 6355
f 6357 6174 6355
f 6356 6174 6357
f 6358 6355 6350
f 6178 6359 6002
f 6178 6360 6359
f 6001 6352 6177
f 6361 6179 6002
f 6361 6362 6179
f 6353 6352 6001
f 6359 6361 6002
f 6362 6363 6179
f 6179 6363 6364
f 6365 6354 6353
f 6353 6001 6002
f 6181 6353 6002
f 6353 6181 6365
f 6181 6182 6365
f 6184 6366 6186
f 6182 6180 6186
f 6357 6184 6176
f 6366 6184 6357
f 6356 6357 6176
f 6011 6012 6367
f 6368 6012 6188
f 6368 6367 6012
f 6187 6011 6367
f 6178 6187 6360
f 6369 6364 6363
f 6370 6021 6007
f 6180 6371 6189
f 6189 6371 6191
f 6191 6370 6007
f 6370 6372 6021
f 6181 6191 6180
f 6191 6371 6180
f 6364 6180 6179
f 6180 6364 6181
f 6370 6373 6372
f 6181 6364 6374
f 6181 6374 6191
f 6373 6370 6191
f 6375 6188 6193
f 6199 6376 6200
f 6208 6194 6195
f 6194 6377 6200
f 6200 6377 6378
f 6377 6194 6208
f 6200 6376 6379
f 6194 6200 6377
f 6379 6377 6200
f 6200 6378 6379
f 6378 6200 6379
f 6208 6378 6377
f 6200 6378 6198
f 6196 6376 6199
f 6372 6376 6196
f 6372 6196 6021
f 6378 6380 6198
f 6203 6008 6205
f 6205 6008 6018
f 6192 6381 6202
f 6192 6203 6382
f 6381 6192 6382
f 6205 6382 6203
f 6383 6382 6205
f 6382 6384 6381
f 6384 6202 6381
f 6383 6385 6382
f 6202 6207 6025
f 6207 6202 6386
f 6386 6202 6384
f 6208 6031 6030
f 6387 6388 6030
f 6208 6030 6389
f 6390 6389 6030
f 6390 6030 6388
f 6198 6380 6210
f 6210 6380 6391
f 6391 6211 6210
f 6211 6392 6209
f 6378 6393 6380
f 6212 6214 6205
f 6383 6205 6204
f 6383 6204 6205
f 6214 6383 6205
f 6383 6214 6215
f 6383 6215 6394
f 6395 6385 6383
f 6396 6215 6206
f 6206 6397 6396
f 6215 6396 6394
f 6206 6207 6397
f 6387 6033 6398
f 6218 6399 6034
f 6218 6219 6399
f 6387 6030 6033
f 6033 6034 6398
f 6398 6034 6399
f 6398 6399 6400
f 6399 6219 6401
f 6219 6032 6402
f 6402 6032 6035
f 6402 6035 6032
f 6219 6032 6209
f 6219 6402 6032
f 6392 6219 6209
f 6216 6226 6403
f 6216 6403 6230
f 6226 6231 6403
f 6228 6235 6231
f 6233 6227 6230
f 6404 6233 6230
f 6405 6404 6230
f 6235 6406 6231
f 6235 6407 6406
f 6408 6237 6233
f 6409 6235 6234
f 6409 6407 6235
f 6410 6409 6234
f 6407 6409 6410
f 6407 6410 6406
f 6411 6231 6406
f 6403 6231 6412
f 6236 6239 6413
f 6404 6408 6233
f 6063 6237 6414
f 6239 6063 6414
f 6414 6237 6413
f 6413 6237 6408
f 6413 6065 6236
f 6234 6415 6410
f 6060 6415 6234
f 6416 6410 6415
f 6417 6410 6416
f 6417 6416 6410
f 6410 6418 6406
f 6416 6418 6410
f 6413 6239 6414
f 6413 6414 6419
f 6414 6420 6419
f 6420 6414 6413
f 6408 6404 6413
f 6415 6060 6238
f 6413 6421 6065
f 6238 6065 6422
f 6065 6421 6422
f 6421 6413 6419
f 6419 6423 6421
f 6238 6422 6424
f 6421 6424 6422
f 6421 6422 6424
f 6415 6238 6424
f 6425 6426 6427
f 6428 6241 6066
f 6429 6069 6240
f 6069 6429 6430
f 6242 6430 6429
f 6429 6431 6242
f 6429 6432 6431
f 6431 6432 6433
f 6433 6434 6431
f 6431 6434 6435
f 6436 6437 6072
f 6240 6069 6068
f 6070 6242 6431
f 6431 5548 6070
f 6069 6430 6242
f 6435 5548 6431
f 6072 6437 5822
f 5548 6435 5549
f 6435 6243 5549
f 6438 6244 6245
f 6439 6083 6075
f 6245 6078 6080
f 6440 6441 6442
f 6087 6246 6248
f 6086 6255 6088
f 6249 6255 6086
f 6260 6443 6259
f 6251 6440 6253
f 6441 6440 6251
f 6259 6441 6251
f 6441 6259 6442
f 6444 6262 6261
f 6258 6445 6260
f 6445 6446 6447
f 6447 6260 6445
f 6448 6447 6446
f 6094 6449 6270
f 5862 6270 6100
f 6450 6451 6269
f 6444 6094 6262
f 6449 6094 6444
f 6258 6264 6445
f 6268 6266 6452
f 6451 6266 6267
f 6269 6451 6267
f 6264 6268 6446
f 6264 6446 6445
f 6446 6268 6452
f 6266 6451 6452
f 6099 6450 6269
f 6453 6272 5618
f 6453 5618 6277
f 6453 6277 6454
f 6454 6277 6276
f 6273 6271 6272
f 6273 6272 6455
f 6455 6272 6456
f 6456 6272 6453
f 6457 6274 6102
f 6279 6278 6275
f 6107 6458 6276
f 6107 5867 6458
f 6459 6276 6458
f 6460 6276 6459
f 6454 6276 6460
f 5867 6461 6458
f 6462 6109 6279
f 6109 6462 6463
f 6283 6284 6464
f 6284 6281 6464
f 6109 6463 6281
f 6462 6279 6465
f 6464 6281 6463
f 6465 6466 6462
f 5869 6467 5867
f 5869 6468 6469
f 6468 5869 6112
f 6470 6112 5874
f 6470 5874 6471
f 5874 5870 6471
f 6112 6470 6468
f 6469 6470 6472
f 6471 6472 6470
f 6469 6468 6470
f 5871 6286 6285
f 6286 6287 6285
f 6471 5870 6287
f 6287 6286 6473
f 6291 5634 5346
f 6474 6295 6294
f 6474 6294 6296
f 6292 6295 6474
f 6297 5635 5878
f 5878 5637 6475
f 6475 6297 5878
f 6476 6296 6115
f 6476 6115 6299
f 6477 6476 6299
f 6477 6299 6300
f 6300 6302 6477
f 6302 6300 6301
f 6478 6296 6476
f 6302 5891 6119
f 6479 6118 6297
f 6318 6319 6320
f 6322 6320 6480
f 6320 6481 6480
f 6320 6319 6481
f 6319 6326 6481
f 6480 6481 6482
f 6481 6326 6483
f 6481 6483 6482
f 6480 6482 6484
f 6322 6480 6329
f 6321 6322 6329
f 6330 6329 6480
f 6480 6484 6330
f 6325 6335 6485
f 6483 6326 6325
f 6483 6325 6485
f 6486 6342 6332
f 6483 6485 6482
f 6482 6485 6344
f 6482 6344 6486
f 6486 6332 6482
f 6484 6482 6332
f 6330 6484 6332
f 6335 6344 6485
f 6344 6345 6486
f 6342 6333 6332
f 6342 6486 6345
f 6171 6172 6170
f 6172 6348 6167
f 6172 6171 6487
f 6169 6166 6350
f 6166 6488 6350
f 6488 6489 6350
f 6490 6350 6489
f 6354 6351 6352
f 6171 6351 6491
f 6492 6351 6354
f 6493 6492 6354
f 6350 6490 6358
f 6358 6357 6355
f 6358 6494 6357
f 6358 6490 6494
f 6495 6359 6360
f 6496 6361 6359
f 6354 6365 6493
f 6497 6498 6363
f 6497 6363 6362
f 6365 6182 6186
f 6366 6494 6186
f 6366 6357 6494
f 6493 6365 6186
f 6499 6187 6367
f 6367 6368 6499
f 6188 6500 6368
f 6375 6500 6188
f 6499 6360 6187
f 6500 6499 6368
f 6500 6501 6499
f 6502 6360 6499
f 6503 6502 6499
f 6501 6503 6499
f 6500 6504 6501
f 6500 6375 6504
f 6191 6371 6374
f 6373 6191 6505
f 6506 6373 6505
f 6507 6373 6506
f 6369 6505 6364
f 6505 6374 6364
f 6498 6369 6363
f 6505 6369 6498
f 6374 6505 6191
f 6374 6371 6191
f 5778 6194 6508
f 5778 6508 6193
f 6377 6508 6194
f 6373 6507 6372
f 6507 6509 6372
f 6509 6376 6372
f 6509 6379 6376
f 6506 6509 6507
f 6510 6509 6506
f 6509 6511 6379
f 6382 6512 6384
f 6512 6513 6384
f 6512 6514 6513
f 6512 6382 6385
f 6385 6514 6512
f 6386 6384 6515
f 6513 6515 6384
f 6513 6516 6515
f 6515 6516 6517
f 6386 6515 6517
f 6514 6518 6513
f 6513 6518 6516
f 6208 6389 6519
f 6520 6389 6390
f 6389 6520 6519
f 6388 6390 6521
f 6521 6390 6388
f 6390 6388 6520
f 6520 6522 6519
f 6519 6522 6523
f 6208 6519 6378
f 6393 6378 6519
f 6393 6519 6523
f 6211 6391 6524
f 6393 6211 6524
f 6523 6525 6393
f 6525 6526 6393
f 6526 6211 6393
f 6526 6523 6522
f 6523 6526 6525
f 6527 6211 6528
f 6393 6524 6380
f 6391 6380 6524
f 6529 6394 6530
f 6530 6394 6531
f 6394 6529 6383
f 6385 6395 6383
f 6529 6385 6383
f 6532 6395 6385
f 6533 6385 6529
f 6531 6394 6396
f 6531 6396 6530
f 6396 6397 6534
f 6535 6207 6386
f 6535 6397 6207
f 6535 6386 6536
f 6534 6530 6396
f 6537 6534 6397
f 6538 6537 6397
f 6539 6540 6388
f 6541 6398 6400
f 6542 6387 6398
f 6542 6388 6387
f 6541 6542 6398
f 6543 6521 6388
f 6542 6539 6388
f 6219 6392 6544
f 6400 6399 6541
f 6541 6399 6401
f 6401 6219 6544
f 6541 6544 6545
f 6541 6401 6544
f 6211 6546 6544
f 6541 6545 6547
f 6527 6546 6211
f 6548 6545 6544
f 6211 6544 6392
f 6547 6542 6541
f 6542 6547 6539
f 6547 6545 6549
f 6411 6412 6231
f 6550 6405 6230
f 6230 6403 6412
f 6230 6412 6550
f 6418 6411 6406
f 6412 6418 6416
f 6412 6411 6418
f 6412 6551 6550
f 6416 6551 6412
f 6413 6404 6420
f 6405 6552 6404
f 6552 6420 6404
f 6552 6405 6550
f 6550 6412 6553
f 6553 6412 6550
f 6417 6551 6416
f 6551 6553 6550
f 6550 6553 6554
f 6555 6552 6550
f 6550 6554 6555
f 6419 6420 6423
f 6420 6552 6555
f 6420 6555 6556
f 6555 6557 6556
f 6420 6557 6554
f 6557 6420 6556
f 6555 6554 6557
f 6415 6551 6416
f 6551 6415 6424
f 6417 6416 6551
f 6424 6558 6551
f 6422 6420 6559
f 6558 6424 6559
f 6422 6559 6424
f 6551 6559 6417
f 6558 6559 6551
f 6559 6551 6417
f 6551 6559 6554
f 6553 6551 6554
f 6420 6421 6423
f 6422 6421 6420
f 6554 6559 6420
f 6560 6561 6562
f 6560 6562 6563
f 6563 6562 6564
f 6564 6565 6566
f 6562 6561 6567
f 6561 6568 6567
f 6561 6569 6568
f 6561 6570 6569
f 6560 6571 6561
f 6572 6573 6561
f 6566 6574 6575
f 6575 6574 6576
f 6577 6566 6575
f 6568 6569 6427
f 6426 6568 6427
f 6574 6426 6576
f 6426 6574 6567
f 6568 6426 6567
f 6578 6427 6569
f 6574 6562 6567
f 6562 6574 6579
f 6565 6564 6579
f 6565 6579 6574
f 6565 6574 6566
f 6564 6562 6579
f 6578 6569 6570
f 6578 6570 6580
f 6427 6580 6581
f 6575 6582 6583
f 6580 6427 6578
f 6584 6581 6580
f 6428 6585 6241
f 6241 6585 6240
f 6586 6587 6588
f 6588 6428 6066
f 6589 6590 6429
f 6590 6589 6591
f 6592 6590 6593
f 5822 6586 6066
f 6588 6066 6586
f 6429 6592 6432
f 6590 6592 6429
f 6432 6592 6594
f 6592 6595 6594
f 6592 6593 6596
f 6596 6595 6592
f 6586 5822 6437
f 6436 6586 6437
f 6433 6432 6597
f 6433 6597 6434
f 6432 6594 6597
f 6595 6597 6594
f 6595 6434 6597
f 6434 6598 6243
f 6595 6599 6434
f 6434 6599 6598
f 6599 6600 6598
f 6436 6072 6244
f 6601 6081 6083
f 6434 6243 6435
f 6598 5828 6243
f 6598 6075 5828
f 6602 6075 6598
f 6603 6075 6602
f 6083 6604 6601
f 6600 6602 6598
f 6601 6604 6600
f 6604 6603 6600
f 6244 6438 6436
f 6245 6080 6605
f 6605 6080 6606
f 6605 6438 6245
f 6607 6606 6080
f 6083 6439 6604
f 6603 6439 6075
f 6603 6604 6439
f 6607 6080 6081
f 6608 6249 6248
f 6246 6247 6252
f 6608 6248 6246
f 6609 6246 6252
f 6255 6249 6610
f 6610 6249 6608
f 6610 6611 6255
f 6252 6246 6609
f 6253 6612 6246
f 6246 6252 6253
f 6612 6253 6440
f 6613 6440 6442
f 6613 6612 6440
f 6614 6613 6442
f 6614 6615 6613
f 6254 6255 6616
f 6616 6261 6254
f 6443 6442 6259
f 6447 6617 6443
f 6443 6617 6442
f 6614 6442 6617
f 6618 6444 6261
f 6260 6447 6443
f 6619 6446 6452
f 6452 6451 6619
f 6450 6619 6451
f 6448 6446 6619
f 6100 6450 6099
f 6620 6450 6100
f 6620 6100 6270
f 6102 6273 6457
f 6457 6275 6274
f 6457 6621 6275
f 6453 6454 6622
f 6454 6460 6622
f 6623 6460 6459
f 6459 6624 6623
f 6622 6456 6453
f 6275 6625 6279
f 6279 6625 6465
f 6466 6465 6626
f 6626 6465 6627
f 6459 6458 6461
f 6624 6459 6461
f 6467 6628 6461
f 6624 6461 6628
f 6629 5869 6630
f 6631 6463 6462
f 6464 6463 6631
f 6462 6466 6631
f 6632 6631 6466
f 6464 6631 6633
f 6464 6633 6283
f 5867 6467 6461
f 6467 5869 6629
f 6630 5869 6469
f 6634 6286 6111
f 6282 6634 6111
f 6635 6286 6634
f 6635 6473 6286
f 6282 6636 6634
f 6635 6634 6636
f 6471 6287 6473
f 6637 6471 6638
f 6638 6471 6473
f 6471 6637 6472
f 6637 6638 6472
f 6292 6639 6290
f 6639 6291 6290
f 6639 6292 6640
f 6641 6474 6296
f 6640 6292 6474
f 6642 6640 6292
f 6642 6292 6640
f 6640 6474 6641
f 6643 6639 6640
f 5634 6291 6293
f 6644 6297 6475
f 6479 6644 6475
f 5637 6479 6475
f 6478 6641 6296
f 6118 6645 6303
f 6303 6645 6646
f 6644 6479 6297
f 6302 6119 6646
f 6119 6303 6646
f 5986 6487 6647
f 6487 5986 6348
f 5986 6647 6166
f 6166 6647 6488
f 6487 6171 6648
f 6487 6348 6172
f 6489 6649 6490
f 6490 6649 6650
f 6651 6650 6649
f 6489 6488 6652
f 6489 6652 6649
f 6648 6171 6491
f 6491 6351 6492
f 6186 6653 6654
f 6655 6493 6654
f 6493 6655 6656
f 6186 6657 6653
f 6494 6490 6658
f 6650 6658 6490
f 6659 6658 6650
f 6658 6659 6494
f 6494 6659 6186
f 6657 6659 6650
f 6659 6657 6186
f 6495 6502 6660
f 6495 6661 6359
f 6495 6360 6502
f 6661 6496 6359
f 6662 6663 6496
f 6663 6361 6496
f 6664 6361 6663
f 6664 6362 6361
f 6664 6663 6362
f 6362 6663 6665
f 6665 6497 6362
f 6498 6497 6665
f 6186 6654 6493
f 6503 6660 6502
f 6660 6503 6666
f 6503 6501 6666
f 6501 6504 6666
f 6667 6668 6669
f 6667 6670 6668
f 6671 6498 6665
f 6498 6672 6505
f 6505 6672 6506
f 6671 6668 6498
f 6498 6668 6672
f 6668 6670 6672
f 6508 6375 6193
f 6375 6508 6673
f 6504 6375 6673
f 6673 6508 6674
f 6377 6379 6511
f 6509 6510 6670
f 6670 6511 6509
f 6508 6377 6675
f 6675 6377 6511
f 6511 6670 6675
f 6672 6510 6506
f 6670 6510 6672
f 6388 6521 6520
f 6521 6676 6520
f 6521 6677 6676
f 6520 6676 6522
f 6677 6528 6676
f 6528 6677 6678
f 6526 6528 6211
f 6676 6526 6522
f 6528 6526 6676
f 6679 6385 6395
f 6532 6679 6395
f 6532 6385 6679
f 6385 6533 6679
f 6529 6680 6533
f 6529 6530 6537
f 6529 6537 6680
f 6681 6514 6385
f 6538 6397 6535
f 6537 6530 6682
f 6530 6534 6537
f 6682 6530 6537
f 6683 6537 6538
f 6535 6536 6538
f 6517 6536 6386
f 6538 6536 6517
f 6540 6543 6388
f 6521 6543 6684
f 6684 6543 6685
f 6686 6685 6543
f 6521 6684 6677
f 6677 6684 6678
f 6684 6687 6678
f 6528 6678 6688
f 6689 6548 6544
f 6689 6544 6546
f 6527 6690 6546
f 6690 6689 6546
f 6691 6689 6690
f 6692 6537 6682
f 6693 6540 6539
f 6686 6543 6540
f 6686 6540 6693
f 6694 6686 6693
f 6549 6545 6548
f 6693 6539 6547
f 6693 6547 6695
f 6696 6693 6695
f 6695 6547 6549
f 6549 6696 6695
f 6696 6549 6697
f 6689 6698 6548
f 6698 6549 6548
f 6693 6696 6699
f 6699 6700 6693
f 6701 6693 6700
f 6694 6693 6701
f 6701 6700 6702
f 6700 6699 6702
f 6699 6703 6702
f 6704 6699 6696
f 6704 6696 6697
f 6703 6699 6705
f 6705 6699 6706
f 6702 6703 6707
f 6704 6705 6699
f 6708 6709 6710
f 6711 6710 6709
f 6708 6712 6713
f 6710 6714 6708
f 6714 6712 6708
f 6712 6715 6713
f 6561 6571 6708
f 6716 6708 6571
f 6709 6708 6716
f 6709 6716 6571
f 6571 6717 6718
f 6571 6719 6709
f 6571 6718 6719
f 6708 6573 6572
f 6708 6720 6573
f 6713 6715 6720
f 6713 6720 6708
f 6721 6573 6720
f 6711 6709 6719
f 6722 6573 6721
f 6573 6722 6723
f 6715 6721 6720
f 6724 6560 6563
f 6577 6564 6566
f 6717 6571 6563
f 6564 6717 6563
f 6577 6725 6564
f 6725 6717 6564
f 6575 6726 6725
f 6724 6571 6560
f 6708 6572 6561
f 6561 6727 6570
f 6561 6573 6727
f 6569 6570 6727
f 6571 6724 6563
f 6723 6570 6569
f 6573 6723 6727
f 6723 6569 6727
f 6570 6723 6728
f 6729 6570 6728
f 6575 6583 6726
f 6583 6730 6726
f 6575 6725 6577
f 6584 6580 6570
f 6584 6570 6726
f 6729 6726 6570
f 6729 6725 6726
f 6731 6730 6583
f 6581 6730 6732
f 6730 6581 6726
f 6726 6581 6584
f 6428 6733 6585
f 6734 6733 6588
f 6733 6428 6588
f 6735 6734 6587
f 6736 6735 6737
f 6735 6587 6737
f 6738 6429 6739
f 6740 6741 6738
f 6742 6738 6743
f 6742 6740 6738
f 6585 6739 6240
f 6429 6240 6739
f 6738 6589 6429
f 6738 6741 6589
f 6741 6591 6589
f 6741 6740 6591
f 6593 6591 6740
f 6744 6593 6740
f 6593 6744 6745
f 6744 6740 6742
f 6746 6745 6744
f 6734 6588 6587
f 6586 6737 6587
f 6747 6586 6748
f 6749 6747 6748
f 6590 6591 6593
f 6596 6593 6750
f 6593 6751 6750
f 6745 6751 6593
f 6748 6586 6436
f 6748 6436 6438
f 6749 6748 6438
f 6605 6606 6752
f 6751 6596 6750
f 6753 6596 6751
f 6595 6596 6753
f 6595 6753 6754
f 6755 6595 6754
f 6756 6754 6753
f 6752 6438 6605
f 6601 6600 6607
f 6607 6600 6757
f 6600 6599 6595
f 6755 6757 6595
f 6757 6600 6595
f 6607 6757 6758
f 6759 6757 6755
f 6607 6081 6601
f 6600 6603 6602
f 6760 6246 6609
f 6760 6761 6246
f 6760 6609 6762
f 6246 6763 6608
f 6608 6764 6610
f 6246 6761 6763
f 6763 6764 6608
f 6612 6615 6609
f 6246 6612 6609
f 6765 6609 6615
f 6766 6767 6615
f 6616 6255 6768
f 6769 6770 6768
f 6770 6616 6768
f 6771 6770 6769
f 6771 6772 6770
f 6615 6612 6613
f 6773 6614 6617
f 6617 6774 6773
f 6766 6615 6775
f 6773 6775 6615
f 6614 6773 6615
f 6767 6766 6775
f 6776 6777 6774
f 6772 6444 6618
f 6270 6449 6620
f 6620 6449 6772
f 6616 6618 6261
f 6770 6618 6616
f 6772 6618 6770
f 6447 6776 6617
f 6448 6776 6447
f 6776 6774 6617
f 6778 6619 6450
f 6778 6448 6619
f 6776 6448 6777
f 6777 6448 6778
f 6772 6449 6444
f 6620 6778 6450
f 6779 6780 6457
f 6780 6621 6457
f 6456 6622 6781
f 6457 6273 6779
f 6465 6625 6627
f 6625 6275 6782
f 6621 6782 6275
f 6625 6782 6627
f 6781 6622 6460
f 6783 6781 6460
f 6460 6623 6783
f 6623 6784 6783
f 6624 6784 6623
f 6626 6632 6466
f 6785 6786 6632
f 6787 6785 6632
f 6788 6786 6785
f 6786 6788 6789
f 6790 6630 6469
f 6791 6630 6790
f 6629 6792 6467
f 6792 6629 6791
f 6791 6629 6630
f 6631 6632 6786
f 6786 6633 6631
f 6469 6793 6790
f 6794 6469 6472
f 6795 6790 6793
f 6469 6794 6793
f 6793 6794 6795
f 6635 6796 6473
f 6472 6638 6797
f 6797 6638 6473
f 6473 6796 6797
f 6643 6640 6642
f 6642 6640 6641
f 6798 6291 6639
f 6643 6798 6639
f 6799 6643 6642
f 6798 6800 6291
f 6291 6800 6293
f 6801 5637 6293
f 6800 6801 6293
f 6802 5637 6801
f 5637 6802 6479
f 6803 6642 6641
f 6476 6804 6478
f 6476 6805 6804
f 6803 6641 6806
f 6806 6641 6478
f 6806 6478 6804
f 6118 6807 6645
f 6808 6809 6118
f 6807 6118 6809
f 6479 6808 6118
f 6810 6811 6479
f 6812 6807 6809
f 6805 6476 6477
f 6813 6477 6302
f 6805 6477 6813
f 6814 6813 6302
f 6815 6302 6646
f 6812 6645 6807
f 6816 6817 6647
f 6488 6647 6818
f 6818 6819 6488
f 6817 6818 6647
f 6818 6820 6819
f 6817 6820 6818
f 6648 6491 6821
f 6822 6648 6821
f 6492 6821 6491
f 6487 6648 6823
f 6823 6648 6822
f 6492 6493 6821
f 6493 6824 6821
f 6488 6819 6652
f 6820 6652 6819
f 6825 6649 6652
f 6649 6825 6651
f 6824 6493 6656
f 6826 6657 6659
f 6654 6656 6655
f 6653 6656 6654
f 6653 6657 6827
f 6827 6826 6651
f 6657 6826 6827
f 6825 6827 6651
f 6651 6657 6650
f 6651 6826 6657
f 6826 6659 6657
f 6666 6828 6829
f 6829 6660 6666
f 6830 6496 6661
f 6495 6829 6661
f 6829 6495 6660
f 6830 6831 6496
f 6831 6662 6496
f 6661 6829 6832
f 6832 6830 6661
f 6833 6663 6662
f 6833 6834 6663
f 6835 6665 6834
f 6835 6834 6833
f 6663 6834 6665
f 6666 6836 6837
f 6836 6666 6838
f 6837 6828 6666
f 6837 6836 6828
f 6839 6666 6504
f 6839 6504 6673
f 6838 6666 6839
f 6838 6839 6840
f 6668 6671 6665
f 6668 6665 6669
f 6669 6665 6841
f 6842 6669 6841
f 6843 6667 6844
f 6670 6667 6843
f 6665 6835 6841
f 6669 6844 6667
f 6841 6844 6669
f 6842 6841 6669
f 6673 6674 6840
f 6839 6673 6840
f 6838 6840 6674
f 6838 6674 6508
f 6508 6675 6845
f 6846 6675 6844
f 6844 6847 6846
f 6675 6846 6845
f 6846 6848 6845
f 6670 6843 6844
f 6670 6844 6675
f 6849 6680 6537
f 6514 6681 6518
f 6533 6680 6850
f 6849 6850 6680
f 6850 6849 6537
f 6385 6679 6681
f 6851 6679 6849
f 6849 6679 6533
f 6850 6849 6533
f 6518 6852 6516
f 6516 6852 6517
f 6687 6684 6853
f 6853 6684 6685
f 6685 6854 6853
f 6853 6855 6687
f 6854 6855 6853
f 6856 6688 6678
f 6528 6688 6856
f 6527 6528 6856
f 6856 6678 6687
f 6687 6855 6857
f 6687 6857 6856
f 6858 6856 6857
f 6527 6691 6690
f 6850 6537 6692
f 6685 6859 6854
f 6859 6685 6686
f 6859 6686 6860
f 6854 6859 6855
f 6859 6861 6855
f 6860 6861 6859
f 6860 6862 6861
f 6857 6855 6861
f 6863 6861 6862
f 6698 6697 6549
f 6691 6527 6858
f 6527 6856 6858
f 6864 6691 6858
f 6691 6864 6689
f 6857 6861 6863
f 6857 6863 6858
f 6858 6863 6865
f 6858 6865 6864
f 6860 6686 6694
f 6862 6860 6866
f 6867 6868 6862
f 6867 6862 6866
f 6701 6702 6694
f 6862 6868 6869
f 6864 6698 6689
f 6870 6864 6871
f 6870 6698 6864
f 6698 6872 6697
f 6870 6873 6872
f 6870 6872 6698
f 6864 6865 6871
f 6871 6874 6870
f 6874 6873 6870
f 6875 6871 6865
f 6871 6875 6874
f 6703 6876 6707
f 6702 6877 6694
f 6702 6707 6877
f 6860 6694 6877
f 6860 6877 6878
f 6860 6878 6866
f 6866 6879 6867
f 6879 6866 6878
f 6704 6880 6705
f 6699 6705 6706
f 6703 6705 6876
f 6697 6881 6704
f 6882 6877 6883
f 6877 6882 6878
f 6878 6882 6884
f 6885 6886 6876
f 6707 6876 6877
f 6877 6876 6883
f 6883 6876 6886
f 6879 6878 6884
f 6705 6706 6876
f 6876 6706 6885
f 6880 6885 6705
f 6705 6885 6706
f 6885 6880 6887
f 6888 6885 6887
f 6881 6880 6704
f 6881 6887 6880
f 6881 6697 6872
f 6872 6889 6881
f 6883 6890 6891
f 6883 6886 6890
f 6883 6891 6882
f 6885 6887 6886
f 6885 6888 6887
f 6887 6888 6892
f 6887 6893 6886
f 6888 6887 6892
f 6894 6895 6881
f 6896 6890 6886
f 6886 6893 6896
f 6897 6896 6898
f 6896 6899 6898
f 6897 6898 6900
f 6897 6890 6896
f 6891 6890 6897
f 6891 6897 6900
f 6882 6891 6901
f 6887 6892 6893
f 6893 6892 6896
f 6892 6899 6896
f 6892 6887 6899
f 6887 6881 6895
f 6895 6899 6887
f 6891 6900 6902
f 6903 6891 6902
f 6901 6891 6903
f 6904 6903 6902
f 6905 6898 6899
f 6906 6905 6895
f 6894 6906 6895
f 6907 6906 6894
f 6895 6905 6899
f 6908 6711 6909
f 6710 6910 6714
f 6910 6900 6714
f 6714 6900 6712
f 6710 6711 6908
f 6910 6710 6902
f 6911 6908 6909
f 6710 6908 6902
f 6900 6912 6712
f 6712 6912 6715
f 6912 6913 6715
f 6910 6902 6900
f 6900 6898 6905
f 6900 6905 6912
f 6914 6912 6905
f 6913 6912 6914
f 6913 6914 6915
f 6905 6916 6914
f 6905 6906 6916
f 6917 6906 6907
f 6914 6916 6918
f 6919 6915 6914
f 6918 6919 6914
f 6906 6920 6916
f 6917 6920 6906
f 6920 6918 6916
f 6719 6718 6709
f 6719 6921 6711
f 6719 6922 6921
f 6719 6923 6922
f 6719 6709 6923
f 6923 6709 6924
f 6711 6921 6922
f 6925 6923 6924
f 6711 6926 6909
f 6926 6711 6922
f 6926 6922 6923
f 6925 6927 6923
f 6928 6929 6930
f 6715 6913 6721
f 6913 6915 6721
f 6928 6929 6721
f 6928 6915 6919
f 6721 6915 6928
f 6919 6931 6928
f 6929 6928 6930
f 6931 6928 6929
f 6931 6929 6928
f 6931 6919 6928
f 6717 6932 6718
f 6709 6718 6932
f 6932 6933 6709
f 6934 6933 6932
f 6935 6934 6932
f 6933 6924 6709
f 6933 6934 6936
f 6936 6934 6937
f 6924 6933 6936
f 6938 6930 6939
f 6938 6936 6937
f 6924 6936 6940
f 6940 6936 6938
f 6940 6938 6939
f 6925 6924 6940
f 6938 6723 6722
f 6722 6721 6929
f 6722 6929 6938
f 6929 6930 6938
f 6940 6939 6930
f 6941 6940 6930
f 6935 6932 6717
f 6725 6935 6717
f 6729 6935 6725
f 6935 6729 6728
f 6937 6934 6728
f 6728 6934 6935
f 6942 6728 6723
f 6938 6942 6723
f 6942 6938 6728
f 6937 6728 6938
f 6733 6943 6585
f 6944 6738 6739
f 6945 6738 6944
f 6945 6946 6738
f 6947 6946 6945
f 6947 6948 6949
f 6734 6950 6733
f 6735 6950 6734
f 6735 6951 6950
f 6733 6950 6943
f 6736 6951 6735
f 6951 6952 6950
f 6947 6743 6946
f 6947 6949 6743
f 6743 6953 6954
f 6953 6743 6949
f 6955 6954 6953
f 6956 6736 6747
f 6749 6956 6747
f 6946 6743 6738
f 6954 6742 6743
f 6955 6957 6954
f 6957 6742 6954
f 6747 6737 6586
f 6736 6737 6747
f 6749 6752 6958
f 6742 6746 6744
f 6957 6746 6742
f 6957 6959 6746
f 6957 6960 6959
f 6438 6752 6749
f 6960 6961 6959
f 6962 6961 6960
f 6963 6962 6964
f 6965 6962 6963
f 6965 6963 6966
f 6751 6967 6968
f 6959 6745 6746
f 6751 6745 6959
f 6753 6751 6968
f 6968 6756 6753
f 6967 6751 6959
f 6961 6967 6959
f 6969 6751 6967
f 6967 6751 6969
f 6970 6967 6961
f 6968 6967 6971
f 6752 6606 6972
f 6972 6606 6607
f 6752 6966 6963
f 6963 6966 6752
f 6973 6607 6758
f 6974 6752 6972
f 6975 6972 6607
f 6755 6976 6759
f 6754 6976 6755
f 6758 6757 6977
f 6977 6757 6759
f 6754 6756 6976
f 6759 6976 6977
f 6764 6763 6978
f 6761 6979 6763
f 6763 6979 6978
f 6609 6980 6762
f 6609 6765 6980
f 6981 6760 6762
f 6762 6980 6981
f 6764 6978 6610
f 6611 6982 6255
f 6768 6255 6982
f 6767 6765 6615
f 6983 6984 6767
f 6985 6772 6771
f 6772 6985 6620
f 6773 6983 6775
f 6773 6774 6983
f 6774 6777 6983
f 6983 6767 6775
f 6983 6777 6986
f 6987 6986 6778
f 6984 6983 6986
f 6778 6620 6987
f 6778 6986 6777
f 6988 6273 6455
f 6779 6989 6780
f 6779 6273 6990
f 6989 6779 6990
f 6988 6990 6273
f 6990 6988 6991
f 6988 6455 6992
f 6991 6988 6992
f 6780 6989 6621
f 6621 6993 6782
f 6627 6994 6626
f 6995 6627 6782
f 6627 6995 6994
f 6996 6632 6626
f 6784 6624 6628
f 6997 6783 6784
f 6467 6998 6628
f 6998 6467 6792
f 6998 6792 6999
f 6628 6998 6784
f 6998 7000 6784
f 6999 7000 6998
f 6792 6791 6999
f 6791 6790 7001
f 7002 7003 7001
f 6788 6785 6787
f 6996 6788 6787
f 6789 6788 6996
f 6996 6787 6632
f 6633 6786 6789
f 6789 6996 7004
f 7005 7002 6790
f 6472 7006 6794
f 7006 6472 7007
f 7006 7008 6794
f 7009 7007 6472
f 6796 6635 6636
f 6643 6799 6798
f 6798 6799 7010
f 7011 6798 7010
f 7011 7010 7012
f 6801 6800 7013
f 6798 7014 6800
f 7014 7013 6800
f 7015 6801 7013
f 6802 6810 6479
f 6799 6642 6803
f 7016 6799 6803
f 7016 6803 7017
f 7017 6803 6806
f 7017 6806 7016
f 6811 6808 6479
f 6808 6812 6809
f 7018 6811 6810
f 7019 6808 6811
f 6810 7020 7018
f 7021 6811 7018
f 7022 6805 6813
f 7022 6813 6814
f 6646 6645 7023
f 6646 7023 6815
f 7023 6645 6812
f 7024 6812 6808
f 6823 6822 7025
f 7026 7025 6822
f 7027 6823 7025
f 7027 7025 7028
f 6487 6823 7029
f 7029 6647 6487
f 7029 6816 6647
f 6823 7027 7029
f 6816 7030 6817
f 7031 6816 7029
f 7030 7032 6817
f 7032 7033 6817
f 7034 7033 7032
f 7032 7035 7034
f 7033 6820 6817
f 7036 7037 7038
f 7038 7037 7039
f 7037 7040 7039
f 7041 7042 7037
f 7043 7041 7037
f 7042 7040 7037
f 7044 6822 6821
f 6822 7044 7026
f 7026 7044 7045
f 7044 6824 7046
f 7045 7044 7046
f 7047 7045 7046
f 7048 7026 7045
f 7044 6821 6824
f 7049 6825 6652
f 6820 7049 6652
f 7049 7050 6827
f 7049 6827 6825
f 6820 7033 7049
f 7051 7052 7050
f 7051 7050 7049
f 7052 6656 7050
f 7049 7053 7051
f 7053 7052 7051
f 7033 7054 7053
f 7049 7033 7053
f 7055 7056 7057
f 7056 7039 7058
f 6656 7046 6824
f 7059 7046 6656
f 7052 7059 6656
f 7050 6653 6827
f 7050 6656 6653
f 7056 7058 7060
f 7061 7062 7063
f 7063 7062 6828
f 7062 6830 6832
f 6832 6829 6828
f 6832 6828 7062
f 7064 6662 6831
f 7064 7065 6662
f 6830 7064 6831
f 7064 7066 7065
f 7067 7066 7064
f 7067 7068 7066
f 7067 7064 7069
f 7069 7064 6830
f 6662 7065 6833
f 7066 6833 7065
f 6835 6833 7066
f 7063 7070 7061
f 7063 6828 7070
f 6828 7071 7070
f 7070 7071 7072
f 6828 6836 7071
f 6836 6838 7071
f 7072 7071 6838
f 7072 6838 7073
f 7074 7075 7076
f 7074 7077 7075
f 7078 7079 7077
f 6835 6847 6844
f 6841 6835 6844
f 6835 7080 6847
f 6848 6847 7075
f 7066 7080 6835
f 7080 7076 6847
f 7076 7075 6847
f 7068 7074 7080
f 7066 7068 7080
f 7080 7074 7076
f 7073 6838 7081
f 7081 6838 6508
f 7079 7081 6508
f 7079 6508 6845
f 7079 6845 7082
f 7082 6845 7075
f 7079 7082 7075
f 7075 7077 7079
f 6847 6848 6846
f 6848 7075 6845
f 6851 6681 6679
f 6518 6681 7083
f 6849 7084 6851
f 6851 7083 6681
f 7085 7084 6849
f 7085 6849 6850
f 7086 6683 6538
f 6538 7087 7086
f 6518 7088 6852
f 6850 6692 7089
f 6692 6682 7090
f 7090 6682 6537
f 6863 6862 6865
f 6867 7091 6868
f 6862 7092 6865
f 6869 6868 6862
f 6862 6868 7092
f 7092 6868 7093
f 6868 7091 7093
f 6865 7092 6875
f 7091 6867 6879
f 6879 7094 7091
f 7095 7091 7094
f 7091 7095 7094
f 7094 7096 7097
f 7098 6873 6875
f 6875 7092 7098
f 7091 7097 7093
f 7091 7094 7097
f 7093 7097 7092
f 7092 7097 7098
f 7098 7097 6873
f 6874 6875 6873
f 6879 6884 7094
f 7095 7094 6884
f 6884 7099 7095
f 7094 7095 7096
f 7095 7099 7100
f 7096 7095 7101
f 7095 7100 7101
f 7096 7101 7102
f 7101 7100 7102
f 7100 7103 7102
f 7104 6872 6873
f 7104 6889 6872
f 7096 6873 7097
f 7104 6873 7096
f 7100 7105 7106
f 7099 7105 7100
f 7099 7107 7105
f 7096 7103 7104
f 7103 7108 7109
f 7108 7110 7109
f 7102 7103 7096
f 7100 7106 7111
f 7100 7111 7103
f 7103 7111 7110
f 7103 7110 7108
f 6889 6894 6881
f 7104 7103 7109
f 7109 6889 7104
f 6884 6882 6901
f 6901 7099 6884
f 7107 7099 6901
f 7107 6901 6904
f 7112 7107 6904
f 7107 7112 7105
f 7106 7105 7112
f 7106 7112 7113
f 7106 7113 7111
f 7109 6894 6889
f 7109 7110 6894
f 6894 7110 7114
f 7115 7110 7111
f 7111 7113 7115
f 6901 6903 6904
f 6904 6902 7116
f 7112 6904 7116
f 7117 6917 6907
f 7118 6917 7117
f 7118 7119 6917
f 7112 7120 7113
f 7113 7118 7115
f 7120 7118 7113
f 7120 7119 7118
f 7114 6907 6894
f 7117 6907 7114
f 7110 7115 7114
f 7115 7118 7117
f 7114 7115 7117
f 7121 7122 6908
f 6908 7122 7123
f 7122 7124 7123
f 7116 6902 6908
f 7116 6908 7112
f 7112 7123 7120
f 7112 6908 7123
f 7120 7123 7119
f 6918 6920 6917
f 7125 6919 6918
f 6917 7119 7126
f 7123 7125 7119
f 7125 6918 7126
f 7125 7126 7119
f 7126 6918 6917
f 6926 6911 6909
f 7127 7128 6911
f 6911 7128 6908
f 6925 7129 6927
f 6926 6923 7127
f 7127 6923 6927
f 6927 7129 7130
f 7130 7127 6927
f 6926 7127 7130
f 7121 7124 7122
f 7131 6929 6928
f 6929 7132 6930
f 7124 7131 7123
f 7128 7121 6908
f 7133 6929 7131
f 6929 7133 7132
f 7128 7134 7121
f 7124 7135 7131
f 7121 7135 7124
f 6919 7123 7131
f 6928 6919 7131
f 6919 7125 7123
f 6940 7129 6925
f 7136 6940 6941
f 7129 6940 7136
f 7137 7130 7129
f 7137 7129 7136
f 7132 7138 6930
f 6941 6930 7136
f 7136 6930 6941
f 7138 6941 6930
f 7136 7138 7132
f 7136 6941 7138
f 7133 7136 7132
f 7137 7136 7133
f 6944 6739 6585
f 6944 7139 6945
f 7140 7141 7142
f 6943 6950 6952
f 6948 6945 7142
f 7143 6948 7142
f 7142 7141 7143
f 6948 6947 6945
f 6949 6948 6953
f 7143 6953 6948
f 7143 7144 6953
f 7145 6951 6736
f 7145 6736 6956
f 6956 6749 6958
f 7146 7147 7148
f 7144 6955 6953
f 7149 7150 7148
f 7144 7150 7149
f 7146 6964 6962
f 7144 7151 6955
f 7151 6957 6955
f 7151 6960 6957
f 7151 7152 6960
f 7151 7149 7152
f 7149 7151 7144
f 6962 6960 7147
f 6960 7152 7147
f 7147 7146 6962
f 7152 7149 7148
f 7152 7148 7147
f 6752 6963 6958
f 6962 6970 6961
f 7153 6965 7154
f 6970 6962 7153
f 7155 6969 6970
f 7156 6967 6969
f 6969 7155 7156
f 7157 7156 7155
f 6962 6965 7153
f 7158 6965 6966
f 7158 6966 6963
f 7159 7154 6965
f 7158 7159 6965
f 7160 7161 6972
f 6970 6969 6967
f 6971 6756 6968
f 7156 6971 6967
f 7162 6756 6971
f 7163 7162 6971
f 6971 7156 7157
f 7157 7163 6971
f 7163 7164 6971
f 7164 7163 6971
f 7165 7162 7163
f 7164 7163 7165
f 6974 6963 6752
f 7161 6963 6974
f 6972 7161 6974
f 6973 6758 7166
f 7160 6972 6975
f 7162 6976 6756
f 6977 7166 6758
f 7167 7166 6976
f 6976 7166 6977
f 7162 7167 6976
f 6760 6981 7168
f 6981 6980 6765
f 6767 6981 6765
f 7169 6981 6767
f 6767 7170 7169
f 6767 7171 7170
f 7172 6771 6769
f 6768 6982 6769
f 6982 7172 6769
f 6984 7171 6767
f 6984 6986 7173
f 6984 7173 7171
f 7174 6270 6620
f 7174 6620 6270
f 6986 6987 7173
f 7175 6621 6989
f 6993 6621 7175
f 6989 6990 7176
f 7175 7177 6993
f 7178 6993 7177
f 6993 7178 6995
f 6992 6455 6456
f 6456 6781 7179
f 6992 6456 7180
f 7180 6456 7179
f 6781 7181 7179
f 7182 7179 7181
f 7182 7181 7183
f 6993 6995 6782
f 6994 6995 7184
f 6783 7181 6781
f 7185 7181 6783
f 6783 6997 7185
f 6997 6784 7000
f 6997 7000 7186
f 7181 7185 7187
f 7187 7185 6997
f 6997 7186 7187
f 7000 7188 7186
f 7188 7000 6999
f 7189 6626 6994
f 7189 6996 6626
f 7001 6790 7002
f 6791 7001 6999
f 6999 7001 7003
f 7190 6999 7003
f 7191 7003 7002
f 6999 7190 7192
f 7190 7003 7193
f 7004 7194 7195
f 7196 7194 7003
f 7003 7194 7193
f 7194 7197 7193
f 7196 7193 7194
f 7193 7197 7194
f 7193 7196 7003
f 7195 7194 7197
f 7003 7191 7193
f 7193 7197 7190
f 7198 7195 7197
f 7199 6633 6789
f 7200 6633 7199
f 7201 7004 7195
f 7201 6789 7004
f 6283 6633 7200
f 7005 6790 7191
f 7191 7002 7005
f 6794 7202 6795
f 6794 7008 7202
f 7202 7008 7009
f 6283 7203 6282
f 7007 7009 7006
f 7008 7006 7009
f 6797 6796 7204
f 7009 6472 7205
f 6472 6797 7205
f 7205 6797 7204
f 7206 7010 6799
f 7012 7010 7206
f 7207 7208 7012
f 7209 7210 7211
f 7212 6810 6802
f 7212 7020 6810
f 7209 7020 7210
f 6802 7213 7212
f 6802 6801 7213
f 7212 7210 7020
f 7214 6799 7016
f 7016 6806 6804
f 7019 6811 7021
f 7018 7020 7209
f 7211 7018 7209
f 6805 7215 6804
f 6805 7022 7016
f 7016 7022 6814
f 6812 7024 7023
f 6814 6302 6815
f 7216 6815 7023
f 7019 7024 6808
f 7217 7029 7027
f 7217 7031 7029
f 7217 7218 7031
f 7030 6816 7218
f 7219 7220 7025
f 7221 7025 7026
f 7025 7221 7219
f 7217 7027 7028
f 7028 7025 7220
f 7218 6816 7031
f 7222 7223 7030
f 7224 7030 7225
f 7222 7032 7030
f 7035 7032 7222
f 7222 7030 7035
f 7035 7030 7034
f 7034 7054 7033
f 7224 7034 7030
f 7054 7034 7224
f 7054 7224 7226
f 7227 7228 7229
f 7230 7227 7231
f 7231 7227 7229
f 7232 7233 7043
f 7234 7043 7230
f 7234 7230 7231
f 7043 7235 7232
f 7234 7235 7043
f 7041 7043 7233
f 7232 7236 7233
f 7048 7221 7026
f 7048 7219 7221
f 7237 7219 7048
f 7237 7047 7238
f 7047 7046 7238
f 7048 7045 7047
f 7047 7237 7048
f 7239 7046 7059
f 7052 7240 7059
f 7059 7241 7242
f 7059 7240 7241
f 7224 7242 7241
f 7059 7242 7243
f 7059 7243 7239
f 7054 7052 7053
f 7244 7052 7054
f 7240 7244 7054
f 7240 7052 7244
f 7241 7054 7226
f 7241 7240 7054
f 7241 7226 7224
f 7245 7246 7228
f 7246 7245 7247
f 7246 7247 7228
f 7228 7247 7229
f 7039 7040 7058
f 7040 7248 7058
f 7249 7248 7040
f 7248 7249 7250
f 7249 7040 7042
f 7042 7041 7249
f 7041 7251 7249
f 7236 7041 7233
f 7249 7251 7252
f 7252 7250 7249
f 7252 7253 7254
f 7251 7253 7252
f 7255 7253 7251
f 7255 7251 7256
f 7257 7258 7259
f 7228 7260 7245
f 7060 7057 7056
f 7261 7060 7058
f 7262 7263 7057
f 7263 7262 7264
f 7265 7264 7262
f 7250 7266 7248
f 7058 7248 7261
f 7266 7261 7248
f 7261 7057 7060
f 7267 7262 7057
f 7250 7252 7266
f 7266 7254 7268
f 7252 7254 7266
f 7254 7269 7266
f 7268 7254 7266
f 7269 7261 7266
f 7267 7057 7261
f 7261 7269 7267
f 7268 7270 7271
f 7268 7271 7254
f 7254 7253 7255
f 7270 7254 7255
f 7270 7255 7272
f 7254 7270 7268
f 7254 7270 7269
f 7254 7271 7270
f 7272 7273 7274
f 7273 7275 7276
f 7270 7272 7274
f 7273 7061 7274
f 7061 7273 7276
f 7275 7272 7255
f 7273 7272 7275
f 7257 7275 7255
f 7259 7275 7257
f 7276 7275 7259
f 7061 7276 7062
f 7259 7277 7276
f 7258 7277 7259
f 7276 6830 7062
f 7276 7277 6830
f 7277 7258 6830
f 7278 7069 7258
f 7279 7069 7278
f 7279 7280 7069
f 7281 7067 7069
f 7258 7069 6830
f 7281 7282 7067
f 7281 7069 7280
f 7283 7067 7282
f 7284 7281 7280
f 7284 7282 7281
f 7283 7282 7284
f 7285 7283 7284
f 7262 7267 7286
f 7267 7269 7286
f 7287 7274 7061
f 7274 7287 7270
f 7288 7287 7289
f 7287 7269 7270
f 7269 7287 7288
f 7286 7269 7288
f 7290 7286 7288
f 7286 7290 7291
f 7070 7289 7061
f 7289 7287 7061
f 7290 7288 7289
f 7289 7070 7072
f 7289 7072 7073
f 7289 7073 7290
f 7290 7073 7081
f 7290 7081 7292
f 7292 7081 7079
f 7292 7079 7293
f 7293 7294 7292
f 7293 7078 7294
f 7078 7293 7079
f 7295 7078 7296
f 7078 7295 7294
f 7077 7297 7078
f 7068 7298 7074
f 7074 7298 7297
f 7297 7077 7074
f 7068 7067 7298
f 7078 7297 7298
f 7299 7067 7283
f 7067 7299 7298
f 7298 7299 7283
f 7283 7296 7298
f 7078 7298 7296
f 6851 7084 7300
f 7300 7083 6851
f 7088 6518 7083
f 6850 7089 6849
f 7301 6849 7089
f 7301 6850 6849
f 6517 7087 6538
f 7302 6683 7086
f 7303 7086 7087
f 7302 7086 7303
f 7302 7303 7304
f 6683 7090 6537
f 6683 7302 7090
f 7302 7305 7090
f 7305 7302 7304
f 7306 7307 7308
f 7306 7308 7309
f 7310 7311 7312
f 7311 7313 7312
f 7309 7308 7311
f 7310 7309 7311
f 7314 7311 7315
f 7316 7311 7308
f 7311 7316 7315
f 7313 7311 7317
f 7317 6926 7313
f 7311 7314 7317
f 7314 6926 7317
f 7315 7318 7314
f 7314 6911 6926
f 7314 7127 6911
f 7314 7128 7127
f 7319 7320 7134
f 7314 7319 7128
f 7319 7134 7128
f 7121 7320 7135
f 7121 7134 7320
f 7135 7133 7131
f 7320 7319 7135
f 7135 7321 7322
f 7307 7306 7323
f 7323 7324 7325
f 7323 7325 7307
f 7307 7325 7308
f 7306 7309 7326
f 7324 7323 7326
f 7326 7309 7324
f 7309 7327 7324
f 7310 7326 7309
f 7309 7326 7310
f 7326 7323 7306
f 7324 7328 7325
f 7324 7327 7328
f 7316 7308 7325
f 7312 7329 7325
f 7316 7325 7330
f 7310 7312 7309
f 7312 7331 7309
f 7312 7313 7331
f 7309 7331 7327
f 7327 7331 7312
f 7327 7312 7328
f 7332 7328 7312
f 7328 7332 7312
f 7328 7312 7325
f 7325 7329 7333
f 7332 7329 7312
f 7313 6926 7331
f 7331 6926 7334
f 7312 7331 7334
f 7312 7334 6926
f 7335 6926 7130
f 7332 7312 6926
f 7332 6926 7312
f 7312 7336 7332
f 7312 6926 7336
f 7336 6926 7335
f 7337 7336 7335
f 7335 7130 7137
f 7335 7137 7338
f 7137 7339 7338
f 7338 7339 7137
f 7340 7137 7341
f 7341 7137 7133
f 7322 7341 7133
f 7337 7335 7338
f 7338 7137 7340
f 7322 7133 7135
f 7342 7143 7141
f 7342 7150 7143
f 7143 7150 7144
f 7161 7158 6963
f 7161 7343 7158
f 7167 7344 7345
f 7167 7345 6973
f 7165 7163 7164
f 7162 7346 7167
f 7165 7346 7162
f 7157 7165 7163
f 7344 7167 7346
f 7347 7165 7157
f 7347 7346 7165
f 7347 7348 7346
f 7348 7344 7346
f 6607 6973 7345
f 6973 7166 7167
f 6760 7349 6761
f 7349 6760 7168
f 6761 7349 6979
f 6979 7350 6978
f 6978 6611 6610
f 7351 6978 7350
f 7351 6611 6978
f 6611 7352 6982
f 6611 7351 7352
f 7168 6981 7169
f 7170 7353 7169
f 7173 7354 7171
f 7354 7170 7171
f 6985 7174 6620
f 6987 7355 7356
f 7356 7173 6987
f 6987 6620 7174
f 7176 6990 6991
f 7357 6989 7176
f 7357 7177 6989
f 7180 7179 7182
f 6989 7177 7175
f 7358 7184 6995
f 6995 7178 7358
f 7187 7183 7181
f 7187 7186 7183
f 7359 7183 7186
f 7183 7360 7182
f 7186 7188 7359
f 6999 7192 7188
f 7188 7192 7361
f 7362 7188 7361
f 7190 7197 7363
f 7192 7190 7364
f 7194 7365 7197
f 7365 7363 7197
f 7190 7363 7364
f 7363 7365 7366
f 7189 7004 6996
f 7367 7365 7194
f 7197 7193 7368
f 7368 7369 7197
f 7197 7369 7198
f 7370 7193 7191
f 7193 7371 7368
f 7372 7370 7191
f 7372 7191 6790
f 7370 7371 7193
f 7199 6789 7201
f 6283 7200 7203
f 7200 7373 7203
f 6795 7202 7374
f 7375 7009 7376
f 7377 7376 7009
f 7372 6790 7374
f 7374 6790 6795
f 7374 7202 7375
f 7202 7009 7375
f 6636 7378 6796
f 7205 7377 7009
f 7379 7015 7013
f 7380 7014 6798
f 7381 7382 7380
f 7379 7213 7015
f 7213 6801 7015
f 7206 7207 7012
f 7206 7383 7207
f 7380 6798 7011
f 7012 7208 7382
f 7208 7207 7384
f 7385 7211 7386
f 7381 7380 7011
f 7387 7382 7208
f 7384 7387 7208
f 7382 7381 7011
f 7382 7011 7012
f 7388 7384 7385
f 7384 7388 7387
f 7388 7385 7386
f 7207 7383 7389
f 7389 7384 7207
f 7390 7382 7387
f 7391 7212 7213
f 7392 7210 7212
f 7386 7211 7210
f 7392 7212 7391
f 7386 7210 7393
f 7392 7394 7210
f 7394 7393 7210
f 7393 7395 7386
f 6799 7214 7396
f 7396 7206 6799
f 7214 7206 7396
f 7206 7214 7016
f 7206 7016 7397
f 7211 7385 7398
f 7398 7021 7211
f 7018 7211 7021
f 7399 7019 7021
f 7400 7019 7399
f 7398 7385 7401
f 7021 7398 7401
f 7402 7399 7021
f 7401 7402 7021
f 7403 7399 7402
f 7016 7215 6805
f 7016 6804 7215
f 7404 7016 6814
f 7397 7016 7404
f 7405 6814 7016
f 7405 7016 6814
f 7405 7404 6814
f 7023 7024 7216
f 7406 6814 6815
f 7407 6814 7406
f 7019 7400 7024
f 7403 7400 7399
f 7408 7409 7410
f 7220 7409 7028
f 7410 7409 7220
f 7411 7028 7409
f 7411 7217 7028
f 7218 7217 7412
f 7412 7413 7218
f 7412 7414 7413
f 7413 7030 7218
f 7415 7408 7410
f 7219 7416 7415
f 7416 7219 7237
f 7219 7410 7220
f 7410 7219 7415
f 7223 7417 7225
f 7417 7418 7419
f 7225 7417 7419
f 7418 7420 7225
f 7413 7222 7030
f 7413 7223 7222
f 7030 7223 7225
f 7414 7421 7413
f 7413 7421 7223
f 7225 7419 7418
f 7422 7232 7235
f 7423 7232 7422
f 7236 7232 7423
f 7422 7234 7231
f 7235 7234 7422
f 7423 7422 7424
f 7238 7046 7239
f 7238 7239 7425
f 7425 7239 7243
f 7243 7426 7425
f 7225 7242 7224
f 7225 7243 7242
f 7225 7420 7243
f 7231 7229 7424
f 7424 7229 7247
f 7422 7231 7424
f 7427 7424 7428
f 7428 7424 7247
f 7429 7423 7424
f 7236 7423 7429
f 7236 7429 7430
f 7429 7431 7430
f 7429 7424 7427
f 7431 7429 7432
f 7429 7427 7432
f 7430 7433 7236
f 7430 7434 7433
f 7434 7430 7435
f 7431 7435 7430
f 7434 7435 7436
f 7435 7431 7437
f 7436 7435 7437
f 7236 7438 7041
f 7041 7438 7251
f 7236 7433 7438
f 7433 7434 7436
f 7439 7433 7436
f 7440 7436 7437
f 7436 7440 7439
f 7438 7256 7251
f 7433 7278 7438
f 7438 7278 7256
f 7434 7256 7433
f 7256 7278 7433
f 7441 7256 7434
f 7442 7256 7441
f 7441 7434 7433
f 7443 7442 7441
f 7439 7441 7433
f 7256 7257 7255
f 7256 7258 7257
f 7278 7258 7256
f 7442 7278 7256
f 7444 7442 7443
f 7245 7445 7247
f 7247 7445 7446
f 7446 7445 7447
f 7247 7446 7448
f 7245 7260 7449
f 7260 7264 7449
f 7449 7264 7450
f 7449 7445 7245
f 7451 7449 7450
f 7447 7445 7449
f 7451 7452 7453
f 7264 7265 7450
f 7450 7452 7451
f 7454 7450 7265
f 7452 7450 7455
f 7454 7455 7450
f 7455 7454 7456
f 7456 7454 7457
f 7458 7455 7456
f 7458 7459 7460
f 7456 7459 7458
f 7441 7461 7443
f 7444 7278 7442
f 7444 7462 7463
f 7464 7444 7443
f 7278 7465 7279
f 7280 7279 7465
f 7465 7466 7280
f 7466 7467 7280
f 7466 7465 7278
f 7467 7466 7463
f 7278 7463 7466
f 7468 7469 7463
f 7469 7467 7463
f 7444 7463 7278
f 7470 7469 7468
f 7470 7468 7471
f 7463 7462 7468
f 7468 7462 7472
f 7467 7284 7280
f 7467 7285 7284
f 7285 7467 7469
f 7467 7469 7470
f 7285 7469 7467
f 7467 7470 7471
f 7265 7262 7473
f 7473 7454 7265
f 7454 7473 7457
f 7457 7473 7474
f 7459 7456 7457
f 7475 7459 7457
f 7474 7475 7457
f 7473 7262 7286
f 7473 7286 7291
f 7291 7476 7473
f 7476 7291 7477
f 7476 7477 7478
f 7476 7474 7473
f 7474 7476 7478
f 7478 7475 7474
f 7478 7479 7475
f 7477 7291 7290
f 7480 7478 7477
f 7477 7290 7480
f 7481 7478 7480
f 7480 7482 7481
f 7462 7481 7472
f 7472 7481 7482
f 7292 7480 7290
f 7483 7471 7470
f 7480 7292 7482
f 7471 7483 7484
f 7470 7482 7483
f 7484 7482 7292
f 7482 7484 7483
f 7472 7482 7468
f 7482 7470 7468
f 7468 7470 7471
f 7294 7484 7292
f 7484 7294 7295
f 7296 7283 7295
f 7484 7295 7471
f 7283 7285 7295
f 7485 7296 7295
f 7471 7295 7485
f 7295 7296 7485
f 7467 7485 7285
f 7471 7295 7485
f 7485 7295 7285
f 7485 7295 7471
f 7467 7471 7485
f 7486 6517 6852
f 7090 7305 7487
f 7487 6692 7090
f 7330 7315 7316
f 7318 7315 7333
f 7333 7315 7330
f 7488 7318 7333
f 7489 7318 7490
f 7333 7491 7488
f 7322 7321 7492
f 7318 7489 7314
f 7314 7489 7319
f 7489 7493 7319
f 7493 7489 7319
f 7319 7489 7494
f 7319 7494 7135
f 7489 7493 7494
f 7330 7325 7333
f 7332 7333 7329
f 7336 7333 7332
f 7333 7336 7495
f 7495 7336 7496
f 7337 7496 7336
f 7496 7337 7497
f 7491 7333 7495
f 7341 7322 7492
f 7340 7341 7498
f 7498 7337 7338
f 7498 7338 7340
f 7498 7497 7337
f 7499 7497 7498
f 7341 7499 7498
f 7500 7347 7157
f 7500 7155 7501
f 7157 7155 7500
f 7500 7348 7347
f 7168 7169 7502
f 7502 7169 7353
f 7503 7502 7353
f 6979 7349 7350
f 7504 7172 6982
f 7505 7172 7506
f 6985 7507 7174
f 7507 6771 7172
f 6771 7507 6985
f 7172 7505 7507
f 7180 7508 6992
f 7509 7178 7177
f 7357 7509 7177
f 7357 7510 7509
f 7357 7176 7510
f 7178 7511 7358
f 7509 7511 7178
f 7360 7180 7182
f 7183 7512 7360
f 7513 7512 7183
f 7514 6994 7184
f 7514 7189 6994
f 7358 7511 7184
f 7515 7189 7514
f 7516 7184 7511
f 7516 7514 7184
f 7359 7188 7362
f 7359 7362 7183
f 7513 7183 7362
f 7362 7517 7513
f 7362 7361 7517
f 7192 7364 7361
f 7518 7517 7361
f 7518 7361 7364
f 7367 7194 7004
f 7004 7519 7367
f 7189 7519 7004
f 7365 7520 7366
f 7366 7364 7363
f 7521 7369 7368
f 7370 7368 7371
f 7368 7370 7522
f 7521 7368 7522
f 7374 7523 7372
f 7524 7521 7522
f 7525 7200 7199
f 7526 7200 7525
f 7373 7200 7526
f 7377 7375 7376
f 7375 7523 7374
f 7375 7377 7527
f 7375 7528 7523
f 7375 7529 7528
f 7375 7530 7529
f 7530 7375 7527
f 7204 6796 7531
f 7532 7204 7531
f 7378 6636 6282
f 7014 7533 7013
f 7533 7379 7013
f 7534 7213 7379
f 7533 7535 7379
f 7535 7534 7379
f 7391 7536 7392
f 7537 7213 7534
f 7391 7213 7538
f 7538 7536 7391
f 7014 7535 7533
f 7390 7387 7388
f 7382 7539 7380
f 7540 7388 7386
f 7382 7390 7539
f 7395 7393 7394
f 7386 7392 7540
f 7395 7392 7386
f 7392 7395 7394
f 7206 7541 7542
f 7383 7206 7542
f 7541 7206 7396
f 7541 7396 7206
f 7543 7541 7206
f 7543 7206 7397
f 7542 7541 7544
f 7544 7541 7543
f 7544 7545 7542
f 7542 7546 7383
f 7383 7546 7389
f 7384 7547 7385
f 7389 7548 7384
f 7548 7547 7384
f 7389 7546 7549
f 7542 7549 7546
f 7403 7402 7401
f 7385 7547 7401
f 7547 7550 7401
f 7401 7550 7403
f 7405 7397 7404
f 6814 7407 7405
f 7551 7397 7405
f 7551 7543 7397
f 7552 7551 7405
f 7552 7405 7407
f 7552 7543 7551
f 7544 7543 7552
f 7216 7553 7554
f 6815 7555 7406
f 7555 6815 7554
f 6815 7216 7554
f 7555 7407 7406
f 7552 7407 7555
f 7024 7556 7216
f 7216 7556 7553
f 7556 7024 7400
f 7556 7400 7403
f 7403 7557 7556
f 7558 7559 7217
f 7408 7560 7561
f 7411 7558 7217
f 7408 7562 7409
f 7560 7415 7416
f 7563 7560 7416
f 7562 7408 7561
f 7408 7415 7560
f 7564 7412 7559
f 7564 7414 7412
f 7217 7559 7412
f 7223 7421 7565
f 7421 7414 7565
f 7566 7563 7416
f 7416 7238 7566
f 7416 7237 7238
f 7223 7565 7417
f 7417 7565 7418
f 7567 7418 7565
f 7568 7569 7426
f 7418 7569 7568
f 7568 7420 7418
f 7568 7426 7243
f 7420 7568 7243
f 7570 7571 7572
f 7448 7573 7574
f 7570 7448 7574
f 7571 7570 7574
f 7573 7575 7574
f 7571 7574 7575
f 7428 7247 7448
f 7570 7428 7448
f 7570 7427 7428
f 7570 7576 7427
f 7427 7576 7432
f 7570 7572 7576
f 7576 7577 7432
f 7578 7576 7572
f 7431 7432 7577
f 7437 7431 7579
f 7437 7579 7580
f 7448 7575 7573
f 7448 7446 7575
f 7575 7446 7581
f 7581 7446 7448
f 7448 7449 7451
f 7448 7447 7449
f 7446 7447 7448
f 7448 7451 7582
f 7582 7451 7453
f 7455 7453 7452
f 7583 7453 7455
f 7583 7580 7579
f 7583 7584 7453
f 7440 7437 7458
f 7455 7458 7437
f 7580 7583 7437
f 7583 7455 7437
f 7439 7440 7460
f 7440 7458 7460
f 7460 7459 7475
f 7439 7460 7461
f 7461 7460 7475
f 7439 7461 7441
f 7461 7464 7443
f 7464 7478 7481
f 7461 7475 7464
f 7464 7475 7479
f 7464 7479 7478
f 7464 7462 7444
f 7464 7481 7462
f 7300 7084 7085
f 7085 7301 7300
f 7085 6850 7301
f 7486 7087 6517
f 7303 7087 7486
f 6692 7585 7089
f 7585 6692 7487
f 7585 7586 7089
f 7586 7585 7487
f 7487 7305 7587
f 7318 7491 7490
f 7491 7318 7488
f 7490 7493 7489
f 7490 7491 7588
f 7490 7588 7493
f 7135 7494 7321
f 7494 7493 7321
f 7493 7588 7321
f 7491 7495 7496
f 7588 7491 7496
f 7496 7497 7588
f 7321 7341 7492
f 7321 7499 7341
f 7499 7588 7497
f 7588 7499 7321
f 7589 7349 7168
f 7589 7350 7349
f 7589 7590 7350
f 7591 7352 7351
f 7351 7350 7590
f 7592 7503 7353
f 7592 7353 7593
f 7594 7353 7595
f 7593 7353 7594
f 7352 7504 6982
f 7506 7172 7596
f 7507 7505 7597
f 7598 7505 7506
f 7598 7597 7505
f 7506 7599 7598
f 7596 7599 7506
f 7170 7595 7353
f 7354 7595 7170
f 7600 7354 7173
f 7600 7173 7356
f 7176 7601 7602
f 6991 6992 7603
f 7604 6992 7605
f 6991 7603 7601
f 6991 7601 7176
f 7510 7176 7602
f 7606 7509 7510
f 7509 7606 7511
f 7607 7508 7180
f 7607 7180 7360
f 7605 6992 7508
f 7607 7360 7512
f 7508 7607 7605
f 7512 7608 7607
f 7608 7605 7607
f 7608 7609 7605
f 7606 7516 7511
f 7610 7514 7516
f 7513 7611 7512
f 7612 7611 7513
f 7608 7512 7611
f 7518 7613 7612
f 7614 7615 7616
f 7515 7514 7610
f 7617 7189 7515
f 7617 7519 7189
f 7610 7617 7515
f 7517 7518 7513
f 7614 7518 7364
f 7364 7366 7614
f 7518 7612 7513
f 7613 7518 7614
f 7519 7615 7367
f 7367 7615 7365
f 7520 7614 7366
f 7520 7615 7614
f 7365 7615 7520
f 7618 7195 7198
f 7369 7618 7198
f 7369 7521 7619
f 7619 7521 7369
f 7369 7521 7618
f 7620 7525 7199
f 7201 7195 7621
f 7621 7620 7201
f 7620 7199 7201
f 7370 7372 7522
f 7622 7522 7372
f 7622 7372 7523
f 7622 7623 7522
f 7623 7524 7522
f 7624 7623 7622
f 7624 7622 7523
f 7373 6282 7203
f 7205 7204 7532
f 7377 7205 7532
f 7532 7527 7377
f 7014 7534 7535
f 7014 7380 7625
f 7014 7625 7534
f 7380 7626 7625
f 7539 7626 7380
f 7538 7213 7537
f 7392 7627 7628
f 7536 7627 7392
f 7629 7388 7540
f 7630 7631 7545
f 7630 7545 7544
f 7549 7548 7389
f 7545 7631 7542
f 7542 7631 7549
f 7631 7632 7549
f 7630 7633 7631
f 7633 7632 7631
f 7547 7634 7550
f 7550 7635 7403
f 7548 7634 7547
f 7635 7636 7403
f 7550 7634 7635
f 7630 7544 7552
f 7637 7638 7552
f 7637 7552 7555
f 7552 7638 7630
f 7637 7639 7638
f 7639 7640 7638
f 7638 7640 7630
f 7637 7555 7641
f 7555 7642 7641
f 7643 7642 7555
f 7630 7640 7633
f 7637 7644 7639
f 7637 7641 7645
f 7637 7645 7644
f 7403 7636 7557
f 7646 7556 7557
f 7646 7553 7556
f 7647 7553 7646
f 7557 7636 7648
f 7554 7553 7647
f 7643 7555 7554
f 7643 7554 7649
f 7650 7643 7649
f 7642 7643 7650
f 7651 7561 7652
f 7653 7654 7651
f 7655 7651 7656
f 7652 7656 7651
f 7409 7562 7411
f 7562 7561 7651
f 7651 7411 7562
f 7654 7653 7411
f 7558 7411 7653
f 7411 7651 7654
f 7657 7558 7653
f 7558 7658 7559
f 7564 7658 7659
f 7658 7564 7559
f 7652 7561 7660
f 7661 7652 7660
f 7561 7560 7660
f 7660 7560 7561
f 7563 7561 7560
f 7662 7561 7563
f 7662 7563 7566
f 7561 7662 7663
f 7662 7566 7664
f 7665 7663 7662
f 7659 7658 7666
f 7564 7659 7414
f 7564 7414 7659
f 7659 7667 7564
f 7668 7667 7659
f 7668 7569 7567
f 7667 7668 7567
f 7667 7414 7564
f 7414 7567 7565
f 7418 7567 7569
f 7414 7667 7567
f 7566 7238 7664
f 7664 7238 7425
f 7425 7426 7664
f 7669 7665 7426
f 7569 7669 7426
f 7571 7670 7572
f 7670 7571 7671
f 7571 7575 7671
f 7572 7670 7672
f 7672 7673 7572
f 7674 7572 7673
f 7672 7670 7671
f 7673 7672 7674
f 7578 7577 7576
f 7572 7579 7578
f 7579 7577 7578
f 7579 7431 7577
f 7572 7674 7579
f 7674 7577 7579
f 7674 7675 7577
f 7675 7579 7577
f 7676 7672 7671
f 7677 7672 7676
f 7677 7676 7678
f 7581 7448 7676
f 7676 7448 7679
f 7581 7676 7575
f 7575 7676 7671
f 7679 7448 7680
f 7448 7582 7680
f 7579 7681 7583
f 7582 7584 7680
f 7584 7582 7453
f 7583 7681 7584
f 7681 7682 7584
f 7579 7682 7681
f 7683 7304 7303
f 7684 7303 7486
f 7683 7303 7684
f 7586 7487 7587
f 7683 7305 7304
f 7685 7589 7168
f 7685 7590 7589
f 7592 7686 7502
f 7351 7590 7591
f 7687 7502 7503
f 7592 7687 7503
f 7592 7502 7687
f 7592 7687 7686
f 7688 7686 7687
f 7596 7689 7599
f 7689 7690 7599
f 7596 7691 7689
f 7595 7692 7594
f 7595 7354 7692
f 7354 7600 7692
f 7690 7598 7599
f 7689 7598 7690
f 7689 7597 7598
f 7693 7600 7356
f 7603 6992 7694
f 7606 7510 7695
f 7601 7603 7696
f 7697 7601 7696
f 7602 7601 7697
f 7602 7695 7510
f 7602 7697 7695
f 7695 7698 7606
f 7606 7698 7699
f 7700 7604 7605
f 7700 7605 7701
f 7701 7702 7700
f 7516 7703 7610
f 7606 7703 7516
f 7606 7699 7703
f 7704 7610 7703
f 7609 7701 7605
f 7705 7608 7612
f 7608 7706 7609
f 7705 7707 7708
f 7705 7709 7707
f 7708 7707 7710
f 7608 7711 7706
f 7612 7608 7611
f 7612 7613 7709
f 7705 7612 7709
f 7613 7616 7709
f 7616 7613 7614
f 7616 7615 7712
f 7615 7519 7712
f 7710 7707 7616
f 7712 7710 7616
f 7616 7707 7709
f 7713 7619 7521
f 7713 7521 7524
f 7524 7623 7713
f 7714 7713 7623
f 7714 7623 7624
f 7521 7619 7715
f 7715 7618 7521
f 7619 7713 7715
f 7525 7620 7716
f 7526 7717 7373
f 7525 7716 7717
f 7526 7525 7717
f 7624 7523 7718
f 7523 7528 7718
f 7719 7530 7527
f 7624 7718 7528
f 7529 7720 7528
f 7529 7530 7720
f 7528 7720 7624
f 7531 7378 7721
f 7532 7531 7722
f 7722 7531 7721
f 7373 7378 6282
f 7717 7373 6282
f 7532 7719 7527
f 7531 6796 7378
f 7537 7534 7723
f 7534 7625 7724
f 7725 7537 7534
f 7625 7626 7724
f 7724 7723 7534
f 7725 7534 7537
f 7724 7626 7726
f 7727 7724 7726
f 7724 7728 7723
f 7728 7724 7729
f 7727 7730 7724
f 7723 7725 7537
f 7626 7539 7726
f 7731 7628 7627
f 7629 7540 7392
f 7392 7628 7731
f 7629 7392 7731
f 7726 7539 7732
f 7390 7732 7539
f 7629 7390 7388
f 7731 7390 7629
f 7732 7727 7726
f 7537 7725 7538
f 7538 7725 7733
f 7733 7536 7538
f 7627 7536 7733
f 7734 7627 7733
f 7731 7627 7734
f 7549 7735 7548
f 7635 7736 7636
f 7635 7634 7736
f 7644 7640 7639
f 7640 7737 7633
f 7644 7737 7640
f 7646 7738 7647
f 7738 7646 7557
f 7557 7648 7738
f 7645 7641 7642
f 7642 7739 7645
f 7740 7554 7647
f 7642 7650 7741
f 7741 7650 7742
f 7650 7649 7742
f 7649 7554 7740
f 7739 7642 7741
f 7743 7744 7745
f 7746 7745 7747
f 7745 7744 7747
f 7743 7748 7749
f 7750 7743 7749
f 7743 7751 7748
f 7748 7752 7744
f 7748 7753 7752
f 7748 7751 7753
f 7744 7752 7747
f 7752 7653 7747
f 7752 7753 7653
f 7750 7653 7743
f 7754 7653 7750
f 7753 7751 7653
f 7653 7751 7743
f 7755 7653 7754
f 7755 7657 7653
f 7747 7745 7746
f 7745 7747 7756
f 7757 7653 7655
f 7655 7656 7757
f 7656 7661 7757
f 7747 7653 7757
f 7757 7756 7747
f 7655 7653 7651
f 7652 7661 7656
f 7657 7758 7658
f 7558 7657 7658
f 7658 7758 7669
f 7758 7759 7760
f 7760 7669 7758
f 7661 7660 7561
f 7561 7663 7661
f 7761 7661 7663
f 7663 7762 7761
f 7756 7757 7661
f 7756 7661 7761
f 7763 7756 7761
f 7762 7763 7761
f 7764 7763 7762
f 7764 7762 7665
f 7765 7763 7764
f 7665 7765 7764
f 7766 7765 7665
f 7762 7663 7665
f 7662 7664 7426
f 7426 7665 7662
f 7669 7766 7665
f 7666 7767 7659
f 7659 7767 7569
f 7659 7569 7668
f 7569 7767 7669
f 7658 7669 7666
f 7666 7669 7767
f 7669 7767 7766
f 7669 7766 7767
f 7768 7672 7678
f 7768 7769 7672
f 7769 7674 7672
f 7769 7675 7674
f 7675 7681 7579
f 7678 7672 7677
f 7770 7676 7679
f 7771 7770 7679
f 7771 7679 7680
f 7682 7772 7584
f 7584 7772 7680
f 7772 7771 7680
f 7773 7772 7682
f 7774 7773 7682
f 7681 7675 7682
f 7579 7681 7682
f 7775 6850 7301
f 7775 7301 6850
f 7300 7776 7083
f 7775 7300 7301
f 7300 7775 7776
f 7088 7083 7777
f 7486 6852 7088
f 7776 7777 7083
f 7777 7486 7088
f 7486 7778 7684
f 7778 7683 7684
f 7776 7775 7486
f 7775 7778 7486
f 7305 7683 7778
f 7587 7305 7778
f 7089 7586 7301
f 7586 7778 7301
f 7778 7775 7301
f 7778 7586 7587
f 7779 7596 7172
f 7596 7780 7781
f 7780 7596 7779
f 7592 7688 7687
f 7781 7691 7596
f 7781 7689 7691
f 7781 7597 7689
f 7600 7693 7692
f 7781 7507 7597
f 7782 7174 7507
f 7782 6987 7174
f 7696 7603 7783
f 7604 7694 6992
f 7698 7784 7699
f 7695 7784 7698
f 7697 7785 7695
f 7695 7785 7784
f 7784 7786 7699
f 7696 7785 7697
f 7787 7604 7700
f 7787 7700 7702
f 7702 7788 7787
f 7789 7788 7702
f 7703 7699 7786
f 7789 7702 7701
f 7790 7789 7701
f 7609 7790 7701
f 7789 7790 7791
f 7791 7790 7792
f 7792 7790 7708
f 7793 7794 7519
f 7610 7795 7617
f 7617 7795 7519
f 7706 7790 7609
f 7711 7608 7705
f 7711 7705 7708
f 7711 7790 7706
f 7708 7710 7796
f 7790 7711 7708
f 7797 7796 7710
f 7712 7798 7710
f 7798 7797 7710
f 7799 7797 7798
f 7794 7798 7712
f 7519 7794 7712
f 7798 7794 7799
f 7715 7800 7618
f 7618 7800 7195
f 7801 7800 7715
f 7802 7620 7621
f 7621 7195 7800
f 7713 7803 7715
f 7714 7803 7713
f 7717 7716 7804
f 7373 7717 6282
f 7805 7806 7717
f 7717 7804 7805
f 7807 7719 7532
f 7808 7719 7807
f 7717 7806 7373
f 7806 7378 7373
f 7729 7730 7728
f 7729 7724 7730
f 7728 7809 7723
f 7728 7810 7809
f 7730 7811 7728
f 7732 7812 7730
f 7728 7811 7813
f 7813 7810 7728
f 7813 7811 7730
f 7812 7813 7730
f 7809 7725 7723
f 7814 7733 7725
f 7815 7814 7809
f 7814 7725 7809
f 7816 7733 7814
f 7817 7733 7816
f 7732 7730 7727
f 7818 7390 7731
f 7812 7732 7390
f 7819 7734 7733
f 7817 7819 7733
f 7731 7734 7819
f 7820 7629 7731
f 7819 7821 7731
f 7820 7731 7629
f 7820 7731 7821
f 7819 7817 7821
f 7735 7634 7548
f 7634 7735 7822
f 7822 7736 7634
f 7644 7823 7824
f 7632 7737 7825
f 7825 7737 7644
f 7825 7644 7824
f 7645 7823 7644
f 7636 7736 7826
f 7648 7636 7826
f 7648 7827 7738
f 7828 7647 7738
f 7738 7827 7828
f 7648 7829 7827
f 7739 7830 7645
f 7739 7741 7742
f 7740 7831 7649
f 7831 7740 7832
f 7649 7831 7742
f 7645 7830 7823
f 7739 7742 7833
f 7832 7740 7647
f 7647 7828 7832
f 7750 7834 7754
f 7754 7751 7755
f 7751 7657 7755
f 7754 7834 7751
f 7755 7657 7751
f 7751 7834 7835
f 7835 7755 7751
f 7834 7836 7837
f 7756 7763 7838
f 7763 7839 7838
f 7837 7756 7838
f 7840 7837 7838
f 7834 7837 7835
f 7755 7835 7841
f 7837 7840 7841
f 7841 7840 7755
f 7838 7755 7840
f 7841 7835 7837
f 7755 7758 7657
f 7755 7759 7758
f 7759 7842 7843
f 7759 7843 7760
f 7759 7755 7842
f 7843 7765 7760
f 7765 7843 7838
f 7842 7755 7838
f 7843 7842 7838
f 7843 7838 7765
f 7843 7765 7838
f 7669 7760 7766
f 7765 7839 7763
f 7766 7760 7765
f 7765 7838 7839
f 7486 7777 7776
f 7844 7776 7775
f 7776 7844 7775
f 7775 7844 7778
f 7778 7844 7775
f 7507 7781 7782
f 7845 7785 7846
f 7696 7783 7785
f 7845 7784 7785
f 7845 7847 7784
f 7847 7786 7784
f 7848 7847 7845
f 7848 7786 7847
f 7694 7783 7603
f 7849 7704 7703
f 7849 7795 7704
f 7703 7786 7849
f 7789 7791 7850
f 7850 7788 7789
f 7791 7851 7850
f 7791 7792 7851
f 7793 7852 7794
f 7610 7704 7795
f 7708 7796 7792
f 7796 7797 7792
f 7853 7797 7799
f 7854 7792 7797
f 7853 7854 7797
f 7519 7852 7793
f 7801 7855 7856
f 7800 7801 7856
f 7715 7855 7801
f 7855 7715 7803
f 7621 7800 7856
f 7804 7716 7620
f 7804 7857 7805
f 7858 7803 7714
f 7858 7714 7624
f 7624 7859 7858
f 7720 7859 7624
f 7805 7860 7806
f 7719 7720 7530
f 7859 7720 7719
f 7721 7861 7722
f 7532 7722 7807
f 7721 7378 7806
f 7813 7862 7810
f 7818 7862 7813
f 7818 7813 7812
f 7810 7815 7809
f 7815 7863 7814
f 7864 7863 7815
f 7810 7862 7865
f 7810 7865 7815
f 7866 7814 7867
f 7862 7818 7865
f 7865 7868 7815
f 7868 7864 7815
f 7866 7869 7816
f 7814 7866 7816
f 7817 7816 7869
f 7866 7867 7870
f 7869 7866 7870
f 7818 7812 7390
f 7821 7817 7869
f 7820 7818 7731
f 7821 7871 7820
f 7818 7820 7872
f 7820 7871 7872
f 7822 7826 7736
f 7736 7826 7873
f 7822 7735 7826
f 7632 7633 7737
f 7549 7632 7874
f 7825 7824 7632
f 7823 7875 7824
f 7735 7549 7874
f 7874 7632 7876
f 7877 7824 7875
f 7826 7736 7873
f 7826 7829 7648
f 7878 7829 7826
f 7833 7742 7831
f 7833 7830 7739
f 7879 7875 7823
f 7830 7879 7823
f 7830 7880 7879
f 7833 7880 7830
f 7880 7875 7879
f 7832 7828 7881
f 7831 7832 7881
f 7694 7787 7882
f 7783 7846 7785
f 7846 7883 7845
f 7848 7884 7786
f 7884 7885 7786
f 7886 7849 7885
f 7787 7694 7604
f 7883 7848 7845
f 7849 7786 7885
f 7886 7887 7795
f 7795 7887 7852
f 7886 7795 7849
f 7792 7854 7851
f 7854 7853 7799
f 7794 7854 7799
f 7852 7854 7794
f 7888 7854 7853
f 7854 7888 7853
f 7795 7852 7519
f 7855 7889 7856
f 7855 7890 7891
f 7890 7855 7803
f 7889 7855 7891
f 7890 7892 7891
f 7889 7891 7893
f 7857 7860 7805
f 7620 7802 7857
f 7857 7804 7620
f 7621 7856 7802
f 7894 7857 7802
f 7860 7857 7895
f 7890 7803 7858
f 7858 7859 7890
f 7896 7859 7897
f 7859 7896 7890
f 7898 7890 7896
f 7897 7859 7899
f 7890 7898 7892
f 7896 7900 7898
f 7900 7896 7897
f 7901 7897 7899
f 7721 7806 7860
f 7860 7902 7806
f 7859 7719 7899
f 7899 7719 7808
f 7722 7903 7807
f 7899 7808 7903
f 7903 7808 7807
f 7868 7904 7864
f 7905 7864 7904
f 7863 7864 7906
f 7906 7907 7863
f 7865 7904 7868
f 7865 7818 7904
f 7908 7818 7812
f 7909 7812 7818
f 7818 7910 7904
f 7908 7910 7818
f 7812 7909 7908
f 7872 7909 7818
f 7904 7911 7905
f 7869 7870 7912
f 7814 7863 7907
f 7907 7867 7814
f 7913 7869 7914
f 7869 7913 7821
f 7867 7907 7915
f 7870 7867 7915
f 7912 7914 7869
f 7913 7914 7916
f 7912 7870 7915
f 7914 7912 7917
f 7918 7914 7917
f 7916 7914 7918
f 7916 7918 7913
f 7917 7912 7915
f 7913 7872 7871
f 7871 7821 7913
f 7826 7735 7919
f 7874 7876 7735
f 7632 7824 7876
f 7875 7920 7877
f 7824 7877 7921
f 7921 7876 7824
f 7920 7921 7877
f 7873 7826 7919
f 7876 7922 7735
f 7922 7919 7735
f 7921 7923 7876
f 7875 7924 7920
f 7878 7826 7873
f 7881 7925 7926
f 7831 7881 7926
f 7925 7881 7828
f 7925 7828 7927
f 7925 7927 7926
f 7846 7928 7883
f 7883 7929 7848
f 7929 7930 7884
f 7848 7929 7884
f 7930 7885 7884
f 7930 7886 7885
f 7930 7931 7886
f 7787 7788 7932
f 7932 7788 7850
f 7933 7850 7851
f 7850 7933 7934
f 7933 7854 7934
f 7935 7936 7887
f 7935 7937 7936
f 7933 7851 7854
f 7936 7937 7854
f 7937 7934 7854
f 7852 7936 7854
f 7887 7936 7852
f 7889 7893 7938
f 7939 7889 7938
f 7891 7892 7893
f 7940 7892 7941
f 7889 7802 7856
f 7889 7939 7802
f 7942 7857 7894
f 7942 7895 7857
f 7897 7901 7900
f 7898 7900 7943
f 7898 7941 7892
f 7898 7943 7941
f 7861 7721 7944
f 7945 7899 7903
f 7945 7901 7899
f 7860 7806 7902
f 7860 7946 7721
f 7946 7944 7721
f 7947 7906 7864
f 7911 7947 7905
f 7905 7947 7864
f 7948 7907 7906
f 7872 7913 7909
f 7910 7911 7904
f 7911 7949 7904
f 7910 7909 7911
f 7908 7909 7910
f 7915 7907 7950
f 7948 7950 7907
f 7913 7916 7909
f 7947 7911 7951
f 7949 7911 7904
f 7949 7951 7911
f 7949 7911 7951
f 7911 7909 7951
f 7916 7918 7952
f 7915 7950 7948
f 7948 7917 7915
f 7948 7953 7954
f 7948 7954 7917
f 7917 7955 7956
f 7917 7957 7955
f 7918 7917 7952
f 7954 7957 7917
f 7918 7916 7913
f 7958 7876 7923
f 7921 7958 7923
f 7920 7924 7959
f 7829 7878 7960
f 7960 7827 7829
f 7961 7960 7878
f 7962 7827 7960
f 7873 7963 7878
f 7963 7961 7878
f 7960 7961 7963
f 7875 7880 7924
f 7964 7880 7833
f 7959 7924 7880
f 7880 7964 7965
f 7833 7831 7964
f 7831 7926 7964
f 7962 7828 7827
f 7828 7962 7927
f 7962 7926 7927
f 7966 7964 7967
f 7964 7926 7967
f 7966 7965 7964
f 7928 7929 7883
f 7939 7968 7802
f 7938 7893 7969
f 7969 7968 7938
f 7938 7968 7939
f 7942 7894 7970
f 7970 7894 7802
f 7970 7802 7971
f 7892 7940 7893
f 7940 7941 7893
f 7893 7972 7973
f 7893 7973 7969
f 7941 7974 7975
f 7972 7893 7941
f 7972 7976 7973
f 7941 7975 7972
f 7942 7977 7895
f 7895 7978 7860
f 7902 7860 7978
f 7979 7902 7978
f 7980 7978 7895
f 7981 7982 7983
f 7981 7984 7985
f 7986 7981 7987
f 7981 7986 7984
f 7984 7986 7987
f 7943 7900 7901
f 7722 7861 7944
f 7941 7943 7974
f 7943 7901 7974
f 7988 7945 7903
f 7722 7944 7988
f 7974 7901 7945
f 7722 7988 7903
f 7989 7974 7945
f 7989 7945 7990
f 7990 7945 7988
f 7860 7902 7946
f 7981 7985 7991
f 7991 7982 7981
f 7991 7984 7992
f 7991 7985 7984
f 7991 7992 7982
f 7983 7982 7993
f 7993 7982 7992
f 7994 7995 7947
f 7947 7995 7906
f 7995 7994 7906
f 7948 7906 7995
f 7995 7906 7994
f 7996 7948 7995
f 7996 7953 7948
f 7947 7951 7994
f 7909 7908 7997
f 7908 7909 7997
f 7994 7951 7998
f 7909 7997 7951
f 7909 7916 7952
f 7956 7955 7917
f 7917 7955 7952
f 7909 7952 7999
f 7952 8000 8001
f 7999 7952 8002
f 8002 7952 8000
f 7952 8001 8000
f 8002 8000 8003
f 8001 8003 8000
f 8003 8001 8004
f 7954 7953 8005
f 7954 8006 7957
f 7954 8005 8006
f 7955 7957 8005
f 8000 7952 8007
f 7952 7955 8007
f 7955 8005 8007
f 8000 8007 8001
f 8001 8007 8008
f 7996 8009 7953
f 8010 7953 8009
f 8011 8001 8008
f 7996 8012 8009
f 8004 8001 8013
f 8001 8014 8013
f 8014 8001 8011
f 8012 8004 8015
f 8015 8004 8013
f 8005 8016 8006
f 8006 8016 7957
f 7957 8017 8005
f 8017 8007 8005
f 8010 8009 8012
f 8011 8007 8014
f 8018 8012 8015
f 8010 8012 8018
f 8016 8019 7957
f 7957 8019 8017
f 7953 8016 8005
f 8016 8020 8019
f 8019 8007 8017
f 7953 8016 8020
f 8020 8016 7953
f 7953 8010 8016
f 8018 8015 8010
f 8015 8021 8010
f 8021 8022 8010
f 8010 8022 8023
f 8019 8020 8017
f 8020 8024 8017
f 8020 8025 8024
f 8017 8024 8026
f 8020 8027 8025
f 8025 8027 8024
f 8023 8020 8016
f 8027 8020 8023
f 8010 8023 8016
f 8022 8028 8023
f 8023 8028 8029
f 8023 8024 8027
f 8023 8029 8024
f 8029 8030 8024
f 8024 8030 8027
f 8028 8030 8029
f 8008 8007 8031
f 8008 8031 8032
f 8007 8011 8008
f 8008 8032 8007
f 8014 8007 8021
f 8007 8032 8021
f 8013 8014 8021
f 8031 8019 8033
f 8031 8007 8019
f 8031 8033 8032
f 8019 8034 8033
f 8017 8026 8019
f 8032 8033 8034
f 8034 8035 8032
f 8035 8021 8032
f 8026 8034 8019
f 8026 8035 8034
f 8024 8036 8026
f 8024 8027 8036
f 8036 8034 8026
f 8034 8036 8026
f 8035 8026 8037
f 8037 8026 8038
f 8026 8036 8038
f 7958 7921 8039
f 7920 8039 7921
f 7959 8039 7920
f 8040 7963 7873
f 7965 7959 7880
f 7966 8041 7965
f 7942 7970 7977
f 7977 7970 8042
f 7976 7972 7975
f 7989 7975 7974
f 7902 7979 7946
f 7977 7980 7895
f 7980 8043 7978
f 7977 8044 7980
f 8043 7979 7978
f 7983 8045 7981
f 8046 8047 7984
f 8048 7984 8047
f 8049 8048 8047
f 8049 8047 8046
f 8050 7984 8048
f 8050 7992 7984
f 8002 8003 8004
f 8003 8004 8051
f 8051 8004 8003
f 8021 8015 8022
f 8015 8052 8022
f 8015 8013 8035
f 8015 8035 8052
f 8022 8052 8028
f 8030 8028 8053
f 8021 8035 8013
f 8052 8035 8038
f 8028 8052 8038
f 8053 8028 8038
f 8037 8054 8035
f 8038 8054 8037
f 8038 8035 8054
f 8053 8038 8030
f 8038 8027 8030
f 8038 8036 8027
f 7876 7958 8055
f 7960 7963 8056
f 7963 8040 8056
f 7960 8056 8057
f 8041 7959 7965
f 8041 7966 8058
f 7960 8057 7962
f 8042 8044 7977
f 8059 8060 8044
f 8061 8062 8045
f 8063 8061 8045
f 8044 8060 7980
f 7980 8060 8043
f 8064 7979 8043
f 8064 7946 7979
f 8064 8043 8060
f 8063 7983 8065
f 8066 8063 8065
f 7983 8063 8045
f 8045 7987 7981
f 8045 8062 7987
f 8062 7984 7987
f 8065 7983 7993
f 7993 8067 8065
f 8046 7984 8062
f 8046 8048 8049
f 7993 7992 8067
f 8068 8067 7992
f 7992 8050 8068
f 8046 8049 8048
f 8049 8069 8050
f 8069 8068 8050
f 8046 8067 8049
f 8049 8067 8069
f 8069 8067 8068
f 8049 8050 8048
f 8040 8070 8056
f 8071 8072 8073
f 8074 8071 8073
f 8072 8075 8073
f 8063 8075 8061
f 8073 8075 8063
f 8075 8076 8077
f 8076 8078 8077
f 8075 8077 8061
f 8077 8062 8061
f 8062 8077 8046
f 8066 8074 8073
f 8074 8066 8079
f 8079 8066 8080
f 8080 8067 8081
f 8081 8082 8080
f 8066 8073 8063
f 8080 8066 8065
f 8080 8065 8067
f 8078 8083 8077
f 8084 8083 8078
f 8081 8083 8084
f 8083 8078 8085
f 8046 8083 8086
f 8067 8086 8083
f 8086 8067 8046
f 8081 8067 8087
f 8067 8069 8087
f 8083 8046 8077
f 8088 8067 8083
f 8088 8087 8069
f 8067 8088 8069
f 8083 8081 8087
f 8088 8083 8087
f 8085 8078 8083
f 8089 8090 8091
f 8089 8091 8092
f 8091 8093 8092
f 8092 8094 8089
f 8092 8093 8095
f 8091 8096 8097
f 8091 8097 8093
f 8095 8098 8099
f 8093 8100 8095
f 8098 8095 8100
f 8100 8101 8098
f 8097 8100 8093
f 8098 8101 8102
f 8099 8098 8102
f 8100 8103 8101
f 8103 8104 8101
f 8104 8103 8105
f 8102 8101 8106
f 8100 8097 8103
f 8104 8071 8106
f 8101 8104 8106
f 8104 8107 8072
f 8104 8072 8071
f 8105 8103 8107
f 8107 8103 8072
f 8107 8104 8105
f 8108 8072 8103
f 8109 8110 8072
f 8108 8109 8072
f 8111 8110 8109
f 8110 8112 8113
f 8113 8112 8114
f 8115 8076 8075
f 8072 8116 8075
f 8116 8115 8075
f 8115 8116 8110
f 8110 8116 8072
f 8115 8110 8113
f 8113 8114 8115
f 8117 8118 8119
f 8071 8074 8120
f 8120 8074 8121
f 8106 8071 8120
f 8102 8106 8120
f 8119 8120 8121
f 8119 8121 8080
f 8120 8118 8102
f 8119 8118 8120
f 8119 8080 8122
f 8121 8074 8079
f 8079 8080 8121
f 8122 8080 8123
f 8119 8122 8113
f 8122 8123 8113
f 8114 8113 8123
f 8124 8114 8123
f 8119 8113 8112
f 8114 8112 8113
f 8082 8125 8080
f 8125 8076 8124
f 8125 8082 8076
f 8123 8080 8124
f 8076 8115 8124
f 8080 8125 8124
f 8115 8114 8124
f 8078 8076 8082
f 8084 8078 8082
f 8084 8082 8081
f 8126 8127 8096
f 8126 8128 8127
f 8128 8129 8127
f 8130 8129 8128
f 8128 8131 8130
f 8091 8090 8096
f 8099 8132 8095
f 8097 8096 8127
f 8133 8134 8135
f 8136 8137 8138
f 8139 8133 8135
f 8130 8127 8129
f 8136 8138 8131
f 8138 8130 8131
f 8138 8139 8135
f 8127 8103 8097
f 8127 8140 8103
f 8127 8130 8140
f 8141 8140 8130
f 8142 8140 8141
f 8141 8130 8138
f 8138 8143 8141
f 8144 8141 8143
f 8142 8141 8144
f 8135 8145 8144
f 8144 8145 8146
f 8143 8138 8144
f 8135 8144 8138
f 8103 8140 8108
f 8140 8147 8108
f 8142 8147 8140
f 8148 8147 8142
f 8148 8142 8149
f 8142 8148 8149
f 8148 8150 8151
f 8146 8117 8150
f 8150 8117 8151
f 8144 8146 8142
f 8142 8146 8148
f 8146 8150 8148
f 8147 8109 8108
f 8108 8109 8147
f 8152 8109 8151
f 8108 8147 8148
f 8148 8109 8108
f 8151 8109 8148
f 8151 8148 8152
f 8148 8151 8152
f 8152 8151 8153
f 8117 8153 8151
f 8112 8111 8109
f 8110 8111 8112
f 8112 8109 8152
f 8094 8092 8154
f 8154 8092 8132
f 8092 8095 8132
f 8132 8099 8155
f 8134 8156 8135
f 8135 8156 8155
f 8157 8155 8099
f 8155 8157 8158
f 8155 8158 8135
f 8099 8102 8118
f 8157 8099 8118
f 8135 8158 8159
f 8146 8145 8158
f 8145 8135 8159
f 8158 8145 8159
f 8117 8119 8120
f 8157 8118 8117
f 8157 8117 8158
f 8158 8117 8146
f 8146 8153 8117
f 8117 8153 8146
f 8119 8112 8152
f 8117 8120 8153
f 8153 8120 8119
f 8153 8119 8117
f 8119 8152 8117
f 8117 8152 8153
f 8160 8161 8162
f 8160 8162 8163
f 8162 8164 8163
f 8162 8160 8164
f 8161 8160 8165
f 8166 8165 8167
f 8167 8168 8169
f 8163 8165 8160
f 8163 8170 8165
f 8165 8170 8167
f 8171 8172 8168
f 8172 8171 8173
f 8169 8168 8172
f 8174 8169 8172
f 8174 8172 8173
f 8170 8168 8167
f 8168 8167 8170
f 8170 8167 8168
f 8175 8170 8163
f 8168 8170 8175
f 8164 8175 8163
f 8168 8175 8171
f 8160 8176 8164
f 8160 8164 8176
f 8176 8175 8164
f 8173 8171 8175
f 8177 8176 8160
f 8164 8160 8176
f 8176 8178 8175
f 8179 8175 8178
f 8175 8179 8173
f 8137 8139 8138
f 8180 8181 8182
f 8161 8181 8183
f 8181 8161 8166
f 8184 8161 8183
f 8166 8161 8165
f 8185 8161 8184
f 8186 8162 8185
f 8187 8186 8184
f 8184 8186 8185
f 8185 8162 8161
f 8162 8186 8188
f 8162 8188 8160
f 8188 8177 8160
f 8182 8181 8189
f 8189 8169 8190
f 8191 8190 8169
f 8189 8190 8191
f 8166 8167 8192
f 8166 8192 8167
f 8167 8169 8166
f 8192 8181 8166
f 8166 8181 8192
f 8181 8166 8189
f 8189 8166 8169
f 8193 8191 8194
f 8191 8169 8174
f 8191 8174 8195
f 8196 8195 8177
f 8191 8195 8194
f 8195 8196 8194
f 8196 8188 8194
f 8177 8188 8196
f 8178 8177 8195
f 8179 8178 8195
f 8173 8195 8174
f 8173 8197 8195
f 8179 8197 8173
f 8179 8195 8197
f 8177 8178 8176
f 8187 8198 8186
f 8198 8199 8200
f 8188 8186 8201
f 8201 8186 8193
f 8200 8186 8198
f 8200 8193 8186
f 8190 8182 8189
f 8190 8189 8202
f 8202 8189 8193
f 8193 8200 8199
f 8193 8199 8202
f 8193 8189 8191
f 8201 8193 8188
f 8188 8193 8194
