# Pulmonary Artery (FMA66326)
# BodyParts3D, (c) The Database Center for Life Science licensed under CC Attribution-Share Alike 2.1 Japan
# Licence: https://creativecommons.org/licenses/by-sa/2.1/jp/
# Modified from the original: see README.md in this repository.
# Units: millimetres. +X = patient left, +Y = posterior, +Z = superior.
# Origin: centroid of the heart wall.
o Pulmonary_Artery
v -69.6065 -47.6012 -28.8845
v -68.8401 -48.8012 -30.1546
v -69.9065 -46.8542 -27.7545
v -69.5947 -28.7012 -13.0546
v -69.1213 -28.4012 -12.4546
v -69.6885 -29.3012 -13.0546
v -69.3932 -29.3012 -12.4546
v -68.7065 -27.9222 -10.0546
v -69.6065 -28.2192 -9.4546
v -69.6065 -29.3822 -10.6546
v -69.3065 48.9985 3.1055
v -69.3130 47.7985 4.6454
v -69.9791 48.0985 4.0454
v -69.7963 10.5988 7.3454
v -69.1588 11.4988 8.2455
v -69.9065 10.7978 8.5454
v -68.9104 11.7988 7.9454
v -69.5854 10.8988 6.7455
v -69.9065 40.4977 16.0454
v -69.9065 41.4985 14.1155
v -69.3065 40.6759 14.8454
v -69.0065 37.8701 21.4454
v -69.9065 38.9215 21.4454
v -69.3065 38.4332 20.2455
v -69.3065 38.0791 22.6454
v -68.4416 36.9985 23.5454
v -69.3510 38.1985 24.1454
v -69.8104 38.7985 23.5454
v -68.7065 46.6521 28.6454
v -69.9065 46.5985 27.1155
v -69.5010 45.9985 28.0454
v -69.6604 41.7985 28.3454
v -68.9291 42.6985 29.8454
v -69.9065 42.9985 28.1155
v -69.9510 39.3985 25.0454
v -69.2291 38.7985 26.8454
v -69.7635 39.9985 26.8454
v -68.5166 38.1985 28.3454
v -69.5760 44.1985 28.6454
v -69.6065 40.5985 27.8354
v -68.8729 39.9985 29.2455
v -69.8854 -31.4012 41.5454
v -69.9065 -32.2052 40.6454
v -69.7916 -30.8012 42.1454
v -69.2366 -18.2012 62.8454
v -69.3065 -18.8012 62.4154
v -68.7065 -19.4012 62.0854
v -67.2065 -20.0012 64.6654
v -68.7065 -19.4012 65.2154
v -69.6065 -21.9112 64.3454
v -69.0065 15.8658 68.2455
v -69.6315 15.6988 68.5454
v -69.6065 15.5048 68.2455
v -68.9010 -47.9012 -31.0546
v -67.8065 -48.2012 -31.9945
v -68.1065 -48.8012 -32.1145
v -67.8416 -50.0012 -32.5546
v -69.5807 -47.6012 -29.8546
v -67.7572 -50.3012 -32.5546
v -66.9065 -48.2602 -31.9546
v -66.7776 -51.2012 -34.0546
v -66.3065 -52.3572 -33.4546
v -67.6213 -50.6012 -31.9546
v -68.1065 -49.5442 -30.4546
v -69.7026 -47.0012 -29.8546
v -66.0065 -51.4682 -32.2545
v -66.2385 -49.4012 -31.0546
v -68.7259 -45.8012 -26.8546
v -66.9510 -47.6012 -30.7545
v -69.6065 -43.1012 -26.9446
v -68.8447 -44.0012 -26.8546
v -69.3065 -46.1012 -26.6846
v -68.1182 -45.8012 -27.7545
v -69.3065 -43.4012 -25.3246
v -69.2760 -27.5012 -12.7545
v -68.4065 -25.4012 -11.7946
v -69.6065 -25.1012 -12.2445
v -69.9065 -24.8012 -12.1046
v -69.0065 -21.0962 -10.0546
v -67.8065 -20.0012 -9.6345
v -68.4065 -22.7012 -10.9746
v -67.5065 -21.2012 -10.1245
v -66.9065 -21.5012 -9.8945
v -67.5065 -23.6012 -10.7645
v -67.1803 -22.7012 -10.3546
v -67.8744 -25.1012 -11.2545
v -68.4065 -26.6012 -11.8046
v -67.0026 -24.2012 -10.0546
v -66.7026 -23.3012 -9.7545
v -67.8604 -26.6012 -10.3546
v -68.4651 -27.8012 -10.6546
v -67.8979 -26.6012 -9.7545
v -69.9838 -30.5012 -11.8546
v -66.0065 -12.2012 -5.4746
v -69.4166 -20.0012 -8.8546
v -69.8432 -20.0012 -7.6546
v -68.6151 -16.4012 -6.1546
v -68.4065 -26.3372 -8.5546
v -68.4065 -25.4012 -7.7545
v -69.9065 -27.5012 -8.8346
v -67.2885 -25.4012 -9.4546
v -66.9369 -24.5012 -8.5546
v -66.4963 -23.6012 -8.8546
v -66.9065 -22.4012 -6.1345
v -69.3065 56.4306 -7.6546
v -68.1065 57.0985 -7.5246
v -68.1065 55.7415 -5.8546
v -67.4479 57.6985 -7.3546
v -67.8065 55.5985 -5.3546
v -66.9065 56.8860 -5.5546
v -66.8244 56.1985 -4.6546
v -66.6322 57.6985 -5.8546
v -69.5422 54.9985 -5.8546
v -68.4065 53.4985 -3.1345
v -68.5869 -16.1012 -4.9546
v -65.4065 -5.0432 -0.1546
v -67.8065 -14.6292 -5.8546
v -66.9065 -13.0752 -5.5546
v -65.4065 -6.8012 -1.9646
v -69.3065 -24.5012 -7.1445
v -67.5065 -19.7012 -4.3446
v -69.6065 -23.3012 -6.7846
v -67.2065 -21.5012 -5.3645
v -69.0065 53.0321 -2.8546
v -69.9065 -22.1012 -6.7846
v -67.5065 -16.8372 -3.1546
v -68.3432 -16.4012 -4.0546
v -65.1065 -14.0012 -0.9746
v -69.9065 51.6353 -1.0546
v -68.4065 52.2212 -1.3546
v -68.7065 49.4884 2.5454
v -67.5065 49.8985 2.6155
v -66.3065 50.2255 3.4454
v -68.1065 48.9540 3.4454
v -67.5065 48.4852 4.3454
v -66.9065 48.8884 4.3454
v -69.0065 46.8985 5.6454
v -68.1065 46.8985 5.9154
v -69.1963 45.6985 6.4454
v -68.1065 46.1509 6.7455
v -66.9065 47.8431 5.5454
v -66.9065 46.3881 7.0454
v -69.0065 45.3985 7.3655
v -68.1182 13.5988 7.3454
v -68.4791 12.6988 7.3454
v -69.4307 12.0988 5.5454
v -67.5065 45.9985 7.1055
v -69.3065 44.9134 7.9454
v -69.6065 44.4540 9.1454
v -68.1065 44.1985 8.9654
v -68.1065 43.5821 9.7455
v -66.9065 44.1985 9.1754
v -69.9065 15.0988 5.3855
v -66.9065 20.4988 9.6155
v -66.3065 20.1988 9.8154
v -67.7901 15.0988 7.3454
v -67.2604 15.0988 8.2455
v -67.0541 16.8988 8.2455
v -67.0166 15.0988 8.8454
v -68.3010 12.6988 8.8454
v -67.5088 13.8988 9.4454
v -67.9635 13.2988 9.7455
v -69.6065 12.5278 10.9454
v -69.3065 43.5985 10.1754
v -66.9065 43.2985 10.1155
v -68.7065 42.4290 11.5454
v -69.3015 42.0985 12.4454
v -67.5065 41.4985 12.3755
v -66.9065 42.2977 11.2455
v -68.1065 21.6988 10.1754
v -68.4065 23.2251 11.5454
v -66.0065 28.8985 16.4554
v -66.6065 23.7985 12.0254
v -67.5065 20.7988 9.5854
v -68.1065 13.8168 11.2455
v -68.7065 13.8988 11.9554
v -64.8065 20.6038 16.9454
v -67.1432 14.4988 10.0454
v -66.7213 15.6988 12.1454
v -64.5065 20.4028 16.3454
v -69.9065 11.4398 9.7455
v -68.1065 55.8212 14.2455
v -66.9065 55.6056 13.9454
v -68.1065 57.5649 10.3454
v -68.7065 24.3306 12.7455
v -66.2707 31.2985 18.7455
v -68.1327 53.1985 20.5454
v -66.9065 54.2837 17.2455
v -68.1065 38.5665 17.2455
v -68.7065 38.6978 17.8454
v -69.9065 39.9985 17.1854
v -66.9065 38.0884 16.9454
v -69.0065 27.6985 16.9354
v -69.9065 24.5462 13.9454
v -67.5065 31.3485 19.6454
v -67.2065 30.1946 18.1454
v -69.3065 56.7774 12.4454
v -68.7065 53.0087 20.2455
v -66.9065 53.3274 19.6454
v -69.3065 38.7634 19.0454
v -68.5536 38.1985 18.7455
v -68.7065 38.0040 19.6454
v -67.5477 37.8985 17.8454
v -68.1065 37.5985 19.3354
v -66.9065 37.0290 18.7455
v -67.4902 36.9985 19.6454
v -69.0838 28.5985 18.7455
v -68.1065 30.6985 19.8254
v -68.8879 24.9985 19.6454
v -69.6065 21.6988 17.4254
v -68.0098 25.2985 20.5454
v -68.7065 18.6758 16.0454
v -65.4065 24.1119 20.5454
v -68.1065 17.8188 15.4454
v -67.2065 53.4985 20.0754
v -69.0065 52.1144 22.0454
v -68.4065 52.8985 20.9054
v -68.3040 37.2985 20.8454
v -67.5065 36.5884 20.8454
v -66.3065 35.7985 20.5554
v -66.9065 35.9134 21.4454
v -66.8807 35.1985 22.6454
v -66.9065 31.9160 19.6454
v -67.6869 32.1985 20.8454
v -68.4065 29.9110 21.7455
v -69.7494 26.7985 18.1454
v -69.1682 26.7985 19.9454
v -68.1885 29.7985 22.3454
v -67.8065 27.6985 22.1255
v -67.9401 29.1985 22.6454
v -67.2065 27.6985 22.6954
v -66.9065 26.1985 21.8555
v -66.6065 23.7985 20.1654
v -67.2040 35.7985 22.9454
v -67.3729 35.7985 23.8454
v -66.8854 35.4985 22.9454
v -67.6166 34.5985 24.1454
v -68.0338 31.8985 22.9454
v -67.4151 35.4985 25.6454
v -67.8041 31.8985 23.8454
v -67.6166 30.6985 23.8454
v -67.1807 29.4985 23.8454
v -67.5065 55.8985 26.5454
v -67.8065 57.6985 25.9254
v -68.1065 57.3985 25.7854
v -68.4065 49.5985 26.0154
v -67.5065 49.2985 27.3555
v -69.8713 53.4985 25.0454
v -68.7510 50.1985 25.3454
v -69.0065 50.4985 24.3354
v -68.7065 48.6985 26.7754
v -68.4135 36.9985 25.0454
v -68.7065 37.5985 26.1155
v -67.1104 35.4985 27.1454
v -66.9744 35.1985 27.4454
v -67.2065 32.6838 25.6454
v -67.1338 30.3985 24.4454
v -66.6065 31.5985 25.9754
v -67.5065 53.7985 27.0754
v -68.4065 55.5985 26.3855
v -69.6065 55.5985 25.7355
v -66.6065 53.1985 27.7355
v -67.8065 52.8985 27.1454
v -66.9065 50.4985 27.9154
v -69.9065 47.7985 26.2355
v -67.8065 48.9985 27.2854
v -68.4065 47.1985 28.5654
v -67.5065 48.3212 28.3454
v -68.7065 38.8735 28.6454
v -68.1979 36.9985 26.8454
v -68.1416 37.2985 28.0454
v -67.0260 35.7985 28.9454
v -67.3166 36.6985 29.8454
v -67.3729 35.7985 26.5454
v -68.1065 46.5985 29.3855
v -68.1065 45.9985 29.8354
v -66.9065 47.7985 29.4654
v -66.9065 46.5985 30.6454
v -66.9065 45.9985 31.1454
v -68.6197 44.7985 29.8454
v -68.4510 43.5985 30.4454
v -67.9072 44.7985 30.7455
v -67.5065 45.3985 30.9054
v -67.7010 42.9985 31.6454
v -68.6760 41.1985 30.1454
v -68.2072 41.7985 31.0454
v -68.3197 39.9985 30.4454
v -68.2447 38.7985 29.8454
v -67.7291 38.7985 31.0454
v -66.4541 35.7985 31.0454
v -67.2065 37.0682 30.7455
v -66.6065 35.1267 28.6454
v -66.7260 35.7985 30.1454
v -66.9065 44.7985 31.9354
v -67.0916 43.5985 32.2455
v -66.3065 45.3985 32.1854
v -67.4291 41.1985 32.2455
v -66.7635 41.7985 33.1454
v -66.6065 40.5985 33.4754
v -67.3541 39.9985 32.2455
v -67.1385 38.7985 32.2455
v -66.9979 39.9985 32.8454
v -67.0635 37.5985 31.6454
v -68.4944 -30.2012 38.2455
v -67.8386 -31.1012 38.2455
v -69.9065 -30.2012 38.1954
v -67.2065 -27.4382 43.0454
v -67.8065 -28.4012 41.2254
v -68.7065 -29.5002 39.1454
v -68.4065 -29.6012 39.0754
v -67.0916 -30.8012 39.1454
v -67.5065 -32.0012 38.7654
v -68.4065 -32.6012 39.3254
v -69.9065 -32.6742 39.7455
v -68.1065 -32.8002 40.6454
v -67.0869 -32.0012 39.1454
v -67.1666 -31.4012 38.8454
v -65.7065 -26.6012 44.5354
v -69.8707 -29.3012 41.2455
v -69.5338 -29.0012 42.4454
v -68.9619 -28.4012 43.6454
v -69.5854 -29.3012 42.7455
v -66.3065 -28.7012 41.5854
v -69.0682 -32.0012 41.8454
v -68.1065 -32.3832 41.8454
v -67.8065 -31.8492 43.0454
v -67.2065 -31.8112 43.3454
v -66.9065 -32.3602 40.9454
v -66.6065 -32.1112 41.8454
v -68.4803 -27.8012 43.9454
v -66.0065 -24.9162 48.7455
v -67.2065 -26.9132 44.2455
v -65.7065 -24.8222 48.1454
v -64.5065 -23.9832 49.0454
v -68.9291 -29.3012 44.2455
v -68.4065 -30.2012 44.6155
v -68.4065 -29.3012 45.2254
v -68.2354 -28.7012 45.7455
v -67.5985 -30.8012 44.8454
v -66.9065 -30.8012 45.3454
v -66.9536 -30.5012 45.7455
v -66.6065 -31.6752 43.6454
v -66.5057 -25.7012 49.3454
v -67.9119 -28.7012 46.3454
v -66.1354 -26.6012 50.2455
v -67.0307 -26.6012 48.4454
v -67.7010 -29.6012 46.0454
v -65.7065 -26.9012 50.6754
v -65.1065 -28.2072 49.9454
v -69.6065 51.3985 49.6854
v -67.2065 49.5985 49.4754
v -69.3065 49.5985 49.6954
v -68.1065 51.0985 49.7854
v -66.9065 50.0690 49.6454
v -67.2065 48.0985 49.3855
v -67.2065 47.0428 49.6454
v -65.4065 45.6985 49.1654
v -65.5235 51.3985 51.1454
v -67.5065 51.6985 50.2455
v -67.5065 52.5985 50.8454
v -66.3065 44.7906 50.5454
v -68.5401 46.8985 50.8454
v -67.5065 45.5977 51.4454
v -66.0497 44.1985 52.3454
v -69.9065 47.6790 52.0454
v -67.8065 54.6024 53.5454
v -69.3065 55.7603 52.9454
v -69.3623 55.8985 53.5454
v -67.8065 54.2462 52.3454
v -69.3065 55.4977 54.7455
v -69.6065 54.7178 55.6454
v -67.9703 54.3985 54.7455
v -66.9065 53.4634 54.7455
v -66.9065 53.6227 52.6454
v -69.0065 48.0985 54.5754
v -67.5065 47.4985 55.0154
v -68.4065 48.6985 55.3254
v -64.5065 43.0899 52.9454
v -67.3212 46.2985 54.1454
v -69.0065 47.2431 53.5454
v -66.0065 46.2985 54.9254
v -66.9065 47.4985 55.2654
v -69.6065 53.4985 56.0454
v -67.8065 52.8985 55.8054
v -69.6065 52.5985 56.1155
v -68.1065 52.5985 55.9855
v -69.4243 51.0985 55.9454
v -68.4065 51.0985 56.0854
v -66.9065 51.9985 55.8154
v -66.9065 51.0985 56.0154
v -66.9065 50.1985 56.0454
v -69.6065 50.1985 55.5954
v -68.4065 49.5985 55.7355
v -67.5065 49.8985 55.9855
v -66.9065 48.0985 55.5554
v -68.1065 -17.8762 62.2455
v -66.9065 -18.2012 61.8954
v -68.4065 -18.8012 62.0554
v -66.9065 -17.6012 61.9754
v -68.1065 -19.7012 62.0554
v -66.9065 -19.4012 62.0754
v -68.7065 -17.7302 62.8454
v -67.2901 -16.4012 63.4454
v -66.3065 -15.6492 63.1454
v -67.8065 -16.9192 64.0454
v -69.0065 -17.9742 64.3454
v -66.9065 -16.3332 64.3454
v -67.5065 -17.3012 64.7455
v -69.6065 -20.8452 62.5454
v -69.3065 -21.2912 62.8454
v -68.1065 -20.9222 62.8454
v -66.9065 -20.1212 64.3454
v -67.2065 -20.4682 62.8454
v -66.3065 -19.9992 63.1454
v -66.3065 23.1985 64.8855
v -66.9065 22.5988 64.8354
v -67.5065 22.5988 64.9754
v -69.0065 19.8988 64.9855
v -68.1065 21.0988 64.8655
v -66.0065 21.0988 64.7154
v -69.3065 18.6988 65.0554
v -68.4065 16.8988 64.8855
v -67.8065 18.9988 65.3054
v -67.2065 18.0338 65.8454
v -64.8065 20.4988 64.9654
v -67.1010 17.4988 66.4454
v -68.7065 14.5028 65.8454
v -66.9065 17.4258 67.0454
v -69.3065 13.5388 66.1454
v -69.8338 12.6988 64.3454
v -65.7065 -15.5012 64.6954
v -66.6065 -18.5012 65.0055
v -68.1604 16.2988 67.9454
v -66.0065 17.3748 69.1454
v -68.7065 23.1985 71.7355
v -69.3065 22.2988 71.9454
v -66.3065 22.8985 71.9354
v -67.8065 21.3988 71.8855
v -66.5291 -51.8012 -34.3546
v -65.7065 -51.0622 -34.6546
v -65.7065 -51.8012 -34.8246
v -64.6822 -51.8012 -33.7545
v -65.3854 -50.3012 -33.4546
v -66.0065 -49.3072 -32.5546
v -65.7065 -51.2582 -32.2545
v -65.4065 -16.7012 -7.5646
v -64.2065 -15.2012 -6.3446
v -65.3151 -19.7012 -7.9546
v -65.7979 -21.2012 -8.5546
v -64.5065 -17.3012 -6.8146
v -65.0479 -20.0012 -7.0546
v -65.4979 -21.2012 -7.0546
v -64.5065 -8.3012 -3.5446
v -65.1065 -12.2012 -5.6046
v -64.5065 -13.1082 -5.8546
v -65.1065 -15.2012 -6.8945
v -64.5065 -14.3012 -6.2645
v -64.5065 -18.2012 -6.6546
v -64.2065 -18.0082 -6.7545
v -65.4065 -19.9412 -5.2545
v -64.8065 -18.8332 -4.9546
v -66.0065 -20.5932 -5.2545
v -65.9760 57.6985 -4.0546
v -65.8729 54.6985 -1.0546
v -64.2065 -5.2302 -1.9546
v -63.3065 -6.8012 -3.4346
v -65.0975 -17.3012 -3.1546
v -63.6065 -10.9842 0.7455
v -64.2065 -17.8622 -4.9546
v -66.6065 53.2204 -0.7545
v -65.7065 51.3985 3.0254
v -64.2065 -3.2012 -0.6546
v -65.1041 -4.4012 -0.4546
v -64.8065 -2.0012 0.6654
v -65.4065 -10.1012 0.8254
v -64.8065 -9.8012 1.2854
v -63.6065 -13.4012 -1.0346
v -64.8322 54.3985 2.5454
v -65.4065 52.6274 2.2455
v -65.4791 -0.2012 2.8454
v -65.4065 -2.3012 1.3254
v -65.1041 -0.2012 2.2455
v -65.6151 -2.6012 1.6454
v -65.8494 -2.6012 2.8454
v -65.5916 -5.9012 1.3454
v -65.6666 -5.0012 1.3454
v -65.6479 -6.8012 1.3454
v -64.5065 -6.8012 2.7455
v -64.2065 -6.8012 2.9454
v -64.9119 56.1985 1.9454
v -64.4338 54.3985 4.6454
v -64.8065 56.2210 4.0454
v -64.2604 51.6985 6.7455
v -64.8744 50.7985 5.5454
v -65.1932 49.8985 5.8454
v -65.0479 1.8988 3.7455
v -65.6572 1.2988 4.3454
v -65.2166 3.0988 4.9454
v -65.9244 -1.4012 4.0454
v -65.9713 0.0988 4.9454
v -65.8635 1.5988 5.2455
v -65.6104 -3.8012 3.4454
v -65.3947 -4.1012 3.7455
v -64.5065 -6.5012 2.9054
v -65.0338 56.7985 4.9454
v -65.5307 57.3985 5.8454
v -64.7901 56.1985 6.1454
v -64.8651 56.1985 7.0454
v -64.3682 50.4985 7.3454
v -65.7932 48.0985 6.7455
v -64.3963 48.6985 9.1454
v -65.7065 4.2188 7.0454
v -65.8354 3.0988 6.4454
v -65.8729 3.9988 7.6454
v -65.5729 3.6988 6.1454
v -65.5026 2.4988 4.9454
v -64.8065 4.7808 5.8454
v -65.4065 5.3818 7.3454
v -65.9619 1.8988 6.1454
v -65.9713 0.9988 5.5454
v -65.9572 0.0988 5.5454
v -65.7697 -1.4012 5.2455
v -65.5307 -0.8012 6.4454
v -64.8135 -1.7012 6.7455
v -65.8250 57.3985 7.0454
v -66.3065 57.4431 8.2455
v -65.5850 56.7985 8.2455
v -65.7065 56.3274 10.0454
v -65.3619 56.7985 7.3454
v -65.1932 56.1985 8.8454
v -66.3630 46.8985 7.0454
v -65.7065 44.7426 9.4454
v -65.7065 46.5985 8.0754
v -65.1065 45.3985 9.6754
v -65.1065 46.8460 8.8454
v -66.4213 18.3988 9.1454
v -66.0065 19.2988 9.7654
v -65.3432 6.3988 8.2455
v -65.5729 5.7988 8.2455
v -65.6291 6.6988 9.7455
v -64.8369 6.3988 7.3454
v -64.8065 8.1988 9.0954
v -65.1065 8.7598 10.3454
v -65.9104 3.3988 8.2455
v -65.7885 1.8988 7.9454
v -65.5354 3.3988 9.7455
v -65.6104 1.5988 8.2455
v -65.4042 0.6988 7.9454
v -65.3244 2.7988 9.7455
v -65.0713 1.8988 9.4454
v -64.4933 3.6988 11.5454
v -66.9065 57.8743 8.2455
v -65.7065 55.4931 12.4454
v -64.9184 54.9985 11.8454
v -65.1344 55.5985 10.6454
v -64.5065 54.3985 12.2854
v -64.4385 48.0985 9.7455
v -66.3065 43.8908 9.7455
v -65.7065 43.5985 10.3655
v -64.8651 44.7985 10.3454
v -64.5065 43.5985 11.4554
v -66.3065 41.8009 11.8454
v -66.0065 22.4928 11.2455
v -65.4065 22.5988 11.6355
v -65.6965 21.6988 10.9454
v -65.7065 20.7988 10.5154
v -65.1065 21.0988 11.1854
v -65.5401 19.5988 10.3454
v -65.7065 18.3988 10.0754
v -66.2104 16.5988 9.7455
v -65.2635 18.0988 11.2455
v -64.5065 19.2158 13.0454
v -64.6541 19.5988 11.8454
v -65.6291 17.1988 12.4454
v -64.9541 9.9988 11.5454
v -64.6494 10.5988 11.5454
v -64.3026 10.5988 10.9454
v -64.3447 11.7988 12.4454
v -65.3619 8.4988 10.9454
v -65.4369 8.4988 11.8454
v -65.2588 8.4988 13.3454
v -65.7510 5.1988 10.0454
v -65.4041 6.6988 12.1454
v -66.3065 55.4368 13.6454
v -65.7065 54.8649 14.2455
v -65.1065 54.8884 12.7455
v -64.5065 36.6985 17.8755
v -65.1065 42.0155 12.1454
v -63.9065 39.3985 14.9855
v -63.6065 33.9956 20.8454
v -64.8065 27.6985 15.5055
v -64.2065 27.0985 15.2455
v -64.8065 24.3985 13.0954
v -64.8065 23.1985 12.3755
v -64.5065 22.8985 12.4654
v -64.3494 20.7988 12.1454
v -64.1572 19.8988 14.2455
v -64.8463 18.9988 14.5454
v -64.8276 10.8988 12.4454
v -64.8510 11.4988 13.6454
v -64.8463 11.7988 14.5454
v -64.0869 13.2988 13.9454
v -65.2307 9.6988 13.3454
v -65.0244 9.6988 14.5454
v -64.9541 8.4988 14.2455
v -65.1065 6.4898 12.7455
v -62.4065 12.9988 20.8154
v -66.3065 38.2477 16.3454
v -63.9885 20.4988 15.4454
v -64.2885 13.8988 15.7455
v -64.4291 13.5988 16.3454
v -64.7760 11.4988 15.7455
v -64.8065 10.3288 15.4454
v -64.3963 13.2988 17.2455
v -64.4057 12.3988 17.2455
v -64.0588 12.3988 18.1454
v -64.6260 9.3988 15.4454
v -65.7065 53.7985 17.3954
v -65.4065 52.8985 20.3855
v -64.5065 52.7837 18.7455
v -65.1065 36.4009 18.4454
v -66.3499 36.3985 19.3454
v -65.1065 35.6321 19.6454
v -64.5065 34.2985 20.9454
v -64.8065 22.5988 19.0754
v -64.8065 21.3918 17.8454
v -66.6065 53.4985 20.0354
v -64.0767 52.2985 21.1454
v -66.0065 35.1985 21.5654
v -65.7065 35.3040 20.8454
v -65.1065 35.2852 20.2455
v -65.7065 26.4985 22.6055
v -64.8065 23.7985 20.1954
v -64.3588 55.8985 23.2455
v -62.7979 52.8985 23.8454
v -63.6557 54.3985 22.6454
v -65.1065 57.3985 23.6055
v -64.4947 55.8985 23.8454
v -64.8065 56.7985 23.7254
v -65.4065 27.9985 24.0654
v -64.2489 55.5985 24.1454
v -65.7065 31.5985 27.0154
v -63.6065 29.3977 25.9454
v -63.3065 31.5071 28.3454
v -66.0065 53.7985 27.9554
v -66.0065 57.3985 27.3954
v -65.1065 53.7985 28.2355
v -66.3065 48.9985 28.6055
v -65.7065 48.9985 28.9754
v -65.1065 33.0985 28.9754
v -64.8065 30.9526 27.1454
v -64.8315 32.1985 28.3454
v -65.7065 48.6985 29.2854
v -64.5065 49.2985 29.2555
v -65.7065 47.4985 30.7854
v -64.5065 47.9556 31.0454
v -65.9385 34.5985 30.1454
v -65.7135 34.5985 31.0454
v -65.4065 33.6985 29.2455
v -65.4065 33.9985 30.5554
v -64.6729 33.3985 31.6454
v -63.9135 32.1985 30.1454
v -65.7556 45.9985 32.2455
v -65.1065 46.5864 32.2455
v -66.3510 44.1985 32.8454
v -65.7065 44.7985 33.1654
v -66.0065 43.5985 33.4955
v -65.7697 44.1985 33.4454
v -66.1541 38.1985 33.7455
v -66.1354 36.9985 33.1454
v -66.0065 36.3235 32.8454
v -65.8635 36.6985 33.4454
v -65.7979 35.1985 31.9454
v -65.4065 35.1985 32.9554
v -65.4885 35.7985 33.4454
v -64.9072 35.1985 34.0454
v -64.4947 33.3985 32.2455
v -64.5065 45.4418 33.7455
v -64.5065 43.6444 34.9454
v -65.1697 42.9985 34.6454
v -63.9065 44.1985 35.1255
v -66.1541 41.1985 34.0454
v -65.4065 41.1985 34.9754
v -65.7065 39.3985 34.7154
v -64.9822 38.1985 35.5454
v -65.3197 39.9985 35.2455
v -65.3010 36.9985 34.6454
v -65.0760 37.5985 35.2455
v -64.7385 36.3985 35.2455
v -64.2065 37.5985 36.4554
v -64.1572 36.3985 36.1454
v -64.3447 39.3985 36.4454
v -64.2885 39.9985 36.4454
v -66.0791 -31.4012 40.9454
v -65.7065 -29.0012 41.9254
v -65.3807 -29.3012 42.1454
v -65.7791 -30.2012 41.2455
v -64.6541 -29.9012 43.3454
v -63.9065 -27.8012 44.9654
v -62.9151 -27.5012 46.6454
v -64.2065 -24.4382 48.1454
v -64.8065 -26.6012 44.9855
v -63.5947 -26.6012 46.0454
v -65.0010 -30.8012 43.6454
v -64.8065 -30.6212 44.8454
v -65.7065 49.8985 49.8855
v -64.8065 48.6985 49.4955
v -66.3065 48.3985 49.2654
v -64.2065 48.6985 49.6754
v -65.1065 44.4985 49.4354
v -64.8065 46.5985 48.8755
v -63.9065 46.8985 48.8555
v -63.5009 44.4985 48.4454
v -63.4815 45.0985 48.4454
v -66.1776 -25.7012 50.2455
v -65.3895 -24.2012 50.2455
v -63.6065 -28.4012 50.0554
v -63.0065 49.8985 51.9754
v -65.2759 51.6985 51.7455
v -63.0065 49.5985 51.3954
v -63.7231 41.7985 51.7455
v -64.3729 42.3985 51.1454
v -64.5065 42.6731 50.5454
v -63.7963 41.7985 51.4454
v -64.1291 -22.4012 53.2455
v -63.9065 -22.2962 52.6454
v -65.6057 -25.4012 51.4454
v -64.6588 -24.2012 53.5454
v -64.5065 -26.9012 51.9154
v -62.7065 -23.3302 56.8454
v -66.6065 53.5524 53.5454
v -66.3039 53.1985 54.1454
v -64.2065 51.3165 53.5454
v -65.6479 51.9985 55.0454
v -64.2322 50.7985 54.7455
v -65.2520 45.0985 54.4454
v -65.7065 47.1985 55.4855
v -63.9065 43.2985 53.7154
v -63.6065 44.7985 54.8655
v -64.2065 45.9985 55.2854
v -64.0017 50.1985 55.0454
v -64.4202 50.1985 55.3454
v -66.3065 48.6985 55.8555
v -65.7065 50.1985 55.8855
v -64.8065 48.0985 55.7754
v -63.9965 48.3985 55.6454
v -63.9065 -15.2012 62.1754
v -64.8065 -16.7012 61.9855
v -65.7065 -18.2012 61.9855
v -63.6065 -17.0012 62.1954
v -65.1065 21.9988 64.5854
v -65.7065 -15.0212 63.7455
v -64.3422 -13.7012 63.7455
v -63.0065 -14.0012 62.3954
v -62.7065 -17.2552 62.8454
v -65.1065 -18.7992 64.3454
v -65.1065 -19.0472 62.8454
v -69.3065 23.4985 65.9354
v -65.4065 25.2985 65.4754
v -64.8065 26.5103 66.1454
v -68.7065 24.8743 66.7455
v -65.4065 26.7352 67.0454
v -63.6065 25.2985 64.8354
v -64.2065 25.8985 65.3054
v -66.0065 18.6988 65.9154
v -64.7009 18.9988 66.1454
v -63.6065 19.0948 66.7455
v -65.7065 -17.3012 65.0954
v -63.3065 -14.6012 65.5854
v -65.4065 26.9415 67.6454
v -64.0907 27.6985 67.9454
v -65.4065 26.9602 69.1454
v -66.0065 26.7493 68.2455
v -63.6065 18.8178 67.3454
v -63.0065 18.8978 68.5454
v -62.6048 19.2988 69.7455
v -66.6065 25.5985 70.7054
v -67.5065 24.3985 71.3755
v -64.2065 25.8985 71.3855
v -66.0065 24.3985 71.6754
v -66.3065 26.3602 69.7455
v -62.4065 27.8977 70.3454
v -62.8127 26.7985 71.2455
v -66.9065 18.0988 71.0754
v -63.0065 20.7988 71.6854
v -66.9065 18.6988 71.4554
v -65.1065 20.4988 71.9454
v -67.2065 19.2988 71.7455
v -64.2065 23.1985 72.2854
v -65.4065 23.4985 71.9554
v -67.2065 19.8988 71.9054
v -63.9065 24.0985 72.1854
v -64.2065 22.2988 72.2954
v -64.5065 21.3988 72.1654
v -63.0182 -17.9012 -9.1546
v -63.0065 -16.1012 -8.4546
v -62.4065 -17.9012 -9.6445
v -61.8065 -18.5012 -10.1846
v -61.8065 -20.2212 -10.9546
v -63.2291 -20.0012 -9.4546
v -62.7065 -22.4952 -10.9546
v -63.0744 -21.8012 -10.0546
v -61.8065 -22.1012 -11.7246
v -63.0932 -19.1012 -9.4546
v -62.0819 -23.9012 -12.1546
v -62.3432 -25.1012 -12.1546
v -63.2713 -21.5012 -9.1546
v -63.0604 -22.7012 -9.1546
v -63.0065 -13.4012 -7.2346
v -62.7065 -11.9012 -6.6046
v -62.4065 -14.0012 -7.8146
v -61.8065 -13.7012 -7.7645
v -61.8065 -15.1692 -8.5546
v -63.9885 -14.9012 -6.7545
v -63.6065 -14.8812 -7.3546
v -63.6065 -13.3872 -6.7545
v -62.4065 -15.8012 -8.7046
v -63.7026 -17.6012 -7.9546
v -63.6744 -18.8012 -7.9546
v -63.8901 -19.4012 -7.6546
v -64.0776 -22.1012 -7.6546
v -63.9791 -23.0012 -7.9546
v -64.2041 -21.5012 -7.0546
v -64.0213 -25.7012 -7.6546
v -63.6065 -23.9012 -8.5846
v -63.9885 -23.6012 -7.9546
v -62.8565 -23.6012 -9.1546
v -63.3374 -25.4012 -8.8546
v -62.7065 -25.7012 -9.2046
v -63.8572 -27.8012 -7.9546
v -63.8010 -31.4012 -7.0546
v -63.3065 -27.8012 -8.7346
v -63.0065 -26.6012 -9.0446
v -63.0065 -29.3012 -8.7645
v -62.7118 -26.9012 -9.1546
v -62.7065 -28.4012 -9.0246
v -63.7119 -29.6012 -7.9546
v -63.3184 -30.8012 -8.2545
v -62.4065 -29.6012 -8.9346
v -62.7065 -30.8012 -8.6345
v -63.5385 -32.0012 -7.6546
v -62.7065 -32.0012 -8.3546
v -61.8065 -31.7012 -8.4945
v -63.0090 -33.8012 -7.6546
v -62.7065 -34.1012 -7.7246
v -64.2065 -8.9012 -4.0246
v -64.2065 -11.3012 -5.1546
v -63.9065 -9.5722 -4.6546
v -63.6065 -12.0762 -6.1546
v -62.7065 -9.8012 -5.4246
v -62.4065 -9.2012 -5.1046
v -64.2065 -12.8012 -5.7445
v -64.2065 -17.6012 -6.6946
v -64.2065 -18.4302 -5.2545
v -63.9979 -20.3012 -5.5546
v -64.0494 -22.7012 -6.4546
v -63.7963 -23.6012 -6.1546
v -63.3065 -24.2012 -5.7246
v -63.3065 -22.7012 -5.4446
v -62.7065 -23.6012 -5.3146
v -63.0065 -21.2012 -4.8745
v -62.4065 -22.4012 -5.0045
v -63.9791 -26.3012 -7.0546
v -63.0065 -25.4012 -5.6846
v -63.0065 -26.6012 -5.7545
v -62.4065 -25.4012 -5.4846
v -63.6979 -27.8012 -6.4546
v -63.0065 -29.3012 -5.7146
v -62.4065 -28.1012 -5.5646
v -62.1065 -27.3512 -5.5546
v -63.5338 -32.3012 -5.8546
v -62.4065 -29.9012 -5.4346
v -62.4065 -32.0012 -5.1145
v -63.6838 -33.5012 -6.7545
v -63.6065 -34.7012 -5.5646
v -63.0065 -32.9012 -5.1646
v -62.7065 -34.1012 -4.7046
v -63.5713 -35.0012 -6.4546
v -63.5479 -36.8012 -5.5546
v -63.5338 -37.7012 -4.6546
v -63.3369 -37.7012 -4.0546
v -63.0065 -35.0012 -7.2146
v -63.3065 -37.3602 -5.8546
v -63.3510 -35.0012 -4.9546
v -62.4065 -35.0012 -7.4846
v -62.4065 -36.5012 -6.8845
v -62.1065 -38.6012 -5.9346
v -62.4065 -39.5012 -5.4446
v -63.1354 -39.5012 -4.9546
v -62.4065 -40.7012 -4.7846
v -62.7065 -7.1012 -3.7645
v -62.7065 -5.2632 -2.5546
v -62.1065 -5.6012 -2.7346
v -63.3065 -8.8422 -4.6546
v -63.9065 -16.2812 -3.4546
v -64.2065 -15.7572 -2.5546
v -64.2088 -16.7012 -3.4546
v -63.6065 -15.0492 -2.5546
v -62.7065 -16.1562 -2.8546
v -63.6065 -18.2012 -4.2445
v -62.4065 -18.8012 -3.8945
v -61.5065 -20.6012 -4.6046
v -61.8065 -16.9422 -3.1546
v -62.7065 -20.6012 -4.5746
v -61.8065 -22.1012 -4.9446
v -62.7065 -35.6012 -4.2346
v -62.7065 -37.7012 -3.4546
v -63.3744 -41.3012 -3.1546
v -63.3322 -40.1012 -3.1546
v -63.0276 -42.8012 -3.1546
v -63.0932 -41.9012 -1.9546
v -62.7065 -40.4012 -2.2846
v -62.4065 -39.8012 -2.4346
v -62.7065 -43.1012 -3.2746
v -63.0557 -43.7012 -2.5546
v -62.7065 -44.3052 -2.5546
v -62.4065 -44.5502 -2.5546
v -63.0065 0.6138 1.6454
v -62.1065 -1.7012 0.0554
v -62.4065 -3.5462 -1.3546
v -64.2065 -1.5782 0.4454
v -61.4882 -4.4012 -1.6546
v -62.7065 -12.2012 -0.6345
v -62.1065 -11.3012 0.0454
v -62.7065 -10.8002 0.4454
v -63.0065 -13.4482 -1.6546
v -62.4065 -13.7152 -1.6546
v -62.7065 -13.1012 -1.2946
v -63.2057 -44.0012 -1.3546
v -63.0322 -44.6012 -1.9546
v -62.7517 -43.7012 -0.7545
v -61.8065 -8.9012 1.6954
v -63.9065 3.4358 4.0454
v -64.2065 1.6998 2.8454
v -63.3065 3.3988 3.8254
v -62.7065 5.7988 5.6754
v -62.4065 2.9238 3.4454
v -63.0065 5.6148 5.5454
v -61.8065 7.2988 6.9955
v -61.8065 3.3988 3.9955
v -62.7065 -7.1012 3.2054
v -63.3065 -6.2012 3.8655
v -62.7065 -5.2932 4.6454
v -61.8065 -6.5412 3.4454
v -64.3682 54.9985 5.8454
v -64.1713 54.3985 7.3454
v -64.3119 54.9985 7.3454
v -63.6604 49.8985 10.9454
v -64.2065 6.0958 6.4454
v -63.6065 7.5988 7.4054
v -64.2065 2.7988 11.0654
v -63.9065 -2.0012 7.1654
v -62.7065 -1.6992 7.6454
v -64.1151 54.3985 8.5454
v -64.3401 54.9985 8.8454
v -63.7635 48.6985 11.2455
v -63.9065 9.5868 9.4454
v -62.4065 9.6398 8.8454
v -62.7065 10.9208 10.0454
v -63.6065 3.6988 12.1854
v -63.3065 1.8988 10.7355
v -62.7065 1.5988 10.5554
v -62.1065 1.7788 10.6454
v -64.2065 54.3985 10.7054
v -63.7776 53.1985 11.2455
v -64.0401 53.7985 11.8454
v -63.8057 53.1985 13.0454
v -63.5619 51.9985 11.5454
v -63.2994 50.7985 12.4454
v -64.2065 47.1985 10.5254
v -64.3776 45.6985 10.6454
v -63.3276 47.7985 12.4454
v -63.6651 45.9985 11.8454
v -64.2065 44.1985 11.5055
v -62.7065 12.5038 11.5454
v -62.4065 5.2908 13.9454
v -64.1807 53.7985 13.0454
v -63.9065 53.1985 14.3054
v -63.1963 51.9985 14.2455
v -63.1682 48.6985 12.7455
v -62.9432 50.4985 13.6454
v -62.5119 50.1985 14.8454
v -62.4065 48.9985 14.5754
v -62.7065 45.6985 13.6055
v -62.7557 47.7985 13.6454
v -63.9065 43.5985 12.1255
v -63.4307 43.5985 12.7455
v -63.2151 45.0985 12.7455
v -62.3338 44.1985 14.2455
v -62.0432 45.9985 14.8454
v -63.9065 25.8985 14.5954
v -63.9065 24.0985 13.5754
v -62.6338 27.0985 16.3454
v -63.2994 24.0985 14.2455
v -63.7776 23.1985 13.3454
v -63.9932 21.6988 12.7455
v -63.2197 22.5988 14.2455
v -62.7604 24.0985 15.1454
v -64.3635 21.3988 12.1454
v -64.0682 20.7988 12.7455
v -63.3065 13.7648 13.3454
v -63.6065 14.7988 15.1255
v -63.0065 15.9588 15.7455
v -62.7065 13.6708 12.7455
v -62.7065 15.2838 14.5454
v -62.1065 14.5478 13.3454
v -63.9065 52.5985 17.7355
v -63.1401 51.9985 16.9454
v -62.6807 51.3985 16.6454
v -62.0338 50.1985 16.6454
v -61.6307 48.9985 16.6454
v -63.3065 39.9985 14.8655
v -62.1065 39.3985 16.2154
v -60.9276 40.5985 16.9454
v -63.6065 29.1985 17.0554
v -62.7065 29.4985 17.7654
v -62.5869 25.5985 15.7455
v -62.1065 25.5985 16.6654
v -61.8065 27.3985 17.5754
v -62.0338 25.2985 16.9454
v -62.3151 24.3985 16.3454
v -62.9338 22.5988 16.6454
v -63.1494 21.9988 15.7455
v -62.7604 22.8985 16.3454
v -62.4065 23.8165 17.2455
v -63.9065 21.4068 16.9454
v -63.4401 15.9988 16.6454
v -62.7135 16.8988 16.6454
v -62.1065 16.7038 15.7455
v -61.8065 18.0868 17.2455
v -64.1151 14.7988 17.2455
v -64.0166 15.0988 18.1454
v -64.1244 9.0988 16.0454
v -62.4065 9.9988 18.2654
v -61.8065 9.3088 17.8454
v -63.3065 51.6774 20.5454
v -62.7065 51.3118 19.6454
v -62.1065 50.7579 18.7455
v -60.9065 49.5431 21.1454
v -61.2651 49.5985 19.0454
v -61.5065 33.6540 21.4454
v -62.1065 38.1985 17.0554
v -61.5065 35.7798 19.3454
v -62.4065 33.9985 21.0354
v -62.7065 32.7649 20.2455
v -62.1065 30.3985 18.8655
v -62.1065 29.4985 18.2455
v -63.6065 22.7838 18.4454
v -62.4065 25.5200 20.5454
v -60.9065 28.5985 22.4754
v -62.5213 18.9988 19.9454
v -62.8682 17.7988 18.4454
v -63.1354 17.7988 19.6454
v -63.7682 15.9988 18.4454
v -63.7401 14.4988 19.6454
v -62.8447 16.2988 22.3454
v -63.4260 13.5988 19.9454
v -62.4065 15.0988 22.3855
v -61.5065 12.6578 21.1454
v -63.0065 51.3118 21.7455
v -61.4981 50.1985 22.6454
v -62.7065 33.6985 21.0055
v -64.2065 25.2985 21.5354
v -63.9065 24.4524 20.5454
v -62.4065 26.8056 22.3454
v -61.6119 27.6985 22.6454
v -62.9197 18.3988 20.2455
v -61.8791 20.4988 21.4454
v -62.2401 20.1988 22.3454
v -62.6244 19.2988 22.0454
v -63.5901 15.6988 20.2455
v -63.3041 17.1988 20.8454
v -63.2197 16.2988 21.4454
v -63.9065 54.6985 24.4754
v -62.9338 51.3985 22.0454
v -64.0354 54.3985 21.7455
v -62.4510 51.9985 23.2455
v -61.9038 50.4985 22.9454
v -62.1065 51.5001 23.8454
v -61.6494 50.4985 23.8454
v -62.1065 30.6985 27.2555
v -63.0065 26.4399 22.3454
v -61.5065 30.6259 26.8454
v -61.7197 20.4988 25.9454
v -60.9065 21.3988 28.2455
v -62.4604 19.2988 23.5454
v -62.5072 54.6985 25.9454
v -63.3065 57.0985 24.6155
v -63.3088 53.7985 25.0454
v -63.1444 52.8985 25.3454
v -62.8166 53.1985 25.6454
v -62.7510 51.9985 25.6454
v -61.5065 50.1985 25.2355
v -62.4604 51.3985 26.5454
v -62.5635 57.6985 26.2455
v -62.5588 57.0985 26.5454
v -62.3526 54.6985 26.5454
v -63.3065 57.3985 27.3855
v -62.7065 51.3985 28.3555
v -62.3432 52.8985 27.4454
v -62.4369 55.2985 26.8454
v -63.3065 49.5985 29.0854
v -63.6065 54.9985 28.0055
v -62.3151 50.1985 27.4454
v -61.8065 50.0962 26.2455
v -62.4932 50.1985 28.3454
v -62.1065 30.6071 30.4454
v -61.5065 30.1852 29.2455
v -64.2065 54.6985 28.1554
v -63.9065 49.2985 29.2954
v -63.9065 49.0899 29.5454
v -63.3065 48.0985 31.4554
v -61.5065 48.0985 32.0554
v -63.6604 32.1985 31.6454
v -62.1349 30.6985 31.3454
v -61.5065 30.1571 31.0454
v -63.9065 46.8306 32.8454
v -63.9065 45.9985 33.7054
v -62.7065 47.3556 32.8454
v -62.7065 46.8868 33.4454
v -63.3065 46.5985 33.4654
v -62.1065 47.8993 32.2455
v -61.5065 46.8212 34.0454
v -64.1104 32.7985 31.9454
v -64.0729 33.3985 33.4454
v -63.7260 32.7985 33.1454
v -63.3065 32.1985 32.9254
v -63.0229 32.1985 33.7455
v -62.7697 31.5985 32.8454
v -62.1065 30.8696 32.5454
v -62.1065 31.0946 33.4454
v -62.7065 46.2985 34.1155
v -61.5065 45.6985 35.3354
v -62.7065 45.3985 34.9955
v -63.9065 43.5985 35.4955
v -62.7065 43.5985 36.3954
v -64.2885 34.5985 34.6454
v -63.7916 33.9985 34.9454
v -60.2010 30.9985 38.2455
v -59.8354 31.5985 39.7455
v -61.8065 44.1985 36.5454
v -61.5065 43.5985 37.1654
v -63.3065 41.1985 37.1255
v -63.3065 42.9985 36.3154
v -61.5533 41.1985 38.5454
v -62.1246 39.9985 38.5454
v -62.4065 38.7985 38.5354
v -59.9572 34.5985 41.2455
v -60.0065 35.7985 41.2854
v -61.5065 38.7985 39.3954
v -61.8803 -27.5012 49.9454
v -63.3065 -25.1012 47.6754
v -63.6065 -26.0012 46.5554
v -62.3204 -24.8012 48.7455
v -62.4065 -26.6012 47.5854
v -62.5808 48.0985 49.9454
v -64.2065 43.5985 49.1355
v -61.5065 42.9985 47.6255
v -61.2065 43.8985 47.7355
v -61.8065 45.9985 48.6355
v -62.7229 40.8985 49.3454
v -62.3526 40.8985 48.7455
v -62.0268 42.6985 47.8454
v -61.8065 -27.3822 50.5454
v -62.7065 -28.3052 49.3454
v -62.7065 -27.9352 50.5454
v -62.7065 48.6985 50.4855
v -58.8065 45.3727 49.6454
v -62.4617 40.5985 51.7455
v -62.1135 39.9985 51.1454
v -62.4065 40.9384 52.3454
v -60.9885 38.4985 49.9454
v -63.3065 -21.8832 52.6454
v -62.1065 -21.4752 52.6454
v -62.4065 -20.6012 54.4054
v -61.5065 -21.5012 52.6454
v -63.9065 -27.2012 51.9354
v -60.9065 -24.5012 56.2154
v -60.3065 47.5993 52.3454
v -61.8088 48.9985 53.2455
v -62.2729 49.2985 53.8454
v -62.9104 49.5985 54.4454
v -62.4065 48.9985 54.4654
v -63.9065 43.8985 54.2154
v -62.4065 43.8985 54.6454
v -62.7065 43.2985 54.2555
v -63.0065 -20.9742 54.4454
v -63.6463 -22.1012 55.9454
v -61.9822 -20.0012 59.8454
v -63.0065 -22.7012 56.9654
v -63.9065 -23.6012 55.1454
v -62.4065 -23.9012 56.5354
v -61.8065 -24.8652 55.6454
v -60.6065 -25.2212 54.7455
v -63.6065 47.4985 55.5854
v -62.7065 46.2985 55.3454
v -62.4065 47.4985 55.2254
v -61.4244 -17.6012 59.2455
v -62.5635 -19.7012 57.1454
v -62.1065 -23.3012 57.3655
v -62.2260 -19.1012 59.2455
v -61.4244 -17.9012 61.3454
v -62.1065 -14.9012 62.2254
v -62.7065 -16.1012 62.2254
v -60.9065 -14.6012 62.4454
v -61.5065 -15.5012 62.4554
v -62.1065 24.0985 64.4354
v -61.8065 23.4985 64.5055
v -63.9065 21.6988 64.6854
v -63.0065 -13.4862 65.5454
v -62.7510 -11.9012 64.6454
v -62.4911 -12.2012 63.1454
v -60.0065 -11.9012 62.5754
v -60.9065 -16.2302 63.7455
v -62.4065 -16.7012 62.5754
v -62.1065 -16.9332 64.3454
v -60.3065 -15.4752 64.9454
v -64.2065 20.4988 65.0954
v -61.2065 21.9988 65.1554
v -63.6065 19.8988 65.7355
v -62.7065 20.4988 65.6454
v -62.7065 19.5988 66.7054
v -62.7065 19.4178 67.0454
v -62.0244 13.2988 66.1454
v -61.5322 4.8988 66.4454
v -62.4135 13.5988 67.3454
v -61.8065 -12.2012 65.9554
v -61.8065 -13.1012 66.0154
v -62.1065 -14.3012 65.8354
v -62.4065 -15.5012 65.5154
v -58.2065 30.9446 66.7455
v -59.1065 30.4946 67.6454
v -62.0385 12.9988 68.8454
v -62.2401 16.2988 69.1454
v -60.6523 28.2985 70.9454
v -62.1065 20.7988 71.3454
v -62.4065 20.2108 70.9454
v -62.1065 21.3988 71.7754
v -61.5065 20.6928 70.9454
v -61.9822 17.1988 69.7455
v -62.1065 19.3858 70.0454
v -62.1065 25.2985 72.2254
v -62.4065 23.7985 72.4154
v -61.5065 24.0985 72.4254
v -59.8494 -41.6012 -19.9546
v -59.2307 -45.8012 -22.0546
v -59.9432 -41.9012 -19.3546
v -60.0135 -41.3012 -19.3546
v -59.4744 -44.0012 -19.9546
v -60.3065 -35.6012 -17.6245
v -60.0065 -35.5112 -17.8546
v -60.0065 -38.9392 -19.0546
v -60.5666 -36.5012 -17.5546
v -60.6979 -37.4012 -16.6546
v -60.3088 -39.5012 -17.5546
v -59.7065 -38.8612 -19.3546
v -60.1072 -39.8012 -17.2545
v -59.7065 -41.3012 -17.8346
v -59.3244 -43.7012 -19.3546
v -61.9119 -29.3012 -13.6546
v -60.9697 -34.7012 -14.5546
v -60.0065 -38.9012 -16.3446
v -60.6065 -35.0012 -14.2246
v -60.0065 -36.8012 -14.8745
v -60.6065 -24.5012 -13.1445
v -60.6065 -19.1012 -10.5446
v -58.2065 -36.8012 -18.7146
v -59.4065 -36.2012 -18.4346
v -61.7479 -31.1012 -13.6546
v -61.2065 -22.4012 -12.0946
v -61.2065 -20.5062 -11.2545
v -59.7065 -18.4752 -9.7545
v -59.7065 -22.4012 -11.9546
v -61.2065 -13.7012 -7.7046
v -61.2065 -11.9012 -6.6245
v -60.9065 -14.0012 -7.7946
v -60.9065 -16.7012 -9.3346
v -60.6065 -16.1012 -8.9046
v -59.7065 -16.1012 -8.2545
v -60.0065 -20.9012 -6.3046
v -60.1635 -23.6012 -7.3546
v -60.0065 -23.4892 -7.6546
v -60.3815 -25.4012 -8.5546
v -60.6065 -25.7012 -8.5946
v -60.0065 -26.0012 -8.9046
v -60.2743 -24.8012 -8.2545
v -60.3604 -28.1012 -7.6546
v -60.9065 -26.4452 -9.1546
v -61.5065 -28.1012 -9.0346
v -61.5065 -29.4962 -8.8546
v -60.7072 -26.9012 -8.5546
v -60.4072 -29.6012 -7.0546
v -61.5065 -31.1012 -8.5446
v -60.7541 -29.6012 -8.2545
v -61.5065 -32.0012 -8.3346
v -60.5432 -32.3012 -7.0546
v -60.9065 -33.5012 -7.3945
v -61.5065 -35.3012 -7.2545
v -61.1994 -35.3012 -7.0546
v -61.2065 -10.2192 -5.5546
v -60.9065 -9.2012 -4.7046
v -61.2065 -7.4012 -3.6345
v -59.7065 -14.0012 -6.8046
v -59.7604 -12.2012 -5.5546
v -60.6065 -18.2012 -4.3146
v -61.2065 -21.3602 -4.9546
v -60.4354 -22.1012 -5.8546
v -60.1447 -20.3012 -5.8546
v -61.2065 -24.5012 -5.6145
v -60.9065 -25.1012 -5.8945
v -60.3416 -23.9012 -6.4546
v -61.5065 -26.6012 -5.6546
v -60.5572 -26.9012 -6.4546
v -61.2065 -29.3012 -5.7545
v -61.2065 -31.1012 -5.5546
v -60.6697 -31.1012 -6.1546
v -61.5065 -33.5012 -4.8845
v -60.6651 -35.0012 -5.5546
v -60.8432 -36.5012 -4.6546
v -60.6135 -34.7012 -6.1546
v -60.7213 -36.2012 -5.8546
v -61.5065 -38.6012 -5.7545
v -60.8197 -39.2012 -4.3546
v -61.5065 -39.5742 -5.2545
v -60.6065 -7.0252 -2.8546
v -60.6065 -2.0012 0.9855
v -60.0979 -4.7012 -0.1546
v -59.7979 -9.2012 -3.1546
v -59.7088 -8.9012 -2.5546
v -60.6065 -16.8852 -3.7545
v -59.7524 -17.0012 -4.6546
v -60.3065 -14.5802 -2.8546
v -60.0065 -14.0162 -2.8546
v -59.7065 -13.7432 -3.1546
v -61.5065 -37.7012 -3.4945
v -61.5065 -39.8012 -2.6046
v -61.1338 -40.7012 -2.5546
v -60.9416 -40.4012 -4.0546
v -61.5065 -41.0012 -4.4546
v -61.0635 -44.0012 -1.3546
v -61.1291 -44.3012 -1.9546
v -61.2065 -4.4012 -1.4746
v -60.9065 -2.6012 0.1554
v -59.8401 -4.7012 1.3454
v -59.6713 -8.3012 -1.3546
v -60.0065 -7.1012 0.9955
v -59.7932 -9.8012 -1.0546
v -60.3065 -8.6012 0.6654
v -60.6065 -11.4362 -0.7545
v -61.8065 -42.1422 -1.3546
v -61.5065 -42.4642 -1.3546
v -61.5065 -44.5612 -1.6546
v -61.2065 9.0278 8.5454
v -60.1307 0.0988 3.4454
v -59.8916 -1.7012 3.1454
v -61.2065 -8.5262 1.6454
v -61.2065 -6.0542 3.4454
v -60.3065 3.3988 5.3454
v -59.9385 3.0988 5.8454
v -59.6385 2.7988 6.7455
v -59.9619 -2.9012 3.7455
v -61.2065 -3.0292 5.8454
v -60.3510 -3.5012 4.3454
v -60.3065 8.2158 8.5454
v -59.9666 6.6988 7.9454
v -59.6010 6.6988 8.5454
v -61.2065 -0.3022 8.2455
v -60.7072 -1.7012 6.4454
v -60.0065 0.9348 7.6454
v -60.3651 -1.1012 6.4454
v -60.3065 11.9918 11.2455
v -59.8119 3.3988 10.0454
v -60.6065 2.1988 10.0754
v -60.5807 -0.2012 7.6454
v -60.9065 3.0348 11.2455
v -61.2065 12.0278 10.9454
v -59.3104 6.0988 12.4454
v -60.3065 3.3738 10.9454
v -61.5065 15.3988 14.0254
v -60.9065 15.0708 13.6454
v -60.9065 15.6988 14.2455
v -59.4065 15.9988 14.8354
v -60.3065 13.5988 12.5055
v -59.7065 13.2988 12.5854
v -60.9065 6.1708 14.5454
v -60.0065 6.7758 14.5454
v -61.2065 9.3988 18.0055
v -61.3401 47.7985 16.6454
v -60.4869 43.2985 17.2455
v -60.4963 42.0985 17.2455
v -60.0065 18.6988 17.2054
v -61.2065 17.4988 16.1654
v -60.6065 18.9028 17.5454
v -60.0065 17.8568 16.3454
v -59.4065 9.4148 17.2455
v -61.1619 48.9985 18.1454
v -59.5026 46.5985 20.5454
v -58.6213 44.7985 21.4454
v -59.9619 44.7985 18.4454
v -58.0307 39.9985 21.4454
v -60.0065 40.5985 18.2555
v -60.3065 36.9985 19.3954
v -59.2869 37.5985 20.2455
v -59.3057 39.3985 19.6454
v -61.4291 29.4985 19.0454
v -61.0166 28.8985 19.6454
v -61.6260 26.1985 18.1454
v -61.0635 27.9985 19.6454
v -61.2065 19.5818 18.7455
v -61.2065 18.4248 17.2455
v -60.0065 19.5988 18.2054
v -59.1065 11.8668 20.2455
v -60.0065 12.0918 20.8454
v -60.1963 48.3985 20.8454
v -59.7065 48.3985 22.7254
v -59.7065 33.9535 21.7455
v -61.5065 31.8985 20.5854
v -60.8479 31.2985 21.1454
v -61.0916 30.0985 19.9454
v -60.6979 30.6985 21.1454
v -60.6276 29.4985 21.1454
v -60.4682 31.5985 22.3454
v -59.4752 22.2988 21.4454
v -60.3065 21.3988 20.6554
v -60.6065 21.8978 21.7455
v -61.2801 20.4988 20.2455
v -61.2065 21.0868 21.1454
v -60.0065 20.7988 19.6554
v -59.4065 21.4198 20.2455
v -61.2065 12.0988 20.7254
v -60.0065 13.5988 22.5854
v -58.8065 14.4988 23.6355
v -60.3065 49.3712 24.7455
v -59.4065 48.5274 24.4454
v -59.1088 47.1985 22.3454
v -60.6065 32.7985 22.5154
v -60.0065 31.9665 23.5454
v -60.3229 30.6985 22.9454
v -60.4869 30.3985 24.4454
v -60.1898 31.2985 24.1454
v -61.5065 28.5493 23.8454
v -60.6065 30.6269 25.3454
v -59.7065 23.4962 23.5454
v -61.5065 21.3338 22.3454
v -61.6166 21.3988 22.9454
v -61.4432 21.9988 24.4454
v -60.3188 23.1985 23.8454
v -61.5065 16.5988 24.5354
v -60.3065 14.7988 23.8254
v -60.0065 31.5985 23.9955
v -58.5065 30.6985 25.1255
v -59.1065 29.9509 26.2455
v -60.7869 23.1985 25.3454
v -61.4385 21.9988 25.6454
v -60.9065 23.1259 26.5454
v -61.1057 22.5988 26.8454
v -60.1963 24.0985 25.9454
v -59.7065 24.7056 26.2455
v -60.9065 19.5988 27.4554
v -59.4065 17.1868 26.8454
v -60.3065 18.0988 27.0854
v -59.1065 48.6306 29.8454
v -60.9065 29.9977 28.0454
v -59.7065 29.2477 28.6454
v -59.1065 29.3884 27.4454
v -59.7065 25.2985 28.7654
v -60.3604 24.0985 26.8454
v -60.3065 19.5988 28.3454
v -60.0065 48.5087 31.0454
v -60.3065 29.3509 29.8454
v -59.7065 29.0602 29.5454
v -60.1682 23.7985 30.1454
v -60.1729 24.3985 29.2455
v -59.4065 21.0988 30.7555
v -58.0072 24.6985 35.5454
v -60.9065 48.3212 31.6454
v -61.5065 47.7985 32.5754
v -59.7065 48.0306 32.2455
v -61.5340 30.3985 32.8454
v -60.9039 30.0985 34.0454
v -60.6065 29.5009 31.6454
v -59.7065 28.8727 31.6454
v -60.3065 29.3696 32.8454
v -60.3065 29.5103 33.7455
v -59.4065 28.7696 33.4454
v -59.7065 46.2985 35.2854
v -59.1065 46.7931 34.6454
v -60.9604 30.3985 34.9454
v -60.9065 44.7985 36.5055
v -59.7065 44.1985 37.5954
v -61.5065 42.3985 37.9454
v -60.0065 42.3950 38.8454
v -60.5104 33.3985 40.0454
v -59.1065 29.8014 38.5454
v -60.6743 41.1985 39.1454
v -59.7065 41.7985 39.4154
v -61.2065 40.5985 39.0754
v -58.5065 39.3985 41.4855
v -60.0065 38.1985 40.8855
v -60.3065 34.0829 40.6454
v -59.2447 32.1985 41.2455
v -59.7065 30.9985 39.2555
v -59.1065 36.3985 42.1255
v -59.6947 33.3985 41.2455
v -59.4065 42.9840 47.2455
v -60.6065 41.4985 47.1155
v -60.3065 39.6985 46.9955
v -60.5057 38.7985 47.5454
v -59.1065 36.1388 47.5454
v -56.9385 33.6985 44.8454
v -58.6122 37.5985 45.7455
v -60.6065 45.3985 48.5554
v -58.2065 43.7931 48.1454
v -59.5494 36.6985 48.7455
v -60.6065 38.1985 50.2254
v -55.8065 32.0181 46.0454
v -61.5088 -26.9012 49.6454
v -58.5065 45.5743 50.5454
v -61.5065 40.2915 52.3454
v -61.4787 40.8985 52.9454
v -60.0065 38.7985 51.7054
v -59.7065 40.2183 52.9454
v -59.1065 -19.7012 55.7054
v -59.4885 -24.5012 54.4454
v -60.6369 47.7985 53.2455
v -61.5065 47.1985 54.8254
v -61.2065 46.2985 54.8954
v -60.0895 46.2985 54.1454
v -60.0065 45.2335 54.4454
v -61.2065 43.5985 54.5754
v -61.6565 43.2985 54.4454
v -61.2065 44.4985 54.8254
v -60.0065 44.4985 54.4955
v -59.7065 43.5985 54.3154
v -59.1065 44.7985 53.9754
v -61.5065 41.4985 53.4154
v -61.5065 42.9985 54.3254
v -60.0065 40.8985 53.3454
v -60.6065 -18.4612 56.8454
v -59.4065 -18.8012 56.4654
v -59.7065 -17.6362 57.7455
v -60.9065 -17.8192 58.0454
v -61.2301 -23.6012 57.4454
v -59.7065 -24.1472 56.2455
v -60.6065 -16.4322 59.8454
v -60.0065 -16.2212 59.5454
v -59.7065 -16.6102 58.9454
v -61.8065 -20.9012 59.6055
v -61.5065 -21.2012 59.6954
v -60.9065 -22.7012 58.6055
v -60.3065 -22.2722 59.2455
v -60.3065 -21.2012 60.3755
v -60.0065 -23.4162 57.7455
v -59.4065 -21.5012 60.1754
v -61.1619 -16.4012 61.3454
v -61.2791 -17.0012 61.6454
v -60.0065 -15.3542 60.4454
v -59.6728 -14.0012 61.3454
v -61.3635 -18.5012 61.3454
v -60.0065 -16.7012 64.1654
v -60.6065 -20.6012 60.7754
v -59.1065 -19.4012 62.4554
v -61.5065 25.2985 64.3154
v -58.5065 26.7985 63.7254
v -57.3065 26.4985 63.4955
v -57.6065 24.9985 63.7754
v -60.0065 14.7988 64.7754
v -58.5065 -1.4012 62.9554
v -60.3065 13.5988 64.7254
v -60.0065 6.6988 64.1255
v -60.6065 6.9988 64.5254
v -60.2859 1.5988 64.0454
v -60.8197 2.1988 64.6454
v -60.0065 1.2988 63.8054
v -60.9065 -1.1012 64.6255
v -60.4963 -1.1012 64.0454
v -59.7065 -1.1012 63.3954
v -60.2104 -8.0012 63.7455
v -59.7065 -8.3012 63.1754
v -60.6065 -7.7012 64.5654
v -60.6065 -8.5602 63.7455
v -61.1901 -8.9012 64.6454
v -60.8904 -10.1012 63.1454
v -59.7065 -10.4012 62.7754
v -60.3065 -11.0012 62.7154
v -60.6065 -13.7012 62.4354
v -60.0065 -12.8012 62.4654
v -60.0065 -16.1012 64.5254
v -59.4065 29.7962 65.8454
v -61.2065 21.0988 65.7854
v -61.4743 18.3988 65.8454
v -60.0065 18.6988 65.2854
v -60.6065 18.6988 65.4254
v -59.7065 22.2988 65.0854
v -61.9119 16.5988 66.1454
v -61.5065 14.6738 65.5454
v -61.3729 5.4988 65.5454
v -61.1619 3.0988 65.2455
v -61.2791 0.6988 65.8454
v -61.2791 1.8988 66.7455
v -61.5651 6.0988 67.3454
v -61.2322 -1.1012 65.8454
v -61.1432 -1.7012 65.2455
v -61.0682 2.7988 67.6454
v -61.0729 -3.2012 65.2455
v -61.1104 -3.2012 65.8454
v -60.8104 -4.1012 66.7455
v -60.5760 -4.7012 67.0454
v -60.4822 -3.8012 67.3454
v -60.6065 -7.5182 66.1454
v -60.2807 -8.9012 66.4454
v -61.3822 -9.8012 65.5454
v -59.9432 -9.8012 66.7455
v -62.0291 -10.7012 64.9454
v -60.9419 -10.1012 66.1454
v -60.9065 -11.0012 66.3154
v -59.7065 -11.9012 66.6355
v -60.0065 -14.3012 65.8254
v -59.7065 -13.1012 66.3354
v -60.0065 -14.9012 65.3954
v -59.4065 29.9884 69.4454
v -61.7666 12.3988 69.1454
v -60.7776 4.8988 68.5454
v -61.2065 4.8818 67.9454
v -61.4870 13.8988 69.7455
v -60.0065 3.6988 68.9654
v -60.3065 3.6988 68.7555
v -60.3065 2.1988 68.4654
v -60.0065 2.1988 68.6854
v -59.7065 -5.0012 67.9054
v -60.2151 -5.6012 67.3454
v -59.7065 -7.1012 67.5454
v -61.5065 27.0985 71.5654
v -59.7065 27.6985 71.7555
v -60.6065 26.7985 71.9955
v -60.0065 28.2985 71.2654
v -60.6065 21.3988 71.1954
v -60.8904 21.6988 71.5454
v -59.7065 12.0988 70.4054
v -60.0065 21.1738 71.2455
v -59.4065 21.0988 71.1954
v -59.4065 21.9988 71.2355
v -61.5065 17.1988 70.2154
v -60.3065 11.1988 70.0954
v -60.0065 26.1985 72.2555
v -59.7065 25.2985 72.3555
v -60.9065 23.4985 72.3154
v -59.4065 22.8985 71.7455
v -58.2065 -47.9662 -24.7545
v -57.0065 -51.8012 -27.7246
v -57.5151 -53.0012 -28.0546
v -58.7385 -47.6012 -23.8546
v -57.4166 -55.7012 -28.3546
v -57.3065 -55.4012 -27.7346
v -57.3065 -54.2012 -26.4846
v -58.3354 -50.9012 -25.0546
v -59.1135 -46.4012 -21.7545
v -59.1885 -43.7012 -21.7545
v -58.5065 -43.7012 -22.3446
v -57.3065 -47.7292 -25.0546
v -57.3557 -56.3012 -29.2545
v -57.7916 -51.8012 -24.7545
v -58.5037 -47.3012 -21.4546
v -57.3065 -52.1012 -24.6046
v -57.9065 -40.4012 -20.6046
v -58.5065 -39.6602 -20.2545
v -57.0065 -46.7012 -24.3346
v -57.3065 -42.8012 -21.8546
v -56.9565 -44.3012 -22.6546
v -58.2065 -47.0012 -20.9646
v -57.6065 -48.5012 -21.8745
v -56.7065 -51.2012 -23.8346
v -57.0065 -48.5012 -21.8845
v -58.8065 -41.9012 -21.2846
v -57.6065 -38.0012 -19.0546
v -58.2065 -45.5012 -19.8346
v -57.9065 -45.3162 -19.6546
v -58.2065 -43.1012 -18.2146
v -57.3065 -46.4012 -20.4346
v -57.3065 -45.5012 -19.8546
v -58.8065 -26.6012 -13.6145
v -57.3791 -36.5012 -17.8546
v -57.3088 -38.0012 -18.7545
v -58.5065 -43.7012 -18.6646
v -58.5065 -41.5182 -17.2545
v -58.2065 -40.9972 -16.9546
v -57.3065 -41.9312 -17.8546
v -57.3065 -44.3012 -19.1445
v -57.3065 -43.0632 -18.4546
v -58.2697 -23.9012 -10.3546
v -58.5065 -23.0012 -9.0946
v -57.1072 -35.9012 -16.0546
v -57.0065 -38.0582 -16.6546
v -57.6651 -35.3012 -14.5546
v -58.8065 -38.6012 -15.5446
v -58.5065 -36.8012 -14.6245
v -57.9065 -38.5262 -15.7545
v -58.2065 -39.2012 -15.9646
v -57.0065 -41.3392 -17.8546
v -58.5276 -23.0012 -10.9546
v -57.2854 -34.7012 -16.3546
v -58.5065 -35.3012 -13.8945
v -59.4065 -19.9512 -10.3546
v -58.9072 -22.4012 -11.2545
v -58.7291 -21.5012 -10.3546
v -59.4463 -11.3012 -3.4546
v -59.4838 -12.5012 -3.1546
v -59.5635 2.7988 7.6454
v -59.0010 6.3988 10.6454
v -58.7432 12.0988 12.7455
v -58.8322 9.0988 11.2455
v -58.6307 8.4988 11.8454
v -58.7291 7.5988 12.4454
v -59.2119 5.4988 10.9454
v -58.8065 14.7988 14.3254
v -56.9994 18.3988 18.4454
v -57.9065 12.0988 14.3054
v -57.7307 11.1988 15.7455
v -58.4104 9.0988 14.5454
v -58.8065 7.5988 13.1754
v -57.3065 19.2988 18.7854
v -57.0065 16.8988 17.6055
v -57.3065 15.0988 16.3755
v -57.6229 11.7988 15.4454
v -56.8822 13.5988 18.4454
v -57.6791 11.4988 16.9454
v -58.2651 10.2988 16.6454
v -59.1065 8.6158 15.7455
v -58.5065 20.7988 19.5354
v -57.9065 19.5988 18.6155
v -59.4065 18.0988 16.6654
v -57.3065 21.0588 20.2455
v -58.8065 10.7748 18.4454
v -58.2065 13.5988 22.0554
v -57.3229 13.5988 20.8454
v -58.6213 45.6985 22.0454
v -57.9065 42.3985 21.8354
v -58.0494 41.4985 21.4454
v -58.1151 38.7985 21.4454
v -58.2065 36.9985 21.6754
v -57.9065 22.8985 21.9654
v -58.2065 22.2308 21.1454
v -58.2065 21.6958 20.5454
v -57.3065 21.6988 20.8454
v -56.7065 14.4718 21.1454
v -58.8065 47.7985 24.2355
v -56.4065 42.1902 24.4454
v -57.6369 45.9985 24.4454
v -57.0065 40.5985 22.9554
v -56.7065 39.0985 23.2254
v -57.4682 38.1985 22.3454
v -58.2065 35.7985 22.0254
v -56.8026 36.6985 23.2455
v -56.8426 33.9985 23.8454
v -57.0529 32.7985 24.1454
v -57.9065 32.1985 23.9855
v -55.2065 35.4985 24.9554
v -57.9065 30.9985 24.9454
v -58.2065 23.2056 22.3454
v -58.8065 24.2931 24.1454
v -57.9065 25.1227 25.0454
v -57.9065 24.1196 23.5454
v -57.3065 23.6368 22.9454
v -57.3065 22.8587 22.0454
v -56.7065 16.2168 25.0454
v -57.6065 16.2988 25.8555
v -56.4153 15.9988 24.1454
v -56.2963 46.5985 28.6454
v -56.3901 44.1985 25.6454
v -57.3065 29.8853 26.2455
v -57.9065 25.8259 26.2455
v -57.3065 25.2165 25.0454
v -57.3065 24.3985 23.9054
v -58.8065 16.2728 25.9454
v -58.5065 17.7988 27.9855
v -58.5065 29.3790 27.1454
v -57.3065 29.4165 26.8454
v -56.1065 27.9985 29.0954
v -58.2065 28.4696 29.2455
v -56.7065 28.0477 29.2455
v -59.1065 25.8533 28.0454
v -58.2065 26.2899 27.4454
v -57.7259 27.6985 30.1454
v -57.3065 26.1727 26.5454
v -57.3065 18.0988 28.6255
v -57.3285 47.7985 30.4454
v -57.3065 47.7024 31.6454
v -58.5065 28.2727 30.7455
v -58.7315 28.2985 31.6454
v -59.3526 25.8985 29.5454
v -59.5166 25.5985 30.7455
v -58.2065 19.2988 30.0354
v -56.7065 21.3988 33.6954
v -55.2065 20.5058 32.5454
v -56.1065 21.0448 33.4454
v -58.5065 47.2524 33.7455
v -58.5065 47.8806 32.2455
v -57.9065 47.9087 31.6454
v -57.3065 47.5806 32.2455
v -58.2565 27.9985 32.8454
v -58.0420 27.9985 35.2455
v -58.5065 27.0985 33.8855
v -58.6635 26.4985 34.0454
v -58.8065 25.5985 34.0154
v -57.2244 24.9985 37.0454
v -58.2065 21.3988 32.4654
v -57.3065 45.9118 36.1454
v -56.7065 44.9556 37.6454
v -58.5065 28.6946 37.0454
v -58.2932 26.7985 35.2455
v -57.7966 27.9985 36.4454
v -58.7104 24.3985 34.0454
v -56.1065 23.7985 37.2455
v -58.5065 44.1985 38.0554
v -59.1065 29.2290 37.0454
v -57.9065 28.4790 38.2455
v -57.9065 26.7985 36.4454
v -57.3466 27.9985 38.2455
v -55.8065 27.6985 41.4254
v -59.1065 42.3985 39.3254
v -56.7065 42.9985 39.7954
v -57.0065 41.1985 41.1654
v -55.5065 38.1304 43.9454
v -58.7947 30.9985 40.9454
v -58.5791 30.3985 40.6454
v -58.3166 29.1985 39.1454
v -58.4291 29.7985 40.0454
v -57.3065 29.1985 41.2954
v -57.3065 28.4321 39.7455
v -57.3065 37.2985 43.2854
v -57.0025 38.1985 43.0454
v -58.5065 36.9985 42.5055
v -58.5065 36.3985 42.6654
v -59.4791 35.1985 41.8454
v -58.6072 35.1985 42.7455
v -57.9740 35.1985 43.3454
v -57.9065 35.7985 43.3054
v -58.6166 32.1985 42.1454
v -58.9916 33.3985 42.1454
v -58.7572 31.5985 41.5454
v -58.5979 32.7985 42.4454
v -58.2065 30.9985 41.9054
v -58.8065 40.2985 46.1155
v -58.5065 38.4985 45.6454
v -56.8849 36.0985 44.2455
v -57.0659 33.9985 44.2455
v -57.9065 33.3985 43.3954
v -57.3065 33.3985 44.0154
v -57.4072 32.1985 43.6454
v -58.6658 43.2985 47.5454
v -57.6065 41.1985 46.2555
v -57.9065 40.2985 45.8254
v -55.8065 37.9471 44.2455
v -58.0729 34.8985 46.3454
v -58.6447 35.4985 47.5454
v -59.1830 45.9985 50.2455
v -53.7065 40.4415 47.5454
v -51.0065 37.7649 46.3454
v -54.9065 41.1915 47.2455
v -59.1065 37.0196 50.2455
v -55.8065 33.3985 48.1255
v -57.3065 35.7985 49.9354
v -59.0994 46.2985 52.6454
v -58.1197 45.3985 51.7455
v -58.2065 37.5985 51.2654
v -58.5065 38.4985 51.9154
v -54.9065 35.7985 50.1854
v -58.5065 44.1985 53.6854
v -58.7057 45.3985 53.2455
v -58.2065 43.2985 53.6255
v -57.9276 44.7985 52.6454
v -56.7065 42.9985 52.3954
v -57.9065 41.1985 53.2154
v -57.3065 42.6985 53.0654
v -57.0833 42.0985 52.9454
v -59.1065 40.2985 53.0454
v -57.9065 40.2985 52.9054
v -58.5065 40.5985 53.1454
v -56.4065 39.9985 52.3154
v -58.4707 -20.0012 55.9454
v -59.2494 -22.7012 53.5454
v -58.7385 -22.7012 54.4454
v -57.1401 -20.6012 57.7455
v -57.0065 -17.6012 58.8254
v -58.8065 -23.4302 56.5454
v -58.5065 -22.8682 57.4454
v -58.6072 -23.3012 56.2455
v -57.8760 -22.1012 56.5454
v -57.1447 -20.9012 58.0454
v -58.5065 -16.4012 58.9955
v -58.5065 -17.9012 57.6754
v -59.4065 -22.1012 59.4354
v -58.5065 -22.3052 58.6454
v -58.2065 -21.7852 59.2455
v -57.7166 -21.8012 58.3454
v -57.3557 -21.2012 58.9454
v -58.2065 -11.9012 61.6754
v -57.6065 -10.7012 61.9054
v -58.5065 -8.0012 62.5254
v -57.3065 -9.8012 62.0854
v -58.8065 -13.4012 61.2054
v -57.9065 -13.7012 60.8154
v -57.9065 -14.3602 60.4454
v -57.0065 -13.7012 60.8755
v -57.3065 -14.6012 60.3755
v -59.1065 -18.2012 63.6155
v -58.5065 -19.1012 62.8354
v -57.9065 -19.2772 62.5454
v -57.6065 -20.8472 60.1454
v -57.6065 -19.4012 62.2754
v -57.0065 -19.3102 61.9454
v -57.9065 28.5985 64.1255
v -58.2065 29.4985 64.8154
v -54.5015 30.6985 62.8454
v -58.8065 27.9985 64.0854
v -59.0165 28.8985 64.6454
v -57.9065 27.6985 63.8154
v -55.8065 28.3793 62.8454
v -57.0065 23.2667 64.6454
v -59.1065 13.8988 64.5854
v -57.9065 5.1988 63.6954
v -57.6065 8.1988 64.1954
v -57.0065 5.7988 64.1355
v -57.3065 -1.7012 62.9654
v -59.1065 -1.7012 63.0754
v -59.1065 -6.2012 62.9154
v -58.5065 -6.5012 62.6654
v -57.0065 -7.4012 62.4955
v -59.1065 -8.0012 62.7854
v -59.1065 -17.0012 64.6155
v -58.5065 -17.3012 64.5854
v -57.0065 -17.9882 63.7455
v -57.0065 -17.4492 64.3454
v -58.4675 30.0985 65.5454
v -57.9065 31.1087 66.7455
v -57.9065 31.1696 67.0454
v -57.3065 31.3618 66.7455
v -58.5065 21.9988 65.5654
v -58.8065 18.0988 65.2654
v -58.8065 21.6988 65.6954
v -58.4422 21.6988 65.8454
v -57.3229 21.3988 66.7455
v -57.9065 20.1988 66.0154
v -58.2065 18.0988 65.4855
v -58.2065 14.4988 64.8655
v -57.6065 14.1988 65.1155
v -58.7702 -13.7012 66.7455
v -58.5065 -13.1012 67.0654
v -58.5065 -14.0172 66.7455
v -59.4065 -15.2012 65.6355
v -58.4270 -16.1012 65.5454
v -57.9065 -15.5012 66.0954
v -57.3065 -16.1012 65.6654
v -57.0065 -16.4012 65.3555
v -57.0065 -14.6012 66.6754
v -57.0065 -13.7012 67.0854
v -59.4025 57.9985 67.9454
v -58.2065 57.3985 67.7555
v -59.7065 57.4946 69.4454
v -58.3365 56.7985 68.5454
v -57.4243 56.1985 68.5454
v -57.1525 56.4985 67.9454
v -53.6758 53.4985 69.4454
v -58.5065 30.7243 68.8454
v -58.2065 31.0571 67.3454
v -57.9065 31.1181 68.5454
v -57.3065 31.4227 67.3454
v -57.3065 31.1368 69.1454
v -57.3065 30.9985 69.4754
v -57.3065 -1.7012 68.6854
v -58.5065 -6.4512 68.2455
v -57.3065 -4.4012 68.5055
v -57.9065 -5.3012 68.4654
v -59.1065 -8.6012 67.6954
v -58.5065 -8.9012 67.8954
v -57.3065 -8.3012 68.0754
v -59.1065 -11.6012 67.1055
v -58.2065 -11.6012 67.5055
v -57.9065 -10.1012 67.8154
v -57.3065 -9.8012 67.8755
v -57.3065 -11.0012 67.7054
v -59.9510 57.6985 70.0454
v -57.9065 56.3228 70.3454
v -59.2662 57.3985 70.6454
v -57.3065 56.0181 70.6454
v -54.0065 54.5928 72.1454
v -58.0346 57.0985 71.5454
v -57.6065 30.0753 70.6454
v -58.8715 29.4985 70.6454
v -57.3065 29.4985 71.1954
v -57.3065 30.6681 70.0454
v -58.5065 28.5257 71.5454
v -58.5065 27.9985 71.8154
v -57.0065 29.1985 71.4154
v -58.5065 22.2988 70.9054
v -58.5065 23.8298 71.8454
v -57.0065 23.5454 70.9454
v -57.0065 24.0985 71.3254
v -57.3065 22.2988 69.7654
v -57.4588 20.7988 70.0454
v -57.2338 20.4988 69.7455
v -58.8065 21.6988 71.0454
v -57.9065 13.8988 70.2254
v -58.5065 12.0988 70.3454
v -57.6065 18.9988 70.1854
v -57.6065 16.8988 70.1155
v -57.2338 17.1988 69.7455
v -57.0065 12.9988 69.5854
v -56.9151 14.7988 69.4454
v -57.0065 4.5988 69.1155
v -58.2065 26.7985 72.1355
v -57.3065 26.7985 72.0454
v -56.8072 -58.1012 -31.6546
v -56.7136 -56.3012 -30.7545
v -56.5682 -59.6012 -32.8546
v -57.0651 -57.8012 -30.7545
v -56.7932 -59.3012 -31.9546
v -56.4932 -60.5012 -32.2545
v -56.7065 -58.9692 -30.7545
v -55.8065 -59.0012 -33.1445
v -55.5065 -56.0012 -30.7246
v -55.2791 -53.9012 -28.6546
v -54.9065 -58.0282 -31.9546
v -56.4065 -60.2012 -33.0446
v -55.8486 -61.1012 -32.2545
v -55.2065 -60.8012 -32.6846
v -56.4065 -52.4012 -28.2146
v -55.8065 -59.3012 -30.3645
v -56.1065 -58.1012 -29.3246
v -55.8065 -58.0262 -29.2545
v -54.9065 -58.0032 -29.8546
v -56.1065 -55.8662 -27.4546
v -55.8065 -54.5012 -26.5346
v -55.9916 -47.3012 -23.8546
v -54.9416 -54.8012 -28.6546
v -55.1713 -53.6012 -26.8546
v -54.9791 -56.3012 -28.6546
v -55.7526 -47.9012 -23.2545
v -55.5065 -56.3362 -28.0546
v -55.5433 -54.2012 -26.5546
v -56.6854 -43.4012 -21.7545
v -55.8510 -50.3012 -23.8546
v -55.5979 -50.6012 -24.4546
v -56.4791 -43.1012 -21.1546
v -56.0807 -45.2012 -21.4546
v -55.9729 -46.7012 -22.0546
v -56.4065 -49.7012 -22.9546
v -56.2869 -43.7012 -20.2545
v -56.7791 14.7988 17.5454
v -55.4666 18.3988 20.8454
v -56.0432 20.4988 20.8454
v -56.1065 19.0848 19.9454
v -54.3065 22.2898 24.1454
v -54.5479 21.0988 23.2455
v -55.7619 16.8988 20.2455
v -54.7635 18.9988 22.6454
v -54.6932 18.3988 23.5454
v -55.5065 39.3985 24.7954
v -56.1557 37.2985 23.8454
v -54.9065 36.3985 25.0954
v -55.5065 22.6398 22.9454
v -55.5065 24.0985 24.2555
v -54.6065 24.1441 25.0454
v -54.4916 23.1985 24.4454
v -54.7822 18.0988 23.8454
v -55.7104 16.5988 23.8454
v -55.2065 44.7985 28.4754
v -55.4432 42.0985 25.9454
v -54.0090 36.9985 25.9454
v -54.0065 36.3985 25.9154
v -54.0065 34.5985 26.0854
v -55.2065 33.3664 25.3454
v -56.7065 31.5985 25.0055
v -55.5065 32.1985 25.4654
v -55.8065 30.3985 26.2555
v -55.2065 27.9985 29.0154
v -55.5065 25.5985 25.8855
v -54.0065 27.6985 29.1355
v -55.2932 17.4988 25.3454
v -54.6065 19.7458 30.4454
v -56.1065 17.1588 26.2455
v -55.2065 45.3985 29.3054
v -53.8307 42.0985 28.3454
v -54.0065 43.7051 29.5454
v -54.3065 19.2988 28.4654
v -55.5065 46.5306 31.6454
v -56.7065 47.0462 33.4454
v -55.5736 46.5985 32.8454
v -53.2096 44.7985 34.6454
v -53.1065 44.6649 35.8454
v -54.0065 21.3258 33.7455
v -55.4047 45.9985 35.2455
v -55.5065 46.3899 34.0454
v -54.0065 23.9134 38.8454
v -55.5065 45.2556 37.0454
v -54.9065 44.2806 38.5454
v -54.7822 27.0985 42.4454
v -55.5065 23.7985 37.7754
v -56.1065 43.8024 39.1454
v -54.9065 43.1931 40.0454
v -56.1065 42.3985 40.5454
v -53.1065 40.5985 43.0754
v -57.2947 30.3985 42.7455
v -56.6385 30.3985 43.6454
v -56.2822 29.1985 43.0454
v -55.8065 28.6014 43.0454
v -54.3307 38.4985 44.2455
v -57.2010 31.5985 43.6454
v -56.1065 31.8985 44.9354
v -55.8065 31.6263 45.1454
v -55.8065 30.9985 44.9554
v -55.8697 29.1985 43.6454
v -55.8065 29.7985 44.2654
v -54.5010 29.1985 45.4454
v -54.7260 27.9985 43.9454
v -53.7065 38.6696 44.8454
v -54.3065 31.2985 46.5454
v -55.8065 34.8985 49.5554
v -56.5447 43.5985 51.4454
v -55.2065 39.6985 51.6355
v -55.8065 42.0985 51.7555
v -56.4065 38.4985 51.7954
v -55.8065 38.7985 51.7254
v -55.2065 37.0043 50.8454
v -57.0065 -15.5012 59.9955
v -55.2065 -16.4012 61.6055
v -55.4619 -16.4012 61.0454
v -57.0065 -20.6902 58.9454
v -57.0065 -20.3182 60.1454
v -56.2354 -19.1012 60.4454
v -56.7065 -11.6012 61.7054
v -56.4065 -9.5012 62.2954
v -55.5065 -12.2012 62.0055
v -55.8065 -14.0012 61.2455
v -55.8065 -13.1012 61.5254
v -55.5065 -8.3012 63.0354
v -55.5065 -13.4012 61.3655
v -54.2565 -15.2012 60.1454
v -54.3065 -14.6012 60.2455
v -55.6635 -17.9012 61.9454
v -54.9510 -16.4012 63.1454
v -55.9541 -18.2012 62.2455
v -55.5065 31.4274 64.3454
v -51.5244 30.6985 60.4454
v -54.9065 29.1985 62.4754
v -54.6065 26.4985 62.1654
v -55.8065 24.3985 63.4354
v -54.3065 25.2985 62.3454
v -56.1065 23.7985 63.8954
v -54.3065 23.2665 63.7455
v -55.8065 22.6998 64.9454
v -54.6065 23.7985 63.3454
v -56.9984 8.7988 64.6454
v -56.2166 6.3988 64.9454
v -55.8065 -2.0012 63.7654
v -55.2651 -1.4012 64.6454
v -55.1572 -5.3012 64.0454
v -54.8526 -5.3012 64.6454
v -56.1065 -7.1012 62.8555
v -54.8277 -11.3012 62.8454
v -54.9065 -15.7622 64.3454
v -54.6065 -16.5162 62.8454
v -56.4065 -17.8852 63.4454
v -55.5707 32.1985 66.1454
v -54.9315 32.4985 66.1454
v -55.8065 22.1598 66.4454
v -55.5065 22.1278 67.0454
v -56.7455 21.6988 67.3454
v -54.9065 22.3008 65.5454
v -53.1065 22.5988 64.3154
v -56.7065 18.4738 67.3454
v -56.4791 13.2988 66.1454
v -56.2260 13.8988 67.0454
v -56.9057 13.2988 65.5454
v -55.5885 6.3988 66.4454
v -55.8463 6.3988 65.5454
v -54.5338 -7.7012 64.9454
v -55.6072 6.6988 67.0454
v -55.3635 1.8988 67.0454
v -54.9791 -5.6012 66.7455
v -54.6697 -7.7012 66.1454
v -55.4010 -5.6012 67.3454
v -54.6065 -12.0112 66.1454
v -54.9065 -13.4012 66.2854
v -54.9488 -14.3012 65.8454
v -54.5656 -14.0012 65.8454
v -55.8065 -15.2012 65.8454
v -54.9065 -14.9972 65.2455
v -56.4065 56.1985 67.8254
v -55.1132 54.9985 68.2455
v -55.2065 56.7985 67.3254
v -55.2065 32.3790 67.3454
v -54.9065 22.4838 68.5454
v -54.3065 22.1598 67.0454
v -56.4065 3.6988 68.6355
v -56.0057 3.9988 68.2455
v -55.6260 3.6988 67.6454
v -56.7065 1.2988 68.6355
v -56.4065 -4.4012 68.1954
v -55.8065 -5.3012 67.7455
v -56.7065 -6.2012 68.1754
v -55.8252 -7.1012 67.6454
v -56.4065 -7.1012 67.9754
v -55.8065 -9.2012 67.4554
v -56.1065 55.4602 71.2455
v -52.9271 52.8985 70.3454
v -52.3168 53.1985 72.1454
v -55.8065 29.7985 70.9955
v -54.2488 31.8985 69.1454
v -55.2065 28.8985 71.5055
v -56.1065 27.9985 71.8454
v -54.9065 27.9985 71.8054
v -55.8065 23.3181 70.3454
v -55.2065 24.0985 71.1155
v -55.7165 24.6985 71.5454
v -57.2151 18.9988 69.7455
v -52.5065 54.0985 72.7455
v -55.5065 25.5985 71.8954
v -56.1065 14.4988 109.0055
v -56.1065 14.1988 108.9454
v -57.0065 14.1988 109.8855
v -57.0065 15.1438 109.9454
v -55.8065 13.8988 108.7254
v -55.5065 14.7988 109.0254
v -55.8065 15.0958 109.3454
v -55.8065 13.1788 109.3454
v -54.8315 12.6988 108.4454
v -54.9991 12.6988 109.0454
v -54.3065 14.1988 108.2054
v -57.0065 14.6418 110.5454
v -55.8065 15.3588 110.5454
v -57.1136 14.1988 110.5454
v -55.8065 13.5988 110.6155
v -54.5619 -59.3012 -32.5546
v -54.5104 -59.0012 -31.9546
v -54.4494 -60.2012 -32.5546
v -54.4963 -60.2012 -32.2545
v -54.9065 -59.9012 -31.2946
v -52.0072 24.3985 28.9454
v -54.9065 38.7985 25.3555
v -54.6065 39.6985 25.9955
v -52.5065 37.5985 27.4955
v -52.5065 36.3985 27.2654
v -53.2529 31.5985 27.1454
v -51.0065 26.4985 31.3855
v -53.6432 20.7988 25.3454
v -53.4697 20.1988 27.4454
v -50.4065 25.5985 32.5754
v -52.1666 22.2988 29.5454
v -51.2315 38.1985 28.9454
v -52.1855 34.5985 27.4454
v -51.9065 32.7985 27.7654
v -51.9065 31.5985 27.9554
v -53.4065 30.3985 27.4855
v -51.9065 30.3985 28.2854
v -51.9065 29.1985 28.7954
v -52.8065 27.3985 29.7054
v -53.1065 20.7398 29.5454
v -52.8065 43.5958 31.6454
v -52.5744 42.0985 30.1454
v -52.5065 21.6818 31.9454
v -53.1065 21.5088 33.1454
v -51.7307 22.5988 32.8454
v -51.2947 23.1985 32.5454
v -52.8065 44.3368 33.4454
v -54.0065 22.5988 36.4454
v -53.4065 22.2988 35.6255
v -51.9065 23.4493 37.3454
v -52.8065 23.9602 39.1454
v -51.9065 23.8618 38.5454
v -53.7065 42.9493 40.3454
v -53.7065 43.9056 38.8454
v -53.1065 43.0899 40.0454
v -51.9065 24.4384 40.0454
v -51.9065 42.1431 41.2455
v -54.0669 26.7985 43.0454
v -53.1065 25.8985 42.7455
v -52.8065 25.1509 41.5454
v -52.8065 25.4790 42.1454
v -51.9065 39.9587 43.9454
v -52.2065 39.3985 44.4154
v -53.1065 38.4446 44.8454
v -51.2390 38.1985 45.7455
v -54.0065 27.3985 44.2455
v -54.5947 28.5985 44.8454
v -54.1354 27.9985 44.8454
v -53.4322 26.7985 44.2455
v -53.1065 26.7985 44.7854
v -53.1065 26.1985 43.6155
v -53.4065 31.8985 47.4454
v -53.4065 32.4985 47.9454
v -53.1065 31.5985 47.3555
v -52.5065 32.1985 47.7355
v -54.2460 29.7985 46.0454
v -53.9479 29.1985 46.0454
v -53.0259 29.1985 46.9454
v -53.1065 29.7985 47.0954
v -52.8031 30.9985 47.5454
v -52.2065 29.1985 47.6155
v -53.1065 27.9985 46.1155
v -52.1854 26.7985 46.0454
v -50.4065 36.6985 47.4454
v -50.4065 35.9959 47.8454
v -50.4065 34.8985 48.0554
v -53.1065 32.7985 48.1754
v -53.1065 34.9045 49.3454
v -55.1057 40.8985 51.4454
v -54.0065 37.5985 50.6055
v -52.2065 -15.2012 58.8054
v -53.4065 -14.6012 59.6854
v -52.8065 -14.3012 59.5554
v -52.2138 -17.0012 58.6454
v -53.4065 -16.4012 59.5954
v -51.9324 -16.7012 58.3454
v -51.9065 -15.8012 58.4354
v -52.6096 27.3985 60.7455
v -53.1065 26.1460 61.3454
v -51.6065 28.5985 59.9554
v -52.5065 25.2985 61.2654
v -52.5065 24.3985 61.8154
v -52.2065 23.4985 62.4654
v -54.0065 -11.8522 62.2455
v -53.4065 -12.7432 61.0454
v -53.1065 -12.5012 61.3555
v -52.8065 -12.3582 61.6454
v -53.4065 -11.7022 62.8454
v -50.8850 -13.4012 60.4454
v -54.3065 -16.7012 61.1754
v -51.6065 -18.4432 60.1454
v -52.8065 -17.7022 60.1454
v -49.8065 32.3181 60.1454
v -52.5065 22.9102 63.4454
v -54.2901 -10.7012 64.3454
v -54.6088 -10.7012 63.4454
v -54.4635 -10.7012 63.7455
v -54.2104 -11.0012 64.3454
v -53.1065 -11.7582 63.1454
v -50.1065 -19.1832 59.5454
v -53.1065 -14.6012 64.8254
v -53.4752 -15.2012 64.6454
v -49.4082 -17.6012 61.3454
v -54.0065 32.8759 66.1454
v -54.3065 32.7446 67.0454
v -53.7065 32.4259 64.0454
v -54.0065 32.6462 64.9454
v -53.1065 33.0352 64.9454
v -52.8065 33.2462 66.1454
v -53.1065 33.0774 67.0454
v -51.9065 33.1571 63.7455
v -51.6065 22.1598 65.5454
v -52.5065 22.2538 67.0454
v -54.4916 -8.3012 65.5454
v -54.4729 -11.3012 65.8454
v -54.0065 -14.0362 65.5454
v -53.3650 -13.7012 65.2455
v -52.6963 -12.5012 64.3454
v -47.4065 -17.6012 60.2555
v -53.1065 54.9985 67.5854
v -54.3065 57.9985 67.6055
v -54.3065 57.3985 67.4254
v -52.2065 57.0985 67.9754
v -52.9962 53.7985 68.2455
v -49.8065 52.2985 68.0254
v -53.1065 31.8774 69.4454
v -54.0065 22.5988 68.8154
v -54.0065 22.9056 69.4454
v -54.6065 22.7088 69.1454
v -50.7065 22.6528 67.9454
v -51.3065 51.6774 70.0454
v -53.7065 30.9985 70.2754
v -53.7065 28.8985 71.4754
v -53.1815 31.2985 70.0454
v -53.1065 30.3985 70.7355
v -52.8065 31.3163 70.0454
v -53.4065 27.6985 71.7154
v -54.3065 26.7985 71.9054
v -52.5065 28.5985 71.4454
v -51.3065 27.6985 71.4154
v -51.3065 28.2985 71.3555
v -51.9065 26.7985 71.4955
v -53.4065 24.6985 71.1954
v -54.0065 23.7985 70.6554
v -52.8065 25.2985 71.3354
v -52.2065 23.4118 69.7455
v -52.8065 24.0985 70.6355
v -51.6065 23.8166 70.0454
v -49.5065 24.6985 70.2054
v -52.5065 53.6846 72.4454
v -54.0065 12.9988 107.2854
v -54.1869 12.6988 107.5454
v -53.1065 12.6988 106.5055
v -52.5849 13.2988 106.3454
v -54.0065 12.2888 107.8454
v -52.8065 11.8008 107.8454
v -54.3065 14.4728 108.7455
v -54.4125 14.4988 109.6454
v -54.3463 14.1988 109.9454
v -52.5065 13.7088 108.1454
v -51.9885 30.6985 106.3454
v -53.5026 29.1985 113.8454
v -53.3526 29.7985 113.5454
v -52.3963 29.1985 107.5454
v -52.2065 31.2306 112.6454
v -50.7065 32.0649 106.6454
v -51.7447 31.2985 108.1454
v -52.5885 28.2985 109.9454
v -53.7042 27.9985 115.9454
v -52.2065 27.2181 112.3454
v -53.1065 27.3771 115.0454
v -52.5791 27.6985 111.7455
v -53.5447 29.7985 115.3454
v -53.7838 29.1985 115.9454
v -53.1065 30.3860 113.8454
v -52.8065 30.6985 113.0754
v -53.1463 30.3985 114.7455
v -53.9104 29.1985 117.7455
v -53.5869 29.7985 117.4454
v -53.3994 30.0985 116.2455
v -53.1065 30.4102 116.5454
v -54.0932 27.9985 118.0454
v -53.4065 26.7985 117.6654
v -52.8065 26.6181 116.8454
v -52.8065 25.9431 118.9454
v -53.4065 29.6743 119.2455
v -52.8065 30.4946 117.4454
v -53.1065 29.8993 119.2455
v -54.2479 27.9985 119.5454
v -51.2770 36.3985 28.3454
v -51.4363 35.1985 28.0454
v -50.4065 32.1985 28.7254
v -50.4065 30.3985 29.0154
v -50.1065 39.0985 30.5654
v -50.8190 29.1985 29.2455
v -48.4315 30.9985 29.8454
v -49.8065 29.1985 29.6654
v -51.3065 27.0146 30.7455
v -50.7065 27.9985 29.9855
v -50.1651 24.6985 34.6454
v -50.2729 25.2985 33.1454
v -50.1065 25.8071 32.5454
v -50.1065 24.5860 35.5454
v -49.5065 41.7306 34.6454
v -48.3841 41.1985 36.4454
v -50.7065 24.1337 37.3454
v -49.8096 42.3985 36.4454
v -50.4065 42.8649 37.0454
v -49.9525 42.3985 38.8454
v -50.1065 24.2977 36.7455
v -50.4065 24.2227 37.6454
v -50.7065 42.5274 39.7455
v -50.4065 42.0493 40.6454
v -51.6065 24.5602 40.3454
v -48.3615 22.8985 40.9454
v -49.2065 23.2759 41.2455
v -51.9065 41.7306 41.8454
v -50.7065 41.1985 42.3655
v -49.5065 40.6806 42.7455
v -49.5065 39.7243 44.2455
v -51.3065 24.6353 43.0454
v -48.9065 23.1259 42.4454
v -51.0065 40.2868 43.6454
v -50.1065 38.7985 45.4154
v -51.9065 25.2985 43.8855
v -50.7684 24.3985 43.6454
v -50.7065 24.7290 44.8454
v -51.4109 25.5985 45.4454
v -49.5065 23.8946 44.8454
v -50.1065 38.1744 46.0454
v -50.1797 36.6985 47.2455
v -50.1065 36.3985 47.3855
v -50.1065 35.7985 47.7254
v -51.6065 26.7985 46.7054
v -51.3065 27.3985 47.4754
v -51.2119 28.5985 48.1454
v -50.7065 25.3571 46.0454
v -48.9065 24.2790 46.6454
v -49.5065 25.2165 47.2455
v -51.6065 33.3985 48.2355
v -50.1065 35.1985 48.0554
v -51.3690 31.5985 48.4454
v -50.4065 30.9985 48.9955
v -49.8065 32.1985 49.1654
v -51.3973 30.9985 48.4454
v -50.1065 30.3985 49.1554
v -49.8065 29.1985 49.1954
v -50.1065 27.4039 48.4454
v -49.8065 27.9985 48.8954
v -50.1065 26.1985 47.6454
v -51.3581 -17.6012 58.0454
v -49.8604 -18.8012 57.1454
v -51.2994 -18.2012 58.3454
v -50.8940 -13.7012 59.8454
v -51.6065 -14.2072 59.2455
v -46.2065 -16.8912 55.9454
v -45.6065 -16.8582 56.2455
v -51.3065 -14.9012 58.5954
v -51.1445 -15.2012 58.3454
v -47.4065 -17.9012 55.3655
v -51.9065 -18.1662 59.2455
v -51.7166 -18.2012 58.9454
v -47.8166 -20.3012 55.9454
v -47.4065 -20.9082 56.5454
v -50.1065 -19.3432 58.9454
v -49.5065 32.9743 60.7455
v -48.9065 33.5696 61.3454
v -50.3863 27.6985 58.9454
v -51.6065 25.5985 60.4654
v -51.3065 24.6431 60.7455
v -48.3065 23.7985 59.1854
v -49.8065 23.0649 61.3454
v -50.1065 22.7088 62.2455
v -51.0065 -13.1182 62.2455
v -45.5800 -16.7012 57.4454
v -50.7065 22.3388 63.7455
v -49.2065 22.0758 64.0454
v -51.2854 -13.1012 62.8454
v -49.5369 -14.9012 61.9454
v -48.9065 -17.3012 61.2654
v -48.9065 -19.3992 59.5454
v -48.9065 -18.5012 60.5154
v -51.3065 33.5040 66.4454
v -50.7065 33.3985 67.1055
v -50.6877 33.6985 65.5454
v -46.5065 34.4462 62.5454
v -47.7065 34.1649 61.9454
v -49.2065 22.0708 65.2455
v -51.3065 57.0985 68.4855
v -50.7065 55.8985 68.0254
v -48.9065 54.0985 68.0354
v -49.5065 54.0985 67.8655
v -50.1065 55.8985 68.3354
v -49.7440 51.3985 68.5454
v -51.2969 51.9985 69.1454
v -49.5828 50.4985 69.4454
v -51.0065 32.6602 68.5454
v -51.0065 31.9149 69.4454
v -49.8065 31.8985 69.3555
v -50.7065 31.2985 69.9754
v -49.5065 33.4524 67.0454
v -50.4065 22.3058 66.7455
v -50.7365 57.6985 70.3454
v -51.0065 57.7618 69.7455
v -51.3065 57.8977 71.5454
v -49.2065 56.4587 71.5454
v -50.4065 57.4571 70.9454
v -49.8065 57.0212 70.3454
v -49.9175 56.7985 69.4454
v -50.2591 50.7985 70.6454
v -50.1065 50.8712 71.5454
v -49.8065 50.4634 70.0454
v -51.6065 30.9985 70.2754
v -51.6065 29.4985 71.0754
v -49.5065 30.6985 70.2154
v -49.8065 29.4985 70.8154
v -51.0065 26.4985 71.2854
v -49.7221 26.1985 70.9454
v -49.2065 23.4165 68.8454
v -51.9065 57.3985 72.6155
v -51.9065 57.6985 72.3655
v -52.8065 57.3985 72.8655
v -51.5393 57.3985 72.4454
v -50.0700 56.1985 72.7455
v -49.5815 56.1985 72.4454
v -53.4065 56.7985 73.0454
v -52.5065 54.9985 73.0754
v -49.5065 53.1985 73.5954
v -50.4065 54.9985 73.3954
v -49.2065 50.7985 72.6754
v -46.8065 49.5985 73.5754
v -50.1065 32.1985 89.5954
v -50.3994 31.5985 90.7455
v -50.3526 32.1985 91.3454
v -50.7065 31.5985 93.2355
v -50.5447 30.9985 91.6454
v -50.2776 30.9985 89.8454
v -49.5041 31.8985 85.6454
v -50.3760 30.0985 91.6454
v -50.4697 32.4985 93.7455
v -49.9166 33.0985 91.3454
v -50.2260 32.7985 92.5454
v -50.3338 32.7985 94.3454
v -50.5822 30.3985 92.5454
v -50.8494 31.8985 95.8454
v -51.5760 31.2985 105.4454
v -51.7494 29.4985 103.0454
v -51.7776 30.0985 103.0454
v -51.4260 30.9985 100.6454
v -50.3947 29.1985 94.6454
v -50.5447 28.2985 99.4454
v -49.5065 28.4368 93.4454
v -49.8065 27.8040 98.8454
v -50.8026 28.2985 100.6454
v -50.7065 28.0525 100.6454
v -50.3526 27.9985 99.4454
v -50.4979 27.9985 99.7455
v -49.8065 26.1985 99.6355
v -51.2625 27.6985 105.4454
v -50.6057 26.4985 101.5454
v -50.2963 27.0985 102.1454
v -50.3619 26.4985 102.1454
v -50.2729 24.9985 102.4454
v -50.2776 21.6988 102.1454
v -49.9166 23.1985 103.0454
v -49.8838 20.7988 101.2455
v -50.2354 21.3988 101.8454
v -50.1885 21.0988 102.4454
v -49.8065 32.6696 103.9454
v -50.1065 27.0634 104.8454
v -50.7065 27.0540 106.9454
v -51.3065 12.6988 105.0754
v -51.9065 12.3988 105.5254
v -50.7065 12.9988 104.7654
v -50.7065 12.6988 104.6255
v -50.1937 12.3988 104.2455
v -50.4065 13.2538 104.8454
v -50.1065 12.9988 104.3954
v -50.1065 13.4748 105.1454
v -50.1065 11.4988 104.9254
v -50.1065 11.4168 105.1454
v -50.7065 11.3648 105.7455
v -49.5065 32.4681 106.0454
v -50.1065 26.8853 106.6454
v -51.5830 13.5988 107.2455
v -51.6065 13.2988 107.7355
v -51.6065 12.6988 108.0354
v -49.8065 12.9988 106.4454
v -49.5065 12.3988 106.3755
v -51.3065 11.3978 106.3454
v -51.9065 11.4818 106.6454
v -51.4136 11.4988 106.9454
v -51.6065 26.7915 113.5454
v -50.4065 26.7774 111.7455
v -49.8065 26.7774 108.7455
v -51.6065 31.5212 112.9454
v -50.4065 31.5774 113.2455
v -49.8065 27.0118 113.2455
v -52.2065 31.2212 113.5454
v -52.2065 31.1602 114.7455
v -51.3065 31.3853 114.7455
v -49.8065 30.9540 114.7455
v -50.4065 30.8274 116.2455
v -50.1065 27.0024 115.9454
v -51.6065 26.6181 115.0454
v -50.4065 30.3681 117.4454
v -49.9729 30.0985 117.1454
v -49.8065 27.3958 116.8454
v -50.3884 26.7985 117.1454
v -51.3065 29.8618 119.8454
v -50.7065 29.4985 119.7854
v -50.2869 29.4985 118.9454
v -50.3385 26.7985 118.3454
v -51.6065 26.1165 118.0454
v -50.7065 26.3743 118.9454
v -49.2065 36.9985 30.2455
v -47.1065 36.9985 32.0254
v -48.6065 35.7985 30.2455
v -49.2065 33.9985 29.4754
v -48.8932 32.4985 29.5454
v -46.1661 32.1985 30.7455
v -47.1065 31.5985 30.3655
v -47.1065 29.7985 30.5454
v -46.5065 28.5548 31.0454
v -47.7065 27.9985 30.9254
v -48.1213 39.0985 32.8454
v -48.4682 39.9985 33.4454
v -45.9065 36.9985 33.4054
v -48.3065 26.7985 31.5754
v -48.6065 25.0571 33.7455
v -47.7065 26.1727 32.2455
v -48.3065 24.3071 35.2455
v -48.9358 41.7985 38.2455
v -47.1463 39.9985 36.7455
v -45.6065 37.4274 34.6454
v -47.7065 40.7274 37.6454
v -44.7065 22.2988 38.1554
v -49.5065 41.8618 40.0454
v -48.7100 41.4985 39.4454
v -47.7065 40.7556 39.4454
v -47.1065 39.9118 41.8454
v -46.5065 22.1788 40.6454
v -48.3065 40.1181 43.0454
v -47.7955 22.5988 43.0454
v -48.9065 39.6985 44.1055
v -48.9065 38.5243 45.7455
v -45.9065 37.4087 46.6454
v -49.5065 24.1009 45.4454
v -48.9065 23.3790 44.2455
v -48.6065 23.5196 45.4454
v -47.7065 22.6098 43.6454
v -47.4065 22.5538 44.2455
v -47.1065 22.8352 46.0454
v -48.0065 23.3696 46.0454
v -48.9065 36.9985 47.3154
v -47.7065 36.9985 47.4454
v -46.5065 37.1274 47.2455
v -48.3065 36.3985 47.9054
v -48.9065 25.5985 48.1255
v -48.6065 24.9985 47.8154
v -47.1065 36.3985 48.0754
v -48.9065 33.9985 49.0354
v -48.3065 35.1985 48.7355
v -49.5065 32.7985 49.1654
v -48.9065 32.1985 49.5454
v -48.3065 33.3985 49.4754
v -47.1065 32.1985 50.2054
v -47.4065 31.5985 50.2254
v -47.1065 33.3985 49.8954
v -48.9065 30.3985 49.7455
v -48.9065 29.1985 49.6854
v -47.4065 29.7985 50.3555
v -48.9065 26.7985 48.9554
v -48.3065 27.3985 49.5554
v -47.1015 26.7985 49.9454
v -47.1065 27.3985 50.1355
v -47.1065 24.9985 48.9354
v -47.1065 30.6985 56.4754
v -47.7065 29.7985 56.7555
v -48.6065 27.0985 57.5154
v -48.2759 27.6985 57.1454
v -47.1065 29.1985 56.1654
v -47.7065 28.2985 56.6454
v -47.5478 27.6985 56.5454
v -48.0065 26.1985 57.2254
v -47.7596 -18.8012 55.3454
v -47.1065 -19.4012 54.7754
v -46.2065 33.6962 58.0454
v -45.0065 33.3553 56.2455
v -45.3065 23.7985 56.7355
v -48.5010 -14.9012 60.4454
v -46.1993 -16.4012 58.3454
v -47.7065 -20.6742 57.4454
v -47.4065 -20.5192 58.0454
v -48.0065 22.2028 61.9454
v -43.5065 21.6208 59.5454
v -49.2369 -14.6012 61.3454
v -48.2713 -15.5012 60.7455
v -43.8065 34.0621 65.2455
v -49.8065 56.1985 68.7854
v -45.9065 50.4985 68.1355
v -47.7528 54.9985 69.4454
v -47.7065 54.3819 68.8454
v -48.2736 50.1985 68.5454
v -48.3065 51.6985 67.9754
v -47.1065 50.1985 68.1255
v -47.5213 48.6985 69.1454
v -49.8065 32.6040 68.5454
v -48.3065 33.1056 67.6454
v -48.9065 32.2712 68.8454
v -47.4065 32.5618 68.2455
v -47.1065 31.8985 68.8454
v -45.9065 22.7508 66.7455
v -48.0065 55.6477 71.2455
v -47.7065 55.4274 70.6454
v -47.5775 54.9985 72.1454
v -47.1065 54.7618 70.0454
v -48.8947 49.5985 71.2455
v -48.0885 48.6985 70.9454
v -48.9065 30.6985 70.1055
v -48.3065 29.1985 70.5954
v -48.0872 30.9985 69.7455
v -49.5065 27.6985 71.0654
v -48.0065 27.6985 70.7254
v -48.6065 26.4985 70.7455
v -47.4065 28.8985 70.4454
v -46.8065 27.6985 70.3954
v -48.6065 24.9985 70.1454
v -47.1065 24.6985 69.5055
v -47.4065 25.5985 70.1155
v -48.6065 24.0985 69.4554
v -48.6065 55.2985 72.7054
v -48.9065 54.0985 73.5055
v -49.2065 53.4985 73.6255
v -48.3065 53.1985 73.6654
v -46.5065 52.5985 73.5354
v -47.1474 48.9985 73.0454
v -47.4229 48.3985 72.1454
v -45.9065 49.2985 73.8054
v -47.3057 31.8985 75.4454
v -48.6744 31.5985 81.1454
v -48.8104 32.1985 82.6454
v -48.6463 32.7985 83.2455
v -47.8963 30.3985 76.6454
v -48.8572 29.7985 82.3454
v -47.6947 29.1985 76.9454
v -48.6651 29.1985 82.6454
v -48.3979 28.8985 82.0454
v -49.1572 32.7985 85.6454
v -48.6697 33.3985 85.3454
v -48.0065 33.7665 84.1454
v -49.0588 30.6985 82.6454
v -47.4065 27.7993 82.9454
v -48.6065 28.1321 90.4454
v -48.0065 28.2352 83.2455
v -47.9291 42.0985 87.7455
v -47.7697 42.6985 88.3454
v -47.7065 42.0985 85.5554
v -49.7666 32.7985 88.9454
v -48.6065 33.7571 86.8454
v -48.0065 34.1509 86.5454
v -47.4065 34.1181 83.8454
v -49.6026 29.1985 89.5454
v -49.0916 41.1985 97.0454
v -48.2619 41.4985 89.5454
v -47.9901 40.5985 87.7455
v -48.8151 39.9985 97.3454
v -48.0065 34.2259 87.1454
v -48.6065 34.0571 88.9454
v -47.4065 34.5352 87.7455
v -49.4619 33.3985 89.5454
v -48.1026 42.3985 92.2455
v -47.9010 42.6985 89.8454
v -47.4065 39.7056 88.3454
v -47.4065 34.6009 90.1454
v -48.3065 34.3477 90.7455
v -48.9065 34.0665 91.3454
v -48.9065 28.1181 92.5454
v -47.4065 27.6915 89.5454
v -48.0838 42.9985 94.6454
v -48.3229 42.0985 92.8454
v -47.5776 43.8985 94.9454
v -47.8494 43.5985 95.2455
v -48.9979 40.5985 96.4454
v -48.9065 34.0852 93.1454
v -49.2065 33.9118 92.5454
v -48.3065 34.3009 93.7455
v -47.1065 34.6196 91.0454
v -50.0197 28.8985 93.7455
v -48.7447 42.0985 97.0454
v -48.0065 43.5985 96.6454
v -46.8065 39.3259 88.3454
v -48.0065 39.2649 96.7455
v -48.3065 33.8462 97.9454
v -49.2065 33.6024 98.2455
v -47.4065 34.2985 94.8154
v -47.7065 44.1985 97.2654
v -47.4065 44.4446 97.0454
v -47.4065 44.8618 98.8454
v -48.9065 42.3815 101.2455
v -48.4107 42.6985 99.4454
v -48.2526 43.5985 99.1454
v -49.1666 40.8985 97.9454
v -49.1713 40.5985 98.8454
v -48.8994 39.9985 98.8454
v -48.3237 39.3985 98.2455
v -47.4065 33.8040 97.9454
v -48.9065 27.4665 98.5454
v -46.8065 27.6634 92.8454
v -48.1026 44.1985 99.4454
v -48.1354 45.0985 102.1454
v -49.2791 41.1985 99.7455
v -49.3213 41.4985 101.2455
v -48.9182 39.9985 100.0454
v -49.0963 40.2985 99.7455
v -49.5369 41.1985 106.0454
v -48.0065 39.2040 99.4454
v -50.1065 32.9134 100.0454
v -48.3065 33.1290 102.1454
v -47.7065 33.0821 101.8454
v -48.9065 26.7985 98.9654
v -48.9065 25.5985 99.3655
v -47.7065 25.2985 99.6854
v -48.6565 19.8988 100.6454
v -47.7065 21.3988 100.5154
v -48.3065 21.0988 100.3855
v -48.0065 18.9988 100.8054
v -48.4026 43.8985 101.8454
v -48.3791 44.4985 102.1454
v -48.4307 44.4985 103.9454
v -49.3166 42.9985 107.2455
v -48.6065 42.8977 102.7455
v -48.6065 39.7155 101.5454
v -48.3065 39.6212 102.7455
v -48.0065 39.3259 101.2455
v -48.6065 32.2759 106.6454
v -48.9065 26.7985 103.0354
v -47.4755 27.0985 102.4454
v -48.0065 27.0985 102.9454
v -49.6260 15.6988 103.3454
v -49.4619 16.8988 103.6454
v -49.4385 15.6988 101.8454
v -48.0065 12.0988 101.6055
v -49.2510 11.4988 102.7455
v -49.5651 13.8988 102.7455
v -48.6184 10.2988 102.1454
v -49.0588 9.6988 103.0454
v -48.3065 9.9988 101.9855
v -48.0065 10.0918 101.8454
v -48.3463 4.5988 103.3454
v -47.4065 4.8988 102.4754
v -48.4072 45.0985 105.1454
v -48.3557 44.7985 105.4454
v -48.1260 43.5985 103.9454
v -47.8272 43.5985 105.1454
v -49.6635 41.7985 106.3454
v -48.6065 40.1368 106.0454
v -48.3065 40.0477 106.3454
v -47.4065 39.2227 101.2455
v -49.5065 26.9462 104.5454
v -48.9065 26.9087 104.8454
v -48.6065 26.9556 106.6454
v -47.4065 27.3985 103.4654
v -48.9065 24.9985 103.4154
v -48.3065 24.3985 103.5154
v -49.5065 21.9988 103.5055
v -48.9065 23.7985 103.6155
v -48.9065 21.9988 103.8154
v -47.7065 14.1988 104.5055
v -47.7065 23.7985 103.3855
v -48.9065 17.1988 104.1055
v -48.3065 14.4988 104.4855
v -48.9065 13.4788 104.8454
v -48.9065 11.5668 104.5454
v -49.0072 9.6988 103.6454
v -48.9885 10.8988 103.9454
v -48.6065 11.1988 104.3855
v -47.7976 12.6988 105.1454
v -47.4065 12.0988 104.5754
v -48.3697 4.2988 103.6454
v -47.4065 5.1988 104.9955
v -48.2947 4.5988 104.2455
v -47.7065 5.4988 104.8954
v -48.0182 3.9988 103.0454
v -47.7065 2.7988 103.0854
v -48.0651 2.7988 103.6454
v -47.7065 4.1238 104.8454
v -47.7065 48.0985 109.1954
v -47.9291 47.7985 109.3454
v -48.3557 45.3985 106.3454
v -48.2104 44.7985 106.3454
v -48.3065 43.9337 109.0454
v -47.7065 43.8118 108.4454
v -48.6065 40.3712 107.8454
v -48.6065 40.9759 111.7455
v -48.0065 40.4649 109.0454
v -48.3065 27.2040 108.1454
v -48.1354 45.6985 108.1454
v -48.1072 46.2985 109.0454
v -49.2065 40.9538 109.0454
v -49.5065 41.5285 111.1454
v -49.8065 31.2306 113.8454
v -47.2166 27.9985 106.9454
v -48.7494 28.2985 113.8454
v -47.6526 48.6985 110.8454
v -47.8213 47.1985 110.8454
v -49.2065 44.1985 112.4254
v -49.2065 44.8993 115.9454
v -48.9065 45.0962 116.2455
v -49.8065 42.1173 112.3454
v -49.9776 42.6985 112.9454
v -50.0197 43.2985 114.1454
v -49.2065 41.5759 113.5454
v -48.9065 41.4634 113.8454
v -48.3065 41.1165 112.6454
v -49.2065 30.9985 113.1854
v -46.3494 31.8985 102.7455
v -48.5291 30.3985 112.6454
v -48.6791 30.0985 113.5454
v -47.9291 30.0985 111.1454
v -47.4510 28.5985 109.3454
v -47.6057 28.8985 110.2455
v -49.7338 43.8985 113.5454
v -50.0244 44.1985 117.4454
v -50.0666 43.5985 115.9454
v -48.0065 44.9884 115.9454
v -49.9401 42.9985 116.2455
v -49.2065 41.7985 114.7154
v -49.2065 42.0985 116.0954
v -48.9065 41.8384 115.6454
v -48.0065 41.9931 116.2455
v -49.9213 29.4985 118.0454
v -49.8276 44.4985 116.8454
v -50.0338 44.1985 118.9454
v -49.2065 45.6540 118.9454
v -48.6065 45.7571 118.6454
v -49.7291 42.9985 117.7455
v -47.7065 42.3212 116.8454
v -49.9447 27.3985 118.3454
v -48.6065 46.0337 119.5454
v -49.8041 43.5985 119.2455
v -48.9065 42.5368 118.3454
v -48.9065 42.6985 118.8454
v -45.3065 33.9985 31.5354
v -45.2240 30.9985 31.0454
v -45.6065 29.1985 31.1155
v -44.7065 35.9368 33.4454
v -45.3065 35.4985 32.4454
v -43.5065 32.7985 31.8154
v -44.7065 31.5985 31.2254
v -44.4065 29.7985 31.3354
v -45.6065 26.7985 32.0854
v -45.6065 27.9985 31.4654
v -46.5065 25.1696 33.4454
v -43.8065 25.5680 33.1454
v -44.8776 37.5985 37.6454
v -45.9065 23.7446 35.5454
v -45.9065 39.1243 40.0454
v -44.1065 22.6388 37.0454
v -44.4065 37.7181 43.0454
v -46.5065 22.4138 39.4454
v -45.8090 21.9988 40.3454
v -44.7672 37.8985 43.6454
v -46.4752 21.9988 42.7455
v -45.9065 21.8788 41.2455
v -45.0065 21.4568 43.6454
v -44.7065 21.5598 40.9454
v -44.6648 21.3988 42.1454
v -43.8065 36.6306 46.6454
v -46.5065 22.3288 45.4454
v -45.3868 21.6988 44.8454
v -46.8065 23.6696 47.8454
v -46.5065 22.5068 46.0454
v -45.9065 22.4318 46.6454
v -45.3065 22.7228 47.8454
v -45.9065 34.5985 49.6854
v -46.5065 33.9985 49.8655
v -44.1065 34.5985 49.9554
v -44.7065 35.4985 49.0654
v -45.6065 30.9985 50.9354
v -45.6065 32.4985 50.6255
v -46.4615 26.7985 50.2455
v -45.9065 27.3985 50.6654
v -47.1065 24.3985 48.4154
v -45.9065 24.3985 49.2455
v -45.9065 26.1985 50.2854
v -45.3065 23.7985 49.1155
v -45.6065 29.1985 51.0154
v -46.5065 28.5985 50.6355
v -47.1065 -18.8012 54.8555
v -45.3065 -18.3492 53.8454
v -45.6065 -17.3012 55.3555
v -46.3921 -19.1012 54.1454
v -45.2755 -20.0012 52.6454
v -45.8057 -20.0012 53.2455
v -46.2838 -20.0012 53.8454
v -45.5807 -21.2012 53.2455
v -45.9065 -21.8082 55.0454
v -45.3065 -22.1362 54.7455
v -45.9065 32.1985 56.1454
v -45.6065 30.6985 55.2254
v -45.6065 29.4985 55.0154
v -45.3065 31.7122 55.3454
v -46.4483 27.9985 55.6454
v -46.8065 26.4985 56.1554
v -46.4855 28.5985 55.6454
v -45.5457 27.3985 55.0454
v -46.2156 26.7985 55.6454
v -45.3658 26.7985 55.0454
v -45.3065 24.9985 55.7154
v -47.7885 -20.0012 55.6454
v -45.6065 -21.8132 56.2455
v -44.7065 34.0618 56.8454
v -44.7065 23.3040 56.8454
v -46.2065 -19.1012 59.0854
v -45.6065 -18.2012 58.8555
v -43.9494 -17.9012 56.8454
v -43.8433 -18.8012 57.4454
v -43.2065 21.4668 60.4454
v -44.1065 21.6988 63.1355
v -43.5481 34.5985 63.7455
v -45.0065 22.0058 64.6454
v -46.8065 53.4985 68.8655
v -46.8065 51.6985 68.1055
v -45.6065 51.9985 68.7355
v -45.3065 50.7985 68.3755
v -45.6065 52.5985 69.1554
v -46.1666 53.4985 69.4454
v -47.4065 48.0985 69.8555
v -46.2604 46.8985 69.4454
v -45.6065 47.2525 68.5454
v -45.3065 48.0985 68.1954
v -45.0885 45.6985 68.8454
v -44.7065 46.2985 68.3555
v -43.2065 33.4946 66.1454
v -45.3065 31.6806 68.5454
v -45.3065 31.8985 68.3655
v -46.5065 30.2251 69.7455
v -45.9065 30.9437 69.4454
v -44.9478 24.3985 68.5454
v -46.2065 23.6837 68.2455
v -45.0065 23.2899 67.3454
v -44.4065 23.6884 67.6454
v -47.1065 54.8696 71.5454
v -45.8582 53.7985 71.5454
v -45.6065 53.6040 70.9454
v -45.1682 52.8985 70.0454
v -47.0385 47.4985 70.3454
v -46.5416 46.8985 71.2455
v -45.6065 45.4269 70.3454
v -45.8291 45.9985 71.5454
v -45.5807 39.6985 71.2455
v -45.4401 39.0985 70.3454
v -45.7166 39.0985 71.5454
v -46.2416 39.9985 74.2455
v -45.1026 39.6985 69.7455
v -45.6791 32.1985 70.9454
v -46.2182 31.5985 71.2455
v -45.6065 32.8057 72.1454
v -47.3994 29.7985 74.5454
v -46.8744 30.3985 72.1454
v -46.3916 30.9985 70.9454
v -45.7635 27.6985 70.3454
v -45.0065 26.8260 69.7455
v -43.8065 26.0860 69.1454
v -47.3908 54.3985 72.7455
v -45.6065 52.6214 73.0454
v -45.6065 53.1985 72.4254
v -45.9065 50.7985 73.9054
v -45.6065 47.4985 73.2954
v -44.7744 45.0985 72.4454
v -43.8065 45.6985 73.5154
v -44.4065 47.7985 73.8755
v -46.4057 39.3985 75.4454
v -45.9557 40.5985 73.6454
v -45.3838 41.4985 73.6454
v -45.0065 41.3848 72.4454
v -46.0213 38.4985 75.1454
v -44.7510 36.6985 69.7455
v -46.6401 31.8985 73.0454
v -46.6213 32.4985 74.2455
v -45.9604 32.7985 73.0454
v -45.9065 33.2696 74.2455
v -46.9963 30.9985 73.0454
v -47.3854 28.8985 76.0454
v -46.6447 28.2985 73.9454
v -45.9065 27.5743 73.6454
v -46.5065 27.9259 75.4454
v -45.6065 42.2462 76.3454
v -46.0660 42.0985 77.2455
v -45.6065 42.5040 77.2455
v -45.6088 41.4985 74.2455
v -44.7065 41.9415 73.3454
v -45.0065 42.6118 76.3454
v -46.4713 39.9985 75.4454
v -46.7666 40.8985 77.5454
v -46.8182 40.2985 77.5454
v -46.9635 32.4985 75.4454
v -45.6065 33.7993 75.4454
v -45.9065 27.4571 76.0454
v -44.7065 26.9931 75.4454
v -45.9065 27.3165 79.3454
v -46.8065 41.7825 79.3454
v -46.9869 41.4985 79.6454
v -46.2135 42.3985 78.7455
v -45.9065 42.6634 78.7455
v -47.0244 40.2985 79.0454
v -45.9065 38.4024 79.3454
v -46.3307 38.7985 79.3454
v -45.0065 37.3431 74.5454
v -45.0065 34.1556 75.7455
v -47.0010 42.0985 81.1454
v -46.8744 42.3985 81.4454
v -45.9065 43.0852 80.8454
v -47.4557 40.5985 82.6454
v -46.7901 39.3985 79.9454
v -45.6065 38.3087 80.5454
v -46.9687 39.6985 86.8454
v -44.4065 37.1509 75.7455
v -45.0065 27.1009 77.5454
v -47.5119 41.4985 82.9454
v -46.8744 42.6985 82.6454
v -45.9065 43.2821 82.0454
v -45.9065 43.5728 84.4454
v -45.9065 43.8985 88.1654
v -44.7065 43.2165 80.2455
v -47.6432 40.5985 85.3454
v -47.2869 39.9985 86.5454
v -47.3806 27.6985 84.4454
v -43.8065 26.9790 77.2455
v -46.5065 43.8071 88.0454
v -47.5588 42.3985 85.3454
v -46.8065 43.0806 84.1454
v -47.1065 43.4181 87.7455
v -46.5065 39.3915 86.8454
v -45.9065 39.2227 87.1454
v -45.0065 34.5821 83.8454
v -44.7065 34.5118 78.7455
v -45.3065 34.6243 86.8454
v -46.5065 27.5649 88.9454
v -45.6065 27.2931 84.7455
v -45.9065 27.5509 88.3454
v -44.7065 27.3915 84.7455
v -46.8065 43.6665 88.0454
v -45.9065 39.1618 88.0454
v -47.1065 39.0118 95.2455
v -47.4065 34.5868 88.9454
v -45.9065 34.6477 88.9454
v -46.8065 44.2477 93.4454
v -44.7065 43.3993 88.3454
v -45.9065 44.3228 93.4454
v -44.7744 43.5985 95.2455
v -45.9065 39.1290 92.2455
v -45.3065 39.3024 89.8454
v -45.3065 39.3821 91.6454
v -45.9065 34.5540 90.4454
v -46.5065 34.3712 93.4454
v -45.6065 27.7477 89.8454
v -44.4065 27.6681 86.2455
v -44.7065 28.1790 90.1454
v -46.5065 39.0212 94.3454
v -45.9065 39.1712 93.7455
v -45.3065 39.4993 93.1454
v -45.9065 34.1743 93.4454
v -46.5065 27.7384 94.6454
v -45.9065 27.8602 92.5454
v -45.6065 28.0852 93.7455
v -44.7885 28.8985 94.6454
v -45.6065 44.7985 98.7555
v -46.5065 39.1243 97.6454
v -46.2065 39.4243 98.8454
v -45.2619 39.6985 94.3454
v -45.9621 39.6985 99.1454
v -44.7651 39.9985 92.5454
v -46.8065 27.6540 99.4454
v -46.8065 45.2040 99.1454
v -45.9135 39.9985 100.3454
v -45.3038 33.6985 94.0454
v -44.7065 33.3985 93.1554
v -46.0729 28.2985 100.6454
v -44.5682 29.4985 95.5454
v -46.8065 46.0852 102.4454
v -46.2065 45.6985 101.3855
v -45.4354 41.7985 98.8454
v -45.8572 41.4985 103.0454
v -45.0697 40.8985 96.7455
v -45.4916 42.0985 100.0454
v -45.2291 42.3985 100.0454
v -45.8197 42.0985 101.2455
v -47.4065 39.0540 99.4454
v -46.2065 39.5556 99.7455
v -46.2426 39.6985 100.6454
v -45.8479 40.5985 101.8454
v -46.8065 32.6509 101.8454
v -46.0635 31.2985 103.0454
v -45.8619 29.7985 103.3454
v -45.9697 29.1985 103.3454
v -44.0104 30.6985 94.3454
v -47.4065 27.3985 99.1754
v -47.4065 26.4985 99.5954
v -46.6869 27.6985 100.6454
v -47.1621 21.3988 100.9454
v -46.8463 25.5985 100.6454
v -47.4065 18.9988 101.0954
v -45.4541 45.6985 103.6454
v -45.9065 46.7462 105.4454
v -45.6135 42.3985 101.5454
v -45.8259 42.3985 102.1454
v -47.4065 39.9259 105.4454
v -47.4065 32.9040 102.1454
v -46.3963 30.3985 105.4454
v -44.8354 31.2985 97.9454
v -47.1755 24.6985 102.7455
v -46.8065 21.9988 102.7854
v -47.1065 22.8985 103.0554
v -46.6026 18.9988 102.4454
v -47.1065 21.0988 103.3555
v -46.6682 18.3988 103.0454
v -46.6635 15.0988 102.1454
v -47.1065 13.8988 101.7254
v -47.4065 9.9988 101.8555
v -47.1065 10.2988 101.9454
v -46.4010 6.9988 102.7455
v -45.9369 3.3988 103.6454
v -46.0494 3.6988 103.3454
v -47.4065 2.4988 102.9955
v -46.8065 3.0988 102.7654
v -47.4065 47.1024 106.0454
v -45.3182 45.9985 105.4454
v -45.2385 43.5985 103.6454
v -46.3782 42.6985 104.2455
v -46.3401 41.7985 107.5454
v -46.5188 42.9985 104.8454
v -47.4065 41.1306 111.1454
v -47.1791 30.6985 107.8454
v -46.1385 29.1985 104.2455
v -46.8979 27.9985 105.1454
v -46.5838 28.2985 104.5454
v -46.4057 28.2985 103.3454
v -46.9026 28.2985 106.3454
v -46.4666 28.5985 104.8454
v -47.4065 22.2988 103.4454
v -47.4065 15.3988 104.2854
v -47.1065 15.9988 104.0254
v -47.1065 12.9988 104.3454
v -47.4599 12.6988 104.8454
v -45.9838 4.8988 103.9454
v -46.8065 3.6988 104.9955
v -47.4065 2.7988 104.8454
v -46.2065 3.9988 104.5654
v -46.1479 2.7988 103.3454
v -46.0166 2.7988 103.6454
v -47.4065 2.5148 104.5454
v -47.4065 47.7985 107.7854
v -46.5065 48.3985 108.4054
v -45.9065 47.6837 107.5454
v -45.3463 47.1985 107.8454
v -47.4065 43.6929 106.0454
v -47.4716 43.8985 106.3454
v -47.4065 45.3985 109.3054
v -47.1065 44.4212 107.8454
v -47.1065 43.4422 106.3454
v -46.8911 43.2985 108.7455
v -46.6729 42.9985 110.2455
v -47.4065 40.3431 107.5454
v -46.8885 30.0985 107.5454
v -46.9119 29.4985 107.8454
v -47.1469 49.2985 110.5454
v -46.8065 49.2306 109.9454
v -46.2065 49.5821 110.2455
v -45.9065 48.4056 108.7455
v -45.0065 48.9985 110.5554
v -45.3697 48.0985 109.0454
v -45.6376 45.6985 109.6454
v -47.1229 44.1985 115.6454
v -46.7010 50.4985 112.0454
v -45.9096 51.3985 112.3454
v -45.9065 52.1402 113.2455
v -47.4065 49.1127 110.8454
v -47.4604 48.9985 112.0454
v -46.7057 50.7985 112.9454
v -45.9065 50.3274 111.1454
v -47.4885 46.2985 110.5454
v -47.5401 46.5985 110.8454
v -47.4065 47.4985 111.8555
v -45.6065 46.1321 110.5454
v -45.9065 46.6337 111.7455
v -45.9065 46.8985 112.1155
v -46.9494 42.6985 114.7455
v -46.8322 43.2985 114.1454
v -45.4307 53.7985 114.7455
v -45.2432 54.0985 114.4454
v -46.9307 50.1985 113.2455
v -46.2463 51.6985 114.1454
v -46.2065 52.3196 115.3454
v -46.5065 51.6563 114.7455
v -45.9186 52.5985 115.3454
v -45.6065 52.1897 112.9454
v -46.8041 48.6985 113.2455
v -46.4385 51.6985 116.5454
v -45.9065 48.0985 113.3655
v -45.6065 50.4985 116.4855
v -45.0065 48.1926 112.9454
v -45.6065 53.4985 116.9154
v -45.9065 53.0134 116.2455
v -45.9065 53.4985 117.7054
v -46.4104 52.2985 116.5454
v -46.0635 52.2985 118.3454
v -45.6490 51.3985 117.7455
v -45.3065 50.7985 117.0754
v -47.1932 44.4985 116.8454
v -47.1065 44.7142 118.9454
v -46.9588 43.8985 117.4454
v -46.9213 43.2985 116.2455
v -47.1065 43.2985 117.6454
v -45.9604 53.7985 119.8454
v -46.0354 53.1985 119.5454
v -45.6065 52.0710 118.9454
v -47.2822 45.0985 118.9454
v -47.4229 43.2985 118.9454
v -43.5065 33.9985 32.4154
v -43.5065 35.0837 33.4454
v -41.7065 33.8925 33.1454
v -41.1065 31.5985 32.1055
v -42.9065 29.4985 31.6954
v -43.5065 28.5985 31.7355
v -40.2065 29.1985 32.1155
v -42.9065 27.3985 32.2054
v -42.9065 26.1985 32.7954
v -44.1065 36.3306 35.2455
v -42.9065 35.9181 36.7455
v -42.9065 35.3931 34.6454
v -41.7065 35.1024 35.2455
v -43.8065 23.5946 35.2455
v -42.0065 22.9946 35.8454
v -42.9065 22.4318 37.0454
v -41.7065 23.9227 34.6454
v -43.5315 36.6985 38.8454
v -42.9065 36.1056 37.9454
v -43.2065 22.0848 37.9454
v -40.8065 22.2168 37.0454
v -42.9065 36.4056 40.3454
v -44.1065 21.7388 39.4454
v -42.0065 21.2228 40.0454
v -42.9386 21.0988 41.2455
v -43.8065 21.1948 41.8454
v -43.2065 20.9228 43.0454
v -43.2065 36.4618 46.0454
v -42.9065 36.4243 44.8454
v -44.7065 21.4198 44.8454
v -44.1065 21.2698 45.4454
v -44.1065 21.1568 43.3454
v -42.6065 20.7348 43.6454
v -43.2065 20.9508 45.4454
v -42.9065 35.5806 48.4454
v -44.1065 22.0668 47.8454
v -44.1065 21.7758 47.2455
v -43.8065 21.2698 46.0454
v -43.2065 21.4098 47.2455
v -42.9065 20.9418 46.0454
v -41.8252 21.0988 47.8454
v -44.1065 33.9985 50.3855
v -44.7065 23.7985 49.4554
v -44.7065 24.3985 49.9154
v -44.1356 24.3985 50.2455
v -42.3065 22.4508 49.6454
v -42.6065 21.7288 48.4454
v -42.3065 23.1985 50.3454
v -44.5776 -21.5012 51.7455
v -36.9276 -26.9012 41.8454
v -44.4065 33.3985 50.6754
v -43.2065 31.5985 51.5654
v -43.2065 32.7985 51.2154
v -41.5727 30.0985 52.3454
v -41.7605 29.1985 52.3454
v -43.5065 27.0985 51.5654
v -42.9065 27.9985 51.9054
v -43.5065 26.1985 51.3655
v -42.9065 24.3723 50.8454
v -44.5776 -20.6012 51.7455
v -35.7065 -26.6012 40.2455
v -44.4065 -18.9962 52.6454
v -43.5065 -20.6012 50.7254
v -42.6065 -20.5002 50.2455
v -44.1065 -18.2012 53.7154
v -43.8065 32.4985 54.6454
v -43.2065 31.8985 53.9554
v -44.7065 32.0157 55.0454
v -43.5065 31.2985 53.9554
v -44.7065 29.4985 54.4154
v -44.7065 30.0985 54.4654
v -44.1065 29.7985 54.0654
v -42.9065 30.6985 53.4254
v -44.7252 27.9985 54.4454
v -44.7065 26.1985 54.7754
v -43.8065 27.6985 53.9454
v -43.2894 28.5985 53.5454
v -41.6054 27.9985 52.6454
v -43.8411 24.9985 54.7455
v -42.9065 25.5985 53.9754
v -43.0240 24.6985 54.4454
v -43.8065 -17.8102 55.0454
v -43.8065 -17.9552 54.4454
v -42.0065 -19.5402 51.7455
v -43.2065 -18.2012 54.5954
v -44.6904 -22.4012 54.1454
v -44.4065 -22.4692 54.4454
v -38.1065 -26.4722 45.7455
v -43.2065 -23.1112 53.2455
v -43.2065 34.2306 55.6454
v -43.2065 34.4415 55.9454
v -42.9065 35.1587 57.4454
v -45.0065 32.4985 55.5454
v -42.7846 33.6985 54.7455
v -43.3977 23.7985 55.3454
v -43.2065 22.5988 56.7355
v -43.2065 23.1985 55.8855
v -43.2065 22.2118 57.4454
v -42.9065 23.4985 55.3354
v -43.6869 -18.2012 56.8454
v -43.3072 -18.8012 56.8454
v -44.4065 -21.1522 57.1454
v -44.1065 -20.0012 57.6554
v -44.1065 -20.9012 57.2254
v -43.4986 -20.3012 57.1454
v -43.1713 -20.3012 56.8454
v -43.2065 -20.9012 56.5754
v -45.0065 -21.2012 57.2555
v -43.2065 -21.8012 55.6654
v -44.4065 34.5985 57.5554
v -43.5065 35.1071 59.2455
v -42.3065 35.2899 58.9454
v -42.7315 35.1985 59.5454
v -44.1065 34.8915 61.3454
v -41.7065 21.7198 57.4454
v -42.3065 34.9431 61.6454
v -42.9065 35.0602 60.7455
v -43.5065 37.1041 64.3454
v -43.1010 36.9985 63.7455
v -43.1432 36.3985 63.4454
v -43.5065 36.3985 63.9754
v -43.2065 37.5985 64.2954
v -43.8932 36.0985 64.6454
v -37.5065 21.5928 60.7455
v -43.2065 22.2118 64.6454
v -36.9065 21.1338 58.9454
v -44.2072 38.7985 66.7455
v -44.3666 39.0985 67.3454
v -43.8651 39.6985 67.0454
v -43.5065 39.7152 66.4454
v -43.4947 40.8985 67.0454
v -42.9065 39.5762 65.8454
v -43.5065 38.6395 65.5454
v -43.2065 39.3985 66.0055
v -43.2065 41.4985 67.0354
v -42.6065 41.1985 66.5454
v -44.6619 37.2985 67.0454
v -44.3713 36.3985 66.1454
v -42.9065 38.7009 64.9454
v -43.5065 34.3344 66.1454
v -44.1065 35.5497 67.9454
v -43.5065 34.7771 67.6454
v -43.2182 33.9985 66.1454
v -42.9065 34.1649 67.3454
v -43.2065 32.4295 67.3454
v -44.7065 22.3668 65.5454
v -43.8065 22.9946 66.4454
v -42.0065 23.0696 65.8454
v -41.1065 23.8149 66.4454
v -43.9963 51.3985 69.7455
v -44.1065 49.2985 68.4254
v -42.9065 46.5985 68.1754
v -44.1065 50.1985 68.7455
v -42.9065 48.3985 68.7154
v -43.2065 49.6997 69.1454
v -44.7489 45.6985 68.5454
v -44.1065 46.8985 68.1355
v -43.2065 45.9985 68.0354
v -44.4065 44.4985 68.5954
v -45.0065 44.4565 69.7455
v -43.8065 44.1985 68.1055
v -43.2065 44.1985 67.7954
v -44.1791 43.2985 68.5454
v -44.3244 42.0985 69.7455
v -43.5065 43.2985 67.8254
v -42.9065 42.9985 67.4054
v -45.1822 39.0985 69.4454
v -44.8213 37.8985 67.6454
v -44.6197 40.2985 69.4454
v -45.1026 37.8985 68.8454
v -43.8065 35.7399 70.0454
v -44.7065 32.1306 68.8454
v -44.4065 32.1026 67.9454
v -44.1065 32.6931 69.1454
v -43.2065 32.8712 68.5454
v -43.2210 32.4985 67.6454
v -43.8065 33.1899 70.0454
v -43.7502 24.9985 68.5454
v -42.6065 25.5985 68.4955
v -41.3009 24.6985 67.3454
v -44.3244 52.2985 71.5454
v -44.3760 52.2985 70.6454
v -43.5651 51.3985 71.8454
v -43.8135 51.3985 70.0454
v -43.2065 51.0437 70.9454
v -42.7401 50.4985 71.2455
v -42.3979 49.5985 70.0454
v -45.2713 44.7985 70.3454
v -45.0791 44.7985 71.5454
v -44.7065 43.5268 70.3454
v -44.1651 43.2985 71.8454
v -44.1557 41.1985 70.0454
v -43.6494 42.0985 71.8454
v -44.8963 40.2985 70.0454
v -44.4065 40.8493 70.0454
v -44.4065 36.5649 71.8454
v -43.2065 35.3743 70.0454
v -44.4065 33.5134 71.8454
v -44.4065 33.8368 73.0454
v -43.2065 33.4852 70.3454
v -43.2065 33.8087 71.5454
v -42.3065 33.9399 71.8454
v -44.7065 26.8759 73.0454
v -43.2065 26.2665 71.5454
v -44.0338 51.3985 72.7455
v -44.4065 50.4985 73.6454
v -42.9885 50.1985 72.7455
v -44.2565 48.6985 73.9454
v -43.2065 48.3985 73.8154
v -43.2065 46.8985 73.8755
v -42.9065 45.6985 73.7355
v -43.2065 42.6985 72.6155
v -42.3065 42.0985 72.8855
v -42.9065 44.4985 73.4654
v -42.0065 42.6985 73.1454
v -44.1065 42.4571 74.5454
v -43.8065 36.8790 75.1454
v -43.2065 36.2790 73.0454
v -42.3065 35.2571 70.3454
v -42.6065 34.0852 72.7455
v -44.1065 34.0618 73.6454
v -44.4065 34.2493 75.1454
v -43.2065 36.8556 75.1454
v -42.9065 26.5665 73.6454
v -43.8065 26.8149 75.1454
v -42.9065 26.8712 75.7455
v -44.7065 42.2087 74.2455
v -44.4065 42.5884 75.4454
v -43.2065 42.4852 76.0454
v -43.8065 42.8556 78.1454
v -43.5065 37.7603 78.7455
v -45.0065 34.0477 75.1454
v -44.4065 34.3384 75.7455
v -43.2065 34.3946 75.1454
v -43.2065 34.4696 76.3454
v -43.5065 42.7149 79.0454
v -42.6065 42.0567 77.5454
v -44.4065 43.1696 85.9454
v -44.7065 34.4462 77.5454
v -43.2065 34.4931 77.8454
v -42.9065 26.9837 76.6454
v -42.6065 27.2415 78.1454
v -44.4065 38.1634 81.1454
v -42.6065 37.0852 75.4454
v -43.2065 38.6884 81.1454
v -44.1065 39.2509 85.0454
v -43.1151 39.3985 82.6454
v -42.8291 41.1985 82.9454
v -43.1104 42.0985 82.0454
v -43.8276 42.0985 88.6454
v -43.6869 39.9985 85.9454
v -43.2135 40.5985 85.0454
v -42.8057 39.9985 82.6454
v -44.1065 34.4368 82.9454
v -44.7065 34.4602 86.8454
v -43.2065 34.0477 83.2455
v -42.0065 27.8040 79.9454
v -44.2682 42.9985 87.4454
v -44.7065 39.5602 87.7455
v -44.4065 39.2134 85.6454
v -42.3065 33.3604 83.2455
v -43.5065 33.7759 86.8454
v -43.3213 33.3985 87.7455
v -44.0010 42.0985 90.4454
v -44.7065 39.6727 89.2455
v -44.4322 39.9985 89.5454
v -44.7065 34.2985 88.5854
v -41.7065 28.2985 80.9955
v -43.6869 29.1985 90.4454
v -44.2026 41.1985 91.3454
v -44.7065 34.0759 90.1454
v -44.4065 33.7993 90.4454
v -41.1979 32.1985 82.0454
v -43.6916 32.1985 92.2455
v -43.5557 29.7985 91.3454
v -42.6979 29.4985 87.4454
v -41.7463 30.3985 85.0454
v -42.4119 31.2985 87.7455
v -44.6572 40.8985 94.0454
v -44.7065 41.4985 95.1255
v -44.9057 43.8985 99.4454
v -45.3416 45.0985 107.2455
v -45.1213 46.2985 107.8454
v -44.6479 48.0985 111.7455
v -44.9104 47.1985 109.9454
v -44.7065 51.3985 112.3755
v -44.0887 52.5985 113.2455
v -44.7065 50.4985 111.9254
v -44.5260 48.6985 112.6454
v -44.8072 55.2985 115.0454
v -44.0666 56.7985 115.0454
v -44.5494 55.5985 114.7455
v -43.8065 56.1985 114.4054
v -43.5065 56.4985 114.3954
v -43.2065 56.4985 114.3555
v -43.2065 55.5985 114.2154
v -43.2065 57.6024 115.0454
v -44.4065 52.8985 113.1854
v -44.1065 54.3985 113.7854
v -43.1197 53.4985 114.4454
v -42.5713 54.6985 115.3454
v -43.1010 53.1985 114.7455
v -43.9307 51.6985 113.2455
v -43.3776 52.2985 114.4454
v -43.9916 51.9985 115.6454
v -45.0065 49.5165 115.0454
v -44.7065 49.5985 114.8354
v -44.2279 55.5985 116.2455
v -43.9963 56.4985 116.2455
v -43.5065 57.7337 115.3454
v -43.2065 57.4993 116.2455
v -43.2065 56.1985 116.7854
v -44.7463 54.3985 115.9454
v -44.7065 53.4985 116.0454
v -44.7065 53.2760 116.2455
v -44.7065 53.8853 117.4454
v -43.8065 53.1985 116.0254
v -43.8744 53.1985 117.4454
v -43.2065 54.3985 116.2455
v -44.4065 50.7985 116.5154
v -44.7065 54.8368 119.8454
v -43.5510 53.1985 118.9454
v -44.7065 51.6985 118.7654
v -42.3065 34.4462 33.4454
v -41.7065 34.2024 33.4454
v -42.6065 33.3985 32.3855
v -41.7065 32.7985 32.3555
v -40.5065 32.1985 32.3855
v -40.5065 32.7985 32.6454
v -41.7065 30.3985 31.8555
v -38.7065 27.3985 32.5954
v -39.9065 34.9524 36.4454
v -41.7065 35.3368 36.4454
v -40.5065 34.5774 34.6454
v -41.4065 23.3884 35.2455
v -41.1065 35.3837 39.7455
v -40.5065 35.1868 38.2455
v -39.3065 22.4888 36.4454
v -36.9065 21.0988 38.9254
v -41.7065 35.6649 40.9454
v -40.5065 35.1306 40.3454
v -41.1065 21.4848 38.8454
v -39.9065 20.9888 40.0454
v -41.7065 35.6649 42.1454
v -39.9065 34.5587 45.7455
v -39.9065 20.4538 42.1454
v -41.4065 20.4728 43.6454
v -41.1065 20.3698 44.8454
v -39.9065 20.1348 44.8454
v -40.8065 34.5399 48.7455
v -41.7065 20.6978 46.6454
v -40.5065 20.4988 47.2754
v -40.2542 20.7988 48.4454
v -41.1065 34.3524 49.6454
v -40.8065 33.5649 50.8454
v -40.2065 33.8181 50.2455
v -41.1065 22.5988 50.4354
v -41.3830 21.9988 49.6454
v -40.5065 21.5978 49.6454
v -40.3415 21.9988 50.2455
v -40.2238 21.0988 49.0454
v -36.0065 -25.3432 41.5454
v -34.8065 -26.6012 39.5454
v -38.7065 -22.5682 46.3454
v -41.1065 -20.4302 50.2455
v -37.9072 -26.6012 43.6454
v -42.3065 33.9985 50.5254
v -40.7986 32.1985 52.0454
v -40.5065 32.7985 51.6554
v -39.9065 32.4390 52.0454
v -41.1065 32.4985 52.8954
v -41.3928 26.7985 52.3454
v -40.5065 24.3985 51.9754
v -40.5065 23.1985 51.2654
v -41.7065 -19.5162 52.6454
v -41.1065 -23.9602 51.4454
v -40.5065 -23.9882 51.1454
v -40.5065 34.3102 53.8454
v -41.4065 34.1040 54.1454
v -41.7065 34.1978 54.4454
v -40.5065 34.7462 54.4454
v -42.3065 32.7985 53.7754
v -41.7065 32.1985 53.1255
v -41.4065 33.3985 53.5654
v -40.5065 33.3985 53.0654
v -42.0065 25.2985 53.6454
v -41.1065 24.3985 53.6355
v -41.4065 23.8285 54.1454
v -41.9642 23.4985 54.7455
v -40.8013 22.5988 55.0454
v -40.5065 23.1985 54.1954
v -40.2065 22.3388 55.0454
v -41.3526 -20.0012 53.2455
v -42.3463 -19.7012 55.6454
v -41.2166 -21.2012 53.8454
v -42.6065 -23.3012 52.9454
v -39.6651 -21.5012 50.8454
v -39.6065 -22.4012 51.3555
v -41.7065 35.3134 56.8454
v -42.0065 35.3462 57.7455
v -41.4065 35.2712 56.2455
v -40.5065 35.3602 56.5454
v -41.7065 22.0808 56.5454
v -39.6065 21.6988 55.8755
v -36.3065 21.0498 55.3454
v -41.4065 35.3181 58.9454
v -41.4065 35.3977 58.0454
v -40.2065 35.3696 57.7455
v -40.9565 35.1985 59.8454
v -37.2065 21.0208 56.8454
v -41.6815 36.9985 62.5454
v -40.5065 37.2985 62.4855
v -41.0390 36.0985 61.6454
v -40.5065 36.0985 61.5154
v -42.3065 36.3620 62.5454
v -41.8940 35.1985 61.6454
v -41.4065 35.0134 61.0454
v -39.9065 34.9649 60.7455
v -41.4065 38.6462 64.0454
v -41.0898 39.0985 64.6454
v -40.5165 38.7985 64.3454
v -42.4096 38.1985 64.0454
v -41.7065 37.6926 63.1454
v -40.5065 37.8985 63.1355
v -40.2065 38.3040 63.7455
v -41.7065 43.5985 67.5154
v -41.4065 39.9985 65.9454
v -41.7065 39.6985 65.5654
v -40.5065 39.5415 65.8454
v -41.4065 32.7985 66.5854
v -39.3542 23.4985 65.2455
v -41.7932 48.0985 69.4454
v -41.3326 46.8985 69.1454
v -41.3473 45.0985 68.2455
v -40.8065 44.7985 68.4654
v -40.8065 44.1985 68.1754
v -40.5065 44.1985 68.4154
v -40.1619 44.7985 69.1454
v -40.5065 42.9985 67.8154
v -40.5065 40.8985 66.8555
v -41.1065 34.2985 68.4254
v -41.7065 33.6399 67.3454
v -41.4065 35.5477 70.6454
v -40.5065 35.0556 69.1454
v -40.5065 32.7985 66.2754
v -41.4065 33.4852 69.7455
v -41.1065 33.5837 70.3454
v -41.7276 48.9985 70.6454
v -41.4065 48.6408 71.2455
v -41.8822 49.2985 71.8454
v -41.0666 47.7985 70.3454
v -40.3963 46.2985 70.0454
v -40.8932 47.7985 71.2455
v -40.3401 46.5985 70.6454
v -42.3065 36.1056 72.4454
v -40.7057 36.9985 72.1454
v -41.7065 36.1712 72.1454
v -41.7065 33.8556 71.5454
v -41.4065 33.9118 72.4454
v -40.5065 33.4665 70.3454
v -40.2065 33.2977 69.7455
v -40.5065 33.5837 71.5454
v -41.4065 26.1985 71.6255
v -40.5065 25.7556 69.7455
v -40.5065 26.4212 71.8454
v -41.9151 48.3985 73.0454
v -41.7065 47.3554 73.3454
v -41.7065 45.9985 73.5954
v -40.3541 45.9985 72.4454
v -40.5604 45.9985 72.7455
v -41.4065 42.9985 73.2355
v -41.7065 44.4985 73.5354
v -40.5065 44.4985 73.0154
v -40.5065 43.5985 72.9955
v -41.7065 41.3743 73.0454
v -40.5065 41.7985 72.6954
v -40.5065 41.1985 72.5254
v -40.8065 40.3173 72.7455
v -40.8065 40.5985 72.5055
v -40.8065 40.8985 72.5654
v -40.2065 40.2985 72.0154
v -40.2557 39.3985 71.8454
v -39.7822 37.5985 70.6454
v -40.8369 37.8985 73.6454
v -40.8065 38.7985 74.3954
v -40.5065 39.0985 73.2754
v -41.7065 34.1181 74.2455
v -41.1065 33.8977 73.3454
v -40.8065 33.7852 73.6454
v -41.4065 26.6274 73.3454
v -41.1065 27.3259 75.7455
v -39.9065 27.3774 73.9454
v -41.9947 41.4985 76.3454
v -41.7182 40.2985 78.1454
v -42.0697 38.1985 77.2455
v -41.7065 34.1040 76.0454
v -40.2065 33.4899 73.3454
v -41.4065 33.8181 77.5454
v -42.3604 41.4985 79.3454
v -41.9244 39.0985 78.4454
v -40.3776 32.7985 77.8454
v -40.8065 28.1087 77.8454
v -41.0432 29.1985 81.1454
v -40.7854 29.7985 81.1454
v -42.1916 56.1985 115.0454
v -38.7065 31.5985 32.4554
v -38.4065 30.3985 32.2954
v -34.5065 30.3985 32.6654
v -34.5065 29.1985 32.6355
v -36.0065 27.9985 32.6454
v -38.4065 26.1985 33.0954
v -39.3065 34.6524 35.2455
v -37.5065 33.9306 34.0454
v -37.2065 23.3485 35.2455
v -37.2065 24.3985 34.2654
v -38.1065 34.8962 36.4454
v -38.1065 34.9524 37.6454
v -38.1065 34.8212 39.4454
v -39.3065 34.5868 41.8454
v -38.1065 34.2493 42.4454
v -39.3065 20.1348 43.6454
v -38.1065 20.3228 41.8454
v -38.1065 33.8931 45.4454
v -38.7065 19.9758 44.5454
v -38.3877 19.8988 45.4454
v -39.0065 33.7524 49.3454
v -38.7065 33.9212 46.6454
v -38.7065 20.0598 47.2455
v -36.6065 19.7508 47.2455
v -37.5065 19.9568 47.8454
v -39.0065 -21.9402 47.8454
v -39.3065 -21.7292 48.1454
v -37.5065 -26.9972 43.9454
v -38.4065 33.3493 50.5454
v -37.5065 33.3681 49.6454
v -37.5065 33.6024 46.9454
v -39.0225 21.3988 50.2455
v -38.7065 20.5758 49.0454
v -37.5065 21.2228 50.8454
v -37.5065 20.4918 49.6454
v -37.8065 20.1538 48.4454
v -39.6065 -21.3402 49.3454
v -39.3065 -24.3072 49.9454
v -38.7065 -24.0302 50.2455
v -35.7065 -27.2012 44.0154
v -38.7065 -24.4022 49.3454
v -38.7065 32.6800 52.0454
v -38.7065 23.1985 52.1454
v -38.4065 22.5988 51.8454
v -39.0065 -22.1012 51.0454
v -38.4065 -23.3012 51.0055
v -38.4065 -21.3862 49.9454
v -38.4065 34.4415 54.1454
v -38.8565 34.8985 55.0454
v -39.2115 22.5988 54.1454
v -37.4174 22.8985 52.9454
v -34.8065 21.4758 53.2455
v -35.1065 21.1008 54.1454
v -39.6065 35.2337 55.9454
v -39.0065 35.1681 56.2455
v -38.9765 35.1985 57.4454
v -39.9065 35.2665 58.6454
v -38.7065 34.8962 59.8454
v -39.0065 36.6985 62.4254
v -39.0065 36.3985 62.0754
v -39.6065 35.7985 61.3054
v -38.4065 34.6712 60.7455
v -39.0065 35.4985 61.2555
v -37.5065 34.5259 60.4454
v -37.8932 35.1985 61.9454
v -39.0065 37.2165 63.1454
v -39.0925 37.8985 64.3454
v -38.2119 36.3985 63.1454
v -38.0244 36.3985 64.6454
v -37.5065 22.0848 61.9454
v -38.1065 22.7418 63.4454
v -36.9065 23.3134 63.7455
v -40.2065 39.4618 66.1454
v -40.0213 40.8985 67.3454
v -39.8713 40.2985 67.3454
v -39.6065 39.0985 67.2754
v -39.1729 38.4985 66.4454
v -39.1729 38.4985 67.0454
v -39.0065 38.1627 65.5454
v -38.7932 37.8985 66.1454
v -38.7463 37.5985 67.0454
v -39.7119 38.4985 70.3454
v -38.1838 33.3985 64.9454
v -39.6065 35.4204 68.5454
v -37.8979 35.1985 65.2455
v -38.0850 32.1985 66.1454
v -38.5622 32.4985 65.8454
v -39.6065 24.6985 66.6355
v -39.6065 24.9118 67.0454
v -38.7065 25.2985 67.7654
v -37.5065 24.5696 65.5454
v -40.0729 43.5985 68.5454
v -39.4260 42.0985 68.8454
v -39.4541 38.7985 68.5454
v -39.3416 39.9985 68.5454
v -39.1682 40.8985 69.4454
v -37.5369 33.6985 64.0454
v -39.0065 32.6649 67.9454
v -38.4065 32.4493 69.4454
v -37.2065 31.8727 65.8454
v -39.3065 26.2524 70.3454
v -40.2979 46.5985 71.2455
v -39.7588 44.7985 70.0454
v -39.6979 44.4985 71.8454
v -39.2807 43.2985 70.6454
v -39.3182 42.9985 71.2455
v -39.1354 41.4985 70.0454
v -39.2291 41.7985 70.9454
v -39.2666 40.5985 70.6454
v -39.0065 32.8477 70.6454
v -38.4065 32.4399 70.3454
v -37.3916 31.5985 69.4454
v -38.3291 32.1985 71.5454
v -38.7065 27.2837 71.8454
v -38.1065 26.0181 68.8454
v -39.1776 32.4985 74.2455
v -39.0276 31.8985 75.1454
v -36.9276 30.6985 70.0454
v -39.4260 28.2985 75.1454
v -38.1088 28.2985 72.4454
v -38.2307 29.1985 73.6454
v -37.5801 27.0985 70.0454
v -37.2276 30.3985 71.2455
v -39.5385 30.9985 77.5454
v -39.1869 30.3985 76.6454
v -40.0260 29.7985 78.7455
v -37.6494 29.4985 72.4454
v -39.7494 28.8985 76.9454
v -37.2065 33.3985 33.5354
v -36.9065 32.7941 33.1454
v -33.9065 33.3985 33.7154
v -34.5065 31.5985 32.8755
v -37.5065 34.8306 35.8454
v -35.4065 34.8306 35.2455
v -34.5065 34.4837 34.6454
v -27.0065 21.6818 36.4454
v -36.9065 35.0462 37.6454
v -36.3065 35.1493 37.0454
v -35.4065 35.3087 37.0454
v -35.7065 35.2524 37.6454
v -34.8065 35.3462 36.4454
v -35.1065 21.4758 37.6454
v -36.9065 34.7556 40.0454
v -36.9065 34.1087 43.0454
v -35.7041 -27.8012 40.3454
v -36.1026 -27.2012 40.6454
v -35.7065 33.8556 44.8454
v -35.7065 20.1988 41.5254
v -36.0065 -27.9402 41.5454
v -36.0065 -27.9402 42.1454
v -35.7065 19.7888 43.6454
v -35.7065 19.6478 45.1454
v -35.7065 33.4337 47.2455
v -36.9065 33.4618 47.5454
v -35.7065 19.6198 46.3454
v -35.1065 19.6288 47.8454
v -38.1065 -22.4012 48.0154
v -33.6065 -26.3012 40.2954
v -37.6916 -23.0012 47.5454
v -37.2065 -23.3042 46.3454
v -33.5619 -26.3012 40.9454
v -33.2338 -27.8012 41.2455
v -38.0338 -24.2012 48.7455
v -34.4526 -25.7012 42.7455
v -37.3401 -23.6012 47.5454
v -36.3065 33.1899 50.5454
v -34.8065 19.9478 49.6454
v -35.1065 20.1918 50.2455
v -36.6065 -21.2412 49.6454
v -36.3065 -22.1012 48.5154
v -35.7065 -23.3932 49.0454
v -35.4065 -21.0112 50.2455
v -35.7065 -22.4012 48.5854
v -34.1338 -26.6012 42.7455
v -35.7065 -23.7822 50.2455
v -35.4065 -23.7302 49.9454
v -37.5065 33.1993 50.8454
v -37.5065 33.5134 52.9454
v -36.3065 32.9087 52.0454
v -36.3065 22.4088 52.6454
v -37.5065 -23.3012 51.0354
v -37.5065 -21.8012 51.0554
v -36.0065 -23.3012 51.1754
v -34.8065 -21.8012 51.8454
v -37.5065 34.5259 55.0454
v -34.8065 33.0587 52.0454
v -37.2065 34.7227 57.4454
v -37.2065 34.6524 56.2455
v -36.3065 34.3993 57.1454
v -34.8065 33.3985 54.6055
v -33.0065 32.9509 55.9454
v -34.8065 20.7258 55.0454
v -33.3065 20.3038 55.9454
v -36.6065 20.9838 58.0454
v -36.9065 34.5962 58.6454
v -36.3065 34.4087 58.3454
v -36.0065 34.2727 58.9454
v -34.8065 21.0118 58.9454
v -35.7065 21.3638 59.8454
v -37.5065 34.2985 61.5354
v -36.3065 33.9306 61.6454
v -36.0065 22.5348 62.2455
v -35.4065 21.7568 60.7455
v -37.6354 35.4985 63.4454
v -37.4291 34.8985 62.8454
v -37.7047 33.3985 64.3454
v -36.3065 33.7665 62.2455
v -36.0065 33.3634 63.1454
v -32.7065 31.9852 63.1454
v -36.3065 32.3152 64.9454
v -35.1065 23.1985 62.8855
v -36.7474 31.8985 65.5454
v -36.0065 31.2446 65.8454
v -37.4975 31.8985 68.2455
v -35.4065 30.6985 66.0754
v -35.4646 30.9985 65.5454
v -36.0065 24.5122 64.6454
v -34.5065 25.2985 64.6454
v -36.6065 30.6940 69.1454
v -35.7065 30.0985 67.7455
v -36.0838 29.7985 68.8454
v -37.0026 29.4985 70.9454
v -35.6479 29.1985 68.2455
v -36.0088 28.2985 68.8454
v -36.4916 27.9985 69.4454
v -35.9291 27.3985 68.2455
v -34.7619 26.7985 66.4454
v -36.6540 26.7985 68.5454
v -37.2932 31.2985 70.0454
v -33.3065 32.7985 33.4354
v -33.0065 30.3985 32.8555
v -32.1065 29.1985 32.9154
v -34.5065 34.9243 35.2455
v -33.3065 34.5026 34.6454
v -33.0065 35.0274 35.2455
v -33.6065 35.3556 35.8454
v -34.5065 35.5337 37.6454
v -33.3065 35.6556 36.4454
v -33.3065 35.6181 40.0454
v -31.8065 36.4243 38.8454
v -34.8065 -28.4012 39.8954
v -33.6065 -28.1192 40.6454
v -33.3065 -27.5012 40.5754
v -33.3088 -26.6012 40.3454
v -32.1065 34.8306 45.1454
v -27.9065 19.8348 40.6454
v -34.5065 -28.2632 41.8454
v -33.9065 19.6288 44.2455
v -33.3065 33.9587 46.6454
v -34.5065 33.5274 47.5454
v -34.2065 19.5168 46.6454
v -32.7065 33.3681 50.5454
v -32.1065 33.6118 49.6454
v -31.2065 20.0228 51.4454
v -29.1065 19.5538 50.8454
v -35.1065 -21.1472 49.6454
v -34.5065 -20.9042 50.2455
v -34.5065 -21.2012 49.6055
v -33.0065 -20.9012 50.2455
v -33.3065 -21.2012 49.8354
v -34.8065 -22.4012 48.8755
v -34.5065 -23.5242 49.9454
v -34.5065 -23.5852 50.2455
v -32.1065 -22.9052 50.5454
v -32.4065 -23.1492 50.8454
v -33.3065 -22.4012 49.5055
v -35.1065 21.2788 52.0454
v -34.8065 20.7258 51.4454
v -34.5065 21.5748 52.6454
v -34.5065 21.0638 52.0454
v -33.3065 20.7168 52.0454
v -33.3065 -20.9012 51.8254
v -33.0065 -20.6042 51.1454
v -33.9065 -22.4012 52.1255
v -33.3065 -23.0742 51.7455
v -33.6065 32.8337 53.5454
v -32.4065 32.6884 53.5454
v -33.9065 21.0258 53.5454
v -33.0065 20.6698 53.8454
v -33.0065 20.3318 55.0454
v -32.1065 20.3038 57.4454
v -34.8065 33.8274 59.2455
v -32.1065 32.7024 57.7455
v -31.2065 32.3977 59.8454
v -33.6065 33.2040 60.7455
v -35.1065 33.6727 61.0454
v -31.5065 32.1259 61.9454
v -35.1065 22.7088 62.2455
v -33.6065 22.0338 61.0454
v -33.6065 22.9712 62.2455
v -31.8065 21.2838 59.8454
v -34.2065 23.7985 63.2654
v -33.3065 25.2985 64.1454
v -33.6065 25.8985 64.5854
v -33.3065 26.7985 64.8555
v -33.0065 23.4985 62.6854
v -34.5065 30.0985 65.5154
v -34.3869 28.2985 66.4454
v -33.6932 28.2985 65.5454
v -31.5065 30.0985 64.2054
v -34.6776 27.6985 66.7455
v -33.3065 27.6985 65.1155
v -33.3065 28.5985 65.1854
v -32.1065 32.7985 33.6055
v -32.7065 32.1985 33.2754
v -32.1065 31.5985 33.1954
v -31.5065 32.1569 33.4454
v -31.8065 30.9985 33.1155
v -30.0065 29.7985 33.2754
v -31.8065 27.3985 33.1654
v -30.6065 26.1985 33.5554
v -30.0065 27.3985 33.3555
v -32.1065 35.5431 35.8454
v -32.1065 34.5985 34.7654
v -32.1065 35.0837 35.2455
v -30.3065 35.6087 35.8454
v -30.6065 32.7985 33.8454
v -27.3065 24.3985 34.4254
v -31.8065 35.9087 36.4454
v -30.3065 36.4243 37.0454
v -30.9590 36.6985 38.2455
v -25.2065 20.7348 37.6454
v -31.2065 36.5556 40.3454
v -30.6065 35.9274 44.2455
v -23.1065 19.9198 38.8454
v -30.9065 34.1181 49.0454
v -30.0065 19.3478 45.4454
v -30.9065 33.6024 50.5454
v -32.1065 -20.7962 50.5454
v -32.1065 -21.2012 50.1854
v -31.8065 33.1618 51.7455
v -32.4065 32.9743 52.6454
v -30.3065 33.3681 51.4454
v -31.8065 20.3788 52.0454
v -32.5965 -20.6012 51.7455
v -32.1065 -20.6272 50.8454
v -32.1065 -21.5112 52.3454
v -32.1065 -22.7832 52.3454
v -31.5065 32.7165 53.2455
v -32.4065 32.7306 55.0454
v -31.8065 32.6274 54.7455
v -30.4715 32.7985 53.5454
v -31.5065 20.1168 55.0454
v -29.7065 20.4258 52.9454
v -31.2065 32.4118 57.1454
v -31.8065 20.0888 55.9454
v -26.7065 19.7278 55.6454
v -21.9065 19.4038 55.0454
v -20.4065 19.8308 56.5454
v -31.5065 32.4165 60.7455
v -30.3065 21.5418 60.1454
v -30.0065 31.1368 62.8454
v -28.2065 29.7985 63.2555
v -31.5065 26.7985 64.2555
v -32.1065 27.9985 64.6954
v -30.6065 24.0985 62.6654
v -30.6065 25.2985 63.3855
v -29.7065 30.9985 33.4955
v -28.2065 27.9985 33.5754
v -27.6065 26.1985 33.8655
v -30.3065 34.5985 34.9354
v -30.3065 33.9985 34.5055
v -29.1065 33.9985 34.7254
v -28.5065 36.0399 36.4454
v -28.2065 35.1985 35.7355
v -28.8065 33.3985 34.4855
v -28.8065 32.1985 34.0055
v -27.0065 31.5985 34.2754
v -29.1065 30.3985 33.5154
v -27.3065 32.7985 34.5954
v -24.6065 27.9985 34.2555
v -29.1065 23.7985 34.6654
v -27.9065 22.5988 35.5354
v -29.1065 37.1649 38.2455
v -28.5065 37.6524 39.4454
v -28.1315 37.8985 41.8454
v -28.5065 19.5448 42.4454
v -29.7065 34.6243 49.0454
v -27.6065 35.9743 49.0454
v -27.9065 19.1228 48.1454
v -28.5065 34.6993 50.2455
v -30.2221 33.0985 52.3454
v -29.7065 32.3040 56.2455
v -28.5065 32.5852 55.6454
v -27.3065 33.5743 54.1454
v -26.4065 19.7748 53.2455
v -26.4065 31.9478 59.5454
v -28.2065 31.8493 59.5454
v -29.7065 31.9993 59.5454
v -30.0065 31.9618 60.7455
v -29.4065 31.3337 62.2455
v -27.3065 31.3712 61.3454
v -27.9065 30.6985 62.6255
v -22.5065 20.8058 58.3454
v -25.2065 22.5988 60.5454
v -29.4065 30.3985 63.3154
v -28.8065 28.8985 63.6854
v -28.2065 27.6985 63.5254
v -25.2065 23.7048 61.3454
v -27.0065 35.7985 36.4454
v -27.6065 34.5985 35.4154
v -26.4065 32.7985 34.8354
v -21.3065 30.3985 35.4855
v -23.7065 28.8985 34.5454
v -25.5065 26.1985 34.1454
v -26.4065 24.9985 34.2854
v -26.4065 23.7985 34.7654
v -26.7065 23.1985 35.0954
v -25.2065 23.7985 34.8655
v -26.1065 22.5988 35.5454
v -27.9065 37.2985 38.2555
v -26.1065 36.8181 37.6454
v -26.4065 36.2897 37.0454
v -25.8065 21.6538 36.4454
v -27.3065 37.8681 39.4454
v -27.3065 38.1493 40.6454
v -26.4065 37.9431 39.4454
v -24.9065 37.9431 39.4454
v -26.1065 38.3556 40.6454
v -23.4065 19.2258 40.6454
v -26.1065 38.5712 41.8454
v -26.7065 38.4024 43.0454
v -26.1065 19.1698 43.0454
v -26.7065 38.0087 45.4454
v -26.4065 38.3931 44.2455
v -27.0065 19.0198 46.3454
v -26.7065 37.4368 47.2455
v -25.5065 37.7556 48.4454
v -24.6065 18.6168 49.0454
v -26.6771 36.6985 49.0454
v -25.5065 37.3712 49.3454
v -26.7065 36.0774 50.2455
v -24.0065 18.6538 50.8454
v -27.3065 19.5638 52.0454
v -26.4065 34.2587 53.8454
v -25.8065 33.9540 54.7455
v -27.0065 33.1524 55.3454
v -23.7065 19.3758 53.8454
v -26.7065 32.6978 56.8454
v -25.8065 32.7118 57.7455
v -26.1065 31.3477 61.3454
v -24.9065 31.9571 60.1454
v -24.6065 30.9985 61.5854
v -24.3065 29.4985 62.2455
v -21.9065 28.2985 61.7954
v -21.9065 27.0985 61.7954
v -25.2065 25.8985 62.3555
v -25.2065 24.9985 62.0254
v -26.1065 34.5985 35.7854
v -24.3065 35.1985 36.6854
v -23.7065 33.9985 36.1854
v -24.3065 32.7985 35.4554
v -24.6065 26.7985 34.2455
v -24.6065 24.3985 34.7054
v -23.4065 25.5985 34.6155
v -24.3065 22.5988 35.6454
v -24.0065 23.7985 35.0154
v -22.2065 24.3985 35.1255
v -25.2065 36.6587 37.6454
v -24.9065 37.1462 38.2455
v -24.9065 36.3985 37.4554
v -22.8065 36.3985 38.1155
v -25.5065 35.1985 36.3254
v -16.5065 19.5988 38.8354
v -24.9065 38.4681 40.6454
v -23.1065 38.1118 40.0454
v -24.3065 39.0306 43.0454
v -23.7065 38.9837 42.4454
v -24.9065 38.9274 44.2455
v -24.9065 38.8243 45.4454
v -23.7065 39.1524 43.6454
v -24.0065 18.5138 46.9454
v -23.7065 39.0985 45.8254
v -24.3065 38.8243 46.6454
v -24.9065 38.3556 47.5454
v -23.7065 38.7399 47.8454
v -23.4065 39.0587 46.6454
v -24.3065 38.1399 49.0454
v -24.9065 37.3243 50.2455
v -23.7214 37.8985 50.2455
v -23.7065 38.3837 49.0454
v -22.5065 18.2228 49.6454
v -25.4172 36.6985 50.8454
v -24.9065 36.6774 51.4454
v -25.5065 36.3024 51.4454
v -24.3065 36.6962 52.0454
v -24.9065 35.9837 52.6454
v -23.7065 36.9868 52.0454
v -23.7065 36.2368 53.2455
v -24.3065 35.9368 53.2455
v -24.3065 35.0087 54.4454
v -23.1065 35.5712 54.4454
v -23.7065 34.4556 55.3454
v -24.0065 33.8602 56.5454
v -23.5965 33.6985 57.1454
v -22.5065 33.7759 57.4454
v -22.2065 21.9988 59.6754
v -18.9065 30.6985 60.4054
v -22.2065 24.3985 61.1854
v -23.1065 25.8985 61.8755
v -22.5065 23.7985 60.9454
v -22.2065 22.5988 60.1554
v -20.7065 28.8985 61.4154
v -21.0065 29.1985 35.2854
v -21.6908 27.9985 34.9454
v -21.3065 26.7985 34.9855
v -20.1065 27.9985 35.3755
v -17.4065 20.7988 37.7455
v -18.3065 23.7985 36.1654
v -20.7065 34.5985 37.5154
v -20.4065 33.3985 36.9154
v -21.0065 31.5985 35.9454
v -23.1065 37.2493 38.8454
v -22.8065 38.3837 40.6454
v -21.9065 38.2618 40.6454
v -21.9065 37.8962 40.0454
v -20.7065 38.0181 40.6454
v -17.4065 18.6988 40.0354
v -17.7065 18.0988 41.2355
v -22.2065 39.2556 43.6454
v -21.3065 38.9462 42.4454
v -20.7065 38.3837 41.2455
v -21.0065 18.0988 44.0454
v -21.9065 39.3868 45.4454
v -20.9221 17.7988 47.2455
v -21.6065 39.2837 47.2455
v -21.1815 39.0985 48.4454
v -21.9065 38.6743 49.6454
v -22.5065 38.2993 50.2455
v -20.7065 38.9931 49.0454
v -21.3065 38.5618 50.2455
v -21.6065 37.9806 51.4454
v -21.9065 37.5985 52.0954
v -20.7065 37.8306 52.0454
v -22.2065 36.7899 53.2455
v -21.3065 36.5931 53.8454
v -21.9065 35.9649 54.4454
v -22.2065 35.1985 55.1554
v -22.8065 34.1602 56.5454
v -21.6065 34.5821 55.9454
v -21.9065 33.3446 58.3454
v -21.3065 32.9462 58.9454
v -20.1065 32.8337 58.9454
v -18.3065 21.0988 58.6654
v -21.3690 31.8985 60.1454
v -20.4065 26.4985 61.4554
v -20.1065 23.1985 60.3954
v -14.4065 29.7985 37.3054
v -14.7065 31.5985 37.8354
v -20.4065 37.4696 40.0454
v -19.2377 36.3985 39.4454
v -19.5065 37.5985 40.6055
v -15.9065 34.5985 39.1654
v -20.7065 38.6649 41.8454
v -19.5065 38.8806 43.0454
v -18.9065 39.0493 43.9454
v -18.0065 38.5712 43.0454
v -18.6065 17.8288 42.4454
v -19.2065 17.7068 43.6454
v -20.4065 39.2743 44.2455
v -19.5065 39.3868 46.0454
v -20.1065 39.3868 46.6454
v -19.2065 39.2556 44.8454
v -20.1065 39.2837 47.8454
v -17.7065 39.2181 46.0454
v -19.5065 17.3318 49.0454
v -18.6065 17.2008 46.0454
v -19.5065 39.0493 49.0454
v -18.3065 39.1899 48.1454
v -20.1065 38.6743 50.2455
v -20.1065 17.6698 51.4454
v -16.2815 16.2988 52.6454
v -16.2065 16.0758 50.8454
v -18.9065 38.4868 50.8454
v -18.9065 37.9524 52.0454
v -20.7065 37.1274 53.2455
v -19.2065 37.2399 53.2455
v -20.7065 36.2274 54.4454
v -19.2065 17.6508 53.2455
v -18.9065 17.9038 54.4454
v -19.3143 18.6988 55.6454
v -20.7065 35.1985 55.5154
v -19.5065 35.7985 55.0954
v -19.5065 34.8370 55.9454
v -20.1065 34.5306 56.2455
v -20.4065 33.3259 58.3454
v -19.2065 33.8509 57.4454
v -19.5065 20.1988 57.3755
v -17.7065 32.1985 59.1155
v -18.3065 31.2985 59.9254
v -17.7065 28.8985 60.8454
v -19.2065 27.6985 61.2754
v -16.8065 24.9985 60.8154
v -17.1065 25.5985 36.1155
v -12.0065 27.3985 37.3855
v -16.2065 22.5988 36.9154
v -15.0065 19.5988 38.7754
v -14.7065 35.7985 40.6954
v -18.0065 19.6198 38.8454
v -16.5065 19.0388 39.4454
v -17.8040 37.8985 41.8454
v -17.1065 37.2493 41.2455
v -12.9065 37.2681 43.6454
v -16.2065 17.0888 43.0454
v -15.0065 17.4988 41.3655
v -17.7065 38.9181 44.2455
v -16.5065 38.9509 45.4454
v -15.9065 38.4962 44.2455
v -16.8065 16.9198 44.2455
v -16.2065 39.0352 46.6454
v -16.8065 39.0868 47.8454
v -17.4065 16.6568 47.2455
v -14.1065 15.1478 48.1454
v -16.5065 38.9040 49.0454
v -17.1065 38.6462 50.2455
v -16.5065 38.9977 48.4454
v -17.7065 37.9431 52.0454
v -16.5065 37.8868 52.0454
v -16.2065 38.3696 50.8454
v -16.5065 37.2259 53.2455
v -18.0065 37.2681 53.2455
v -16.8065 35.9415 55.0454
v -17.1065 17.1348 54.4454
v -13.2065 16.2988 56.7654
v -18.3065 35.1985 55.7355
v -17.7065 34.5985 56.2854
v -17.4065 35.1985 55.7754
v -15.6065 17.6978 56.8454
v -18.0065 19.5988 57.4955
v -16.7408 32.7985 58.3454
v -16.2065 30.9985 59.6255
v -16.0315 31.8985 58.9454
v -17.0765 30.9985 59.8454
v -18.0065 22.0318 59.5454
v -18.1096 20.7988 58.3454
v -14.7065 18.3988 58.1155
v -16.8065 29.7985 60.4154
v -17.1065 27.9985 60.9454
v -16.5065 26.7985 60.9454
v -16.6292 28.5985 60.7455
v -16.5065 27.9985 60.8454
v -16.8065 25.8985 60.9554
v -17.7065 23.7985 60.5454
v -16.5065 23.7985 60.3954
v -16.5065 21.9988 59.3855
v -16.2065 24.3985 60.5554
v -15.9065 23.1985 59.9855
v -13.5065 32.1985 38.5354
v -13.8065 24.3985 36.8855
v -13.8065 20.7988 37.9754
v -14.4065 23.1985 37.0055
v -13.2065 21.9988 37.5055
v -6.9065 32.1985 40.8454
v -13.5065 19.5988 38.7154
v -15.3065 18.9348 39.4454
v -13.8065 18.9988 39.2254
v -13.3276 36.6985 42.4454
v -14.4065 16.7788 42.4454
v -13.2065 17.0508 41.2455
v -12.9065 37.7931 44.8454
v -15.6065 16.6388 43.9454
v -15.9065 16.4318 45.1454
v -13.2065 15.2038 45.4454
v -15.0065 38.8243 47.8454
v -15.3065 38.8571 46.6454
v -15.0065 38.6931 49.0454
v -15.0065 37.9852 51.4454
v -14.1065 38.1446 50.5454
v -15.0065 37.1040 53.2455
v -13.5065 37.6102 51.7455
v -14.7065 36.2977 54.4454
v -12.3065 36.0306 54.4454
v -15.6065 35.9087 55.0454
v -13.5065 35.5103 55.3454
v -15.9065 34.5985 56.3655
v -14.7065 34.8985 56.1055
v -15.0065 33.3985 57.3054
v -15.3065 31.2985 59.1654
v -14.4065 32.1985 58.1554
v -13.2065 32.1985 58.1754
v -12.9065 33.3985 57.3454
v -15.3065 30.6985 59.5454
v -13.8065 29.1985 59.6554
v -13.8065 30.3985 59.1055
v -15.3065 22.5988 59.8755
v -11.1065 18.9988 59.9354
v -12.0065 17.7988 58.9354
v -14.1065 21.9988 60.0654
v -11.1065 19.8988 60.2654
v -15.7096 29.7985 60.1454
v -14.7065 29.1985 60.0654
v -15.0065 27.3985 60.5354
v -15.3065 26.7985 60.6654
v -15.0065 24.0985 60.1654
v -14.1065 22.8985 60.2355
v -10.8065 28.5985 37.9554
v -10.8065 30.3423 38.5454
v -12.0065 24.9985 37.1854
v -9.0065 24.9985 37.7254
v -10.3752 22.5988 37.6454
v -11.1065 21.1658 37.9454
v -11.7065 20.1988 38.3254
v -6.3065 30.0985 39.8054
v -12.3065 19.5988 38.6654
v -12.9065 18.3988 39.6355
v -12.2089 17.1988 40.6454
v -12.0065 17.7988 39.9855
v -8.4547 34.5985 42.4454
v -9.0065 35.7306 43.6454
v -11.7065 15.3988 43.0354
v -11.4065 15.9348 41.8454
v -12.6065 38.0274 46.0454
v -11.7065 37.9337 47.2455
v -11.1065 37.5493 46.0454
v -13.5065 38.4587 48.4454
v -13.8065 38.4493 49.0454
v -10.2065 37.2446 50.8454
v -9.9065 36.8368 52.0454
v -11.7065 36.6493 53.2455
v -10.2065 13.6288 54.4454
v -11.7065 34.8985 55.8855
v -11.1065 33.6985 57.0154
v -11.1065 32.1985 58.1854
v -11.1189 14.7988 56.2455
v -12.9065 16.6478 57.4454
v -10.5065 15.2888 57.4454
v -9.9065 30.3985 59.2754
v -12.3065 30.9985 58.9054
v -12.0065 29.1985 59.7355
v -11.7065 16.5988 58.1355
v -10.2065 16.5988 58.8954
v -13.8065 27.6985 60.0254
v -13.8065 27.1360 60.1454
v -11.1065 27.3985 60.3954
v -13.5065 26.1985 60.3555
v -12.9065 24.3985 60.5754
v -11.7065 24.3985 60.7654
v -11.7065 26.1985 60.5754
v -12.9065 21.9988 60.3655
v -12.3065 23.1985 60.6454
v -11.1065 22.2988 60.7954
v -9.0065 23.1985 61.1754
v -9.6065 23.7985 37.6255
v -9.0065 26.1985 37.8655
v -9.3065 20.7988 38.0954
v -9.6065 19.5988 38.5154
v -10.8065 17.7988 39.6854
v -11.2391 16.5988 40.9454
v -9.9065 18.9278 38.8454
v -9.6065 17.1988 39.8254
v -10.2065 16.5988 40.5154
v -8.5002 15.9988 40.3454
v -6.6065 32.7985 41.4654
v -9.9020 14.7988 42.4454
v -8.7065 13.4698 43.6454
v -10.2065 37.0618 45.4454
v -9.8199 36.3985 44.2455
v -9.0065 37.1649 47.8454
v -8.1065 36.8462 50.2455
v -8.7065 37.1040 49.0454
v -7.2065 36.3962 51.4454
v -9.9065 36.0446 53.8454
v -9.9065 35.5103 54.7455
v -6.9190 35.4985 53.8454
v -8.1065 35.4024 54.4454
v -9.9065 34.3759 56.2455
v -9.3065 34.7977 55.6454
v -7.8065 34.0477 56.2455
v -9.9065 32.7235 57.7455
v -9.5315 33.3985 57.1454
v -8.1065 32.9060 57.4454
v -9.6065 14.3978 56.8454
v -6.3565 14.1988 58.6454
v -9.6065 13.7508 55.6454
v -10.5238 17.7988 59.5454
v -7.5065 17.7988 60.5554
v -9.3065 19.5988 60.6754
v -8.7065 16.5988 59.5354
v -9.3065 28.5985 60.0954
v -9.6065 27.3985 60.4855
v -9.9065 26.1985 60.7654
v -10.2065 24.9985 60.9154
v -8.1065 26.4985 60.8054
v -8.7065 24.9985 61.0654
v -9.2440 21.3988 61.0454
v -5.4065 25.5985 38.4654
v -5.1065 24.3985 38.3054
v -6.9065 21.3988 38.0554
v -6.9065 20.1988 38.2355
v -3.9065 27.3985 39.3555
v -6.9065 18.9458 38.5454
v -6.3065 17.1988 39.0754
v -6.7190 15.9988 39.7455
v -6.3761 34.5985 43.6454
v -6.4618 33.6985 42.4454
v -4.5065 33.6985 43.6055
v -6.9065 35.7985 45.4154
v -5.4065 34.8985 44.8354
v -4.2065 11.3138 43.0454
v -7.5065 36.5931 47.2455
v -7.2065 36.6399 48.4454
v -6.3065 36.2743 47.8454
v -6.9065 36.5649 49.6454
v -6.3065 11.1448 50.5454
v -6.3065 11.0888 49.0454
v -7.4221 36.0985 52.6454
v -5.7065 36.0985 50.8954
v -6.3065 35.7306 52.9454
v -7.5065 11.8948 52.3454
v -8.1065 35.0274 55.0454
v -6.6065 35.0931 54.4454
v -6.9065 33.8743 56.2455
v -7.5065 33.4618 56.8454
v -6.6065 32.1985 57.8755
v -4.8065 11.8288 56.2455
v -3.0065 11.6318 57.4454
v -8.4065 31.5985 58.4855
v -7.2065 31.6675 58.3454
v -8.7065 30.9985 58.8954
v -7.5065 30.9985 58.8354
v -6.6065 30.9985 58.7455
v -6.9065 28.5985 60.0954
v -6.0065 14.7988 59.3855
v -6.3065 13.5988 57.9855
v -8.1065 27.3985 60.5454
v -6.9065 27.3985 60.5454
v -7.5065 24.9985 61.1454
v -7.8065 22.8985 61.3154
v -7.8065 21.3988 61.2954
v -6.9065 23.7985 61.3454
v -6.3065 21.9988 61.4955
v -7.5065 20.1988 61.1954
v -6.0065 20.7988 61.4955
v -7.5065 18.6988 60.8555
v -6.6065 16.5988 60.2954
v -6.0065 22.8985 38.0654
v -3.9065 22.5988 38.2654
v -4.8065 21.3988 38.1454
v -3.0065 18.9988 38.3755
v -5.4065 30.9985 40.6454
v -3.3065 29.1985 40.3855
v -4.2065 28.5466 39.7455
v -3.9065 24.6985 38.5654
v -3.9065 15.3988 39.2754
v -3.3065 16.5988 38.7954
v -4.6541 -19.4012 40.3454
v -3.0065 -17.6012 44.8154
v -4.6447 -18.2012 39.7455
v -4.6424 32.7985 42.4454
v -4.5065 31.5985 41.4454
v -3.3065 31.5985 42.0254
v -2.7065 29.7985 40.9855
v -1.8065 10.8818 41.8454
v -4.2065 11.6888 42.4454
v -4.1010 -19.4012 41.8454
v -4.8065 34.2868 44.2455
v -3.9065 34.2306 44.8454
v -3.3065 34.5681 46.0454
v -5.7065 11.6038 44.2455
v -4.2065 10.4038 45.4454
v -4.5356 11.1988 43.6454
v -3.9065 10.5918 44.2455
v -5.1065 35.7118 47.2455
v -5.7065 35.5806 46.0454
v -4.2065 35.5056 47.8454
v 1.1935 7.3568 46.0454
v -5.4140 36.0985 49.6454
v -5.4065 35.6087 52.6454
v -2.7065 9.3068 49.9454
v -2.7065 9.7948 53.2455
v -5.7065 35.2149 53.8454
v -5.4065 34.8118 54.4454
v -4.7239 35.1985 53.2455
v -4.8065 11.3228 55.0454
v -5.4065 33.5837 56.2455
v -4.5065 32.2524 57.4454
v -3.9065 32.6743 56.8454
v -4.5065 30.9985 58.4754
v -3.9065 31.5985 57.8855
v -5.1065 28.5985 59.9754
v -5.1065 30.4235 58.9454
v -2.1041 12.0988 58.6454
v -5.4065 14.1988 59.1255
v -5.1065 14.7988 59.7555
v -1.8065 13.1668 59.8454
v -5.1065 26.7985 60.7154
v -6.3065 25.5985 61.0654
v -3.9065 23.7985 61.4454
v -3.9065 25.2985 61.1255
v -3.6065 26.7985 60.6255
v -5.1065 22.5988 61.5754
v -3.9065 20.7988 61.7254
v -4.2065 19.5988 61.6255
v -6.0065 17.7988 60.9454
v -5.4065 18.3988 61.2355
v -4.8065 16.5988 60.8254
v -4.5065 15.3988 60.3655
v -2.7065 27.9985 39.9855
v -2.4065 26.7985 39.5754
v -3.6065 25.5985 38.8555
v -2.7065 24.9985 38.9154
v -2.4065 23.7985 38.7154
v -1.8065 22.5988 38.6155
v -1.5065 19.2988 38.4354
v -0.3065 15.3988 38.8755
v 2.0935 15.3988 38.9554
v -2.7065 14.7988 39.2854
v -3.0065 14.1988 39.6255
v -2.1065 12.9988 40.0754
v -0.9065 13.0408 39.7455
v -3.6322 -16.4012 40.0454
v -2.1065 -14.3012 40.3154
v -2.7065 -15.5012 39.1854
v -4.0447 -17.0012 39.7455
v -2.2538 -15.2012 38.8454
v 1.1935 -18.8012 37.9955
v -2.1065 -15.0642 38.8454
v -4.3916 -17.6012 39.7455
v -3.9697 -17.3012 41.2455
v -1.2065 -21.5012 38.6554
v -4.5065 -20.9012 39.6155
v -4.2697 -20.6012 40.9454
v -3.9065 -22.1012 39.4654
v -4.0260 -22.4012 39.7455
v -3.9979 -21.8012 40.6454
v -3.3135 -23.0012 40.9454
v -1.8065 -24.5012 38.8655
v -3.3065 -23.5642 40.0454
v -2.7186 -24.2012 39.1454
v -2.2822 -24.8012 40.9454
v -1.8065 -25.7012 38.8954
v -2.1065 -25.7012 39.1055
v -2.0010 -25.4012 40.6454
v -2.1273 32.4985 43.6454
v -1.5262 31.5985 43.0454
v -1.8065 30.9985 42.3254
v -0.9065 28.5985 41.0354
v -2.4065 12.4018 40.6454
v -1.5065 9.8788 43.0454
v -3.2572 -15.8012 41.8454
v -2.7135 -14.9012 40.9454
v -2.5354 -14.3012 42.4454
v -3.1354 -16.4012 43.9454
v -3.1635 -21.2012 43.0454
v -2.6197 -23.6012 41.8454
v -2.5260 -23.0012 42.7455
v -2.4065 33.4993 44.8454
v -3.6065 33.6985 44.2254
v -1.2065 32.4399 44.2455
v -1.2065 8.7638 45.4454
v -0.0065 8.7988 43.6155
v -2.6666 -14.6012 43.6454
v -2.0666 -13.1012 46.9454
v -2.0479 -12.8012 44.8454
v -1.7854 -11.6012 47.2455
v -2.4510 -15.2012 46.3454
v -3.2479 -20.0012 43.6454
v -2.3947 -17.9012 46.3454
v -2.6479 -20.6012 44.5454
v -1.5510 -21.8012 45.7455
v -2.0760 -23.0012 43.6454
v -0.5854 -17.9012 50.2455
v -2.1065 33.9868 46.0454
v -3.3065 35.2524 48.4454
v 1.4343 6.9988 47.8454
v -2.1510 -15.8012 47.5454
v -1.9447 -18.8012 46.9454
v -3.9065 35.5431 49.0454
v -3.0353 35.1985 49.0454
v -2.3261 34.8985 49.0454
v -2.1065 34.7274 48.4454
v -3.0127 35.1985 50.2455
v -2.4065 34.9524 50.2455
v -3.8877 35.4985 50.8454
v -3.3065 35.0837 52.0454
v -3.3065 34.7181 53.2455
v -2.4065 34.7181 52.0454
v -2.7065 34.3618 53.5454
v -3.7769 33.9985 55.0454
v -2.7065 33.6306 55.0454
v -1.9125 9.6988 54.4454
v -3.0065 32.3931 56.8454
v -2.7065 31.5985 57.5454
v -2.1065 32.5806 56.2455
v -2.1065 32.0837 56.8454
v -2.4065 10.9758 56.8454
v -2.4065 10.4038 55.6454
v -1.9940 11.4988 58.0454
v -2.7065 30.3985 58.5254
v -2.7065 29.1985 59.3454
v -3.6065 27.9985 60.1155
v -1.7690 27.9985 59.8454
v -3.9065 14.7988 60.2054
v -2.1065 27.3985 60.2054
v -2.7065 21.9988 61.7254
v -2.7065 23.7985 61.4454
v -0.6027 18.3988 61.9454
v -0.3065 20.4988 61.9154
v -1.5065 14.7988 60.9554
v -2.1065 14.1988 60.4254
v -1.2065 15.9988 61.4654
v -1.2065 15.3988 61.2754
v -0.9065 27.3985 40.3755
v 0.2935 25.8985 40.2054
v -1.2065 23.7985 39.0055
v -0.6065 24.3985 39.3354
v -0.9065 25.5985 39.6255
v 0.2935 27.0985 40.7555
v 0.2935 23.4985 39.3555
v -0.6065 22.5988 38.8855
v 1.4935 20.7988 39.0954
v -0.3065 20.1988 38.6255
v 3.2935 15.9988 39.0654
v 2.0935 14.1988 39.1255
v 0.8935 13.5988 39.2954
v -0.3065 11.7988 40.3454
v 1.7935 10.5988 40.5854
v 0.5935 11.7988 40.1255
v 0.5935 10.5988 40.9554
v -0.9065 -13.9102 38.8454
v -1.2135 -14.0012 39.1454
v -0.6065 -13.6192 38.8454
v -1.3072 -13.7012 39.7455
v -0.3065 -11.7202 40.9454
v 0.2245 -12.8012 38.8454
v 0.5935 -11.4072 40.0454
v -0.3065 -16.1012 38.5254
v -1.5065 -26.5852 38.8454
v -1.2416 -26.9012 39.1454
v -1.3822 -26.6012 39.7455
v -1.2885 -26.3012 40.9454
v -0.3065 -27.8012 38.4554
v -0.7354 -26.9012 41.2455
v -0.1260 -28.1012 39.7455
v 0.2935 -28.4012 38.3054
v 0.5935 -28.8862 39.4454
v 0.4459 -28.4012 40.9454
v -0.9065 30.9985 42.8454
v -0.3065 29.3829 41.8454
v 0.2935 29.7985 42.5154
v 0.5935 28.5985 41.7854
v -1.3474 11.1988 41.2455
v 0.2935 9.8318 41.8454
v -1.3541 -12.5012 41.8454
v -0.3697 -10.4012 42.7455
v 0.2935 -10.4962 41.5454
v 1.1935 -9.3662 41.5454
v -0.1260 -9.5012 43.3454
v -0.9697 -11.0012 43.3454
v -1.5791 -24.2012 43.3454
v -1.1479 -26.0012 41.8454
v -1.0260 -25.1012 43.3454
v -0.6065 -26.6012 42.1055
v 0.5021 -28.1012 41.8454
v -0.0065 -26.6012 43.2954
v 0.2935 -27.3602 42.7455
v 0.4928 -27.2012 43.3454
v -0.9065 33.0399 45.4454
v -0.0065 32.1493 44.8454
v 0.2935 31.5985 44.3555
v -0.3065 30.9985 43.2455
v 0.2900 30.9985 43.6454
v 0.8935 7.7418 45.1454
v -0.6065 -9.8012 44.0254
v -0.7822 -9.2012 45.1454
v -0.0065 -6.8832 45.4454
v 0.3615 -8.0012 43.9454
v -1.3916 -11.0012 44.8454
v -1.8604 -12.5012 43.9454
v -1.0916 -23.0012 45.4454
v -0.9065 -24.1972 44.5454
v -0.3510 -24.2012 45.4454
v 0.0615 -24.8012 45.4454
v 0.0709 -25.4012 44.8454
v -0.9065 33.8368 47.2455
v -0.9065 34.1368 48.4454
v 0.5935 33.1712 47.8454
v 0.8935 32.5993 46.6454
v 1.5332 6.9988 47.2455
v -0.5947 -4.4012 48.1454
v 0.2935 -4.4992 46.3454
v -0.0885 -3.2012 47.5454
v -1.3729 -8.3012 49.3454
v -1.1572 -8.3012 47.5454
v -1.5065 -10.1012 47.4354
v -1.2791 -9.5012 46.6454
v -0.8947 -7.4012 47.2455
v -1.6635 -11.9012 49.0454
v -1.2979 -16.4012 49.6454
v -0.5572 -21.2012 47.8454
v -0.5197 -22.7012 46.6454
v -0.3065 -23.6012 46.1155
v 0.0615 -23.3012 46.9454
v -0.0065 -22.4012 47.6554
v 0.2935 -24.2012 46.4154
v -0.9515 34.2985 49.6454
v -0.3115 33.9985 50.2455
v -0.0065 33.7524 49.0454
v -0.1258 7.8988 49.6454
v -0.5104 7.8988 50.5454
v -0.3744 5.4988 49.9454
v -0.5291 5.7988 50.2455
v -0.7729 -1.7012 49.3454
v 0.0146 -0.5012 48.1454
v 0.2935 5.4988 48.9454
v -1.4291 2.7988 51.7455
v -1.1666 -4.4012 49.9454
v -1.1666 -7.1012 48.7455
v -1.3541 -7.1012 50.2455
v -1.4104 -8.9012 50.2455
v -1.3166 -9.5012 51.4454
v -1.4760 -13.4012 49.9454
v -1.0354 -14.0012 51.1454
v -0.9065 -16.2622 50.5454
v -1.0260 -17.0012 49.9454
v 0.4271 -18.8012 51.1454
v -1.0914 33.9985 52.6454
v 0.8935 33.2931 51.4454
v 0.2935 33.2649 52.9454
v -1.2356 8.7988 52.0454
v -1.5065 9.0238 52.6454
v -1.1479 8.4988 52.0454
v -1.2065 5.7988 51.7254
v -1.5979 5.7988 52.9454
v -1.7572 1.2988 52.9454
v -1.4760 -5.0012 52.0454
v -1.9260 0.6988 55.0454
v -1.1291 -11.3012 51.7455
v -1.2510 -8.3012 52.6454
v -0.2104 -15.8012 52.0454
v 0.0521 -17.6012 51.4454
v -1.2065 33.6306 53.8454
v -0.3065 32.9649 54.4454
v 1.2451 32.4985 53.8454
v -1.8065 6.0988 53.9654
v -2.0010 5.4988 55.3454
v -1.9541 8.1988 55.3454
v -1.8791 3.3988 53.8454
v -1.9822 2.7988 54.7455
v -0.6065 -8.7622 55.0454
v -1.1947 -4.1012 56.5454
v -0.0065 -11.0242 55.0454
v 0.6521 -17.0012 52.6454
v -0.3065 31.8493 56.2455
v 0.5453 31.8985 55.6454
v 0.2935 30.3985 57.5754
v 0.5935 30.9985 56.7954
v -2.0385 8.4988 56.5454
v -2.0291 8.1988 57.7455
v -2.0291 6.3988 57.1454
v -2.0010 6.3988 57.7455
v -2.0291 4.8988 56.2455
v -1.9916 2.4988 55.9454
v -1.9635 4.2988 57.4454
v -1.9541 1.5988 55.9454
v -1.6354 0.9988 58.0454
v -1.7479 -1.1012 55.9454
v -1.4104 -2.9012 56.5454
v -1.6166 -0.2012 57.4454
v -0.9697 -3.5012 57.7455
v -1.2885 -1.4012 58.0454
v -0.4729 -5.0012 58.0454
v -0.8291 -6.2012 56.2455
v -0.3065 -6.8012 57.2254
v -0.3604 -8.0012 56.2455
v 0.3709 -9.8012 56.5454
v 0.0428 -8.0012 57.1454
v 0.4740 -8.3012 57.7455
v -0.3065 29.1985 58.7654
v 0.2935 27.7548 59.5454
v 0.8935 26.1985 60.2754
v -1.9166 10.8988 58.9454
v -1.9260 7.8988 58.9454
v -1.9822 5.7988 57.7455
v -1.8510 6.0988 58.9454
v -1.6354 6.3988 60.1454
v -1.6541 7.8988 60.4454
v -1.7854 5.7988 59.2455
v -1.5416 3.3988 59.5454
v -1.2604 -0.5012 58.6454
v -1.3166 1.5988 59.5454
v -0.6065 -3.5262 58.6454
v -0.2479 -1.1012 60.7455
v 0.0990 -4.4012 59.5454
v 0.5021 -2.3012 61.3454
v 0.0896 -6.8012 58.0454
v 0.1646 -5.6012 58.9454
v -1.5065 25.2985 60.9754
v 0.5935 24.9985 60.8454
v 1.1935 23.3810 61.3454
v 0.2935 21.3988 61.8054
v 0.0578 20.4988 61.9454
v -0.1822 17.7988 62.8454
v -0.9604 15.3988 61.9454
v -1.6447 12.3988 60.4454
v -1.2322 13.8988 61.6454
v -1.2416 12.6988 61.9454
v -1.3916 11.7988 61.6454
v -1.6916 11.1988 60.4454
v -1.7010 9.9988 60.4454
v -1.4104 10.5988 61.6454
v -1.4010 9.9988 61.6454
v -1.1947 9.9988 62.2455
v -1.3354 8.1988 61.6454
v -1.3729 7.2988 61.3454
v -1.5065 5.8238 60.4454
v -1.3494 6.0988 60.7455
v -1.2065 5.7988 61.4454
v -1.2416 3.9988 60.7455
v -1.1010 6.0988 61.6454
v -0.5572 6.6988 63.1454
v -0.8104 4.2988 61.9454
v -0.6065 2.2608 61.6454
v -0.0065 3.4518 63.1454
v -0.5572 5.4988 62.8454
v -1.0635 1.8988 60.4454
v -0.9604 0.6988 60.1454
v 0.0615 1.5988 62.5454
v -0.0041 -0.2012 61.6454
v 0.5935 -0.8012 62.2555
v 0.7740 20.1988 63.4454
v 0.2584 18.3988 63.4454
v 0.8935 18.6138 64.3454
v 0.5490 17.1988 64.3454
v -0.4729 15.3988 63.1454
v -0.3065 16.5988 63.0854
v -0.8854 12.9988 62.8454
v -0.0885 12.9988 64.3454
v -0.6604 12.0988 63.4454
v 0.0428 14.1988 64.3454
v 0.1271 14.7988 64.3454
v -1.0916 11.1988 62.5454
v -0.8197 11.1988 63.1454
v -0.8010 9.6988 63.1454
v 0.0615 10.5988 64.6454
v 0.2935 12.3988 64.9454
v 0.1834 6.6988 64.3454
v -0.0065 8.7988 64.4154
v 0.3428 9.3988 64.9454
v 0.0896 6.3988 64.0454
v 0.2935 4.8988 64.0554
v 0.2021 4.2988 63.7455
v 2.0935 -11.6012 38.0254
v 2.4962 -12.8012 37.9454
v 12.8935 -24.5012 34.7154
v 1.7935 -29.9012 37.8855
v 1.1935 -29.4402 38.2455
v 2.0935 24.3985 40.3254
v 2.0935 25.8985 40.9855
v 2.3935 21.9988 39.6255
v 2.6935 23.1985 40.1055
v 3.5935 23.7985 40.7254
v 2.4217 19.5988 39.1454
v 2.9935 20.7988 39.5254
v 5.0935 15.9988 39.3855
v 4.1935 19.2988 39.5954
v 2.9935 14.7988 39.0854
v 3.2935 11.1988 39.9955
v 4.1935 11.7988 39.7355
v 2.6935 10.5988 40.3855
v 3.2303 -10.4012 37.9454
v 3.5935 -8.3012 39.7854
v 1.1935 -12.2012 38.4154
v 1.4935 -29.7492 39.1454
v 2.9935 -30.9632 39.4454
v 2.3935 -30.3352 40.6454
v 1.4935 29.4985 43.0354
v 1.4935 27.3985 41.5055
v 1.7935 27.9985 42.0654
v 2.3935 29.1402 43.3454
v 3.8935 26.1985 42.1255
v 1.1935 9.9988 41.2555
v 2.6935 9.9988 40.7654
v 1.7935 8.2288 43.0454
v 2.5746 8.7988 41.8454
v 5.3935 7.0668 42.4454
v 1.7935 -8.6272 41.5454
v 0.6428 -9.2012 42.4454
v 4.4490 -6.5012 40.6454
v 1.7935 -6.4152 43.3454
v 1.7935 -29.3012 42.1454
v 2.0935 -28.9332 43.3454
v 2.9935 -30.5012 41.7654
v 2.9935 -30.6682 41.2455
v 2.9935 -30.2182 42.4454
v 1.4935 31.1837 44.8454
v 1.4935 30.0985 43.5954
v 2.6935 30.3306 44.8454
v 2.3795 7.5988 43.6454
v 3.5935 6.4758 44.8454
v 3.5935 0.0988 44.9554
v 2.8405 -1.7012 44.8454
v 2.3935 1.5988 46.1454
v 1.5990 -2.9012 45.4454
v 1.3459 -5.3012 44.5454
v 0.6428 -2.6012 46.6454
v 2.3935 -4.1012 44.1255
v 1.3881 -27.8012 43.9454
v 1.1935 -26.6012 45.1055
v 1.7490 -27.2012 45.1454
v 2.3935 -27.8012 45.2254
v 2.8355 -29.6012 43.3454
v 3.5935 -29.0012 45.0854
v 1.7935 31.7649 46.0454
v 2.0935 32.2899 47.8454
v 3.8935 31.1462 47.8454
v 2.3935 5.1988 46.8354
v 1.7935 4.2988 47.1554
v 0.8771 4.8988 48.1454
v 1.7935 2.4988 46.8154
v 0.6146 0.3988 47.5454
v 0.5935 -1.1012 47.2054
v 0.9615 -23.6012 47.8454
v 1.4935 -25.7012 46.4254
v 1.4935 -24.2012 47.8954
v 2.3935 -26.6012 46.5055
v 1.1727 33.0985 49.0454
v 2.0935 32.5618 49.0454
v 2.3935 32.5149 50.8454
v 2.9935 32.0931 49.6454
v 0.8935 -22.4012 48.7954
v 1.7935 -23.0012 49.2754
v 1.7935 -20.0012 51.7954
v 2.3935 -21.8322 50.8454
v 2.4065 -23.6012 49.3454
v 2.9935 -22.4432 50.8454
v 2.9935 -23.6012 49.8755
v 2.3935 -25.4012 47.6954
v 2.9935 -24.8612 48.7455
v 1.5421 32.7985 52.3454
v 2.3935 32.3931 52.0454
v 1.7935 32.4306 53.2455
v 2.9935 -21.5012 51.6355
v 2.9935 -20.0012 52.8454
v 1.7935 31.9806 54.4454
v 3.2935 31.6337 53.2455
v 1.7935 -18.2012 53.1355
v 1.7935 -11.0012 57.8454
v 2.9935 -18.5012 53.9855
v 1.7935 30.4056 56.8454
v 2.6935 30.8743 55.6454
v 2.9935 28.9160 57.7455
v 3.2935 29.4985 57.0055
v 1.7668 29.1985 58.0454
v 1.1935 28.5985 58.7455
v 1.4935 27.3985 59.4754
v 1.4400 26.7985 59.8454
v 2.9935 28.2868 58.3454
v 2.3935 26.5535 60.1454
v 2.8459 27.3985 60.4454
v 0.5935 -7.2112 58.6454
v 1.5896 -8.9012 58.9454
v 2.3935 -9.8012 59.2854
v 2.3935 -8.3012 60.2254
v 2.9935 -11.6012 58.7254
v 3.0069 -8.9012 60.4454
v 1.4935 25.2985 60.5754
v 1.9084 24.0985 62.5454
v 2.2834 25.5985 61.6454
v 1.1935 23.1985 61.5654
v 1.5146 22.5988 63.1454
v 1.0459 -1.4012 62.5454
v 1.4935 -2.9012 62.2854
v 1.6365 -4.4012 61.6454
v 1.7935 -6.2012 60.8254
v 2.9935 -5.0012 62.6454
v 2.9935 -7.7012 61.1454
v 2.6935 25.6135 62.8454
v 2.1521 24.0985 63.1454
v 2.4334 23.1985 64.3454
v 2.0935 21.9988 64.5354
v 2.9490 24.3985 64.3454
v 2.9935 23.4985 64.9354
v 1.3271 20.1988 64.3454
v 2.0935 21.1188 64.9454
v 0.5935 2.7398 63.7455
v 0.6521 4.2988 64.3454
v 0.7600 4.8988 64.6454
v 1.0693 2.7988 64.3454
v 0.7178 0.0988 62.8454
v 0.8935 0.9788 63.4454
v 1.7935 1.2988 64.5554
v 1.7935 2.4988 65.0055
v 2.3935 -0.2012 64.4955
v 1.5756 -1.4012 63.1454
v 1.8912 -0.8012 63.7455
v 2.9935 -0.8012 64.7355
v 2.3935 -2.9012 63.2254
v 2.9965 -3.5012 63.4454
v 2.9584 21.9988 65.5454
v 1.7935 18.0518 65.5454
v 1.6992 16.2988 65.8454
v 2.3935 17.1988 66.2654
v 2.3935 18.6988 65.9454
v 2.9519 19.8988 66.1454
v 3.5935 18.0988 66.9454
v 2.9935 16.8988 66.7654
v 1.7935 15.3988 66.1155
v 1.1935 14.1988 65.7455
v 2.9935 14.7988 67.1355
v 1.4935 11.7988 66.2555
v 1.7754 12.9988 66.4454
v 2.9935 13.8988 67.2355
v 2.9935 12.6988 67.3354
v 1.1935 10.8988 65.9754
v 1.7935 10.5988 66.5354
v 0.4834 7.8988 64.9454
v 1.1935 9.0988 65.8855
v 1.7935 8.4988 66.3755
v 1.8303 6.6988 66.1454
v 1.7935 9.6988 66.4855
v 1.7935 5.3958 65.8454
v 1.7935 4.2988 65.5654
v 2.3935 2.7988 65.6454
v 2.3935 4.2988 66.0754
v 2.9935 3.3988 66.2654
v 2.9935 2.4988 65.9855
v 2.9935 4.5988 66.5854
v 3.0310 9.3988 67.3454
v 5.0396 -8.0012 38.2455
v 5.0935 -8.9012 37.1355
v 3.8935 -10.1012 37.4154
v 5.6490 -8.3012 37.0454
v 2.9935 -10.9362 37.6454
v 2.9935 -11.0012 37.5854
v 2.6935 -11.6012 37.4254
v 4.4935 -14.0012 37.3054
v 7.8014 -31.1012 36.1454
v 5.3935 -32.4402 37.0454
v 3.7403 -31.4012 37.6454
v 4.7935 -32.1862 38.2455
v 5.6935 -32.7492 37.9454
v 3.8935 21.3988 39.9754
v 5.3935 22.5988 41.0454
v 6.2935 16.2988 39.6854
v 7.7935 17.1988 40.2754
v 4.4935 12.3988 39.5754
v 7.7935 11.1988 40.0055
v 8.9935 12.3988 40.0754
v 4.1935 9.9988 40.4654
v 4.4935 10.5988 40.1355
v 5.9935 11.1988 39.9054
v 4.7935 9.9988 40.3755
v 4.7935 9.3988 40.6954
v 5.6935 -6.5422 39.1454
v 4.7935 -32.1492 40.0454
v 4.7935 -32.0602 40.6454
v 4.4935 27.3835 43.3454
v 4.1935 24.9985 41.5954
v 5.0935 25.5985 42.4654
v 4.4935 7.9948 41.8454
v 5.6935 7.5988 41.7954
v 6.7114 -3.2012 41.5454
v 5.7741 -4.4012 41.2455
v 4.7935 -3.7902 42.4454
v 3.8748 -5.3012 42.1454
v 3.5712 -30.8012 42.1454
v 4.3836 -31.1012 42.7455
v 5.9394 -32.3012 42.1454
v 5.6935 -32.5382 40.9454
v 3.2935 29.1985 44.0854
v 3.2935 30.3587 45.4454
v 4.1935 29.1774 44.8454
v 3.8935 27.9985 43.4254
v 5.5130 28.5985 45.4454
v 4.7935 6.1668 44.2455
v 4.4935 5.8478 45.4454
v 6.2935 6.2598 43.0454
v 3.2935 2.4988 45.7355
v 4.8585 0.9988 44.5454
v 5.0935 -0.8012 43.8154
v 3.8935 4.3788 45.7455
v 5.6935 2.1988 44.5055
v 4.1935 -1.1012 44.1854
v 4.1935 -2.3462 43.6454
v 6.2935 -1.4012 42.9154
v 6.5935 0.3988 43.5954
v 4.1935 -30.6542 43.3454
v 4.1935 -29.6552 44.8454
v 4.7935 -31.0522 43.3454
v 5.3935 -30.5012 44.7754
v 3.8935 30.9306 47.2455
v 4.6468 30.3985 47.2455
v 2.9935 5.1988 46.4054
v 3.8935 5.7988 45.9654
v 2.9935 3.6988 46.1454
v 2.9935 -27.2012 46.4955
v 3.5935 -28.1012 46.1155
v 3.5935 -26.0572 48.1454
v 4.1935 -27.2012 47.5254
v 4.7935 -27.8012 47.3954
v 4.7935 -27.2012 47.9654
v 5.0935 -29.3012 46.0354
v 5.0219 30.6985 49.0454
v 4.1935 -23.9012 50.4955
v 4.1935 -25.4012 49.1854
v 2.8633 32.1985 51.4454
v 4.0949 31.2985 52.6454
v 4.7298 30.9985 52.0454
v 5.0935 30.8556 50.8454
v 4.1935 -22.3982 51.7455
v 5.0935 -22.7012 52.0454
v 5.9935 -26.6012 49.2154
v 3.6727 30.9985 54.4454
v 4.7935 30.6985 53.3454
v 4.4935 30.5247 54.4454
v 5.2271 32.1985 55.3454
v 5.6209 32.1985 54.1454
v 3.5935 -19.7012 53.5154
v 4.6928 31.5985 56.8454
v 5.3771 32.7985 56.8454
v 5.3678 32.7985 57.4454
v 3.5935 29.9743 56.2455
v 3.7271 29.7985 57.4454
v 4.3459 30.9985 57.4454
v 3.5935 -13.4012 58.0654
v 4.7935 -15.2012 57.7054
v 4.5521 31.2985 58.3454
v 5.3935 32.6367 58.9454
v 4.4935 30.9059 59.5454
v 3.4740 29.1985 58.6454
v 4.1303 30.3985 58.9454
v 2.8834 27.6985 59.8454
v 4.7935 -13.1012 59.1954
v 5.3935 -11.0012 60.9454
v 3.9053 29.4985 60.4454
v 4.3881 29.1985 62.5454
v 4.7935 30.1562 62.2455
v 4.0740 29.1985 61.6454
v 4.7935 31.0107 60.7455
v 5.3935 32.3919 59.8454
v 5.3115 31.5985 61.3454
v 5.6537 31.5985 62.2455
v 3.1365 27.3985 61.6454
v 4.1935 -7.9642 61.9454
v 4.8287 29.4985 63.1454
v 3.8443 27.6985 63.1454
v 3.2935 26.8688 62.8454
v 4.6834 27.0985 64.9454
v 5.3935 28.3173 64.9454
v 3.6240 25.8985 64.3454
v 3.0092 -2.3012 64.0454
v 4.1935 -4.4012 63.8655
v 4.1935 -3.2012 64.4654
v 5.0935 -3.5012 64.8254
v 5.3935 -7.1012 63.1854
v 4.7724 26.1985 65.5454
v 4.7935 25.2985 65.9654
v 5.3935 25.8985 66.1954
v 3.5935 22.8985 65.8254
v 3.5935 21.3988 66.2854
v 5.3935 23.4985 66.9855
v 4.7935 21.3988 67.1155
v 4.7935 18.0988 67.6355
v 5.9935 20.4988 67.8655
v 3.5935 16.5988 67.2054
v 4.7935 16.8988 67.8054
v 2.9935 6.6988 67.0154
v 3.2030 6.3988 67.0454
v 4.7935 2.4988 66.9654
v 4.7935 3.3988 67.2154
v 2.9935 0.9988 65.4654
v 3.5935 0.3988 65.6454
v 4.7935 1.5988 66.6954
v 4.7935 0.0168 66.1454
v 5.4721 1.8988 67.0454
v 4.1935 -0.2012 65.7654
v 4.7935 -1.4012 65.6055
v 4.5585 14.7988 67.9454
v 5.6935 15.3988 68.3655
v 5.3935 13.5988 68.3755
v 2.9935 10.2988 67.3655
v 5.6935 12.3988 68.5154
v 4.7935 10.8988 68.2154
v 4.7935 9.9988 68.1954
v 2.9935 8.1988 67.2154
v 4.4935 7.2988 67.8555
v 4.1935 5.7988 67.4955
v 4.4935 6.3988 67.7154
v 4.7935 5.3948 67.6454
v 4.1935 3.9988 67.1055
v 7.1490 -7.1012 36.4454
v 7.7935 -6.0822 37.0454
v 7.7935 -6.8012 35.9855
v 12.5935 -8.3012 34.8555
v 6.2935 -7.1042 37.6454
v 6.2935 -8.0012 36.4955
v 5.6935 -32.3012 36.7854
v 6.5935 -33.3112 37.9454
v 7.1935 -33.6402 37.6454
v 6.2935 9.3988 40.5154
v 7.4935 9.9988 40.2555
v 9.2935 9.9988 40.3755
v 7.1935 8.7988 40.7254
v 7.7935 -4.1882 39.7455
v 5.6935 -32.6502 40.3454
v 6.8935 -33.4002 39.7455
v 7.7935 -33.7902 40.0454
v 7.1935 -33.3072 40.9454
v 5.3935 8.1988 41.3755
v 7.4935 7.5988 41.3855
v 7.1935 5.9508 43.0454
v 7.1935 -0.8012 42.7854
v 6.5935 -2.6012 42.0654
v 8.9935 0.4938 42.7455
v 7.4935 -2.3012 41.7455
v 10.1935 -2.7162 39.7455
v 6.2935 -31.9002 43.3454
v 7.1935 -33.0212 41.8454
v 7.4935 -32.4492 43.3454
v 8.6935 -34.0002 40.6454
v 7.7935 -33.3772 41.5454
v 5.9935 27.6681 44.8454
v 6.9463 26.1985 44.2455
v 11.0935 24.3985 46.1554
v 11.0935 21.6988 43.7854
v 6.8935 5.2948 44.2455
v 6.5935 5.1988 44.6554
v 8.0935 5.2198 43.6454
v 8.0935 5.6598 43.0454
v 6.8935 4.2988 44.5554
v 6.2935 -30.8012 45.0354
v 5.6935 -30.2012 45.4054
v 7.1935 -30.2012 46.3254
v 7.1935 -31.1502 45.1454
v 5.3425 29.1985 46.0454
v 10.1935 25.5985 46.6454
v 9.6830 26.7985 47.8454
v 5.9935 -29.6012 46.3254
v 5.9666 -29.0012 46.9454
v 5.9935 -28.4182 47.5454
v 7.1935 -28.7362 47.8454
v 6.8935 29.4024 49.0454
v 7.1935 29.3649 49.9454
v 6.6774 29.7985 50.5454
v 8.4248 28.2985 49.0454
v 5.9935 -27.2012 48.6954
v 7.1935 -26.6012 49.7954
v 8.0935 -27.8592 49.0454
v 5.9935 30.2854 51.7455
v 8.4445 32.4985 50.8454
v 6.8935 -24.8012 51.2054
v 6.1084 33.3985 54.7455
v 8.3935 36.6948 54.1454
v 6.8490 34.8985 55.3454
v 7.1935 -16.1012 58.4054
v 7.2428 35.7985 57.4454
v 7.0740 35.4985 56.2455
v 6.0990 33.9985 57.1454
v 6.0053 33.6985 58.6454
v 6.5959 34.2985 59.8454
v 7.4256 35.4985 59.8454
v 6.8935 34.3685 60.7455
v 5.9935 -14.1022 59.2455
v 6.5935 -13.4012 60.0654
v 6.2935 -15.8012 58.1754
v 7.1935 -14.3012 59.7355
v 9.0822 -16.4012 58.9454
v 8.0935 -15.2012 59.4955
v 6.9615 33.9985 61.6454
v 7.4935 34.9145 61.3454
v 7.8099 35.7985 60.4454
v 7.7935 34.5985 62.5354
v 5.9631 33.0985 60.4454
v 6.5935 32.8619 62.5454
v 7.1935 33.6985 62.6055
v 5.3935 -9.5012 61.8555
v 6.5935 -11.0012 61.6155
v 6.5935 -9.5012 62.4955
v 7.7935 -10.7012 62.3354
v 7.7935 -11.6012 61.7954
v 7.8455 -13.7012 60.4454
v 6.0756 30.9985 63.7455
v 7.0693 33.0985 63.1454
v 7.0834 31.8985 64.3454
v 8.3935 32.7985 65.0954
v 6.5068 30.9985 64.3454
v 5.3935 -4.7012 64.4154
v 5.9935 -4.4012 64.8454
v 6.5935 -6.8012 63.9354
v 7.1935 -6.2012 64.4654
v 7.4935 -9.2012 63.0554
v 7.7935 29.9930 66.1454
v 6.5935 25.2985 67.1454
v 8.3935 27.9985 67.1954
v 6.5935 1.2988 67.2154
v 6.2935 -0.2012 66.6454
v 5.9935 -1.4012 66.1055
v 7.4935 -2.3012 66.2154
v 7.4935 -0.2012 66.9554
v 5.6935 -2.9012 65.3755
v 7.4935 -4.1012 65.4955
v 7.1935 23.1985 67.8755
v 8.9935 27.9985 67.4154
v 6.5935 21.9988 67.8755
v 7.7935 22.5988 68.1554
v 8.6935 23.7985 68.1954
v 7.1935 18.6988 68.4955
v 7.1935 15.9988 68.7254
v 6.8935 14.1988 68.7455
v 7.7935 13.8988 68.9354
v 5.6935 8.7988 68.3755
v 6.5935 10.5988 68.6954
v 7.4293 11.7988 68.8454
v 6.1205 6.6988 68.2455
v 8.3935 9.3988 68.8354
v 5.6935 5.7988 68.0154
v 7.1935 5.1988 68.2254
v 7.7935 6.0988 68.4254
v 5.9935 2.4988 67.3954
v 5.9935 3.9988 67.7455
v 7.1935 3.6988 67.9454
v 7.4935 2.1988 67.6454
v 7.4935 34.2985 119.4454
v 8.9935 33.9985 118.9454
v 6.8935 33.9985 119.6255
v 7.1935 33.6985 119.5654
v 6.5935 33.6985 119.7954
v 8.6935 -6.2012 35.7355
v 10.1935 -7.1012 35.4554
v 9.8935 -6.2012 35.4554
v 10.2509 -5.3012 35.5454
v 9.8935 -34.7012 35.4754
v 8.9935 -34.1012 35.7754
v 9.5935 -34.7742 35.8454
v 9.8935 -34.7842 35.5454
v 8.3935 -6.2012 36.0854
v 9.5935 -4.6292 37.3454
v 10.4935 -12.2012 35.5954
v 7.1858 -33.5012 36.4454
v 8.3935 -34.1012 36.0354
v 8.6982 -34.4012 37.0454
v 8.9935 -34.5492 37.9454
v 9.5935 -34.8302 37.0454
v 9.5935 -34.8072 37.9454
v 11.0935 13.8988 40.7154
v 9.8935 12.9988 40.2854
v 11.9935 15.3988 41.3555
v 8.9935 11.1988 40.1554
v 9.8935 11.1988 40.3054
v 9.8935 11.7988 40.2754
v 10.7935 12.3988 40.4855
v 10.4935 9.9988 40.5654
v 9.5935 8.7988 40.7555
v 9.8935 -2.0012 40.6954
v 10.7935 -3.4292 38.2455
v 8.9935 -34.4462 39.1454
v 9.8935 -34.4932 40.3454
v 9.8935 -34.8632 38.5454
v 10.4935 20.7988 42.7754
v 9.8935 18.6988 41.5554
v 8.9935 8.1988 40.9654
v 10.1935 8.1988 41.0254
v 8.6935 6.9988 41.6854
v 9.2935 5.7988 42.6155
v 9.2935 6.3988 42.0554
v 9.8935 6.9988 41.6155
v 10.1935 6.3988 42.0254
v 9.8935 5.7988 42.5654
v 9.5935 -0.8012 41.7954
v 8.9935 -33.6822 41.8454
v 8.6935 -33.2012 42.7455
v 8.7852 -32.9012 43.3454
v 10.4935 23.7985 45.0055
v 9.8935 4.5988 43.9855
v 8.0935 4.3238 44.2455
v 9.2935 3.0988 43.6754
v 11.3935 3.3988 43.4554
v 9.5935 -31.7222 45.4454
v 10.1935 -33.3962 43.0454
v 10.1935 -32.8612 43.9454
v 8.9935 27.6306 48.4454
v 8.9935 -30.0212 47.2455
v 8.3935 -29.6012 47.4654
v 8.6935 -31.0002 46.0454
v 9.2935 -29.3012 48.0654
v 9.8935 -29.6882 47.8454
v 10.1935 -30.5932 46.9454
v 10.7935 34.2985 49.8655
v 8.9935 31.5985 50.0354
v 10.1935 31.2985 49.2154
v 9.8935 26.7985 48.0354
v 8.3935 -25.1012 51.5454
v 8.9935 -28.4012 48.8655
v 8.9935 -27.2092 49.9454
v 10.1935 -27.8922 49.6454
v 9.2209 36.9985 52.9454
v 9.8935 36.3985 51.6355
v 8.9935 -17.3012 58.1954
v 10.1935 -25.4012 51.8354
v 9.5021 38.7985 55.0454
v 15.9334 46.5985 52.3454
v 9.7834 38.7985 54.1454
v 8.2646 36.9985 55.0454
v 8.7615 37.5985 54.7455
v 9.1834 37.8985 54.1454
v 15.7646 45.9985 51.7455
v 9.2935 38.7692 56.2455
v 8.0490 36.9985 56.2455
v 8.0935 37.0344 57.7455
v 8.6490 37.8985 56.5454
v 8.7053 37.8985 57.7455
v 9.6146 39.0985 57.7455
v 9.8935 39.5341 57.1454
v 9.3381 38.1985 59.5454
v 10.1935 39.3985 59.1255
v 9.9803 39.3985 58.3454
v 8.7803 37.5985 59.2455
v 8.8271 37.2985 60.1454
v 8.9935 -14.6012 60.2555
v 9.8935 -17.0012 58.7455
v 10.1935 -16.4012 59.3054
v 8.7474 36.3985 61.6454
v 10.1935 38.4985 61.0354
v 10.1935 37.6926 62.2455
v 8.6935 -13.4012 60.9855
v 9.5935 -12.2012 62.0354
v 10.7935 -14.6372 60.7455
v 7.7068 33.9985 63.1454
v 8.9935 33.9985 64.7355
v 8.9935 34.7591 64.0454
v 10.2287 36.6985 63.4454
v 10.4935 36.3985 64.0354
v 8.1685 -7.1012 64.3454
v 9.5935 -8.3012 64.1454
v 9.2935 -7.4012 64.4955
v 8.3935 -9.8012 63.0454
v 9.4019 -10.7012 62.8454
v 10.7614 -10.7012 63.1454
v 8.3935 31.5985 65.8054
v 8.9935 32.7985 65.5454
v 8.9935 31.8985 66.0154
v 9.5362 32.7985 65.8454
v 10.1935 31.8985 66.5854
v 11.3935 33.6985 66.2854
v 8.9935 30.6985 66.5154
v 8.3935 -0.3802 67.0454
v 8.9935 -1.4012 66.8054
v 8.3935 -3.2012 66.0754
v 9.2935 -0.2012 67.2054
v 10.1935 -1.4012 66.8954
v 10.1935 -3.2012 66.3154
v 9.5935 -4.7012 65.7054
v 10.7935 -4.4012 65.9354
v 10.1935 -6.8012 64.9254
v 9.8935 22.5988 68.6055
v 10.7935 25.5985 68.3254
v 11.9935 24.6985 68.5654
v 10.7935 20.1988 68.9154
v 9.8935 15.3988 69.0854
v 8.6935 12.9988 69.0354
v 10.4935 12.9988 69.0354
v 11.0935 8.4988 68.6854
v 8.9935 5.7988 68.4554
v 8.6935 3.3988 68.0454
v 10.1935 3.9988 68.1754
v 8.3935 1.5988 67.6055
v 8.9935 2.4988 67.8755
v 9.5935 1.5988 67.6954
v 10.7935 2.4988 67.8755
v 12.1178 -18.8012 73.9454
v 8.0935 -23.8232 75.7455
v 18.5935 -10.9942 71.2455
v 8.5210 -23.6012 76.6454
v 8.6350 -23.6012 74.8454
v 12.2935 -19.3352 72.7455
v 12.2935 -20.3012 72.5754
v 8.3935 -24.5012 74.7854
v 8.6725 -25.1012 74.8454
v 9.2935 -24.4802 76.9454
v 9.8935 -24.8012 74.3154
v 9.8394 -24.8012 76.9454
v 10.1935 -25.1792 76.6454
v 9.2935 -23.2872 76.9454
v 11.6935 -20.6012 75.9554
v 11.9935 -20.9012 76.1954
v 8.6935 33.6985 119.0554
v 10.4935 33.0985 118.4054
v 10.1935 32.3696 119.5454
v 11.3935 -4.7012 35.6255
v 11.9935 -5.0012 34.7054
v 12.8935 -5.3012 34.5854
v 18.2935 -17.9012 33.2254
v 12.5935 -35.6012 34.7054
v 11.7455 -35.6012 34.9454
v 12.5410 -3.5012 37.0454
v 10.1935 -35.0832 37.3454
v 11.3935 -35.4252 37.9454
v 11.3935 -35.5192 37.0454
v 10.7935 11.1988 40.5055
v 11.6935 9.9988 40.8154
v 12.5935 -1.3102 40.3454
v 10.1935 -34.8682 39.1454
v 11.3935 -35.0362 39.7455
v 10.4935 19.5988 42.1954
v 11.3935 19.2988 42.5754
v 10.7935 17.1988 41.4154
v 11.0935 18.3988 42.0154
v 12.8935 17.1988 42.3655
v 12.5935 15.9988 41.7854
v 13.7935 13.5988 41.6255
v 13.2873 12.3988 41.2455
v 11.9935 10.5988 40.8254
v 11.6935 8.1578 41.2455
v 11.3935 6.3988 42.1355
v 11.6935 5.7138 42.7455
v 11.3935 4.8388 43.6454
v 11.9935 1.5988 42.6255
v 11.0935 0.3988 42.1255
v 12.2935 2.7988 43.1654
v 11.1610 -0.8012 41.2455
v 10.7935 -34.4012 41.2054
v 11.6935 -33.9072 42.4454
v 11.3935 -33.3772 43.3454
v 11.9935 -34.8022 40.6454
v 11.9935 -34.4082 41.5454
v 11.9935 21.3988 44.1954
v 12.2935 22.5858 45.4454
v 11.4043 20.7988 43.3454
v 11.3935 -31.7602 45.7455
v 10.4935 -31.6612 45.7455
v 12.5935 -32.6012 44.6055
v 12.2935 30.3985 48.1255
v 11.6935 25.0360 47.2455
v 12.2935 24.0649 46.9454
v 11.0935 -30.5012 47.2154
v 11.6935 -29.9972 47.8454
v 11.9935 -30.5602 47.2455
v 13.1935 -31.7602 45.7455
v 10.7935 35.2851 50.2455
v 15.8935 40.5985 48.2754
v 15.2935 37.5985 47.9955
v 12.5935 34.2985 48.7954
v 11.3935 -27.8282 49.9454
v 10.7935 -29.0012 48.7254
v 16.1935 45.0985 50.1554
v 13.7935 -20.6012 56.5954
v 15.2021 45.9985 53.5454
v 13.4935 43.8715 57.1454
v 10.7935 -19.4012 57.0154
v 12.8935 -18.3602 58.3454
v 11.3935 -16.7012 59.3755
v 10.7935 -15.5012 60.1355
v 13.1935 -17.6012 59.0154
v 12.2935 -16.4012 59.7954
v 13.0131 42.6985 58.9454
v 12.5935 41.2403 60.7455
v 11.3631 39.3985 61.6454
v 12.2935 39.8743 62.2455
v 10.7935 -12.8012 61.9454
v 11.3935 -13.9382 61.3454
v 12.5935 -13.4012 61.8655
v 12.8935 -15.5012 60.5354
v 11.3935 37.8985 63.4354
v 10.7935 36.0985 64.5354
v 12.2935 38.1985 63.9654
v 11.9935 36.6985 64.8755
v 10.4935 -8.9012 64.0254
v 11.0935 -8.3012 64.3855
v 11.6935 -9.2012 64.0354
v 12.5935 -8.0012 64.6055
v 11.9935 -11.6012 62.8354
v 11.9935 -10.7012 63.3154
v 13.4935 -11.3012 63.0954
v 13.1935 -10.4012 63.5354
v 13.1935 -12.2012 62.6055
v 11.9935 35.1985 65.7754
v 13.1935 36.0985 65.7455
v 10.7935 35.1985 65.1554
v 10.7541 30.9985 67.0454
v 11.9935 -4.4012 65.9554
v 11.6935 -1.9042 66.7455
v 13.1935 -3.5012 66.1654
v 12.5935 -1.1012 66.9054
v 11.3935 0.0988 67.3054
v 10.4935 -5.6012 65.4654
v 11.3935 -5.5352 65.5454
v 13.4935 -5.9012 65.3655
v 11.3935 30.0985 67.4354
v 13.7935 29.1985 67.8755
v 12.8935 25.5985 68.4955
v 11.9935 21.0988 68.9054
v 13.4935 19.2988 68.9354
v 13.1935 20.7988 68.8855
v 11.6935 17.7988 69.0554
v 13.4935 16.2988 68.8954
v 12.5935 12.6988 68.7654
v 13.1935 8.1988 68.3454
v 11.9935 4.5988 68.1155
v 11.9935 6.3988 68.3354
v 13.7935 6.3988 68.0055
v 12.2935 3.0988 67.8354
v 12.2935 0.6988 67.3655
v 11.6935 -21.9102 73.0454
v 10.7935 -24.2012 74.0154
v 13.1935 -21.8012 72.9454
v 9.8935 -25.4012 74.6554
v 13.7935 -17.3132 74.2455
v 11.3935 -24.8012 74.5654
v 11.0935 -24.7752 76.6454
v 11.3935 -25.1742 75.1454
v 11.3804 -25.1012 76.0454
v 11.4099 -24.8012 76.3454
v 15.2935 -20.0012 72.3555
v 15.5935 -20.1962 72.7455
v 10.7748 -23.0012 76.9454
v 10.1935 -25.0052 76.9454
v 12.5935 34.2985 117.5354
v 10.7935 35.7212 119.8454
v 14.9935 31.5587 116.8454
v 12.8935 33.6985 117.1255
v 15.8935 31.5985 115.9955
v 14.9935 31.3899 117.4454
v 13.7935 -3.9542 35.8454
v 14.0935 -5.0012 34.0954
v 14.3935 -4.4602 34.9454
v 22.7935 -12.5012 31.7754
v 13.4935 -35.6012 34.4454
v 14.6935 -35.6012 34.0954
v 12.8935 -35.9742 34.9454
v 14.3935 -36.1152 34.9454
v 14.3935 -36.0822 35.5454
v 13.1935 -35.9272 36.7455
v 13.1935 -35.7352 37.9454
v 14.3935 -35.9012 36.9754
v 14.3935 -35.6792 37.9454
v 14.3935 -0.7512 40.6454
v 13.4935 -1.8542 39.4454
v 12.8935 -0.2012 41.3454
v 13.1935 -35.2002 39.7455
v 14.0935 -34.9902 40.0454
v 14.6935 17.7988 43.5754
v 14.6935 16.8988 43.1355
v 13.7935 15.9988 42.3154
v 14.0935 14.7988 42.0454
v 14.0935 12.3988 41.5754
v 15.2935 12.9988 42.2455
v 13.7935 11.1988 41.4054
v 12.8935 9.9988 41.1454
v 14.0935 9.9988 41.6155
v 14.0668 10.5988 41.5454
v 14.6935 10.5988 41.8454
v 14.9935 9.9988 42.0454
v 12.8935 8.1988 41.5654
v 13.0231 7.5988 41.8454
v 14.0935 7.5988 42.2754
v 13.0123 6.9988 42.1454
v 12.8935 5.7988 42.9654
v 14.0935 6.9988 42.5754
v 13.4935 1.5988 42.5055
v 14.0935 0.3988 41.6954
v 15.5935 0.0988 41.4554
v 13.1935 -34.3992 41.5454
v 13.4935 -33.5012 43.0954
v 14.6935 -34.5862 40.6454
v 14.6935 -33.9822 41.8454
v 14.4185 -33.2012 43.3454
v 14.3935 19.5988 44.5055
v 14.3935 21.4248 46.0454
v 14.9935 20.1988 45.3954
v 15.2935 18.9988 44.6854
v 14.0935 5.7988 43.4454
v 12.8935 4.8988 43.8954
v 14.6935 6.3988 43.2654
v 14.9935 3.0988 43.3454
v 13.1935 -33.1992 43.6454
v 14.3935 -31.5822 45.7455
v 14.0935 33.3985 47.9754
v 16.4935 33.6985 47.2654
v 15.2935 31.2985 47.4654
v 14.3935 28.8985 47.4154
v 16.4935 28.8985 47.2154
v 14.0935 24.9985 46.9654
v 16.1935 24.3985 46.8855
v 13.1935 -30.0162 47.8454
v 13.1935 -30.5012 47.3054
v 13.1935 -31.0522 46.6454
v 14.9935 -30.8012 46.5554
v 14.3935 -29.5802 48.1454
v 13.1935 39.8142 50.2455
v 14.6935 -26.6362 51.1454
v 13.1935 -26.0292 51.7455
v 15.5935 -27.6492 49.9454
v 13.7935 -28.7012 49.1654
v 15.8865 45.6985 51.1454
v 17.5646 45.9985 49.0454
v 14.3935 -23.3012 54.2754
v 14.6935 -25.4012 52.3354
v 13.4303 43.8985 55.0454
v 14.6396 45.3985 54.4454
v 14.1334 44.7985 55.3454
v 13.6318 43.8985 57.7455
v 14.1896 44.7985 56.5454
v 14.3959 45.0985 55.9454
v 14.3865 44.7985 57.7455
v 15.1975 45.6985 57.7455
v 14.3935 -18.8012 58.1754
v 14.6935 -21.2012 56.1454
v 15.2935 -22.7012 54.8054
v 15.0709 45.0985 58.9454
v 13.1935 -16.4012 59.9254
v 14.3935 -17.0012 59.5654
v 15.5935 45.1056 59.8454
v 14.3935 42.6985 61.2654
v 15.5935 42.9985 62.0954
v 13.7935 40.8985 62.6454
v 13.1935 -14.0012 61.5454
v 13.7935 -13.4012 61.9354
v 14.3935 -12.8012 62.2654
v 14.3935 -14.0012 61.5754
v 13.1935 -14.6012 61.1654
v 14.3935 -14.6012 61.1954
v 14.9935 -15.8012 60.3755
v 14.9935 41.1985 63.2355
v 12.8935 39.0985 63.6255
v 14.0935 39.9985 63.7154
v 13.1935 38.4510 64.3454
v 14.3935 39.3867 64.3454
v 14.3935 -8.9012 64.1454
v 14.3935 -8.0012 64.5055
v 13.7935 -8.5492 64.3454
v 13.7935 -9.5012 63.9454
v 14.3935 -10.4012 63.4955
v 14.3935 -11.6012 62.9154
v 14.9935 36.9985 65.7654
v 13.4935 34.8985 66.3154
v 14.6935 35.7985 66.1754
v 14.3935 33.9985 66.7054
v 13.1935 0.0988 67.1155
v 14.3935 0.0988 66.8855
v 13.7935 0.9988 67.2054
v 14.0935 -2.9012 66.2154
v 16.1935 -2.3012 65.8354
v 16.1935 -3.8012 65.4454
v 14.3769 -5.0012 65.5454
v 13.7935 -7.1012 64.9054
v 15.5935 -5.9012 64.9955
v 16.1935 31.5985 67.1854
v 14.3935 25.2985 68.4254
v 14.3935 24.0685 68.5454
v 15.5935 21.6988 68.4855
v 14.3935 21.3988 68.7254
v 14.9935 20.1988 68.6754
v 14.3935 14.4988 68.5954
v 15.8935 12.3988 67.8855
v 14.3935 9.0988 68.1355
v 13.1935 5.7988 68.0554
v 14.0935 5.7988 67.8755
v 15.1293 6.3988 67.6454
v 13.4935 3.3988 67.6854
v 13.4935 2.4988 67.5354
v 14.6935 3.3988 67.4054
v 14.6935 2.4988 67.2654
v 15.2935 0.9988 66.8254
v 16.0318 -14.0012 71.5454
v 13.0506 -18.2012 72.4454
v 14.3935 -16.9262 71.5454
v 15.2935 -17.3012 71.0154
v 13.1935 -21.2012 72.6155
v 16.0788 -18.5012 71.5454
v 13.4935 -18.5712 75.1454
v 14.0935 -18.8012 75.3755
v 13.4935 -19.1012 75.4654
v 14.6935 -17.0012 74.4855
v 15.6896 -20.3012 74.2455
v 13.4935 34.8985 117.7555
v 14.9935 33.9985 116.4154
v 14.9935 33.3985 116.0754
v 14.0935 35.2056 118.0454
v 16.4935 32.4985 115.2154
v 13.4935 35.3087 118.3454
v 13.7935 35.5477 118.9454
v 14.3935 35.3556 118.3454
v 14.0935 35.5524 119.8454
v 15.2935 -3.7292 36.1454
v 15.5935 -5.3012 33.7754
v 15.5935 -5.6012 33.8254
v 16.7935 -3.8692 36.1454
v 17.0935 -5.8472 33.4454
v 17.6935 -6.5012 33.1854
v 17.9935 -3.9162 36.4454
v 20.6935 -32.3012 32.4054
v 16.4935 -35.6012 33.5554
v 17.3935 -35.3012 33.2954
v 16.8804 -35.6012 33.4454
v 15.5935 -35.9552 35.5454
v 16.4935 -2.5102 38.2455
v 15.5935 -35.4302 37.9454
v 17.3935 -35.4402 35.2455
v 16.1935 -35.5052 37.0454
v 17.3935 -34.8962 37.3454
v 15.2935 -1.7042 39.4454
v 16.7935 -1.1012 40.3154
v 15.5935 -34.9902 39.1454
v 15.8935 -34.4742 40.0454
v 17.0935 -34.4692 38.8454
v 15.9328 14.7988 43.0454
v 15.8935 13.7768 42.7455
v 15.8935 12.3988 42.5154
v 15.2935 11.7988 42.1355
v 15.8935 9.6988 42.6155
v 15.8107 10.5988 42.4454
v 15.8935 8.1398 43.0454
v 16.4935 8.7988 43.2355
v 17.0935 10.5988 43.3354
v 16.7935 2.4988 43.3154
v 17.9935 1.5988 43.0454
v 17.9519 -0.2012 41.5454
v 16.1935 -33.0962 42.4454
v 15.5935 -32.8292 43.3454
v 17.0935 -33.0962 41.5454
v 16.1935 -33.9072 40.9454
v 17.3935 -32.2052 42.7455
v 17.3935 -33.5412 40.3454
v 15.8935 18.3988 44.7154
v 15.8935 17.7988 44.3454
v 15.9241 18.9988 45.1454
v 17.0935 17.1988 44.9754
v 15.3198 16.5988 43.3454
v 15.8935 15.9988 43.4554
v 16.4935 14.7988 43.4254
v 17.0935 15.3988 44.0954
v 17.0935 15.9988 44.3454
v 17.3935 16.5988 44.9054
v 16.4935 14.1988 43.2455
v 17.0935 13.5988 43.5454
v 17.0935 11.7988 43.3054
v 15.8935 7.4798 43.3454
v 17.0935 9.3988 43.5254
v 17.0935 8.1988 43.9554
v 15.8935 6.9498 43.6454
v 15.8265 5.7988 44.5454
v 16.4935 5.4988 44.6454
v 16.4935 6.0988 44.8254
v 17.0935 6.9988 44.6355
v 17.3935 5.4988 44.9154
v 16.4935 3.6988 43.8954
v 17.9860 2.4988 43.6454
v 17.0935 4.8988 44.5954
v 15.5935 -31.8682 44.8454
v 16.7935 -31.6752 44.2455
v 17.3935 -31.4832 43.9454
v 17.3935 -30.7152 45.1454
v 16.1935 35.7985 47.4154
v 17.6935 36.0985 46.8954
v 17.0935 30.9985 47.1954
v 17.3935 23.1985 46.9254
v 15.2935 21.0988 46.5055
v 16.1935 20.4988 46.5454
v 15.5935 20.1988 45.8855
v 16.7935 19.5988 46.4554
v 17.0900 19.5988 46.6454
v 17.3935 18.3988 46.0554
v 15.5935 -31.0102 46.0454
v 15.5935 -30.0402 47.2455
v 17.3935 -30.2882 45.7455
v 17.0935 -30.0302 46.3454
v 19.3506 46.2985 47.2455
v 16.1935 42.6466 48.7455
v 16.7935 -26.9552 50.2455
v 17.3935 -27.4242 49.3454
v 15.6428 46.5985 54.1454
v 16.8521 47.7985 52.3454
v 16.1935 -25.1012 52.3954
v 17.9935 -24.6212 52.0454
v 17.6935 48.9530 53.5454
v 16.1935 47.2477 54.4454
v 15.5935 -23.3012 54.2355
v 16.1935 -22.9682 54.4454
v 16.1935 -24.2012 53.2754
v 16.1935 -21.8012 55.5254
v 17.3935 -22.8692 54.1454
v 16.0740 46.8985 56.5454
v 15.6756 46.2985 57.4454
v 18.0709 49.2985 54.4454
v 15.8935 -19.9982 57.1454
v 16.7935 -20.9012 56.1754
v 17.4421 -21.2012 55.6454
v 17.3935 -20.5432 56.2455
v 17.3935 -19.0592 57.4454
v 16.7935 46.8985 58.8454
v 16.2492 46.5985 58.3454
v 17.3935 47.9181 57.7455
v 17.1856 47.4985 58.3454
v 16.7935 -16.1012 59.7555
v 17.3935 -15.9782 59.5454
v 17.3935 -14.5502 60.4454
v 15.5935 -17.0012 59.4754
v 15.5935 -19.1012 57.9154
v 16.7935 -17.9012 58.5354
v 17.3935 -17.6012 58.4855
v 15.5935 44.1985 60.9454
v 16.1935 45.2274 60.4454
v 16.1935 44.1985 61.4955
v 17.3935 46.2493 60.4454
v 17.3935 44.7985 61.7754
v 15.5935 -14.0012 61.4254
v 15.5935 -13.1012 61.9554
v 16.7935 -13.4012 61.4254
v 17.3935 -12.8012 61.4955
v 15.5935 -15.5012 60.4855
v 16.1935 41.7985 63.3755
v 16.1935 40.5985 64.1954
v 16.7935 40.5985 64.3254
v 15.8935 39.0985 64.9654
v 17.0935 39.9985 64.6754
v 16.7935 -7.1012 64.2154
v 17.9935 -5.9242 64.0454
v 15.5828 -8.6012 64.0454
v 16.1935 -6.8012 64.5354
v 16.7935 -9.8012 63.2054
v 17.3935 -8.6012 63.4154
v 17.3935 -8.0012 63.6454
v 15.5935 -11.3012 62.8954
v 16.1935 -11.3012 62.7455
v 17.3935 -11.6012 62.1255
v 15.7060 36.9985 65.8454
v 16.7935 36.3985 66.0354
v 15.5935 33.9985 66.7054
v 17.0935 35.4985 66.2455
v 17.9935 37.5985 65.5454
v 19.7935 36.3985 65.4154
v 17.6935 30.2635 67.0454
v 18.2935 6.6988 66.4855
v 16.1935 9.6988 67.5954
v 16.9075 6.3988 67.0454
v 16.4935 5.7988 67.1454
v 16.2115 2.1988 66.7455
v 17.3935 2.4988 66.3454
v 16.1935 3.3988 66.9454
v 17.3935 4.5988 66.6654
v 18.2935 3.0988 66.0354
v 16.7935 0.9988 66.3154
v 15.8935 -0.5012 66.3454
v 17.0935 -0.2012 65.9654
v 17.3935 -4.1012 64.8954
v 15.8935 28.5985 67.7555
v 15.8935 25.5985 68.1355
v 17.3935 27.6985 67.5154
v 16.7935 24.3985 67.9855
v 18.5935 26.4985 67.1255
v 17.3935 21.3988 67.9554
v 15.8935 19.8988 68.4855
v 16.7935 20.1988 68.1954
v 15.2935 18.9988 68.6255
v 15.5935 17.4988 68.5354
v 17.6935 18.3988 67.8154
v 16.4935 19.2988 68.3054
v 17.3935 19.5988 67.9754
v 16.9032 15.9988 67.9454
v 18.8935 13.5988 66.7254
v 16.1007 6.3988 67.3454
v 17.0935 -12.8212 70.6454
v 17.4662 -12.2012 71.2455
v 17.6935 -13.4012 69.5954
v 15.8935 -15.5012 70.6155
v 17.0935 -15.8012 70.1654
v 19.4935 -14.6012 69.6355
v 19.2462 -15.5012 70.3454
v 17.0935 -18.2882 71.8454
v 15.2935 -16.1012 74.0354
v 15.8935 -16.2152 74.2455
v 18.2935 -13.4012 73.1754
v 16.1935 -16.7012 74.4454
v 16.7935 -18.8282 73.9454
v 17.0935 -18.2902 73.9454
v 16.7935 -18.2602 74.2455
v 15.5935 34.9806 117.4454
v 16.4935 33.9775 115.9454
v 15.5935 34.3618 116.5454
v 17.0935 34.8985 117.4254
v 20.3935 30.9985 112.7954
v 17.7392 33.3985 115.0454
v 16.1935 31.1509 116.5454
v 16.4935 31.0431 117.1454
v 16.7935 31.4696 118.3454
v 18.8935 30.2743 115.6454
v 18.8935 30.5415 116.5454
v 15.5935 35.3040 118.9454
v 17.3935 34.9102 117.7455
v 15.8935 34.8985 119.8154
v 17.1808 34.5985 119.2455
v 16.7935 31.9256 118.9454
v 17.3935 32.1985 119.0055
v 17.0935 32.4985 119.3354
v 18.2541 -6.5012 33.1454
v 17.9935 -6.8012 33.0854
v 18.2935 -6.8012 32.9254
v 19.1935 -5.9012 34.4654
v 21.5935 -31.1012 32.1454
v 19.1935 -34.4012 32.7954
v 19.1935 -34.6332 33.4454
v 18.5935 -35.0272 33.4454
v 19.8810 -34.1012 32.8454
v 19.1935 -4.5632 36.1454
v 20.3935 -5.3012 36.1055
v 18.5935 -34.8302 34.9454
v 18.5935 -34.5072 36.1454
v 19.7694 -34.1012 33.7455
v 19.1322 -1.1012 40.9454
v 17.9935 -34.6292 37.0454
v 18.2935 -34.5212 36.7455
v 18.5935 -33.9402 37.6454
v 19.4912 -32.6012 38.5454
v 18.2935 -33.2012 39.7154
v 18.2935 -32.3462 41.2455
v 19.4935 0.3988 42.6554
v 19.0382 1.8988 43.6454
v 20.3935 -0.2012 42.5754
v 19.3693 -29.6012 43.9454
v 19.4162 -30.8012 41.8454
v 19.9412 -29.0012 43.6454
v 18.8935 -31.7562 41.2455
v 17.9935 15.3988 44.9054
v 18.2935 14.4608 44.8454
v 18.2935 15.9288 45.4454
v 18.4506 12.3988 44.5454
v 18.6568 12.9988 44.8454
v 18.7412 12.3988 44.8454
v 18.2935 10.5988 44.4154
v 18.2935 9.9988 44.5254
v 18.7600 11.1988 44.8454
v 18.8725 9.9988 45.1454
v 17.9935 8.1988 44.8254
v 18.5935 8.1988 45.4955
v 19.2502 8.1988 46.3454
v 18.2935 5.2408 45.1454
v 20.1950 5.1988 46.0454
v 18.2935 3.6988 44.4654
v 19.7935 3.3988 44.9955
v 20.3935 1.5988 44.1255
v 18.5524 -29.3012 45.7455
v 19.3881 -29.0012 44.8454
v 20.8084 48.9985 46.9454
v 19.4935 44.7985 46.6055
v 18.2935 39.3985 46.6255
v 20.3935 42.9985 45.6754
v 19.1935 37.5985 46.3555
v 18.2935 34.5985 46.8354
v 17.3935 32.7985 47.1155
v 19.7935 33.9985 46.7254
v 18.5935 32.1985 47.0354
v 18.5935 29.4985 47.2054
v 19.7935 29.7985 47.2654
v 19.7935 32.1985 46.9855
v 17.9935 28.2985 47.1954
v 19.7935 27.0985 47.3954
v 21.5935 27.9985 47.7854
v 17.9935 21.9988 46.9654
v 19.7935 21.0988 47.4354
v 18.3761 18.3988 46.9454
v 19.2568 14.7988 46.0454
v 20.3935 14.7988 47.6255
v 19.5568 13.5988 46.0454
v 19.6506 12.9988 46.0454
v 19.5849 9.9988 46.0454
v 19.7537 11.7988 46.0454
v 19.7068 10.8988 46.0454
v 19.6673 8.7988 46.6454
v 19.7935 8.4988 46.7154
v 20.4212 6.6988 46.6454
v 19.9037 -28.1012 45.1454
v 19.1935 -28.4012 46.0454
v 19.7935 -26.0012 48.3755
v 18.8935 -26.7492 48.7455
v 19.4724 -25.4012 49.6454
v 18.5935 -25.5492 50.5454
v 17.8365 48.9985 52.3454
v 17.8459 48.6985 51.4454
v 19.0646 50.1985 51.4454
v 22.5615 53.1985 48.4454
v 18.6146 49.8985 52.3454
v 19.7771 51.0985 52.0454
v 19.4303 50.7985 52.9454
v 22.7935 53.7660 49.3454
v 19.4068 -23.6012 51.7455
v 18.6959 49.8985 54.7455
v 20.1927 51.3985 54.1454
v 19.4935 -20.7022 54.4454
v 18.8935 -20.7412 55.0454
v 19.1935 -21.3952 54.1454
v 17.9935 -22.1992 54.4454
v 19.4256 -23.0012 52.3454
v 18.5935 -22.3592 53.8454
v 19.6506 -21.8012 53.2455
v 17.9935 48.7571 56.8454
v 18.4893 49.2985 56.5454
v 18.5935 49.2118 57.1454
v 18.8935 -18.5012 56.8454
v 18.5935 48.8368 58.0454
v 19.1935 49.2985 58.0254
v 19.1935 48.9306 58.6454
v 19.7935 50.1985 57.1454
v 19.7935 49.7040 58.0454
v 17.6935 47.4352 59.2455
v 18.5935 47.7985 59.6454
v 17.9935 46.8985 60.2154
v 18.5935 -15.5012 59.1055
v 19.1791 -16.4012 58.0454
v 18.5935 -13.4012 60.3954
v 19.8769 -14.0012 58.9454
v 19.8756 -17.6012 56.5454
v 20.3935 -15.9482 57.1454
v 18.5935 46.8985 60.5954
v 18.5160 45.9985 61.3454
v 19.7935 46.5251 61.3454
v 19.1935 45.6985 61.8054
v 18.6035 44.7985 62.2455
v 19.7935 45.6985 61.9354
v 19.1935 -7.4012 62.7954
v 19.2714 -8.6012 62.2455
v 19.7935 -8.0012 62.0754
v 17.3935 -10.4012 62.6854
v 18.6654 -11.0012 61.6454
v 18.5935 -11.9012 61.2555
v 18.6425 -10.4012 61.9454
v 17.3935 -13.4012 61.1454
v 19.9169 -11.9012 60.1454
v 19.7935 -12.8012 59.7654
v 19.7935 44.7985 62.4754
v 19.1935 38.7985 65.0055
v 18.5935 -3.5012 64.4354
v 17.6935 -2.0012 65.2954
v 19.1935 -2.3012 64.3755
v 18.5935 -5.3012 63.9054
v 19.1935 -3.8012 63.9754
v 18.8935 -6.1132 63.4454
v 17.3935 -9.8012 62.9454
v 18.5935 -7.7012 63.0954
v 18.5935 36.6985 65.6654
v 19.1740 30.9985 66.4454
v 19.4935 28.5985 66.5454
v 19.7935 18.9988 66.6954
v 18.5935 19.5988 67.4154
v 19.7935 17.7988 66.6355
v 19.1935 15.9988 66.8254
v 18.5935 4.5988 66.1155
v 19.9820 6.3988 65.5454
v 19.7935 4.2988 65.4054
v 19.1935 2.1988 65.3954
v 17.9935 0.6988 65.7455
v 18.5935 1.5988 65.6155
v 19.1935 -0.2012 64.8954
v 19.7935 0.0988 64.5754
v 18.0244 -0.2012 65.5454
v 18.5935 22.8985 67.3954
v 18.5935 21.3988 67.4254
v 19.1935 20.4988 67.1055
v 20.3935 21.3988 66.3555
v 21.2935 -11.6012 67.8755
v 17.9935 -14.3012 69.4955
v 18.1787 -11.3012 70.6454
v 20.0935 -9.4782 68.5454
v 18.2935 -11.1992 70.9454
v 19.4935 -9.7282 70.3454
v 20.5365 -9.5012 67.9454
v 19.6302 -15.5012 70.6454
v 17.9935 -17.6012 71.8655
v 20.2506 -15.2012 71.2455
v 20.9935 -9.5012 71.5754
v 20.4197 -14.0012 72.4454
v 21.8935 -11.6012 71.8855
v 18.2935 32.7985 114.3755
v 20.3935 33.5040 114.1454
v 20.6935 31.5985 112.5854
v 20.0935 30.0118 113.8454
v 19.6096 30.6985 113.5454
v 19.7935 29.9181 114.7455
v 20.0935 33.9587 115.0454
v 19.4935 34.3524 116.2455
v 20.3935 34.1743 116.2455
v 18.5935 34.5212 118.0454
v 19.7935 30.3118 116.2455
v 20.1479 33.6985 117.7455
v 19.4935 31.3375 117.4454
v 21.8935 32.7985 116.9554
v 20.9935 31.8985 117.2154
v 19.7935 30.3985 118.0154
v 18.8935 29.7985 119.2154
v 20.9935 -9.2012 32.2954
v 20.0935 -7.9002 32.8454
v 20.9935 -9.8012 32.3254
v 21.2537 -8.0012 34.0454
v 21.5256 -8.9012 33.4454
v 21.5935 -10.4012 32.1454
v 21.5935 -10.1012 31.9554
v 21.5935 -15.8012 32.1854
v 23.9410 -23.6012 31.3454
v 21.1693 -32.6012 32.5454
v 20.5787 -33.2012 33.7455
v 21.3756 -32.0012 33.7455
v 21.2935 -5.6012 36.7054
v 21.2935 -6.8012 35.3855
v 22.0506 -25.7012 41.8454
v 21.3756 -30.5012 36.7455
v 22.0318 -30.5012 34.0454
v 21.0943 -32.0012 34.9454
v 20.3068 -33.2012 34.9454
v 21.5935 -31.4012 34.2054
v 20.0935 -32.6012 36.9955
v 19.7885 -4.4012 36.7455
v 20.9935 -1.4012 41.7054
v 21.7459 -5.0012 37.9454
v 21.2935 -24.8012 46.5554
v 20.4896 -30.5012 39.7455
v 20.1428 -31.4012 39.1454
v 22.9225 -1.7012 43.3454
v 21.8935 -23.9012 45.8855
v 21.5935 46.2985 45.2455
v 23.0935 46.5985 44.2054
v 22.7935 44.7985 44.4054
v 21.5935 42.6985 45.0754
v 20.9935 4.2988 46.1454
v 22.1935 1.5988 45.4754
v 21.5935 50.7985 47.1355
v 21.5935 48.0985 45.6754
v 24.2935 52.1041 44.2455
v 23.5787 49.8985 44.2455
v 21.5935 39.9985 45.3655
v 23.0935 40.5985 44.9054
v 21.5935 37.9885 45.7455
v 21.2935 33.0985 46.9054
v 22.7935 36.0985 46.1954
v 22.7935 32.4985 47.2854
v 22.7935 29.7985 47.9354
v 21.8935 25.2985 48.0254
v 21.2935 21.3988 48.0354
v 22.7686 24.9985 48.4454
v 20.9935 18.0988 47.9754
v 20.5881 12.9988 47.5454
v 20.6935 12.0988 47.5954
v 20.6935 10.8148 47.5454
v 21.8935 11.7988 48.3855
v 21.2935 10.8988 47.9154
v 21.1185 8.7988 47.5454
v 21.5935 7.5988 47.6155
v 22.2337 3.3988 46.6454
v 21.4506 -23.6012 47.8454
v 22.3459 52.5985 47.8454
v 23.3935 27.9985 48.4955
v 22.1935 19.5988 48.5854
v 22.7935 21.6988 48.8154
v 21.5935 14.7988 48.2854
v 22.7935 10.5988 48.9855
v 20.9068 -23.0012 49.9454
v 21.5818 -22.4012 49.0454
v 21.5256 -21.5012 50.2455
v 22.1537 -22.4012 47.2455
v 19.7935 -24.7592 49.9454
v 20.0725 -25.1012 49.0454
v 20.3935 -23.6262 50.2455
v 22.1935 53.3743 51.1454
v 21.2935 52.4837 52.9454
v 20.2787 -21.2012 52.9454
v 20.0818 -23.0012 51.4454
v 20.9912 -20.6012 52.3454
v 21.6100 -18.8012 52.9454
v 22.3131 -17.6012 52.6454
v 20.3935 51.4618 54.7455
v 21.6229 52.5985 53.8454
v 21.8935 52.4462 55.0454
v 22.7935 53.7587 52.3454
v 23.3935 53.8712 53.5454
v 21.1225 -18.5012 54.1454
v 21.6100 -17.9012 53.8454
v 21.2537 -17.6012 54.7455
v 20.3537 -18.8012 55.0454
v 20.8131 -20.0012 53.2455
v 20.0162 -20.0012 54.4454
v 20.3935 51.0985 55.9955
v 20.9935 50.7962 57.4454
v 21.5935 51.9985 55.7555
v 21.5935 51.7806 56.2455
v 21.5935 50.8853 57.7455
v 21.7224 -15.2012 55.9454
v 21.6287 -13.7012 57.1454
v 22.1935 -15.8012 54.6554
v 22.2662 -14.0012 55.9454
v 19.7935 49.0759 58.9454
v 20.3935 49.2985 59.0454
v 21.2935 49.7556 58.9454
v 21.5935 50.4118 58.3454
v 22.4935 50.1985 58.8655
v 22.7935 51.0540 58.0454
v 21.0943 -10.7012 59.5454
v 20.3935 -9.7562 60.7455
v 20.6725 -11.6012 59.5454
v 21.2935 -11.4032 58.9454
v 21.4506 -9.2012 59.8454
v 21.6756 -11.6012 58.3454
v 21.2935 -12.4532 58.3454
v 20.9935 -13.5382 58.0454
v 20.3935 48.0985 60.2555
v 21.5935 46.8709 61.3454
v 21.5935 45.9985 61.8655
v 22.7935 46.5985 61.4754
v 20.8974 -5.6012 61.9454
v 21.0287 -6.8012 61.3454
v 21.6381 -5.0012 61.3454
v 20.9935 -3.2012 62.6654
v 20.3935 -4.7012 62.7555
v 19.7935 -8.6012 61.8254
v 20.3935 -8.4202 61.3454
v 21.5935 43.5985 62.9955
v 22.7935 43.5985 62.7754
v 22.7935 42.0985 63.2154
v 22.4935 39.3985 63.8755
v 20.9935 7.2988 64.9354
v 22.1935 7.5988 63.9955
v 21.8935 12.3988 64.6155
v 21.6230 6.0988 64.3454
v 21.2935 4.8988 64.4454
v 21.9292 5.7988 64.0454
v 21.5935 4.2988 64.1055
v 21.2935 2.7988 64.0454
v 20.3935 2.1988 64.6155
v 20.9935 0.9988 63.8655
v 19.7935 -1.7012 64.1255
v 22.1935 1.4398 62.8454
v 19.7935 -2.6012 63.8755
v 19.7935 -4.4012 63.3555
v 22.1935 35.7985 64.4855
v 20.0935 33.3985 65.7154
v 21.8935 30.3985 65.0154
v 20.9935 30.3985 65.5954
v 21.5935 27.9985 65.4054
v 21.2935 20.1988 65.6754
v 22.2009 21.0988 64.9454
v 21.8935 18.9988 65.1355
v 20.3935 15.6988 66.0254
v 21.5485 16.5988 65.2455
v 22.4935 14.7988 64.2754
v 22.1935 17.4988 64.7654
v 23.1193 15.9988 63.7455
v 20.3935 12.9988 65.7455
v 20.7849 -8.0012 69.1454
v 21.5396 -7.1012 68.2455
v 21.0521 -7.7012 69.4454
v 22.7935 -6.5012 66.1255
v 21.8935 -6.5622 68.5454
v 23.0935 -7.1012 65.7954
v 22.2334 -6.5012 67.0454
v 23.1709 -5.0012 68.5454
v 20.6935 -11.0012 67.7954
v 20.3412 -10.7012 67.9454
v 21.2133 -9.8012 67.3454
v 21.2935 -13.1012 68.7754
v 20.9935 -13.1252 68.8454
v 21.3546 -14.0012 69.4454
v 21.0334 -23.0012 68.5454
v 21.5303 -20.9012 68.8454
v 21.6550 -21.2012 68.2455
v 20.9678 -23.0012 68.8454
v 21.2115 -23.0012 68.2455
v 21.5935 -23.6012 67.9554
v 21.0615 -23.6012 68.5454
v 21.0100 -23.6012 68.8454
v 21.5935 -7.4132 70.0454
v 21.8935 -8.6152 71.2455
v 21.5935 -9.8012 71.7654
v 20.3935 -14.0472 69.4454
v 20.3935 -14.5992 70.0454
v 21.5935 -14.0012 70.7654
v 21.2935 -14.0692 71.2455
v 22.0706 -13.7012 70.6454
v 21.7600 -13.1012 71.5454
v 21.8935 -23.0012 69.9154
v 21.8935 -23.6012 69.8954
v 22.7935 -11.3012 71.3154
v 22.1935 32.1985 111.9855
v 22.8569 31.5985 111.1454
v 21.5935 30.6985 111.8855
v 22.4935 29.4985 111.4654
v 22.5123 28.8985 112.0454
v 20.9935 33.8228 114.7455
v 23.0935 33.0118 112.9454
v 21.2935 33.8556 115.0454
v 20.6935 29.3743 114.4454
v 20.3935 29.5431 115.0454
v 21.8935 28.5985 113.7854
v 21.8935 28.2540 115.0454
v 21.2935 33.9118 115.6454
v 22.8118 33.0985 115.9454
v 21.5935 31.8985 117.0654
v 20.0935 29.1985 117.1654
v 19.7021 29.4985 117.7455
v 20.9935 31.3853 117.4454
v 22.1935 31.8446 117.4454
v 20.0935 28.2681 118.0454
v 22.2849 -9.8012 33.7455
v 22.4935 -11.4652 31.9454
v 22.9412 -11.6012 33.1454
v 23.1193 -12.5012 32.2455
v 23.3162 -12.2012 34.0454
v 23.3935 -14.0012 31.5154
v 24.0100 -16.4012 31.3454
v 24.1975 -20.6012 31.6454
v 24.0006 -16.4012 36.7455
v 23.6537 -21.8012 36.4454
v 24.0381 -22.4012 32.2455
v 23.3935 -25.7012 31.5254
v 22.7935 -24.2012 40.2555
v 23.0935 -27.5012 31.6454
v 22.7935 -28.4012 31.7555
v 22.4935 -29.3012 31.8655
v 22.9225 -28.7012 32.5454
v 22.4935 -30.1202 32.2455
v 22.6506 -9.8012 34.6454
v 22.6131 -5.6012 38.5454
v 23.8037 -13.4012 36.1454
v 23.4006 -6.2012 39.4454
v 24.2935 -6.8142 41.2455
v 23.5881 -10.4012 37.0454
v 23.7568 -11.6012 37.0454
v 24.0475 -12.8012 37.9454
v 24.0943 -15.8012 37.9454
v 24.1131 -17.0012 38.8454
v 23.7381 -19.7012 41.8454
v 25.2193 -9.8012 45.7455
v 24.1693 -17.3012 41.2455
v 24.7600 -2.6012 45.7455
v 24.0849 -17.6012 43.3454
v 23.6935 -19.3052 43.9454
v 23.4568 -20.0012 44.5454
v 25.2521 53.7985 43.9454
v 24.5443 51.3985 43.6454
v 23.6935 48.3985 43.8755
v 25.2685 50.7985 42.7455
v 24.8935 48.3985 42.9754
v 24.5003 46.5985 43.3454
v 23.9532 44.1985 43.9454
v 26.6056 45.9985 42.4454
v 24.2935 39.9985 44.9154
v 23.0935 0.3988 45.4955
v 23.8787 -0.2012 46.0454
v 24.7975 -0.5012 47.5454
v 23.7193 -18.8012 44.8454
v 24.7318 -12.8012 48.1454
v 22.5849 -22.4012 45.4454
v 24.7693 54.3985 45.4454
v 23.9935 36.7923 46.0454
v 23.9935 34.8985 46.7654
v 23.9935 31.8985 47.8454
v 22.4935 5.4988 47.7555
v 23.4662 2.7988 47.5454
v 23.3935 1.5988 46.7455
v 24.2068 1.5988 47.8454
v 23.7849 -16.4012 48.7455
v 23.0935 -20.1142 46.6454
v 22.4256 -20.6012 48.7455
v 25.1935 55.5423 46.6454
v 25.1935 55.7837 47.5454
v 23.9935 54.9212 49.3454
v 23.6964 54.6985 50.2455
v 25.2297 55.8985 48.1454
v 25.1935 33.3985 47.7954
v 24.5935 29.1985 48.9254
v 24.5935 27.6985 49.2355
v 23.3935 24.3985 48.8655
v 23.3935 21.3988 49.2555
v 24.6444 25.2985 49.6454
v 25.0037 20.4988 50.8454
v 23.3935 17.4988 49.5454
v 24.2935 15.3988 50.5354
v 22.7935 14.4988 49.1355
v 23.3599 12.9988 49.6454
v 23.5787 9.6988 49.6454
v 22.8610 8.1988 48.7455
v 23.9912 12.0988 50.2455
v 23.8131 7.8988 49.6454
v 24.8935 7.8988 51.1055
v 23.7943 5.4988 49.0454
v 24.4975 3.6988 49.3454
v 24.2162 -14.0012 49.9454
v 23.7943 -15.2012 50.5454
v 23.0935 -18.2762 49.3454
v 22.4443 -19.1012 50.5454
v 24.8935 55.5024 51.1454
v 24.5935 54.8931 52.6454
v 24.7412 13.8988 51.1454
v 24.0662 -13.7012 51.1454
v 24.3662 -12.2012 51.4454
v 24.0943 -12.2012 52.6454
v 23.6162 -14.0012 52.6454
v 23.2318 -15.5012 52.3454
v 22.8850 -17.0012 51.7455
v 22.7068 -15.8012 53.5454
v 23.9935 53.7118 54.7455
v 23.0935 52.6806 55.9454
v 23.7849 -10.4012 55.0454
v 23.3935 -11.6012 55.2954
v 24.2068 -11.0012 53.2455
v 23.4943 -12.8012 54.1454
v 24.2935 -9.5012 54.1055
v 22.7350 -12.8012 55.9454
v 23.0068 -14.0012 54.4454
v 23.3443 -14.0012 53.5454
v 22.4935 51.6774 57.1454
v 23.9935 53.0274 55.9454
v 23.9162 -8.9012 55.6454
v 23.4850 -8.6012 56.8454
v 23.3935 -10.0912 56.2455
v 22.7935 -10.0932 57.4454
v 22.7256 -11.9012 56.5454
v 24.5935 51.9587 57.4454
v 23.3935 48.2695 60.4454
v 22.1935 48.6985 60.1255
v 23.9935 48.9985 59.9354
v 23.9935 49.8985 59.2754
v 24.1599 0.6988 59.8454
v 22.5943 -6.2012 59.5454
v 22.8474 -8.0012 58.3454
v 22.6131 -8.9012 58.3454
v 24.2935 48.3985 60.2854
v 23.9935 47.4985 60.8454
v 22.7935 45.3985 62.0554
v 22.1935 44.7985 62.4154
v 23.3935 44.7985 62.1954
v 23.9935 44.7985 62.0354
v 23.9935 43.5985 62.4154
v 24.8935 45.6985 61.4454
v 23.5412 9.6988 62.8454
v 23.2693 6.9988 62.8454
v 23.9631 6.6988 61.9454
v 24.5935 9.0988 61.3855
v 23.9935 5.3668 61.6454
v 23.7193 4.8988 61.9454
v 24.2935 4.5988 61.0154
v 23.6631 6.0988 62.2455
v 24.7693 6.9988 60.7455
v 23.5318 2.7988 61.6454
v 24.2256 2.4988 60.4454
v 23.1474 4.2988 62.5454
v 23.4568 1.5988 61.3454
v 23.9935 42.0985 62.7854
v 23.9935 40.8985 63.0055
v 24.5935 40.5985 62.7555
v 23.9327 36.9985 63.4454
v 24.5935 34.2985 63.0154
v 22.7935 28.5985 64.4554
v 23.3935 25.5985 63.9554
v 24.5935 30.3985 62.8354
v 25.9787 30.3985 61.3454
v 23.0912 20.1988 64.0454
v 24.1084 24.6985 63.1454
v 24.0287 12.9988 62.5454
v 22.8100 11.4988 63.7455
v 22.7935 7.2988 63.3855
v 22.2959 6.0988 63.7455
v 22.7935 5.3938 63.1454
v 24.1646 -3.8012 64.9454
v 23.2271 -4.7012 66.4454
v 24.0849 -3.2012 65.8454
v 26.5928 0.6988 63.1454
v 25.1209 -2.3012 64.0454
v 23.6935 -7.1012 65.4154
v 24.5303 -4.1012 64.3454
v 23.9935 -7.6752 65.5454
v 23.0935 -9.5012 66.6255
v 23.9935 -9.2012 66.4154
v 22.7935 -10.1012 66.9154
v 23.3935 -12.5012 67.0154
v 22.7935 -12.5012 67.2754
v 24.2935 -12.5012 66.9754
v 23.5271 -4.1012 67.3454
v 23.9935 -5.0922 69.4454
v 22.1935 -13.4012 67.9754
v 22.3271 -14.6012 67.9454
v 22.7621 -16.4012 67.6454
v 23.3935 -17.6012 67.3755
v 22.2896 -15.8012 68.2455
v 22.1935 -15.4372 68.8454
v 22.4396 -15.2012 69.4454
v 22.2943 -16.7012 69.1454
v 23.9935 -15.2012 67.1454
v 24.2935 -14.9012 67.1454
v 24.2935 -17.9012 67.4855
v 22.7935 -19.1012 67.6554
v 22.4443 -17.3012 69.4454
v 21.9850 -18.5012 68.8454
v 24.2935 -18.5012 67.5754
v 23.3935 -21.8012 67.7954
v 23.9935 -21.2012 67.9855
v 22.4935 -23.3012 67.7754
v 22.4935 -23.6012 67.8154
v 23.7849 -23.0012 68.5454
v 23.5412 -23.6012 68.5454
v 24.1928 -21.8012 68.5454
v 23.8787 -23.0012 68.8454
v 24.3709 -20.6012 69.4454
v 27.2935 -0.5012 67.4354
v 23.0935 -7.4012 70.7254
v 28.4935 -0.2012 67.4855
v 22.4935 -10.7012 71.5954
v 22.7935 -12.3862 70.9454
v 23.9935 -11.9012 70.2355
v 23.3935 -10.4012 70.9955
v 22.4935 -14.0012 70.1255
v 24.2935 -14.6012 69.8555
v 24.2935 -12.5012 69.9754
v 23.6935 -20.6012 69.9254
v 23.0935 -18.2012 69.8755
v 22.4935 -20.9012 69.8855
v 22.7935 -22.4012 70.0354
v 23.9935 -19.7012 69.8555
v 22.4935 -23.5512 70.0454
v 23.6935 -22.0392 69.7455
v 23.9935 32.3931 111.4454
v 24.2935 31.7603 110.2455
v 24.2935 32.5571 111.7455
v 24.8935 32.6134 112.0454
v 24.2935 32.8571 113.2455
v 23.1403 30.6985 110.5454
v 23.9935 30.3985 109.6155
v 24.5935 28.5985 109.6255
v 23.0935 28.0852 112.9454
v 24.9285 27.9985 110.2455
v 24.2935 27.7806 112.0454
v 25.4935 32.4071 113.8454
v 22.4935 28.2985 113.4454
v 22.4935 27.7852 115.6454
v 24.8935 27.6634 111.7455
v 23.9935 27.6681 115.9454
v 22.4935 32.8200 116.5454
v 23.3935 31.9009 117.1454
v 23.9935 31.8352 116.8454
v 20.9935 27.6399 119.5454
v 23.9935 27.7571 116.5454
v 25.4935 27.8743 114.4454
v 23.9799 27.9985 117.4454
v 25.8615 29.4985 116.2455
v 23.8928 28.8985 118.9454
v 24.8537 28.8985 117.4454
v 24.9568 -9.8012 43.0454
v 27.0849 54.3985 41.5454
v 26.0935 52.2985 42.1454
v 26.6935 51.3985 41.4054
v 25.7935 49.8985 42.2355
v 26.0235 48.6985 42.1454
v 26.9935 49.8985 41.2555
v 25.7935 46.8985 42.5954
v 26.6598 48.0985 41.8454
v 24.7318 -9.2012 41.8454
v 25.0037 -7.4012 43.6454
v 24.9850 -11.9012 46.6454
v 28.8615 57.9985 42.1454
v 28.6131 57.3985 41.5454
v 26.6935 44.4985 42.9354
v 25.7935 41.7985 44.1255
v 26.9935 42.6985 43.5954
v 27.2935 41.4985 44.1355
v 25.7935 39.3985 45.0954
v 24.7037 -5.6012 43.3454
v 25.2475 -2.6012 47.2455
v 25.3600 -6.8012 45.7455
v 25.7935 56.1671 46.6454
v 27.8935 57.6446 44.2455
v 26.3935 56.7681 46.9454
v 25.7935 56.3649 48.1454
v 26.9935 57.2462 47.8454
v 25.7935 37.5985 45.9554
v 25.1935 36.0985 46.5454
v 26.9935 37.2985 46.4454
v 26.6935 36.0985 47.0554
v 26.3935 35.4985 47.3154
v 26.3935 34.5777 47.8454
v 26.6935 35.1985 47.4454
v 25.4256 -0.5012 49.3454
v 25.4724 -5.0012 46.9454
v 25.5943 -3.2012 48.4454
v 25.5100 -6.8012 47.2455
v 25.6412 -4.4012 48.4454
v 25.6975 -5.0012 49.6454
v 25.2943 -9.5012 47.8454
v 25.0412 -11.0012 48.4454
v 25.7935 56.3087 49.6454
v 25.4935 55.8985 50.9654
v 26.7357 56.7985 49.9454
v 26.3935 56.3087 51.1454
v 26.9935 33.7519 48.7455
v 26.3935 33.3985 48.5055
v 26.9510 32.7985 49.3454
v 25.7935 30.3985 49.4354
v 26.0935 29.1985 50.1355
v 26.6935 30.5658 50.2455
v 26.6935 28.2985 51.1355
v 25.9881 27.3985 50.5454
v 24.6287 5.7988 50.2455
v 25.1443 3.6988 50.5454
v 25.1935 1.5988 49.7654
v 25.4443 3.0988 51.1454
v 25.6599 -0.8012 50.2455
v 25.7350 -3.8012 49.6454
v 25.7443 -4.1012 50.5454
v 25.5193 -7.1012 49.3454
v 25.1631 -8.9012 50.5454
v 25.4631 -6.2012 51.4454
v 24.7412 -11.9012 49.6454
v 25.0224 -10.4012 49.6454
v 24.7975 -10.7012 50.8454
v 25.4935 55.6899 51.7455
v 26.9935 56.3181 51.7455
v 25.7537 24.6985 50.8454
v 26.5881 25.5985 51.7455
v 25.6975 20.4988 51.7455
v 26.9350 24.6985 52.6454
v 25.3693 17.1988 51.7455
v 25.3318 13.2988 52.0454
v 25.9506 13.8988 53.2455
v 25.6318 7.5988 52.6454
v 25.3318 5.1988 51.4454
v 25.7935 2.3108 52.3454
v 25.3693 -5.9012 52.3454
v 25.1256 -7.4012 52.3454
v 25.5943 -3.8012 52.6454
v 24.5631 -10.7012 52.0454
v 24.5935 54.5462 53.5454
v 25.4935 54.7899 53.8454
v 26.3935 55.4087 53.2455
v 26.9935 56.0368 52.3454
v 26.9935 54.6985 54.5554
v 26.3935 54.0212 55.3454
v 26.7943 21.0988 53.8454
v 26.6818 19.2988 54.1454
v 26.5506 15.3988 55.0454
v 26.0631 6.3988 54.7455
v 26.0537 5.7988 55.3454
v 25.8100 1.5988 55.0454
v 25.5475 0.9988 56.2455
v 25.0224 -5.6012 54.1454
v 25.7935 53.4493 55.9454
v 26.3935 53.4985 55.9654
v 27.5560 53.4985 55.9454
v 25.4935 51.9985 57.4754
v 26.9935 52.2530 57.1454
v 26.9935 51.6985 57.6055
v 26.0818 6.3988 55.9454
v 26.9818 20.1988 56.8454
v 26.0443 7.2988 57.1454
v 26.1662 10.8988 58.0454
v 25.9787 5.1988 56.2455
v 25.8287 6.0988 57.7455
v 25.6599 1.8988 56.2455
v 25.5006 3.9988 58.0454
v 25.1068 0.3988 57.4454
v 26.3935 50.4985 58.5954
v 25.7935 48.9985 59.6554
v 25.9971 49.5985 59.2455
v 26.6935 48.9985 59.4054
v 26.0935 48.0985 60.0454
v 26.3935 47.8875 60.1454
v 25.9131 19.5988 60.1454
v 25.3131 13.8988 60.7455
v 26.5412 20.7988 58.9454
v 25.7935 11.7988 59.4955
v 25.2662 10.5988 60.4454
v 25.7443 9.9988 59.2455
v 25.2943 9.0988 60.1454
v 25.6787 6.9988 58.6454
v 24.9943 2.7988 58.9454
v 25.1935 46.2985 61.2455
v 28.2205 46.8985 62.5454
v 27.5973 45.9985 62.8454
v 25.4935 43.5985 61.8154
v 25.4935 44.1985 61.8154
v 25.7935 41.1985 62.0154
v 26.9833 42.3985 61.6454
v 26.6935 42.0985 61.3555
v 26.9912 35.1985 60.7455
v 25.7935 34.2985 61.9354
v 26.9256 31.2985 60.1454
v 25.2568 20.1988 61.3454
v 27.4599 30.0985 58.9454
v 24.5935 14.4988 61.9354
v 24.5725 10.8988 61.6454
v 29.9606 45.0985 64.6454
v 26.7615 0.0988 62.5454
v 25.1935 -3.8182 63.7455
v 25.7935 -3.5012 63.3254
v 25.1935 -5.6012 64.2954
v 25.7935 -5.2052 64.0454
v 27.5935 -1.6832 62.2455
v 26.9560 -3.5012 63.1454
v 25.9788 -5.6012 64.3454
v 25.7935 -0.3212 64.9454
v 26.3935 0.0118 66.1454
v 28.0459 2.7988 64.9454
v 25.4935 -7.4012 65.6255
v 28.2095 -3.2012 63.4454
v 25.4935 -8.3012 66.6954
v 25.5100 -8.9012 67.3454
v 26.1053 -7.7012 67.3454
v 24.8935 -9.8012 66.8755
v 24.8935 -12.2012 67.2054
v 27.2935 0.6988 66.4054
v 25.6928 -8.0012 68.8454
v 25.2943 -9.2012 69.1454
v 25.2099 -7.7012 69.7455
v 25.1935 -10.7012 67.3354
v 25.5193 -11.0012 68.2455
v 25.4724 -12.8012 67.9454
v 25.2896 -10.4012 69.1454
v 25.5521 -12.2012 68.5454
v 25.3084 -15.5012 67.9454
v 25.3037 -12.8012 69.1454
v 25.2521 -15.5012 69.1454
v 24.8935 -10.7012 69.6854
v 25.4256 -14.9012 68.8454
v 25.2334 -17.6012 68.5454
v 24.5935 -18.5012 69.6055
v 25.1935 -16.6642 69.1454
v 24.6756 -8.9012 70.0454
v 24.5935 -13.1012 69.7954
v 25.6834 30.9985 107.5454
v 24.8935 29.4985 108.4955
v 26.4662 30.0985 105.7455
v 25.7935 29.1985 107.2754
v 26.9818 29.7985 104.8454
v 25.9681 31.5985 107.8454
v 26.8365 31.5985 106.0454
v 25.4935 32.0837 109.6454
v 27.2935 32.3415 107.5454
v 24.7693 30.6985 108.7455
v 25.5639 27.9985 109.3454
v 26.9935 28.1274 106.9454
v 27.2935 27.6985 108.1355
v 26.3935 27.6071 110.5454
v 25.4935 32.3649 110.5454
v 25.4935 32.5477 112.9454
v 26.0935 32.3602 112.9454
v 28.1935 27.7618 108.7455
v 26.6935 28.0618 112.9454
v 28.1584 31.2985 112.0454
v 25.4935 31.8868 115.0454
v 26.1100 30.0985 115.9454
v 25.7935 28.1602 114.7455
v 26.2976 28.5985 114.7455
v 29.0612 28.5985 109.9454
v 29.4662 29.7985 110.5454
v 28.2006 56.1985 40.9454
v 30.6100 57.3985 37.6454
v 28.8240 54.3985 39.1454
v 28.7068 54.9985 39.4454
v 28.7935 53.0235 39.1454
v 30.4365 54.9985 37.0454
v 27.5935 52.5985 40.4855
v 27.8935 50.7985 40.3555
v 29.8365 53.1985 37.9454
v 29.0935 50.1985 39.5454
v 28.1935 47.7985 41.0554
v 28.4935 46.3635 41.5454
v 28.4935 44.1985 42.6355
v 29.5082 45.6985 41.5454
v 29.6935 43.2985 43.0055
v 28.1935 40.2985 44.8555
v 28.1935 37.8985 46.4855
v 26.9935 35.1985 47.2854
v 28.4935 36.2035 46.6454
v 28.1935 35.1985 46.9955
v 28.4935 34.1415 47.8454
v 28.4935 57.8181 49.0454
v 28.7935 57.6212 49.9454
v 33.2935 32.7071 49.9454
v 33.8935 32.9649 49.3454
v 27.2935 56.9837 50.2455
v 28.1935 56.4962 52.0454
v 29.3935 57.6399 50.2455
v 28.1935 56.1493 52.6454
v 29.9935 57.0587 51.4454
v 28.1935 33.3024 50.2455
v 27.5256 31.8985 50.5454
v 27.8725 30.9985 51.7455
v 28.8100 33.0985 52.0454
v 27.1693 28.5985 51.7455
v 28.5287 31.8985 52.6454
v 27.1131 26.7985 52.3454
v 27.4693 27.3985 52.9454
v 27.4131 25.5985 53.5454
v 27.8935 55.5306 53.5454
v 28.7935 55.3337 53.8454
v 29.9935 55.4743 53.5454
v 28.1935 54.6024 54.7455
v 28.8100 32.1985 53.5454
v 28.4443 30.9985 53.5454
v 29.3935 33.8428 53.5454
v 29.5318 34.2985 54.7455
v 28.4818 30.6985 54.7455
v 27.8443 27.6985 54.1454
v 28.1350 29.4985 53.8454
v 28.0412 28.2985 55.3454
v 28.2568 29.7985 55.9454
v 29.0818 33.6985 56.2455
v 27.4599 24.3985 54.4454
v 26.9724 20.7988 54.7455
v 27.1881 21.6988 55.9454
v 28.1935 53.1985 56.1355
v 28.1935 51.9985 57.0954
v 28.1935 51.3985 57.5154
v 29.8685 51.3985 56.8454
v 29.8974 35.7985 55.6454
v 28.5849 33.6985 57.7455
v 28.3225 31.8985 57.4454
v 27.9568 28.2985 56.5454
v 27.7693 28.8985 57.7455
v 27.6100 26.4985 57.4454
v 27.7412 26.1985 56.5454
v 27.6850 25.2985 55.9454
v 26.9467 50.1985 58.6454
v 27.5935 50.1985 58.4454
v 28.1935 48.6985 58.9554
v 28.1935 49.5985 58.5554
v 29.3935 48.3985 58.4754
v 28.2193 35.7985 59.2455
v 28.7935 35.8658 58.3454
v 28.7935 47.9696 61.3454
v 29.9935 47.4071 63.1454
v 27.2935 42.2087 61.6454
v 28.4416 41.4985 61.3454
v 28.4935 41.9931 62.2455
v 29.6935 41.4774 62.2455
v 27.5935 38.7985 60.5854
v 27.8935 39.9985 60.4154
v 28.2410 40.5985 60.1454
v 28.4935 40.5985 59.9154
v 28.7935 38.7985 62.2954
v 28.7935 41.1552 59.8454
v 30.2282 40.8985 61.3454
v 27.5935 36.6985 60.2954
v 27.8935 36.3408 59.8454
v 28.7959 36.9985 62.5454
v 28.8709 37.5985 62.8454
v 28.7935 36.0985 61.0354
v 29.3115 36.0985 62.5454
v 29.0818 5.4988 61.3454
v 28.7021 4.2988 61.0454
v 27.6240 2.7988 62.2455
v 28.6646 4.8988 61.9454
v 28.1935 1.8988 61.1055
v 27.2935 1.5988 62.1654
v 28.4935 1.2988 60.9554
v 32.3935 5.1988 58.4454
v 31.4935 44.4985 65.6055
v 32.2052 45.3985 66.1454
v 32.1723 43.8985 65.8454
v 28.1935 42.6985 62.7854
v 28.1935 42.9985 63.0055
v 29.6935 42.1243 63.1454
v 32.0021 37.5985 67.9454
v 31.8381 35.4985 67.3454
v 28.4935 4.6218 62.8454
v 30.5162 7.8988 61.6454
v 29.5365 6.3988 61.6454
v 28.4935 4.3938 63.4454
v 27.9568 3.6988 62.8454
v 27.6756 3.0988 62.5454
v 30.2935 6.8518 63.1454
v 28.4935 -2.0012 62.5454
v 29.3935 3.3988 65.5954
v 30.8935 4.2988 65.6355
v 27.8935 -5.1322 65.8454
v 30.8256 -1.1012 64.3454
v 31.7935 4.5988 65.4654
v 29.3935 0.3988 67.1554
v 30.7365 -0.2012 66.1454
v 28.1396 -4.1012 67.6454
v 28.9787 30.9985 100.0454
v 27.2209 30.6985 104.2455
v 30.3850 32.1985 96.7455
v 28.8568 31.8985 100.6454
v 27.7693 31.5985 103.6454
v 29.0771 32.4985 100.9454
v 29.3935 32.9274 102.1454
v 28.6318 30.0985 101.2455
v 28.3201 32.4985 105.1454
v 29.6935 33.0212 103.3454
v 27.5935 29.1985 104.2154
v 29.3935 29.4985 100.6954
v 29.6935 28.8071 101.8454
v 27.2935 32.4259 108.7455
v 28.4935 32.5243 106.9454
v 28.1935 27.9493 106.0454
v 28.1935 27.7384 107.2455
v 27.8935 32.3790 109.0454
v 28.4935 32.1024 109.6454
v 27.8935 31.8681 111.4454
v 28.4935 27.9259 109.0454
v 28.3600 30.9985 112.0454
v 29.0935 31.2985 110.5354
v 29.3935 30.3985 110.7154
v 29.5881 29.1985 109.9454
v 27.2935 57.7628 117.7455
v 28.7935 52.5985 116.3054
v 27.8935 54.0985 116.9955
v 29.0935 49.5985 115.7654
v 27.6943 53.1985 117.1454
v 28.2943 49.8985 116.5454
v 27.5068 52.8985 117.4454
v 28.3787 48.3985 116.5454
v 27.9053 49.5985 117.7455
v 28.7935 49.2048 115.9454
v 29.4475 44.4985 114.4454
v 28.1818 48.3985 118.0454
v 29.1990 44.4985 115.0454
v 29.2600 43.8985 116.2455
v 26.9396 57.3985 118.0454
v 27.2678 53.7985 117.7455
v 26.5459 56.7985 118.9454
v 27.0100 54.0985 119.2455
v 28.3787 49.2985 119.2455
v 28.3928 48.6985 118.9454
v 29.4850 43.8985 116.8454
v 28.6178 47.7985 118.6454
v 28.8287 47.7985 118.9454
v 34.5662 56.7985 31.3454
v 31.3928 54.3985 35.8454
v 30.7271 56.7985 37.0454
v 30.9428 57.3985 37.0454
v 30.4365 57.9985 38.5454
v 30.9146 57.9985 37.6454
v 30.8303 52.5985 37.0454
v 32.6766 51.9985 35.5454
v 30.7753 50.7985 37.9454
v 31.7935 49.6219 37.9454
v 29.9935 48.9985 39.4654
v 31.1935 48.3985 39.1454
v 30.2935 47.7985 39.9855
v 32.0395 47.4985 39.4454
v 30.2935 44.7985 41.9354
v 31.1935 43.5985 42.7455
v 32.3935 45.3985 41.1255
v 30.5935 42.4309 43.6454
v 31.7935 42.2945 43.9454
v 30.5935 41.1985 44.6454
v 31.4935 40.8985 45.2555
v 29.6935 39.0985 46.1754
v 29.0935 38.1985 46.6654
v 30.2935 36.6985 46.8855
v 31.1935 37.2985 47.1554
v 31.4935 37.8985 47.4354
v 31.4321 38.7985 47.8454
v 30.2935 35.1985 47.1854
v 29.6935 35.7985 46.8954
v 31.1935 34.5985 47.6155
v 31.1935 36.0985 47.0954
v 32.3935 32.7352 50.2455
v 30.5935 56.8524 51.7455
v 30.5935 56.1587 52.6454
v 31.1935 57.0118 51.4454
v 31.4935 57.8087 50.2455
v 31.1935 56.2993 52.3454
v 31.1935 32.8618 50.8454
v 31.7935 33.0118 52.3454
v 33.2935 32.5806 52.3454
v 31.4935 55.5985 53.0055
v 30.5935 54.3985 54.4354
v 29.9049 53.1985 55.6454
v 31.1935 54.9985 53.6854
v 31.1935 53.7985 54.6854
v 31.7935 54.3985 53.9454
v 31.1935 53.1985 55.1155
v 30.3709 37.5985 56.2455
v 31.1379 37.8985 54.7455
v 29.6068 34.2985 53.5454
v 32.0935 34.8985 54.6454
v 32.3935 35.4985 54.9855
v 32.3935 33.9985 54.1255
v 31.1935 33.8977 53.5454
v 29.4623 52.5985 56.2455
v 29.6935 50.1985 57.5554
v 30.8935 51.3985 56.3454
v 31.1935 49.8099 56.8454
v 29.9935 48.9985 57.8954
v 31.4935 49.1710 56.8454
v 31.1935 48.3985 57.2754
v 31.0506 42.0985 57.4454
v 31.3600 42.3985 57.1454
v 30.8935 42.6235 57.7455
v 31.4935 39.2292 55.9454
v 31.6225 39.9985 55.6454
v 31.6895 39.6985 55.9454
v 31.3035 38.1985 54.7455
v 30.2935 36.7712 57.4454
v 29.6935 36.5977 57.4454
v 30.9447 37.2985 57.1454
v 30.7506 38.1985 55.9454
v 31.4935 37.5985 57.2654
v 30.2935 47.7985 58.2555
v 31.1935 48.0634 59.5454
v 31.1935 47.7985 57.4154
v 30.5935 42.0864 58.0454
v 30.8935 36.6681 58.0454
v 30.8935 36.3306 58.6454
v 29.9935 35.9977 58.9454
v 30.5935 35.6321 60.1454
v 31.3693 9.0988 59.2455
v 32.0162 9.6988 58.3454
v 29.9068 5.7988 59.8454
v 31.1935 6.9988 58.6454
v 31.7935 6.3988 58.2555
v 34.1935 48.2415 62.5454
v 31.1935 48.3399 61.6454
v 32.0935 48.1993 63.1454
v 30.8935 47.7985 63.1854
v 29.3935 39.9985 61.8855
v 31.1935 40.0571 64.0454
v 29.9533 35.4985 62.2455
v 31.4935 35.3274 61.3454
v 31.7935 34.9384 62.8454
v 30.2935 7.5988 60.9554
v 32.2318 11.1988 59.2455
v 31.7935 5.4988 58.4654
v 32.0935 3.7408 59.2455
v 32.9935 47.7985 65.2754
v 30.8264 42.6985 64.3454
v 31.1935 42.0985 63.9855
v 30.8935 41.1985 62.4654
v 33.8935 42.6985 66.1255
v 32.6935 41.1985 63.3555
v 32.6935 38.7985 67.8555
v 31.2943 36.0985 66.7455
v 32.0935 34.7837 66.4454
v 31.7935 34.7368 64.6454
v 30.8935 7.3348 63.4454
v 31.3799 6.3988 64.6454
v 33.5341 11.1988 62.5454
v 32.0935 0.9988 62.5154
v 31.2053 -0.5012 63.7455
v 32.3935 1.8498 61.3454
v 33.8443 3.3988 62.5454
v 31.1935 36.6985 66.7754
v 35.3935 11.7988 62.8855
v 30.5935 1.8988 66.4454
v 30.5935 0.9988 66.5254
v 31.0994 1.8988 66.1454
v 32.1850 2.4988 65.2455
v 32.5271 2.1988 64.6454
v 34.1935 4.2988 63.0554
v 31.4068 32.7985 94.0454
v 31.0084 31.8985 95.2455
v 30.9615 33.3985 95.8454
v 32.9162 33.6985 89.5454
v 31.1935 33.9985 95.9754
v 30.2303 33.6985 98.8454
v 32.6771 35.1985 93.1454
v 30.5725 34.2985 99.1454
v 29.4381 30.0985 99.7455
v 29.5318 30.9985 98.8454
v 30.7928 30.6985 96.7455
v 31.3787 30.9985 95.2455
v 32.0935 30.5087 94.9454
v 31.4935 29.6931 97.9454
v 30.4740 34.2985 99.7455
v 30.9709 34.8985 99.4454
v 31.2709 35.4985 100.3454
v 30.6287 34.5985 100.9454
v 32.0935 35.6696 97.9454
v 29.7803 33.3985 100.6454
v 29.6209 33.0985 100.0454
v 30.5935 29.5056 99.1454
v 31.1935 28.9337 100.9454
v 31.7935 36.3634 101.2455
v 30.8115 35.4985 102.4454
v 30.6990 34.8985 102.4454
v 30.5584 36.0985 103.9454
v 31.0834 36.0985 102.4454
v 29.6935 28.5352 102.7455
v 31.1935 28.7509 102.4454
v 30.8935 36.6985 103.7954
v 30.3100 37.5985 106.9454
v 31.4935 37.8540 104.8454
v 31.4935 40.2774 108.7455
v 31.1935 32.7446 103.9454
v 29.9935 32.4493 106.0454
v 30.5935 33.0118 103.6454
v 31.1021 33.3985 103.3454
v 30.8935 32.1118 105.7455
v 31.7935 32.1985 104.2154
v 30.8885 28.5985 104.2455
v 30.5935 28.5259 105.7455
v 29.9935 28.1931 105.4454
v 31.4721 29.1985 105.1454
v 30.3662 38.1985 107.5454
v 30.4225 36.9985 109.0454
v 30.8209 36.6985 109.6454
v 29.6935 32.0274 107.8454
v 29.9537 30.9985 109.3454
v 32.9021 31.5985 103.0454
v 31.5521 30.6985 106.3454
v 29.6935 28.1556 107.2455
v 30.4599 29.1985 108.1454
v 30.2935 28.5212 106.9454
v 31.3084 29.4985 106.3454
v 30.0615 39.0985 110.5454
v 30.4084 39.9985 109.9454
v 31.1935 41.3171 110.2455
v 30.4787 37.5985 110.5454
v 31.1935 36.4759 109.9454
v 30.7271 30.0985 108.1454
v 29.3935 28.2985 108.5754
v 29.9935 41.0716 111.7455
v 29.5271 43.2985 113.8454
v 29.8646 40.5985 112.0454
v 30.8935 44.1985 112.8154
v 31.1935 41.9726 110.8454
v 30.8935 37.2985 110.9554
v 30.2935 39.0985 112.5854
v 30.8935 38.3533 112.6454
v 31.4935 37.5071 112.0454
v 29.6935 48.6985 115.1954
v 30.2935 45.0985 113.6854
v 30.5935 49.8985 115.5554
v 31.1935 45.6985 113.5954
v 30.8935 44.8800 113.2455
v 29.4850 42.3985 114.7455
v 29.6350 42.0985 115.0454
v 29.9631 40.8985 114.4454
v 30.2935 40.3101 114.4454
v 30.6014 40.5985 115.3454
v 28.4935 57.0985 117.2954
v 29.3935 57.3985 117.7754
v 31.1935 49.8985 115.8555
v 30.0521 56.1985 118.0454
v 31.7935 50.6200 117.4454
v 31.7724 50.1985 116.8454
v 29.9935 42.3985 116.2854
v 29.9935 43.8985 117.4855
v 30.2935 41.7985 116.1754
v 30.5935 43.2985 117.4955
v 30.8935 41.4985 116.5254
v 31.1935 42.9985 117.5354
v 30.8935 40.2985 115.2954
v 30.8303 40.8985 115.9454
v 31.4935 38.4985 113.4354
v 31.4935 40.5985 116.0954
v 29.6935 57.2217 118.0454
v 29.8928 57.6985 118.9454
v 30.4928 55.2985 118.9454
v 30.4975 54.6985 119.5454
v 29.6935 45.6985 118.3855
v 29.6935 48.3985 119.8354
v 31.1935 45.3985 118.6854
v 31.4935 46.2985 118.9154
v 31.1935 44.4985 118.2754
v 33.8935 -34.1012 26.1954
v 33.8935 -35.1032 26.2455
v 32.9935 -33.7262 26.2455
v 33.5935 -35.0012 26.1454
v 32.3935 -33.0122 28.3454
v 32.5605 -32.9012 27.7455
v 31.7021 -33.8012 27.7455
v 33.0756 -32.3012 29.2455
v 31.4396 -34.4012 28.3454
v 33.8935 -31.1412 28.6454
v 33.5935 -31.4512 28.9454
v 34.1935 -32.9012 26.6754
v 35.3935 -31.1012 27.5854
v 31.7935 -35.1412 28.3454
v 32.3350 -33.8012 26.5454
v 33.1881 -35.0012 26.5454
v 33.8935 -35.6012 26.5454
v 33.2725 -36.2012 27.7455
v 32.6935 -36.0582 28.3454
v 32.9935 -36.2012 28.2254
v 33.8935 -36.1612 27.4454
v 33.8935 -36.1242 28.0454
v 33.8935 -36.0212 28.3454
v 34.4584 -31.4012 30.7455
v 34.7115 -30.5012 30.7455
v 34.5850 -30.2012 30.1454
v 34.4935 -32.0012 30.7954
v 32.6935 -35.0012 29.4354
v 35.3935 -32.6012 30.8354
v 34.1935 -35.0012 29.4454
v 33.7412 57.9985 32.8454
v 33.5935 57.4267 32.8454
v 32.9935 53.1985 34.4554
v 33.8935 51.9985 34.3855
v 32.9605 50.4985 36.4454
v 32.6935 48.6985 38.1454
v 34.1935 50.7985 35.2355
v 34.7935 49.5985 36.1155
v 34.7935 48.0985 37.8254
v 33.8935 46.5985 39.7455
v 34.4935 45.9985 40.3454
v 33.8935 44.9509 41.5454
v 33.2935 43.7837 42.7455
v 33.5935 42.8462 43.9454
v 32.3935 40.4696 46.3454
v 34.7935 42.8368 44.8454
v 32.5881 39.3985 48.7455
v 32.8881 39.6985 48.7455
v 35.0935 42.5087 46.0454
v 32.9935 35.7985 47.4955
v 33.5935 35.1985 47.7355
v 32.9678 39.6985 49.0454
v 32.6935 39.4200 49.0454
v 33.3334 39.9985 50.2455
v 34.1935 39.0446 49.3454
v 34.9810 39.3985 50.5454
v 33.8935 37.8282 48.1454
v 33.8935 38.4985 48.6155
v 34.1935 33.9985 48.3655
v 35.9935 32.3321 49.9454
v 32.9935 57.5649 50.2455
v 32.9935 56.1985 51.7854
v 33.6436 56.7985 50.8454
v 34.1025 57.3985 49.9454
v 33.8935 56.1985 51.3054
v 33.2935 39.9727 51.7455
v 33.8935 39.7806 50.8454
v 33.8935 39.7337 52.6454
v 33.2935 32.4727 50.8454
v 35.6935 31.9056 50.8454
v 32.3935 54.9985 53.1754
v 32.3935 54.3985 53.6554
v 32.3935 52.8985 54.6454
v 32.9935 53.1985 54.0954
v 32.6935 51.9985 54.9354
v 32.4943 42.3985 55.6454
v 33.3474 43.8985 55.0454
v 34.0600 43.5985 53.8454
v 31.9239 39.0985 54.1454
v 32.4353 39.6985 53.5454
v 32.6935 39.4524 53.5454
v 34.1935 39.3399 53.5454
v 33.2935 38.1985 54.7854
v 34.7935 38.1985 54.8555
v 34.7935 37.5985 55.2555
v 34.7935 35.4985 55.6355
v 33.8935 34.2985 54.9454
v 33.8935 33.6985 54.5354
v 32.5724 33.3985 53.5454
v 34.1935 32.5712 53.2455
v 32.3935 49.8985 55.9855
v 33.5935 50.4985 54.8555
v 33.8935 49.7509 57.1454
v 32.3935 46.2985 58.1355
v 31.4935 46.4024 57.4454
v 31.7935 45.6985 57.1155
v 31.4256 44.7985 57.4454
v 32.3935 45.1997 56.5454
v 32.6935 44.7985 56.1055
v 34.1935 45.3306 58.0454
v 33.8935 45.0165 56.5454
v 31.5193 42.0985 56.8454
v 32.3935 39.9985 56.5754
v 32.2318 40.8985 56.5454
v 32.3935 39.0985 56.8755
v 32.3935 41.7165 57.7455
v 32.9935 39.3985 57.3855
v 32.9935 39.9985 57.2254
v 32.3935 37.8985 57.7854
v 36.5935 36.3985 55.9054
v 35.0935 34.5985 55.5354
v 34.7935 14.7988 56.2355
v 33.4881 12.3988 57.1454
v 33.4084 12.6988 57.4454
v 34.1935 11.1988 56.3154
v 35.6965 15.3988 55.3454
v 34.1935 9.0988 56.7054
v 32.9935 48.9774 57.7455
v 34.7935 48.3985 59.6554
v 32.0394 47.4985 59.2455
v 32.6935 46.5985 58.5055
v 32.7302 47.1985 58.6454
v 33.5935 45.6985 59.2154
v 34.1935 47.4985 59.6155
v 33.8935 46.0368 58.9454
v 32.3935 43.8985 58.1454
v 32.9935 43.2985 58.7054
v 32.3935 43.2985 58.2854
v 33.2935 43.8985 58.7854
v 33.8935 44.4985 59.2154
v 32.0935 42.0985 58.7555
v 32.3935 41.8712 58.6454
v 33.8935 41.3977 59.5454
v 34.1935 41.3556 60.1454
v 33.8935 39.0985 58.6155
v 33.8935 39.9985 58.3555
v 34.1935 38.7985 59.1554
v 33.6662 40.8985 58.3454
v 34.0037 40.5985 58.6454
v 32.3935 36.0985 60.2355
v 32.3935 37.1368 58.6454
v 33.2935 36.7009 60.1454
v 34.2381 37.5985 60.1454
v 34.4584 15.3988 57.4454
v 32.3537 11.4988 59.8454
v 33.5935 4.8988 58.8054
v 34.1935 7.8988 57.1355
v 35.6935 48.5040 64.3454
v 33.8935 48.4524 63.7455
v 32.9935 47.7915 60.4454
v 35.0935 48.0868 62.8454
v 33.8935 46.8985 60.1554
v 32.3935 35.1540 62.2455
v 33.2935 35.7493 61.6454
v 33.5935 35.2618 62.8454
v 34.4935 36.3446 61.9454
v 34.1935 35.3884 63.1454
v 34.4935 15.5738 58.9454
v 34.0318 14.1988 60.1454
v 34.4935 13.5988 61.4554
v 35.1053 5.1988 60.7455
v 34.4935 4.6728 59.8454
v 33.2935 48.1852 64.6454
v 35.0935 39.6024 69.4454
v 34.7935 33.6399 68.5454
v 33.5935 34.4462 64.9454
v 34.1935 34.6759 64.6454
v 34.7935 12.0988 62.6355
v 33.5935 7.5988 64.3254
v 33.5935 5.7988 64.4855
v 35.4521 7.5988 63.1454
v 33.2935 46.2985 66.8454
v 32.6935 46.8985 66.0055
v 33.9264 48.0985 65.8454
v 34.1935 47.8102 66.7455
v 34.1935 47.4985 67.0954
v 35.3935 47.1985 68.6454
v 33.3890 45.6985 67.0454
v 33.9542 43.8985 67.0454
v 32.8037 34.8985 68.8454
v 35.3935 33.6353 68.5454
v 34.1935 45.0985 67.6854
v 34.7935 38.9509 70.6454
v 32.3068 36.6985 68.8454
v 32.9771 36.9985 70.0454
v 32.8834 36.3985 70.0454
v 33.8858 33.9985 69.7455
v 33.7318 36.6985 71.8454
v 33.6287 36.0985 71.8454
v 33.3990 35.7985 71.2455
v 34.3787 33.9985 72.1454
v 34.0740 34.8985 72.7455
v 33.9615 35.4985 72.7455
v 34.0740 34.5985 85.6454
v 34.2615 33.6985 84.1454
v 33.5935 33.6985 87.2555
v 33.8021 32.7985 86.8454
v 33.7693 34.8985 87.7455
v 34.3318 35.7985 87.7455
v 32.9935 32.7985 89.3254
v 31.8568 31.2985 93.7455
v 34.3318 31.8985 86.5454
v 33.2806 35.7985 93.1454
v 33.2935 35.9790 94.3454
v 33.5935 30.4196 92.8454
v 32.3935 30.0587 96.1454
v 33.8935 30.3118 94.0454
v 33.8935 36.4571 97.6454
v 33.5935 36.3540 97.0454
v 33.2935 36.3915 98.2455
v 33.8935 36.3118 94.6454
v 33.3436 30.0985 97.0454
v 32.7248 29.7985 97.9454
v 33.8935 30.3868 97.3454
v 33.8935 36.6985 99.7854
v 32.9935 36.6399 100.0454
v 32.3935 36.6985 101.0554
v 32.3935 29.4352 100.6454
v 33.8935 30.6493 99.4454
v 32.9935 30.0080 101.2455
v 33.8021 30.9985 100.9454
v 32.0935 37.0759 102.4454
v 32.6935 37.5446 103.0454
v 32.3935 37.9899 104.2455
v 34.1935 36.9493 101.2455
v 33.8935 37.4321 102.7455
v 32.6725 29.7985 102.1454
v 33.5935 31.2873 101.8454
v 33.8935 31.8540 102.4454
v 32.0935 38.6837 105.7455
v 32.6935 38.6462 105.4454
v 32.8435 38.1985 104.5454
v 32.2271 31.8985 103.9454
v 32.9935 32.4985 103.7754
v 32.9935 33.7571 106.0454
v 34.1935 32.4985 103.3855
v 34.1935 33.1337 104.5454
v 31.9928 30.0985 105.1454
v 34.1935 39.9985 108.1355
v 33.2935 40.4087 108.4454
v 33.8935 34.4321 106.9454
v 33.2935 35.1353 108.4454
v 32.6935 41.7985 110.3154
v 33.5935 41.7118 110.5454
v 32.3935 35.7212 109.6454
v 33.8935 35.3837 108.7455
v 32.3935 44.1132 112.6454
v 33.5444 42.9985 112.3454
v 33.8935 42.0985 111.4354
v 34.1935 42.3985 112.5055
v 32.6935 37.2634 112.3454
v 33.2185 36.3985 111.1454
v 35.0935 37.3946 113.2455
v 32.9935 45.0985 113.8655
v 33.7693 44.1985 114.1454
v 33.5935 43.8985 113.4855
v 34.4935 42.2882 113.2455
v 32.9935 39.0985 114.5454
v 32.6935 39.8368 115.3454
v 33.8935 39.1018 114.4454
v 33.8935 39.5166 114.7455
v 32.9311 37.8985 113.2455
v 33.8935 37.8985 113.4554
v 32.3256 48.9985 117.1454
v 32.2553 48.9985 118.0454
v 32.7334 47.7985 117.1454
v 32.7568 47.4985 117.4454
v 34.3131 42.6985 115.3454
v 33.8303 42.3985 116.2455
v 32.2878 46.2985 118.3454
v 33.5935 41.7985 116.3755
v 33.8935 41.1985 115.8855
v 33.6368 41.4985 116.2455
v 32.3935 40.5866 116.2455
v 33.6134 40.8985 115.9454
v 31.5849 49.5985 119.2455
v 30.8935 48.6985 119.7754
v 31.7935 47.1985 118.9254
v 35.0935 -30.8012 27.8454
v 37.1935 -27.8012 29.0554
v 35.6935 -29.0742 28.9454
v 36.8935 -30.8012 28.0154
v 34.4935 -34.1012 26.4955
v 35.0201 -33.8012 26.8454
v 35.0935 -34.9722 27.7455
v 35.0935 -35.0142 28.0454
v 35.3935 -34.6472 28.0454
v 36.1037 -33.2012 27.7455
v 35.0935 57.3985 30.7054
v 35.4662 56.7985 30.1454
v 35.4943 56.1985 30.1454
v 36.5935 55.5985 28.9654
v 38.2553 54.3985 27.7455
v 36.8935 52.5985 30.8855
v 35.8600 -28.1012 30.7455
v 37.1631 -25.7012 31.3454
v 35.8506 -28.1012 30.1454
v 38.0068 -24.5012 31.0454
v 35.0935 -29.4682 29.2455
v 36.4178 -27.5012 29.8454
v 36.2935 -32.6012 30.6055
v 35.6935 -33.4302 30.1454
v 36.5935 -32.9662 29.8454
v 34.7725 57.9985 31.3454
v 35.9935 51.6985 32.7555
v 38.3935 -25.1012 33.4855
v 38.5178 -23.9012 33.4454
v 36.2935 -29.0012 32.0554
v 36.5935 -29.3012 32.1754
v 35.9935 -31.7012 31.2754
v 37.1935 51.7477 31.6454
v 37.1935 50.2665 33.7455
v 35.0935 46.9431 39.1454
v 35.6935 47.7962 37.9454
v 36.8935 47.4962 38.2455
v 34.7935 44.7985 41.8855
v 35.3935 45.6985 40.7854
v 35.6935 44.3134 43.0454
v 36.5935 45.4946 41.5454
v 36.5935 44.4985 43.6554
v 37.1935 44.5759 44.8454
v 35.3935 57.3985 49.2054
v 38.6935 46.1730 45.1454
v 36.5935 44.1985 48.9054
v 36.2935 43.5762 48.4454
v 35.6935 37.8985 48.9254
v 35.6935 37.2985 48.5554
v 35.0935 39.0915 49.9454
v 36.5935 37.2985 48.9454
v 36.5636 38.1985 49.6454
v 36.5935 38.6462 50.2455
v 34.7935 35.7985 47.9354
v 35.6935 36.0985 48.2154
v 36.2935 35.1985 48.3855
v 36.5935 33.0985 49.1754
v 34.0509 55.5985 51.7455
v 35.3935 55.2985 51.0754
v 35.6935 56.1985 50.1554
v 34.1765 53.7985 52.9454
v 35.0935 53.7985 52.2254
v 34.7935 53.1985 52.7854
v 35.3935 52.8985 52.3954
v 35.6935 54.6985 51.3655
v 38.0935 54.6985 50.9454
v 35.8600 51.6985 52.3454
v 36.5935 51.6985 51.5654
v 36.5935 48.6985 52.7154
v 36.1506 48.6985 52.3454
v 35.5974 50.1985 52.9454
v 34.9131 44.4985 52.9454
v 34.9178 42.9985 51.7455
v 35.5318 44.7985 52.0454
v 35.8185 46.2985 52.6454
v 36.6334 46.5985 51.1454
v 36.3709 44.1985 49.6454
v 35.8696 39.0985 50.5454
v 35.0935 39.5931 52.0454
v 35.3935 39.4665 52.6454
v 37.1935 38.9649 52.0454
v 35.3935 31.8118 52.3454
v 35.0935 32.2806 53.5454
v 36.5935 31.1104 52.9454
v 34.1935 53.1985 53.2654
v 34.4908 51.9985 53.5454
v 35.0935 50.7985 53.3655
v 33.8935 50.4118 54.7455
v 34.7935 50.3660 53.8454
v 35.3935 50.1040 53.2455
v 36.5935 50.2618 54.7455
v 34.5092 45.0985 53.8454
v 33.7881 44.7985 54.7455
v 35.0935 45.0493 55.0454
v 35.0935 45.4806 53.5454
v 36.2935 45.3985 54.4754
v 36.5935 45.9985 53.5254
v 35.9935 39.1899 53.2455
v 35.9935 38.2771 54.7455
v 36.5935 38.4540 54.4454
v 35.9935 33.3985 55.4254
v 36.0408 32.1985 54.4454
v 36.5935 32.4985 55.2654
v 36.5935 31.6672 54.4454
v 36.2935 17.1988 54.9354
v 36.5935 16.8988 54.6754
v 37.4935 50.6556 56.8454
v 35.0935 44.9368 56.2455
v 35.6935 45.0399 57.7455
v 36.8935 45.3587 55.0454
v 36.5935 45.0493 56.2455
v 36.5935 45.0493 57.7455
v 35.6935 37.8985 55.1055
v 35.9935 34.8985 55.9054
v 36.8935 34.8985 56.1754
v 35.2646 17.4988 57.1454
v 35.9935 19.9958 56.8454
v 35.0443 16.5988 56.8454
v 36.2490 20.1988 55.6454
v 35.5646 18.3988 57.7455
v 36.2115 20.4988 57.4454
v 36.2935 19.5988 55.3354
v 34.9084 16.5988 57.7455
v 35.9935 13.5988 55.2054
v 35.3935 11.7988 55.6854
v 36.2935 10.5988 56.0454
v 35.0935 8.1988 57.0754
v 34.7935 7.4048 57.4454
v 36.8935 10.5418 56.2455
v 34.1935 6.9988 57.5754
v 35.3935 7.8988 57.3354
v 35.0935 -11.2472 56.5454
v 35.5365 -11.6012 57.4454
v 37.1935 -10.8962 56.2455
v 35.2409 -12.5012 55.9454
v 34.9318 -12.5012 56.2455
v 34.9365 -11.6012 56.2455
v 35.4990 -12.8012 57.4454
v 36.5935 -11.9012 54.5254
v 36.5935 -12.9722 55.6454
v 35.9935 -12.7992 55.6454
v 36.8935 -12.7292 56.8454
v 36.5060 -12.5012 57.4454
v 36.2935 49.5399 59.5454
v 35.9935 48.9985 59.9955
v 38.6935 49.2985 61.6754
v 35.9935 50.1024 58.0454
v 35.0422 47.1985 60.1454
v 35.0935 46.2985 59.8454
v 35.3935 48.0985 60.2355
v 35.0935 45.2603 58.3454
v 35.0935 43.5985 60.3054
v 35.3796 44.4985 60.4454
v 36.8935 45.2977 58.9454
v 34.1935 42.9985 59.7654
v 35.0537 40.5985 60.4454
v 35.0115 40.2985 60.1454
v 35.0935 39.3985 60.1754
v 35.9537 18.6988 58.6454
v 35.2178 16.8988 58.9454
v 36.2115 18.0988 59.5454
v 36.4412 20.1988 58.3454
v 36.8935 9.6988 56.8555
v 35.3935 6.9908 58.0454
v 34.4935 5.7988 58.4754
v 38.9935 47.1985 64.9654
v 36.5935 45.9985 61.9554
v 37.1935 47.4985 63.6954
v 35.6935 46.2985 60.1355
v 36.5935 48.0985 60.9654
v 36.5935 43.8985 61.5854
v 34.7935 45.6985 60.2054
v 34.7935 42.3985 60.6454
v 35.3935 41.9884 61.6454
v 34.5843 41.4985 61.6454
v 35.6935 42.3985 61.4855
v 36.8935 42.9985 62.2054
v 34.9318 38.7985 60.1454
v 35.0935 40.8985 61.1055
v 35.5646 40.5985 61.6454
v 36.1459 39.3985 61.9454
v 36.2935 40.2985 62.9855
v 36.5631 39.9985 63.1454
v 35.6115 37.5985 61.9454
v 36.0475 36.6985 63.4454
v 36.5935 37.5985 63.4054
v 36.4975 38.1985 62.8454
v 35.3935 35.0790 64.9454
v 36.8935 17.7988 60.4154
v 35.6935 14.4988 61.7254
v 34.7935 4.8988 60.0854
v 39.0193 11.1988 58.9454
v 36.5935 48.0985 64.0254
v 37.0285 48.6985 65.5454
v 37.1935 41.6743 65.5454
v 34.4935 41.1985 63.6754
v 37.1935 42.1431 63.4454
v 37.7935 41.9743 67.0454
v 35.3935 41.0399 63.7455
v 36.2935 40.6290 64.6454
v 36.5935 40.4462 64.6454
v 35.9935 35.7985 64.5254
v 35.6935 12.6988 62.5854
v 36.8935 11.7988 62.5454
v 35.9162 7.5988 62.5454
v 36.5935 48.9446 67.3454
v 36.2935 48.8040 65.8454
v 35.8332 42.3985 67.0454
v 37.7935 39.8696 68.2455
v 35.0935 34.2306 66.4454
v 35.9935 33.8509 68.2455
v 36.2935 34.2165 67.6454
v 36.5935 35.2196 66.1454
v 36.2935 48.3985 68.6554
v 36.2960 45.9985 69.7455
v 39.2935 47.7985 72.7054
v 36.9417 44.4985 69.7455
v 36.5935 45.3985 69.8855
v 37.1935 42.8743 68.5454
v 38.3935 42.4665 68.5454
v 36.5935 39.5977 70.9454
v 35.6935 38.6602 72.7455
v 36.2935 39.3493 71.5454
v 35.9935 32.8384 73.0454
v 36.2935 33.2743 70.3454
v 36.2935 32.8899 72.1454
v 36.5935 32.9462 71.8454
v 37.1935 38.6837 75.1454
v 34.4935 37.0542 73.3454
v 34.6318 36.3985 74.5454
v 35.1896 37.2985 74.8454
v 34.7935 36.6985 74.7154
v 35.6935 38.0931 74.2455
v 35.0162 33.6985 75.1454
v 35.6935 32.9181 74.8454
v 35.7626 37.2985 76.9454
v 35.9935 37.7603 76.0454
v 36.5935 38.1259 76.3454
v 36.5935 37.8212 77.8454
v 34.5709 34.8985 74.8454
v 34.7935 35.2485 76.3454
v 34.9928 33.9985 77.2455
v 34.8709 34.8985 78.7455
v 34.9740 35.7985 77.2455
v 35.2459 33.3985 76.6454
v 36.5935 32.0368 78.1454
v 35.1475 36.0985 78.1454
v 35.5318 36.6985 78.7455
v 34.8240 33.9985 79.9454
v 35.1756 33.3985 78.1454
v 35.9935 32.3837 78.1454
v 35.9935 31.8774 80.8454
v 35.6137 36.6985 82.3454
v 34.7584 35.1985 81.4454
v 35.0443 35.7985 80.2455
v 34.8428 33.3985 80.8454
v 35.0935 32.4544 82.0454
v 35.6935 31.7134 82.6454
v 35.6935 30.9165 86.8454
v 35.2508 36.3985 84.4454
v 35.9935 37.0056 83.2455
v 34.7935 35.7864 84.1454
v 34.5943 32.7985 83.5454
v 35.6935 36.8274 86.2455
v 35.0935 31.5212 85.3454
v 35.3935 31.0618 86.5454
v 35.6935 36.8602 88.0454
v 36.5935 37.1790 87.1454
v 34.7935 31.0665 87.7455
v 34.7935 30.7759 88.9454
v 35.3935 36.7712 91.3454
v 37.1935 37.2915 86.5454
v 35.9935 36.7524 92.2455
v 35.0935 30.6587 89.2455
v 35.3935 30.5884 89.8454
v 34.4935 36.4759 96.1454
v 37.1935 36.9024 89.8454
v 35.3935 36.4337 95.5454
v 35.9935 36.3306 94.9454
v 34.4935 36.4946 98.5454
v 35.0935 36.3024 98.2455
v 35.6935 36.0962 97.0454
v 36.9240 35.7985 94.3454
v 37.2990 34.8985 94.6454
v 36.2209 34.8985 98.5454
v 35.3935 31.5868 97.0454
v 35.0935 31.0806 96.1454
v 35.9209 31.8985 96.1454
v 35.8131 32.4985 98.2455
v 36.4318 32.7985 96.4454
v 36.2584 33.0985 97.6454
v 34.4935 36.5602 99.4454
v 35.0935 36.2931 99.4454
v 35.0761 36.3985 100.6454
v 36.0615 34.8985 99.7455
v 35.0725 32.1985 100.9454
v 35.5131 32.7985 100.9454
v 36.0568 33.6985 99.7455
v 35.5412 36.0985 102.1454
v 35.9818 34.5985 101.5454
v 35.8881 35.1985 102.1454
v 34.9944 32.1985 101.2455
v 35.2271 32.7985 102.1454
v 35.0935 37.3270 104.8454
v 34.4935 37.8985 104.8755
v 34.1935 38.6602 106.0454
v 35.5693 36.3985 105.4454
v 35.0935 33.9526 104.5454
v 35.2881 35.4985 106.3454
v 34.7935 33.9493 105.1454
v 34.7598 39.0985 107.2455
v 35.0935 38.5551 106.9454
v 35.3935 39.3985 108.2455
v 35.6935 37.7485 107.2455
v 35.7240 36.6985 107.8454
v 34.4935 35.2431 107.8454
v 35.3584 36.0985 107.8454
v 34.7935 40.4977 109.3454
v 36.2935 40.2985 110.1854
v 37.0225 39.3985 109.9454
v 35.6935 36.5040 109.0454
v 36.3709 37.2985 109.0454
v 38.2318 38.4985 112.3454
v 34.7864 36.0985 109.9454
v 37.1935 37.6618 112.9454
v 34.7935 41.6978 112.3454
v 35.0935 41.3368 111.4454
v 35.6935 40.7649 110.5454
v 35.0448 41.4985 112.0454
v 37.1935 41.5665 112.6454
v 36.5935 41.8571 113.2455
v 36.8935 37.8985 114.2254
v 36.5935 37.1649 110.8454
v 35.0935 41.6227 113.5454
v 35.0935 41.4868 114.7455
v 36.5935 42.0259 114.7455
v 34.2273 39.3985 114.7455
v 35.0935 39.3985 115.4354
v 35.0935 39.6985 115.5354
v 36.8935 57.3985 28.3954
v 37.4021 56.7985 27.7455
v 37.7350 56.1985 27.4454
v 38.1615 55.5985 27.1454
v 38.1896 57.3985 26.8454
v 38.6935 56.1985 26.3454
v 41.2740 54.3985 24.4454
v 36.6193 -32.9012 28.3454
v 39.0643 53.1985 28.0454
v 39.5935 52.3337 28.6454
v 36.8935 -27.3122 29.5454
v 39.5935 -22.4012 31.3555
v 39.9303 -20.9012 32.2455
v 41.0935 -20.9962 31.6454
v 38.9935 -26.3012 29.5554
v 37.7935 -31.5282 29.8454
v 37.8662 -31.4012 29.5454
v 38.6490 -29.3012 29.2455
v 38.3935 -30.5442 30.7455
v 36.5935 -32.2392 30.7455
v 37.1935 -31.4012 31.1454
v 38.3935 51.0985 31.6255
v 40.1935 50.3415 31.9454
v 37.7935 -24.5692 32.2455
v 40.7935 -23.3012 34.8254
v 40.4935 -25.1012 33.9855
v 37.7935 -30.2012 31.8054
v 38.0935 -30.4852 31.3454
v 38.6935 -28.9772 32.2455
v 36.5935 48.9985 35.9654
v 38.3935 49.7181 34.0454
v 38.3935 48.9446 35.5454
v 39.8935 -21.4212 34.6454
v 37.7935 48.1899 37.0454
v 38.9935 48.2415 37.0454
v 38.9935 47.6181 38.5454
v 37.7935 46.7837 39.7455
v 38.9935 46.9946 40.3454
v 38.9935 46.6712 41.5454
v 38.3935 45.8134 43.9454
v 38.9935 56.1985 47.0055
v 38.0935 57.3985 46.9855
v 37.4935 57.3959 47.5454
v 38.6935 56.1985 47.5254
v 37.9506 45.9985 47.8454
v 38.3771 45.9985 46.3454
v 38.9935 46.8985 46.0754
v 39.5068 48.0985 46.3454
v 36.5935 56.5959 49.0454
v 38.0935 56.1774 49.0454
v 38.0935 49.2985 49.7455
v 38.6935 48.8274 49.0454
v 38.1334 46.5985 48.1454
v 38.9935 48.4460 47.8454
v 36.6990 45.3985 50.2455
v 36.8935 36.6985 48.7954
v 36.8935 36.0985 48.6255
v 37.7935 36.3985 49.0854
v 37.9509 37.8985 50.2455
v 38.6935 36.3985 49.5454
v 38.3935 37.2955 49.9454
v 36.5935 34.5985 48.5454
v 38.0935 35.1985 48.9554
v 38.6935 33.0985 49.3954
v 38.2623 31.8985 49.9454
v 37.1935 31.8985 50.1654
v 37.7342 30.9985 50.8454
v 36.8935 31.4743 50.8454
v 39.8935 33.3985 49.6255
v 39.2935 31.2985 50.1255
v 38.6935 30.9985 50.3855
v 37.1935 55.2985 50.6954
v 37.7935 53.7985 51.4354
v 41.3935 52.2985 51.3755
v 39.2935 54.6985 50.6754
v 37.4935 48.0985 53.1155
v 37.5967 49.8985 50.5454
v 35.9935 46.7735 52.3454
v 44.6686 47.7985 49.9454
v 41.0935 49.8985 50.9554
v 36.4233 47.4985 52.3454
v 38.0935 38.1985 50.7954
v 38.0935 38.5712 51.7455
v 37.3271 30.3985 52.0454
v 37.1725 30.0985 53.5454
v 37.3553 27.9985 53.5454
v 37.9834 29.1985 51.7455
v 38.9935 29.1985 50.9955
v 37.6599 27.9985 52.6454
v 38.3935 25.5985 52.3954
v 38.9935 25.2985 52.1255
v 38.3935 21.6608 53.2455
v 38.0935 48.6985 53.7154
v 38.0935 49.2985 54.1255
v 39.5935 50.0790 55.6454
v 38.9935 50.4071 55.9454
v 39.2935 49.2273 54.7455
v 38.3935 46.5985 54.1854
v 41.0935 47.1985 55.7355
v 38.9935 46.2259 55.0454
v 36.5935 39.0446 53.2455
v 36.8935 37.8985 55.0254
v 38.0935 38.2852 54.1454
v 38.3935 38.0227 54.4454
v 38.6935 38.0743 54.1454
v 36.5124 31.2985 53.5454
v 37.0459 30.9985 54.4454
v 37.2943 28.8985 53.8454
v 37.4256 28.5985 55.0454
v 37.2287 26.4985 55.3454
v 37.2193 26.1985 54.1454
v 37.4584 22.2988 53.8454
v 37.1725 23.4985 54.1454
v 36.7553 23.4985 55.9454
v 36.7459 22.5988 55.0454
v 36.9769 20.1988 54.4454
v 38.9935 21.0988 53.1355
v 37.7935 15.9988 54.3054
v 37.7935 18.9988 53.8954
v 38.3935 15.0988 54.5354
v 40.1935 21.4898 52.9454
v 40.7935 20.1988 53.4855
v 36.5935 13.8988 54.9554
v 38.7193 -11.0012 52.6454
v 38.6935 -10.7422 52.9454
v 37.9944 -11.9012 53.2455
v 39.5935 -10.3242 52.6454
v 39.5935 -12.3822 52.3454
v 37.1935 50.5477 57.7455
v 37.3998 45.0985 57.4454
v 37.7935 45.2227 56.5454
v 38.0935 45.2040 57.4454
v 38.9935 45.5462 56.5454
v 39.5935 45.5649 57.4454
v 38.9935 34.5985 56.6754
v 38.3935 35.7985 56.2654
v 38.3935 33.6985 56.6454
v 39.2935 35.4985 56.3954
v 37.4935 32.3774 55.9454
v 37.7935 33.0985 56.3454
v 37.8521 31.2985 55.9454
v 37.9225 30.3985 55.9454
v 37.8474 29.1985 55.9454
v 37.5568 27.3985 55.9454
v 37.9975 27.9985 56.5454
v 38.9799 28.5985 57.4454
v 37.3225 23.4985 57.7455
v 36.8935 12.3608 55.3454
v 38.6935 14.1988 54.9454
v 38.0935 12.3738 55.6454
v 37.8381 10.2988 57.1454
v 38.6935 12.1018 56.2455
v 37.1935 -11.3012 56.7455
v 40.7935 -10.1602 52.6454
v 38.3935 -10.7972 55.3454
v 39.1654 -11.0012 55.0454
v 39.2935 -12.7052 53.5454
v 36.5935 -11.9012 57.5055
v 38.6935 -12.7472 54.7455
v 38.9935 50.9743 58.0454
v 38.0935 50.5196 59.2455
v 40.1935 50.7118 61.3454
v 38.0935 45.6306 59.8454
v 38.6452 26.7985 57.7455
v 39.2935 26.7985 58.2154
v 38.0678 24.0985 58.3454
v 37.1935 20.1988 59.3655
v 38.9935 23.7985 59.0954
v 39.1975 11.7988 59.8454
v 38.9935 48.9985 62.0254
v 39.2935 49.8467 61.6454
v 36.5935 46.5985 60.7154
v 36.8935 46.2985 60.6055
v 37.7935 47.1985 61.4554
v 38.0935 46.8985 61.4054
v 38.9935 47.1985 61.8454
v 38.6935 46.3290 61.0454
v 39.2935 46.8985 61.7054
v 39.2935 19.2988 60.5554
v 39.2935 17.7988 60.8454
v 38.6935 19.5988 60.4054
v 39.2935 15.6988 61.0754
v 37.2469 10.8988 62.2455
v 38.3631 11.7988 61.3454
v 38.3935 43.8985 63.3855
v 38.0443 42.9985 63.4454
v 38.6935 42.4618 64.9454
v 36.5935 38.7985 62.8054
v 37.6412 38.7985 64.9454
v 36.8935 36.7255 64.6454
v 38.6935 48.9985 66.9254
v 38.0935 41.8993 66.4454
v 38.6935 42.1009 67.3454
v 37.6178 39.6985 65.8454
v 37.8943 39.3985 66.1454
v 38.2131 39.3985 67.3454
v 37.4935 36.0985 66.2754
v 37.7912 36.6985 66.1454
v 38.1803 37.8985 66.1454
v 38.1287 36.0985 67.3454
v 38.2693 36.6985 67.0454
v 37.1935 34.6431 67.9454
v 37.7935 35.4985 67.5254
v 36.8935 48.8743 68.5454
v 39.5935 49.8352 70.6454
v 38.0935 39.3985 72.0154
v 37.4935 39.8837 69.4454
v 38.0935 39.6353 67.9454
v 38.0738 39.6985 68.5454
v 38.0935 39.6118 70.3454
v 38.3935 39.4759 68.8454
v 39.3334 37.8985 69.1454
v 36.8935 33.6306 69.7455
v 37.4935 33.8134 70.0454
v 38.0935 34.3899 69.7455
v 38.9935 36.3985 68.7654
v 38.6935 49.2985 70.6255
v 37.7935 48.6985 70.2954
v 41.9935 46.2985 75.2355
v 37.1935 39.5321 71.5454
v 38.6935 39.3259 70.0454
v 38.0935 34.0852 70.3454
v 38.0935 33.3165 72.1454
v 37.7935 39.3634 72.4454
v 38.3935 38.9509 74.5454
v 39.2935 38.4540 76.6454
v 37.1935 32.6790 73.3454
v 36.8935 32.4024 74.8454
v 38.3935 32.5899 75.1454
v 38.3935 32.9977 73.6454
v 37.7935 38.1493 79.0454
v 38.3935 32.1165 77.5454
v 36.8935 37.5587 82.0454
v 38.6935 37.9852 80.5454
v 38.0935 31.8587 78.7455
v 36.5935 31.5587 81.1454
v 37.4935 37.6759 82.6454
v 38.0935 37.1931 86.5454
v 38.3935 31.6665 82.3454
v 37.4935 31.1556 85.3454
v 36.5935 31.1790 83.8454
v 37.1935 31.2399 83.2455
v 38.3935 31.6056 84.4454
v 36.5935 30.9118 86.2455
v 38.6935 31.8587 85.3454
v 38.3935 36.6915 88.3454
v 38.7381 36.3985 88.3454
v 38.2626 31.8985 88.6454
v 38.0935 31.4790 86.8454
v 36.8935 30.9071 87.7455
v 37.4935 31.1274 86.8454
v 37.7935 31.3712 88.0454
v 38.0476 31.8985 89.5454
v 38.5928 32.7985 89.8454
v 38.6935 32.4985 88.8655
v 36.5935 30.8696 89.5454
v 37.4935 31.3946 89.5454
v 36.8490 33.6985 96.1454
v 39.1740 33.9985 89.2455
v 36.5678 34.8985 97.0454
v 38.1521 39.9985 111.7455
v 38.0021 39.0985 111.4454
v 36.8935 40.9571 111.4454
v 36.8935 39.9985 110.2754
v 36.8935 40.5259 110.8454
v 38.0727 41.1985 112.6454
v 38.0935 42.2837 114.7455
v 38.3935 42.0985 114.2754
v 38.3935 42.3352 115.0454
v 39.2935 41.7774 114.1454
v 38.3072 38.1985 113.5454
v 39.2935 38.4071 115.3454
v 36.8849 41.1985 116.5454
v 38.3935 41.9931 116.8454
v 39.3102 42.3985 116.5454
v 38.8922 41.4985 117.7455
v 39.2935 39.0985 117.4054
v 39.8935 39.3985 118.0055
v 38.6935 38.4446 115.9454
v 38.9935 40.5985 118.0654
v 39.2935 41.1985 118.1454
v 40.0412 56.7985 24.7455
v 41.4375 56.7985 23.2455
v 40.3975 56.1985 24.4454
v 38.7100 57.3985 26.2455
v 41.4756 57.6985 23.2455
v 39.0990 57.9985 25.9454
v 41.3935 54.9985 23.8855
v 41.3935 55.5985 23.5654
v 40.1935 51.6985 29.1355
v 42.5935 -19.1012 32.4354
v 40.7935 -24.2012 30.6554
v 39.2935 -26.8262 29.5454
v 39.8935 -26.3012 29.9454
v 40.7935 -25.1012 30.6255
v 41.7013 -23.0012 31.3454
v 39.6803 -28.1012 30.1454
v 40.5568 -26.9012 31.0454
v 39.9756 -28.1012 31.0454
v 42.6381 -14.0012 34.9454
v 41.4065 -17.6012 33.4454
v 40.6881 -19.1012 33.1454
v 40.1350 -19.7012 33.7455
v 40.1725 -20.3012 32.5454
v 41.0935 -20.0012 32.1454
v 39.2935 -28.4012 32.3054
v 41.0935 -24.9772 33.7455
v 40.8287 -26.6012 31.6454
v 41.0935 -25.6222 33.1454
v 38.9935 -29.0672 31.9454
v 39.5935 49.2868 34.6454
v 40.7935 49.3431 34.6454
v 40.4935 48.9985 35.6155
v 40.7935 49.1092 35.2455
v 40.4865 -19.7012 34.9454
v 42.5935 -16.7012 36.8154
v 42.2490 -16.1012 36.4454
v 39.8935 -22.7012 34.6854
v 40.4935 -23.0012 34.8855
v 44.6935 -14.6012 38.1355
v 42.2935 -20.9012 35.7555
v 41.3935 -23.9172 34.3454
v 40.4935 48.6540 36.7455
v 40.7935 48.6915 36.4454
v 40.7935 48.5368 37.6454
v 40.1935 48.1337 38.2455
v 39.8935 47.5056 40.3454
v 41.0935 48.4478 39.4454
v 40.1935 47.5946 41.5454
v 42.2935 50.0579 41.2455
v 41.9935 49.2985 40.0854
v 39.8350 57.3985 45.1454
v 40.7443 56.1985 44.8454
v 41.0443 57.3985 43.6454
v 40.2756 56.1985 45.4454
v 40.9928 54.6985 45.1454
v 40.6962 49.2985 44.8454
v 39.8935 48.3985 45.7054
v 40.9881 49.5985 44.2455
v 39.2935 56.1985 46.6355
v 39.5935 55.9899 47.8454
v 41.0935 55.5212 47.2455
v 39.2935 48.4571 47.5454
v 43.7935 47.0134 47.5454
v 39.5935 55.4931 49.6454
v 40.7935 55.4227 49.0454
v 41.6935 54.6165 49.9454
v 41.3935 55.4743 47.8454
v 41.5578 54.3985 50.2455
v 39.8935 35.7005 49.9454
v 39.5935 34.8985 49.5554
v 40.8164 34.8985 50.2455
v 40.7935 33.9985 50.0354
v 41.3935 31.5985 50.3755
v 41.3935 29.7985 50.6954
v 40.7935 32.7985 50.0055
v 41.6935 32.4985 50.4454
v 39.5935 30.3985 50.4154
v 42.8935 51.0985 51.3254
v 39.2935 38.0181 52.0454
v 39.2935 37.4649 50.8454
v 39.8935 36.3985 50.3354
v 40.7935 36.3985 51.1954
v 41.0935 36.5247 51.7455
v 40.7935 36.9985 52.1554
v 40.1935 29.1985 50.7054
v 39.8935 22.8985 52.5554
v 40.7935 27.3985 51.2254
v 41.3935 26.1985 51.6754
v 40.0271 -11.3012 51.1454
v 39.5935 -11.0012 51.6654
v 42.5935 -9.7002 49.0454
v 41.7615 -10.4012 49.3454
v 42.8935 -9.5082 49.6454
v 40.7935 -12.2012 51.1055
v 41.0935 -12.3162 51.1454
v 39.5935 47.4985 54.5454
v 41.6935 47.7985 55.8454
v 41.6935 48.3985 55.7455
v 39.2935 37.8352 54.1454
v 39.8935 37.2493 54.7455
v 40.7935 36.8977 54.4454
v 41.0935 36.8884 53.8454
v 40.7935 36.5462 55.0454
v 40.4935 17.4988 54.4354
v 39.8935 15.0988 55.2154
v 41.3935 19.4098 54.1454
v 41.3935 18.2998 54.7455
v 40.1435 -11.6012 54.4454
v 41.7428 -11.3012 52.9454
v 40.6599 -11.0012 53.8454
v 40.1259 -12.2012 54.1454
v 40.7820 -12.5012 52.6454
v 40.4935 50.9462 57.1454
v 39.8935 51.0306 57.4454
v 40.7935 50.4985 56.5055
v 41.3935 51.4384 58.0454
v 39.8935 46.0009 56.2455
v 41.0935 46.1978 57.1454
v 40.7935 45.9165 57.7455
v 40.1935 34.5985 56.7054
v 40.1935 33.6985 56.9955
v 40.7935 35.4985 56.0754
v 40.7935 35.2428 56.2455
v 41.0935 33.6985 56.9354
v 39.5935 31.8985 57.2054
v 39.2935 30.6985 57.2254
v 41.0935 29.1985 58.0854
v 40.7935 32.7985 57.2455
v 39.5935 28.5985 57.8454
v 39.2350 12.6988 56.2455
v 39.5935 13.5988 55.8655
v 39.5935 13.8988 55.6554
v 39.8935 12.7308 57.4454
v 40.1935 14.4078 55.9454
v 40.2568 13.2988 57.4454
v 40.7935 14.6238 56.8454
v 40.7443 14.1988 57.4454
v 41.0209 14.7988 57.4454
v 39.2935 51.0259 58.9454
v 41.6935 51.7759 58.9454
v 39.8935 45.7196 59.5454
v 40.4935 46.0806 60.4454
v 41.0935 45.9821 59.5454
v 41.3935 26.4985 58.7555
v 39.5935 20.7988 60.2054
v 40.7350 14.1988 58.6454
v 41.0935 15.0808 58.6454
v 39.5725 12.0988 58.9454
v 39.3662 12.3988 60.1454
v 40.2896 13.2988 58.6454
v 40.4021 14.4988 59.8454
v 39.5935 48.9985 62.3354
v 41.1212 51.0985 61.6454
v 40.7935 50.6884 61.9454
v 39.5935 46.5024 61.3454
v 40.7935 47.4985 62.4054
v 41.9935 46.5540 61.0454
v 40.7935 46.3712 61.0454
v 40.7935 19.8988 60.1954
v 41.0935 18.9988 60.0654
v 40.4631 15.3988 60.1454
v 41.5957 49.2985 63.1454
v 41.6935 48.6985 63.1055
v 38.9935 45.9985 64.2355
v 39.3100 45.3985 64.3454
v 39.5771 44.1985 64.6454
v 39.4506 43.2985 64.9454
v 45.2935 50.4985 72.9754
v 40.2054 46.8985 65.8454
v 40.4935 46.2760 65.8454
v 40.6459 45.6985 65.8454
v 40.4935 44.7985 65.6355
v 42.1553 45.3985 67.6454
v 41.0725 44.4985 66.4454
v 40.1935 43.5985 65.7455
v 40.7935 43.5985 66.6355
v 41.5928 44.1985 67.3454
v 41.2318 43.5985 67.3454
v 39.2935 49.6993 69.1454
v 42.5213 49.8985 70.3454
v 40.7935 49.8399 69.4454
v 39.5935 42.3587 67.9454
v 40.1935 42.7196 69.4454
v 41.0935 42.9634 68.8454
v 39.4271 38.4985 70.3454
v 39.1975 36.9985 68.8454
v 39.6521 36.3985 70.3454
v 41.0935 50.1985 73.0654
v 41.6935 50.4985 71.2954
v 41.6935 44.2618 73.0454
v 39.5383 42.9985 70.0454
v 40.7935 42.9540 70.0454
v 41.6935 43.5165 71.5454
v 39.2935 38.8687 71.5454
v 39.8725 37.8985 71.2455
v 39.8818 37.5985 70.9454
v 39.9615 36.3985 71.2455
v 39.2935 34.3426 72.1454
v 39.3943 35.1985 70.9454
v 42.2537 48.9985 76.0454
v 41.6935 46.8985 75.2455
v 41.0935 45.0985 73.6255
v 39.2935 38.7821 73.9454
v 40.5287 36.9985 73.6454
v 40.2521 37.8985 74.2455
v 40.4350 36.3985 73.0454
v 40.6459 36.9985 74.5454
v 40.7068 36.3985 74.5454
v 39.7318 34.5985 72.7455
v 39.2935 33.2649 74.8454
v 39.2935 33.5602 73.9454
v 39.8068 33.9985 74.2455
v 39.8935 38.3268 74.2455
v 40.7209 36.9985 75.4454
v 40.1935 37.8433 76.9454
v 40.8615 36.3985 75.7455
v 40.8662 36.6985 76.9454
v 39.9990 33.6985 75.7455
v 40.3365 34.2985 75.4454
v 40.7584 35.1985 75.7455
v 40.4350 33.9985 76.9454
v 40.9646 36.0985 76.9454
v 40.7678 34.5985 77.2455
v 39.2935 38.0743 79.0454
v 39.5935 38.1024 78.1454
v 40.6787 36.9985 78.4454
v 40.8662 36.3985 79.0454
v 40.7303 34.2985 78.7455
v 40.5896 33.9985 78.4454
v 38.9935 32.4985 77.0354
v 40.1209 33.3985 77.5454
v 39.2935 32.4985 78.3154
v 39.2935 32.3837 79.3454
v 40.2193 37.2985 79.9454
v 40.6131 36.3985 80.8454
v 40.8006 36.3985 79.6454
v 39.8021 36.3985 84.7455
v 40.7162 34.2985 79.9454
v 40.4537 33.6985 79.9454
v 40.6881 35.7985 81.4454
v 40.6975 35.1985 81.7455
v 40.3787 33.6985 81.4454
v 40.6084 34.2985 81.4454
v 40.3271 35.7985 83.5454
v 40.4935 35.1985 83.1654
v 40.2568 33.9985 83.8454
v 39.6709 32.7985 83.8454
v 38.9935 32.0556 83.5454
v 40.0600 33.3985 83.5454
v 39.6428 36.6985 84.4454
v 39.4037 36.3985 86.2455
v 40.1256 34.5985 85.3454
v 39.2935 32.4423 85.0454
v 39.2725 32.4985 85.6454
v 39.2935 32.7985 86.8855
v 39.0475 36.3985 87.4454
v 39.2935 36.0985 87.3755
v 39.3146 35.4985 88.3454
v 39.6896 33.9985 87.1454
v 39.4693 34.5985 88.3454
v 39.3381 33.3985 88.0454
v 38.9490 39.9985 112.6454
v 39.5293 39.6985 113.2455
v 40.7935 41.4985 114.7455
v 40.7935 41.1985 114.4754
v 40.7935 39.6985 114.3855
v 41.7282 39.3985 115.3454
v 41.6935 39.6985 115.0654
v 40.7935 42.3985 116.2254
v 40.4935 42.3587 117.4454
v 41.3935 42.4243 117.4454
v 41.0935 38.7399 116.2455
v 40.7935 42.0985 118.0754
v 41.3935 41.1985 119.0254
v 39.5935 40.2985 118.3655
v 40.4935 40.5985 118.8254
v 42.5519 39.0985 118.6454
v 40.7935 39.3985 118.3855
v 40.7935 39.9985 118.8154
v 41.3935 40.2985 119.1155
v 42.2935 39.9985 119.3254
v 42.0756 56.7985 22.6454
v 42.8935 55.8985 22.2154
v 41.9209 54.6985 23.5454
v 42.2935 54.9985 23.0454
v 42.6606 54.6985 22.9454
v 42.1160 54.0985 23.8454
v 43.1935 52.7931 24.4454
v 43.7935 52.1556 25.0454
v 44.0935 52.5493 24.1454
v 43.7935 51.7431 25.9454
v 43.1935 50.4868 31.0454
v 42.2676 49.5985 33.1454
v 43.7935 50.4132 31.9454
v 43.4935 50.1985 32.2654
v 42.9106 -14.3012 34.3454
v 43.7935 -15.2012 33.6055
v 42.5935 -16.1012 33.4955
v 45.2935 -13.1012 34.3755
v 42.2935 -21.8012 31.8655
v 42.6709 -21.8012 32.2455
v 42.0803 -24.2012 32.5454
v 43.1935 -21.5652 34.6454
v 43.6599 -20.9012 34.3454
v 43.7209 46.2985 34.3454
v 45.5490 44.4985 34.0454
v 53.0537 38.4985 29.2455
v 43.5082 -12.5012 34.9454
v 43.4935 -11.7002 35.5454
v 43.4818 -20.9012 34.9454
v 43.4935 -19.7012 35.9454
v 41.3935 -23.3012 34.7455
v 44.9476 45.0985 36.1454
v 45.2569 45.0985 36.7455
v 43.6084 -10.7012 36.7455
v 44.1053 -9.5012 37.6454
v 44.0935 -12.8012 38.1854
v 44.1803 -11.3012 38.2455
v 42.2935 49.2985 40.2154
v 42.8935 48.3118 39.4454
v 43.1912 57.6985 40.6454
v 42.2935 57.3985 41.9454
v 42.8935 57.4450 41.2455
v 42.8935 56.1985 41.8655
v 43.7935 56.1985 41.1155
v 43.7935 56.7985 40.6754
v 41.7606 53.1985 44.2455
v 42.8935 54.6985 42.2154
v 42.8935 53.1985 42.2054
v 43.4935 54.3985 41.9254
v 42.5935 50.7985 41.5154
v 42.6334 51.6985 42.1454
v 41.7685 51.3985 43.9454
v 45.5935 49.8985 42.0254
v 48.2935 45.3985 41.1355
v 42.0146 55.5985 43.3454
v 41.9396 57.3985 42.4454
v 41.5271 53.7985 44.5454
v 43.1935 53.7985 45.0954
v 42.8935 52.8985 44.3755
v 44.9935 50.7985 43.8555
v 48.2935 50.1985 43.7854
v 48.5935 50.7985 44.1255
v 44.6935 48.9985 44.0454
v 44.9935 49.5985 43.8454
v 42.8935 54.9212 46.9454
v 42.5935 54.8368 46.3454
v 43.4935 54.7806 47.8454
v 44.0935 54.3399 46.3454
v 43.7935 53.9274 45.4454
v 43.7935 47.0462 46.9454
v 44.2506 -9.8012 46.0454
v 42.8631 -10.7012 47.8454
v 42.0783 54.6985 49.6454
v 43.1609 53.7985 50.2455
v 43.4935 54.5087 49.0454
v 43.8835 53.4985 50.2455
v 42.2935 48.0024 49.3454
v 43.4584 -11.3012 47.5454
v 45.2935 -11.3322 46.0454
v 44.3935 -9.1572 46.6454
v 43.1935 52.2985 51.1454
v 44.9935 51.0985 51.1454
v 44.6935 50.1985 51.1654
v 46.1935 47.7985 50.3154
v 48.5935 47.7985 50.6155
v 42.0699 33.6985 50.8454
v 42.1646 35.1985 51.7455
v 42.1225 34.8985 51.4454
v 42.1459 35.4985 52.0454
v 42.3286 31.8985 50.8454
v 43.3225 31.8985 51.7455
v 43.0131 33.3985 51.7455
v 43.3600 30.9985 51.7455
v 43.4935 32.2940 52.0454
v 41.9935 29.4985 50.9754
v 42.2935 28.8985 51.2455
v 42.5935 30.6985 51.1055
v 43.1935 29.4031 51.7455
v 43.4935 29.4985 52.0254
v 43.5990 30.3985 52.0454
v 42.5935 27.6985 51.7154
v 42.5935 26.6553 52.0454
v 43.6412 27.6985 52.6454
v 42.2935 24.6985 52.5454
v 42.6181 -10.4012 51.7455
v 43.1460 -10.7012 51.4454
v 43.1935 -11.3012 51.4054
v 42.6053 -11.3012 52.0454
v 43.4665 -11.6012 50.8454
v 42.5935 -12.1802 49.9454
v 44.3935 -11.7682 49.0454
v 41.3935 36.6868 53.2455
v 42.3006 35.7985 53.5454
v 42.4506 35.4985 54.4454
v 42.7553 35.1985 54.1454
v 42.5935 35.1985 54.7455
v 43.4818 33.9985 53.2455
v 43.4935 33.9940 54.4454
v 43.5756 32.7985 52.3454
v 43.7350 33.3985 53.2455
v 43.5100 33.6985 55.0454
v 43.1935 24.8365 53.2455
v 43.5850 24.6985 53.8454
v 43.2662 23.7985 53.8454
v 43.7935 26.6402 53.2455
v 42.2935 21.9988 53.6554
v 42.9662 21.9988 54.4454
v 43.3084 22.8985 54.4454
v 43.6084 23.7985 54.4454
v 41.9935 18.9988 55.0354
v 42.5068 20.4988 54.7455
v 42.4459 19.5988 55.3454
v 42.5935 50.1985 56.6854
v 43.1935 51.0985 57.4754
v 44.6935 49.2985 57.2254
v 44.6935 51.6757 58.0454
v 43.7935 47.2524 58.0454
v 41.6935 35.1985 55.8154
v 42.0569 34.2985 56.2455
v 42.2935 33.6985 56.4654
v 43.3693 33.6985 55.3454
v 41.6935 31.8985 57.4054
v 42.2935 28.8985 58.0154
v 42.2935 31.8985 57.2355
v 42.8935 32.0548 56.8454
v 42.8935 30.9985 57.2054
v 43.4771 32.7985 55.9454
v 43.4935 32.1985 56.2555
v 43.4935 30.6748 56.8454
v 43.4935 29.5779 57.1454
v 43.2568 21.9988 57.7455
v 43.4912 22.2988 57.1454
v 43.7537 24.0985 57.1454
v 43.5475 22.5988 55.3454
v 42.9006 19.8988 56.8454
v 42.7365 19.5988 56.2455
v 42.7787 19.5988 57.4454
v 43.1771 21.0988 57.4454
v 43.8615 23.7985 56.5454
v 41.8834 17.4988 56.2455
v 42.0287 17.4988 56.8454
v 41.4193 15.9988 56.8454
v 44.3935 52.9712 61.3454
v 43.1935 52.0196 58.6454
v 42.5935 46.4790 58.6454
v 42.5935 46.6102 58.0454
v 44.1407 47.1985 58.6454
v 43.1935 46.6337 59.5454
v 41.9935 27.9985 58.3054
v 42.2935 27.0985 58.4154
v 43.4935 27.9985 57.4855
v 42.8935 26.4985 58.2054
v 43.6646 26.7985 57.4454
v 42.2935 24.0985 58.9154
v 42.8935 24.0985 58.4654
v 43.4724 24.0985 57.7455
v 41.6935 22.2988 59.4955
v 42.2935 22.2988 59.1155
v 41.6935 20.1988 59.6554
v 41.7685 19.5988 59.5454
v 42.1225 20.1988 59.2455
v 42.0475 19.5988 59.2455
v 42.1225 18.3988 58.6454
v 42.6835 51.9985 61.6454
v 42.2935 46.8985 61.6654
v 43.4935 46.7977 60.4454
v 43.1935 46.9431 61.3454
v 43.7935 47.2196 61.6454
v 42.2935 50.7985 62.9554
v 45.5935 53.2618 62.8454
v 42.2935 48.6985 63.2355
v 42.5935 50.4985 63.2854
v 44.3935 48.1243 62.8454
v 41.8787 46.2985 67.3454
v 41.9935 50.1985 70.5554
v 42.0287 47.4985 67.9454
v 43.4935 47.4985 69.4855
v 42.2396 44.7985 67.9454
v 42.4834 44.1985 68.8454
v 43.0318 44.1985 70.0454
v 42.2935 43.5985 69.8154
v 42.8935 45.3985 68.6754
v 44.2600 45.3985 70.9454
v 42.2935 50.9321 72.7455
v 43.7935 51.2556 73.0454
v 45.5935 51.0985 73.7355
v 42.2935 43.5681 71.2455
v 42.8935 43.8540 71.5454
v 43.1935 51.3306 75.1454
v 44.1668 51.9985 75.7455
v 43.0271 50.7985 76.0454
v 41.9935 45.0821 74.2455
v 42.5935 44.4212 73.6454
v 42.8935 45.0985 74.7854
v 43.1935 44.8571 74.5454
v 43.7935 44.4306 73.0454
v 43.7935 44.3837 72.4454
v 44.6068 52.2985 77.2455
v 43.1912 50.1985 76.9454
v 44.3115 49.5985 78.7455
v 43.4935 50.8593 76.9454
v 44.9935 47.7315 78.7455
v 43.4935 45.9985 76.1554
v 43.7935 44.7985 74.4454
v 44.3935 48.9985 78.7654
v 42.2935 40.2985 115.1454
v 42.2935 40.8985 115.1754
v 42.5935 41.9743 116.2455
v 44.3935 41.4985 116.3655
v 44.3935 42.1618 117.4454
v 43.7935 40.8985 115.7555
v 44.9935 41.7399 116.8454
v 42.2346 39.3985 115.6454
v 42.5935 39.0985 116.1754
v 46.4935 40.2985 116.6155
v 44.3935 39.0821 116.5454
v 42.2935 41.7985 118.8054
v 44.6935 41.9134 118.9454
v 44.9935 39.3960 119.8454
v 42.5935 41.1985 119.3154
v 45.6193 55.5985 19.0454
v 47.0935 54.3985 17.2254
v 44.0162 56.4985 20.2455
v 45.2350 56.4985 18.7455
v 45.0540 55.8985 19.6454
v 45.2678 52.5985 20.5454
v 45.1318 52.2985 21.4454
v 45.5935 51.6985 22.0354
v 46.7935 50.8899 22.6454
v 44.9935 51.9727 24.7455
v 44.9935 51.6071 25.6454
v 45.5935 51.3024 26.5454
v 46.7935 51.3071 27.7455
v 44.9935 50.7985 31.6954
v 55.8428 35.7985 28.3454
v 44.6935 45.1899 35.5454
v 47.6935 42.6306 34.6454
v 48.2935 42.2884 34.9454
v 46.4935 -6.2012 36.1654
v 46.1935 -9.2012 35.2754
v 45.2935 -10.1012 35.0454
v 45.5935 -6.6972 36.4454
v 44.6935 -10.4012 35.1554
v 44.0935 -12.2012 34.6754
v 47.2506 -11.3012 35.8454
v 44.9935 -14.9012 34.0554
v 46.1350 -15.5012 35.8454
v 45.3521 -17.3012 35.5454
v 44.6279 46.5985 38.5454
v 46.7935 44.1446 36.7455
v 45.9756 -3.5012 38.5454
v 44.7849 -7.4012 37.0454
v 45.5935 -4.6492 38.8454
v 45.6615 -5.3012 37.3454
v 44.9935 -14.9012 38.0454
v 45.8935 -10.1012 39.6454
v 44.9935 -16.1012 37.4654
v 45.5256 -16.7012 36.4454
v 44.0349 57.0985 40.0454
v 44.6935 57.0985 38.4855
v 44.0256 57.6985 39.1454
v 46.5325 55.5985 38.8454
v 45.2935 46.2985 39.4154
v 47.3935 44.1306 38.2455
v 45.9240 -3.8012 39.7455
v 46.3553 -4.1012 40.6454
v 44.9935 -8.6012 39.1155
v 45.8935 -6.8012 40.1155
v 45.8935 -11.3012 39.3354
v 45.4787 -9.8012 40.9454
v 45.2935 51.6985 42.1155
v 46.1935 52.5985 41.8954
v 46.7935 52.5985 41.7455
v 47.0935 53.7985 40.9454
v 45.2935 48.9985 41.7054
v 46.7935 48.3985 41.8954
v 46.4935 50.1985 42.1355
v 46.4935 52.2985 44.7054
v 47.7235 52.2985 45.1454
v 45.8935 46.8985 45.0754
v 44.7428 -10.1012 43.9454
v 44.3256 -10.1012 45.7455
v 44.9935 -10.9612 45.1454
v 45.8935 -11.0082 43.9454
v 45.2935 54.1196 47.5454
v 47.3935 53.0837 46.3454
v 45.1957 54.0985 46.9454
v 47.6935 53.0931 46.9454
v 47.0935 45.7946 47.8454
v 45.8935 46.2259 46.9454
v 44.9935 -8.7632 46.6454
v 44.6626 -11.0012 46.0454
v 45.1539 53.4985 49.6454
v 47.3935 52.8634 49.0454
v 46.4873 52.2985 50.2455
v 46.7935 46.4274 49.0454
v 45.8935 -9.2942 47.8454
v 44.9935 -11.6692 47.8454
v 46.1935 -10.7192 47.8454
v 43.7935 52.8985 50.7355
v 45.2935 52.5985 50.4754
v 45.5935 50.4985 51.1155
v 46.3975 -9.5012 47.5454
v 44.5506 -10.7012 49.9454
v 44.1615 31.8985 53.2455
v 44.2928 31.8985 54.4454
v 44.2693 29.1985 53.2455
v 44.2928 30.6985 53.2455
v 44.4990 30.6985 54.4454
v 44.5693 29.4985 54.4454
v 44.0935 27.9985 53.2254
v 44.3771 27.0985 54.4454
v 44.4099 26.7985 55.0454
v 43.8850 24.3985 54.7455
v 44.6935 48.6985 57.3855
v 44.0021 27.9985 56.8454
v 43.8896 26.4985 57.1454
v 47.9935 52.2985 58.6055
v 48.2935 54.2087 60.1454
v 45.8896 48.0985 58.9454
v 44.9935 47.3556 60.1454
v 46.1935 47.9415 60.1454
v 46.2607 48.0985 59.5454
v 45.2935 47.8290 61.9454
v 47.0935 48.9165 62.8454
v 44.9935 51.3985 64.0154
v 44.9935 48.2743 62.8454
v 47.9935 49.8985 63.7754
v 50.3935 52.2985 65.2954
v 45.3850 48.9985 72.1454
v 44.2646 47.1985 70.3454
v 45.4740 46.8985 72.1454
v 45.1553 45.9985 72.1454
v 45.5935 51.9540 74.5454
v 46.7935 52.8813 76.0454
v 46.1935 48.6985 73.0554
v 45.7084 46.5985 72.7455
v 45.4178 45.9985 72.7455
v 46.3506 47.7985 73.3454
v 46.6131 47.1985 74.2455
v 44.9935 45.2415 74.5454
v 44.3935 51.9985 74.7954
v 45.2209 52.8985 77.5454
v 44.9935 52.1743 74.8454
v 45.5935 53.0556 76.6454
v 44.9935 46.8985 78.0055
v 44.6935 45.2509 75.1454
v 46.1935 46.2024 75.7455
v 45.6287 53.1985 78.7455
v 46.1935 54.0015 78.4454
v 46.4935 54.0915 77.8454
v 46.8053 52.2985 82.0454
v 45.2935 50.1985 79.9754
v 47.3935 49.5985 81.7154
v 47.6935 49.1931 81.4454
v 45.5935 41.9274 117.4454
v 46.4935 40.9354 116.8454
v 46.7935 39.0024 117.1454
v 46.4935 38.7212 117.4454
v 45.5935 39.3779 116.5454
v 46.1935 38.5571 117.7455
v 44.9935 41.8759 118.9454
v 44.9935 40.5985 119.8855
v 47.7662 57.6985 14.5454
v 47.2912 57.0985 15.7455
v 47.6935 57.0985 15.3154
v 47.3935 55.8985 17.1255
v 47.7709 56.1985 16.3454
v 48.2959 56.7985 15.1454
v 48.3016 54.3985 16.0454
v 48.9110 53.4985 15.1454
v 47.8944 54.9985 16.6454
v 48.0381 50.1985 17.8454
v 58.5850 42.0985 4.9454
v 47.9935 50.6743 23.5454
v 46.4935 51.6634 25.6454
v 48.8935 50.7985 24.0654
v 47.6935 51.8743 26.2455
v 47.3935 51.5462 28.3454
v 47.9935 51.9868 26.5454
v 47.9935 51.8837 28.3454
v 47.9935 52.0712 29.2455
v 48.5935 52.2985 26.6754
v 46.7935 52.0493 31.9454
v 48.5935 52.5985 29.1854
v 47.0935 52.5985 32.4154
v 51.5935 45.0985 28.8755
v 48.8935 48.5041 30.4454
v 52.4935 42.6985 28.1754
v 49.6037 57.9985 29.8454
v 45.4693 57.3985 37.0454
v 49.6928 56.7985 30.1454
v 47.1709 53.7985 33.7455
v 48.8209 53.1985 29.8454
v 47.0935 51.9741 32.2455
v 47.6935 51.9985 32.4354
v 47.9935 52.5774 33.1454
v 52.4935 48.3985 31.0354
v 50.6935 41.4985 29.6155
v 46.7303 54.9985 35.2455
v 46.7935 54.7960 35.2455
v 46.4935 55.3853 37.0454
v 49.7351 52.2985 35.5454
v 46.4935 -10.1012 35.1854
v 47.7709 -10.7012 36.4454
v 47.6935 54.7102 38.2455
v 48.2083 54.0985 37.3454
v 48.5935 42.3774 35.5454
v 48.2935 43.1274 36.4454
v 47.6976 43.8985 37.0454
v 47.6935 1.8988 38.7754
v 48.5935 1.5988 38.2654
v 47.6935 0.0988 38.0454
v 47.6935 -2.0012 37.2954
v 47.0935 -2.6552 37.3454
v 46.2541 -4.7012 37.0454
v 46.4935 -3.1852 37.6454
v 46.7959 0.9988 39.4454
v 47.6935 -4.1012 36.6854
v 48.8935 -6.2012 37.0254
v 48.2935 -8.9012 36.7154
v 47.9350 -11.0012 37.0454
v 48.3615 -10.1012 38.2455
v 47.9631 -11.0012 38.2455
v 47.3935 -12.5152 37.6454
v 46.3693 -14.6012 37.3454
v 47.3209 -12.2012 38.2455
v 48.1662 53.7985 40.0454
v 47.4599 54.6985 39.4454
v 48.2935 53.1985 40.6355
v 50.0935 41.9040 39.1454
v 49.9623 42.3985 39.7455
v 50.3935 42.9726 40.6454
v 47.0935 1.9168 39.4454
v 48.8935 6.6988 39.8954
v 48.0428 6.6988 41.5454
v 48.3521 7.2988 42.4454
v 46.7537 0.3988 40.9454
v 47.1460 0.9988 38.8454
v 46.5475 -0.5012 40.6454
v 46.5051 -6.2012 40.6454
v 46.4935 -7.1012 40.5554
v 46.4935 -10.4012 39.6454
v 46.4935 -11.3012 39.3354
v 47.6907 -10.1012 39.4454
v 48.3849 -9.5012 39.1454
v 46.4935 51.0985 42.1055
v 48.2935 51.9985 41.4754
v 48.5935 50.7985 41.8454
v 47.9935 49.5985 42.1155
v 49.1935 46.8985 41.9654
v 49.4935 49.5985 41.9154
v 49.1935 45.0985 41.3755
v 47.2787 0.9988 41.8454
v 48.2935 0.3988 42.8755
v 50.3935 10.2988 45.0754
v 47.2318 -1.1012 41.8454
v 47.9935 0.0988 42.6355
v 49.4935 -0.5012 42.9855
v 48.2935 -7.4012 40.5754
v 45.5935 -8.4492 45.7455
v 46.2294 -8.9012 46.9454
v 48.5935 -7.7012 40.2054
v 46.7935 -10.5722 41.5454
v 46.4935 -10.9992 44.2455
v 47.6935 51.9985 44.8154
v 49.3324 51.3985 44.8454
v 49.6060 48.0985 43.3454
v 51.5935 47.7985 43.2654
v 47.2922 46.5985 44.5454
v 45.2935 48.3985 44.1355
v 47.9935 48.0985 43.5754
v 48.2935 46.5985 44.0354
v 48.2935 45.6985 44.8154
v 46.4935 -11.0932 45.4454
v 46.7935 -10.8632 44.5454
v 46.9531 -10.7012 45.4454
v 46.8803 -9.8012 46.9454
v 47.9935 52.9946 47.5454
v 49.4597 52.2985 46.9454
v 47.9935 45.3071 47.5454
v 47.3935 45.6399 46.0454
v 47.6935 45.3915 46.6454
v 48.5935 45.0165 45.7455
v 48.5935 44.9181 46.3454
v 49.2573 44.4985 46.9454
v 46.4935 -11.0692 46.6454
v 46.4935 -9.8012 47.5954
v 46.4935 51.3985 50.7754
v 48.2935 52.0056 49.6454
v 47.9935 52.3946 49.3454
v 47.0935 46.7837 49.6454
v 48.8935 46.5985 50.0654
v 49.1935 45.6493 49.3454
v 48.2935 50.7985 50.5454
v 49.7935 48.0985 50.6854
v 47.6935 50.4985 50.7954
v 48.5935 53.7985 59.5854
v 50.0935 53.4985 59.3454
v 48.6014 49.8985 59.2455
v 48.5935 49.3431 60.1454
v 50.9935 51.9985 59.5154
v 46.4935 53.8899 62.5454
v 48.4548 54.9985 61.9454
v 47.3935 48.5462 60.4454
v 48.2935 49.0477 61.9454
v 47.3935 48.8696 62.5454
v 48.3332 48.9985 61.3454
v 48.6273 54.9985 63.1454
v 48.0180 54.3985 63.7455
v 48.8935 54.3985 64.6255
v 49.4935 54.3985 65.0654
v 50.6935 51.6985 64.8755
v 48.5935 49.3477 62.5454
v 46.6084 49.8985 73.9454
v 47.7568 50.7985 75.7455
v 46.8063 51.6985 75.1454
v 47.9935 54.0985 77.6255
v 49.2996 53.4985 78.1454
v 49.1818 50.7985 77.8454
v 48.3428 48.3985 78.7455
v 47.0935 47.1306 77.5454
v 48.4881 48.6985 78.1454
v 48.9381 49.5985 78.1454
v 46.6178 54.6985 79.0454
v 47.3935 55.2868 78.7455
v 47.9935 56.2748 79.3454
v 46.7935 47.3087 78.7455
v 47.6935 47.8524 79.0454
v 47.6935 56.4985 80.1155
v 47.5974 56.1985 79.6454
v 48.4225 57.6985 81.1454
v 46.6881 54.0985 80.5454
v 48.0287 56.1985 81.4454
v 48.5935 49.0008 80.8454
v 49.0740 49.2985 80.2455
v 49.8756 55.5985 86.2455
v 48.1928 54.9985 82.9454
v 49.4935 52.2985 85.3254
v 49.0974 53.4985 85.3454
v 49.3817 -44.3012 1.3454
v 49.4935 -44.3012 1.0654
v 49.1935 -44.6012 1.0354
v 49.0600 -44.9012 1.3454
v 54.6381 -39.5012 4.3454
v 54.7461 -39.2012 3.4454
v 50.6935 -44.5872 0.1454
v 50.9935 -44.0012 0.3855
v 49.9881 -46.1012 1.0454
v 49.6225 -46.1012 2.2455
v 50.5640 -46.1012 0.1454
v 50.6935 -46.9102 1.3454
v 49.7935 -44.6012 2.7355
v 50.6935 -44.0012 3.2355
v 53.9935 -40.7012 4.5055
v 56.0935 -40.1012 5.6255
v 50.0935 -46.1012 2.8254
v 50.6935 -46.4012 2.6854
v 51.5935 -44.9012 3.5254
v 52.4584 55.2985 6.1454
v 50.6490 54.3985 11.2455
v 48.6475 56.1985 14.5454
v 49.1935 57.0985 13.5554
v 50.3115 56.7985 10.9454
v 50.4709 57.3985 10.9454
v 50.6068 53.7985 12.4454
v 49.9646 53.7985 13.9454
v 50.8355 53.1985 13.3454
v 50.3935 53.1985 13.7154
v 54.6896 48.3985 7.9454
v 51.5935 52.0324 12.1454
v 50.3935 50.6040 23.5454
v 50.0935 52.4931 25.9454
v 50.6935 53.7985 26.4955
v 49.1935 52.7556 26.8454
v 50.2740 55.2985 28.3454
v 51.7599 56.4985 25.6454
v 50.2224 56.7985 28.9454
v 50.0150 53.7985 27.1454
v 49.3881 53.1985 28.0454
v 49.7303 53.7985 28.3454
v 50.9935 55.4959 26.8454
v 49.8662 56.1985 29.8454
v 49.0834 53.1985 29.2455
v 49.3506 53.7985 29.5454
v 50.6935 42.6985 29.1654
v 54.8537 37.8985 27.4454
v 49.7231 51.9985 34.0454
v 50.0935 40.4556 32.5454
v 50.0818 40.5985 31.6454
v 51.2935 39.5415 32.8454
v 50.3935 40.4321 33.7455
v 49.1935 41.7024 34.9454
v 50.6935 40.6618 34.6454
v 50.6935 40.8985 35.0254
v 49.1935 53.4681 38.2455
v 50.8730 51.9985 37.9454
v 50.1521 41.4985 37.9454
v 49.1935 42.6985 36.4254
v 49.4935 42.3212 36.1454
v 49.6506 42.0985 37.0454
v 50.5178 41.1985 37.0454
v 48.8935 -0.8012 37.5554
v 49.1935 -2.0012 37.4254
v 49.4935 1.8988 38.3254
v 49.4935 -0.8012 37.7455
v 50.0935 1.5988 38.4354
v 51.8935 2.7988 40.0254
v 49.2615 -6.8012 37.6454
v 49.5896 -6.5012 38.2455
v 52.2428 3.0988 40.6454
v 50.9935 51.6985 39.4254
v 49.7935 51.6985 40.8054
v 51.0185 42.0985 40.3454
v 48.6146 7.8988 40.6454
v 49.1935 8.5698 40.3454
v 49.4935 6.0988 39.4154
v 49.7935 5.1988 39.1155
v 50.9935 7.8988 39.6554
v 51.3177 5.7988 39.4454
v 51.8935 6.0988 39.7654
v 50.6935 0.9988 38.7654
v 50.6021 -3.5012 39.7455
v 48.8935 -6.2012 40.8755
v 49.4537 -6.2012 40.3454
v 49.1935 -6.1882 40.6454
v 49.8896 -5.3012 40.3454
v 50.1053 -4.1012 40.9454
v 50.3935 -3.8292 40.6454
v 49.1584 -7.1012 40.0454
v 48.7131 -9.2012 38.2455
v 50.0935 48.3985 41.9855
v 50.0935 49.8985 41.6554
v 50.9935 48.9985 41.6454
v 51.2935 46.2985 41.9554
v 50.3935 44.7985 41.6055
v 50.9935 43.2985 41.1454
v 50.9935 45.0985 41.8054
v 51.0193 23.1985 42.7455
v 50.5588 16.8988 41.8454
v 50.3935 19.2578 42.7455
v 49.8568 16.2988 43.0454
v 50.4006 20.4988 43.3454
v 49.1490 12.3988 42.7455
v 49.7490 15.3988 43.3454
v 50.9935 13.8988 40.8555
v 49.1935 11.7988 43.3254
v 49.7935 -2.9932 41.8454
v 50.6162 -2.9012 40.9454
v 50.9935 0.1828 42.4454
v 49.1935 50.7985 44.2654
v 50.6935 51.0306 45.1454
v 49.4935 49.5610 43.6454
v 51.2935 48.6985 43.5354
v 51.2935 49.2985 43.8454
v 50.9935 46.5985 43.1754
v 50.6935 45.3985 43.5254
v 50.3935 45.0985 43.8354
v 50.0935 44.0415 45.4454
v 50.3935 44.4985 44.3054
v 51.4947 44.1985 43.6454
v 50.7990 23.7985 43.3454
v 50.5506 20.4988 44.8454
v 50.9068 21.6988 45.4454
v 50.9935 19.5988 45.7355
v 50.6935 16.8988 45.4154
v 49.9225 15.9988 43.9454
v 49.8193 10.5988 44.5454
v 49.3271 8.4988 43.9454
v 49.1935 2.1988 43.5854
v 50.0935 4.8988 44.3154
v 50.0935 3.6988 44.0954
v 50.6935 3.1238 43.9454
v 51.5935 8.4988 45.2355
v 49.4935 0.3988 43.2555
v 50.6935 2.1988 43.6355
v 49.4935 52.2821 47.5454
v 50.0935 51.8884 46.3454
v 50.6935 51.5884 46.3454
v 50.6121 51.6985 47.5454
v 50.6935 43.4462 46.0454
v 51.0334 43.2985 45.1454
v 49.1935 50.7985 50.2154
v 50.0935 51.6493 48.7455
v 50.8087 50.7985 49.3454
v 50.6935 50.1985 49.9454
v 49.7935 50.1985 50.3254
v 50.6935 44.7985 49.2954
v 50.9935 46.1224 50.2455
v 50.2900 44.1985 48.1454
v 50.9935 45.3985 49.8954
v 50.3935 54.9985 59.7854
v 50.6935 53.7985 59.5055
v 51.5935 53.1985 59.5954
v 51.8935 52.8985 59.7355
v 50.3935 51.0985 59.6355
v 49.7935 56.3521 61.6454
v 50.0935 56.7944 61.0454
v 49.7490 56.1985 61.0454
v 50.4240 57.0985 60.4454
v 50.6935 56.7985 59.9154
v 50.4564 55.5985 59.8454
v 51.0803 57.9985 59.8454
v 48.8935 54.9493 60.7455
v 49.1935 54.6985 60.2455
v 49.4958 55.8985 61.9454
v 49.7935 49.8868 62.5454
v 51.2935 50.7399 61.3454
v 50.6935 50.3087 61.6454
v 49.5080 55.5985 63.1454
v 50.4240 56.4985 63.1454
v 50.8131 57.9985 61.9454
v 50.4330 55.8985 64.3454
v 49.4935 55.1181 64.3454
v 50.7685 50.7985 63.7455
v 49.7935 50.0931 63.1454
v 51.8935 56.1985 65.7654
v 49.1935 56.4985 79.2954
v 49.4935 55.8985 79.1155
v 49.4935 54.8355 78.7455
v 49.6787 53.1985 78.4454
v 50.5740 53.4985 79.6454
v 50.8740 52.2985 80.8454
v 48.9568 49.2985 78.7455
v 49.4935 57.3923 79.6454
v 48.4787 57.6985 80.2455
v 49.1935 57.6985 79.8154
v 50.1896 50.4985 81.7455
v 51.4084 51.9985 82.6454
v 48.8256 57.0985 82.0454
v 49.1935 56.3807 82.6454
v 49.1935 55.9993 83.2455
v 49.3600 55.8985 84.4454
v 49.7935 56.3181 83.8454
v 50.9935 56.7985 83.3354
v 50.0935 51.9985 85.5254
v 49.4935 49.9946 82.6454
v 50.0935 50.8759 84.1454
v 50.1168 56.4985 85.3454
v 50.4635 56.7985 85.3454
v 50.9935 56.8243 84.4454
v 50.1662 54.0985 86.8454
v 50.6935 53.4985 87.1454
v 50.6935 52.1509 85.9454
v 50.9712 53.1985 87.1454
v 50.6935 51.0118 83.8454
v 50.6935 51.6985 85.3254
v 52.1935 -44.0012 0.4054
v 51.8935 -44.6012 0.2854
v 53.3935 -42.5012 0.9354
v 51.8404 -46.4012 1.3454
v 51.8935 -46.1012 0.8655
v 52.4935 -45.8742 2.2455
v 52.7935 -44.8862 3.4454
v 53.3935 -45.1292 1.6454
v 53.9818 55.2985 2.5454
v 53.9256 54.6985 2.8454
v 52.3646 54.3985 7.0454
v 53.3935 52.7743 8.2455
v 55.1935 52.5915 2.5454
v 52.7935 52.7603 10.3454
v 52.0080 52.8985 11.8454
v 54.3662 47.7985 8.2455
v 53.2084 57.3985 22.6454
v 53.2318 56.1985 22.9454
v 56.3935 39.6985 26.1155
v 53.9935 46.6200 29.8454
v 53.0935 44.1985 28.2854
v 53.0935 45.0985 28.6554
v 53.4714 37.5985 30.7455
v 53.3935 38.0696 32.5454
v 52.4935 39.3985 34.0754
v 53.9935 38.1024 33.1454
v 52.5240 49.5985 34.9454
v 51.7245 50.1985 35.8454
v 56.9935 45.5415 31.3454
v 51.2935 40.8024 35.2455
v 51.8935 40.2985 34.9254
v 52.7935 39.7290 34.6454
v 53.3245 39.3985 34.6454
v 53.0443 39.0985 35.2455
v 51.5935 51.2321 37.3454
v 51.2935 50.7915 36.1454
v 52.6163 49.8985 36.4454
v 53.0935 50.0087 37.9454
v 51.8935 39.6655 37.3454
v 51.7553 39.9985 36.4454
v 53.6935 37.9880 38.2455
v 53.9443 37.2985 37.0454
v 52.7935 38.7985 36.2254
v 53.9021 37.5985 35.5454
v 51.2904 50.4985 40.6454
v 52.4935 50.1212 39.7455
v 51.5935 50.4985 40.3655
v 52.1935 49.6110 40.6454
v 53.9678 48.3985 40.0454
v 55.1935 38.4985 40.0254
v 51.8935 42.3985 41.0154
v 51.8935 14.7988 40.7754
v 52.1935 12.3988 40.4254
v 52.7935 12.0988 40.5154
v 52.4935 8.7988 40.1654
v 53.0935 9.9988 40.5654
v 51.8935 4.8988 39.7654
v 51.3756 -0.5012 40.3454
v 53.9935 8.5828 42.7455
v 51.8799 48.9985 41.2455
v 51.8935 46.2985 41.8755
v 52.1935 47.4985 41.6754
v 53.0935 46.2985 41.6454
v 53.6935 44.4985 41.6355
v 51.5935 44.1985 41.6454
v 51.8935 44.7985 41.8054
v 53.0935 44.1985 42.8855
v 53.3935 37.2985 42.9955
v 52.6881 34.5985 43.0454
v 52.5006 34.5985 43.3454
v 53.9935 38.1985 42.6255
v 53.0935 33.0985 42.8755
v 53.6935 33.3985 42.4855
v 52.1935 29.7985 42.8655
v 52.7935 33.3985 43.2455
v 51.8935 25.2985 42.2654
v 51.3488 25.5985 42.7455
v 53.9935 28.5985 41.8354
v 52.4935 25.5985 41.9855
v 50.9162 25.5985 43.3454
v 51.1412 27.0985 43.3454
v 52.4935 19.2988 41.2054
v 51.2935 19.8988 41.8555
v 51.8935 18.0988 41.2254
v 51.2935 16.8988 41.3254
v 53.0935 6.0698 43.3454
v 51.4553 0.3988 41.8454
v 53.3935 6.6508 43.0454
v 51.5935 2.2778 43.0454
v 53.9865 8.7988 42.1454
v 51.4131 -0.2012 41.2455
v 51.8935 50.5806 45.4454
v 52.1935 48.6985 43.7455
v 52.9708 47.4985 43.3454
v 51.8935 49.8960 44.5454
v 53.3935 48.6985 44.2555
v 52.4935 46.8985 43.0954
v 53.3935 47.4985 43.4454
v 53.3935 46.5985 43.0954
v 51.8256 43.2985 43.9454
v 51.3428 43.2985 44.5454
v 52.0412 42.0985 44.8454
v 52.4396 41.7985 44.2455
v 53.0935 43.1485 43.0454
v 53.3935 41.4985 43.1854
v 52.7256 40.5985 44.5454
v 52.6318 40.5985 45.1454
v 52.8803 38.7985 44.8454
v 53.3350 38.4985 43.3454
v 53.0068 38.1985 43.9454
v 52.8193 36.9985 43.9454
v 52.8381 37.8985 45.1454
v 51.3474 30.3985 44.8454
v 52.1935 33.4485 45.1454
v 52.1396 33.9985 45.1454
v 51.9521 30.6985 43.3454
v 51.2162 29.7985 44.5454
v 51.1365 29.1985 44.2455
v 51.0756 29.1985 44.8454
v 52.0225 32.1985 43.9454
v 50.9162 27.3985 44.8454
v 50.9935 15.2488 45.7455
v 50.9935 10.8988 45.4654
v 52.1935 8.7988 45.2455
v 51.2935 5.1988 44.4354
v 52.7935 10.2988 45.5154
v 53.3935 10.8988 45.4154
v 52.1935 5.1988 44.0055
v 51.8935 50.8384 46.0454
v 52.1094 50.7985 47.5454
v 52.4935 50.5852 46.6454
v 53.3935 49.5985 45.4054
v 52.7935 50.1774 48.1454
v 51.9099 42.0985 46.0454
v 51.8068 42.6985 47.5454
v 52.7490 41.4985 47.5454
v 52.7115 42.3985 48.4454
v 52.9178 40.5985 46.9454
v 53.0162 39.3985 46.3454
v 53.3935 39.9892 47.5454
v 53.2459 40.8985 47.8454
v 53.1287 37.2985 46.6454
v 52.4935 33.6178 46.3454
v 52.4935 34.2985 46.3454
v 53.3862 33.3985 47.5454
v 52.0974 30.9985 46.6454
v 53.2178 34.2985 47.5454
v 51.6521 29.4985 46.3454
v 52.0646 29.1985 46.9454
v 53.0935 28.8985 47.9054
v 51.2303 25.5985 45.7455
v 51.6146 25.8985 46.3454
v 52.0225 27.9985 46.9454
v 51.8935 26.1985 46.6954
v 52.7935 26.1985 47.5654
v 51.5935 20.7988 46.3655
v 53.6935 26.4985 48.1554
v 52.4935 21.0988 47.0354
v 51.6389 17.7988 46.3454
v 52.1935 17.7988 46.6954
v 51.8935 16.2988 46.4354
v 52.7935 19.2988 47.0554
v 52.7935 13.5988 46.2954
v 55.1935 23.7985 48.0154
v 53.3935 13.2988 46.1554
v 52.7935 12.0988 45.9754
v 52.4935 49.5985 49.3054
v 51.2935 48.9985 50.3054
v 52.4935 48.9985 49.7754
v 53.8087 48.9985 48.7455
v 51.8935 47.7985 50.4354
v 52.1935 43.2985 48.8354
v 52.7935 44.7985 50.0754
v 53.3935 45.6985 50.2854
v 52.4935 57.6985 58.9654
v 52.1935 55.1767 59.5454
v 53.0935 57.6628 58.9454
v 51.8935 54.0985 59.6954
v 53.6935 54.9985 60.1255
v 52.4935 52.8985 60.0354
v 53.0016 53.4985 60.1454
v 51.5373 50.7985 61.9454
v 51.8935 51.1431 61.3454
v 52.5294 51.3985 62.2455
v 51.2935 57.6985 63.1954
v 51.6615 56.7985 64.9454
v 51.8865 57.3985 64.3454
v 51.8935 51.1852 63.4454
v 51.8935 51.6353 64.3454
v 52.4935 52.1274 64.6454
v 53.6935 52.2540 63.1454
v 53.3935 52.0806 63.4454
v 53.0935 52.1040 64.0454
v 52.4935 56.7985 65.9855
v 52.1935 54.3985 66.1055
v 50.6935 52.8798 65.5454
v 53.3935 52.6571 64.6454
v 53.3935 53.7985 65.7254
v 50.9935 56.1985 79.8154
v 51.5865 54.0985 81.4454
v 51.5935 53.1985 81.8954
v 51.5935 56.1985 83.2854
v 51.8771 56.1985 82.9454
v 51.8935 57.0985 83.2954
v 51.9850 55.2985 81.4454
v 51.9193 54.0985 82.3454
v 51.9990 54.6985 82.6454
v 52.6084 54.3985 83.8454
v 51.7975 52.5985 82.9454
v 52.0506 52.5985 83.8454
v 51.5935 57.7196 86.2455
v 52.1935 57.9985 86.5654
v 52.4935 57.5743 85.9454
v 53.0935 56.1985 85.0654
v 53.0935 53.4446 86.8454
v 52.7162 53.1985 85.3454
v 53.4146 53.7985 86.5454
v 50.7896 55.5985 88.3454
v 52.4935 57.0985 91.4354
v 51.5935 54.3685 88.6454
v 51.8935 54.0985 88.6055
v 52.1935 53.4985 87.9855
v 51.8115 57.3985 90.4454
v 53.0935 57.3045 92.2455
v 52.7935 54.6915 89.5454
v 56.8506 53.1985 -4.0546
v 54.3240 53.7985 2.5454
v 54.2935 53.4815 3.1454
v 56.6935 -39.2012 2.3354
v 55.1935 -39.7352 2.2455
v 53.9165 -43.7012 1.0454
v 55.1935 -42.2012 1.4855
v 53.3935 -44.6012 1.0654
v 54.2935 -44.4682 2.2455
v 54.8935 -43.8992 2.2455
v 55.4068 57.0985 0.7455
v 57.2935 -37.7012 2.9855
v 56.5271 -37.7012 5.5454
v 56.0935 -37.7342 4.6454
v 54.8935 -43.9002 3.1454
v 53.9935 -44.0602 3.7455
v 59.0935 -38.3012 6.7654
v 55.8685 51.9985 3.1454
v 55.4935 52.0243 5.8454
v 67.9412 37.5985 -8.2545
v 60.6475 40.8985 1.6454
v 54.2935 52.2771 10.3454
v 54.2326 51.9985 10.3454
v 55.1935 52.1960 9.7455
v 54.8935 51.9914 10.0454
v 55.8521 57.0985 17.2455
v 55.0037 57.6985 18.7455
v 54.9615 56.7985 19.3454
v 53.7381 57.9985 21.1454
v 53.9631 57.3985 21.1454
v 54.4084 57.3985 20.2455
v 54.3943 56.1985 20.5454
v 54.0850 56.1985 21.1454
v 55.8100 54.0985 19.3454
v 55.2334 55.8985 18.7455
v 54.7459 55.5985 19.6454
v 55.4068 54.0985 20.2455
v 56.1428 54.0985 18.4454
v 55.7935 43.2985 27.5854
v 55.7935 38.7985 26.4154
v 60.0662 32.7985 24.7455
v 58.1935 35.7985 25.0754
v 53.3935 45.9985 29.1754
v 55.4935 44.4517 28.3454
v 56.0889 45.3985 29.5454
v 57.5935 43.7696 28.3454
v 56.0760 35.4985 28.6454
v 55.7635 35.7985 30.1454
v 55.4935 46.7181 31.3454
v 60.5935 42.3352 30.1454
v 55.1935 36.5274 31.3454
v 54.8935 37.1321 32.2455
v 54.8935 38.0087 33.4454
v 52.7935 49.0636 35.5454
v 53.6935 48.1360 35.2455
v 55.5146 46.5985 34.0454
v 54.2935 47.3833 35.2455
v 55.2630 46.2985 34.9454
v 54.8844 46.8985 35.2455
v 54.8412 38.1985 33.7455
v 55.3881 36.0985 34.3454
v 55.1935 35.7807 35.2455
v 54.5935 48.4993 37.3454
v 54.8935 48.2931 37.9454
v 54.1225 48.9985 38.5454
v 55.4656 47.4985 36.7455
v 55.4935 47.6837 37.6454
v 55.4935 35.5994 37.3454
v 53.4569 47.7985 40.9454
v 55.2193 47.4985 39.4454
v 55.1935 45.9985 40.7455
v 56.6935 35.7985 38.8655
v 56.0935 38.7985 40.4254
v 54.5935 40.2985 40.7854
v 55.1935 36.9985 38.8454
v 56.5611 34.8985 37.9454
v 53.6935 45.6985 42.9054
v 53.9935 45.9985 41.3954
v 53.9935 44.7985 42.7654
v 54.2935 42.6985 42.6155
v 55.1935 44.1985 41.2854
v 55.4847 43.5985 41.2455
v 54.2935 43.2985 41.5254
v 54.8935 44.7985 42.8154
v 55.1935 43.5985 42.6155
v 56.0935 43.5985 41.0354
v 53.3935 42.0659 41.2455
v 54.8935 41.4985 41.2054
v 55.7935 41.1985 42.3154
v 53.9935 39.6985 42.7854
v 54.9185 40.5985 40.9454
v 54.8935 40.5985 42.3855
v 55.1935 37.2985 41.9754
v 54.5935 35.4985 41.9054
v 55.1935 35.4985 41.7954
v 56.0935 35.7985 41.8054
v 53.3577 34.2985 42.4454
v 55.1935 34.8985 41.8254
v 54.8935 33.9985 42.0055
v 55.7935 33.3985 41.7455
v 55.1935 32.1985 41.7854
v 56.3935 31.8985 41.6854
v 55.1935 27.9985 41.6954
v 56.0935 28.5985 41.8354
v 54.5935 28.5985 41.7355
v 53.6935 20.1988 41.2154
v 55.4935 24.9985 41.7254
v 54.5935 18.3988 41.4254
v 53.6935 15.0988 41.0154
v 53.9935 12.9988 41.2054
v 55.4935 20.1988 41.9955
v 55.7935 19.5988 42.4354
v 54.4318 12.0988 41.8454
v 54.8162 13.5988 42.1454
v 56.1334 19.5988 43.0454
v 54.7037 12.0988 42.4454
v 53.4990 9.6988 40.9454
v 54.4271 10.2988 43.0454
v 53.3935 49.2446 44.8454
v 55.1935 45.9985 43.3154
v 54.8935 46.8985 43.6854
v 55.1852 48.0985 45.1454
v 55.4935 47.6415 44.8454
v 55.4443 16.2988 45.4454
v 54.8935 14.3798 45.4454
v 55.1349 14.1988 44.8454
v 54.5349 12.6988 45.1454
v 54.7365 12.3988 44.5454
v 54.5935 13.4918 45.4454
v 55.4256 14.7988 43.6454
v 54.4787 10.8988 43.9454
v 53.8084 8.7988 43.9454
v 53.1615 7.5988 44.2455
v 53.3935 7.6528 43.9454
v 53.6935 49.6571 47.5454
v 53.3935 49.9618 46.6454
v 54.6230 48.9985 46.9454
v 55.1651 48.3985 47.5454
v 53.4568 37.8985 47.2455
v 53.6935 36.6985 47.7555
v 53.5084 34.8985 47.8454
v 54.2935 24.9031 48.1454
v 54.8935 24.4135 48.1454
v 54.2935 15.6988 46.4154
v 55.4963 20.1988 46.9454
v 54.2935 14.4198 46.0454
v 53.9935 48.0985 49.4254
v 53.6935 47.1985 50.0454
v 54.7513 47.7985 49.0454
v 55.0646 47.7985 48.7455
v 54.8935 45.6985 49.9955
v 55.4935 43.2985 50.0754
v 53.9935 43.5985 49.9454
v 55.7935 43.8985 50.0154
v 54.2935 41.7985 49.4254
v 55.1935 41.4985 49.7654
v 55.1935 40.2985 49.5254
v 56.3935 41.1985 49.9754
v 54.2935 40.5985 48.9554
v 55.4935 38.1985 49.4354
v 56.0935 39.3985 49.7754
v 54.2935 35.4985 48.5854
v 54.8935 34.8985 49.0854
v 54.5935 34.2985 48.8354
v 56.0935 37.5985 49.6754
v 55.4935 33.3985 49.0354
v 56.3935 31.8985 49.5854
v 53.6935 28.5985 48.2954
v 54.2935 27.9985 48.5554
v 56.0935 30.0985 49.3855
v 55.1935 27.9985 48.8454
v 55.4935 27.0985 48.7154
v 55.0084 57.3985 60.4454
v 55.1415 55.2985 61.0454
v 56.3935 56.4985 61.7054
v 53.6935 53.8069 60.4454
v 53.3935 52.8433 60.7455
v 54.8935 54.6743 61.0454
v 54.5935 53.4985 61.5754
v 54.3943 53.1985 61.6454
v 55.1935 54.0985 61.9154
v 53.3476 51.9985 62.2455
v 54.6334 53.1985 62.2455
v 54.8021 53.4985 64.0454
v 54.8935 53.7429 64.3454
v 54.5935 53.6181 64.6454
v 53.3935 57.0985 66.5055
v 53.6707 57.9985 66.4454
v 53.6935 56.1985 66.5754
v 54.8935 56.7985 66.6454
v 54.8935 56.2173 66.4454
v 53.4803 56.7985 85.9454
v 53.6631 54.9985 85.6454
v 54.0943 56.7985 86.8454
v 54.2490 55.8985 86.8454
v 54.6334 56.1985 88.0454
v 55.1443 57.0985 89.8454
v 54.5115 55.5985 88.0454
v 53.9935 54.6985 86.7954
v 53.3935 53.9977 88.0454
v 54.2935 55.5493 89.8454
v 54.8935 57.0247 91.6454
v 55.4115 57.6985 91.0454
v 53.9935 57.2274 92.5454
v 53.3935 57.9985 93.1454
v 54.8935 57.3727 92.2455
v 59.6935 53.7985 -11.3146
v 56.9935 53.5135 -4.6546
v 56.3162 54.6985 -3.1546
v 59.3537 52.2985 -10.0546
v 60.2707 56.4985 -8.8546
v 59.4428 55.5985 -9.1546
v 57.4037 52.5985 -4.9546
v 57.8537 51.9985 -5.2545
v 57.5865 51.6985 -3.4546
v 57.5935 -42.8012 -0.2046
v 58.1001 -43.4012 -0.4546
v 57.7998 -43.4012 -0.1546
v 59.6935 -37.1012 3.3154
v 58.4935 -38.9012 2.8254
v 55.7935 -41.3012 1.7254
v 56.0935 -41.6012 1.8954
v 56.0935 -42.4282 2.2455
v 58.7935 -39.4792 3.1454
v 57.1605 -42.8012 0.1454
v 57.5673 -42.5012 0.1454
v 60.6526 -40.4012 0.7455
v 56.9935 -43.1472 0.7455
v 56.9935 -43.4042 1.3454
v 57.5935 -44.0132 1.6454
v 59.9935 -41.0012 2.4754
v 57.8935 -43.1012 2.0954
v 56.3584 -37.4012 4.3454
v 57.2935 -37.4012 3.1854
v 59.6935 -34.4012 4.4354
v 58.4935 -40.3662 3.4454
v 59.6573 -39.5012 4.6454
v 56.3935 -42.6022 3.4454
v 58.1935 -40.7972 4.6454
v 56.0935 51.9071 6.4454
v 68.3935 38.7985 -8.3945
v 67.1084 41.1985 -5.8546
v 59.3935 -35.0012 7.4254
v 59.5646 -33.8012 7.0454
v 57.5935 -38.0012 6.4855
v 60.5935 -34.1012 8.1854
v 57.0282 51.9985 7.0454
v 56.0935 52.2569 9.4454
v 56.6935 52.5024 9.7455
v 56.0935 51.7806 9.4454
v 61.1808 39.9985 2.5454
v 57.0428 54.0985 13.0454
v 57.5935 53.3837 10.6454
v 57.9803 53.7985 10.6454
v 56.9935 53.5542 12.1454
v 57.0646 53.1985 11.2455
v 57.5935 52.6290 11.2455
v 62.6935 38.8759 1.9454
v 62.0935 39.5556 4.0454
v 61.7935 40.2587 5.8454
v 56.8405 53.7985 13.9454
v 63.8935 47.2899 3.4454
v 63.8935 39.6306 4.9454
v 57.6381 57.3985 12.7455
v 58.5896 56.4985 10.9454
v 56.0631 56.4985 16.9454
v 58.6178 55.8985 10.9454
v 55.9810 54.6985 16.3454
v 55.4935 55.2985 17.8855
v 55.9626 54.6985 16.9454
v 56.3303 54.6985 15.4454
v 64.3928 46.5985 7.6454
v 56.6935 41.1985 26.4354
v 59.3935 38.4985 24.5954
v 58.7935 36.9985 24.5154
v 58.1935 36.3985 24.9454
v 59.3935 41.7985 26.8354
v 58.1935 42.0775 26.8454
v 57.8935 35.1985 25.6554
v 60.2935 42.3493 28.3454
v 61.4935 41.5712 28.6454
v 56.6935 35.3321 30.4454
v 57.8935 34.1368 28.9454
v 56.6935 35.6274 31.0454
v 58.4935 34.0384 29.5454
v 60.8935 31.6524 26.2455
v 61.1738 31.5985 26.8454
v 66.0146 37.5985 26.8454
v 58.0178 44.1985 32.8454
v 56.0935 36.7342 33.1454
v 56.6935 36.4712 32.2455
v 56.9115 35.1985 32.8454
v 57.5935 34.8985 32.2754
v 58.7935 35.1985 31.3855
v 55.8334 45.9985 34.3454
v 56.3935 45.6913 35.2455
v 56.0935 45.3467 34.6454
v 56.3935 45.0332 34.6454
v 56.9935 44.7985 34.8454
v 58.2615 43.2985 33.4454
v 57.8341 44.1985 34.9454
v 56.7615 33.9985 33.7455
v 56.8553 33.3985 34.3454
v 56.3537 33.9985 35.5454
v 59.6935 29.2261 34.9454
v 56.6349 33.9985 36.7455
v 58.3084 31.8985 32.5454
v 56.0935 46.7931 36.4454
v 56.2787 46.8985 37.6454
v 57.4131 45.6985 37.3454
v 57.9053 45.0985 37.9454
v 58.1865 44.7985 36.7455
v 56.3935 45.3985 40.1155
v 56.0935 45.0985 40.5554
v 56.3935 44.1985 40.7254
v 56.9329 44.1985 40.3454
v 57.8631 44.1985 39.4454
v 57.8435 43.2985 40.0454
v 57.8935 44.7036 38.8454
v 56.0935 41.4985 41.1055
v 57.8935 42.0985 40.4254
v 57.8935 40.8985 40.5654
v 56.6935 39.3985 40.6554
v 56.0935 39.9985 40.8254
v 57.5935 39.0985 40.5055
v 56.6935 37.5985 39.9955
v 57.8935 38.1985 40.2654
v 57.8935 36.3985 39.6355
v 58.7935 36.6985 39.7654
v 56.3935 43.5985 42.8755
v 56.0935 42.0985 42.4654
v 57.5935 41.4985 42.8354
v 56.3935 38.1985 42.0154
v 57.5935 39.9985 42.5354
v 56.6935 36.0985 41.9054
v 57.3392 37.2985 42.1454
v 57.8935 36.6985 42.3354
v 56.0935 34.8985 41.8254
v 57.5935 34.8985 41.9454
v 56.3935 33.6985 41.7154
v 56.9935 30.6985 41.8855
v 57.5935 33.3985 41.8855
v 56.6935 27.0985 42.2854
v 57.8935 31.5985 42.2054
v 57.5935 27.8235 43.0454
v 56.6935 25.8985 42.4354
v 56.0935 45.9985 43.8254
v 56.0935 46.5985 44.3254
v 56.0935 47.1985 45.0654
v 56.9935 45.9985 44.8154
v 56.4257 44.7985 43.3454
v 57.2935 43.5985 43.3555
v 57.4693 44.7985 44.2455
v 57.5935 45.2110 44.8454
v 58.0459 44.4985 44.8454
v 57.8935 43.5985 43.8954
v 57.8350 27.3985 43.6454
v 58.7350 30.6985 43.3454
v 57.7365 25.5985 44.8454
v 58.4021 27.9985 44.8454
v 56.5225 20.1988 44.2455
v 57.4037 24.0985 45.7455
v 56.0935 18.2888 44.8454
v 56.0631 18.6988 45.4454
v 56.2271 47.4985 46.6454
v 56.5834 46.8985 47.5454
v 57.0521 46.2985 47.5454
v 57.4459 45.9985 46.6454
v 57.3474 45.9985 47.2455
v 57.6709 45.3985 47.5454
v 57.8935 27.0985 47.4054
v 57.5935 26.5896 47.5454
v 57.7318 26.4985 47.2455
v 57.8935 27.2790 47.8454
v 57.0896 24.6985 47.2455
v 57.2935 26.7985 48.0154
v 56.0935 24.9985 48.0754
v 56.3935 23.0605 47.2455
v 55.6037 18.0988 46.0454
v 56.1247 45.6985 49.3454
v 56.3935 43.8985 49.8254
v 57.6990 44.1985 48.7455
v 57.5935 43.5985 49.1654
v 58.0084 43.5985 48.7455
v 56.6935 42.9985 49.8755
v 57.2935 40.2985 49.9154
v 57.8935 42.0985 49.4454
v 57.8935 40.2985 49.7455
v 57.8935 37.2985 49.8054
v 56.6935 35.1985 49.7555
v 57.2935 35.7985 49.8254
v 57.8935 35.7985 49.7455
v 58.7935 29.7985 50.2754
v 57.5654 32.4985 49.9454
v 58.1935 33.9985 49.9654
v 56.6935 29.1985 49.4354
v 57.5935 28.8985 49.6355
v 56.0935 27.9985 48.9754
v 56.0935 27.0985 48.6854
v 57.8935 27.8228 49.0454
v 56.8881 56.1985 62.8454
v 57.2935 56.7662 64.6454
v 55.7935 54.9194 64.6454
v 57.4318 56.7985 64.0454
v 58.2100 57.9985 63.4454
v 57.9943 57.6985 64.6454
v 57.5303 57.3985 65.2455
v 60.2935 56.1399 -9.7545
v 61.4935 55.6806 -13.0546
v 59.2412 54.6985 -9.7545
v 59.7240 51.6985 -10.3546
v 60.6100 51.0985 -11.8546
v 59.3961 51.0985 -7.9546
v 61.1935 50.3743 -11.5546
v 61.4935 50.0977 -11.2545
v 60.2935 50.3931 -7.9546
v 61.1935 -42.5012 0.3454
v 60.5935 51.6399 1.3454
v 60.5935 51.3352 0.4454
v 61.5945 -39.2012 1.9454
v 59.9935 -41.3012 2.6355
v 60.5935 -41.6012 2.9454
v 58.4935 -44.5662 1.3454
v 58.7935 -44.6012 0.9154
v 59.0935 -44.2782 0.1454
v 59.0935 -44.5292 0.7455
v 59.0935 -44.4252 1.3454
v 61.1935 -43.1602 1.3454
v 60.6711 -43.1012 2.2455
v 60.1646 41.7985 1.6454
v 60.2935 -32.6252 5.8454
v 59.9935 -34.8242 4.0454
v 61.4935 -33.8012 4.4054
v 62.3935 -33.8012 4.5654
v 60.5935 -37.7012 3.9354
v 60.5935 -37.1012 3.7455
v 59.1006 -39.5012 3.4454
v 59.9935 -38.8642 4.0454
v 60.3803 -38.3012 4.0454
v 61.4935 -39.6242 2.8454
v 59.9935 -42.5012 2.7054
v 59.5084 57.9985 6.4454
v 59.4428 57.3985 7.9454
v 60.6615 56.7985 5.2455
v 60.2678 57.6985 4.6454
v 60.6475 56.1985 5.8454
v 60.0756 56.1985 7.3454
v 60.2490 55.5985 7.0454
v 60.8935 53.7853 4.6454
v 61.4935 52.2985 1.3254
v 61.1318 39.9985 3.1454
v 58.7935 -34.4872 6.1454
v 60.2115 -32.6012 7.0454
v 59.6935 -36.8012 7.4454
v 60.2935 -38.2572 6.4454
v 60.8935 -37.1012 7.2355
v 60.9568 54.9985 5.2455
v 60.4553 -32.6012 7.6454
v 60.8865 -32.6012 8.2455
v 61.1935 -34.4012 8.4554
v 64.1935 47.4352 4.9454
v 64.8403 46.8985 4.9454
v 65.7272 40.5985 5.2455
v 65.9935 41.1985 5.4754
v 60.5935 34.2985 23.3154
v 60.5160 33.6985 23.5454
v 58.1935 41.4985 26.4154
v 61.7935 40.0712 25.6454
v 61.4935 39.8931 25.3454
v 61.4935 38.7985 24.3454
v 61.1935 36.0985 23.0454
v 60.5349 33.0985 23.8454
v 59.6935 42.5556 28.0454
v 59.3935 42.5227 27.7455
v 61.7935 40.9665 27.1454
v 61.6724 31.5985 27.4454
v 59.4709 42.6985 32.2455
v 59.1615 42.0985 33.1454
v 58.8803 42.0985 33.4454
v 61.1935 40.5985 31.6554
v 65.8787 36.9985 28.0454
v 59.6935 40.7069 33.1454
v 60.2935 39.9985 32.7754
v 60.5935 40.5985 33.7054
v 59.0345 34.5985 31.3454
v 58.7935 32.4985 31.6854
v 60.8865 28.2985 30.4454
v 59.0935 42.3985 34.2154
v 59.6725 42.6985 35.2455
v 58.7935 42.0819 33.7455
v 60.4881 41.4985 34.6454
v 60.4225 42.0985 35.8454
v 59.3935 29.1539 33.1454
v 59.6115 28.8985 34.0454
v 61.6271 25.2985 32.2455
v 61.7935 25.6329 33.4454
v 59.2787 43.5985 36.7455
v 59.0935 43.5985 38.0454
v 60.5068 42.0985 36.4454
v 59.0935 33.0985 38.0654
v 60.8935 29.7985 36.5854
v 59.2553 42.3985 39.1454
v 59.0935 41.5525 39.7455
v 59.3935 40.2985 39.8755
v 60.5935 41.6950 37.6454
v 58.4748 40.2985 40.3454
v 59.0935 39.3985 40.0954
v 59.0935 37.8985 39.9955
v 60.2935 39.6985 39.3655
v 60.2935 38.7985 39.5354
v 59.6935 36.0985 39.4855
v 60.2935 36.3985 39.4054
v 59.9935 33.9985 38.7254
v 60.2935 34.3053 38.8454
v 58.1935 38.7985 42.6754
v 58.7935 36.3985 42.8655
v 59.1896 35.1985 43.0454
v 59.0935 35.7985 43.1355
v 59.3234 36.3985 43.3454
v 59.0935 31.8760 43.3454
v 59.2693 33.6985 43.0454
v 58.1935 41.8548 43.3454
v 58.8849 42.0985 44.2455
v 58.6834 43.2985 44.8454
v 59.0303 42.9985 45.4454
v 59.3115 41.7985 44.8454
v 59.3935 40.5892 44.2455
v 58.7935 39.6985 43.2654
v 59.2318 39.3985 43.6454
v 59.7756 40.2985 44.8454
v 60.1178 38.4985 44.8454
v 59.0935 37.5985 43.2154
v 59.5693 36.9985 43.6454
v 60.2537 37.2985 44.8454
v 60.2678 36.0985 44.8454
v 60.3381 38.1985 45.4454
v 59.4943 34.8985 43.3454
v 60.3568 34.5985 44.5454
v 60.3849 33.6985 44.5454
v 59.9935 32.9569 44.2455
v 59.9935 31.8985 44.6754
v 60.5935 32.4985 44.8954
v 59.0935 30.0985 44.4754
v 58.9459 29.1985 45.1454
v 58.7935 29.0658 44.8454
v 59.3935 30.3059 44.8454
v 60.2935 31.5985 44.9654
v 60.2935 30.6985 45.2254
v 58.2146 44.7985 46.6454
v 58.7935 43.5003 47.2455
v 58.9881 43.2985 46.0454
v 58.9412 42.9985 47.5454
v 59.4850 41.7985 47.2455
v 59.5787 40.8985 47.8454
v 59.7428 40.2985 47.8454
v 60.0428 40.2985 46.0454
v 60.2350 39.3985 46.0454
v 60.1740 39.0985 47.2455
v 59.9935 39.0303 47.8454
v 60.3943 37.2985 47.2455
v 60.2935 28.8985 45.8954
v 58.7935 28.2985 46.3855
v 59.3935 28.4572 46.3454
v 59.3935 28.0919 46.6454
v 59.8605 26.7985 47.5454
v 59.0935 27.0493 48.1454
v 60.2935 27.3985 46.7154
v 58.7631 41.7985 48.7455
v 58.9893 39.9985 49.0454
v 59.1100 39.3985 49.0454
v 58.4935 38.4985 49.5854
v 59.0935 37.8985 49.1954
v 59.6935 36.0985 48.7654
v 60.0850 36.6985 48.1454
v 60.2350 36.6985 47.8454
v 60.2396 36.3985 47.8454
v 58.9114 36.0985 49.3454
v 59.3935 34.8985 49.6355
v 60.2935 34.9944 49.0454
v 59.0935 30.6985 50.3054
v 59.9935 32.4985 50.0154
v 60.8935 30.3985 50.3555
v 60.5935 32.7985 49.7154
v 59.7490 27.3985 50.2455
v 59.0935 27.1723 49.3454
v 60.2935 27.6985 50.6754
v 59.6349 26.4985 49.0454
v 61.7935 27.9985 50.9454
v 63.2443 52.5985 -20.2545
v 62.1709 53.7985 -17.2545
v 61.7865 54.6985 -15.4546
v 63.7178 54.6985 -19.9546
v 63.3428 51.0985 -19.6546
v 63.6709 50.4985 -19.6546
v 61.7935 50.4915 -13.9546
v 62.9935 49.7509 -14.8546
v 62.3935 49.7884 -12.7545
v 62.0935 56.1024 -13.0546
v 63.2935 56.4446 -13.3546
v 60.8935 57.1759 -7.3546
v 63.5935 56.5712 -12.4546
v 61.7935 49.8727 -10.6546
v 61.1935 57.3821 -6.4546
v 61.7935 49.8587 -8.5546
v 62.9935 49.7509 -9.1546
v 60.8935 50.1446 -6.1546
v 61.1935 50.2477 -4.9546
v 62.0935 50.0696 -6.4546
v 61.7935 50.5759 -3.7545
v 62.9935 50.9884 -4.3546
v 62.0935 51.6681 -1.0546
v 61.7935 51.0165 -2.2545
v 61.1935 50.4540 -3.7545
v 63.3370 56.7985 -7.3546
v 61.7935 57.4806 -1.9546
v 61.4935 57.4899 0.1454
v 61.7935 57.0985 0.5554
v 65.6537 55.2985 -10.3546
v 61.0459 57.0985 3.4454
v 62.0865 55.8985 1.9454
v 61.9084 54.9985 2.8454
v 62.6959 54.3985 0.7455
v 62.4287 54.0985 1.3454
v 63.8115 53.4985 -2.5546
v 62.7381 55.8985 -0.1546
v 62.6162 52.5985 -0.4546
v 67.1935 41.5771 -5.5546
v 63.4318 39.6985 -2.5546
v 61.7935 39.6864 1.0454
v 63.2935 38.4587 -0.1546
v 63.8021 38.1985 -1.3546
v 61.7935 -39.1192 1.6454
v 62.3935 -38.6692 1.6454
v 62.4007 -39.2012 1.0454
v 63.5935 -37.5722 1.9454
v 62.0935 -40.4012 0.4654
v 62.0935 -41.9012 0.6055
v 61.6882 -42.8012 1.3454
v 62.0935 46.9852 2.2455
v 63.2935 38.9602 3.4454
v 61.7935 -35.3012 4.2555
v 61.1725 -37.4012 4.3454
v 62.6935 -38.9012 3.5954
v 61.7935 -40.4012 3.3755
v 63.2935 -39.2012 4.0055
v 63.5935 -39.5012 4.0454
v 61.1935 -42.5012 2.6355
v 63.8935 46.8212 2.2455
v 63.5935 46.3946 1.3454
v 63.8935 -26.8772 7.9454
v 65.9935 -24.7812 7.9454
v 62.4475 -29.0012 8.5454
v 63.5935 -31.7012 5.1754
v 64.7850 -32.6012 5.8454
v 63.5935 -34.7012 5.5654
v 61.2095 -37.4012 6.7455
v 61.7162 -37.4012 5.8454
v 62.9935 -35.4022 7.6454
v 63.2935 -35.3502 7.3454
v 61.8990 -37.1012 5.2455
v 64.3037 -34.4012 7.0454
v 63.2935 41.0321 7.0454
v 64.4935 40.7368 6.1454
v 63.2771 -28.1012 9.7455
v 63.8935 -29.3012 10.5754
v 63.5935 -31.1012 10.1454
v 64.1900 -33.8012 8.5454
v 61.7935 37.2985 23.3254
v 63.2935 37.2985 23.0454
v 62.9935 35.2146 21.7455
v 63.3881 33.9985 21.1454
v 62.6935 33.6985 21.6654
v 66.2935 35.2149 20.5454
v 61.6975 33.3985 22.6454
v 61.6787 32.1985 23.5454
v 62.9724 32.1985 21.7455
v 63.6444 30.3985 22.9454
v 61.7935 31.7134 24.1454
v 60.5935 32.3960 24.4454
v 61.7935 31.1696 25.9454
v 63.2935 39.6212 25.9454
v 61.7935 41.2477 28.0454
v 65.3935 38.0696 25.0454
v 62.3935 31.0712 26.5454
v 62.0935 31.0852 25.6454
v 60.2935 34.1931 30.4454
v 60.5935 33.9985 30.6454
v 61.7935 33.8703 30.1454
v 61.7935 34.2985 30.4454
v 62.3935 31.7462 28.0454
v 62.0935 30.6985 29.5254
v 62.6935 32.7985 29.2154
v 63.2935 30.3985 29.1155
v 63.2935 33.3985 29.5854
v 63.2935 28.8985 28.6854
v 61.0318 26.7985 31.0454
v 62.0935 28.2985 29.2355
v 61.9693 26.4985 29.5454
v 62.3935 26.7985 29.0055
v 63.2935 26.4985 28.2455
v 62.6935 23.7644 29.5454
v 61.8100 24.9985 31.0454
v 63.3053 21.9988 29.5454
v 63.2935 22.0208 30.7455
v 60.8063 39.3985 32.8454
v 62.1756 39.0985 33.7455
v 61.7935 38.7985 33.0354
v 61.4766 37.5985 31.9454
v 61.7935 38.1985 31.7854
v 61.9342 37.2985 31.6454
v 61.6435 37.8985 32.2455
v 63.1271 37.2985 32.8454
v 62.0806 34.8985 30.7455
v 62.3935 35.4985 30.9354
v 63.2935 34.8985 31.1255
v 61.7935 40.2985 35.2854
v 62.6935 39.1209 35.2455
v 63.2678 38.1985 34.6454
v 63.4506 37.5985 33.7455
v 65.0935 22.2988 33.3154
v 61.2803 40.5985 37.6454
v 61.8803 39.9985 37.0454
v 61.7584 39.3985 37.9454
v 62.5225 39.0985 36.7455
v 61.4935 38.7985 38.5754
v 62.0935 37.8985 38.2854
v 63.1646 37.8985 36.7455
v 61.4935 31.8985 37.8454
v 62.0935 32.1985 37.9054
v 65.6935 27.3985 35.6754
v 64.4935 24.6985 34.5854
v 65.0935 26.1985 35.3655
v 62.0935 35.4985 38.5754
v 63.2578 36.0985 37.6454
v 61.1771 33.9985 45.4454
v 62.3935 27.6985 46.1155
v 62.0935 29.7985 45.7355
v 60.5724 36.3985 46.3454
v 61.6599 33.9985 46.3454
v 61.1443 35.1985 47.5454
v 61.3506 34.8985 47.2455
v 62.0935 31.2985 45.7654
v 62.4193 31.8985 46.3454
v 62.2506 32.7985 47.5454
v 63.8490 28.8985 48.4454
v 63.1459 30.6985 47.5454
v 62.8178 30.3985 46.3454
v 61.7935 26.2037 46.6454
v 63.5935 27.3985 46.7154
v 63.2935 25.2985 46.7954
v 62.0373 24.6985 47.5454
v 62.0935 25.2985 47.0254
v 61.4935 30.3985 50.1654
v 62.8860 29.4985 49.6454
v 60.8935 25.5985 50.2654
v 62.6935 24.0985 51.2954
v 62.8553 23.1985 50.8454
v 62.0959 23.7985 48.7455
v 62.7912 22.8985 49.3454
v 63.0541 22.8985 48.7455
v 63.5935 23.7985 51.8555
v 64.7935 57.3985 -38.2146
v 65.6935 56.3087 -37.0546
v 65.0935 55.7649 -35.2545
v 64.5568 55.5985 -33.1546
v 64.4490 55.5985 -31.9546
v 64.5287 54.9985 -29.5546
v 64.2990 57.0985 -33.1546
v 64.5334 56.1985 -30.7545
v 65.0935 57.0985 -30.3146
v 64.7935 57.7974 -32.2545
v 64.6178 57.0985 -31.6546
v 64.9084 54.0985 -30.7545
v 64.6599 54.0985 -29.2545
v 64.6037 54.9985 -27.4546
v 64.9693 55.5985 -26.5546
v 64.5287 54.0985 -27.7545
v 64.6131 53.1985 -26.5546
v 64.8240 53.1985 -27.7545
v 64.3459 54.0985 -25.0546
v 64.4303 54.6985 -23.8546
v 64.8879 55.2985 -24.4546
v 64.0834 54.0985 -22.9546
v 64.1350 54.6985 -21.7545
v 64.7935 55.3899 -22.0546
v 64.0881 52.2985 -21.7545
v 64.7935 51.9985 -23.9746
v 64.3318 51.9985 -22.0546
v 64.9881 51.3985 -22.9546
v 63.6053 51.0985 -20.2545
v 65.3935 55.8212 -20.8546
v 64.7935 55.7556 -19.3546
v 64.1935 55.2985 -19.8645
v 63.8935 55.2727 -19.0546
v 65.3935 55.7274 -23.8546
v 66.2935 49.5985 -23.6245
v 65.9935 49.3524 -22.0546
v 65.3935 49.2024 -19.0546
v 64.1935 49.4321 -16.9546
v 64.1935 49.5587 -17.8546
v 63.8935 49.3665 -14.2545
v 65.6935 49.1134 -18.1546
v 65.6935 56.1024 -17.8546
v 64.7935 56.3274 -13.0546
v 64.4935 49.3290 -13.9546
v 63.5935 49.4321 -12.7545
v 64.4935 49.6524 -11.5546
v 63.8935 49.5634 -11.2545
v 63.2935 56.8102 -9.4546
v 65.0935 56.1446 -12.1546
v 63.5935 49.8681 -9.1546
v 63.8775 50.1985 -8.2545
v 65.3935 50.1915 -11.2545
v 65.6396 50.7985 -10.3546
v 64.1806 51.0985 -6.4546
v 63.4646 55.8985 -2.8546
v 65.9350 54.6985 -10.0546
v 63.5935 51.3634 -4.6546
v 65.3256 51.3985 -8.5546
v 64.3553 52.2985 -4.9546
v 68.9935 51.3985 -18.1546
v 63.7693 52.8985 -2.8546
v 63.3381 51.6985 -3.4546
v 63.5935 52.2985 -3.0846
v 66.7928 36.9985 -6.4546
v 63.1225 55.2985 -0.7545
v 65.9935 36.6985 -4.3546
v 65.6935 36.6681 -2.5546
v 65.6935 36.7618 -1.3546
v 66.8935 36.3071 -1.0546
v 64.1935 -36.8362 2.2455
v 64.7935 -36.7982 1.9454
v 63.2935 -39.5012 0.8154
v 63.2935 -38.6012 1.1954
v 63.2935 -41.0012 0.9654
v 64.4935 -38.9012 1.1754
v 64.1794 -40.4012 1.3454
v 65.0935 -38.0012 1.4654
v 64.7935 -39.5012 1.4154
v 64.7935 -40.3432 2.2455
v 68.7001 42.9985 -3.4546
v 68.9935 43.3149 -1.6546
v 65.1709 -34.1012 4.6454
v 65.0490 -34.7012 3.7455
v 64.5381 -35.6012 3.7455
v 64.8756 -35.0012 4.6454
v 64.4115 -35.9012 4.0454
v 63.0709 -38.0012 3.4454
v 63.8162 -36.8012 3.4454
v 64.1935 -36.8102 4.3454
v 64.4222 -37.1012 4.6454
v 64.1935 -38.0012 4.5055
v 64.4935 -40.2302 3.4454
v 63.8935 -40.5342 3.4454
v 64.7935 -38.0012 4.7555
v 65.3935 -39.1432 4.0454
v 65.3935 46.2587 5.2455
v 68.3935 36.6071 -0.4546
v 63.5935 -29.9012 5.7654
v 64.4935 -30.2012 5.6854
v 64.5203 -31.1012 5.5454
v 65.7053 -32.6012 7.3454
v 64.6834 -25.1012 8.8454
v 65.3935 -24.8242 8.2455
v 64.0553 -26.0012 9.1454
v 64.0459 -26.0012 9.7455
v 64.6213 -32.6012 9.4454
v 64.1935 -32.6012 9.5754
v 64.7537 -33.8012 7.6454
v 64.7935 -33.3352 8.5454
v 64.4350 -25.1012 9.7455
v 64.9600 -23.6012 10.3454
v 64.9271 -24.8012 11.5454
v 64.4935 -27.2012 11.1255
v 65.1100 -25.1012 11.8454
v 65.6967 -25.1012 12.4454
v 65.2975 -22.4012 10.6454
v 65.0490 -23.3012 11.2455
v 64.0693 -27.2012 10.6454
v 65.0935 -29.0012 11.1954
v 65.0935 -31.4012 10.1554
v 65.6935 33.6985 19.5954
v 64.4162 30.9985 20.5454
v 64.3459 30.0985 21.7455
v 65.2037 30.6985 19.6454
v 67.3553 27.9985 18.1454
v 64.4935 37.6524 23.5454
v 68.0935 34.8985 20.2355
v 65.6185 28.8985 21.4454
v 65.9935 28.5985 21.8755
v 63.2935 39.3118 25.3454
v 64.7935 38.1399 24.4454
v 65.0935 37.7931 24.1454
v 64.4246 29.7985 23.8454
v 65.6935 29.0837 23.5454
v 63.2935 30.9962 26.5454
v 63.8935 31.2118 27.1454
v 66.5935 28.7462 23.5454
v 65.0935 16.5988 26.2054
v 65.6256 14.1988 24.7455
v 65.3256 14.4988 25.6454
v 63.5935 31.9384 28.3454
v 64.7935 31.8985 27.9154
v 64.4935 33.0985 29.0354
v 66.8935 23.7985 26.0954
v 63.5935 32.1985 29.7954
v 63.8935 24.3985 27.6355
v 63.5771 23.4985 28.0454
v 65.0935 22.8985 26.5154
v 66.8935 21.0988 25.1355
v 64.3693 21.9988 27.1454
v 64.7935 22.2988 26.6854
v 64.1350 20.7988 27.7455
v 65.0256 17.4988 26.8454
v 64.9693 16.8988 27.4454
v 64.1935 19.6768 29.5454
v 65.0935 16.8988 28.4554
v 65.3443 18.0988 25.9454
v 65.2178 14.4988 26.8454
v 65.9537 36.3985 28.3454
v 65.0935 33.9985 29.1355
v 63.8935 33.9985 29.7154
v 64.1935 33.6723 30.7455
v 63.8935 32.4985 28.8154
v 65.3935 30.3985 29.1654
v 67.4935 31.5985 26.6055
v 64.6787 18.9988 30.1454
v 64.8193 19.8988 31.3454
v 65.4803 16.5988 29.2455
v 64.7935 33.9897 31.3454
v 67.9646 29.7985 30.4454
v 63.3896 37.8985 36.1454
v 63.1225 38.4985 35.5454
v 65.5693 34.5985 34.0454
v 64.2803 36.3985 35.8454
v 63.9803 36.0985 36.7455
v 63.8935 34.5985 37.3655
v 63.8935 33.3985 37.4454
v 65.3935 33.8008 35.8454
v 65.3678 34.2985 35.5454
v 65.6935 29.1985 36.0454
v 66.8935 28.8985 35.3254
v 67.4935 28.5985 34.8454
v 62.9935 29.3298 46.3454
v 63.5771 28.5985 46.9454
v 64.1912 27.6985 47.5454
v 64.4209 27.6985 48.1454
v 63.8935 25.8985 46.8555
v 64.7935 24.6985 47.3254
v 64.7935 23.7985 47.4554
v 64.8615 25.8985 47.5454
v 65.0935 23.7985 47.3755
v 63.7553 28.2985 49.6454
v 64.4935 26.4985 50.5654
v 64.8381 26.7985 49.6454
v 64.7912 27.0985 49.0454
v 64.3459 21.0988 50.5454
v 64.1935 22.0428 48.7455
v 64.7935 22.5988 47.9855
v 64.7935 21.1478 49.3454
v 64.2582 21.3988 49.6454
v 64.4935 20.9728 50.2455
v 64.1935 25.8985 51.2355
v 63.5721 24.9985 51.7455
v 65.0935 25.3110 51.1454
v 65.3935 24.3985 51.7154
v 64.7350 21.3988 52.0454
v 64.4935 23.7985 52.1454
v 65.9935 21.3988 52.9955
v 66.5935 21.6988 53.1155
v 66.2485 55.8985 -36.4546
v 65.6935 57.6071 -39.4546
v 66.2935 57.7853 -39.7545
v 65.6935 54.5181 -33.4546
v 67.1935 56.8337 -37.6546
v 66.8935 54.9540 -34.6546
v 66.2935 54.4712 -33.7545
v 65.3935 53.9415 -31.6546
v 66.2935 53.7306 -32.2545
v 66.2935 53.2009 -31.0546
v 67.7935 54.6985 -33.5846
v 67.7935 53.7985 -31.9646
v 66.8935 57.8321 -30.1546
v 66.2935 57.2696 -28.9546
v 65.3935 56.6368 -28.6546
v 67.7935 57.5884 -30.1546
v 67.7935 57.0399 -28.6546
v 65.6935 53.4681 -31.0546
v 65.6935 53.1165 -30.1546
v 66.2935 52.6102 -29.5546
v 66.8935 53.0087 -30.7545
v 67.7935 52.8306 -29.8546
v 67.8038 52.5985 -29.2545
v 65.6935 56.4985 -27.5446
v 66.2935 56.8384 -27.7545
v 66.2935 56.4259 -26.2545
v 65.6935 52.4790 -28.3546
v 66.2935 51.9306 -27.4546
v 65.6935 51.8602 -26.2545
v 66.2935 51.5509 -25.9546
v 67.4935 51.9985 -28.0145
v 66.2935 56.0884 -24.1546
v 66.0756 50.7985 -24.7545
v 65.9935 50.1985 -24.0346
v 66.2935 55.9571 -22.3546
v 67.4935 55.8821 -23.5546
v 65.9935 56.0181 -19.0546
v 67.2185 55.5985 -19.9546
v 67.7935 55.2985 -19.4346
v 66.2935 55.8352 -15.4546
v 66.2935 49.1087 -19.0546
v 66.2935 49.1790 -17.5546
v 66.8935 49.3477 -17.5546
v 67.1935 49.6431 -16.9546
v 67.4935 49.3946 -18.7545
v 68.0935 48.9985 -20.8246
v 67.4935 49.5774 -17.8546
v 67.7271 50.1985 -16.6546
v 65.9935 50.4868 -11.8546
v 66.2935 55.5821 -13.9546
v 67.5615 53.4985 -13.9546
v 67.5475 52.8985 -13.6546
v 67.6629 41.4985 -5.8546
v 67.9365 36.3985 -7.9546
v 67.3693 36.3985 -7.0546
v 66.9896 36.0985 -6.1546
v 66.7459 36.0985 -5.5546
v 68.0935 42.8509 -4.0546
v 65.7615 36.6985 -3.4546
v 66.8935 35.7024 -2.8546
v 65.9935 -37.7012 1.8954
v 66.5935 -35.6012 2.4654
v 66.2935 -36.5012 2.1355
v 67.1935 -35.6012 2.7455
v 65.8600 -39.2012 2.5454
v 65.9162 -31.7012 5.2455
v 65.5646 -32.9012 4.9454
v 66.2935 -30.5012 5.4955
v 65.9935 -32.9792 4.0454
v 66.2935 -33.0592 3.7455
v 67.4935 -32.3012 3.9054
v 66.2935 -34.4012 2.9454
v 67.4935 -34.4312 3.1454
v 67.4935 -35.3012 3.0055
v 67.1256 -37.1012 2.8454
v 66.8912 -37.7012 2.8454
v 67.2803 -36.5012 2.8454
v 66.8935 -37.4552 4.6454
v 66.2935 -38.2432 4.3454
v 67.4396 -37.1012 4.0454
v 65.9256 -39.2012 2.8454
v 65.6959 45.6985 5.5454
v 69.1975 41.7985 1.6454
v 67.7935 -23.0012 8.4454
v 66.2935 -27.2012 6.8454
v 66.2935 -27.8012 6.6954
v 66.8935 -27.2012 6.7555
v 66.0006 -30.8012 5.8454
v 66.2961 -32.0012 7.3454
v 65.5365 -33.5012 5.8454
v 66.2935 -34.7012 6.3954
v 67.1935 -35.0012 6.3855
v 67.4935 -32.9012 7.5254
v 66.2935 -36.6202 5.5454
v 66.5935 -22.4012 8.9654
v 65.9935 -23.7632 8.5454
v 67.4443 -30.2012 9.1454
v 67.1115 -30.5012 9.4454
v 66.8935 -30.8932 9.1454
v 65.8646 -32.3012 8.5454
v 66.2935 -31.8192 7.6454
v 67.0131 -11.3012 14.2455
v 66.5584 -17.3012 11.5454
v 65.9256 -21.5012 10.0454
v 67.7935 -17.0012 10.8354
v 65.5740 -21.2012 10.9454
v 65.5412 -20.3012 12.1454
v 65.2881 -22.1012 11.5454
v 66.8935 -26.0172 12.7455
v 65.9935 -28.7012 11.4855
v 66.3038 -30.5012 10.3454
v 66.3494 -30.8012 10.0454
v 67.7935 -28.6422 10.9454
v 67.4935 -29.4922 10.3454
v 66.1459 -13.1012 15.7455
v 67.4935 -11.0012 13.9054
v 65.6935 -19.7012 13.2754
v 65.9021 -20.6012 13.6454
v 66.0334 -22.4012 13.3454
v 66.2959 -20.6012 14.2455
v 65.7615 -22.1012 13.0454
v 65.7428 -23.6012 12.7455
v 67.4935 -22.7012 14.2355
v 67.4935 -26.3012 12.6554
v 67.0037 -7.1012 16.0454
v 67.4935 -0.5012 18.0554
v 67.7935 -8.3312 14.8454
v 66.2584 -8.6012 16.9454
v 66.2396 -11.6012 15.7455
v 66.4084 -7.4012 16.9454
v 66.6709 -15.2012 16.6454
v 66.2935 -15.8012 15.7754
v 66.2935 -10.9082 17.5454
v 67.4935 -15.0512 17.5454
v 66.8935 -20.9012 14.7054
v 67.2006 29.1985 17.5454
v 66.8935 30.6985 17.7555
v 68.3935 30.6985 16.5154
v 69.3278 28.8985 15.1454
v 68.5271 27.0985 16.6454
v 67.7935 5.7988 20.0654
v 66.2209 5.1988 21.7455
v 66.7506 6.3988 21.1454
v 66.0428 4.8988 22.3454
v 66.2631 -9.2012 18.1454
v 66.4787 -10.7012 18.1454
v 66.6943 -11.6012 18.1454
v 67.4845 27.3985 20.2455
v 68.0935 27.2274 21.1454
v 67.4935 9.0988 21.1654
v 66.8935 8.3208 21.4454
v 66.4834 -1.4012 22.0454
v 66.9803 -1.1012 22.9454
v 67.2130 -8.9012 19.9454
v 67.4935 36.1571 22.3454
v 68.6935 35.0556 20.8454
v 69.8935 26.6931 21.1454
v 66.0756 13.5988 23.8454
v 66.5935 14.4988 23.4955
v 66.2935 18.9988 24.9254
v 67.4935 13.8988 22.7254
v 66.3896 9.3988 22.3454
v 66.0334 10.5988 23.2455
v 66.2162 1.5988 22.6454
v 65.8740 7.8988 24.4454
v 66.2162 6.3988 24.7455
v 65.9646 37.5985 25.0454
v 65.7864 37.8985 26.5454
v 67.1935 36.7431 24.4454
v 67.8428 36.0985 25.0454
v 68.0935 35.1985 25.9855
v 68.0935 29.4985 24.7555
v 67.7935 21.9988 25.2954
v 67.1935 21.6988 25.2555
v 67.7935 19.7198 24.4454
v 67.7935 20.7988 24.8354
v 65.7849 18.6988 25.3454
v 65.9935 18.3988 24.9955
v 65.5553 11.4988 24.7455
v 65.5553 10.8988 25.0454
v 65.7709 8.7988 24.1454
v 65.6021 11.4988 26.2455
v 65.8881 11.1988 26.8454
v 66.6568 6.6988 25.6454
v 67.7935 6.9988 26.8054
v 67.5154 -0.2012 23.8454
v 66.2935 36.6135 27.7455
v 66.2678 34.8985 28.3454
v 66.5935 33.3985 27.8954
v 68.0584 34.2985 26.5454
v 67.4935 33.0985 27.1554
v 67.8203 30.3985 25.6454
v 67.1935 27.0985 27.6954
v 67.1935 28.5881 28.6454
v 67.4935 25.2985 26.7854
v 67.1935 24.6985 26.4654
v 65.6935 15.3988 29.0154
v 65.5740 12.9988 27.1454
v 66.1506 13.2988 28.3454
v 65.9935 30.9985 29.7954
v 68.2224 29.7985 31.0454
v 67.7935 28.2985 28.7854
v 66.0660 16.2988 29.8454
v 66.2935 15.0988 29.5254
v 67.7935 15.9988 30.5854
v 68.3935 16.2988 30.8154
v 67.4935 20.4988 32.7854
v 66.5935 24.0985 34.3655
v 65.9935 33.6935 34.6454
v 65.9935 33.0985 35.2654
v 67.8943 30.6985 32.5454
v 67.9178 30.0985 33.7455
v 67.4935 29.6392 34.6454
v 65.9935 26.1985 35.2355
v 66.5935 27.9985 35.4354
v 67.4935 27.9985 34.8755
v 67.1935 26.1985 34.8154
v 67.7492 27.0985 34.6454
v 65.3935 24.8635 47.5454
v 66.7333 22.5988 46.3454
v 67.4935 23.1985 46.2555
v 66.8935 23.1985 46.3755
v 65.9584 24.9985 48.1454
v 69.8935 20.7988 44.5854
v 69.5935 20.4988 44.6454
v 67.0553 21.0988 46.6454
v 69.3615 19.2988 45.4454
v 69.2935 19.1838 46.0454
v 67.4935 20.4988 47.9054
v 66.8935 20.7988 47.9554
v 65.9396 25.2985 49.9454
v 67.1935 23.7985 48.3254
v 67.2475 23.4985 49.0454
v 67.1935 23.7955 49.9454
v 67.6365 23.1985 48.4454
v 66.2935 19.8988 49.8855
v 67.4935 20.6138 49.0454
v 66.6566 23.7985 51.4454
v 67.3760 23.4985 50.8454
v 67.2897 22.8985 52.0454
v 68.0935 21.9988 52.6255
v 68.3935 21.0988 53.4254
v 65.8928 19.8988 52.3454
v 68.4077 18.3988 54.1454
v 65.9935 19.4648 51.1454
v 65.8834 19.5988 51.7455
v 68.3935 17.5198 51.7455
v 69.6011 16.8988 51.7455
v 67.1935 18.3678 51.7455
v 68.9490 16.8988 53.5454
v 68.3935 18.9988 54.2455
v 68.6935 19.8988 54.1754
v 67.7935 55.9477 -35.5546
v 67.4935 57.9985 -39.0145
v 68.5084 55.5985 -33.7545
v 68.8740 -51.2012 -38.8546
v 68.8506 -51.8012 -38.2545
v 69.3803 -50.6012 -37.6546
v 68.8975 -51.8012 -37.9546
v 69.8935 -49.4482 -37.6546
v 69.2935 -51.4952 -39.4546
v 69.8771 -53.3012 -38.2545
v 69.5935 -52.9292 -37.6546
v 68.7803 57.0985 -31.6546
v 68.4475 57.6985 -31.9546
v 68.9865 55.8985 -32.2545
v 68.8881 55.5985 -32.5546
v 68.6935 54.1527 -31.0546
v 68.3935 56.0134 -26.5546
v 68.9443 56.4985 -30.7545
v 68.9935 55.8091 -28.3546
v 68.5662 53.7985 -30.7545
v 68.6935 53.7985 -30.5746
v 69.1218 54.9985 -30.7545
v 68.1709 51.6985 -28.9546
v 69.2350 51.3985 -30.7545
v 69.8935 50.7985 -32.1746
v 69.3803 49.8985 -31.0546
v 67.7935 56.1024 -25.3546
v 68.6935 55.7848 -26.8546
v 68.6935 55.7104 -26.5546
v 68.6935 55.5681 -25.0546
v 68.0935 55.3337 -21.7545
v 68.3935 55.1509 -21.1546
v 68.9935 48.6634 -23.2545
v 68.3935 54.7056 -19.6546
v 69.1037 52.2985 -18.1546
v 69.8935 51.6985 -19.7246
v 69.9709 52.2985 -19.9546
v 69.9099 51.0985 -19.9546
v 68.9935 49.1040 -21.4546
v 69.2935 49.3712 -21.1546
v 68.3935 54.6532 -18.1546
v 68.6584 54.0985 -17.8546
v 68.7943 54.0985 -19.0546
v 69.1459 53.1985 -18.7545
v 69.8935 38.7348 -9.7545
v 68.3935 37.5985 -8.7046
v 68.6935 37.2985 -8.9546
v 68.6935 36.3985 -8.7746
v 68.0935 42.1243 -5.2545
v 68.8881 33.9985 -8.2545
v 68.9935 34.0524 -4.6546
v 69.5935 33.9915 -4.3546
v 67.7935 -29.6012 5.1854
v 68.0935 -31.4012 4.4354
v 68.0935 -32.3012 4.0954
v 68.3935 -28.1012 5.9754
v 68.4099 -33.5012 4.0454
v 68.6350 -33.5012 4.3454
v 68.7709 -32.3012 4.6454
v 68.2365 -35.3012 4.0454
v 68.3935 -25.1012 7.4254
v 68.6935 -25.4012 7.3655
v 68.6935 -28.1012 6.0854
v 69.2935 -26.9302 7.0454
v 69.6756 -28.4012 7.0454
v 68.6935 -30.2012 5.2054
v 68.6935 -31.4012 4.7954
v 68.9935 -29.6012 5.6754
v 69.3662 -30.8012 5.8454
v 69.6521 -30.2012 7.0454
v 69.5443 -30.8012 7.0454
v 68.6935 -33.1592 6.7455
v 68.3935 -33.5852 6.7455
v 68.6935 -32.7892 7.0454
v 67.7935 -34.9862 6.1454
v 68.0935 -33.4682 7.0454
v 68.8459 -33.5012 6.1454
v 68.0935 -19.4832 9.7455
v 68.6935 -22.7012 8.6854
v 69.7693 -23.6012 9.1454
v 69.9428 -25.4012 8.8454
v 69.9709 -26.6012 8.8454
v 69.8162 -27.8012 8.8454
v 69.5959 -27.2012 9.7455
v 69.2935 -29.7322 8.5454
v 69.3100 -27.8012 9.7455
v 69.2935 -13.1012 12.3354
v 68.9935 -17.6012 10.5154
v 69.8935 -14.6012 11.8954
v 69.5935 -20.0012 9.8954
v 67.7935 -18.5012 10.1954
v 67.7935 -27.9242 11.5454
v 68.6935 -27.3842 11.2455
v 68.3935 -27.4082 11.5454
v 69.7037 -25.7012 11.5454
v 69.7600 -26.0012 10.3454
v 68.0935 -10.7012 13.6554
v 68.6935 -11.3012 13.1554
v 69.2935 -8.0282 14.5454
v 69.8935 -13.1012 12.4654
v 68.6935 -22.7012 14.3555
v 68.9935 -25.3322 12.7455
v 69.8935 -24.5012 12.4154
v 69.2935 27.6985 15.0954
v 68.7100 27.3985 16.0454
v 68.0935 -5.9012 15.6554
v 68.9935 0.4738 17.8454
v 68.3935 0.6988 18.0454
v 68.6935 -20.5672 15.4454
v 68.9935 -14.0012 18.6055
v 69.8935 -20.9012 14.9254
v 68.9935 26.3136 16.6454
v 68.6935 5.1988 19.5454
v 69.2935 6.3988 19.8555
v 69.8935 2.0828 18.4454
v 68.3935 -13.1012 18.8755
v 69.8935 -15.2012 17.9454
v 69.5545 25.5985 18.1454
v 69.8935 10.5988 21.1454
v 69.2935 9.3988 20.7154
v 67.7935 -9.8012 20.0254
v 68.3935 -3.2012 23.1654
v 69.2935 -3.5012 23.2954
v 69.2935 -9.2012 20.7854
v 68.4220 35.7985 23.8454
v 68.9935 35.3556 23.2455
v 69.0521 35.1985 23.8454
v 69.7600 34.5985 23.2455
v 68.6935 19.2988 24.2355
v 69.8935 18.0988 23.9554
v 69.2935 17.1988 23.5354
v 68.6935 13.8988 22.3755
v 68.9935 -2.6012 23.6255
v 68.6935 -0.8012 24.2754
v 68.8271 34.5985 25.3454
v 68.3935 31.2985 25.9154
v 68.9935 31.5985 25.6155
v 68.9935 32.7985 25.7954
v 69.0194 29.4985 24.4454
v 69.8935 28.2985 23.0754
v 68.9935 30.0985 24.8954
v 68.9935 30.6985 25.2455
v 68.9935 23.1985 26.0954
v 68.9935 22.5988 25.7654
v 68.3935 23.1985 25.9054
v 68.9935 20.7988 24.8855
v 68.6935 2.1988 25.4554
v 68.9935 3.3988 26.0055
v 68.9935 6.9988 27.3154
v 69.5935 0.9988 25.1854
v 68.0935 27.0741 28.0454
v 68.9935 26.4985 28.2555
v 68.3935 26.1985 27.6155
v 68.9935 24.9985 27.1654
v 68.9935 25.8985 27.7954
v 69.2935 23.7985 26.5754
v 68.3162 28.8985 29.8454
v 68.6443 28.8985 30.4454
v 68.9935 28.6521 31.0454
v 68.8834 27.6985 29.2455
v 69.3803 27.9985 31.0454
v 69.9615 26.7985 30.7455
v 69.5678 26.7985 29.2455
v 68.6935 15.6988 30.5055
v 68.9935 16.2988 30.7654
v 69.2935 12.0368 29.2455
v 69.5935 15.0988 30.1654
v 69.8935 11.7988 29.1255
v 68.3959 29.4985 33.1454
v 69.0850 27.9985 32.8454
v 68.6912 28.2985 33.4454
v 68.8459 27.6985 33.4454
v 69.0053 26.7985 33.4454
v 69.5490 25.8985 32.8454
v 69.6053 24.9985 32.8454
v 68.9935 25.2985 33.5254
v 68.9935 23.0767 33.1454
v 68.3935 23.0235 33.4454
v 69.2935 21.9988 32.6954
v 68.3935 25.6628 34.0454
v 68.3935 24.3985 33.8254
v 68.0935 21.6988 33.1554
v 68.6935 21.0988 32.7355
v 69.5935 17.1988 30.9955
v 69.8935 19.5988 44.5654
v 68.7521 22.5988 47.5454
v 69.2935 22.4418 46.6454
v 68.6935 20.1988 47.7555
v 67.8287 22.5988 48.7455
v 67.7490 22.5988 49.0454
v 68.4475 22.2988 50.2455
v 69.2935 21.4128 50.5454
v 68.9935 20.4988 49.8254
v 67.4935 19.5988 49.8054
v 69.5935 17.1988 51.4254
v 68.6935 21.9988 52.0954
v 69.2935 21.2368 52.9454
v 69.2935 21.0988 50.2555
v 68.6935 19.2988 54.3555
v 68.9935 18.6988 54.5954
v 68.9935 18.0988 54.5654
v 69.8935 16.5988 54.7754
f 1 2 3
f 4 5 6
f 5 7 6
f 8 9 10
f 11 12 13
f 14 15 16
f 17 14 18
f 17 15 14
f 19 20 21
f 22 23 24
f 23 22 25
f 26 27 25
f 27 28 25
f 29 30 31
f 32 33 34
f 35 36 37
f 36 38 37
f 39 34 33
f 40 41 32
f 42 43 44
f 45 46 47
f 48 49 50
f 51 52 53
f 54 55 56
f 54 57 58
f 57 59 58
f 58 59 56
f 57 54 56
f 56 55 57
f 57 55 60
f 61 57 60
f 61 59 57
f 62 63 59
f 62 64 63
f 56 2 1
f 58 56 1
f 54 58 65
f 56 64 2
f 3 2 1
f 54 65 55
f 56 63 64
f 63 56 59
f 1 2 64
f 1 64 3
f 66 3 64
f 66 64 3
f 67 68 64
f 67 64 66
f 67 69 68
f 60 70 69
f 71 69 70
f 64 72 3
f 64 68 72
f 71 73 69
f 73 68 69
f 71 74 73
f 73 74 68
f 4 75 5
f 76 75 77
f 78 79 80
f 78 80 77
f 80 81 77
f 80 82 81
f 81 82 83
f 84 81 85
f 85 81 83
f 75 76 86
f 87 75 86
f 77 81 76
f 81 86 76
f 86 81 84
f 86 84 88
f 89 86 88
f 88 84 85
f 85 89 88
f 5 75 87
f 5 90 91
f 91 92 8
f 90 87 86
f 5 87 90
f 90 92 91
f 7 5 93
f 93 5 10
f 91 8 10
f 5 91 10
f 94 80 79
f 95 96 97
f 9 98 99
f 9 99 100
f 86 101 90
f 90 101 92
f 102 99 101
f 89 103 86
f 86 103 101
f 103 102 101
f 102 104 99
f 92 8 101
f 9 8 92
f 92 98 9
f 92 99 98
f 8 92 101
f 101 99 92
f 105 106 107
f 108 109 106
f 109 107 106
f 108 110 109
f 111 110 112
f 109 110 111
f 105 109 113
f 114 113 109
f 105 107 109
f 115 116 97
f 117 118 95
f 116 117 97
f 95 118 79
f 119 118 117
f 116 119 117
f 94 79 118
f 97 117 95
f 115 97 96
f 120 100 121
f 122 120 121
f 100 99 123
f 104 123 99
f 124 113 114
f 125 126 127
f 125 122 126
f 126 122 121
f 100 128 121
f 129 124 130
f 114 130 124
f 130 114 109
f 130 131 129
f 131 130 132
f 130 133 132
f 129 131 11
f 11 131 12
f 12 131 134
f 131 132 134
f 135 134 132
f 132 136 135
f 12 134 135
f 137 12 138
f 138 139 137
f 139 138 140
f 12 135 138
f 135 141 138
f 138 141 142
f 135 136 141
f 139 140 143
f 144 145 146
f 146 145 18
f 142 147 138
f 148 143 149
f 150 149 143
f 151 149 150
f 143 140 147
f 143 147 150
f 147 140 138
f 152 150 147
f 153 154 155
f 146 156 157
f 157 156 158
f 158 159 157
f 160 161 162
f 157 144 146
f 157 159 144
f 159 145 144
f 160 145 161
f 145 159 161
f 17 18 145
f 15 17 160
f 160 163 15
f 160 17 145
f 151 164 149
f 152 165 150
f 166 167 164
f 168 164 151
f 166 164 168
f 169 168 151
f 169 151 165
f 150 165 151
f 170 171 172
f 170 173 174
f 175 176 163
f 177 176 175
f 162 163 160
f 162 175 163
f 162 161 178
f 179 162 178
f 162 179 175
f 179 180 175
f 175 180 177
f 161 159 178
f 15 163 16
f 16 163 181
f 182 183 184
f 20 167 21
f 168 167 166
f 172 185 186
f 171 185 172
f 182 187 188
f 188 183 182
f 21 189 19
f 189 190 19
f 19 190 191
f 21 192 189
f 192 21 167
f 193 185 194
f 185 193 195
f 196 185 195
f 186 185 196
f 187 182 197
f 198 187 197
f 188 187 199
f 200 191 190
f 200 190 201
f 201 202 200
f 190 189 201
f 189 192 203
f 201 189 203
f 201 203 204
f 203 192 204
f 205 204 192
f 204 205 206
f 207 208 193
f 208 195 193
f 209 210 211
f 210 212 211
f 213 212 214
f 199 187 215
f 187 198 216
f 217 187 216
f 24 200 202
f 22 24 202
f 22 202 218
f 204 202 201
f 206 202 204
f 206 218 202
f 219 218 206
f 206 220 219
f 220 221 219
f 222 223 195
f 224 222 195
f 225 208 226
f 224 208 225
f 195 208 224
f 208 207 226
f 225 227 228
f 227 229 230
f 209 231 227
f 231 229 227
f 231 209 211
f 231 211 232
f 212 233 211
f 211 233 232
f 25 22 26
f 22 218 26
f 218 219 26
f 26 234 235
f 236 222 224
f 219 234 26
f 234 236 224
f 224 235 234
f 236 219 221
f 234 219 236
f 224 225 237
f 225 238 237
f 237 238 239
f 238 225 228
f 238 228 240
f 228 241 240
f 230 241 228
f 227 230 228
f 242 229 231
f 230 229 242
f 231 232 242
f 243 244 245
f 246 247 248
f 249 250 246
f 246 250 251
f 27 252 35
f 26 252 27
f 252 253 35
f 253 252 239
f 252 26 239
f 224 237 235
f 235 237 239
f 239 26 235
f 238 254 239
f 238 240 255
f 256 255 240
f 241 256 240
f 230 257 241
f 230 242 257
f 256 241 257
f 257 258 256
f 259 260 261
f 243 260 259
f 259 262 243
f 259 261 263
f 261 248 263
f 263 248 264
f 259 263 262
f 262 263 264
f 251 250 265
f 251 247 246
f 247 251 266
f 248 247 264
f 251 265 30
f 267 30 29
f 266 251 30
f 266 30 267
f 268 266 267
f 269 37 38
f 40 37 269
f 253 36 35
f 253 270 36
f 270 271 36
f 271 38 36
f 270 272 271
f 271 273 38
f 239 270 253
f 272 273 271
f 274 254 270
f 239 274 270
f 239 254 274
f 270 254 272
f 238 255 254
f 267 29 275
f 31 275 29
f 276 275 31
f 268 267 275
f 268 275 277
f 277 275 278
f 278 275 276
f 278 276 279
f 31 39 280
f 281 39 33
f 280 276 31
f 39 281 280
f 276 280 282
f 283 276 282
f 281 282 280
f 284 282 281
f 279 276 283
f 32 285 33
f 286 284 33
f 285 286 33
f 33 284 281
f 269 41 40
f 32 41 285
f 287 285 41
f 288 289 41
f 41 289 287
f 288 41 269
f 38 273 269
f 273 288 269
f 288 273 289
f 290 291 273
f 254 292 272
f 293 273 272
f 283 282 294
f 294 279 283
f 282 284 295
f 294 282 295
f 296 279 294
f 284 286 297
f 295 284 298
f 284 297 298
f 298 297 299
f 287 300 285
f 286 285 300
f 289 301 287
f 297 286 300
f 301 302 300
f 287 301 300
f 300 302 297
f 297 302 299
f 273 303 289
f 303 301 289
f 273 291 303
f 303 291 290
f 304 305 306
f 306 307 308
f 309 306 308
f 310 306 309
f 304 306 310
f 310 309 308
f 304 311 305
f 306 305 312
f 306 312 313
f 314 306 313
f 313 315 314
f 305 316 312
f 316 313 312
f 311 305 317
f 305 311 317
f 316 305 311
f 308 307 318
f 319 320 321
f 320 322 321
f 310 323 304
f 323 310 308
f 323 308 318
f 44 43 324
f 315 43 314
f 43 315 325
f 325 324 43
f 326 44 324
f 324 325 326
f 315 327 325
f 327 326 325
f 316 328 313
f 328 315 313
f 328 329 315
f 330 319 321
f 331 332 330
f 333 332 331
f 307 332 334
f 334 332 333
f 44 335 322
f 336 335 44
f 335 336 337
f 336 327 337
f 336 44 327
f 338 321 335
f 337 338 335
f 327 339 337
f 337 340 341
f 326 327 44
f 315 342 327
f 339 327 340
f 340 337 339
f 330 321 343
f 344 345 338
f 343 321 346
f 338 337 344
f 337 347 344
f 348 345 344
f 337 341 349
f 347 337 349
f 344 347 348
f 350 351 352
f 350 353 351
f 354 351 353
f 355 356 352
f 355 357 356
f 346 321 338
f 358 359 360
f 356 361 362
f 361 363 362
f 363 364 365
f 366 367 368
f 369 367 366
f 368 370 366
f 370 371 372
f 370 372 366
f 366 372 373
f 374 369 366
f 375 376 377
f 378 379 380
f 380 379 375
f 379 376 375
f 376 381 382
f 381 376 379
f 372 371 383
f 384 372 383
f 373 372 384
f 383 385 386
f 385 387 388
f 384 383 386
f 386 385 388
f 384 386 389
f 388 389 386
f 389 388 390
f 390 388 391
f 392 375 377
f 393 392 377
f 387 392 393
f 393 394 387
f 388 387 394
f 394 393 377
f 388 394 391
f 377 382 395
f 377 376 382
f 396 397 398
f 396 399 397
f 46 398 47
f 398 400 47
f 398 401 400
f 46 45 402
f 398 46 396
f 396 46 402
f 402 403 404
f 405 406 407
f 407 406 408
f 396 402 404
f 405 407 403
f 47 400 409
f 410 409 411
f 409 400 411
f 48 50 412
f 411 400 413
f 413 400 401
f 50 411 414
f 413 401 414
f 413 414 411
f 411 50 410
f 415 416 417
f 416 418 419
f 417 416 419
f 416 420 418
f 420 421 418
f 422 423 424
f 421 425 423
f 424 423 426
f 427 426 428
f 429 427 428
f 430 426 427
f 407 408 431
f 408 406 49
f 408 49 432
f 49 48 432
f 52 51 433
f 433 434 52
f 433 429 428
f 433 428 434
f 435 436 437
f 437 436 438
f 61 439 59
f 439 62 59
f 440 441 61
f 61 441 439
f 442 440 443
f 439 442 62
f 441 442 439
f 442 441 440
f 61 60 440
f 60 67 440
f 69 67 60
f 67 444 440
f 440 444 443
f 443 444 67
f 67 69 443
f 443 69 67
f 442 64 62
f 442 66 64
f 66 443 445
f 442 443 66
f 67 445 443
f 66 445 67
f 80 446 82
f 82 446 83
f 83 446 447
f 83 448 449
f 448 83 450
f 448 451 449
f 452 449 451
f 83 89 85
f 83 449 89
f 103 89 449
f 449 452 103
f 103 452 102
f 452 104 102
f 453 80 94
f 453 454 80
f 454 455 456
f 454 456 80
f 80 456 446
f 446 456 447
f 447 456 457
f 455 457 456
f 450 83 447
f 450 458 448
f 459 458 450
f 460 104 461
f 461 104 452
f 451 461 452
f 448 458 451
f 451 458 461
f 462 104 460
f 463 464 112
f 464 111 112
f 465 466 119
f 119 466 453
f 94 118 453
f 453 118 119
f 119 94 453
f 94 119 453
f 123 467 468
f 467 461 469
f 123 128 100
f 123 468 128
f 462 467 104
f 104 467 123
f 460 467 462
f 461 467 460
f 111 470 109
f 109 470 130
f 470 111 464
f 470 464 471
f 472 465 473
f 474 472 473
f 473 119 116
f 465 119 473
f 475 127 126
f 126 121 476
f 121 128 476
f 467 477 468
f 478 464 463
f 133 470 471
f 130 470 133
f 471 464 479
f 479 464 478
f 480 474 481
f 480 482 474
f 481 116 483
f 484 483 116
f 481 474 473
f 473 116 481
f 116 485 486
f 484 116 486
f 485 115 127
f 115 485 116
f 485 127 487
f 127 485 487
f 475 485 127
f 485 475 488
f 475 476 489
f 475 126 476
f 476 128 489
f 478 490 491
f 490 492 491
f 491 493 478
f 479 494 495
f 479 478 494
f 136 132 133
f 495 471 479
f 136 133 471
f 136 471 495
f 496 482 497
f 480 497 482
f 498 496 497
f 481 499 500
f 497 480 501
f 480 481 501
f 481 500 501
f 483 484 481
f 486 485 484
f 481 484 499
f 484 502 499
f 485 502 484
f 502 485 503
f 485 488 504
f 488 475 489
f 505 506 492
f 506 507 492
f 507 506 508
f 509 494 478
f 478 493 509
f 141 136 510
f 510 136 495
f 511 495 494
f 495 511 510
f 494 509 511
f 512 513 514
f 513 515 516
f 515 512 517
f 512 515 513
f 517 512 518
f 515 498 516
f 498 515 517
f 513 516 501
f 501 519 513
f 501 520 519
f 501 500 520
f 520 500 521
f 513 519 514
f 501 516 497
f 516 498 497
f 500 499 522
f 499 502 522
f 522 521 500
f 502 503 522
f 521 522 523
f 522 503 523
f 503 485 523
f 524 485 504
f 523 485 524
f 525 526 527
f 527 526 528
f 529 525 527
f 528 530 527
f 529 506 525
f 506 529 508
f 508 529 527
f 508 527 530
f 141 531 142
f 531 532 142
f 533 532 531
f 533 531 141
f 534 532 533
f 535 534 533
f 535 141 510
f 510 511 535
f 533 141 535
f 142 152 147
f 532 152 142
f 536 155 537
f 538 539 540
f 541 517 518
f 538 541 518
f 538 518 539
f 542 538 543
f 538 542 541
f 519 544 514
f 518 514 539
f 539 514 544
f 518 512 514
f 545 546 544
f 519 520 545
f 520 521 545
f 519 545 544
f 523 547 521
f 545 521 547
f 547 546 545
f 523 548 547
f 548 549 547
f 550 549 548
f 547 549 546
f 548 523 550
f 550 524 551
f 550 523 524
f 552 528 526
f 552 553 528
f 553 554 555
f 553 555 528
f 555 530 528
f 555 554 556
f 557 535 511
f 165 152 558
f 532 558 152
f 532 559 558
f 560 532 534
f 559 532 560
f 560 561 559
f 534 561 560
f 562 169 165
f 559 165 558
f 165 559 561
f 562 165 561
f 154 174 563
f 174 173 563
f 173 564 563
f 563 564 565
f 154 566 155
f 565 566 154
f 563 565 154
f 567 566 565
f 565 564 567
f 566 537 155
f 536 537 568
f 158 536 569
f 537 566 568
f 568 569 536
f 570 158 569
f 569 571 570
f 571 572 570
f 566 567 568
f 568 567 569
f 567 573 569
f 573 571 569
f 159 158 570
f 159 570 178
f 574 178 179
f 178 570 179
f 574 179 572
f 179 570 572
f 543 575 576
f 577 543 576
f 578 577 576
f 579 540 580
f 580 540 581
f 575 579 580
f 575 543 579
f 544 540 539
f 582 540 544
f 538 540 579
f 579 543 538
f 540 582 581
f 581 582 583
f 546 582 544
f 551 546 549
f 551 549 550
f 546 551 582
f 183 584 552
f 584 183 585
f 552 584 553
f 585 553 584
f 553 585 586
f 553 586 554
f 554 586 556
f 587 168 169
f 169 562 587
f 588 562 561
f 589 562 588
f 170 172 590
f 590 591 173
f 591 592 173
f 173 592 593
f 170 590 173
f 564 173 593
f 593 594 564
f 594 595 564
f 596 573 567
f 572 571 573
f 574 572 597
f 598 574 597
f 574 598 178
f 178 598 179
f 179 598 180
f 599 576 575
f 600 599 601
f 599 578 576
f 600 578 599
f 601 602 600
f 575 580 599
f 580 603 599
f 580 581 603
f 581 604 603
f 581 583 605
f 606 605 583
f 583 582 606
f 582 551 606
f 606 551 607
f 168 587 608
f 167 168 608
f 608 192 167
f 609 598 597
f 598 609 180
f 610 601 611
f 601 599 603
f 603 612 601
f 603 604 612
f 604 613 612
f 601 614 611
f 601 612 614
f 612 615 614
f 612 613 615
f 613 616 615
f 613 617 616
f 581 605 604
f 604 605 617
f 605 606 617
f 617 606 605
f 604 617 613
f 183 618 585
f 188 618 183
f 188 619 618
f 620 618 619
f 585 618 620
f 205 192 621
f 621 622 205
f 608 621 192
f 623 622 621
f 587 621 608
f 196 195 223
f 186 196 223
f 186 624 172
f 624 590 172
f 214 176 625
f 176 626 625
f 177 626 176
f 215 627 199
f 619 199 627
f 199 619 188
f 628 620 619
f 206 205 622
f 220 629 221
f 206 622 220
f 623 630 220
f 622 623 220
f 220 630 629
f 630 624 629
f 630 623 631
f 630 631 624
f 623 621 631
f 186 223 629
f 624 186 629
f 232 233 632
f 213 233 212
f 214 625 633
f 214 633 213
f 634 635 636
f 634 637 638
f 637 639 638
f 223 222 629
f 629 222 236
f 221 629 236
f 232 640 242
f 232 632 640
f 632 233 213
f 639 641 638
f 258 257 642
f 642 257 242
f 640 632 643
f 640 643 644
f 645 646 262
f 646 645 647
f 247 648 264
f 262 264 648
f 247 266 648
f 268 648 266
f 649 262 648
f 262 649 645
f 255 292 254
f 256 292 255
f 292 256 258
f 650 258 642
f 642 651 652
f 650 642 652
f 642 242 651
f 242 640 651
f 640 644 651
f 645 649 647
f 649 648 653
f 649 653 647
f 654 647 653
f 268 277 648
f 648 277 653
f 655 653 277
f 656 653 655
f 657 293 272
f 290 273 293
f 657 272 292
f 658 293 657
f 658 290 293
f 258 659 292
f 659 657 292
f 659 660 657
f 657 660 658
f 659 258 650
f 659 661 660
f 650 644 659
f 644 662 659
f 655 277 278
f 655 278 663
f 663 278 279
f 655 663 664
f 295 665 294
f 296 294 666
f 666 294 665
f 663 279 296
f 663 296 666
f 665 295 667
f 668 665 667
f 666 665 668
f 666 668 663
f 667 295 298
f 301 669 302
f 301 303 670
f 669 301 670
f 670 303 671
f 670 671 672
f 290 671 303
f 673 290 658
f 290 673 671
f 673 674 671
f 671 675 672
f 674 675 671
f 674 676 675
f 658 674 673
f 658 660 661
f 661 677 658
f 658 677 674
f 663 668 678
f 679 668 680
f 681 668 679
f 298 299 682
f 667 298 682
f 682 680 667
f 668 667 680
f 683 680 682
f 683 679 680
f 669 299 302
f 669 684 299
f 682 299 683
f 669 685 684
f 683 299 686
f 684 686 299
f 686 684 685
f 670 672 669
f 687 688 669
f 672 687 669
f 675 687 672
f 688 685 669
f 687 675 688
f 688 675 689
f 690 685 688
f 689 691 688
f 676 689 675
f 692 693 686
f 685 692 686
f 690 688 691
f 311 694 316
f 316 694 328
f 323 695 304
f 304 695 311
f 311 695 696
f 697 311 696
f 696 311 697
f 698 311 696
f 694 311 698
f 696 695 699
f 696 700 698
f 328 694 329
f 318 307 701
f 701 702 318
f 702 703 318
f 318 703 323
f 323 703 695
f 698 704 694
f 703 699 695
f 699 700 696
f 705 704 698
f 342 340 327
f 342 315 329
f 704 705 342
f 705 340 342
f 329 704 342
f 694 704 329
f 701 307 334
f 348 347 349
f 354 706 707
f 351 708 352
f 353 359 706
f 706 354 353
f 707 708 354
f 354 708 351
f 709 707 706
f 352 708 355
f 710 356 357
f 708 711 355
f 708 712 711
f 357 355 711
f 713 357 711
f 707 712 708
f 710 361 356
f 711 714 713
f 713 710 357
f 331 330 343
f 343 346 715
f 716 331 343
f 715 716 343
f 331 716 333
f 333 716 334
f 338 343 346
f 345 343 338
f 346 343 715
f 705 717 340
f 706 359 358
f 369 718 719
f 369 374 718
f 720 358 719
f 718 720 719
f 709 706 358
f 720 709 358
f 363 721 364
f 722 363 361
f 363 722 721
f 361 723 722
f 378 364 721
f 722 724 721
f 725 726 716
f 727 716 715
f 715 343 727
f 727 343 345
f 728 727 345
f 727 345 348
f 349 729 348
f 730 348 729
f 730 727 348
f 731 374 366
f 373 732 366
f 366 732 731
f 732 733 731
f 732 373 733
f 733 734 735
f 373 734 733
f 736 381 379
f 381 736 737
f 379 378 738
f 379 738 736
f 736 739 740
f 716 727 728
f 728 345 727
f 373 384 389
f 734 373 389
f 734 389 390
f 741 735 734
f 742 741 734
f 394 377 743
f 743 377 395
f 394 743 391
f 744 390 391
f 745 743 737
f 745 744 391
f 745 391 743
f 734 390 744
f 746 744 745
f 746 742 734
f 746 734 744
f 741 742 746
f 382 737 395
f 382 381 737
f 395 737 743
f 737 736 740
f 747 748 399
f 399 748 397
f 749 397 748
f 750 397 749
f 747 749 748
f 397 401 398
f 401 397 749
f 416 751 420
f 752 404 403
f 404 752 403
f 404 407 431
f 403 407 404
f 404 753 752
f 396 404 753
f 747 399 754
f 754 399 396
f 750 749 397
f 750 755 749
f 414 412 50
f 756 412 414
f 401 757 414
f 401 749 757
f 757 755 414
f 749 755 757
f 415 758 759
f 760 761 762
f 415 759 763
f 763 759 764
f 764 759 760
f 415 763 416
f 415 417 758
f 421 420 425
f 751 425 420
f 425 426 423
f 425 765 426
f 765 766 426
f 426 766 767
f 428 426 767
f 425 766 765
f 768 408 432
f 431 408 768
f 768 432 756
f 431 768 769
f 412 432 48
f 412 756 432
f 762 770 771
f 772 771 773
f 771 770 773
f 428 767 774
f 434 775 776
f 774 434 428
f 774 775 434
f 777 778 779
f 778 780 779
f 781 782 772
f 782 781 777
f 782 777 783
f 777 779 783
f 780 778 435
f 435 437 780
f 784 785 786
f 776 784 434
f 787 788 786
f 789 437 438
f 780 437 790
f 789 438 791
f 792 780 790
f 790 437 789
f 789 791 793
f 779 780 792
f 792 790 789
f 791 788 787
f 785 787 786
f 794 791 787
f 795 796 797
f 797 798 799
f 800 801 802
f 799 801 800
f 795 797 799
f 803 799 797
f 804 795 799
f 799 803 797
f 805 799 803
f 801 799 805
f 802 806 807
f 801 805 802
f 805 806 802
f 808 807 806
f 809 810 811
f 811 812 813
f 811 810 812
f 814 815 796
f 816 796 815
f 795 815 796
f 796 815 795
f 796 816 809
f 811 817 809
f 796 809 817
f 818 800 819
f 804 796 795
f 797 796 817
f 797 817 798
f 820 459 819
f 820 821 459
f 819 800 820
f 807 820 800
f 807 821 820
f 796 800 818
f 800 802 807
f 796 804 800
f 799 800 804
f 821 822 823
f 822 824 823
f 822 825 826
f 822 820 821
f 821 820 822
f 808 821 807
f 822 821 808
f 825 822 808
f 825 808 827
f 826 824 822
f 825 828 824
f 825 824 826
f 827 829 828
f 828 825 827
f 824 830 831
f 828 832 830
f 830 824 828
f 832 828 833
f 834 830 832
f 833 828 829
f 835 833 829
f 835 832 833
f 835 836 832
f 832 836 834
f 830 837 831
f 837 830 838
f 837 830 834
f 838 830 837
f 839 834 836
f 837 834 839
f 840 837 839
f 838 841 837
f 838 837 840
f 840 842 838
f 842 841 838
f 843 842 840
f 842 844 841
f 842 845 844
f 454 453 846
f 846 847 454
f 847 846 848
f 849 848 809
f 848 850 810
f 809 848 810
f 850 851 810
f 852 455 454
f 816 455 852
f 847 816 852
f 454 847 852
f 849 816 847
f 847 848 849
f 816 849 809
f 457 455 816
f 816 447 457
f 447 814 818
f 818 819 447
f 447 816 814
f 818 814 796
f 814 816 815
f 447 853 450
f 853 459 450
f 461 458 459
f 461 459 854
f 469 461 854
f 819 853 447
f 819 459 853
f 821 823 459
f 459 823 855
f 459 855 854
f 856 857 823
f 823 856 855
f 857 856 823
f 857 858 856
f 858 859 856
f 855 856 859
f 859 858 860
f 855 859 861
f 859 860 861
f 861 860 862
f 824 863 823
f 823 863 856
f 863 857 856
f 863 858 857
f 858 863 864
f 864 863 865
f 860 858 864
f 860 864 866
f 824 831 863
f 863 867 865
f 865 867 868
f 864 865 869
f 865 868 869
f 866 864 870
f 869 870 864
f 863 831 867
f 867 831 871
f 867 871 868
f 872 869 868
f 872 868 873
f 837 874 831
f 837 841 874
f 831 874 871
f 871 874 875
f 876 868 871
f 876 873 868
f 877 873 876
f 878 879 874
f 874 880 875
f 874 879 880
f 875 880 881
f 874 882 878
f 878 883 879
f 875 884 871
f 881 884 875
f 874 841 844
f 874 844 882
f 876 871 884
f 882 844 845
f 845 885 882
f 884 877 876
f 878 882 883
f 885 883 882
f 886 883 885
f 886 887 888
f 888 883 886
f 888 889 883
f 887 890 888
f 891 466 465
f 891 892 893
f 846 453 466
f 894 848 846
f 846 466 894
f 850 848 894
f 894 851 850
f 466 891 851
f 851 894 466
f 895 896 897
f 895 898 896
f 896 898 895
f 896 899 898
f 897 467 469
f 897 896 467
f 854 897 469
f 895 467 897
f 895 897 467
f 900 895 897
f 897 854 900
f 895 900 896
f 896 900 899
f 899 900 901
f 902 899 901
f 899 902 903
f 900 854 855
f 855 861 904
f 900 855 904
f 900 904 901
f 901 904 905
f 861 862 904
f 905 904 862
f 906 877 884
f 884 881 906
f 906 881 907
f 879 883 889
f 879 908 880
f 879 889 908
f 881 880 909
f 909 880 908
f 889 890 910
f 881 909 911
f 890 889 888
f 907 881 912
f 912 881 911
f 913 907 912
f 889 910 908
f 910 911 908
f 914 910 890
f 914 915 910
f 910 915 911
f 914 916 915
f 917 916 914
f 914 890 917
f 918 919 920
f 465 472 921
f 921 918 920
f 920 919 892
f 892 891 465
f 465 921 892
f 892 921 920
f 893 892 922
f 923 924 925
f 926 477 898
f 926 927 928
f 898 927 926
f 928 477 926
f 477 928 923
f 923 468 477
f 923 925 468
f 928 927 923
f 927 924 923
f 896 477 467
f 898 477 896
f 898 899 927
f 903 927 899
f 911 909 908
f 909 911 929
f 909 929 911
f 911 915 929
f 915 917 930
f 930 929 915
f 931 911 929
f 917 915 916
f 917 929 930
f 917 931 929
f 912 911 931
f 913 912 931
f 913 931 912
f 474 482 921
f 921 472 474
f 468 489 128
f 932 468 925
f 933 498 517
f 934 498 933
f 935 936 937
f 935 938 936
f 937 936 939
f 940 937 939
f 482 496 934
f 934 496 498
f 918 482 934
f 921 482 918
f 918 934 933
f 935 918 933
f 937 918 935
f 918 937 919
f 937 940 919
f 504 488 489
f 941 942 489
f 943 942 941
f 932 943 941
f 944 943 932
f 941 489 468
f 468 932 941
f 492 507 945
f 492 945 491
f 945 946 491
f 507 947 945
f 945 947 946
f 948 493 491
f 949 517 541
f 541 950 949
f 950 933 949
f 933 517 949
f 935 933 938
f 938 933 950
f 524 504 489
f 524 489 951
f 951 489 952
f 943 953 942
f 942 953 952
f 952 489 942
f 508 947 507
f 946 947 954
f 508 530 947
f 530 955 947
f 955 954 947
f 948 956 493
f 956 509 493
f 491 946 948
f 948 946 954
f 957 542 543
f 950 542 957
f 936 938 950
f 958 950 959
f 950 958 936
f 950 541 542
f 951 952 960
f 551 524 951
f 961 952 962
f 962 952 953
f 962 953 963
f 943 944 953
f 555 955 530
f 555 556 964
f 964 954 955
f 555 964 955
f 954 964 965
f 966 964 556
f 964 966 965
f 965 966 967
f 954 965 968
f 954 968 948
f 968 965 967
f 968 969 948
f 511 509 956
f 970 534 535
f 535 557 970
f 970 971 534
f 557 511 956
f 557 956 970
f 956 972 970
f 970 973 971
f 970 972 973
f 534 974 561
f 534 971 974
f 950 957 577
f 959 950 577
f 959 577 975
f 957 543 577
f 952 961 960
f 963 976 962
f 556 586 977
f 585 977 586
f 977 966 556
f 966 977 967
f 978 967 977
f 585 978 977
f 968 967 969
f 978 969 967
f 969 978 979
f 956 948 969
f 972 956 980
f 956 969 980
f 969 981 980
f 969 979 981
f 981 979 982
f 980 981 983
f 984 973 972
f 980 985 972
f 984 972 985
f 985 980 983
f 974 986 561
f 974 987 986
f 971 973 988
f 971 988 974
f 987 974 988
f 984 988 973
f 989 988 984
f 989 987 988
f 984 985 990
f 986 987 561
f 561 589 588
f 592 991 593
f 593 991 992
f 991 993 992
f 994 992 993
f 593 992 594
f 595 995 564
f 594 992 595
f 995 996 564
f 595 992 995
f 994 995 992
f 995 997 996
f 995 994 998
f 567 564 999
f 596 567 999
f 1000 573 596
f 999 564 996
f 999 996 596
f 996 1000 596
f 572 573 1000
f 996 997 1000
f 1000 997 597
f 572 1000 597
f 1001 578 602
f 1001 602 1002
f 1001 1002 1003
f 1004 1001 1005
f 1004 577 1001
f 1005 1001 1003
f 975 577 1004
f 975 1004 1006
f 1006 1004 1005
f 602 578 600
f 577 578 1001
f 551 951 607
f 607 951 960
f 960 961 976
f 961 962 976
f 978 585 1007
f 978 1007 1008
f 978 1008 1009
f 982 979 1010
f 1010 979 978
f 978 1009 1010
f 982 983 981
f 982 1010 1011
f 985 983 990
f 987 1012 561
f 1012 589 561
f 987 1013 1012
f 1013 987 1014
f 592 591 1015
f 991 1016 993
f 993 1017 994
f 1017 1018 998
f 1017 1019 1018
f 1018 1020 1021
f 995 998 997
f 1022 1023 1024
f 998 994 1017
f 998 1021 997
f 1021 1024 997
f 997 1024 1023
f 998 1018 1021
f 1025 1024 1020
f 1024 1021 1020
f 1026 180 609
f 1026 177 180
f 609 597 1023
f 597 997 1023
f 1027 1003 1002
f 1027 1028 1003
f 1029 1005 1003
f 1029 1003 1028
f 1029 1028 1030
f 610 602 601
f 1031 1027 610
f 610 611 1031
f 611 614 1032
f 1027 602 610
f 1027 1002 602
f 605 606 1033
f 605 1033 617
f 606 607 1033
f 960 1034 607
f 960 976 1034
f 976 1035 1034
f 585 620 1007
f 620 1036 1007
f 1037 1007 1036
f 1037 1008 1007
f 1008 1037 1038
f 1008 1038 1009
f 1039 1038 1037
f 1009 1038 1040
f 562 1041 587
f 589 1041 562
f 1042 1012 1013
f 1042 589 1012
f 589 1042 1043
f 590 621 587
f 590 587 1044
f 1041 1044 587
f 589 1043 1041
f 591 590 1015
f 590 1045 1015
f 1015 1045 1016
f 1045 1046 1016
f 1046 1047 1016
f 592 1016 991
f 1015 1016 592
f 1019 1017 993
f 1047 993 1016
f 177 1048 626
f 177 1026 1048
f 1026 1049 1048
f 1022 1024 1025
f 1022 1025 1026
f 1026 1050 1049
f 1025 1050 1026
f 1020 1050 1025
f 1023 1026 609
f 1022 1026 1023
f 1051 1052 1053
f 1030 1052 1051
f 1054 1031 1032
f 1031 1054 1027
f 1053 1027 1054
f 1053 1052 1027
f 1028 1027 1030
f 1027 1052 1030
f 611 1032 1031
f 1032 614 615
f 615 1055 1032
f 615 616 1055
f 1056 1055 616
f 616 1057 1056
f 617 1033 616
f 616 1033 1058
f 1033 607 1058
f 1034 1059 607
f 1035 1059 1034
f 628 1036 620
f 1036 628 1060
f 1037 1036 1061
f 1060 1061 1036
f 1061 1039 1037
f 590 631 621
f 590 624 631
f 1044 1062 590
f 590 1062 1045
f 1044 1041 1062
f 633 1063 213
f 1064 1063 633
f 1049 1064 1048
f 1049 1065 1064
f 1049 1066 1065
f 1049 1050 1066
f 626 1064 625
f 1064 633 625
f 1048 1064 626
f 1067 1051 1053
f 1067 1068 1051
f 1069 1068 1067
f 1067 1053 1070
f 1054 1032 1071
f 1055 1071 1032
f 1053 1054 1072
f 1071 1072 1054
f 1071 1073 1072
f 1055 1073 1071
f 1055 1056 1073
f 1058 1057 616
f 634 638 641
f 641 1074 634
f 635 634 1074
f 1075 628 1076
f 1075 1060 628
f 1076 1077 1075
f 636 1077 1076
f 1077 636 635
f 1075 1078 1060
f 1078 1075 1077
f 1077 635 1079
f 1077 1079 1080
f 1061 1060 1078
f 1081 643 632
f 1082 1081 632
f 1065 1083 1082
f 1063 632 213
f 1082 632 1063
f 1082 1063 1064
f 1065 1082 1064
f 1070 1069 1067
f 1072 1070 1053
f 1073 1084 1072
f 1073 1085 1084
f 1084 1086 1072
f 1070 1072 1069
f 1086 1069 1072
f 1056 1085 1073
f 1058 1056 1057
f 1087 1074 1088
f 1074 1089 1090
f 1089 1074 1087
f 1089 1091 1090
f 1091 1089 1087
f 1074 1090 635
f 635 1090 1091
f 635 1091 1092
f 635 1092 1093
f 1091 1094 1092
f 635 1093 1079
f 1083 1081 1082
f 1095 1096 1097
f 1098 1099 1097
f 1097 1099 1100
f 1091 1087 1097
f 1096 1101 1097
f 1102 1098 1103
f 1098 1102 1099
f 1091 1100 1094
f 1097 1100 1091
f 1100 1099 1094
f 1092 1094 1104
f 1092 1104 1105
f 1104 1094 1106
f 1106 1094 1099
f 652 651 644
f 1081 644 643
f 644 1081 1107
f 1108 1107 1081
f 647 654 1109
f 1103 1109 1110
f 1103 1110 1102
f 654 1111 1110
f 653 1111 654
f 1109 654 1110
f 653 1112 1111
f 653 656 1112
f 1102 1106 1099
f 1106 1102 1110
f 1111 1113 1110
f 650 652 644
f 659 662 1114
f 662 1115 1114
f 1115 662 1107
f 662 644 1107
f 1116 1115 1107
f 664 1117 655
f 1117 664 1118
f 664 663 1118
f 655 1117 656
f 656 1117 1112
f 1112 1117 1119
f 1120 1117 1121
f 1112 1122 1111
f 1112 1119 1122
f 1120 1119 1117
f 1122 1113 1111
f 1119 1120 1123
f 659 1124 661
f 661 1124 677
f 674 677 1125
f 677 1124 1126
f 1125 677 1126
f 1124 659 1114
f 1124 1114 1127
f 1127 1128 1126
f 1124 1127 1126
f 1126 1128 1125
f 1114 1129 1127
f 1114 1115 1129
f 1127 1129 1128
f 1115 1130 1129
f 1131 1129 1130
f 1121 1117 1118
f 1118 1132 1121
f 1120 1121 1132
f 1132 1123 1120
f 1132 1133 1123
f 1133 1132 1134
f 1118 663 678
f 1118 678 668
f 681 679 1135
f 681 1118 668
f 1136 681 1135
f 1134 1132 1118
f 1118 681 1134
f 683 1135 679
f 674 1137 676
f 1137 689 676
f 1137 1138 689
f 674 1125 1137
f 1138 1137 1125
f 1128 1131 1125
f 1125 1131 1139
f 1125 1140 1138
f 1125 1139 1140
f 1128 1129 1131
f 1141 681 1136
f 1141 1136 1142
f 1135 683 1143
f 1136 1135 1143
f 1144 1135 1136
f 1136 1135 1144
f 1136 1143 1145
f 693 683 686
f 693 1143 683
f 1146 1143 693
f 1146 1145 1143
f 693 692 1147
f 1147 1146 693
f 690 692 685
f 691 1148 690
f 692 690 1148
f 1149 692 1148
f 1138 1140 689
f 1147 692 1149
f 1149 1150 1147
f 699 698 700
f 698 1151 705
f 1152 702 701
f 1152 1153 702
f 1152 1154 1153
f 1154 1155 1153
f 702 1153 703
f 1155 699 703
f 1153 1155 703
f 700 699 1155
f 707 709 712
f 720 1156 712
f 720 712 709
f 713 1157 710
f 711 712 714
f 712 1158 714
f 714 1158 713
f 1159 712 1160
f 723 361 710
f 1157 1161 710
f 1161 723 710
f 1157 1162 1161
f 713 1162 1157
f 1162 713 1163
f 701 1154 1152
f 1151 1164 1165
f 717 341 340
f 717 349 341
f 1165 717 705
f 1165 1166 717
f 1151 1165 705
f 720 358 1167
f 720 1167 1156
f 358 720 1167
f 720 1168 1167
f 721 1169 378
f 721 724 1170
f 1169 721 1170
f 378 1169 1171
f 1171 738 378
f 1170 722 723
f 722 1170 724
f 724 1170 1172
f 1170 724 1172
f 1173 334 716
f 726 1173 716
f 334 1173 1174
f 701 334 1174
f 1174 1173 1175
f 1176 701 1174
f 349 717 1177
f 1177 729 349
f 717 1164 1177
f 1166 1164 717
f 1177 1164 1178
f 1164 1166 1165
f 731 718 374
f 733 1179 731
f 741 733 735
f 1179 733 1180
f 1180 733 1181
f 1181 733 741
f 1181 741 1182
f 741 746 1182
f 1183 1182 746
f 1183 1180 1181
f 1182 1183 1181
f 736 1184 739
f 736 738 1184
f 1184 738 739
f 1185 740 739
f 738 1186 739
f 1185 739 1186
f 728 1187 716
f 1187 728 1188
f 716 1187 725
f 728 1189 1188
f 725 1187 726
f 1187 1175 1173
f 1173 726 1187
f 730 1190 727
f 727 1190 1191
f 729 1177 1192
f 730 729 1192
f 1177 1193 1192
f 1164 1194 1178
f 1178 1193 1177
f 1195 746 745
f 737 1195 745
f 1195 737 740
f 1195 740 1196
f 746 1195 1197
f 1195 1196 1197
f 1197 1183 746
f 1196 740 1185
f 1187 1188 1189
f 1198 1175 1199
f 1175 1187 1199
f 728 727 1191
f 1189 728 1191
f 1190 1189 1191
f 730 1192 1200
f 1201 1187 1189
f 1199 1187 1201
f 1201 1189 1202
f 1203 1204 747
f 1204 1203 1205
f 1206 1204 1205
f 747 750 749
f 1207 416 763
f 1208 1209 751
f 416 1207 751
f 1207 1208 751
f 753 404 752
f 1210 753 404
f 753 1210 1211
f 396 753 754
f 754 753 1212
f 753 1211 1212
f 747 754 1213
f 1214 414 755
f 1214 755 414
f 755 756 414
f 1204 750 747
f 1215 755 750
f 755 1216 756
f 756 1216 1217
f 1204 1215 750
f 1204 1206 1215
f 1209 425 751
f 1209 1218 425
f 1218 766 425
f 1218 1209 1219
f 1220 766 1218
f 1208 1219 1209
f 1221 1218 1219
f 1221 1220 1218
f 1221 767 1220
f 767 1221 1222
f 766 1220 767
f 767 1222 1223
f 1221 1223 1222
f 1224 1225 1226
f 1227 1211 1210
f 1227 1210 1228
f 1210 404 431
f 1210 431 769
f 769 1228 1210
f 769 768 1229
f 1217 1230 768
f 1229 1228 769
f 1229 768 1230
f 756 1217 768
f 762 771 1231
f 1232 1231 771
f 772 1232 771
f 767 1223 774
f 775 774 1223
f 776 775 1223
f 1223 1226 776
f 1226 1233 776
f 1224 1226 1223
f 776 1233 1234
f 782 783 1235
f 779 792 783
f 1236 785 1237
f 785 1236 1238
f 785 1238 793
f 1239 1236 1237
f 1237 785 784
f 1237 784 776
f 1240 776 1234
f 1241 1237 776
f 1242 792 789
f 1242 789 1243
f 1243 789 793
f 793 1238 1243
f 1242 1243 1244
f 793 791 794
f 785 794 787
f 785 793 794
f 1245 1246 1247
f 1245 1247 1248
f 1247 1249 1248
f 1250 1251 1252
f 1253 1250 1252
f 1245 1248 1253
f 1248 1247 1253
f 1253 1247 1254
f 1247 1255 1254
f 1253 1252 1245
f 1251 1256 1252
f 1247 1248 1255
f 1255 1248 1257
f 1257 1248 1258
f 1248 1259 1258
f 1248 1249 1259
f 1253 1260 806
f 806 1250 1253
f 1250 806 1251
f 1261 1262 1263
f 1261 1254 1262
f 1263 1262 1264
f 1257 1254 1255
f 1262 1254 1257
f 1257 1258 1262
f 806 803 1265
f 1266 1267 1268
f 1265 1251 806
f 1251 1265 1268
f 1260 1253 806
f 1253 1269 806
f 1269 808 806
f 1253 1254 1269
f 1254 808 1269
f 1261 808 1254
f 1266 798 813
f 1270 799 1271
f 1271 798 1266
f 1271 799 798
f 1266 1272 1273
f 806 805 803
f 803 799 1270
f 1265 803 1270
f 1270 1271 1265
f 1271 1266 1265
f 1268 1265 1266
f 1266 1273 1267
f 827 808 1261
f 1261 829 827
f 1263 829 1261
f 1263 1264 829
f 812 810 1274
f 1275 1276 1274
f 817 811 813
f 812 1276 813
f 813 1276 1277
f 1276 812 1274
f 1278 1277 1276
f 798 817 813
f 1266 813 1277
f 1277 1278 1266
f 1278 1272 1266
f 1279 1278 1276
f 1278 1279 1272
f 1280 1281 1282
f 1283 1284 1285
f 1286 1287 1283
f 1283 1281 1286
f 1281 1283 1285
f 1282 1286 1281
f 1282 1281 1286
f 1286 1281 1287
f 835 829 836
f 829 1264 1288
f 1289 829 1288
f 836 829 1289
f 1289 1290 836
f 1288 1284 1291
f 1289 1288 1291
f 1287 1289 1291
f 1284 1283 1291
f 1283 1287 1291
f 1264 1284 1288
f 1285 1284 1264
f 1287 1281 1292
f 1290 839 836
f 1290 840 839
f 1290 1293 840
f 1294 1290 1289
f 1287 1294 1289
f 1294 1293 1290
f 1287 1292 1294
f 843 840 1293
f 1295 843 1293
f 1295 842 843
f 1295 1293 1294
f 1296 1295 1294
f 1295 1297 842
f 1297 845 842
f 1297 1298 845
f 1297 1299 1298
f 810 851 1275
f 1275 851 1300
f 1300 1301 1275
f 1302 1301 1300
f 1275 1274 810
f 1275 1303 1276
f 1303 1275 1304
f 1305 1306 1307
f 1280 1308 1307
f 905 862 860
f 1306 905 860
f 1306 860 1309
f 1306 1309 1307
f 1310 1307 1309
f 1310 1311 1307
f 1305 1307 1308
f 1311 1280 1307
f 860 866 1312
f 860 1312 1309
f 1312 1310 1309
f 1310 1311 1313
f 1281 1280 1310
f 1310 1280 1311
f 870 1312 866
f 1310 1312 1313
f 1310 1313 1292
f 1310 1313 1311
f 1310 1292 1281
f 870 869 872
f 872 1312 870
f 1312 872 1313
f 1313 872 1314
f 1315 1314 872
f 1292 1315 1316
f 1314 1292 1313
f 1315 1292 1314
f 1296 1292 1316
f 872 873 1315
f 1317 1315 873
f 1315 1317 1316
f 1295 1296 1297
f 1318 1316 1317
f 1294 1292 1296
f 1318 1296 1316
f 1298 885 845
f 1317 1318 1319
f 1296 1299 1297
f 1299 1320 1321
f 1318 1317 1319
f 1320 1299 1296
f 1296 1318 1320
f 1298 1321 885
f 1321 886 885
f 1321 1322 886
f 1322 887 886
f 1299 1321 1298
f 1321 1320 1323
f 1320 1318 1323
f 1322 1324 887
f 1322 1321 1323
f 893 922 891
f 851 891 1300
f 891 1302 1300
f 1302 1275 1301
f 1302 1325 1275
f 1325 1304 1275
f 1304 1325 1326
f 1327 1304 1326
f 1328 1304 1327
f 1328 1327 1329
f 1304 1328 1303
f 1329 1303 1328
f 1330 1331 1332
f 1332 1331 1333
f 1334 1333 1331
f 903 902 1305
f 903 1305 1332
f 1305 1330 1332
f 1305 1308 1330
f 905 902 901
f 1306 902 905
f 902 1306 1305
f 1317 873 877
f 906 1317 877
f 1317 906 1318
f 1318 906 907
f 1335 1318 907
f 1318 1335 1319
f 1318 1319 1335
f 1324 890 887
f 1335 907 1336
f 913 1336 907
f 1336 1337 1335
f 1323 1324 1322
f 1323 1338 1324
f 1318 1335 1323
f 1324 1339 890
f 1338 1339 1324
f 1335 1337 1340
f 1335 1340 1323
f 1323 1340 1341
f 1341 1338 1323
f 1339 917 890
f 892 919 922
f 922 1326 1342
f 1326 1343 1342
f 1342 1343 1302
f 1302 1343 1325
f 1326 1325 1343
f 922 1302 891
f 922 1342 1302
f 1329 1344 1345
f 1345 1346 1347
f 1345 1344 1346
f 1334 1347 1348
f 1349 1334 1348
f 1346 1348 1347
f 924 1332 1349
f 927 1332 924
f 1333 1349 1332
f 1349 1333 1334
f 927 903 1332
f 913 912 1350
f 1351 1336 913
f 1351 913 1350
f 1340 1351 1350
f 1351 1337 1336
f 917 1352 931
f 1350 912 931
f 917 1339 1352
f 1352 1340 931
f 1340 1350 931
f 1338 1352 1339
f 1341 1340 1352
f 1337 1351 1340
f 1352 1338 1341
f 922 919 940
f 1353 922 940
f 1326 922 1353
f 1327 1326 1354
f 1327 1344 1329
f 1354 1355 1327
f 1327 1355 1344
f 925 1349 932
f 1349 1356 932
f 1348 1357 1356
f 1349 925 924
f 1356 1349 1348
f 1358 1354 1326
f 1359 1355 1354
f 1359 1360 1355
f 1355 1361 1344
f 944 1357 1362
f 1363 1357 1346
f 1348 1346 1357
f 1363 1346 1344
f 932 1356 944
f 1356 1357 944
f 940 939 1353
f 1353 1358 1326
f 1358 1364 1365
f 1358 1365 1359
f 1359 1365 1366
f 1354 1358 1359
f 1367 953 1362
f 1368 1367 1362
f 1369 1370 1361
f 1360 1361 1355
f 953 944 1362
f 1357 1363 1362
f 1362 1363 1368
f 1370 1368 1363
f 1363 1344 1370
f 1370 1344 1361
f 958 939 936
f 958 1353 939
f 1353 1371 1358
f 1358 1371 1364
f 1372 1373 1374
f 1374 1373 1367
f 1369 1372 1374
f 963 953 1375
f 953 1367 1375
f 1374 1367 1368
f 1369 1374 1370
f 1374 1368 1370
f 1376 959 975
f 958 959 1376
f 958 1376 1353
f 1371 1353 1376
f 1377 1378 1372
f 1367 1373 1375
f 1378 1373 1372
f 1375 1373 1378
f 975 1379 1380
f 1381 1379 1380
f 1381 1380 1379
f 1379 1382 1383
f 1379 1006 1005
f 975 1006 1379
f 1376 975 1380
f 1379 1376 1380
f 1383 1376 1379
f 1376 1383 1371
f 1371 1384 1364
f 1383 1384 1371
f 1385 1375 1386
f 1378 1386 1375
f 963 1375 1385
f 976 1385 1387
f 963 1385 976
f 983 982 1011
f 983 1388 990
f 983 1011 1388
f 989 984 990
f 989 990 1389
f 1389 1390 989
f 1390 987 989
f 1014 987 1390
f 1391 1392 1393
f 1394 1392 1391
f 1392 1029 1030
f 1381 1005 1029
f 1379 1005 1381
f 1381 1029 1392
f 1392 1379 1381
f 1379 1392 1394
f 1395 1387 1385
f 1387 1035 976
f 1386 1395 1385
f 1009 1040 1010
f 1011 1010 1396
f 1010 1040 1396
f 1397 1011 1396
f 1388 1011 1397
f 1398 1399 1388
f 1398 1388 1397
f 990 1388 1399
f 990 1399 1389
f 1389 1400 1390
f 1401 1014 1390
f 1390 1400 1401
f 1014 1402 1013
f 1403 1402 1014
f 1403 1014 1401
f 1403 1401 1404
f 1400 1404 1401
f 1402 1042 1013
f 1043 1042 1402
f 1046 1405 1047
f 1019 993 1047
f 1405 1019 1047
f 1019 1405 1406
f 1019 1406 1018
f 1020 1018 1407
f 1407 1018 1408
f 1409 1030 1051
f 1392 1030 1410
f 1410 1030 1409
f 1393 1392 1410
f 1393 1410 1409
f 1391 1393 1411
f 1411 1393 1409
f 1412 1413 1387
f 1395 1412 1387
f 1040 1038 1039
f 1040 1039 1414
f 1396 1040 1414
f 1415 1414 1039
f 1397 1396 1414
f 1416 1041 1043
f 1062 1046 1045
f 1417 1046 1062
f 1062 1041 1417
f 1417 1041 1418
f 1417 1419 1046
f 1405 1046 1419
f 1405 1419 1406
f 1420 1419 1418
f 1417 1418 1419
f 1406 1419 1420
f 1406 1420 1421
f 1418 1422 1420
f 1406 1408 1018
f 1421 1408 1406
f 1020 1407 1408
f 1423 1424 1425
f 1051 1068 1426
f 1409 1051 1426
f 1426 1068 1427
f 1428 1409 1426
f 1424 1428 1426
f 1424 1426 1427
f 1424 1427 1425
f 1411 1409 1428
f 1428 1424 1429
f 1423 1429 1424
f 1059 1035 1430
f 1035 1387 1430
f 1430 1387 1059
f 1431 1430 1059
f 1413 1059 1387
f 1413 1431 1059
f 1413 1412 1432
f 1078 1077 1080
f 1078 1080 1061
f 1039 1061 1415
f 1433 1415 1061
f 1433 1434 1415
f 1414 1415 1435
f 1041 1436 1418
f 1436 1041 1422
f 1418 1436 1422
f 1041 1437 1422
f 1420 1422 1438
f 1420 1438 1421
f 1439 1050 1438
f 1438 1050 1421
f 1438 1440 1439
f 1438 1422 1440
f 1065 1066 1083
f 1066 1441 1083
f 1066 1050 1441
f 1050 1020 1408
f 1421 1050 1408
f 1439 1442 1050
f 1423 1425 1443
f 1069 1427 1068
f 1427 1069 1444
f 1427 1444 1425
f 1444 1069 1445
f 1445 1069 1446
f 1446 1444 1445
f 1447 1425 1444
f 1443 1425 1447
f 1056 1058 1448
f 607 1059 1448
f 1058 607 1448
f 1448 1059 1430
f 1448 1430 1449
f 1430 1431 1449
f 1433 1080 1079
f 1092 1105 1093
f 1080 1433 1061
f 1093 1433 1079
f 1437 1450 1422
f 1451 1450 1437
f 1450 1440 1422
f 1450 1439 1440
f 1442 1439 1450
f 1452 1442 1450
f 1442 1083 1441
f 1050 1442 1441
f 1453 1447 1446
f 1447 1444 1446
f 1453 1446 1454
f 1455 1453 1454
f 1456 1455 1454
f 1447 1453 1457
f 1447 1457 1458
f 1069 1086 1084
f 1446 1069 1454
f 1069 1084 1454
f 1084 1456 1454
f 1448 1459 1056
f 1448 1449 1460
f 1460 1461 1448
f 1104 1093 1105
f 1093 1104 1462
f 1081 1083 1463
f 1463 1083 1464
f 1442 1465 1083
f 1466 1458 1457
f 1457 1453 1467
f 1466 1457 1467
f 1453 1455 1467
f 1467 1455 1466
f 1084 1085 1456
f 1085 1056 1459
f 1468 1448 1461
f 1468 1459 1448
f 1469 1104 1106
f 1116 1107 1108
f 1108 1081 1463
f 1463 1470 1108
f 1470 1116 1108
f 1464 1471 1463
f 1470 1463 1471
f 1472 1473 1456
f 1473 1455 1456
f 1455 1473 1466
f 1085 1472 1456
f 1459 1468 1474
f 1468 1461 1474
f 1459 1475 1085
f 1476 1106 1110
f 1469 1106 1476
f 1122 1477 1113
f 1119 1477 1122
f 1477 1119 1123
f 1113 1476 1110
f 1113 1477 1476
f 1476 1478 1469
f 1477 1478 1476
f 1131 1130 1479
f 1130 1115 1116
f 1479 1130 1116
f 1131 1479 1480
f 1479 1116 1481
f 1481 1116 1470
f 1482 1481 1470
f 1483 1479 1481
f 1479 1483 1484
f 1483 1485 1484
f 1481 1482 1483
f 1471 1482 1470
f 1482 1485 1483
f 1123 1133 1486
f 1487 1477 1123
f 1486 1487 1123
f 1488 1131 1480
f 1131 1488 1139
f 1479 1484 1480
f 1488 1480 1484
f 1488 1484 1485
f 681 1141 1134
f 1134 1489 1133
f 1134 1141 1489
f 1142 1489 1141
f 1133 1490 1486
f 1489 1490 1133
f 1142 1136 1491
f 1136 1145 1491
f 1142 1491 1492
f 1142 1492 1489
f 1140 1493 689
f 1488 1494 1139
f 1491 1145 1495
f 1492 1491 1495
f 1492 1495 1496
f 1145 1146 1497
f 1150 1146 1147
f 1145 1497 1495
f 1495 1497 1498
f 1150 1497 1146
f 1499 1497 1150
f 1496 1495 1498
f 1493 691 689
f 1148 691 1500
f 1493 1500 691
f 1140 1501 1493
f 1139 1502 1140
f 1139 1494 1502
f 1503 1499 1150
f 1503 1150 1149
f 1493 1504 1500
f 1159 1160 1505
f 1158 1163 713
f 1163 1158 1506
f 1158 1159 1505
f 1158 1505 1506
f 1162 1507 1508
f 1506 1507 1162
f 1509 1508 1510
f 1508 1511 1510
f 1511 1508 1507
f 712 1512 1160
f 1512 712 1156
f 1168 1156 1167
f 1159 1158 712
f 1160 1512 1505
f 1156 1168 1512
f 1513 1512 1168
f 1162 1163 1506
f 1161 1170 723
f 1162 1508 1161
f 1170 1161 1508
f 1508 1509 1162
f 1162 1509 1508
f 1170 1514 1172
f 1508 1514 1170
f 1508 1509 1514
f 1172 1514 1515
f 1515 1514 1516
f 1155 1151 700
f 1151 699 700
f 698 699 1517
f 698 1517 1151
f 1517 699 1151
f 718 1168 720
f 718 731 1518
f 1179 1518 731
f 1169 1519 1171
f 1170 1172 1515
f 1169 1170 1515
f 1519 1520 1171
f 1169 1515 1519
f 1519 1515 1521
f 1519 1521 1522
f 1176 1523 701
f 701 1523 1154
f 1524 1164 1151
f 1151 1517 1524
f 1525 1179 1180
f 1525 1181 1180
f 1183 1197 1526
f 1525 1180 1183
f 1526 1196 1527
f 1181 1525 1180
f 1525 1183 1526
f 1525 1526 1528
f 1527 1528 1526
f 1528 1527 1529
f 1530 1185 1531
f 1196 1185 1532
f 1530 1532 1185
f 1527 1196 1532
f 1529 1527 1532
f 1533 1532 1534
f 1535 1528 1529
f 1533 1535 1529
f 1532 1533 1529
f 1186 1531 1185
f 1536 1186 738
f 1531 1537 1530
f 1531 1186 1537
f 1186 1536 1537
f 1534 1537 1538
f 1538 1537 1536
f 1530 1534 1532
f 1530 1537 1534
f 1171 1520 738
f 1520 1536 738
f 1520 1519 1536
f 1536 1519 1538
f 1519 1522 1538
f 1539 1176 1174
f 1523 1176 1540
f 1524 1194 1164
f 1196 1526 1197
f 1541 1540 1539
f 1174 1175 1542
f 1198 1542 1175
f 1539 1174 1542
f 1540 1176 1539
f 1193 1543 1192
f 1543 1200 1192
f 1178 1543 1193
f 1194 1544 1178
f 1524 1544 1194
f 1199 1201 1202
f 1202 1198 1199
f 1545 1542 1198
f 1198 1542 1545
f 1539 1542 1198
f 1198 1545 1546
f 1541 1539 1198
f 1547 1541 1198
f 1547 1198 1546
f 1190 1548 1189
f 1190 730 1548
f 1548 730 1549
f 730 1200 1549
f 1550 1200 1543
f 1550 1549 1200
f 1549 1550 1551
f 1551 1552 1549
f 1178 1544 1553
f 1553 1550 1178
f 1553 1551 1550
f 1551 1554 1552
f 1178 1550 1543
f 1202 1555 1206
f 1555 1556 1206
f 1555 1545 1202
f 1555 1202 1206
f 1557 1545 1555
f 1555 1206 1205
f 1546 1545 1557
f 1557 1555 1205
f 1546 1557 1558
f 1558 1557 1205
f 1556 1555 1202
f 1556 1202 1206
f 1545 1198 1202
f 1202 1214 1206
f 1549 1189 1548
f 1202 1189 1559
f 1189 1549 1560
f 1559 1189 1560
f 1552 1561 1549
f 1560 1549 1561
f 1552 1554 1562
f 1563 1207 763
f 1563 763 1564
f 1564 1207 1563
f 1207 1564 1565
f 1566 1208 1207
f 1566 1219 1208
f 1567 1568 1569
f 1568 1570 1569
f 1571 1572 1573
f 1571 1570 1572
f 1570 1571 1569
f 1570 1574 1572
f 1575 1573 1576
f 1576 1577 1578
f 1572 1576 1573
f 1578 1575 1576
f 1574 1577 1572
f 1572 1577 1576
f 1577 1579 1578
f 1578 1580 1575
f 1580 1578 1581
f 1581 1212 1580
f 1578 1579 1581
f 1212 1211 1580
f 1580 1211 1582
f 1212 1581 1583
f 1581 1579 1583
f 1583 1584 1585
f 1584 1213 1585
f 1584 1583 1579
f 1213 1203 747
f 1585 1213 754
f 1585 754 1212
f 1212 1583 1585
f 1586 1203 1213
f 1587 1586 1213
f 1586 1587 1205
f 1205 1587 1558
f 1586 1205 1203
f 1214 755 1215
f 1214 1215 1206
f 755 1217 1216
f 755 1214 1217
f 1588 1217 1214
f 1588 1214 1560
f 1559 1214 1202
f 1560 1214 1559
f 1589 760 762
f 1589 762 1231
f 1221 1219 1590
f 1591 1221 1590
f 1219 1592 1590
f 1592 1593 1590
f 1590 1593 1591
f 1592 1219 1594
f 1221 1591 1595
f 1595 1223 1221
f 1224 1223 1595
f 1596 1595 1591
f 1224 1595 1596
f 1591 1593 1569
f 1592 1567 1593
f 1593 1567 1596
f 1596 1569 1224
f 1591 1569 1596
f 1593 1596 1569
f 1567 1569 1596
f 1224 1597 1225
f 1224 1571 1597
f 1569 1571 1224
f 1571 1598 1597
f 1597 1598 1599
f 1597 1599 1225
f 1225 1600 1601
f 1573 1598 1571
f 1225 1599 1600
f 1598 1575 1599
f 1575 1598 1573
f 1599 1575 1602
f 1599 1602 1600
f 1603 1602 1575
f 1600 1602 1604
f 1575 1605 1603
f 1603 1605 1602
f 1605 1606 1602
f 1607 1602 1606
f 1602 1607 1604
f 1607 1608 1609
f 1605 1580 1606
f 1575 1580 1605
f 1606 1580 1610
f 1606 1610 1607
f 1607 1610 1611
f 1611 1608 1607
f 1582 1611 1580
f 1612 1611 1582
f 1611 1610 1580
f 1611 1613 1608
f 1614 1612 1582
f 1614 1211 1612
f 1211 1614 1582
f 1211 1611 1612
f 1615 1611 1211
f 1227 1615 1211
f 1615 1227 1616
f 1613 1615 1616
f 1227 1613 1616
f 1613 1227 1228
f 1613 1228 1616
f 1611 1615 1613
f 1616 1617 1613
f 1616 1228 1229
f 1230 1618 1619
f 1616 1229 1617
f 1617 1229 1230
f 1617 1230 1619
f 1217 1618 1230
f 1620 1618 1217
f 1588 1620 1217
f 1620 1588 1618
f 1232 772 1621
f 1234 1622 1240
f 1226 1601 1233
f 1233 1622 1234
f 1601 1622 1233
f 1623 1622 1601
f 1225 1601 1226
f 1624 1623 1601
f 1625 1623 1626
f 1600 1604 1601
f 1601 1604 1624
f 1604 1623 1624
f 1627 1623 1628
f 1623 1627 1626
f 1627 1628 1626
f 1604 1628 1623
f 1628 1629 1626
f 1628 1604 1609
f 1628 1609 1630
f 1629 1628 1630
f 1607 1609 1604
f 1613 1631 1608
f 1609 1608 1631
f 1631 1613 1632
f 1609 1631 1630
f 1631 1632 1630
f 1633 1235 783
f 772 782 1621
f 1634 1633 1635
f 1235 1633 1636
f 1634 1636 1633
f 1637 1236 1239
f 1236 1637 1638
f 1236 1638 1238
f 1637 1239 1639
f 1637 1640 1638
f 1637 1639 1640
f 1640 1639 1641
f 1641 1642 1640
f 1640 1642 1638
f 1240 1241 776
f 1241 1240 1237
f 1237 1240 1643
f 1239 1237 1643
f 1240 1622 1625
f 1240 1625 1643
f 1625 1239 1643
f 1622 1623 1625
f 1239 1625 1644
f 1639 1239 1644
f 1644 1629 1639
f 1625 1626 1644
f 1644 1626 1629
f 783 792 1242
f 783 1242 1635
f 1635 1242 1244
f 1635 1633 783
f 1645 1635 1646
f 1635 1244 1646
f 1647 1243 1238
f 1244 1243 1647
f 1638 1647 1238
f 1638 1648 1647
f 1244 1647 1646
f 1646 1647 1648
f 1649 1650 1651
f 1652 1649 1651
f 1653 1654 1651
f 1654 1655 1651
f 1246 1656 1657
f 1649 1658 1659
f 1652 1658 1649
f 1660 1649 1659
f 1649 1660 1650
f 1652 1651 1246
f 1651 1661 1246
f 1246 1661 1656
f 1661 1653 1656
f 1662 1656 1651
f 1651 1656 1653
f 1662 1651 1655
f 1663 1662 1656
f 1663 1656 1662
f 1662 1655 1656
f 1656 1655 1664
f 1665 1659 1666
f 1660 1659 1667
f 1665 1668 1659
f 1667 1659 1668
f 1667 1668 1669
f 1657 1656 1663
f 1670 1663 1656
f 1670 1656 1671
f 1656 1664 1671
f 1664 1672 1671
f 1672 1673 1671
f 1268 1666 1674
f 1268 1665 1666
f 1267 1665 1268
f 1665 1267 1675
f 1652 1245 1658
f 1246 1245 1652
f 1658 1252 1256
f 1245 1252 1658
f 1658 1256 1674
f 1658 1674 1659
f 1666 1659 1674
f 1668 1665 1675
f 1246 1657 1247
f 1247 1657 1249
f 1249 1657 1259
f 1676 1677 1678
f 1259 1663 1670
f 1259 1657 1663
f 1259 1670 1676
f 1676 1670 1677
f 1677 1670 1676
f 1679 1670 1673
f 1673 1670 1671
f 1670 1679 1676
f 1679 1680 1676
f 1680 1677 1676
f 1267 1681 1682
f 1256 1251 1268
f 1268 1674 1256
f 1675 1267 1683
f 1267 1682 1683
f 1259 1684 1258
f 1684 1685 1258
f 1684 1678 1685
f 1678 1686 1685
f 1686 1678 1685
f 1678 1687 1685
f 1259 1676 1684
f 1678 1684 1676
f 1677 1684 1678
f 1686 1678 1684
f 1677 1678 1684
f 1684 1678 1686
f 1680 1688 1677
f 1688 1689 1678
f 1688 1678 1677
f 1689 1687 1678
f 1690 1691 1692
f 1692 1691 1693
f 1693 1691 1694
f 1262 1695 1264
f 1695 1696 1264
f 1264 1696 1285
f 1694 1696 1697
f 1698 1697 1696
f 1262 1258 1695
f 1698 1695 1686
f 1695 1698 1696
f 1698 1685 1697
f 1685 1699 1697
f 1685 1695 1258
f 1686 1695 1685
f 1685 1698 1686
f 1682 1700 1701
f 1696 1702 1285
f 1694 1282 1702
f 1694 1691 1282
f 1696 1694 1702
f 1272 1703 1273
f 1273 1703 1681
f 1704 1681 1703
f 1704 1703 1705
f 1273 1681 1267
f 1704 1705 1700
f 1704 1682 1681
f 1682 1704 1700
f 1701 1700 1690
f 1285 1702 1282
f 1279 1276 1303
f 1279 1703 1272
f 1272 1703 1279
f 1279 1303 1272
f 1272 1303 1705
f 1303 1329 1705
f 1703 1272 1705
f 1705 1329 1700
f 1331 1282 1691
f 1331 1691 1690
f 1281 1285 1282
f 1285 1282 1308
f 1282 1285 1308
f 1706 1707 1700
f 1330 1308 1331
f 1700 1707 1690
f 1690 1707 1331
f 1329 1706 1700
f 1331 1308 1282
f 1280 1282 1308
f 1707 1347 1334
f 1334 1331 1707
f 1345 1706 1329
f 1706 1345 1707
f 1707 1345 1347
f 1359 1366 1360
f 1360 1708 1361
f 1366 1708 1360
f 1366 1709 1708
f 1361 1708 1369
f 1364 1710 1365
f 1365 1710 1366
f 1711 1366 1710
f 1711 1712 1366
f 1712 1713 1709
f 1366 1712 1709
f 1714 1369 1708
f 1372 1369 1714
f 1714 1377 1372
f 1709 1714 1708
f 1383 1382 1384
f 1384 1715 1364
f 1382 1715 1384
f 1364 1715 1710
f 1715 1716 1710
f 1710 1717 1711
f 1711 1717 1712
f 1713 1718 1719
f 1713 1719 1720
f 1712 1718 1713
f 1377 1386 1378
f 1720 1377 1714
f 1386 1377 1720
f 1709 1713 1714
f 1714 1713 1720
f 1382 1379 1394
f 1715 1721 1716
f 1715 1382 1721
f 1710 1716 1722
f 1717 1710 1723
f 1717 1724 1712
f 1718 1724 1725
f 1719 1718 1726
f 1727 1719 1726
f 1712 1724 1718
f 1727 1386 1720
f 1728 1386 1727
f 1719 1727 1720
f 1729 1411 1428
f 1411 1730 1394
f 1391 1411 1731
f 1394 1391 1731
f 1731 1411 1394
f 1382 1394 1721
f 1721 1394 1730
f 1730 1732 1721
f 1726 1718 1725
f 1412 1733 1734
f 1727 1735 1733
f 1733 1735 1734
f 1725 1735 1727
f 1725 1727 1726
f 1728 1395 1386
f 1728 1733 1395
f 1733 1412 1395
f 1727 1733 1728
f 1398 1397 1736
f 1399 1398 1737
f 1389 1399 1737
f 1738 1389 1737
f 1739 1403 1404
f 1400 1739 1404
f 1400 1389 1738
f 1740 1402 1403
f 1740 1403 1739
f 1423 1741 1742
f 1742 1429 1423
f 1730 1411 1729
f 1428 1743 1729
f 1429 1743 1428
f 1743 1429 1742
f 1730 1729 1732
f 1729 1743 1744
f 1744 1743 1742
f 1729 1744 1732
f 1734 1432 1412
f 1735 1725 1745
f 1397 1414 1435
f 1736 1397 1435
f 1415 1746 1435
f 1747 1398 1736
f 1736 1435 1748
f 1749 1738 1737
f 1398 1747 1737
f 1749 1400 1738
f 1749 1750 1739
f 1750 1751 1739
f 1400 1749 1739
f 1751 1740 1739
f 1740 1752 1402
f 1740 1753 1752
f 1751 1753 1740
f 1416 1043 1402
f 1752 1416 1402
f 1754 1416 1752
f 1754 1752 1753
f 1755 1756 1416
f 1757 1754 1753
f 1754 1755 1416
f 1758 1437 1041
f 1758 1041 1416
f 1756 1758 1416
f 1423 1443 1759
f 1759 1443 1760
f 1741 1423 1759
f 1759 1760 1761
f 1762 1759 1761
f 1742 1741 1744
f 1741 1759 1763
f 1759 1762 1763
f 1741 1764 1744
f 1741 1763 1764
f 1765 1766 1734
f 1432 1431 1413
f 1734 1766 1432
f 1735 1767 1734
f 1768 1434 1433
f 1434 1746 1415
f 1434 1768 1746
f 1748 1435 1746
f 1748 1769 1736
f 1450 1451 1452
f 1451 1437 1758
f 1758 1756 1770
f 1758 1770 1451
f 1760 1458 1761
f 1761 1458 1771
f 1443 1447 1760
f 1447 1458 1760
f 1762 1761 1772
f 1773 1762 1772
f 1763 1762 1773
f 1449 1431 1774
f 1460 1449 1774
f 1460 1774 1775
f 1432 1774 1431
f 1432 1766 1774
f 1452 1465 1442
f 1464 1083 1465
f 1465 1452 1776
f 1776 1464 1465
f 1451 1776 1452
f 1777 1776 1451
f 1777 1778 1776
f 1770 1777 1451
f 1464 1776 1779
f 1779 1776 1780
f 1776 1778 1780
f 1458 1466 1781
f 1771 1458 1782
f 1782 1781 1783
f 1782 1458 1781
f 1782 1783 1780
f 1761 1771 1784
f 1771 1780 1784
f 1780 1771 1782
f 1775 1774 1785
f 1766 1785 1774
f 1462 1104 1469
f 1786 1093 1462
f 1786 1462 1787
f 1786 1433 1093
f 1779 1471 1464
f 1482 1471 1788
f 1779 1788 1471
f 1788 1789 1482
f 1788 1779 1783
f 1780 1783 1779
f 1790 1781 1466
f 1473 1790 1466
f 1473 1791 1790
f 1790 1788 1781
f 1783 1781 1788
f 1474 1475 1459
f 1461 1792 1793
f 1461 1460 1792
f 1775 1792 1460
f 1785 1794 1775
f 1775 1795 1792
f 1796 1478 1477
f 1487 1796 1477
f 1797 1478 1796
f 1797 1469 1478
f 1797 1798 1469
f 1462 1469 1798
f 1796 1799 1797
f 1798 1787 1462
f 1787 1798 1799
f 1799 1798 1797
f 1482 1800 1485
f 1482 1789 1800
f 1800 1801 1485
f 1800 1790 1791
f 1802 1800 1791
f 1800 1788 1790
f 1800 1789 1788
f 1473 1472 1803
f 1472 1804 1803
f 1791 1473 1802
f 1803 1802 1473
f 1085 1804 1472
f 1474 1805 1475
f 1474 1461 1806
f 1461 1793 1806
f 1795 1793 1792
f 1796 1487 1486
f 1486 1807 1796
f 1808 1807 1486
f 1809 1488 1485
f 1802 1801 1800
f 1803 1810 1801
f 1811 1485 1801
f 1809 1485 1811
f 1810 1811 1801
f 1802 1803 1801
f 1475 1804 1085
f 1803 1804 1810
f 1812 1475 1085
f 1475 1810 1804
f 1475 1812 1085
f 1474 1806 1813
f 1806 1793 1813
f 1490 1814 1486
f 1808 1486 1814
f 1815 1488 1809
f 1488 1815 1494
f 1809 1816 1815
f 1811 1810 1817
f 1809 1811 1818
f 1818 1816 1809
f 1811 1817 1818
f 1818 1817 1475
f 1817 1810 1475
f 1819 1818 1475
f 1814 1490 1492
f 1492 1496 1820
f 1492 1490 1489
f 1814 1492 1821
f 1821 1492 1820
f 1820 1496 1822
f 1821 1820 1822
f 1823 1496 1498
f 1140 1502 1501
f 1502 1824 1501
f 1824 1502 1825
f 1494 1815 1826
f 1502 1494 1826
f 1827 1825 1502
f 1827 1502 1826
f 1827 1826 1825
f 1826 1828 1825
f 1826 1815 1816
f 1826 1816 1829
f 1829 1816 1818
f 1498 1497 1830
f 1823 1498 1831
f 1497 1499 1832
f 1503 1832 1499
f 1832 1830 1497
f 1833 1832 1503
f 1498 1830 1831
f 1834 1503 1149
f 1148 1834 1149
f 1503 1834 1835
f 1833 1503 1835
f 1833 1835 1836
f 1837 1833 1836
f 1835 1834 1836
f 1836 1834 1835
f 1837 1832 1833
f 1501 1504 1493
f 1504 1148 1500
f 1501 1838 1504
f 1839 1148 1504
f 1834 1148 1839
f 1501 1840 1838
f 1839 1504 1841
f 1839 1841 1834
f 1835 1834 1841
f 1838 1841 1504
f 1824 1842 1840
f 1824 1840 1501
f 1825 1842 1824
f 1840 1842 1838
f 1842 1825 1828
f 1843 1830 1844
f 1830 1845 1844
f 1511 1844 1845
f 1845 1832 1837
f 1837 1836 1845
f 1845 1836 1846
f 1835 1841 1847
f 1836 1835 1847
f 1838 1847 1841
f 1836 1847 1848
f 1846 1836 1848
f 1838 1849 1847
f 1505 1843 1506
f 1505 1512 1850
f 1850 1851 1505
f 1512 1513 1850
f 1850 1513 1851
f 1507 1506 1844
f 1844 1506 1843
f 1852 1843 1505
f 1852 1505 1851
f 1830 1843 1852
f 1852 1851 1853
f 1511 1507 1844
f 1509 1510 1854
f 1854 1855 1509
f 1511 1846 1510
f 1856 1518 1168
f 1518 1857 1168
f 1518 1858 1857
f 1857 1859 1168
f 1515 1516 1860
f 1509 1855 1514
f 1861 1860 1516
f 1861 1862 1860
f 718 1518 1856
f 718 1856 1168
f 1525 1863 1179
f 1179 1858 1518
f 1179 1864 1858
f 1863 1864 1179
f 1521 1865 1866
f 1515 1860 1521
f 1862 1521 1860
f 1521 1862 1865
f 1866 1865 1867
f 1525 1528 1863
f 1863 1528 1864
f 1528 1535 1868
f 1533 1534 1535
f 1528 1869 1864
f 1869 1528 1868
f 1870 1868 1535
f 1534 1870 1535
f 1864 1869 1871
f 1871 1868 1872
f 1871 1869 1868
f 1538 1870 1534
f 1538 1873 1870
f 1868 1870 1872
f 1870 1874 1872
f 1874 1873 1875
f 1873 1874 1870
f 1538 1522 1876
f 1522 1521 1876
f 1877 1876 1521
f 1538 1876 1878
f 1878 1876 1877
f 1877 1521 1866
f 1873 1538 1878
f 1878 1877 1873
f 1879 1873 1877
f 1879 1875 1873
f 1155 1880 1881
f 1151 1155 1881
f 1155 1154 1880
f 1882 1151 1881
f 1881 1880 1883
f 1883 1882 1881
f 1151 1882 1517
f 1517 1882 1524
f 1523 1884 1880
f 1880 1154 1523
f 1880 1884 1883
f 1885 1886 1544
f 1886 1553 1544
f 1885 1887 1886
f 1888 1882 1883
f 1882 1888 1887
f 1886 1887 1888
f 1883 1889 1888
f 1887 1544 1524
f 1524 1882 1887
f 1887 1885 1544
f 1890 1541 1547
f 1540 1541 1891
f 1523 1540 1891
f 1541 1890 1891
f 1523 1891 1884
f 1891 1890 1884
f 1892 1551 1553
f 1892 1554 1551
f 1886 1893 1553
f 1893 1892 1553
f 1894 1892 1893
f 1895 1886 1889
f 1893 1886 1895
f 1888 1889 1886
f 1895 1894 1893
f 1895 1889 1896
f 1895 1896 1894
f 1584 1897 1213
f 1587 1213 1897
f 1584 1898 1897
f 1584 1899 1898
f 1900 1898 1899
f 1558 1587 1901
f 1901 1902 1558
f 1587 1897 1902
f 1901 1587 1902
f 1558 1902 1903
f 1898 1902 1897
f 1903 1904 1905
f 1904 1903 1902
f 1890 1547 1546
f 1890 1546 1558
f 1903 1890 1558
f 1890 1903 1905
f 1552 1562 1906
f 1554 1907 1562
f 1908 1907 1554
f 1892 1909 1554
f 1554 1909 1910
f 1910 1908 1554
f 1911 1910 1909
f 1894 1909 1892
f 1912 1913 1914
f 764 1915 763
f 763 1915 1564
f 764 1916 1915
f 1915 1916 1912
f 1912 1916 1913
f 1917 1565 1564
f 1915 1917 1564
f 1917 1915 1912
f 1565 1566 1207
f 1918 1565 1917
f 1219 1566 1919
f 1920 1568 1567
f 1920 1921 1568
f 1921 1922 1923
f 1570 1568 1574
f 1921 1924 1568
f 1574 1568 1577
f 1577 1568 1925
f 1579 1925 1926
f 1579 1577 1925
f 1925 1568 1927
f 1926 1925 1927
f 1927 1568 1928
f 1568 1924 1928
f 1926 1929 1579
f 1927 1899 1926
f 1926 1899 1929
f 1927 1900 1899
f 1929 1584 1579
f 1899 1584 1929
f 1560 1561 1906
f 1560 1906 1930
f 1588 1560 1930
f 1906 1907 1931
f 1906 1931 1930
f 1906 1562 1907
f 1932 1931 1907
f 1908 1932 1907
f 1931 1932 1933
f 1906 1561 1552
f 1916 760 1589
f 1934 1916 1589
f 1916 1934 1913
f 1934 1589 1231
f 1935 1231 1936
f 1937 1231 1935
f 1937 1935 1936
f 760 1916 764
f 1919 1594 1219
f 1919 1938 1594
f 1594 1939 1592
f 1594 1938 1940
f 1938 1941 1940
f 1594 1940 1941
f 1941 1942 1943
f 1592 1939 1567
f 1594 1941 1939
f 1941 1944 1939
f 1941 1943 1944
f 1939 1945 1567
f 1939 1944 1945
f 1944 1946 1945
f 1943 1946 1944
f 1567 1921 1920
f 1567 1945 1921
f 1945 1922 1921
f 1922 1945 1946
f 1618 1947 1619
f 1619 1947 1948
f 1947 1618 1949
f 1948 1947 1949
f 1618 1588 1950
f 1618 1950 1949
f 1950 1951 1952
f 1950 1588 1951
f 1950 1952 1949
f 1953 1952 1951
f 1954 1953 1951
f 1952 1953 1949
f 1953 1955 1949
f 1955 1956 1949
f 1588 1931 1951
f 1931 1588 1930
f 1954 1951 1931
f 1957 1958 1959
f 1959 1958 1960
f 1960 1958 1961
f 1961 1958 1962
f 1961 1963 1960
f 1621 1964 1232
f 1965 1231 1232
f 1965 1232 1964
f 1965 1936 1231
f 1965 1964 1966
f 1965 1966 1936
f 1967 1937 1936
f 1967 1936 1966
f 1967 1966 1968
f 1968 1966 1964
f 1964 1969 1968
f 1629 1970 1639
f 1629 1630 1971
f 1970 1629 1972
f 1971 1630 1632
f 1629 1971 1973
f 1629 1973 1972
f 1630 1632 1974
f 1630 1974 1632
f 1971 1632 1975
f 1632 1974 1975
f 1973 1971 1975
f 1973 1975 1976
f 1613 1617 1977
f 1632 1613 1974
f 1974 1613 1977
f 1977 1948 1974
f 1974 1948 1975
f 1948 1978 1975
f 1978 1979 1975
f 1975 1979 1980
f 1980 1976 1975
f 1617 1619 1977
f 1619 1948 1977
f 1979 1978 1981
f 1981 1978 1948
f 1956 1948 1949
f 1960 1982 1959
f 1961 1983 1960
f 1960 1983 1982
f 1984 1982 1983
f 1982 1984 1985
f 1985 1984 1983
f 1961 1985 1983
f 1986 1987 1982
f 1636 1988 1989
f 1621 782 1964
f 782 1989 1988
f 1964 782 1988
f 1988 1636 1990
f 1988 1991 1964
f 1964 1991 1969
f 782 1235 1989
f 1989 1235 1636
f 1992 1636 1634
f 1992 1634 1993
f 1992 1990 1636
f 1990 1992 1994
f 1994 1992 1993
f 1642 1648 1638
f 1642 1995 1648
f 1995 1996 1648
f 1995 1997 1996
f 1996 1997 1998
f 1996 1998 1646
f 1999 2000 2001
f 1995 2000 1999
f 1999 1997 1995
f 1995 1642 2002
f 1642 1641 2002
f 2002 2000 1995
f 2000 2002 2003
f 2002 1641 1639
f 2002 1639 2004
f 2004 2003 2002
f 2000 2003 2005
f 2005 2003 2006
f 2005 2006 2007
f 2006 2008 2009
f 2008 2006 2003
f 2003 2004 2008
f 2004 1639 1970
f 2004 1970 2010
f 2010 2008 2004
f 1993 1634 2011
f 1993 2011 2012
f 1635 1645 1634
f 1634 1645 2011
f 2011 1645 2012
f 2012 1645 1646
f 1998 2012 1646
f 1646 1648 1996
f 2013 2014 2015
f 2015 2016 2013
f 2015 2017 2016
f 2018 2019 2017
f 2015 2014 2020
f 2014 2021 2020
f 2020 2021 2022
f 2022 2023 2020
f 2015 2024 2017
f 2024 2018 2017
f 2024 2025 2018
f 2015 2020 2024
f 2024 2020 2026
f 2025 2024 2026
f 2014 1650 2027
f 2027 1650 2014
f 2021 2014 1650
f 2022 2021 1650
f 2022 2021 2023
f 2013 2016 1651
f 2016 1661 1651
f 1661 2016 1653
f 1651 2014 2013
f 2016 2017 1661
f 2019 2016 2017
f 2016 1661 2017
f 2016 1661 1653
f 2016 2019 1661
f 2019 2028 2029
f 2028 2030 2029
f 2031 2030 2028
f 2019 2018 2025
f 2025 2028 2019
f 1651 1650 2014
f 1667 1660 2027
f 2027 1650 1667
f 2027 1660 1650
f 2032 2033 1655
f 1650 1660 2022
f 2022 1660 2034
f 2035 2022 2034
f 2021 2036 2037
f 2038 2021 2035
f 1653 2032 1654
f 1653 1661 2032
f 2032 1661 2029
f 1654 2032 1655
f 1654 1655 2032
f 2032 2029 1661
f 2032 1655 1654
f 2030 2037 1661
f 1661 2037 2032
f 2037 2033 2032
f 2030 2039 2037
f 2039 2033 2037
f 2039 2040 2033
f 2036 2040 2030
f 2030 2040 2039
f 2030 2031 2037
f 2030 2037 2036
f 1661 2019 2029
f 2030 1661 2029
f 1650 1660 1667
f 1660 2041 2034
f 2034 2038 2035
f 1664 1672 1655
f 2042 1664 2040
f 2042 1672 1664
f 2042 2040 2036
f 2036 2043 2042
f 1655 1672 1664
f 2033 1664 1655
f 1664 2033 2040
f 2021 2038 2036
f 2041 1669 1668
f 2041 2044 2034
f 2034 2044 2038
f 1667 1669 1660
f 1660 1669 2041
f 1680 1673 2043
f 2038 2045 2046
f 2038 2046 2043
f 2045 1680 2046
f 1680 2043 2046
f 1672 2047 1673
f 1673 2047 1679
f 2047 1673 1679
f 1673 2042 2043
f 2047 2042 1673
f 2036 2038 2043
f 2042 2047 1672
f 1675 2044 1668
f 1680 1679 1688
f 1679 1680 1688
f 2041 1668 2044
f 2038 2044 2045
f 2044 2048 2045
f 2045 2048 1680
f 1680 2048 1688
f 1673 1680 1679
f 1682 1701 1683
f 1683 1701 2044
f 2044 1701 1692
f 2044 1692 2048
f 1675 1683 2044
f 1693 1688 2048
f 1699 1688 1693
f 1699 1687 1688
f 1688 1687 1689
f 1701 1690 1692
f 1693 2048 1692
f 1693 1694 1699
f 1685 1687 1699
f 1699 1694 1697
f 1723 1710 1722
f 1723 2049 1717
f 1723 2050 2049
f 1717 2049 1724
f 1724 2049 1725
f 2051 2052 1732
f 2052 2051 2053
f 2052 2053 2054
f 1732 1716 1721
f 1716 1732 2052
f 1723 1722 2054
f 1722 1716 2052
f 1723 2054 2050
f 2052 2054 1722
f 2055 2050 2056
f 2055 1725 2049
f 2049 2050 2055
f 1725 2055 1745
f 1745 2055 2057
f 1745 1767 1735
f 1747 1749 1737
f 1736 1769 1747
f 2058 1749 1747
f 1749 2058 1750
f 2059 1753 1751
f 1757 1753 2060
f 1763 1744 1764
f 1763 2061 1744
f 2062 2061 1763
f 2062 2063 2061
f 2061 2063 2064
f 2061 1732 1744
f 1732 2061 2051
f 2051 2061 2064
f 2053 2051 2064
f 2056 2057 2055
f 2065 1745 2057
f 1767 1765 1734
f 1745 2066 1767
f 1748 1746 2067
f 1769 1748 2067
f 2058 1747 2068
f 1747 1769 2068
f 2060 1753 2059
f 1751 1750 2058
f 2059 1751 2058
f 2060 2059 2058
f 2060 2058 2069
f 1757 2060 2070
f 2071 1757 2070
f 2072 1757 2071
f 2073 1756 1755
f 1757 2072 1754
f 2072 2074 1754
f 2074 1755 1754
f 2074 2073 1755
f 2073 1770 1756
f 2073 2075 1770
f 2076 1773 1772
f 2077 1773 2076
f 2063 1773 2077
f 2078 2077 2076
f 2063 2077 2078
f 1773 2062 1763
f 1773 2063 2062
f 2079 2080 2081
f 2066 1745 2065
f 1767 2081 1765
f 2081 1785 1765
f 1767 2079 2081
f 2066 2079 1767
f 2067 1746 1768
f 2067 1768 2082
f 1769 2067 2083
f 2084 2083 2067
f 2068 1769 2083
f 1770 2078 1777
f 2075 2078 1770
f 1780 1778 1784
f 2076 1784 1778
f 1772 1761 1784
f 1784 2076 1772
f 2080 1785 2081
f 2079 2085 2080
f 1785 1766 1765
f 1786 1768 1433
f 2086 1768 1786
f 1768 2086 2082
f 1777 2076 1778
f 2078 2076 1777
f 1794 1795 1775
f 2080 1794 1785
f 1796 2087 1799
f 1787 1799 2088
f 2087 2088 1799
f 1787 2086 1786
f 2088 2086 1787
f 2089 2086 2088
f 2089 2088 2090
f 2091 1794 2080
f 2087 1796 1807
f 1807 2092 2087
f 2087 2093 2088
f 2087 2092 2093
f 2090 2088 2093
f 2093 2092 2090
f 2094 1793 1795
f 1794 2094 1795
f 2095 2092 1807
f 1808 2095 1807
f 2095 1808 2096
f 1475 1805 2097
f 1474 1813 1805
f 1793 2098 1813
f 2097 1805 1813
f 1808 1814 2099
f 2099 1814 1821
f 2100 2096 1808
f 2099 2100 1808
f 2100 1821 2101
f 2099 1821 2100
f 1818 1819 1829
f 1828 1826 1829
f 2097 1819 1475
f 1822 2101 1821
f 2102 2100 2101
f 1822 1496 1823
f 2103 2104 1842
f 1842 1828 2105
f 1842 2105 2103
f 1828 1829 1819
f 2105 1828 1819
f 1819 2097 2105
f 2106 2105 2097
f 1853 1830 1852
f 1830 1832 1845
f 1823 1831 1830
f 1823 1830 1853
f 1822 1823 2107
f 1511 1845 1846
f 1838 2108 1849
f 1849 1848 1847
f 2108 1848 1849
f 1846 1848 1510
f 2108 1510 1848
f 1510 2108 2109
f 2109 2110 1516
f 1838 1842 2108
f 1842 2104 2108
f 2103 2105 2104
f 2108 2104 2111
f 2105 2112 2104
f 2112 2113 2104
f 2109 2108 2110
f 2110 2108 2111
f 2112 2111 2113
f 2104 2113 2111
f 2111 2112 2114
f 2106 2112 2105
f 2106 2115 2112
f 2097 2115 2106
f 1851 1823 1853
f 2116 1851 1513
f 1851 2116 1823
f 1513 1859 2116
f 1854 1510 1855
f 1510 1514 1855
f 1510 2109 1514
f 1516 1514 2109
f 1861 1516 2117
f 1859 1513 1168
f 1862 2118 1865
f 1862 1861 2118
f 1858 1864 2119
f 1864 1871 2119
f 1871 1872 2119
f 1872 1858 2119
f 2120 2121 1875
f 1866 2122 1877
f 1879 2120 1875
f 1877 2123 1879
f 2120 1879 2123
f 1866 1867 2122
f 1865 2118 1867
f 2122 1867 2124
f 2123 1877 2122
f 2122 2124 2123
f 1875 1872 1874
f 2121 1872 1875
f 1890 2125 1884
f 2126 1884 2127
f 1896 1889 2128
f 1894 1896 2129
f 2126 1889 1883
f 1889 2130 2128
f 2130 2129 2128
f 2129 1896 2128
f 1883 1884 2126
f 1889 2126 2130
f 1900 2131 1898
f 1900 2132 2131
f 1902 1898 2131
f 2131 1904 1902
f 2131 2133 1904
f 2132 2133 2131
f 1904 2134 1905
f 1904 2135 2134
f 2133 2135 1904
f 2132 2136 2133
f 2135 2137 2134
f 2135 2133 2137
f 1905 2125 1890
f 2125 1905 2127
f 1905 2134 2127
f 2127 2134 2138
f 2138 2134 2139
f 2127 1884 2125
f 2140 2130 2126
f 2141 2140 2126
f 1894 2129 1909
f 2129 1911 1909
f 2130 2140 2129
f 2129 2140 2142
f 1934 2143 1913
f 2143 1914 1913
f 1914 2144 2145
f 1917 1912 1918
f 1914 2145 1912
f 1918 1912 2145
f 1918 2146 1565
f 2147 1566 1565
f 1565 2148 2147
f 2149 1919 1566
f 2147 2149 1566
f 1919 2149 2150
f 2151 1919 2150
f 2148 2152 2147
f 2152 2149 2147
f 2149 2152 2150
f 1922 2153 1923
f 2153 2154 1923
f 1921 1923 1924
f 2155 1924 1923
f 2154 2155 1923
f 2155 2154 2156
f 2157 2155 2156
f 2157 2156 2158
f 1924 2159 1928
f 1924 2155 2157
f 1924 2157 2159
f 2157 2158 2136
f 1927 1928 1900
f 1928 2132 1900
f 1928 2159 2132
f 2132 2159 2136
f 2157 2136 2159
f 2136 2160 2133
f 2141 2161 2162
f 1908 1910 1932
f 1911 2163 1910
f 1932 1910 2163
f 2163 1933 1932
f 2129 1932 1911
f 2129 2142 1932
f 1932 2163 1911
f 2162 2142 2140
f 2162 1932 2142
f 1932 2162 2163
f 2162 1933 2163
f 2162 2140 2141
f 1967 2164 1937
f 2164 2143 1937
f 2165 2143 2164
f 1231 2143 1934
f 2143 1231 1937
f 1941 1938 1942
f 1942 1938 1919
f 2151 2166 1919
f 2166 1942 1919
f 2167 1942 2166
f 1942 2167 2168
f 2166 2151 2169
f 2150 2170 2151
f 2169 2151 2170
f 1942 2171 2172
f 2173 2172 2171
f 1943 2174 1946
f 2174 1943 1942
f 2172 2174 1942
f 2175 2172 2173
f 1946 2153 1922
f 1946 2154 2153
f 2174 2154 1946
f 2174 2172 2176
f 2172 2175 2176
f 2176 2154 2174
f 2156 2154 2176
f 2176 2175 2177
f 2177 2175 2178
f 2156 2176 2177
f 2158 2156 2177
f 2179 2180 2181
f 2180 2182 2183
f 1955 2184 1956
f 2185 2184 1955
f 2186 2184 2185
f 1954 2187 1953
f 1953 2187 1955
f 2161 2187 1954
f 2185 1955 2187
f 2161 2188 2187
f 2187 2188 2185
f 1931 1933 1954
f 2161 1954 1933
f 2162 2161 1933
f 1962 1963 1961
f 2189 2190 1962
f 2190 1963 1962
f 2191 2189 1962
f 2190 2189 2191
f 2192 2164 1967
f 2192 2165 2164
f 2192 1967 1968
f 2167 2193 1999
f 2194 2167 2166
f 1942 2168 2171
f 2168 1999 2001
f 2167 1999 2168
f 2168 2001 2171
f 2171 2001 2007
f 2007 2009 2008
f 2171 2007 2173
f 2173 2007 2008
f 2178 2175 2173
f 2010 2195 2008
f 2196 2008 2195
f 2008 2196 2197
f 2178 2173 2197
f 2197 2173 2008
f 2197 2196 2179
f 2179 2196 2195
f 2179 2178 2197
f 2010 1970 2198
f 2010 2198 2195
f 2198 2179 2195
f 1970 1972 2199
f 2199 2198 1970
f 2198 2200 2179
f 2200 2198 2199
f 2199 1972 2201
f 2200 2199 2202
f 2179 2182 2180
f 2200 2182 2179
f 2202 2182 2200
f 1973 1976 1972
f 1972 1976 1980
f 2201 1972 1980
f 2199 2201 2203
f 1980 2204 2203
f 1980 2203 2201
f 2202 2203 2204
f 2199 2203 2202
f 2204 2182 2202
f 2183 2182 2204
f 1980 1979 1981
f 1980 1981 1956
f 2204 1980 1956
f 2184 2183 2204
f 1981 1948 1956
f 2204 1956 2184
f 1982 1985 2205
f 1982 2205 1986
f 1960 1963 1961
f 1985 1961 2206
f 2205 1985 2207
f 2206 1961 1963
f 1986 2205 2207
f 1988 1990 1991
f 1991 1990 1994
f 1968 1969 1991
f 1991 1994 2208
f 1968 1991 2209
f 1994 2210 2208
f 2208 2209 1991
f 2210 1994 2211
f 1993 2211 1994
f 2210 2211 2212
f 1998 1997 2213
f 1999 2213 1997
f 2213 2214 1998
f 2214 2215 1998
f 1999 2193 2213
f 2001 2216 2007
f 2000 2216 2001
f 2005 2216 2000
f 2007 2216 2005
f 2009 2007 2006
f 1987 1986 2217
f 2211 1993 2012
f 2212 2211 2218
f 2211 2012 2218
f 2218 2012 1998
f 2215 2218 1998
f 2219 2220 2221
f 2222 2219 2221
f 2220 2223 2221
f 2224 2223 2219
f 2219 2223 2220
f 2225 2219 2222
f 2224 2219 2225
f 2223 2226 2221
f 2223 2227 2226
f 2227 2228 2226
f 2224 2229 2223
f 2225 2229 2224
f 2230 2231 2222
f 2225 2222 2231
f 2222 2221 2230
f 2221 2232 2230
f 2226 2233 2221
f 2233 2232 2221
f 2231 2230 2233
f 2230 2232 2233
f 2233 2225 2231
f 2020 2023 2234
f 2234 2023 2235
f 2023 2031 2235
f 2031 2021 2235
f 2235 2021 2031
f 2020 2234 2026
f 2026 2234 2236
f 2234 2235 2236
f 2236 2235 2237
f 2236 2237 2025
f 2026 2236 2025
f 2238 2237 2235
f 2237 2238 2025
f 2238 2235 2031
f 2021 2022 2031
f 2022 2035 2031
f 2031 2035 2021
f 2031 2021 2037
f 2023 2021 2031
f 2028 2238 2031
f 2238 2028 2025
f 2054 2239 2050
f 2240 2058 2241
f 2068 2241 2058
f 2083 2241 2068
f 2242 2240 2241
f 2058 2240 2069
f 2242 2069 2240
f 2069 2070 2060
f 2069 2243 2070
f 2069 2242 2243
f 2244 2074 2072
f 2072 2071 2244
f 2073 2074 2244
f 2053 2245 2054
f 2246 2056 2050
f 2239 2054 2245
f 2246 2247 2065
f 2246 2050 2239
f 2239 2248 2246
f 2249 2246 2248
f 2056 2246 2057
f 2057 2246 2065
f 2065 2247 2066
f 2241 2083 2250
f 2242 2241 2250
f 2251 2071 2070
f 2243 2251 2070
f 2252 2244 2071
f 2252 2253 2244
f 2254 2075 2073
f 2244 2254 2073
f 2255 2244 2253
f 2255 2254 2244
f 2075 2254 2256
f 2078 2075 2256
f 2078 2257 2063
f 2066 2247 2079
f 2247 2258 2079
f 2079 2258 2085
f 2246 2249 2247
f 2067 2082 2084
f 2084 2082 2259
f 2083 2084 2260
f 2084 2259 2260
f 2257 2078 2256
f 2261 2085 2258
f 2261 2262 2085
f 2261 2258 2263
f 2247 2264 2258
f 2264 2263 2258
f 2085 2262 2080
f 2265 2086 2089
f 2086 2265 2082
f 2082 2265 2259
f 2266 2094 1794
f 2267 2266 1794
f 2262 2268 2091
f 2267 1794 2091
f 2262 2091 2080
f 2094 2098 1793
f 2266 2269 2094
f 2266 2267 2269
f 2268 2270 2267
f 2268 2267 2091
f 2267 2270 2269
f 2096 2100 2271
f 2095 2096 2272
f 2271 2272 2096
f 2092 2095 2272
f 2273 2272 2271
f 2270 2274 2269
f 2100 2102 2271
f 2273 2271 2275
f 2107 2101 1822
f 2102 2101 2107
f 2276 2097 1813
f 2098 2277 1813
f 2098 2094 2277
f 1813 2277 2276
f 2094 2278 2277
f 2278 2094 2269
f 2278 2279 2277
f 2107 1823 2116
f 2280 2102 2281
f 2102 2107 2281
f 2107 2116 2282
f 2282 2281 2107
f 2283 2281 2282
f 2097 2284 2115
f 2112 2115 2285
f 2112 2285 2114
f 2097 2276 2284
f 2115 2284 2286
f 2115 2286 2285
f 2287 2284 2276
f 2285 2286 2114
f 2286 2284 2287
f 2287 2288 2286
f 2287 2276 2289
f 2289 2276 2277
f 2287 2289 2288
f 1857 2282 1859
f 2282 2116 1859
f 2282 1857 1858
f 2290 1861 2117
f 1861 2290 2291
f 2290 2117 2292
f 2290 2293 2291
f 2293 2290 2292
f 2111 1516 2110
f 2117 1516 2111
f 2117 2111 2294
f 2114 2294 2111
f 2295 2294 2114
f 2294 2295 2296
f 2297 2294 2296
f 2298 2117 2294
f 2292 2117 2298
f 2292 2298 2293
f 2297 2298 2294
f 2297 2296 2299
f 2295 2114 2296
f 2114 2286 2300
f 2286 2288 2300
f 2114 2300 2296
f 2300 2288 2301
f 1872 2302 1858
f 2302 2121 2303
f 2303 2121 2304
f 2118 2305 1867
f 1867 2306 2124
f 2124 2306 2123
f 2291 2118 1861
f 2291 2305 2118
f 2293 2305 2291
f 1872 2121 2302
f 2303 2121 2307
f 2121 2303 2307
f 2120 2123 2308
f 2120 2308 2304
f 2120 2304 2121
f 2309 2310 2311
f 2312 2313 2309
f 2312 2309 2314
f 2309 2315 2314
f 2145 2316 1918
f 2146 2316 2317
f 2316 2145 2318
f 2318 2145 2144
f 2148 2146 2317
f 2148 2317 2319
f 2148 2319 2320
f 2148 2320 2321
f 2133 2322 2323
f 2310 2323 2311
f 2310 2137 2323
f 2133 2323 2137
f 2324 2323 2322
f 2325 2324 2322
f 2326 2325 2322
f 2327 2325 2326
f 2137 2139 2134
f 2138 2328 2127
f 2139 2309 2138
f 2137 2310 2139
f 2313 2138 2309
f 2309 2139 2310
f 2328 2126 2127
f 2328 2329 2140
f 2126 2328 2140
f 2138 2313 2312
f 2138 2312 2328
f 2312 2330 2328
f 2331 1914 2143
f 2146 1918 2316
f 2146 2148 1565
f 2152 2148 2150
f 2150 2332 2170
f 2148 2321 2150
f 2321 2332 2150
f 2136 2158 2333
f 2160 2136 2334
f 2326 2160 2334
f 2335 2334 2136
f 2326 2334 2335
f 2136 2326 2335
f 2136 2333 2326
f 2336 2326 2333
f 2336 2337 2326
f 2322 2133 2160
f 2326 2322 2160
f 2338 2161 2141
f 2339 2340 2341
f 2162 2141 2126
f 2162 2126 2140
f 2329 2162 2140
f 2329 2338 2162
f 2338 2141 2162
f 2342 2165 2343
f 2343 2165 2192
f 2143 2165 2342
f 2344 2143 2345
f 2345 2143 2342
f 2346 2344 2345
f 2346 2345 2342
f 2346 2342 2347
f 2342 2343 2348
f 2349 2344 2346
f 2342 2348 2347
f 2350 2166 2169
f 2194 2166 2350
f 2351 2194 2350
f 2350 2169 2170
f 2177 2178 2352
f 2178 2179 2352
f 2158 2177 2333
f 2352 2179 2181
f 2177 2352 2333
f 2352 2181 2336
f 2180 2183 2353
f 2352 2336 2333
f 2336 2181 2353
f 2353 2181 2180
f 2186 2354 2184
f 2184 2354 2355
f 2184 2355 2183
f 2336 2353 2356
f 2336 2356 2337
f 2183 2355 2356
f 2356 2353 2183
f 2339 2356 2355
f 2354 2185 2188
f 2185 2354 2186
f 2340 2354 2188
f 2340 2339 2354
f 2354 2339 2355
f 2339 2357 2355
f 2357 2339 2355
f 2191 2358 2190
f 2359 2358 2360
f 2360 2358 2191
f 2359 2361 2358
f 1963 2190 2362
f 2358 2362 2190
f 2358 2363 2362
f 2343 2192 2209
f 2192 1968 2209
f 2343 2209 2348
f 2348 2209 2364
f 2194 2193 2167
f 2365 2193 2194
f 2365 2366 2367
f 2365 2367 2193
f 2351 2365 2194
f 2351 2366 2365
f 2351 2368 2366
f 2207 1985 2206
f 2206 1963 2369
f 2370 2209 2208
f 2370 2208 2210
f 2370 2210 2371
f 2364 2209 2372
f 2372 2209 2370
f 2372 2370 2373
f 2372 2374 2364
f 2374 2372 2373
f 2210 2212 2371
f 2375 2212 2376
f 2377 2371 2375
f 2371 2212 2375
f 2375 2376 2378
f 2379 2377 2375
f 2379 2375 2378
f 2380 2378 2376
f 2215 2381 2376
f 2215 2376 2218
f 2382 2381 2215
f 2380 2376 2383
f 2381 2383 2376
f 2382 2213 2367
f 2367 2213 2193
f 2367 2366 2382
f 2213 2382 2214
f 2366 2384 2382
f 2214 2382 2215
f 2382 2385 2381
f 2384 2386 2382
f 2386 2385 2382
f 2385 2387 2381
f 2388 1986 2207
f 1986 2388 2217
f 2212 2218 2376
f 2389 2390 2223
f 2389 2223 2229
f 2389 2391 2390
f 2389 2229 2392
f 2390 2391 2393
f 2394 2393 2391
f 2223 2390 2227
f 2228 2227 2393
f 2395 2229 2225
f 2227 2390 2393
f 2396 2225 2397
f 2394 2226 2228
f 2226 2397 2225
f 2226 2233 2397
f 2226 2394 2397
f 2396 2229 2395
f 2225 2396 2395
f 2229 2396 2397
f 2397 2398 2229
f 2229 2398 2392
f 2394 2398 2397
f 2393 2394 2228
f 2399 2400 2401
f 2400 2399 2402
f 2403 2404 2405
f 2402 2406 2407
f 2408 2409 2410
f 2409 2406 2410
f 2233 2226 2225
f 2397 2233 2226
f 2401 2400 2411
f 2400 2412 2411
f 2413 2414 2399
f 2399 2401 2413
f 2411 2413 2401
f 2413 2411 2415
f 2414 2405 2399
f 2403 2414 2413
f 2403 2405 2414
f 2402 2412 2400
f 2402 2407 2412
f 2406 2409 2407
f 2412 2416 2411
f 2411 2416 2417
f 2417 2418 2411
f 2418 2419 2415
f 2415 2411 2418
f 2407 2420 2412
f 2412 2420 2416
f 2409 2421 2407
f 2421 2409 2422
f 2422 2423 2421
f 2416 2424 2417
f 2425 2419 2418
f 2417 2425 2418
f 2426 2425 2417
f 2417 2424 2426
f 2420 2427 2416
f 2416 2427 2424
f 2428 2243 2242
f 2243 2429 2251
f 2429 2243 2428
f 2252 2071 2251
f 2251 2429 2252
f 2430 2252 2429
f 2252 2430 2253
f 2255 2256 2254
f 2431 2255 2253
f 2430 2431 2253
f 2083 2260 2432
f 2083 2432 2250
f 2250 2428 2242
f 2255 2433 2256
f 2431 2433 2255
f 2431 2430 2434
f 2431 2435 2433
f 2256 2433 2257
f 2436 2257 2437
f 2436 2245 2257
f 2433 2437 2257
f 2064 2245 2053
f 2064 2063 2257
f 2245 2064 2257
f 2239 2245 2248
f 2249 2438 2264
f 2247 2249 2264
f 2439 2249 2248
f 2248 2245 2440
f 2439 2248 2440
f 2249 2439 2438
f 2264 2441 2263
f 2438 2441 2264
f 2442 2259 2265
f 2443 2442 2265
f 2261 2444 2262
f 2444 2268 2262
f 2441 2261 2263
f 2261 2441 2444
f 2445 2265 2089
f 2446 2445 2089
f 2090 2446 2089
f 2092 2447 2090
f 2447 2446 2090
f 2444 2270 2268
f 2441 2448 2444
f 2448 2449 2444
f 2273 2450 2092
f 2273 2092 2272
f 2092 2450 2447
f 2273 2451 2450
f 2274 2278 2269
f 2274 2452 2278
f 2449 2270 2444
f 2449 2274 2270
f 2452 2274 2449
f 2453 2452 2449
f 2453 2454 2452
f 2455 2271 2102
f 2455 2275 2271
f 2455 2456 2275
f 2273 2275 2456
f 2457 2273 2456
f 2457 2451 2273
f 2456 2455 2102
f 2456 2458 2457
f 2459 2279 2278
f 2452 2459 2278
f 2460 2459 2452
f 2280 2281 2283
f 2461 2456 2102
f 2461 2102 2280
f 2280 2462 2461
f 2462 2280 2283
f 2458 2456 2461
f 2277 2279 2289
f 2463 2289 2279
f 2288 2289 2463
f 2279 2459 2463
f 2464 2463 2459
f 2464 2465 2463
f 2288 2463 2465
f 2466 2288 2465
f 2464 2459 2460
f 2467 2465 2464
f 1858 2283 2282
f 2283 2468 2462
f 1858 2468 2283
f 1858 2302 2469
f 2469 2302 2470
f 2470 2303 2471
f 2302 2303 2470
f 2298 2297 2299
f 2296 2300 2299
f 2300 2301 2472
f 2300 2472 2473
f 2299 2300 2473
f 2473 2474 2299
f 2288 2466 2472
f 2466 2475 2472
f 2301 2288 2472
f 2475 2466 2465
f 2472 2475 2476
f 2472 2476 2477
f 2305 2306 1867
f 2306 2308 2123
f 2305 2478 2306
f 2306 2304 2308
f 2304 2306 2478
f 2471 2303 2479
f 2303 2304 2479
f 2293 2478 2305
f 2478 2293 2480
f 2480 2481 2482
f 2293 2298 2483
f 2483 2298 2474
f 2298 2299 2474
f 2293 2483 2480
f 2480 2483 2481
f 2483 2474 2481
f 2481 2483 2484
f 2484 2483 2481
f 2481 2474 2485
f 2474 2473 2486
f 2487 2474 2486
f 2473 2472 2488
f 2473 2488 2486
f 2474 2487 2485
f 2489 2490 2491
f 2492 2493 2324
f 2492 2494 2493
f 2495 2494 2492
f 2311 2323 2496
f 2496 2309 2311
f 2493 2496 2323
f 2493 2323 2324
f 2309 2496 2497
f 2496 2493 2494
f 2498 2309 2497
f 2498 2315 2309
f 2314 2489 2312
f 2312 2499 2330
f 2489 2491 2312
f 2491 2500 2312
f 2499 2312 2500
f 2491 2501 2500
f 2501 2502 2500
f 2502 2503 2500
f 2503 2338 2500
f 2504 2143 2344
f 2344 2505 2504
f 1914 2331 2144
f 2318 2506 2316
f 2317 2507 2319
f 2508 2320 2319
f 2507 2317 2316
f 2508 2319 2507
f 2508 2509 2320
f 2509 2321 2320
f 2321 2510 2332
f 2321 2509 2510
f 2511 2332 2510
f 2326 2325 2327
f 2325 2495 2327
f 2326 2337 2325
f 2512 2325 2337
f 2492 2324 2325
f 2325 2512 2495
f 2327 2492 2325
f 2495 2492 2327
f 2495 2512 2513
f 2499 2328 2330
f 2328 2499 2329
f 2500 2329 2499
f 2329 2500 2338
f 2505 2344 2349
f 2346 2505 2349
f 2170 2332 2514
f 2350 2170 2515
f 2515 2170 2514
f 2514 2332 2511
f 2512 2337 2516
f 2356 2516 2337
f 2517 2516 2356
f 2341 2518 2339
f 2518 2357 2339
f 2356 2518 2517
f 2339 2518 2356
f 2519 2161 2338
f 2519 2188 2161
f 2520 2188 2519
f 2188 2520 2340
f 2520 2341 2340
f 2521 2347 2348
f 2346 2347 2521
f 2521 2348 2522
f 2523 2346 2521
f 2524 2525 2346
f 2523 2524 2346
f 2526 2350 2515
f 2526 2351 2350
f 2361 2527 2528
f 2361 2528 2358
f 2358 2528 2529
f 2358 2529 2530
f 2527 2531 2528
f 2363 2532 2362
f 2362 2532 1963
f 2533 1963 2532
f 2532 2534 2533
f 2348 2535 2522
f 2364 2535 2348
f 2536 2535 2364
f 2537 2536 2538
f 2539 2521 2522
f 2537 2522 2535
f 2537 2535 2536
f 2368 2384 2366
f 2540 2368 2351
f 2541 2527 2542
f 2543 2544 2545
f 2546 2527 2541
f 2546 2547 2527
f 2545 2546 2541
f 1963 2533 2369
f 2369 2548 2206
f 2207 2206 2548
f 2549 2207 2548
f 2533 2534 2369
f 2369 2550 2548
f 2538 2536 2364
f 2364 2374 2373
f 2551 2364 2373
f 2370 2371 2552
f 2552 2371 2377
f 2538 2364 2551
f 2552 2373 2370
f 2551 2373 2552
f 2553 2551 2552
f 2554 2553 2552
f 2379 2552 2377
f 2378 2552 2379
f 2552 2378 2554
f 2555 2380 2383
f 2378 2380 2555
f 2381 2387 2383
f 2556 2555 2383
f 2387 2556 2383
f 2386 2387 2385
f 2557 2386 2384
f 2558 2559 2560
f 2558 2561 2559
f 2543 2559 2561
f 2558 2562 2561
f 2560 2562 2558
f 2563 2561 2562
f 2564 2565 2566
f 2560 2564 2567
f 2565 2217 2566
f 2207 2549 2388
f 2549 2568 2388
f 2217 2388 2566
f 2388 2568 2569
f 2569 2566 2388
f 2570 2571 2572
f 2571 2573 2572
f 2574 2573 2571
f 2571 2575 2574
f 2576 2575 2570
f 2570 2575 2571
f 2575 2577 2574
f 2573 2578 2572
f 2579 2572 2580
f 2572 2578 2580
f 2581 2580 2578
f 2574 2577 2582
f 2573 2583 2578
f 2578 2583 2581
f 2581 2584 2580
f 2582 2585 2574
f 2582 2577 2585
f 2574 2586 2573
f 2574 2585 2586
f 2584 2581 2583
f 2583 2573 2587
f 2583 2587 2584
f 2573 2586 2587
f 2588 2585 2577
f 2588 2589 2585
f 2589 2590 2591
f 2585 2589 2592
f 2589 2593 2592
f 2589 2594 2595
f 2589 2595 2593
f 2594 2589 2591
f 2595 2594 2596
f 2597 2585 2593
f 2585 2592 2593
f 2593 2598 2599
f 2597 2593 2599
f 2595 2598 2593
f 2595 2596 2598
f 2599 2598 2600
f 2601 2600 2598
f 2598 2602 2601
f 2601 2602 2603
f 2598 2596 2604
f 2598 2605 2602
f 2598 2604 2605
f 2605 2606 2602
f 2605 2604 2606
f 2584 2404 2607
f 2597 2608 2609
f 2610 2391 2389
f 2611 2391 2610
f 2392 2612 2389
f 2610 2389 2612
f 2610 2613 2614
f 2610 2612 2613
f 2392 2615 2612
f 2613 2612 2616
f 2614 2613 2616
f 2616 2612 2615
f 2615 2392 2617
f 2613 2610 2614
f 2614 2610 2613
f 2610 2614 2618
f 2610 2618 2619
f 2620 2610 2619
f 2607 2404 2621
f 2585 2402 2399
f 2586 2585 2399
f 2399 2584 2587
f 2399 2587 2586
f 2584 2399 2405
f 2584 2405 2404
f 2402 2585 2406
f 2410 2585 2597
f 2410 2597 2408
f 2597 2609 2408
f 2609 2608 2622
f 2398 2623 2392
f 2398 2624 2623
f 2392 2623 2617
f 2618 2624 2625
f 2626 2623 2624
f 2626 2624 2618
f 2625 2627 2618
f 2626 2617 2623
f 2391 2611 2620
f 2620 2628 2391
f 2391 2628 2629
f 2630 2391 2629
f 2628 2630 2629
f 2630 2625 2394
f 2610 2620 2611
f 2628 2627 2630
f 2627 2625 2630
f 2628 2618 2627
f 2618 2628 2620
f 2619 2618 2620
f 2585 2410 2406
f 2631 2408 2609
f 2622 2631 2609
f 2632 2631 2633
f 2394 2625 2398
f 2625 2624 2398
f 2630 2394 2391
f 2404 2634 2621
f 2621 2634 2635
f 2404 2403 2634
f 2633 2636 2632
f 2636 2631 2632
f 2403 2413 2637
f 2637 2413 2415
f 2415 2638 2637
f 2419 2638 2415
f 2634 2403 2637
f 2634 2637 2635
f 2637 2638 2635
f 2639 2635 2638
f 2639 2640 2635
f 2639 2641 2640
f 2631 2409 2408
f 2642 2631 2636
f 2631 2422 2409
f 2643 2422 2631
f 2641 2419 2425
f 2639 2638 2419
f 2639 2419 2641
f 2640 2644 2645
f 2641 2644 2640
f 2642 2646 2647
f 2647 2422 2643
f 2643 2631 2647
f 2631 2642 2647
f 2425 2644 2641
f 2644 2425 2426
f 2648 2644 2426
f 2648 2649 2650
f 2644 2648 2650
f 2651 2647 2646
f 2422 2647 2652
f 2423 2422 2652
f 2652 2653 2423
f 2653 2652 2647
f 2652 2653 2647
f 2647 2651 2652
f 2652 2651 2653
f 2250 2432 2654
f 2250 2654 2428
f 2655 2654 2432
f 2654 2655 2656
f 2429 2657 2658
f 2657 2429 2428
f 2654 2656 2428
f 2657 2428 2656
f 2656 2659 2657
f 2430 2429 2658
f 2658 2434 2430
f 2657 2659 2658
f 2434 2435 2431
f 2658 2660 2434
f 2660 2661 2434
f 2435 2437 2433
f 2662 2435 2434
f 2435 2662 2437
f 2662 2663 2437
f 2260 2664 2432
f 2432 2664 2655
f 2260 2665 2664
f 2259 2665 2260
f 2666 2655 2664
f 2663 2667 2437
f 2436 2437 2667
f 2245 2436 2667
f 2439 2440 2668
f 2245 2667 2669
f 2245 2669 2440
f 2442 2443 2665
f 2442 2665 2259
f 2438 2439 2668
f 2668 2670 2438
f 2441 2438 2670
f 2445 2443 2265
f 2671 2443 2445
f 2446 2671 2445
f 2443 2672 2665
f 2665 2672 2673
f 2674 2672 2443
f 2671 2674 2443
f 2441 2670 2448
f 2675 2448 2670
f 2447 2450 2676
f 2450 2451 2676
f 2446 2447 2671
f 2671 2447 2677
f 2447 2676 2677
f 2671 2677 2678
f 2676 2679 2677
f 2448 2680 2449
f 2449 2680 2453
f 2451 2457 2681
f 2451 2681 2676
f 2676 2681 2679
f 2454 2460 2452
f 2453 2460 2454
f 2453 2682 2460
f 2683 2457 2458
f 2684 2458 2461
f 2462 2684 2461
f 2681 2457 2683
f 2685 2681 2683
f 2458 2685 2683
f 2467 2686 2465
f 2464 2460 2687
f 2467 2464 2687
f 2688 2686 2467
f 2467 2687 2688
f 2460 2682 2689
f 2687 2460 2689
f 2689 2690 2687
f 2682 2690 2689
f 2688 2687 2690
f 2691 2692 2688
f 2469 2470 2471
f 2468 1858 2469
f 2684 2462 2468
f 2684 2468 2469
f 2469 2471 2693
f 2694 2684 2469
f 2694 2695 2684
f 2696 2693 2471
f 2458 2684 2695
f 2694 2469 2693
f 2694 2693 2696
f 2465 2686 2475
f 2475 2686 2476
f 2472 2477 2488
f 2488 2477 2697
f 2698 2697 2477
f 2476 2698 2477
f 2692 2686 2688
f 2476 2686 2692
f 2476 2692 2698
f 2694 2696 2699
f 2479 2304 2700
f 2471 2479 2700
f 2701 2471 2700
f 2696 2471 2701
f 2480 2482 2478
f 2700 2304 2478
f 2700 2478 2702
f 2478 2482 2702
f 2702 2482 2703
f 2700 2702 2704
f 2704 2702 2703
f 2705 2703 2706
f 2700 2704 2707
f 2707 2704 2705
f 2704 2703 2705
f 2481 2484 2482
f 2484 2481 2485
f 2708 2703 2482
f 2484 2708 2482
f 2484 2485 2709
f 2484 2709 2708
f 2703 2708 2710
f 2706 2703 2710
f 2487 2486 2488
f 2488 2711 2487
f 2711 2712 2487
f 2487 2709 2485
f 2709 2487 2712
f 2712 2711 2713
f 2712 2713 2714
f 2488 2697 2711
f 2697 2698 2711
f 2711 2698 2715
f 2144 2716 2717
f 2718 2506 2719
f 2720 2318 2717
f 2318 2721 2719
f 2721 2722 2719
f 2723 2718 2719
f 2318 2720 2721
f 2498 2497 2496
f 2496 2494 2498
f 2314 2315 2724
f 2724 2489 2314
f 2498 2724 2315
f 2490 2501 2491
f 2489 2501 2490
f 2489 2724 2501
f 2725 2501 2724
f 2504 2726 2331
f 2727 2331 2726
f 2717 2318 2144
f 2719 2506 2318
f 2723 2316 2506
f 2507 2316 2723
f 2723 2506 2718
f 2509 2728 2510
f 2513 2729 2730
f 2731 2338 2503
f 2731 2732 2338
f 2519 2338 2732
f 2731 2503 2502
f 2504 2331 2143
f 2525 2505 2346
f 2733 2514 2511
f 2733 2515 2514
f 2734 2515 2733
f 2513 2512 2729
f 2512 2516 2729
f 2729 2516 2735
f 2735 2516 2517
f 2735 2517 2736
f 2517 2518 2736
f 2357 2518 2339
f 2735 2736 2729
f 2729 2736 2513
f 2737 2521 2539
f 2540 2351 2526
f 2527 2547 2738
f 2527 2738 2531
f 2528 2531 2529
f 2531 2738 2529
f 2358 2530 2739
f 2738 2547 2740
f 2738 2741 2529
f 2738 2740 2741
f 2742 2532 2363
f 2739 2743 2358
f 2363 2358 2743
f 2744 2742 2363
f 2743 2744 2363
f 2532 2742 2534
f 2742 2745 2534
f 2746 2539 2522
f 2746 2522 2537
f 2747 2539 2746
f 2747 2737 2539
f 2748 2746 2537
f 2749 2747 2746
f 2749 2746 2748
f 2749 2748 2750
f 2751 2384 2368
f 2545 2752 2546
f 2545 2544 2752
f 2544 2543 2563
f 2753 2546 2752
f 2544 2754 2752
f 2547 2755 2740
f 2753 2755 2547
f 2546 2753 2547
f 2369 2534 2550
f 2548 2756 2549
f 2548 2550 2756
f 2550 2757 2756
f 2534 2757 2550
f 2538 2551 2537
f 2551 2553 2537
f 2748 2537 2553
f 2553 2554 2758
f 2553 2758 2748
f 2759 2758 2554
f 2760 2748 2758
f 2761 2378 2556
f 2378 2555 2556
f 2554 2378 2761
f 2554 2761 2762
f 2759 2554 2762
f 2556 2762 2761
f 2762 2556 2763
f 2764 2762 2765
f 2762 2764 2759
f 2387 2763 2556
f 2763 2387 2766
f 2766 2387 2767
f 2768 2763 2766
f 2768 2766 2767
f 2762 2763 2768
f 2769 2386 2557
f 2769 2387 2386
f 2767 2387 2769
f 2543 2561 2563
f 2563 2562 2770
f 2567 2562 2560
f 2771 2562 2567
f 2771 2567 2772
f 2567 2564 2772
f 2564 2566 2772
f 2771 2770 2562
f 2771 2772 2773
f 2752 2563 2770
f 2544 2563 2754
f 2752 2770 2771
f 2771 2773 2774
f 2566 2569 2773
f 2566 2773 2565
f 2566 2565 2773
f 2772 2566 2773
f 2568 2775 2569
f 2549 2776 2568
f 2776 2549 2756
f 2777 2773 2569
f 2778 2779 2780
f 2780 2781 2778
f 2782 2783 2779
f 2782 2784 2783
f 2783 2784 2785
f 2785 2784 2786
f 2787 2780 2576
f 2780 2779 2576
f 2781 2780 2787
f 2788 2789 2781
f 2783 2575 2790
f 2783 2577 2575
f 2790 2779 2783
f 2791 2792 2793
f 2794 2795 2796
f 2787 2576 2797
f 2787 2788 2781
f 2798 2789 2788
f 2789 2798 2799
f 2799 2800 2789
f 2790 2575 2576
f 2790 2576 2779
f 2785 2801 2577
f 2577 2783 2785
f 2801 2785 2793
f 2801 2793 2792
f 2794 2802 2803
f 2794 2803 2795
f 2804 2805 2794
f 2799 2798 2806
f 2806 2798 2807
f 2806 2807 2808
f 2809 2798 2788
f 2809 2788 2787
f 2810 2811 2803
f 2795 2803 2811
f 2805 2804 2812
f 2813 2807 2814
f 2797 2576 2570
f 2797 2570 2579
f 2579 2570 2572
f 2797 2809 2787
f 2797 2579 2809
f 2807 2798 2809
f 2807 2809 2814
f 2814 2809 2815
f 2577 2801 2588
f 2801 2792 2590
f 2792 2816 2590
f 2817 2816 2792
f 2811 2810 2818
f 2810 2803 2819
f 2820 2811 2821
f 2811 2818 2821
f 2805 2822 2794
f 2581 2823 2824
f 2581 2825 2823
f 2813 2814 2815
f 2813 2815 2823
f 2826 2813 2823
f 2579 2580 2824
f 2824 2580 2581
f 2809 2579 2815
f 2815 2579 2823
f 2579 2824 2823
f 2588 2801 2827
f 2801 2590 2827
f 2818 2810 2819
f 2828 2818 2819
f 2828 2819 2803
f 2818 2821 2829
f 2818 2829 2821
f 2794 2822 2802
f 2812 2830 2831
f 2832 2825 2833
f 2825 2832 2834
f 2584 2833 2580
f 2833 2581 2580
f 2825 2581 2833
f 2827 2589 2588
f 2827 2590 2589
f 2816 2591 2590
f 2835 2821 2829
f 2835 2836 2821
f 2837 2836 2835
f 2803 2802 2828
f 2838 2818 2828
f 2839 2821 2818
f 2818 2838 2839
f 2829 2821 2840
f 2821 2839 2840
f 2802 2822 2841
f 2805 2842 2822
f 2842 2805 2843
f 2805 2844 2843
f 2812 2831 2805
f 2805 2831 2844
f 2834 2832 2845
f 2816 2846 2591
f 2847 2846 2816
f 2829 2848 2835
f 2829 2840 2848
f 2849 2837 2848
f 2837 2835 2848
f 2802 2850 2851
f 2851 2828 2802
f 2838 2828 2851
f 2838 2840 2839
f 2802 2841 2850
f 2841 2842 2850
f 2841 2822 2842
f 2843 2852 2853
f 2842 2853 2854
f 2853 2842 2843
f 2855 2843 2844
f 2852 2843 2855
f 2856 2833 2584
f 2584 2833 2856
f 2832 2833 2621
f 2845 2832 2857
f 2858 2845 2857
f 2591 2596 2594
f 2859 2591 2846
f 2859 2596 2591
f 2860 2596 2859
f 2846 2860 2859
f 2860 2861 2859
f 2860 2859 2861
f 2862 2596 2860
f 2861 2863 2860
f 2863 2864 2860
f 2596 2862 2604
f 2860 2864 2862
f 2864 2865 2862
f 2840 2866 2867
f 2840 2838 2866
f 2867 2866 2868
f 2866 2867 2868
f 2866 2838 2867
f 2849 2848 2867
f 2867 2848 2840
f 2869 2838 2851
f 2869 2870 2838
f 2838 2870 2867
f 2850 2842 2851
f 2842 2854 2851
f 2852 2854 2853
f 2852 2855 2871
f 2872 2871 2855
f 2872 2855 2873
f 2607 2833 2584
f 2621 2833 2607
f 2857 2832 2621
f 2874 2858 2857
f 2875 2876 2877
f 2602 2606 2603
f 2606 2878 2879
f 2863 2865 2864
f 2604 2880 2878
f 2862 2881 2604
f 2604 2878 2606
f 2880 2882 2878
f 2878 2882 2883
f 2881 2880 2604
f 2865 2881 2862
f 2881 2884 2880
f 2882 2880 2884
f 2884 2885 2882
f 2881 2886 2884
f 2887 2886 2881
f 2865 2886 2881
f 2881 2886 2887
f 2885 2884 2888
f 2888 2884 2886
f 2887 2889 2886
f 2886 2889 2888
f 2887 2886 2889
f 2867 2868 2890
f 2868 2891 2890
f 2890 2837 2849
f 2868 2867 2892
f 2868 2892 2891
f 2891 2892 2893
f 2867 2870 2892
f 2852 2894 2854
f 2852 2871 2894
f 2895 2871 2872
f 2872 2896 2895
f 2896 2872 2873
f 2897 2895 2873
f 2857 2621 2874
f 2599 2608 2597
f 2898 2608 2599
f 2875 2877 2600
f 2877 2599 2600
f 2877 2899 2599
f 2899 2898 2599
f 2899 2622 2898
f 2900 2622 2899
f 2877 2900 2899
f 2899 2900 2877
f 2901 2899 2877
f 2875 2600 2902
f 2601 2902 2600
f 2903 2875 2902
f 2876 2875 2902
f 2902 2875 2903
f 2601 2603 2904
f 2905 2904 2906
f 2902 2601 2905
f 2904 2905 2601
f 2902 2905 2903
f 2906 2905 2907
f 2903 2905 2906
f 2902 2903 2908
f 2906 2908 2903
f 2603 2606 2904
f 2606 2879 2904
f 2909 2904 2879
f 2904 2909 2906
f 2905 2906 2907
f 2910 2907 2906
f 2616 2879 2878
f 2907 2909 2879
f 2879 2616 2907
f 2909 2910 2906
f 2909 2907 2910
f 2883 2882 2878
f 2616 2615 2617
f 2616 2617 2911
f 2882 2616 2878
f 2882 2614 2616
f 2907 2616 2911
f 2626 2617 2911
f 2626 2911 2617
f 2614 2619 2618
f 2619 2614 2912
f 2913 2614 2882
f 2882 2885 2913
f 2614 2914 2912
f 2614 2913 2914
f 2912 2914 2915
f 2619 2916 2618
f 2619 2912 2916
f 2916 2912 2917
f 2885 2918 2913
f 2913 2915 2914
f 2912 2915 2919
f 2885 2888 2918
f 2920 2913 2918
f 2913 2920 2915
f 2919 2915 2921
f 2888 2922 2923
f 2888 2924 2918
f 2888 2923 2924
f 2915 2920 2918
f 2915 2918 2921
f 2921 2918 2925
f 2926 2890 2927
f 2890 2849 2867
f 2890 2891 2928
f 2891 2929 2928
f 2893 2930 2931
f 2851 2854 2894
f 2851 2894 2869
f 2930 2892 2870
f 2893 2892 2930
f 2871 2896 2894
f 2896 2871 2895
f 2932 2896 2895
f 2896 2932 2895
f 2896 2933 2932
f 2873 2895 2896
f 2895 2933 2896
f 2895 2934 2933
f 2896 2934 2895
f 2874 2621 2635
f 2898 2622 2608
f 2900 2633 2622
f 2900 2935 2633
f 2618 2617 2626
f 2911 2617 2618
f 2916 2911 2618
f 2627 2916 2618
f 2916 2627 2618
f 2890 2928 2927
f 2936 2937 2928
f 2928 2937 2927
f 2869 2930 2870
f 2929 2936 2928
f 2894 2938 2939
f 2894 2896 2938
f 2940 2874 2635
f 2935 2636 2633
f 2941 2642 2636
f 2935 2941 2636
f 2942 2642 2941
f 2622 2633 2631
f 2927 2943 2926
f 2927 2944 2943
f 2869 2945 2930
f 2946 2930 2945
f 2947 2930 2946
f 2930 2947 2931
f 2894 2948 2949
f 2869 2894 2950
f 2894 2949 2950
f 2939 2948 2894
f 2939 2951 2948
f 2951 2939 2933
f 2933 2952 2951
f 2896 2939 2938
f 2896 2933 2939
f 2933 2896 2932
f 2934 2953 2933
f 2874 2940 2954
f 2874 2954 2955
f 2954 2956 2955
f 2957 2958 2956
f 2959 2960 2942
f 2961 2869 2950
f 2961 2950 2962
f 2950 2963 2962
f 2961 2945 2869
f 2945 2961 2946
f 2931 2947 2964
f 2950 2949 2963
f 2949 2950 2963
f 2949 2948 2950
f 2948 2951 2950
f 2950 2965 2963
f 2950 2951 2965
f 2951 2966 2965
f 2967 2965 2966
f 2966 2951 2952
f 2968 2966 2952
f 2967 2966 2968
f 2953 2952 2933
f 2953 2968 2952
f 2953 2969 2968
f 2940 2635 2640
f 2940 2640 2954
f 2640 2956 2954
f 2640 2957 2956
f 2640 2970 2957
f 2958 2957 2970
f 2958 2970 2959
f 2646 2642 2636
f 2636 2642 2646
f 2646 2642 2942
f 2959 2970 2942
f 2960 2959 2942
f 2961 2962 2971
f 2963 2972 2962
f 2971 2973 2961
f 2946 2961 2973
f 2974 2947 2946
f 2964 2947 2974
f 2963 2965 2972
f 2975 2972 2965
f 2975 2965 2967
f 2967 2969 2975
f 2968 2969 2967
f 2953 2968 2969
f 2968 2976 2969
f 2645 2970 2640
f 2970 2646 2942
f 2646 2970 2977
f 2974 2946 2973
f 2974 2973 2978
f 2978 2964 2974
f 2972 2975 2979
f 2969 2980 2975
f 2981 2975 2980
f 2981 2979 2975
f 2969 2976 2980
f 2645 2644 2970
f 2650 2970 2644
f 2977 2651 2646
f 2656 2655 2982
f 2656 2982 2659
f 2659 2660 2658
f 2659 2983 2660
f 2660 2983 2661
f 2983 2984 2661
f 2661 2662 2434
f 2661 2984 2662
f 2664 2665 2666
f 2666 2985 2986
f 2655 2666 2986
f 2655 2986 2982
f 2659 2982 2987
f 2987 2988 2659
f 2983 2989 2984
f 2663 2990 2667
f 2984 2991 2662
f 2662 2991 2663
f 2663 2991 2990
f 2668 2440 2992
f 2992 2440 2669
f 2669 2667 2990
f 2993 2669 2990
f 2992 2669 2993
f 2666 2665 2673
f 2673 2672 2994
f 2666 2673 2985
f 2995 2670 2668
f 2668 2992 2995
f 2671 2996 2674
f 2996 2672 2674
f 2996 2994 2672
f 2995 2675 2670
f 2997 2675 2995
f 2678 2996 2671
f 2679 2678 2677
f 2678 2998 2996
f 2675 2999 2448
f 2448 2999 2680
f 2680 2999 3000
f 2675 3000 2999
f 2998 2679 3001
f 2679 2998 2678
f 2680 2682 2453
f 2680 3002 2682
f 2682 3002 2690
f 3003 3002 2680
f 2680 3000 3003
f 3004 2690 3002
f 3005 3003 3000
f 3002 3003 3006
f 3002 3006 3004
f 2685 2679 2681
f 2679 3007 3001
f 2690 3008 2688
f 2688 3008 2691
f 2690 3004 3009
f 3009 3008 2690
f 2458 2695 2685
f 3010 2698 2692
f 2691 3008 3011
f 2692 2691 3010
f 3011 3012 2691
f 3013 2691 3012
f 3010 2691 3013
f 3008 3012 3011
f 3009 3012 3008
f 2695 2694 2699
f 2701 3014 2696
f 2701 2700 3015
f 3014 2701 3015
f 3016 2699 2696
f 3016 2696 3014
f 3017 2699 3016
f 2706 3018 2705
f 3019 2707 2705
f 3015 2700 2707
f 3019 3015 2707
f 3015 3019 3014
f 2712 2714 2709
f 2714 3020 3021
f 2714 2713 3020
f 2711 2715 2713
f 2715 2698 3022
f 2715 3022 3023
f 3020 2713 3024
f 2715 3023 2713
f 2713 3023 3024
f 3022 2698 3010
f 3022 3010 3023
f 3010 3013 3025
f 3010 3025 3023
f 3019 2705 3018
f 2710 2708 2709
f 3018 2706 2710
f 3018 2710 3026
f 3027 2710 2709
f 3027 2714 3021
f 2709 2714 3027
f 3026 2710 3027
f 3026 3027 3021
f 3020 3024 3021
f 3028 2498 3029
f 3030 3029 2498
f 2725 3028 3031
f 3028 3032 3031
f 3033 2725 3031
f 3032 3033 3031
f 3034 2725 3033
f 3034 3033 2725
f 3033 3032 3035
f 3033 3035 2725
f 3029 3032 3028
f 3035 3036 2501
f 3035 3037 3036
f 2331 3038 2144
f 3038 2331 2727
f 2717 2716 2720
f 2144 3038 2716
f 3039 3040 2716
f 2720 2716 3040
f 3038 3039 2716
f 3041 3039 3038
f 2722 2721 2720
f 2720 3042 2722
f 3043 2723 2719
f 3042 2720 3044
f 3043 2719 2722
f 3040 3044 2720
f 2722 3045 3046
f 3043 2722 3046
f 3044 3045 3042
f 2722 3042 3045
f 3045 3044 3040
f 3047 3046 3045
f 2507 2723 3043
f 3043 2508 2507
f 3047 3043 3046
f 3047 3048 3043
f 2508 3043 3048
f 3028 2724 2498
f 3030 2498 2494
f 2494 2495 3030
f 2725 2501 3049
f 3028 2725 2724
f 3049 2501 2725
f 2725 3035 2501
f 2502 2501 3036
f 2731 2502 3036
f 3036 3050 2731
f 2726 2504 2505
f 3051 2727 2726
f 2509 2508 2728
f 2510 2728 3052
f 3053 3054 2357
f 2729 2513 2730
f 2513 2730 3055
f 2730 2513 3055
f 3054 3056 2513
f 2732 2731 3050
f 2520 3053 2341
f 3053 2520 2519
f 3053 2518 2341
f 2519 2732 3050
f 3057 2515 2734
f 2733 2511 2734
f 2513 2736 2518
f 2357 3054 2518
f 2518 3053 2357
f 3054 2513 2518
f 3057 2526 2515
f 3058 2540 2526
f 3059 2523 2521
f 2737 3059 2521
f 3060 2368 2540
f 2741 3061 2529
f 2740 3061 2741
f 2739 2744 2743
f 2529 3062 2530
f 2530 3062 2739
f 3061 3063 2529
f 3063 3062 2529
f 3062 3064 2739
f 3062 3063 3064
f 3061 3065 3063
f 3066 3065 3061
f 2745 3067 2534
f 2745 3068 3067
f 3069 2742 2744
f 2742 3068 2745
f 3070 3069 2744
f 2739 3070 2744
f 3068 2742 3069
f 3071 3068 3069
f 3070 3072 3069
f 3073 2747 2749
f 2750 3074 3075
f 3074 2750 3076
f 3076 3077 3074
f 3078 2767 3079
f 2384 3080 2557
f 2557 3079 2769
f 2557 3080 3079
f 2769 3079 2767
f 2384 2751 3080
f 3079 3080 3081
f 2740 2755 3061
f 3082 2755 2753
f 2752 3082 2753
f 2754 3082 2752
f 3083 2755 3082
f 3061 2755 3084
f 3061 3084 3066
f 2755 3083 3084
f 3066 3084 3065
f 3065 3084 3085
f 2534 3067 2757
f 2757 3067 3086
f 2757 3086 3087
f 2757 3087 2756
f 3068 3086 3067
f 3086 3068 3071
f 3086 3071 3088
f 3088 3087 3086
f 3089 3087 3088
f 3090 3091 3092
f 3090 3092 3093
f 3090 3094 3091
f 3095 3074 3096
f 3095 3096 3097
f 2760 2758 2748
f 2758 2759 3076
f 2758 2750 2748
f 2750 2758 3076
f 2764 3076 2759
f 2764 3098 3099
f 3100 3076 3099
f 3076 3100 3099
f 2764 3100 3076
f 2764 3099 3100
f 3100 3077 3076
f 3096 3074 3077
f 3100 3096 3077
f 2768 2765 2762
f 3101 2764 2765
f 2765 2768 3101
f 3101 2768 3102
f 2767 3078 2768
f 3078 3103 2768
f 2754 2563 2752
f 2754 2752 3082
f 2771 3082 2752
f 2771 3104 3082
f 2774 3104 2771
f 3104 2774 3105
f 3083 3082 3106
f 3104 3106 3082
f 3104 3105 3106
f 2774 2773 3107
f 2773 2777 3107
f 3107 3105 2774
f 2568 2776 2775
f 2775 3108 2569
f 2776 2756 3087
f 2776 3108 2775
f 2776 3087 3108
f 3087 3109 3108
f 3087 3089 3109
f 2569 3108 3110
f 2569 3110 2777
f 2777 3110 3111
f 3093 3092 3112
f 3090 3093 3113
f 3114 3090 3113
f 3114 3115 3090
f 3116 3112 3092
f 3117 3116 3092
f 3118 3119 3096
f 3120 3096 3119
f 3121 3120 3119
f 3120 3097 3096
f 3122 2782 3118
f 3122 3099 2782
f 3100 3099 3122
f 3118 3100 3122
f 3118 3096 3100
f 3098 2764 3123
f 2764 3124 3123
f 3101 3124 2764
f 3101 3125 3124
f 3124 3125 3126
f 3127 3128 3129
f 3130 3128 3127
f 3130 3131 3114
f 3130 3127 3132
f 3129 3132 3127
f 3093 3133 3134
f 3134 3130 3093
f 3133 3135 3134
f 3133 3112 3135
f 3093 3130 3113
f 3093 3112 3133
f 3114 3113 3130
f 2781 3136 2778
f 3119 3118 2778
f 3119 2778 3136
f 3136 3121 3119
f 3121 3136 3137
f 2782 3099 3098
f 2778 2782 2779
f 2782 3098 3123
f 2782 3123 2784
f 3118 2782 2778
f 3125 3138 3126
f 3139 3140 3138
f 3141 3134 3142
f 3143 3134 3141
f 3130 3134 3128
f 3128 3134 3129
f 3129 3134 3144
f 3143 3144 3134
f 3135 3145 3141
f 3135 3112 3145
f 3142 3134 3141
f 3141 3134 3135
f 3112 3116 3145
f 3146 3147 3148
f 3136 2781 2789
f 3136 2789 3137
f 3137 2789 3149
f 3123 2786 2784
f 2785 2786 3124
f 2786 3123 3124
f 3141 3142 3150
f 3151 3143 3141
f 3151 3141 3150
f 3143 3151 3144
f 3144 3151 3152
f 3145 3153 3150
f 3150 3141 3145
f 3154 3145 3116
f 3116 3147 3154
f 3154 3147 3146
f 3146 3155 3154
f 3156 3154 3155
f 3155 3146 3148
f 3157 3155 3148
f 3124 3126 2785
f 3126 2791 2793
f 2785 3126 2793
f 3126 3138 2791
f 3140 2791 3138
f 2791 3140 3158
f 3159 3150 3142
f 3141 3150 3142
f 3150 3159 3142
f 3160 3151 3159
f 3151 3150 3159
f 3161 3151 3160
f 3152 3151 3161
f 3161 3162 3163
f 3164 3161 3163
f 3150 3153 3159
f 3153 3145 3165
f 3153 3165 2796
f 3165 3145 3154
f 3154 3156 3166
f 3149 2800 2806
f 2808 3149 2806
f 3149 2789 2800
f 3167 2791 3158
f 3168 3167 3158
f 3169 3163 3162
f 3153 2796 3159
f 3170 3171 3160
f 3160 3159 3170
f 3159 2796 3170
f 2795 3170 2796
f 2795 3172 3170
f 3170 3172 3171
f 3160 3171 3161
f 3161 3171 3162
f 3171 3169 3162
f 2794 2796 3165
f 3154 3166 3165
f 3173 3156 3155
f 3174 3173 3155
f 2800 2799 2806
f 3175 3176 3177
f 3167 2792 2791
f 3178 3167 3179
f 2817 3167 3178
f 3180 3178 3179
f 3167 3168 3179
f 3168 3181 3179
f 3181 3180 3179
f 3169 3171 3182
f 3182 3172 2795
f 2820 3172 3182
f 3171 3172 3182
f 3172 2820 3182
f 3165 2804 2794
f 2804 3165 3156
f 3165 3166 3156
f 2812 2804 3156
f 3173 2830 2812
f 3156 3173 2812
f 3174 2830 3173
f 3174 3183 2830
f 3183 3184 2830
f 2808 2807 3185
f 3177 3176 2808
f 3177 2808 3185
f 3177 3185 3186
f 3167 2817 2792
f 3169 3182 3187
f 3163 3169 3187
f 3188 3189 3190
f 2811 3182 2795
f 3182 2811 2820
f 3182 2820 3187
f 3174 3191 3183
f 3192 3191 3174
f 3192 3193 3191
f 2813 3185 2807
f 3186 2813 3194
f 3185 2813 3186
f 3195 3194 2813
f 3178 2816 2817
f 3178 2847 2816
f 3196 2847 3178
f 3196 3178 3180
f 3197 3198 3196
f 3189 3163 3187
f 3189 3187 2836
f 3184 2831 2830
f 3183 3199 3184
f 3199 3191 3200
f 3183 3191 3199
f 3191 3193 3200
f 3193 3201 3200
f 2826 2823 3195
f 2813 2826 3195
f 3194 3195 3202
f 3203 2847 3204
f 3196 3204 2847
f 3205 3203 3204
f 3198 3204 3196
f 3198 3205 3204
f 3198 3206 3205
f 3187 2820 2836
f 3189 2836 3207
f 3189 3207 3190
f 3184 2844 2831
f 3200 3208 3184
f 3199 3200 3184
f 3200 3209 3208
f 3210 3200 3201
f 3200 3210 3209
f 3211 3210 3212
f 3210 3211 3209
f 3195 2823 2834
f 2834 2823 2825
f 3202 3195 2834
f 2834 2845 3202
f 3205 3213 3203
f 2821 2836 2820
f 3207 2836 3214
f 3184 3208 2844
f 3208 3209 2844
f 3184 3209 3208
f 3184 3208 3209
f 3215 3211 3212
f 2845 3216 3202
f 3216 2955 3217
f 3203 2846 2847
f 3218 3213 3205
f 3205 3206 3218
f 3218 3206 3219
f 3214 2836 2837
f 3220 3221 3214
f 3221 3207 3214
f 3222 3223 3224
f 3225 3222 3226
f 3222 3225 3223
f 3227 3225 3226
f 2844 3228 2855
f 3228 2844 3209
f 3228 2873 2855
f 3228 2897 2873
f 3208 3228 3209
f 3209 3228 3208
f 3229 3209 3211
f 3209 3229 3228
f 3229 3230 2897
f 3229 2897 3228
f 3229 3211 3215
f 3229 3215 3230
f 3231 3211 3227
f 3211 3231 3215
f 3215 3231 3230
f 3224 3223 3227
f 3224 3227 3211
f 2845 3232 3216
f 3216 3232 2955
f 3233 3217 2955
f 3234 3235 3236
f 2846 3203 3237
f 3237 3238 2846
f 3238 2860 2846
f 3213 3237 3203
f 3237 3213 3238
f 3239 3213 3218
f 3213 3239 3238
f 2861 2860 3238
f 3240 2861 3238
f 3238 3239 3241
f 2863 2861 3240
f 3242 2863 3240
f 3220 3214 2837
f 3243 3207 3221
f 3244 3243 3221
f 3225 3227 3223
f 3245 3227 3226
f 3245 3246 3227
f 3227 3246 3223
f 3246 3245 3226
f 3230 3247 2897
f 3227 3223 3231
f 3248 2858 2874
f 2858 3248 2845
f 2874 3232 3248
f 3248 3232 2845
f 3234 3233 3249
f 3217 3233 3234
f 3217 3234 3250
f 2876 2901 2877
f 3239 2876 3241
f 3241 2876 3251
f 3218 2876 3239
f 3241 3251 3252
f 3241 3252 3239
f 3251 3253 3252
f 3238 3241 3240
f 3241 3239 3254
f 2863 3242 2865
f 3241 3254 3240
f 3253 3255 3252
f 3252 3255 3256
f 3254 3239 3252
f 3252 3256 3254
f 3240 3254 3242
f 3242 3257 3258
f 3254 3257 3242
f 2865 3242 2886
f 3242 3259 2886
f 3259 3242 3258
f 3260 3259 3258
f 3258 3261 3260
f 3257 3261 3258
f 3257 3262 3261
f 3262 3257 3254
f 3260 2889 3259
f 3259 2889 2886
f 2889 3260 3261
f 3263 2889 3261
f 3261 3262 3263
f 2889 3264 2922
f 2922 2888 2889
f 2922 3264 2923
f 2889 3265 3264
f 3265 2889 3263
f 3220 2837 2890
f 3220 2890 3266
f 3221 3220 3266
f 3266 3244 3221
f 3244 3267 3243
f 3246 3268 3223
f 3246 3268 3269
f 3269 3268 3246
f 3268 3269 3223
f 3223 3270 3231
f 3268 3271 3269
f 3247 2895 2897
f 3230 3272 3247
f 3232 2874 2955
f 3233 3273 3249
f 3234 3274 3235
f 3234 3249 3274
f 3275 2901 3276
f 3277 2876 3218
f 3276 2901 3277
f 2876 3277 2901
f 3278 3276 3279
f 3276 3278 3275
f 3219 3277 3218
f 3276 3219 3235
f 3219 3276 3277
f 3274 3276 3235
f 3276 3274 3279
f 3251 2876 2902
f 3251 2902 2908
f 3280 3251 2908
f 2906 3280 2908
f 3280 3253 3251
f 3255 3253 3280
f 3280 2906 3281
f 3255 3280 3281
f 2907 3281 2906
f 3282 3255 3281
f 3283 3282 3281
f 3282 3283 3255
f 3255 3283 3256
f 3281 2907 3283
f 2907 2911 3283
f 3284 2916 2917
f 3284 3283 2911
f 2916 3284 2911
f 3284 2917 3283
f 2912 2919 2917
f 3262 3283 2917
f 3256 3283 3262
f 3256 3262 3254
f 3262 3285 3254
f 3286 2917 2919
f 3254 3285 3262
f 2918 3287 3286
f 2918 2924 3287
f 2921 2925 2919
f 2925 2918 3286
f 2925 3286 2919
f 3288 2917 3286
f 3265 3289 3264
f 3263 3289 3265
f 2917 3288 3262
f 3286 3262 3288
f 3263 3262 3290
f 3263 3290 3289
f 3291 3290 3262
f 3262 3286 3291
f 3264 2924 2923
f 3287 2924 3291
f 3291 2924 3264
f 3291 3286 3287
f 3264 3289 3290
f 3264 3290 3291
f 3266 2926 3292
f 3266 2890 2926
f 3266 3292 3293
f 3244 3266 3293
f 3294 3244 3293
f 3244 3295 3267
f 3244 3294 3295
f 2891 3296 2929
f 2891 2893 3296
f 3297 2929 3296
f 2929 3297 3298
f 2893 3271 3296
f 3271 3297 3296
f 3299 3298 3297
f 3297 3298 3299
f 3268 3297 3271
f 2931 3300 2893
f 2893 3300 3271
f 3300 2931 3301
f 3301 3271 3300
f 3269 3271 3302
f 3302 3271 3301
f 3223 3302 3270
f 3302 3223 3269
f 3247 2896 2895
f 3247 3303 2896
f 3247 3272 3303
f 3231 3270 3230
f 3249 3304 3305
f 2955 3273 3233
f 3278 3249 3305
f 3249 3273 3304
f 3278 3274 3249
f 2901 2941 2900
f 2901 2900 2899
f 2941 2935 2900
f 2901 3275 2941
f 3275 3278 2941
f 3278 3305 2959
f 3274 3278 3279
f 3292 3306 3307
f 3293 3292 3307
f 3293 3307 3308
f 3308 3309 3293
f 3309 3310 3311
f 3292 2926 3306
f 3309 3294 3293
f 3309 3311 3294
f 3295 3294 3311
f 3311 3310 3295
f 2936 2929 3298
f 2936 3298 2937
f 3268 3312 3297
f 3312 3298 3297
f 3301 3313 3302
f 3303 2934 2896
f 3303 3272 2934
f 3304 2958 2959
f 3273 2955 2956
f 2956 2958 3273
f 2958 3304 3273
f 3305 3304 2959
f 2959 2942 2941
f 2959 2941 3278
f 3306 3314 3315
f 3316 3315 3314
f 3317 3306 2926
f 3317 2926 2943
f 3306 2943 3318
f 3314 3306 3317
f 3319 3314 3317
f 2943 3306 3317
f 3306 3319 3317
f 3319 3306 3314
f 3306 3318 3314
f 3308 3307 3320
f 3320 3307 3306
f 3315 3320 3306
f 3309 3308 3320
f 3320 3310 3309
f 2937 3321 2927
f 3298 3321 2937
f 3322 2927 3321
f 2944 2927 3322
f 3322 2943 2944
f 3322 3318 2943
f 3322 2944 3323
f 2944 3322 3323
f 3322 3323 3318
f 3323 3322 3321
f 3321 3324 3325
f 3324 3321 3298
f 3325 3323 3321
f 3325 3326 3323
f 3325 3324 3312
f 2964 3301 2931
f 3312 3324 3298
f 3301 2964 3313
f 3327 3230 3270
f 3302 3313 3328
f 3302 3328 3270
f 2934 3272 2953
f 3316 3329 3330
f 3319 3316 3314
f 3319 3331 3332
f 3333 3332 3334
f 3329 3316 3319
f 3319 3332 3329
f 3335 3332 3333
f 3336 3315 3316
f 3318 3331 3314
f 3331 3319 3314
f 3318 3337 3331
f 3337 3338 3331
f 3337 3339 3340
f 3337 3318 3339
f 3338 3337 3340
f 3318 3323 3339
f 3323 3326 3339
f 3341 3339 3326
f 3270 3328 3327
f 3342 3343 3344
f 3332 3331 3345
f 3338 3345 3331
f 3332 3345 3334
f 3345 3343 3333
f 3333 3334 3345
f 3344 3343 3345
f 3338 3346 3345
f 3335 3333 3343
f 3346 3338 3347
f 3338 3340 3347
f 3329 3332 3335
f 3335 3343 3342
f 3348 3347 3340
f 2978 3313 2964
f 2978 3349 3313
f 3313 3349 3350
f 3313 3350 3328
f 3328 3350 3351
f 3328 3351 3352
f 3327 3272 3230
f 3272 3327 2968
f 2953 3272 2968
f 3327 3352 2976
f 2968 3327 2976
f 3328 3352 3327
f 3352 3351 3353
f 3344 3345 3354
f 3345 3355 3354
f 3345 3346 3355
f 3346 3347 3356
f 2978 3357 3349
f 3349 3357 3350
f 2980 3352 3353
f 2976 3352 2980
f 3353 3358 2981
f 3353 2981 2980
f 3356 3355 3346
f 3359 2982 2986
f 2985 3360 2986
f 2986 3360 3359
f 3359 3360 3361
f 2659 2988 2983
f 2982 3359 2987
f 2987 3362 2988
f 2988 2989 2983
f 2989 3363 3364
f 3363 3365 3364
f 2984 3364 2991
f 3364 2984 2989
f 2991 3366 2990
f 3364 3366 2991
f 3367 2990 3366
f 3367 2993 2990
f 2994 3368 2673
f 3368 2985 2673
f 3369 3370 3368
f 3360 2985 3370
f 3370 2985 3368
f 3370 3369 3371
f 3372 2995 2992
f 3372 2997 2995
f 3373 3374 3372
f 2992 3375 3372
f 3376 3368 2994
f 3369 3368 3376
f 3377 3369 3376
f 3374 2997 3372
f 2675 2997 3378
f 3374 3378 2997
f 3379 3374 3373
f 2994 2996 3376
f 3380 3376 2996
f 2998 3380 2996
f 3377 3376 3380
f 3000 2675 3381
f 3378 3381 2675
f 3381 3005 3000
f 3382 3383 3381
f 3005 3381 3383
f 3005 3006 3003
f 3006 3005 3384
f 3005 3383 3384
f 3384 3385 3006
f 3385 3384 3383
f 3001 3007 3386
f 3387 3001 3386
f 3387 2998 3001
f 3388 3009 3004
f 3009 3388 3389
f 3390 3004 3006
f 3390 3388 3004
f 3006 3385 3390
f 3388 3390 3389
f 3391 3390 3385
f 3390 3392 3389
f 2685 3007 2679
f 2685 3393 3007
f 3013 3012 3394
f 3394 3012 3395
f 3009 3395 3012
f 3389 3395 3009
f 3395 3389 3396
f 3397 3395 3396
f 3392 3396 3389
f 3394 3395 3397
f 3396 3392 3398
f 3398 3397 3396
f 3399 3394 3397
f 2699 3017 2695
f 3016 3014 3400
f 2695 3017 2685
f 2685 3017 3393
f 3023 3401 3402
f 3401 3023 3025
f 3025 3013 3401
f 3401 3013 3394
f 3402 3401 3403
f 3404 3394 3405
f 3401 3394 3404
f 3401 3404 3406
f 3394 3399 3405
f 3407 3032 3408
f 3035 3407 3408
f 3400 3014 3409
f 3014 3019 3409
f 3019 3018 3410
f 3410 3409 3019
f 3409 3411 3400
f 3411 3409 3410
f 3018 3026 3412
f 3410 3018 3412
f 3412 3026 3413
f 3021 3414 3415
f 3026 3021 3415
f 3021 3024 3416
f 3021 3416 3414
f 3023 3403 3024
f 3023 3402 3403
f 3024 3403 3416
f 3416 3403 3417
f 3403 3401 3417
f 3032 3029 3418
f 3418 3419 3032
f 3418 3029 3420
f 3418 3421 3419
f 3422 3421 3418
f 3422 3418 3420
f 3422 3420 3423
f 3407 3035 3032
f 3424 3425 3426
f 3426 3425 3427
f 3039 3428 3040
f 3039 3429 3428
f 3429 3430 3428
f 3430 3039 3426
f 3429 3039 3430
f 3430 3426 3427
f 3427 3431 3430
f 3428 3430 3431
f 3432 3045 3040
f 3045 3433 3047
f 3040 3428 3432
f 3434 3045 3432
f 3432 3428 3434
f 3435 3434 3428
f 3436 3434 3435
f 3434 3433 3045
f 3437 3433 3438
f 3438 3433 3434
f 3439 3437 3438
f 3423 3029 3030
f 3440 3423 3030
f 3030 2495 3440
f 3420 3029 3423
f 3441 3423 3440
f 3442 3422 3423
f 3441 3442 3423
f 3440 3443 3441
f 3441 3443 3442
f 3035 3444 3037
f 3037 3444 3036
f 3444 3445 3036
f 3446 3445 3444
f 3446 3447 3445
f 3448 3051 3449
f 3449 3051 3450
f 3038 3451 3041
f 3041 3451 3426
f 3426 3451 3424
f 3451 3038 2727
f 3451 2727 3424
f 3424 2727 3051
f 3424 3051 3448
f 3452 3424 3448
f 3039 3041 3426
f 3047 3437 3048
f 3433 3437 3047
f 3437 2508 3048
f 3437 2728 2508
f 3437 3052 2728
f 3437 3453 3052
f 3052 3454 2510
f 3437 3439 3453
f 3052 3453 3455
f 3455 3454 3052
f 3454 3456 2510
f 3439 3457 3453
f 3457 3455 3453
f 2495 3055 3440
f 3055 2495 2513
f 3055 2513 3458
f 3440 3055 3458
f 3459 3443 3458
f 3458 3443 3440
f 3460 3461 3462
f 3463 3461 3460
f 3458 3056 3461
f 3463 3460 3464
f 3460 3465 3464
f 3459 3458 3461
f 3464 3459 3461
f 3463 3464 3461
f 3050 3036 3445
f 2519 3050 3466
f 3460 3050 3445
f 3050 3460 3466
f 3460 3467 3465
f 3445 3467 3460
f 3051 2726 3468
f 2726 2505 3468
f 2505 2525 3468
f 3051 3468 2525
f 3450 3051 2525
f 3450 2525 3469
f 3470 3450 3469
f 3471 3470 3469
f 3471 3469 3472
f 2511 2510 3456
f 2734 2511 3473
f 3473 2511 3456
f 3461 3056 3054
f 3056 3458 2513
f 3053 3461 3054
f 2519 3462 3053
f 3462 2519 3466
f 3460 3462 3466
f 3462 3461 3053
f 3469 2525 2524
f 3469 2524 3472
f 3472 2524 2523
f 3474 3475 3472
f 3476 3477 3478
f 3479 3476 3478
f 3476 3480 3477
f 3059 3472 2523
f 3479 3481 3476
f 3474 3472 3059
f 3479 3474 3059
f 3059 3481 3479
f 3479 3478 3474
f 3482 3483 3060
f 3058 3060 2540
f 3057 3058 2526
f 3484 3058 3057
f 3484 3060 3058
f 3485 3486 3487
f 3485 3487 3488
f 3489 3488 3487
f 3490 3491 3492
f 3492 3488 3493
f 3485 3488 3492
f 3492 3491 3485
f 3493 3488 3489
f 3493 3494 3490
f 3492 3493 3490
f 3476 3495 3486
f 3476 3481 3496
f 3485 3476 3486
f 3496 3495 3476
f 3491 3476 3485
f 3480 3491 3497
f 3480 3476 3491
f 3497 3491 3490
f 3495 3496 3092
f 3496 3481 3059
f 2737 3498 3499
f 3499 3496 2737
f 3059 2737 3496
f 3498 3500 3499
f 2737 3501 3498
f 3501 3500 3498
f 3501 3073 3500
f 3502 3500 3073
f 2747 3073 2737
f 3073 3501 2737
f 3503 3073 2749
f 3504 2368 3060
f 2368 3504 2751
f 3483 3504 3060
f 3483 3505 3504
f 3504 3505 2751
f 3080 2751 3505
f 3505 3081 3080
f 3081 3505 3506
f 3506 3507 3081
f 3065 3508 3063
f 3064 3063 3508
f 2739 3064 3509
f 2739 3510 3070
f 3511 3509 3064
f 3064 3508 3511
f 2739 3509 3510
f 3511 3512 3509
f 3511 3513 3512
f 3511 3508 3513
f 3071 3069 3072
f 3514 3071 3072
f 3072 3070 3515
f 3510 3515 3070
f 3510 3516 3515
f 3509 3512 3510
f 3071 3514 3517
f 3071 3517 3518
f 3519 3514 3072
f 3517 3514 3519
f 3072 3520 3519
f 3520 3072 3516
f 3072 3515 3516
f 3521 3489 3522
f 3517 3519 3523
f 3521 3517 3523
f 3489 3521 3523
f 3523 3493 3489
f 3523 3519 3520
f 3524 3494 3493
f 3493 3523 3524
f 3524 3523 3520
f 3094 3486 3525
f 3486 3526 3525
f 3526 3091 3525
f 3527 3486 3094
f 3487 3527 3522
f 3487 3486 3527
f 3489 3487 3522
f 3526 3528 3091
f 3528 3092 3091
f 3495 3528 3526
f 3486 3495 3526
f 3528 3495 3092
f 3499 3500 3529
f 3095 3530 3074
f 3531 2750 3075
f 3075 3074 3531
f 3530 3531 3074
f 3530 3532 3531
f 3530 3095 3532
f 3503 2749 2750
f 3531 3503 2750
f 3533 3534 3532
f 3534 3531 3532
f 3535 3533 3532
f 3534 3503 3531
f 3536 3103 3078
f 3081 3536 3078
f 3536 3537 3103
f 3538 3536 3081
f 3081 3078 3079
f 3083 3085 3084
f 3083 3106 3085
f 3065 3085 3508
f 3085 3539 3540
f 3106 3539 3085
f 3539 3106 3541
f 3508 3085 3542
f 3540 3542 3085
f 3539 3543 3540
f 3540 3543 3542
f 3541 3543 3539
f 3543 3508 3542
f 3541 3544 3543
f 3543 3513 3508
f 3513 3543 3545
f 3543 3544 3545
f 3071 3518 3088
f 3088 3518 3546
f 3088 3547 3089
f 3546 3547 3088
f 3109 3089 3547
f 3546 3518 3548
f 3518 3521 3548
f 3546 3549 3547
f 3518 3517 3521
f 3548 3549 3546
f 3549 3109 3547
f 3521 3522 3548
f 3522 3550 3548
f 3548 3550 3549
f 3549 3550 3551
f 3525 3091 3094
f 3552 3094 3090
f 3090 3115 3552
f 3552 3115 3553
f 3527 3552 3553
f 3527 3094 3552
f 3115 3551 3550
f 3553 3522 3527
f 3522 3553 3550
f 3553 3115 3550
f 3496 3117 3092
f 3499 3554 3117
f 3496 3499 3117
f 3499 3529 3554
f 3555 3554 3529
f 3555 3529 3500
f 3556 3097 3557
f 3097 3535 3095
f 3532 3095 3535
f 3535 3097 3556
f 3558 3535 3556
f 3558 3533 3535
f 3559 3558 3556
f 3558 3559 3560
f 3101 3102 3103
f 3125 3101 3103
f 2768 3103 3102
f 3561 3125 3103
f 3537 3561 3103
f 3537 3562 3561
f 3106 3105 3563
f 3107 3563 3105
f 3106 3539 3541
f 3539 3106 3541
f 3106 3563 3541
f 3563 3107 3564
f 3565 3563 3564
f 3544 3563 3565
f 3541 3563 3544
f 3107 2777 3564
f 3564 2777 3566
f 3567 3564 3566
f 3108 3109 3110
f 3566 2777 3111
f 3566 3111 3568
f 3567 3566 3568
f 3568 3111 3569
f 3111 3110 3569
f 3570 3109 3549
f 3109 3570 3110
f 3571 3110 3570
f 3110 3572 3569
f 3571 3572 3110
f 3571 3573 3572
f 3131 3551 3115
f 3115 3114 3131
f 3549 3551 3570
f 3574 3551 3131
f 3551 3571 3570
f 3551 3574 3571
f 3148 3116 3117
f 3147 3116 3148
f 3117 3554 3148
f 3157 3148 3554
f 3575 3157 3576
f 3554 3576 3157
f 3577 3554 3555
f 3577 3576 3554
f 3578 3579 3580
f 3576 3581 3575
f 3557 3097 3120
f 3121 3579 3120
f 3557 3120 3579
f 3579 3556 3557
f 3559 3556 3560
f 3560 3556 3579
f 3560 3579 3578
f 3138 3125 3561
f 3561 3139 3138
f 3582 3583 3561
f 3582 3561 3562
f 3584 3583 3582
f 3585 3131 3130
f 3574 3585 3130
f 3574 3130 3132
f 3586 3574 3132
f 3131 3585 3574
f 3587 3586 3588
f 3586 3571 3574
f 3587 3571 3586
f 3581 3157 3575
f 3581 3589 3157
f 3580 3590 3149
f 3580 3149 3591
f 3578 3580 3592
f 3592 3580 3591
f 3592 3591 3593
f 3579 3121 3590
f 3590 3121 3137
f 3590 3137 3149
f 3579 3590 3580
f 3158 3140 3139
f 3583 3158 3139
f 3583 3168 3158
f 3583 3139 3561
f 3586 3132 3129
f 3588 3129 3152
f 3129 3144 3152
f 3588 3586 3129
f 3588 3152 3164
f 3594 3587 3588
f 3587 3594 3595
f 3595 3594 3596
f 3597 3591 3149
f 3597 3149 2808
f 3597 2808 3176
f 3593 3591 3597
f 3593 3597 3598
f 3584 3168 3583
f 3599 3168 3584
f 3599 3600 3168
f 3588 3164 3163
f 3588 3163 3596
f 3594 3588 3596
f 3601 3174 3155
f 3157 3601 3155
f 3589 3601 3157
f 3602 3603 3589
f 3603 3604 3589
f 3603 3605 3604
f 3164 3152 3161
f 3606 3607 3608
f 3605 3609 3604
f 3610 3609 3611
f 3611 3609 3605
f 3589 3604 3601
f 3597 3176 3175
f 3598 3597 3175
f 3612 3598 3175
f 3612 3613 3614
f 3615 3198 3197
f 3596 3616 3607
f 3617 3174 3601
f 3618 3601 3604
f 3618 3617 3601
f 3618 3609 3617
f 3604 3609 3618
f 3612 3175 3177
f 3613 3612 3177
f 3619 3620 3621
f 3180 3181 3196
f 3197 3196 3181
f 3600 3181 3168
f 3600 3197 3181
f 3188 3596 3163
f 3596 3188 3616
f 3188 3190 3616
f 3616 3190 3608
f 3608 3607 3616
f 3622 3610 3608
f 3617 3623 3192
f 3174 3617 3192
f 3609 3623 3617
f 3608 3609 3610
f 3623 3609 3608
f 3608 3624 3623
f 3610 3622 3608
f 3613 3177 3186
f 3613 3186 3625
f 3613 3620 3614
f 3620 3625 3621
f 3613 3625 3620
f 3626 3627 3198
f 3188 3163 3189
f 3608 3190 3622
f 3628 3624 3622
f 3192 3623 3193
f 3624 3212 3623
f 3622 3624 3608
f 3625 3186 3194
f 3194 3629 3625
f 3629 3194 3202
f 3625 3629 3630
f 3625 3630 3621
f 3621 3630 3217
f 3631 3217 3632
f 3631 3621 3217
f 3633 3627 3634
f 3634 3635 3633
f 3636 3631 3250
f 3636 3250 3236
f 3198 3627 3206
f 3622 3637 3628
f 3193 3623 3201
f 3628 3212 3624
f 3202 3216 3629
f 3630 3216 3217
f 3629 3216 3630
f 3631 3632 3250
f 3632 3217 3250
f 3622 3638 3637
f 3190 3226 3622
f 3622 3226 3638
f 3210 3623 3212
f 3623 3210 3201
f 3637 3224 3211
f 3628 3637 3212
f 3212 3637 3211
f 3633 3219 3627
f 3219 3633 3236
f 3635 3236 3633
f 3219 3206 3627
f 3190 3207 3639
f 3207 3243 3639
f 3222 3224 3638
f 3638 3224 3637
f 3190 3639 3226
f 3226 3222 3638
f 3211 3215 3212
f 3234 3236 3250
f 3219 3236 3235
f 3639 3267 3226
f 3226 3267 3246
f 3639 3243 3267
f 3246 3267 3640
f 3246 3640 3268
f 3268 3640 3312
f 3267 3295 3641
f 3267 3641 3312
f 3312 3640 3267
f 3312 3642 3325
f 3641 3295 3643
f 3312 3641 3643
f 3312 3643 3642
f 3310 3642 3295
f 3295 3642 3643
f 3315 3644 3320
f 3315 3645 3644
f 3320 3644 3646
f 3310 3646 3642
f 3320 3646 3310
f 3326 3642 3647
f 3326 3325 3642
f 3647 3341 3326
f 3642 3646 3647
f 3648 3649 3650
f 3649 3651 3650
f 3651 3649 3652
f 3652 3653 3651
f 3651 3653 3654
f 3649 3655 3653
f 3652 3649 3653
f 3336 3316 3330
f 3330 3329 3648
f 3648 3650 3330
f 3330 3650 3651
f 3656 3336 3657
f 3336 3330 3657
f 3657 3330 3651
f 3651 3654 3657
f 3654 3658 3657
f 3658 3659 3660
f 3315 3656 3645
f 3336 3656 3315
f 3644 3645 3661
f 3657 3645 3656
f 3657 3661 3645
f 3658 3661 3657
f 3662 3661 3658
f 3661 3662 3647
f 3662 3660 3647
f 3663 3661 3660
f 3658 3660 3662
f 3341 3664 3339
f 3341 3665 3664
f 3341 3647 3663
f 3341 3663 3665
f 3661 3646 3644
f 3646 3661 3647
f 3660 3661 3647
f 3647 3661 3663
f 3650 3648 3329
f 3650 3649 3648
f 3666 3667 3649
f 3666 3649 3650
f 3667 3668 3649
f 3655 3649 3668
f 3669 3655 3668
f 3667 3669 3668
f 3669 3667 3670
f 3667 3666 3670
f 3650 3329 3671
f 3335 3672 3329
f 3671 3329 3672
f 3672 3343 3673
f 3672 3335 3343
f 3342 3672 3343
f 3672 3673 3343
f 3342 3344 3674
f 3672 3342 3674
f 3650 3671 3666
f 3666 3671 3672
f 3674 3673 3672
f 3672 3673 3675
f 3673 3674 3676
f 3675 3671 3672
f 3672 3677 3670
f 3672 3670 3666
f 3659 3663 3660
f 3672 3659 3677
f 3659 3672 3671
f 3343 3335 3342
f 3675 3673 3663
f 3673 3676 3663
f 3663 3659 3675
f 3659 3671 3675
f 3664 3340 3339
f 3665 3678 3664
f 3678 3340 3664
f 3678 3348 3340
f 3665 3663 3678
f 3679 3674 3344
f 3679 3344 3354
f 3674 3679 3676
f 3676 3679 3680
f 3347 3678 3681
f 3678 3347 3348
f 3347 3681 3356
f 3678 3663 3681
f 3681 3663 3676
f 3682 3361 3360
f 3683 3361 3682
f 3359 3684 2987
f 3361 3684 3359
f 2987 3684 3685
f 2987 3685 3362
f 3684 3361 3685
f 3685 3686 3362
f 3361 3683 3685
f 3687 3686 3685
f 3685 3683 3687
f 2989 3688 3363
f 3688 2989 2988
f 3365 3363 3688
f 2988 3362 3688
f 3364 3365 3366
f 3365 3689 3366
f 3689 3367 3366
f 3682 3360 3370
f 3682 3370 3371
f 3682 3371 3683
f 3690 3371 3691
f 3683 3371 3692
f 2993 3375 2992
f 3373 3372 3375
f 3373 3375 3693
f 3369 3377 3380
f 3691 3371 3369
f 3369 3380 3694
f 3369 3694 3695
f 3695 3691 3369
f 3695 3690 3691
f 3374 3379 3378
f 3696 3379 3373
f 3379 3697 3378
f 3380 3698 3694
f 3699 3695 3694
f 3381 3378 3382
f 3382 3378 3700
f 3701 3382 3700
f 3697 3700 3378
f 3702 2998 3387
f 3702 3380 2998
f 3380 3702 3698
f 3702 3387 3703
f 3698 3702 3703
f 3698 3699 3694
f 3704 3385 3383
f 3382 3704 3383
f 3704 3705 3385
f 3387 3386 3703
f 3391 3392 3390
f 3391 3706 3392
f 3705 3391 3385
f 3706 3391 3705
f 3707 3706 3705
f 3386 3708 3703
f 3709 3397 3398
f 3709 3399 3397
f 3392 3709 3398
f 3710 3399 3709
f 3711 3399 3710
f 3707 3392 3706
f 3707 3710 3392
f 3710 3709 3392
f 3393 3708 3007
f 3007 3708 3386
f 3708 3393 3712
f 3017 3712 3393
f 3713 3712 3017
f 3714 3708 3712
f 3714 3712 3713
f 3715 3406 3404
f 3715 3404 3716
f 3716 3717 3718
f 3716 3405 3399
f 3711 3716 3399
f 3716 3404 3405
f 3716 3719 3717
f 3720 3721 3422
f 3720 3422 3722
f 3723 3722 3422
f 3419 3421 3721
f 3721 3421 3422
f 3408 3724 3035
f 3016 3400 3725
f 3017 3016 3725
f 3713 3017 3725
f 3725 3400 3411
f 3411 3410 3726
f 3411 3713 3725
f 3727 3713 3411
f 3727 3411 3726
f 3410 3412 3726
f 3728 3727 3726
f 3726 3729 3728
f 3728 3726 3412
f 3412 3726 3728
f 3413 3026 3415
f 3415 3414 3416
f 3415 3416 3730
f 3413 3415 3436
f 3436 3415 3730
f 3730 3417 3731
f 3416 3417 3730
f 3401 3406 3417
f 3732 3417 3406
f 3731 3417 3732
f 3406 3715 3732
f 3715 3716 3718
f 3715 3718 3732
f 3723 3422 3442
f 3723 3442 3443
f 3733 3723 3443
f 3734 3735 3445
f 3736 3737 3738
f 3739 3736 3738
f 3427 3425 3726
f 3425 3424 3740
f 3740 3424 3452
f 3425 3740 3741
f 3726 3425 3741
f 3452 3738 3740
f 3742 3740 3738
f 3742 3729 3741
f 3741 3729 3726
f 3742 3741 3740
f 3737 3742 3738
f 3728 3729 3727
f 3729 3742 3743
f 3729 3743 3727
f 3736 3742 3737
f 3743 3742 3736
f 3431 3413 3428
f 3427 3726 3431
f 3726 3412 3431
f 3412 3413 3431
f 3435 3428 3413
f 3434 3436 3438
f 3436 3435 3413
f 3744 3439 3438
f 3730 3438 3436
f 3730 3744 3438
f 3731 3745 3744
f 3731 3744 3730
f 3746 3439 3744
f 3746 3744 3745
f 3747 3457 3439
f 3746 3747 3439
f 3457 3747 3748
f 3749 3747 3746
f 3749 3748 3747
f 3748 3749 3750
f 3733 3443 3751
f 3751 3752 3753
f 3446 3754 3447
f 3754 3734 3447
f 3445 3447 3734
f 3753 3752 3465
f 3445 3735 3467
f 3467 3735 3465
f 3465 3735 3753
f 3755 3751 3756
f 3751 3753 3756
f 3756 3753 3735
f 3757 3450 3758
f 3757 3449 3450
f 3449 3759 3738
f 3738 3448 3449
f 3449 3757 3759
f 3739 3738 3759
f 3760 3739 3759
f 3760 3759 3757
f 3738 3452 3448
f 3456 3454 3761
f 3455 3457 3454
f 3761 3473 3456
f 3748 3454 3457
f 3750 3454 3748
f 3761 3454 3750
f 3762 3473 3761
f 3473 3762 3763
f 3752 3464 3465
f 3752 3443 3459
f 3464 3752 3459
f 3443 3752 3751
f 3758 3450 3470
f 3764 3470 3471
f 3765 3758 3470
f 3757 3758 3765
f 3764 3765 3470
f 3760 3757 3765
f 3766 3760 3765
f 3767 3765 3764
f 2734 3473 3763
f 3057 2734 3768
f 2734 3763 3768
f 3769 3770 3771
f 3772 3771 3770
f 3471 3472 3475
f 3769 3771 3773
f 3773 3771 3774
f 3774 3474 3773
f 3767 3475 3775
f 3775 3475 3474
f 3775 3474 3774
f 3774 3771 3775
f 3767 3764 3471
f 3475 3767 3471
f 3775 3771 3772
f 3772 3776 3775
f 3777 3778 3779
f 3477 3480 3497
f 3780 3477 3497
f 3477 3769 3773
f 3781 3769 3477
f 3781 3477 3780
f 3781 3780 3777
f 3777 3780 3497
f 3769 3782 3770
f 3782 3769 3781
f 3782 3781 3777
f 3777 3779 3783
f 3474 3478 3773
f 3477 3773 3478
f 3484 3482 3060
f 3524 3784 3494
f 3494 3784 3785
f 3778 3497 3490
f 3777 3497 3778
f 3786 3778 3490
f 3494 3785 3490
f 3490 3785 3786
f 3778 3786 3785
f 3786 3778 3785
f 3779 3778 3786
f 3779 3786 3787
f 3787 3786 3785
f 3534 3788 3073
f 3503 3534 3073
f 3073 3788 3502
f 3483 3506 3505
f 3507 3506 3789
f 3510 3512 3516
f 3790 3512 3513
f 3512 3790 3791
f 3516 3784 3520
f 3512 3792 3516
f 3516 3792 3784
f 3792 3793 3794
f 3512 3793 3792
f 3793 3795 3794
f 3793 3512 3791
f 3791 3796 3793
f 3524 3520 3784
f 3794 3785 3784
f 3784 3792 3794
f 3794 3797 3785
f 3785 3797 3798
f 3795 3797 3794
f 3500 3502 3555
f 3788 3799 3800
f 3800 3799 3801
f 3802 3799 3803
f 3803 3799 3788
f 3802 3801 3799
f 3788 3534 3533
f 3788 3800 3502
f 3788 3533 3803
f 3803 3804 3805
f 3538 3537 3536
f 3507 3538 3081
f 3545 3544 3806
f 3806 3544 3807
f 3544 3808 3807
f 3806 3790 3545
f 3790 3513 3545
f 3791 3790 3806
f 3809 3791 3806
f 3810 3791 3809
f 3806 3807 3811
f 3806 3811 3809
f 3812 3809 3811
f 3796 3791 3810
f 3810 3809 3812
f 3502 3577 3555
f 3813 3576 3577
f 3800 3577 3502
f 3800 3801 3577
f 3801 3813 3577
f 3814 3815 3801
f 3804 3533 3558
f 3803 3533 3804
f 3805 3558 3816
f 3816 3558 3560
f 3805 3804 3558
f 3817 3816 3560
f 3818 3805 3816
f 3805 3818 3819
f 3818 3816 3820
f 3538 3562 3537
f 3821 3582 3562
f 3821 3562 3538
f 3822 3821 3538
f 3822 3823 3821
f 3564 3567 3565
f 3808 3544 3807
f 3565 3807 3544
f 3807 3565 3567
f 3807 3567 3824
f 3825 3567 3568
f 3824 3567 3825
f 3826 3825 3568
f 3807 3824 3825
f 3807 3825 3811
f 3811 3825 3827
f 3825 3828 3827
f 3572 3573 3829
f 3569 3572 3826
f 3826 3572 3830
f 3572 3829 3830
f 3569 3826 3568
f 3831 3830 3832
f 3830 3829 3832
f 3828 3825 3826
f 3831 3828 3826
f 3830 3831 3826
f 3571 3833 3573
f 3833 3829 3573
f 3832 3833 3834
f 3834 3833 3835
f 3832 3829 3833
f 3836 3837 3833
f 3837 3838 3833
f 3838 3839 3835
f 3838 3835 3833
f 3837 3839 3838
f 3836 3839 3837
f 3840 3839 3836
f 3815 3602 3576
f 3814 3841 3842
f 3814 3842 3815
f 3841 3843 3842
f 3841 3844 3843
f 3813 3581 3576
f 3578 3592 3845
f 3845 3592 3593
f 3801 3815 3813
f 3815 3576 3813
f 3846 3578 3845
f 3847 3846 3845
f 3817 3560 3578
f 3578 3846 3817
f 3816 3817 3820
f 3820 3817 3847
f 3847 3817 3846
f 3848 3584 3582
f 3821 3848 3582
f 3849 3599 3848
f 3849 3848 3823
f 3823 3848 3821
f 3850 3849 3823
f 3833 3571 3587
f 3833 3851 3836
f 3607 3852 3840
f 3836 3607 3840
f 3813 3576 3581
f 3576 3602 3581
f 3602 3589 3581
f 3853 3815 3842
f 3815 3853 3602
f 3593 3854 3845
f 3847 3845 3854
f 3854 3855 3847
f 3855 3854 3856
f 3599 3584 3848
f 3849 3600 3599
f 3833 3587 3595
f 3595 3851 3833
f 3851 3595 3607
f 3596 3607 3595
f 3857 3851 3607
f 3851 3857 3836
f 3836 3857 3607
f 3852 3607 3606
f 3852 3606 3611
f 3611 3858 3852
f 3842 3843 3858
f 3858 3853 3842
f 3852 3858 3843
f 3852 3844 3840
f 3843 3844 3852
f 3602 3853 3603
f 3614 3598 3612
f 3598 3854 3593
f 3854 3598 3856
f 3856 3598 3614
f 3856 3614 3619
f 3856 3619 3859
f 3849 3615 3600
f 3850 3860 3849
f 3605 3853 3858
f 3605 3603 3853
f 3858 3611 3605
f 3619 3631 3859
f 3615 3197 3600
f 3849 3626 3615
f 3860 3626 3849
f 3861 3626 3860
f 3606 3608 3611
f 3610 3611 3608
f 3862 3627 3861
f 3631 3636 3862
f 3615 3626 3198
f 3627 3626 3861
f 3620 3619 3614
f 3631 3619 3621
f 3862 3634 3627
f 3636 3635 3862
f 3634 3862 3635
f 3236 3635 3636
f 3654 3653 3655
f 3655 3863 3654
f 3863 3658 3654
f 3655 3669 3863
f 3863 3669 3670
f 3659 3670 3677
f 3863 3670 3659
f 3658 3863 3659
f 3686 3864 3362
f 3687 3864 3686
f 3362 3865 3688
f 3865 3365 3688
f 3362 3864 3865
f 3864 3866 3865
f 3865 3867 3365
f 3365 3868 3689
f 3867 3868 3365
f 3367 3689 3869
f 3869 2993 3367
f 3870 3692 3371
f 3690 3870 3371
f 3683 3692 3687
f 3871 3687 3692
f 3696 3373 3693
f 3693 3375 3872
f 3375 3873 3872
f 3872 3696 3693
f 3870 3690 3874
f 3874 3690 3695
f 3875 3874 3695
f 3696 3697 3379
f 3876 3875 3695
f 3699 3876 3695
f 3704 3382 3701
f 3697 3701 3700
f 3698 3877 3699
f 3703 3877 3698
f 3878 3877 3703
f 3699 3877 3878
f 3704 3879 3705
f 3880 3704 3701
f 3880 3879 3704
f 3703 3881 3878
f 3705 3879 3707
f 3879 3882 3707
f 3883 3707 3882
f 3703 3708 3884
f 3884 3885 3703
f 3881 3703 3885
f 3886 3710 3707
f 3886 3711 3710
f 3883 3886 3707
f 3887 3886 3883
f 3888 3886 3887
f 3889 3722 3890
f 3724 3891 3035
f 3444 3035 3891
f 3891 3446 3444
f 3708 3714 3884
f 3892 3884 3714
f 3893 3884 3892
f 3894 3884 3893
f 3719 3716 3711
f 3718 3717 3719
f 3718 3719 3895
f 3896 3719 3711
f 3719 3896 3895
f 3897 3895 3896
f 3896 3898 3897
f 3711 3886 3899
f 3896 3711 3899
f 3896 3899 3898
f 3733 3900 3723
f 3722 3723 3890
f 3900 3890 3723
f 3900 3733 3755
f 3889 3890 3900
f 3734 3754 3446
f 3901 3902 3735
f 3903 3901 3734
f 3901 3904 3902
f 3727 3714 3713
f 3905 3714 3727
f 3727 3728 3905
f 3905 3728 3727
f 3892 3714 3905
f 3732 3906 3731
f 3718 3906 3732
f 3906 3718 3907
f 3897 3895 3718
f 3718 3895 3907
f 3718 3895 3897
f 3755 3733 3751
f 3755 3756 3908
f 3735 3902 3909
f 3735 3909 3756
f 3900 3755 3910
f 3909 3908 3756
f 3755 3908 3910
f 3901 3735 3734
f 3911 3736 3739
f 3739 3912 3911
f 3736 3727 3743
f 3736 3911 3905
f 3727 3736 3905
f 3731 3746 3745
f 3906 3746 3731
f 3746 3906 3749
f 3749 3913 3750
f 3749 3906 3913
f 3914 3913 3906
f 3915 3750 3913
f 3750 3915 3762
f 3916 3762 3915
f 3917 3739 3760
f 3912 3739 3917
f 3918 3917 3760
f 3918 3760 3917
f 3918 3912 3917
f 3918 3917 3919
f 3766 3919 3917
f 3761 3750 3762
f 3916 3763 3762
f 3766 3765 3920
f 3920 3765 3767
f 3920 3767 3776
f 3917 3760 3766
f 3776 3921 3920
f 3920 3919 3766
f 3920 3921 3919
f 3484 3057 3768
f 3770 3922 3923
f 3770 3923 3772
f 3776 3767 3775
f 3924 3776 3772
f 3925 3921 3776
f 3926 3925 3924
f 3925 3776 3924
f 3926 3924 3772
f 3772 3923 3926
f 3926 3923 3925
f 3927 3921 3925
f 3923 3928 3925
f 3782 3777 3783
f 3783 3779 3782
f 3922 3770 3782
f 3922 3782 3929
f 3930 3929 3782
f 3779 3930 3782
f 3929 3923 3922
f 3923 3929 3931
f 3930 3931 3929
f 3930 3932 3931
f 3933 3483 3482
f 3483 3934 3789
f 3933 3934 3483
f 3934 3935 3789
f 3779 3787 3936
f 3787 3785 3798
f 3787 3798 3937
f 3938 3787 3937
f 3936 3787 3939
f 3936 3939 3940
f 3779 3936 3940
f 3940 3939 3941
f 3779 3942 3930
f 3942 3940 3943
f 3779 3940 3942
f 3940 3941 3943
f 3942 3943 3930
f 3941 3944 3943
f 3943 3944 3932
f 3932 3944 3945
f 3943 3932 3930
f 3946 3947 3803
f 3948 3932 3945
f 3949 3803 3805
f 3803 3950 3946
f 3949 3950 3803
f 3951 3538 3507
f 3951 3952 3538
f 3953 3952 3951
f 3951 3954 3953
f 3506 3483 3789
f 3951 3507 3789
f 3789 3954 3951
f 3795 3793 3796
f 3796 3955 3795
f 3795 3955 3797
f 3797 3937 3798
f 3797 3955 3937
f 3937 3955 3956
f 3938 3937 3956
f 3787 3938 3939
f 3941 3939 3957
f 3938 3958 3939
f 3958 3957 3939
f 3958 3938 3956
f 3956 3959 3958
f 3944 3941 3957
f 3948 3945 3841
f 3944 3957 3945
f 3802 3947 3801
f 3947 3802 3803
f 3947 3960 3948
f 3947 3946 3960
f 3949 3805 3961
f 3961 3805 3819
f 3962 3963 3961
f 3952 3822 3538
f 3953 3822 3952
f 3953 3964 3822
f 3811 3965 3812
f 3812 3965 3810
f 3810 3965 3827
f 3796 3810 3966
f 3810 3827 3966
f 3966 3827 3967
f 3796 3966 3955
f 3966 3967 3968
f 3955 3966 3968
f 3968 3967 3969
f 3955 3968 3956
f 3956 3970 3959
f 3968 3970 3956
f 3970 3971 3972
f 3970 3968 3971
f 3968 3969 3835
f 3971 3968 3835
f 3839 3840 3945
f 3958 3972 3957
f 3957 3972 3945
f 3839 3972 3971
f 3835 3839 3971
f 3972 3839 3945
f 3959 3970 3958
f 3958 3970 3972
f 3841 3947 3948
f 3814 3947 3841
f 3945 3844 3841
f 3947 3814 3801
f 3961 3819 3818
f 3820 3973 3818
f 3962 3961 3818
f 3962 3818 3973
f 3962 3973 3974
f 3975 3974 3976
f 3964 3823 3822
f 3964 3850 3823
f 3977 3850 3964
f 3953 3978 3964
f 3978 3977 3964
f 3811 3827 3965
f 3827 3831 3967
f 3828 3831 3827
f 3967 3831 3969
f 3832 3834 3835
f 3832 3969 3831
f 3835 3969 3832
f 3945 3840 3844
f 3820 3847 3855
f 3820 3855 3973
f 3974 3855 3976
f 3973 3855 3974
f 3976 3855 3979
f 3979 3980 3976
f 3976 3980 3981
f 3977 3982 3850
f 3977 3983 3982
f 3982 3983 3984
f 3985 3983 3977
f 3855 3859 3979
f 3979 3859 3980
f 3986 3987 3988
f 3988 3989 3984
f 3987 3986 3980
f 3986 3988 3990
f 3988 3984 3990
f 3850 3982 3860
f 3982 3991 3860
f 3984 3989 3991
f 3991 3982 3984
f 3856 3859 3855
f 3861 3860 3991
f 3989 3861 3991
f 3980 3859 3631
f 3862 3861 3989
f 3980 3631 3987
f 3987 3631 3988
f 3862 3989 3988
f 3862 3988 3631
f 3687 3992 3993
f 3864 3687 3993
f 3992 3994 3993
f 3866 3867 3865
f 3995 3866 3864
f 3871 3692 3996
f 3996 3692 3870
f 3997 3998 3871
f 3997 3871 3996
f 3687 3871 3992
f 3992 3871 3994
f 3871 3998 3994
f 3375 2993 3873
f 3869 3873 2993
f 3696 3872 3999
f 3996 3870 3874
f 4000 3874 3875
f 4000 3875 3876
f 4001 3874 4000
f 3996 3874 4001
f 4002 4001 4003
f 4002 4004 4001
f 4004 3996 4001
f 4001 4000 4003
f 3697 3696 4005
f 3878 3876 3699
f 3876 3878 4006
f 4006 3878 4007
f 4000 3876 4006
f 4003 4000 4006
f 3419 4008 4009
f 4007 4003 4006
f 4003 4007 4010
f 4011 3880 3701
f 4009 4012 3891
f 3032 3419 4009
f 4013 3891 4012
f 4009 3408 3032
f 4009 4008 4012
f 4007 3878 3894
f 3894 3878 3881
f 4010 4007 3894
f 3879 4014 3882
f 4015 3882 4014
f 3880 4014 3879
f 4015 3883 3882
f 3724 3408 4009
f 4009 3891 3724
f 3885 3894 3881
f 4016 3894 4017
f 4010 3894 4016
f 3883 4018 3887
f 4015 4018 3883
f 4018 4019 3887
f 3889 4020 4021
f 4020 4022 4023
f 4024 4021 4020
f 4023 4024 4020
f 4025 3904 3903
f 3904 4025 4026
f 4023 4022 4024
f 4027 4024 4022
f 4027 4022 4028
f 3891 3734 3446
f 3903 3734 3891
f 3894 3885 3884
f 3893 4017 3894
f 4017 3893 4029
f 4016 4017 4029
f 3888 3899 3886
f 4019 3888 3887
f 4030 3899 3888
f 4030 4031 3899
f 4031 3898 3899
f 4032 3889 3900
f 4032 3900 3910
f 4033 4020 3889
f 4034 4026 4022
f 4035 4032 3910
f 4033 4036 4020
f 4020 4036 4022
f 3904 3901 3903
f 4022 4026 4028
f 4028 4026 4037
f 4038 3902 3904
f 3904 4039 4038
f 3904 4026 4039
f 4026 4034 4039
f 3893 3892 4040
f 3892 4041 4040
f 3892 3905 4041
f 3911 4041 3905
f 4041 4029 4040
f 4029 3893 4040
f 4042 4029 4041
f 3907 4043 3906
f 3907 3895 4043
f 4031 3895 3897
f 3895 4031 4043
f 3898 4031 3897
f 4044 3909 3902
f 3908 3909 4044
f 4045 3908 4044
f 4035 3910 3908
f 4046 4044 4038
f 4035 4045 4044
f 3908 4045 4035
f 4047 4035 4044
f 4038 4044 3902
f 4048 4049 3912
f 4041 3911 4042
f 4049 3911 3912
f 3915 3913 4043
f 3914 3906 4043
f 3913 3914 4043
f 3918 4050 4051
f 3919 4050 3918
f 4048 3912 3918
f 4048 3918 4051
f 4050 4052 4051
f 4053 4049 4048
f 4053 4048 4051
f 4054 4051 4052
f 3768 3763 4055
f 4056 3768 4055
f 4056 4057 3768
f 3921 4058 3919
f 3927 4058 3921
f 4052 4050 4059
f 4059 4050 4058
f 4050 3919 4058
f 4059 4058 4060
f 4054 4052 4059
f 4060 4058 3927
f 4057 3484 3768
f 4061 4062 3484
f 3925 3928 4063
f 3923 4063 3928
f 3927 3925 4063
f 3927 4063 4064
f 4065 3933 4066
f 4062 3482 3484
f 4066 3933 3482
f 4066 3482 4062
f 3923 3931 4063
f 4067 3931 3932
f 4063 3931 4068
f 3931 4067 4068
f 4067 3932 4068
f 3932 3948 4068
f 3948 3960 4068
f 4069 3960 3946
f 4063 4068 3960
f 4064 4063 4070
f 4070 4063 3960
f 4070 3960 4071
f 4069 4072 3960
f 4072 4071 3960
f 4073 4072 4069
f 3933 4065 3934
f 3935 3934 4065
f 4074 3935 4065
f 3950 3949 3963
f 4069 3950 3963
f 4069 3946 3950
f 4069 4075 4073
f 4075 4069 3963
f 4073 4075 3963
f 3963 4076 4073
f 4076 3963 4077
f 4076 4077 4078
f 4079 4073 4076
f 3789 4080 3954
f 3953 3954 4080
f 4080 3978 3953
f 4081 3978 4080
f 3789 3935 4080
f 3961 3963 3949
f 3963 3962 4077
f 3962 3975 4077
f 3975 4082 4077
f 4077 4082 4078
f 4078 4082 4083
f 4082 4084 4083
f 4084 4085 4086
f 4087 4088 4089
f 4090 4089 4091
f 4088 3985 4091
f 4089 4088 4091
f 3976 4092 3975
f 3974 3975 3962
f 4092 3976 3981
f 3975 4092 4082
f 3981 4082 4092
f 3990 4085 3986
f 4082 3981 4084
f 4084 3981 3986
f 4084 3986 4085
f 3978 3985 3977
f 3985 3990 3983
f 3990 3985 4087
f 3990 4087 4085
f 4087 3985 4088
f 4085 4087 4086
f 3985 3978 4091
f 3986 3981 3980
f 3990 3984 3983
f 3993 3995 3864
f 3993 3994 4093
f 3993 4093 3995
f 3866 4094 3867
f 4094 4095 3867
f 3998 3997 4096
f 3998 4096 4097
f 4097 4096 4098
f 4098 4096 4099
f 3994 3998 4093
f 3997 3996 4004
f 4100 4002 4003
f 4004 4096 3997
f 4100 4004 4002
f 4099 4096 4004
f 4101 4099 4004
f 4100 4003 4102
f 4103 4100 4102
f 4103 4004 4100
f 3419 3721 4008
f 4104 4008 3721
f 3720 3722 4021
f 3721 3720 4021
f 4105 4104 3721
f 4106 4105 3721
f 3721 4021 4107
f 4107 4106 3721
f 4106 4107 4021
f 4104 4105 4008
f 4105 4012 4008
f 4102 4003 4108
f 4014 3880 4011
f 3701 4109 4011
f 4109 4014 4011
f 3889 4021 3722
f 4013 3903 3891
f 4013 4105 4110
f 4110 3903 4013
f 4025 3903 4110
f 4028 4037 4027
f 4105 4025 4110
f 4024 4106 4021
f 4106 4025 4105
f 4024 4027 4106
f 4013 4012 4105
f 4111 4015 4014
f 4025 4037 4026
f 4108 4003 4112
f 4010 4016 4113
f 4112 4003 4010
f 4112 4010 4113
f 4114 4018 4015
f 4111 4114 4015
f 4114 4019 4018
f 4049 4016 4029
f 4113 4016 4115
f 4115 4016 4049
f 4113 4115 4116
f 4019 4030 3888
f 4117 4031 4030
f 4118 4030 4019
f 4118 4117 4030
f 4032 4119 3889
f 4119 4032 4035
f 4119 4035 4120
f 4121 4119 4120
f 4122 4123 4121
f 3889 4121 4033
f 4034 4022 4036
f 4124 4036 4033
f 4121 4124 4033
f 4034 4124 4039
f 4121 3889 4119
f 4124 4034 4036
f 4124 4125 4039
f 4039 4125 4126
f 4124 4127 4125
f 4127 4128 4125
f 4128 4126 4125
f 4121 4123 4124
f 4124 4123 4129
f 4039 4126 4038
f 4049 4029 4042
f 4043 4031 4130
f 4031 4131 4130
f 4132 4043 4130
f 4133 4130 4131
f 4132 4130 4133
f 4117 4131 4031
f 4134 4133 4131
f 4120 4047 4135
f 4122 4121 4120
f 4136 4120 4122
f 4120 4135 4122
f 4047 4044 4137
f 4137 4044 4046
f 4138 4046 4038
f 4128 4138 4038
f 4120 4035 4047
f 4135 4047 4137
f 4137 4046 4138
f 4126 4128 4038
f 4049 4042 3911
f 4139 4049 4053
f 4140 4049 4139
f 4055 3763 3916
f 4043 4132 3915
f 3916 3915 4141
f 4141 4055 3916
f 4141 3915 4132
f 4142 4055 4141
f 4143 4055 4142
f 4134 4132 4133
f 4141 4132 4134
f 4054 4053 4051
f 4143 4056 4055
f 4056 4144 4057
f 4145 4059 4060
f 4059 4146 4054
f 4059 4145 4147
f 4145 4148 4147
f 4147 4146 4059
f 4061 4057 4144
f 4061 3484 4057
f 4066 4062 4061
f 4061 4144 4066
f 4064 4149 3927
f 4149 4064 4070
f 4060 3927 4149
f 4145 4060 4148
f 4148 4149 4070
f 4148 4060 4149
f 4150 4148 4070
f 4065 4066 4151
f 4066 4152 4151
f 4153 4151 4152
f 4066 4154 4152
f 4070 4071 4150
f 4071 4072 4150
f 4155 4156 4080
f 4090 4081 4157
f 4081 4156 4157
f 4156 4081 4080
f 4090 4157 4158
f 4158 4157 4156
f 4065 4151 4074
f 4074 4080 3935
f 4080 4074 4155
f 4074 4153 4155
f 4151 4153 4074
f 4153 4159 4155
f 4079 4160 4073
f 4076 4078 4079
f 4078 4083 4160
f 4078 4160 4079
f 4160 4083 4086
f 4086 4161 4162
f 4162 4160 4086
f 4162 4163 4160
f 4164 4162 4161
f 4158 4164 4090
f 4158 4165 4164
f 4165 4166 4162
f 4164 4165 4162
f 4081 4091 3978
f 4090 4091 4081
f 4083 4084 4086
f 4087 4089 4090
f 4164 4086 4087
f 4164 4087 4090
f 4161 4086 4164
f 4093 4167 4168
f 4168 3995 4093
f 4169 3995 4168
f 4167 4169 4168
f 4167 4170 4169
f 4169 3866 3995
f 4169 4171 3866
f 4171 4094 3866
f 4171 4095 4094
f 4170 4171 4169
f 4172 4095 4171
f 3867 4173 3868
f 4174 3868 4173
f 4095 4173 3867
f 4095 4175 4173
f 4174 3689 3868
f 4176 4098 4099
f 4098 4177 4097
f 4098 4178 4177
f 4178 4098 4176
f 4176 4179 4178
f 4097 4093 3998
f 4097 4167 4093
f 4177 4167 4097
f 4180 4170 4167
f 4167 4177 4180
f 3869 3689 4181
f 4099 4101 4176
f 4101 4182 4176
f 4182 4101 4183
f 4101 4004 4184
f 4182 4183 4176
f 4179 4176 4183
f 4005 3696 4185
f 4185 3696 3999
f 4103 4184 4004
f 4186 4103 4102
f 4186 4102 4187
f 4188 3697 4005
f 3701 3697 4188
f 4102 4108 4187
f 4037 4106 4027
f 4025 4106 4037
f 4111 4014 4109
f 4112 4189 4108
f 4108 4189 4187
f 4112 4113 4116
f 4189 4112 4116
f 4190 4114 4111
f 4019 4114 4190
f 4189 4116 4191
f 4116 4115 4191
f 4122 4192 4123
f 4123 4192 4193
f 4129 4123 4193
f 4193 4127 4129
f 4127 4124 4129
f 4193 4192 4123
f 4192 4193 4123
f 4194 4115 4049
f 4194 4049 4195
f 4196 4115 4194
f 4191 4115 4196
f 4197 4134 4131
f 4131 4117 4197
f 4136 4122 4120
f 4136 4122 4135
f 4122 4136 4192
f 4136 4135 4198
f 4199 4192 4136
f 4136 4198 4199
f 4199 4198 4135
f 4199 4135 4200
f 4199 4200 4192
f 4137 4138 4135
f 4201 4138 4128
f 4127 4201 4128
f 4192 4127 4193
f 4192 4200 4201
f 4201 4127 4192
f 4139 4053 4054
f 4140 4195 4049
f 4140 4202 4195
f 4140 4139 4203
f 4194 4195 4202
f 4140 4203 4204
f 4202 4140 4204
f 4194 4202 4205
f 4141 4134 4197
f 4142 4141 4197
f 4206 4143 4142
f 4207 4142 4197
f 4135 4138 4201
f 4135 4201 4200
f 4139 4054 4203
f 4146 4203 4054
f 4203 4146 4208
f 4204 4203 4208
f 4056 4143 4209
f 4144 4056 4209
f 4206 4209 4143
f 4209 4210 4144
f 4147 4208 4146
f 4154 4066 4144
f 4210 4211 4144
f 4212 4154 4144
f 4211 4212 4144
f 4213 4147 4148
f 4148 4150 4213
f 4214 4153 4152
f 4152 4154 4214
f 4073 4163 4072
f 4215 4150 4072
f 4160 4163 4073
f 4072 4163 4215
f 4216 4163 4166
f 4165 4217 4218
f 4219 4156 4155
f 4158 4156 4219
f 4158 4217 4165
f 4220 4158 4219
f 4217 4158 4220
f 4159 4219 4155
f 4163 4162 4166
f 4166 4165 4218
f 4180 4221 4170
f 4170 4221 4171
f 4171 4221 4172
f 4173 4175 4174
f 4095 4222 4175
f 4222 4223 4175
f 4095 4172 4222
f 4177 4224 4225
f 4177 4178 4224
f 4224 4178 4179
f 4225 4224 4226
f 4224 4179 4227
f 4228 4224 4227
f 4224 4228 4226
f 4225 4180 4177
f 4225 4229 4180
f 4225 4226 4229
f 4229 4230 4180
f 4230 4231 4232
f 4229 4233 4230
f 4229 4228 4233
f 4226 4228 4229
f 4230 4221 4180
f 4230 4232 4221
f 4221 4232 4172
f 4232 4234 4172
f 4175 4223 4174
f 4172 4234 4222
f 4174 4181 3689
f 4174 4223 4181
f 4181 4235 3869
f 3873 3869 4235
f 4236 3872 3873
f 3873 4235 4236
f 4183 4101 4237
f 4237 4101 4184
f 4238 4237 4184
f 4227 4183 4237
f 4227 4179 4183
f 4103 4238 4184
f 4239 4238 4103
f 4186 4239 4103
f 4188 4109 3701
f 4187 4239 4186
f 4240 4111 4109
f 4240 4190 4111
f 4187 4241 4242
f 4243 4019 4190
f 4241 4187 4189
f 4241 4244 4242
f 4189 4191 4241
f 4243 4118 4019
f 4194 4245 4196
f 4241 4191 4196
f 4241 4196 4244
f 4196 4245 4244
f 4197 4117 4118
f 4246 4202 4204
f 4205 4202 4246
f 4245 4194 4205
f 4247 4245 4205
f 4244 4245 4248
f 4249 4206 4142
f 4142 4207 4249
f 4246 4204 4208
f 4247 4205 4246
f 4247 4246 4250
f 4250 4246 4251
f 4210 4209 4206
f 4208 4252 4246
f 4208 4147 4252
f 4252 4147 4253
f 4251 4246 4252
f 4212 4214 4154
f 4253 4213 4150
f 4253 4147 4213
f 4253 4150 4254
f 4255 4253 4254
f 4255 4252 4253
f 4256 4255 4254
f 4214 4257 4153
f 4153 4258 4159
f 4258 4153 4257
f 4214 4212 4257
f 4215 4254 4150
f 4216 4259 4163
f 4259 4215 4163
f 4215 4256 4254
f 4259 4256 4215
f 4216 4256 4259
f 4216 4166 4260
f 4260 4166 4261
f 4261 4166 4218
f 4262 4220 4219
f 4261 4218 4217
f 4159 4262 4219
f 4227 4263 4228
f 4228 4263 4264
f 4230 4233 4231
f 4228 4264 4233
f 4265 4266 4231
f 4264 4265 4233
f 4265 4231 4233
f 4231 4267 4232
f 4232 4267 4234
f 4222 4268 4223
f 4269 4223 4268
f 4223 4269 4181
f 4236 3999 3872
f 4270 4235 4181
f 4235 4271 4236
f 4235 4270 4271
f 4270 4181 4269
f 4269 4272 4270
f 4271 4273 4236
f 4274 4227 4237
f 4263 4227 4274
f 4275 4263 4274
f 4263 4275 4276
f 4264 4263 4276
f 4273 3999 4236
f 4185 3999 4277
f 4277 3999 4273
f 4274 4237 4238
f 4238 4278 4274
f 4278 4238 4279
f 4280 4274 4278
f 4275 4274 4280
f 4281 4275 4280
f 4279 4282 4278
f 4283 4109 4188
f 4279 4238 4239
f 4284 4279 4239
f 4284 4239 4285
f 4282 4279 4284
f 4286 4240 4109
f 4286 4109 4283
f 4239 4187 4287
f 4287 4288 4239
f 4285 4239 4288
f 4286 4289 4190
f 4190 4240 4286
f 4187 4242 4290
f 4187 4290 4287
f 4290 4291 4287
f 4289 4243 4190
f 4292 4243 4289
f 4290 4242 4293
f 4291 4290 4293
f 4291 4293 4294
f 4242 4295 4293
f 4293 4295 4294
f 4118 4243 4292
f 4296 4118 4292
f 4244 4295 4242
f 4297 4197 4118
f 4207 4197 4297
f 4249 4207 4297
f 4298 4248 4299
f 4248 4295 4244
f 4245 4300 4248
f 4295 4248 4298
f 4299 4248 4300
f 4301 4206 4249
f 4210 4206 4301
f 4245 4247 4302
f 4247 4250 4302
f 4245 4302 4300
f 4302 4250 4303
f 4255 4251 4252
f 4251 4255 4250
f 4304 4250 4255
f 4305 4250 4304
f 4304 4255 4256
f 4306 4304 4256
f 4159 4258 4262
f 4260 4307 4216
f 4216 4306 4256
f 4308 4307 4260
f 4261 4308 4260
f 4261 4309 4308
f 4309 4261 4310
f 4311 4217 4220
f 4220 4262 4311
f 4311 4310 4217
f 4261 4217 4310
f 4312 4313 4314
f 4265 4264 4312
f 4315 4265 4312
f 4265 4315 4266
f 4312 4314 4315
f 4266 4267 4231
f 4234 4316 4222
f 4316 4268 4222
f 4268 4316 4269
f 4316 4317 4269
f 4318 4317 4316
f 4270 4272 4271
f 4272 4273 4271
f 4272 4319 4273
f 4317 4272 4269
f 4272 4317 4320
f 4320 4319 4272
f 4321 4320 4317
f 4275 4322 4276
f 4323 4322 4275
f 4324 4322 4323
f 4325 4324 4323
f 4264 4326 4312
f 4276 4326 4264
f 4326 4313 4312
f 4276 4324 4326
f 4276 4322 4324
f 4326 4324 4313
f 4324 4325 4313
f 4319 4277 4273
f 4327 4277 4319
f 4005 4185 4188
f 4277 4327 4185
f 4280 4278 4282
f 4280 4328 4281
f 4328 4280 4282
f 4275 4281 4323
f 4329 4323 4281
f 4329 4281 4328
f 4330 4282 4284
f 4331 4282 4330
f 4328 4282 4331
f 4332 4284 4288
f 4288 4333 4332
f 4330 4284 4332
f 4334 4330 4332
f 4334 4332 4333
f 4288 4284 4285
f 4288 4287 4333
f 4286 4335 4289
f 4336 4333 4337
f 4287 4337 4333
f 4287 4338 4337
f 4339 4337 4338
f 4340 4337 4339
f 4335 4292 4289
f 4291 4338 4287
f 4294 4341 4291
f 4338 4291 4341
f 4342 4341 4294
f 4338 4341 4339
f 4341 4342 4343
f 4341 4344 4339
f 4341 4343 4344
f 4345 4296 4292
f 4346 4294 4295
f 4294 4346 4342
f 4346 4347 4342
f 4346 4348 4347
f 4342 4347 4349
f 4347 4350 4349
f 4342 4349 4351
f 4351 4349 4352
f 4349 4353 4352
f 4342 4351 4343
f 4346 4295 4348
f 4348 4295 4298
f 4347 4348 4350
f 4348 4298 4350
f 4118 4296 4297
f 4353 4298 4299
f 4350 4298 4353
f 4349 4350 4353
f 4353 4299 4354
f 4352 4353 4354
f 4355 4354 4356
f 4301 4249 4297
f 4354 4299 4356
f 4356 4299 4357
f 4299 4300 4302
f 4299 4302 4357
f 4357 4302 4303
f 4357 4303 4358
f 4358 4303 4250
f 4358 4250 4359
f 4359 4250 4305
f 4360 4258 4257
f 4305 4304 4306
f 4306 4216 4307
f 4307 4361 4306
f 4362 4311 4262
f 4363 4310 4311
f 4362 4363 4311
f 4364 4262 4365
f 4258 4365 4262
f 4365 4258 4360
f 4362 4262 4364
f 4308 4366 4307
f 4315 4314 4266
f 4267 4266 4367
f 4234 4318 4316
f 4367 4368 4267
f 4368 4234 4267
f 4368 4318 4234
f 4368 4369 4318
f 4370 4369 4368
f 4318 4321 4317
f 4369 4321 4318
f 4320 4371 4319
f 4369 4372 4321
f 4321 4372 4320
f 4313 4373 4314
f 4325 4373 4313
f 4314 4373 4374
f 4266 4314 4375
f 4371 4327 4319
f 4323 4329 4376
f 4323 4376 4325
f 4377 4329 4328
f 4378 4329 4377
f 4379 4376 4329
f 4379 4329 4378
f 4378 4380 4379
f 4381 4188 4185
f 4382 4188 4381
f 4382 4283 4188
f 4334 4331 4330
f 4331 4334 4383
f 4378 4331 4384
f 4384 4331 4383
f 4377 4328 4331
f 4378 4377 4331
f 4385 4380 4378
f 4286 4283 4386
f 4336 4334 4333
f 4383 4334 4336
f 4387 4383 4336
f 4387 4336 4340
f 4340 4336 4337
f 4335 4345 4292
f 4386 4335 4286
f 4388 4345 4335
f 4386 4388 4335
f 4389 4340 4339
f 4389 4339 4390
f 4339 4391 4390
f 4339 4344 4391
f 4392 4344 4343
f 4391 4344 4392
f 4393 4391 4394
f 4395 4343 4396
f 4343 4351 4396
f 4343 4395 4392
f 4394 4392 4395
f 4396 4397 4395
f 4394 4391 4392
f 4301 4297 4296
f 4351 4352 4398
f 4396 4351 4398
f 4398 4352 4399
f 4354 4355 4352
f 4400 4352 4355
f 4399 4352 4400
f 4355 4401 4400
f 4301 4211 4210
f 4356 4357 4402
f 4356 4402 4401
f 4355 4356 4401
f 4401 4402 4403
f 4402 4357 4358
f 4402 4358 4359
f 4359 4403 4402
f 4404 4359 4305
f 4403 4359 4404
f 4405 4404 4305
f 4406 4405 4305
f 4407 4360 4257
f 4408 4406 4306
f 4306 4406 4305
f 4307 4366 4361
f 4361 4408 4306
f 4310 4363 4309
f 4309 4363 4409
f 4409 4363 4362
f 4364 4365 4410
f 4364 4410 4362
f 4266 4375 4411
f 4266 4411 4367
f 4367 4411 4370
f 4367 4370 4368
f 4374 4375 4314
f 4374 4412 4375
f 4375 4412 4411
f 4325 4376 4379
f 4379 4380 4413
f 4379 4414 4325
f 4379 4413 4414
f 4415 4414 4413
f 4413 4380 4415
f 4373 4325 4416
f 4416 4325 4414
f 4417 4378 4384
f 4417 4384 4383
f 4418 4419 4420
f 4417 4385 4378
f 4417 4418 4385
f 4385 4415 4380
f 4418 4415 4385
f 4382 4421 4283
f 4421 4422 4283
f 4423 4417 4383
f 4423 4383 4387
f 4424 4387 4425
f 4423 4387 4424
f 4418 4417 4423
f 4426 4423 4424
f 4419 4418 4423
f 4423 4426 4419
f 4422 4386 4283
f 4387 4340 4389
f 4387 4389 4425
f 4425 4389 4427
f 4424 4425 4427
f 4428 4426 4424
f 4388 4429 4345
f 4430 4429 4388
f 4430 4388 4386
f 4393 4390 4391
f 4427 4389 4390
f 4390 4393 4427
f 4427 4393 4431
f 4432 4427 4431
f 4424 4427 4432
f 4393 4433 4431
f 4345 4429 4434
f 4296 4345 4434
f 4429 4435 4434
f 4436 4435 4429
f 4395 4433 4394
f 4393 4394 4433
f 4395 4397 4433
f 4431 4433 4437
f 4433 4438 4437
f 4438 4433 4397
f 4434 4301 4296
f 4396 4439 4397
f 4398 4439 4396
f 4398 4399 4439
f 4439 4440 4397
f 4399 4441 4439
f 4441 4399 4400
f 4439 4441 4440
f 4442 4301 4434
f 4301 4442 4211
f 4443 4211 4442
f 4211 4443 4444
f 4445 4400 4401
f 4401 4403 4445
f 4445 4441 4400
f 4446 4441 4445
f 4447 4445 4403
f 4403 4448 4447
f 4449 4448 4403
f 4440 4441 4446
f 4446 4445 4447
f 4447 4448 4450
f 4450 4448 4449
f 4404 4449 4403
f 4451 4257 4212
f 4444 4212 4211
f 4212 4444 4451
f 4449 4404 4405
f 4406 4449 4405
f 4408 4452 4406
f 4453 4452 4408
f 4451 4407 4257
f 4454 4361 4366
f 4455 4366 4308
f 4366 4455 4454
f 4409 4455 4308
f 4409 4362 4456
f 4308 4309 4409
f 4360 4410 4365
f 4370 4457 4369
f 4370 4411 4458
f 4372 4369 4457
f 4459 4320 4372
f 4460 4327 4371
f 4414 4415 4461
f 4461 4416 4414
f 4462 4381 4185
f 4327 4462 4185
f 4463 4381 4462
f 4418 4464 4415
f 4420 4464 4418
f 4464 4465 4415
f 4465 4461 4415
f 4466 4464 4420
f 4467 4422 4421
f 4382 4467 4421
f 4468 4467 4382
f 4382 4381 4468
f 4420 4419 4469
f 4426 4469 4419
f 4470 4469 4426
f 4428 4470 4426
f 4471 4469 4470
f 4469 4471 4420
f 4430 4386 4422
f 4472 4422 4467
f 4422 4472 4430
f 4428 4424 4432
f 4470 4428 4473
f 4473 4428 4474
f 4475 4429 4430
f 4476 4436 4475
f 4474 4432 4431
f 4477 4431 4478
f 4474 4428 4432
f 4474 4431 4477
f 4479 4474 4477
f 4436 4429 4475
f 4431 4437 4478
f 4438 4480 4437
f 4478 4437 4480
f 4481 4478 4480
f 4478 4481 4482
f 4480 4483 4481
f 4435 4442 4434
f 4397 4440 4438
f 4484 4438 4440
f 4446 4484 4440
f 4484 4446 4485
f 4480 4438 4484
f 4480 4484 4483
f 4443 4442 4486
f 4487 4443 4486
f 4486 4442 4435
f 4488 4446 4447
f 4488 4447 4489
f 4485 4446 4488
f 4489 4490 4488
f 4490 4485 4488
f 4489 4447 4450
f 4451 4444 4491
f 4492 4451 4491
f 4491 4444 4443
f 4406 4450 4449
f 4452 4450 4406
f 4493 4450 4452
f 4452 4494 4495
f 4453 4496 4452
f 4494 4452 4496
f 4497 4360 4407
f 4498 4407 4451
f 4498 4451 4492
f 4498 4497 4407
f 4491 4499 4492
f 4499 4498 4492
f 4453 4408 4361
f 4361 4454 4500
f 4500 4453 4361
f 4500 4496 4453
f 4454 4455 4501
f 4501 4455 4502
f 4500 4454 4503
f 4503 4454 4501
f 4504 4501 4502
f 4503 4501 4504
f 4502 4455 4409
f 4502 4409 4505
f 4505 4409 4456
f 4506 4362 4410
f 4497 4410 4360
f 4410 4497 4506
f 4506 4456 4362
f 4456 4506 4507
f 4508 4506 4497
f 4509 4456 4507
f 4510 4507 4506
f 4510 4506 4508
f 4374 4511 4412
f 4374 4373 4511
f 4458 4457 4370
f 4457 4512 4372
f 4459 4371 4320
f 4459 4513 4371
f 4512 4514 4372
f 4514 4459 4372
f 4514 4515 4459
f 4515 4513 4459
f 4513 4460 4371
f 4516 4416 4461
f 4373 4416 4511
f 4416 4516 4511
f 4513 4517 4460
f 4327 4463 4462
f 4381 4463 4468
f 4327 4460 4518
f 4463 4327 4518
f 4463 4518 4468
f 4518 4460 4519
f 4464 4466 4520
f 4466 4420 4471
f 4464 4520 4465
f 4465 4520 4461
f 4521 4467 4468
f 4468 4522 4521
f 4471 4523 4466
f 4467 4524 4472
f 4525 4430 4472
f 4524 4525 4472
f 4521 4524 4467
f 4524 4526 4525
f 4524 4521 4526
f 4479 4473 4474
f 4527 4473 4479
f 4528 4470 4473
f 4528 4473 4527
f 4528 4471 4470
f 4525 4475 4430
f 4475 4525 4476
f 4529 4527 4479
f 4479 4477 4529
f 4482 4530 4477
f 4529 4477 4531
f 4531 4477 4530
f 4482 4477 4478
f 4530 4482 4481
f 4530 4481 4532
f 4533 4530 4532
f 4531 4530 4533
f 4483 4484 4485
f 4481 4483 4532
f 4532 4483 4534
f 4535 4532 4534
f 4483 4536 4534
f 4536 4483 4485
f 4536 4537 4534
f 4536 4485 4490
f 4538 4490 4489
f 4536 4490 4538
f 4538 4489 4450
f 4539 4536 4538
f 4537 4536 4539
f 4450 4493 4538
f 4493 4540 4538
f 4538 4540 4539
f 4491 4443 4487
f 4452 4495 4493
f 4541 4495 4494
f 4541 4493 4495
f 4493 4541 4542
f 4543 4544 4540
f 4542 4540 4493
f 4543 4540 4542
f 4494 4545 4541
f 4545 4542 4541
f 4546 4547 4545
f 4510 4508 4548
f 4549 4497 4498
f 4498 4550 4549
f 4551 4508 4552
f 4508 4497 4552
f 4497 4549 4552
f 4498 4499 4550
f 4494 4496 4500
f 4553 4494 4500
f 4553 4500 4503
f 4553 4545 4494
f 4545 4553 4554
f 4546 4545 4554
f 4503 4504 4554
f 4554 4553 4503
f 4554 4504 4555
f 4555 4504 4556
f 4546 4554 4555
f 4502 4505 4509
f 4456 4509 4505
f 4556 4504 4502
f 4556 4509 4557
f 4556 4502 4509
f 4510 4509 4507
f 4508 4551 4548
f 4510 4557 4509
f 4510 4548 4558
f 4548 4551 4558
f 4510 4558 4557
f 4411 4559 4458
f 4560 4559 4411
f 4457 4561 4512
f 4561 4457 4458
f 4458 4562 4561
f 4512 4515 4514
f 4561 4563 4512
f 4564 4513 4515
f 4564 4565 4513
f 4511 4516 4566
f 4511 4560 4412
f 4412 4560 4411
f 4566 4560 4511
f 4517 4513 4567
f 4565 4567 4513
f 4460 4517 4519
f 4517 4567 4519
f 4568 4468 4518
f 4468 4568 4522
f 4568 4518 4519
f 4522 4568 4569
f 4569 4568 4570
f 4519 4567 4570
f 4568 4519 4570
f 4571 4461 4520
f 4572 4571 4520
f 4521 4522 4573
f 4574 4573 4522
f 4569 4574 4522
f 4526 4521 4573
f 4471 4528 4575
f 4575 4528 4576
f 4471 4575 4523
f 4577 4575 4576
f 4526 4476 4525
f 4578 4527 4579
f 4529 4579 4527
f 4529 4531 4579
f 4531 4580 4579
f 4528 4527 4578
f 4576 4528 4578
f 4579 4580 4578
f 4533 4581 4531
f 4580 4531 4581
f 4582 4533 4532
f 4582 4532 4535
f 4534 4537 4535
f 4435 4583 4486
f 4584 4537 4539
f 4535 4537 4584
f 4585 4584 4539
f 4540 4544 4539
f 4544 4585 4539
f 4544 4586 4585
f 4487 4486 4587
f 4499 4491 4487
f 4499 4487 4588
f 4583 4587 4486
f 4588 4487 4589
f 4542 4547 4543
f 4543 4586 4544
f 4590 4586 4591
f 4586 4543 4591
f 4547 4542 4545
f 4591 4543 4547
f 4592 4547 4546
f 4592 4591 4547
f 4550 4499 4593
f 4550 4593 4594
f 4499 4588 4593
f 4593 4588 4589
f 4546 4555 4595
f 4596 4595 4555
f 4555 4556 4596
f 4546 4595 4596
f 4546 4596 4597
f 4597 4592 4546
f 4598 4556 4599
f 4556 4557 4599
f 4596 4556 4598
f 4598 4599 4600
f 4598 4600 4601
f 4596 4598 4601
f 4597 4596 4601
f 4558 4551 4602
f 4558 4599 4557
f 4558 4602 4603
f 4599 4558 4603
f 4603 4602 4604
f 4600 4599 4603
f 4605 4603 4604
f 4600 4603 4605
f 4562 4606 4561
f 4458 4607 4562
f 4563 4515 4512
f 4561 4606 4563
f 4563 4564 4515
f 4563 4608 4564
f 4608 4609 4564
f 4564 4609 4565
f 4569 4570 4610
f 4611 4569 4610
f 4567 4612 4610
f 4570 4567 4610
f 4567 4565 4612
f 4613 4610 4612
f 4565 4609 4612
f 4613 4612 4609
f 4613 4614 4610
f 4614 4611 4610
f 4614 4613 4615
f 4616 4461 4571
f 4617 4573 4574
f 4611 4574 4569
f 4617 4574 4614
f 4617 4618 4573
f 4611 4614 4574
f 4572 4520 4466
f 4619 4466 4523
f 4620 4572 4466
f 4619 4620 4466
f 4618 4526 4573
f 4577 4523 4575
f 4619 4523 4577
f 4577 4576 4621
f 4622 4578 4580
f 4623 4621 4576
f 4578 4623 4576
f 4622 4623 4578
f 4582 4581 4533
f 4624 4580 4581
f 4625 4581 4582
f 4625 4582 4535
f 4625 4535 4626
f 4627 4581 4625
f 4628 4627 4625
f 4628 4625 4626
f 4584 4585 4629
f 4630 4535 4584
f 4630 4584 4629
f 4630 4626 4535
f 4631 4630 4629
f 4586 4632 4585
f 4585 4633 4629
f 4632 4633 4585
f 4632 4634 4633
f 4633 4631 4629
f 4589 4487 4587
f 4589 4587 4635
f 4589 4635 4636
f 4637 4587 4583
f 4637 4635 4587
f 4590 4591 4592
f 4594 4638 4550
f 4638 4549 4550
f 4549 4639 4640
f 4639 4549 4638
f 4638 4641 4639
f 4589 4641 4593
f 4593 4641 4594
f 4641 4589 4636
f 4638 4594 4641
f 4642 4592 4597
f 4643 4597 4644
f 4643 4642 4597
f 4601 4600 4645
f 4597 4601 4644
f 4644 4601 4645
f 4645 4600 4605
f 4643 4644 4646
f 4644 4645 4647
f 4647 4645 4605
f 4605 4604 4648
f 4602 4551 4552
f 4604 4602 4552
f 4604 4552 4648
f 4648 4552 4640
f 4549 4640 4552
f 4458 4559 4607
f 4607 4649 4562
f 4649 4650 4562
f 4606 4651 4563
f 4651 4608 4563
f 4652 4609 4608
f 4651 4652 4608
f 4461 4616 4516
f 4566 4653 4560
f 4559 4560 4653
f 4559 4649 4607
f 4652 4654 4609
f 4654 4655 4609
f 4656 4615 4613
f 4572 4657 4571
f 4571 4657 4658
f 4657 4659 4658
f 4660 4620 4619
f 4661 4657 4572
f 4661 4572 4620
f 4661 4620 4660
f 4662 4618 4617
f 4663 4619 4577
f 4621 4663 4577
f 4664 4663 4621
f 4665 4663 4664
f 4660 4619 4663
f 4664 4621 4623
f 4664 4623 4666
f 4622 4666 4623
f 4667 4436 4668
f 4476 4668 4436
f 4580 4624 4622
f 4669 4624 4581
f 4670 4666 4622
f 4622 4624 4670
f 4671 4624 4669
f 4672 4435 4436
f 4672 4583 4435
f 4628 4626 4673
f 4627 4669 4581
f 4673 4674 4628
f 4673 4626 4630
f 4673 4630 4631
f 4675 4631 4676
f 4675 4673 4631
f 4674 4673 4675
f 4633 4634 4676
f 4633 4676 4631
f 4677 4676 4634
f 4675 4676 4677
f 4635 4637 4678
f 4678 4679 4635
f 4632 4680 4634
f 4680 4681 4634
f 4634 4681 4677
f 4586 4680 4632
f 4680 4586 4682
f 4586 4590 4682
f 4590 4592 4642
f 4683 4680 4682
f 4590 4683 4682
f 4683 4681 4680
f 4681 4683 4684
f 4590 4685 4683
f 4685 4684 4683
f 4642 4685 4590
f 4641 4636 4686
f 4635 4687 4636
f 4687 4635 4679
f 4642 4643 4688
f 4688 4643 4646
f 4689 4688 4646
f 4685 4642 4688
f 4685 4688 4689
f 4644 4647 4646
f 4690 4647 4605
f 4646 4647 4690
f 4691 4605 4692
f 4605 4648 4692
f 4690 4605 4693
f 4693 4605 4691
f 4691 4692 4694
f 4694 4693 4691
f 4648 4640 4695
f 4692 4648 4695
f 4694 4692 4696
f 4695 4640 4697
f 4640 4639 4697
f 4698 4639 4641
f 4641 4686 4698
f 4650 4606 4562
f 4650 4699 4606
f 4606 4699 4651
f 4700 4699 4650
f 4699 4701 4651
f 4701 4702 4651
f 4651 4702 4652
f 4566 4516 4703
f 4566 4703 4704
f 4566 4704 4705
f 4653 4649 4559
f 4653 4566 4705
f 4649 4706 4650
f 4655 4654 4707
f 4708 4707 4654
f 4655 4613 4609
f 4656 4613 4655
f 4655 4707 4656
f 4709 4710 4711
f 4571 4658 4616
f 4658 4712 4616
f 4516 4713 4703
f 4616 4712 4713
f 4616 4713 4516
f 4658 4659 4712
f 4713 4712 4714
f 4703 4715 4704
f 4703 4713 4715
f 4662 4617 4614
f 4716 4717 4614
f 4662 4614 4717
f 4710 4709 4718
f 4719 4657 4661
f 4661 4720 4719
f 4720 4661 4721
f 4657 4719 4659
f 4618 4722 4526
f 4723 4526 4722
f 4722 4618 4662
f 4724 4725 4722
f 4723 4722 4725
f 4662 4724 4722
f 4726 4663 4665
f 4727 4663 4726
f 4727 4660 4663
f 4727 4661 4660
f 4726 4665 4728
f 4721 4661 4727
f 4727 4726 4721
f 4729 4476 4526
f 4730 4664 4666
f 4664 4730 4665
f 4670 4730 4666
f 4670 4624 4671
f 4731 4670 4671
f 4672 4667 4732
f 4436 4667 4672
f 4733 4672 4732
f 4627 4628 4674
f 4627 4671 4669
f 4734 4671 4627
f 4734 4731 4671
f 4674 4734 4627
f 4735 4734 4674
f 4736 4731 4734
f 4736 4734 4735
f 4583 4672 4733
f 4583 4737 4637
f 4737 4583 4733
f 4675 4738 4674
f 4735 4674 4738
f 4739 4675 4677
f 4738 4675 4739
f 4739 4740 4738
f 4678 4637 4737
f 4677 4741 4739
f 4741 4742 4739
f 4677 4681 4684
f 4684 4685 4743
f 4684 4744 4677
f 4741 4677 4744
f 4744 4684 4743
f 4745 4687 4679
f 4636 4745 4746
f 4636 4687 4745
f 4686 4636 4746
f 4747 4686 4746
f 4746 4748 4747
f 4746 4745 4748
f 4685 4689 4743
f 4743 4689 4749
f 4646 4690 4750
f 4689 4646 4750
f 4751 4690 4693
f 4750 4690 4751
f 4749 4689 4750
f 4752 4749 4750
f 4751 4752 4750
f 4753 4749 4752
f 4754 4694 4755
f 4751 4693 4754
f 4693 4694 4754
f 4692 4695 4696
f 4755 4694 4696
f 4755 4696 4756
f 4697 4639 4757
f 4757 4639 4698
f 4695 4697 4758
f 4757 4698 4759
f 4697 4757 4758
f 4696 4695 4758
f 4758 4757 4759
f 4756 4696 4758
f 4698 4686 4760
f 4698 4760 4759
f 4686 4747 4760
f 4699 4700 4701
f 4704 4761 4705
f 4653 4761 4762
f 4761 4653 4705
f 4763 4706 4649
f 4653 4763 4649
f 4706 4763 4764
f 4762 4763 4653
f 4763 4762 4764
f 4706 4700 4650
f 4700 4706 4765
f 4765 4766 4700
f 4764 4765 4706
f 4701 4767 4702
f 4700 4767 4701
f 4702 4768 4652
f 4652 4768 4654
f 4708 4654 4768
f 4702 4769 4768
f 4708 4770 4707
f 4768 4770 4708
f 4771 4656 4707
f 4772 4615 4656
f 4772 4614 4615
f 4707 4770 4771
f 4656 4771 4772
f 4773 4772 4771
f 4772 4771 4770
f 4771 4772 4773
f 4774 4775 4776
f 4774 4776 4777
f 4775 4778 4776
f 4779 4777 4776
f 4780 4778 4775
f 4781 4711 4782
f 4711 4781 4777
f 4777 4782 4774
f 4777 4781 4782
f 4779 4783 4777
f 4709 4783 4784
f 4784 4785 4709
f 4711 4777 4783
f 4709 4711 4783
f 4783 4786 4784
f 4787 4784 4786
f 4787 4788 4784
f 4787 4789 4788
f 4783 4790 4786
f 4786 4790 4787
f 4787 4791 4789
f 4787 4790 4792
f 4791 4793 4789
f 4792 4791 4787
f 4792 4790 4794
f 4792 4794 4795
f 4792 4795 4791
f 4791 4796 4793
f 4791 4795 4796
f 4714 4797 4798
f 4713 4714 4715
f 4714 4798 4799
f 4714 4799 4715
f 4715 4800 4704
f 4715 4799 4800
f 4704 4800 4761
f 4801 4614 4772
f 4662 4717 4802
f 4803 4804 4774
f 4804 4775 4774
f 4803 4805 4804
f 4782 4711 4806
f 4803 4774 4782
f 4806 4803 4782
f 4709 4785 4718
f 4784 4788 4785
f 4785 4788 4718
f 4788 4807 4718
f 4793 4808 4789
f 4788 4789 4807
f 4808 4809 4789
f 4789 4809 4807
f 4721 4810 4720
f 4719 4811 4659
f 4719 4720 4811
f 4712 4659 4811
f 4720 4810 4811
f 4811 4714 4712
f 4797 4714 4811
f 4797 4811 4810
f 4810 4812 4797
f 4723 4725 4813
f 4662 4802 4724
f 4724 4802 4814
f 4725 4724 4814
f 4815 4816 4817
f 4816 4818 4817
f 4803 4806 4815
f 4805 4803 4815
f 4815 4806 4816
f 4806 4711 4710
f 4806 4710 4819
f 4718 4807 4820
f 4718 4821 4710
f 4718 4820 4821
f 4820 4807 4822
f 4823 4822 4807
f 4809 4824 4807
f 4823 4825 4822
f 4721 4726 4728
f 4721 4826 4810
f 4721 4728 4827
f 4526 4723 4729
f 4813 4729 4723
f 4729 4828 4668
f 4806 4819 4816
f 4819 4710 4829
f 4710 4821 4829
f 4820 4830 4821
f 4831 4728 4665
f 4831 4665 4730
f 4827 4728 4831
f 4831 4832 4827
f 4827 4832 4833
f 4833 4832 4831
f 4721 4827 4834
f 4834 4827 4833
f 4831 4835 4833
f 4836 4833 4835
f 4732 4667 4668
f 4668 4476 4729
f 4732 4668 4828
f 4731 4837 4670
f 4837 4731 4838
f 4837 4831 4730
f 4670 4837 4730
f 4736 4839 4731
f 4838 4731 4839
f 4835 4831 4837
f 4837 4838 4836
f 4836 4835 4837
f 4840 4836 4838
f 4840 4838 4839
f 4735 4839 4736
f 4841 4839 4842
f 4735 4842 4839
f 4839 4841 4840
f 4842 4843 4841
f 4733 4844 4737
f 4738 4842 4735
f 4740 4739 4742
f 4842 4738 4843
f 4740 4845 4738
f 4742 4845 4740
f 4742 4846 4845
f 4738 4847 4843
f 4845 4847 4738
f 4847 4845 4848
f 4848 4845 4846
f 4678 4849 4679
f 4844 4678 4737
f 4678 4844 4850
f 4849 4678 4850
f 4851 4679 4849
f 4741 4852 4742
f 4744 4852 4741
f 4744 4853 4852
f 4846 4742 4852
f 4854 4744 4743
f 4744 4854 4853
f 4855 4853 4854
f 4747 4748 4856
f 4745 4679 4851
f 4753 4743 4749
f 4743 4753 4854
f 4857 4855 4854
f 4753 4857 4854
f 4751 4754 4858
f 4858 4754 4755
f 4859 4751 4858
f 4752 4751 4859
f 4755 4756 4860
f 4861 4755 4860
f 4858 4755 4861
f 4860 4756 4758
f 4856 4760 4747
f 4759 4760 4862
f 4760 4856 4862
f 4863 4862 4856
f 4864 4758 4759
f 4862 4865 4759
f 4856 4748 4863
f 4800 4866 4761
f 4761 4866 4762
f 4866 4867 4762
f 4762 4868 4764
f 4762 4869 4868
f 4762 4870 4869
f 4762 4867 4870
f 4870 4867 4869
f 4866 4871 4867
f 4764 4868 4765
f 4868 4766 4765
f 4872 4873 4868
f 4868 4873 4766
f 4869 4872 4868
f 4872 4874 4873
f 4766 4875 4700
f 4875 4767 4700
f 4875 4876 4767
f 4766 4873 4875
f 4874 4875 4873
f 4767 4769 4702
f 4876 4769 4767
f 4768 4773 4770
f 4772 4770 4773
f 4877 4878 4773
f 4801 4772 4879
f 4772 4773 4879
f 4880 4879 4881
f 4882 4879 4880
f 4883 4884 4885
f 4884 4886 4885
f 4887 4886 4775
f 4888 4885 4886
f 4888 4886 4889
f 4887 4889 4886
f 4885 4888 4883
f 4778 4890 4776
f 4778 4780 4890
f 4775 4884 4883
f 4775 4883 4780
f 4884 4775 4886
f 4883 4890 4780
f 4883 4888 4890
f 4890 4779 4776
f 4783 4794 4790
f 4891 4892 4795
f 4794 4891 4795
f 4892 4893 4795
f 4894 4795 4893
f 4891 4794 4895
f 4891 4895 4892
f 4893 4892 4894
f 4783 4895 4794
f 4892 4896 4894
f 4895 4897 4892
f 4896 4892 4897
f 4898 4895 4783
f 4895 4898 4897
f 4898 4899 4897
f 4899 4900 4897
f 4901 4799 4798
f 4800 4799 4902
f 4902 4799 4901
f 4901 4903 4902
f 4902 4904 4800
f 4800 4904 4871
f 4800 4871 4866
f 4614 4801 4905
f 4716 4614 4905
f 4905 4906 4716
f 4906 4717 4716
f 4801 4879 4905
f 4882 4905 4879
f 4882 4906 4905
f 4802 4717 4906
f 4802 4906 4814
f 4887 4775 4907
f 4908 4887 4907
f 4909 4910 4889
f 4887 4909 4889
f 4909 4887 4908
f 4911 4909 4908
f 4907 4775 4804
f 4804 4805 4907
f 4912 4907 4805
f 4795 4894 4796
f 4796 4808 4793
f 4913 4809 4808
f 4894 4914 4796
f 4796 4914 4808
f 4808 4915 4913
f 4808 4914 4915
f 4894 4896 4914
f 4896 4916 4914
f 4914 4916 4915
f 4916 4896 4917
f 4915 4916 4918
f 4919 4918 4916
f 4897 4900 4896
f 4900 4917 4896
f 4917 4919 4916
f 4919 4920 4918
f 4812 4810 4921
f 4797 4812 4798
f 4922 4812 4921
f 4812 4922 4923
f 4798 4812 4901
f 4924 4901 4812
f 4901 4924 4903
f 4812 4925 4924
f 4925 4903 4924
f 4812 4923 4925
f 4814 4813 4725
f 4813 4814 4926
f 4911 4927 4928
f 4929 4930 4911
f 4929 4911 4928
f 4912 4908 4907
f 4912 4931 4927
f 4927 4931 4928
f 4908 4912 4927
f 4908 4927 4911
f 4932 4912 4805
f 4815 4932 4805
f 4932 4931 4912
f 4817 4931 4932
f 4932 4815 4817
f 4824 4823 4807
f 4824 4933 4823
f 4824 4934 4933
f 4913 4934 4824
f 4913 4824 4809
f 4915 4934 4913
f 4934 4935 4933
f 4915 4935 4934
f 4936 4915 4937
f 4936 4935 4915
f 4918 4920 4915
f 4938 4826 4939
f 4939 4940 4938
f 4826 4921 4810
f 4826 4938 4921
f 4941 4921 4938
f 4940 4941 4938
f 4922 4921 4941
f 4942 4828 4729
f 4943 4944 4929
f 4944 4943 4945
f 4946 4947 4948
f 4949 4950 4928
f 4949 4948 4947
f 4950 4929 4928
f 4950 4949 4947
f 4943 4929 4950
f 4948 4949 4931
f 4931 4818 4948
f 4928 4931 4949
f 4816 4951 4818
f 4931 4817 4818
f 4821 4830 4952
f 4822 4830 4820
f 4822 4825 4830
f 4825 4823 4953
f 4823 4954 4953
f 4823 4933 4954
f 4933 4955 4954
f 4955 4956 4954
f 4953 4954 4957
f 4957 4954 4956
f 4935 4955 4933
f 4956 4955 4958
f 4935 4958 4955
f 4936 4958 4935
f 4721 4834 4826
f 4939 4826 4834
f 4836 4959 4833
f 4833 4939 4834
f 4959 4939 4833
f 4960 4959 4836
f 4961 4939 4959
f 4961 4940 4939
f 4960 4961 4959
f 4732 4828 4962
f 4963 4964 4965
f 4964 4963 4962
f 4965 4964 4966
f 4966 4964 4967
f 4964 4968 4967
f 4969 4966 4970
f 4967 4945 4966
f 4971 4970 4943
f 4945 4943 4966
f 4971 4943 4950
f 4946 4972 4971
f 4946 4973 4972
f 4971 4972 4970
f 4950 4947 4971
f 4946 4971 4947
f 4818 4951 4948
f 4948 4974 4973
f 4951 4974 4948
f 4946 4948 4973
f 4819 4951 4816
f 4819 4975 4951
f 4821 4952 4829
f 4819 4829 4975
f 4829 4952 4976
f 4975 4829 4976
f 4952 4977 4976
f 4952 4978 4977
f 4952 4830 4978
f 4830 4825 4978
f 4953 4979 4825
f 4953 4957 4979
f 4960 4836 4840
f 4960 4840 4980
f 4980 4981 4960
f 4980 4982 4981
f 4733 4732 4983
f 4733 4983 4984
f 4732 4962 4983
f 4983 4962 4985
f 4983 4985 4986
f 4963 4985 4962
f 4986 4965 4987
f 4986 4985 4965
f 4965 4985 4963
f 4965 4969 4987
f 4965 4966 4969
f 4970 4988 4969
f 4970 4966 4943
f 4988 4989 4990
f 4970 4989 4988
f 4972 4989 4970
f 4972 4974 4989
f 4972 4973 4974
f 4974 4991 4992
f 4974 4951 4991
f 4951 4975 4991
f 4975 4976 4991
f 4993 4991 4976
f 4977 4993 4976
f 4977 4825 4993
f 4977 4978 4825
f 4825 4994 4993
f 4994 4825 4979
f 4841 4995 4840
f 4995 4980 4840
f 4841 4843 4995
f 4843 4996 4995
f 4995 4982 4980
f 4995 4997 4982
f 4733 4998 4844
f 4733 4984 4983
f 4998 4999 5000
f 4998 4987 4999
f 4986 4987 4733
f 4733 4987 4998
f 4986 4733 4983
f 5001 5002 4999
f 4987 5001 4999
f 4987 4969 5001
f 4988 4990 5001
f 5001 4990 5002
f 4969 4988 5001
f 4990 4989 4992
f 4989 4974 4992
f 4992 5003 5004
f 4991 5003 4992
f 4991 4993 5005
f 4993 5006 5005
f 4852 4848 4846
f 4847 5007 4843
f 4847 4848 5007
f 4848 4852 5007
f 4843 5008 4996
f 5008 4843 5007
f 4852 5009 5007
f 5010 5007 5009
f 4850 4844 4849
f 4844 5011 4849
f 4844 4998 5000
f 4844 5000 5011
f 4999 5011 5000
f 5011 4851 4849
f 4851 5011 5012
f 4999 5013 5011
f 5011 5013 5012
f 5013 5014 5012
f 4999 5014 5013
f 4999 5015 5014
f 4999 5002 5015
f 5002 5016 5015
f 5016 5017 5015
f 5002 4990 5018
f 5016 5002 5018
f 5018 5019 5016
f 4990 5020 5018
f 4990 4992 5020
f 4992 5021 5020
f 5020 5022 5018
f 5020 5021 5022
f 5018 5022 5019
f 5021 5023 5024
f 4992 5004 5021
f 5021 5004 5023
f 5023 5004 5025
f 5004 5026 5025
f 5026 5027 5025
f 5003 5026 5004
f 4991 5005 5003
f 5003 5028 5026
f 5028 5003 5005
f 5026 5028 5027
f 5005 5029 5028
f 5028 5030 5027
f 5029 5030 5028
f 5030 5029 5031
f 4853 5032 4852
f 5009 4852 5032
f 5032 4853 4855
f 5033 5032 4855
f 4855 5034 5033
f 4851 5035 4745
f 4851 5036 5035
f 4851 5012 5036
f 5012 5014 5036
f 5015 5037 5014
f 5015 5017 5037
f 5014 5037 5038
f 5037 5017 5038
f 5014 5038 5036
f 5038 5039 5040
f 5017 5041 5038
f 5017 5042 5041
f 5016 5019 5017
f 5022 5043 5019
f 5017 5019 5042
f 5019 5044 5042
f 5022 5021 5024
f 5022 5024 5043
f 5043 5044 5019
f 5024 5023 5043
f 5023 5045 5043
f 5023 5025 5045
f 5046 5043 5045
f 5047 5046 5045
f 5046 5047 5048
f 5027 5049 5025
f 5025 5049 5050
f 5025 5047 5045
f 5025 5050 5047
f 5030 5049 5027
f 5049 5030 5031
f 5034 4855 4857
f 4752 4859 5051
f 4752 5051 4753
f 5051 4857 4753
f 4857 5052 5034
f 5052 4857 5051
f 5053 5052 5051
f 4859 5053 5051
f 4858 5054 4859
f 4859 5054 5053
f 5054 4858 4861
f 5055 4861 4860
f 5055 5054 4861
f 4860 4864 5056
f 4759 4865 4864
f 4860 4758 4864
f 4864 4865 5057
f 4748 4745 4863
f 4745 5058 4863
f 4862 4863 4865
f 4865 4863 5059
f 4863 5058 5059
f 5058 5060 5059
f 5058 5061 5060
f 4865 5059 5057
f 4745 5035 5062
f 5036 5063 5035
f 4745 5062 5058
f 5035 5063 5062
f 5062 5061 5058
f 5061 5062 5064
f 5064 5060 5061
f 5063 5065 5062
f 5062 5065 5064
f 5065 5066 5064
f 5038 5040 5036
f 5036 5040 5063
f 5063 5040 5067
f 5068 5067 5040
f 5063 5066 5065
f 5063 5067 5066
f 5038 5041 5039
f 5041 5069 5039
f 5069 5041 5042
f 5040 5039 5068
f 5069 5070 5039
f 5069 5071 5070
f 5069 5072 5071
f 5039 5070 5068
f 5073 5070 5071
f 5070 5073 5068
f 5068 5073 5067
f 5071 5074 5073
f 5069 5042 5072
f 5072 5075 5071
f 5072 5076 5075
f 5076 5077 5075
f 5071 5075 5078
f 5079 5042 5044
f 5080 5079 5044
f 5043 5080 5044
f 5042 5079 5072
f 5076 5072 5079
f 5080 5076 5079
f 5076 5080 5081
f 5081 5077 5076
f 5043 5046 5080
f 5046 5048 5082
f 5046 5082 5080
f 5082 5048 5083
f 5084 5055 5056
f 5056 5055 4860
f 5084 5056 5085
f 5086 5085 5087
f 5088 4864 5057
f 4864 5089 5056
f 5085 5056 5089
f 5089 4864 5088
f 5087 5085 5089
f 5088 5087 5089
f 5057 5059 5090
f 5059 5060 5090
f 5057 5090 5088
f 5091 5090 5092
f 5093 5088 5090
f 5088 5093 5094
f 5091 5093 5090
f 5060 5064 5095
f 5064 5066 5095
f 5060 5092 5090
f 5060 5095 5092
f 5095 5096 5092
f 5097 5096 5095
f 5066 5097 5095
f 5096 5098 5092
f 5097 5098 5096
f 5099 5091 5092
f 5098 5099 5092
f 5097 5066 5067
f 5097 5100 5101
f 5101 5102 5097
f 5074 5067 5073
f 5071 5078 5074
f 5067 5074 5097
f 5100 5103 5074
f 5078 5100 5074
f 5104 5100 5078
f 5074 5100 5097
f 5074 5103 5100
f 5078 5075 5077
f 5078 5077 5105
f 5105 5104 5078
f 5093 5091 5099
f 4888 5106 5107
f 4890 5107 4779
f 4779 5108 4783
f 5109 5110 4898
f 4783 5108 4898
f 5108 5109 4898
f 4867 5111 4869
f 4871 5112 4867
f 4867 5112 5111
f 4869 5111 4872
f 4872 5113 4874
f 5111 5114 4872
f 4872 5114 5113
f 5115 5114 5111
f 4874 5116 4875
f 5117 5116 4874
f 5113 5117 4874
f 4875 5118 4876
f 5116 5118 4875
f 5118 5116 5119
f 4769 5120 4877
f 4876 5120 4769
f 4877 4773 4768
f 4769 4877 4768
f 4878 4881 4773
f 4878 5121 4881
f 4877 5122 4878
f 5121 4878 5122
f 4773 4881 4879
f 4880 4881 5123
f 5123 4881 5121
f 5106 4889 4910
f 5124 5106 5125
f 5125 5106 4910
f 5106 4888 4889
f 5106 4888 5126
f 4888 5107 4890
f 5106 5126 4888
f 5110 5127 4898
f 4899 4898 5127
f 5110 5109 5127
f 5127 5128 5129
f 4904 4902 4903
f 4903 5130 4904
f 4904 5131 4871
f 4904 5130 5132
f 4904 5132 5131
f 5130 5133 5132
f 4871 5131 5112
f 5131 5132 5112
f 5112 5132 5134
f 4882 5135 4906
f 4882 4880 5135
f 5136 4880 5123
f 4880 5136 5135
f 5137 4814 4906
f 4906 5135 5138
f 5138 5137 4906
f 5139 5137 5138
f 5136 5138 5135
f 5140 4910 5141
f 5140 5141 4930
f 5142 5140 5143
f 5125 4910 5140
f 5141 4909 4911
f 5141 4910 4909
f 4920 4919 4917
f 4900 4899 5127
f 5127 5129 4900
f 4900 5129 5144
f 4917 4900 5144
f 4917 5144 5145
f 5146 5129 5147
f 5144 5129 5146
f 5144 5146 5148
f 4922 5149 4923
f 5150 4903 4925
f 4923 5149 5150
f 4925 4923 5150
f 4903 5150 5130
f 5130 5150 5133
f 5151 5150 5149
f 5152 4814 5137
f 4926 4814 5152
f 5139 5152 5137
f 4926 5152 5153
f 5154 5155 5156
f 5157 5158 5159
f 5160 5158 5157
f 5160 5143 5158
f 5141 4911 4930
f 5158 4930 4929
f 4930 5158 5143
f 4930 5143 5140
f 4920 4937 4915
f 5161 4920 4917
f 4937 4920 5162
f 4920 5161 5145
f 4920 5145 5163
f 4920 5163 5162
f 4917 5145 5161
f 5145 5164 5163
f 5145 5144 5165
f 5145 5166 5164
f 4941 5167 4922
f 5167 5149 4922
f 5168 4941 4940
f 5168 5167 4941
f 5169 5167 5168
f 5151 5149 5167
f 4729 4813 4926
f 4942 5170 4828
f 4926 5153 4729
f 4729 5153 4942
f 4828 5171 5172
f 5171 4828 5170
f 5171 5173 5172
f 5174 5172 5173
f 5173 5171 5156
f 4945 4967 5175
f 5174 5173 5175
f 5174 5175 4967
f 5175 5173 5156
f 5157 5175 5155
f 5155 5175 5156
f 5157 5155 5160
f 4945 5159 4944
f 4945 5175 5159
f 5159 5175 5157
f 4944 5159 5158
f 4929 4944 5158
f 4956 5176 4957
f 4958 5176 4956
f 4958 4936 4937
f 4937 5177 4958
f 5178 5176 4958
f 5178 4958 5177
f 4937 5162 5163
f 4937 5163 5177
f 5163 5164 5179
f 5177 5163 5179
f 4961 5180 4940
f 4960 5180 4961
f 5180 5168 4940
f 5168 5180 5181
f 5181 5180 4981
f 4981 5180 4960
f 5182 5183 5181
f 4981 5182 5181
f 5183 5168 5181
f 4962 4968 4964
f 4828 4968 4962
f 4968 4828 5172
f 4968 5172 4967
f 5174 4967 5172
f 4957 5176 5184
f 4979 4957 5184
f 5184 5185 5186
f 5184 5186 4979
f 5184 5176 5178
f 5178 5185 5184
f 5187 5186 5185
f 5185 5178 5188
f 5187 5185 5189
f 5188 5190 5185
f 5178 5177 5191
f 5188 5178 5192
f 5188 5192 5190
f 4981 4982 5193
f 4981 5193 5182
f 5182 5193 5194
f 5193 5195 5194
f 4994 5006 4993
f 5006 4994 4979
f 5186 5196 5197
f 5196 5186 5187
f 4996 4997 4995
f 4982 4997 5195
f 4997 4996 5198
f 4982 5195 5193
f 5198 5195 4997
f 5194 5195 5199
f 5200 5201 5006
f 5200 5006 4979
f 5202 5200 5186
f 4979 5186 5200
f 5186 5197 5202
f 5008 5198 4996
f 5203 5010 5009
f 5007 5203 5008
f 5007 5010 5203
f 5198 5008 5203
f 5203 5204 5198
f 5203 5205 5206
f 5005 5006 5029
f 5029 5006 5201
f 5201 5031 5029
f 5009 5207 5203
f 5205 5203 5207
f 5032 5033 5208
f 5208 5207 5009
f 5032 5208 5009
f 5033 5209 5208
f 5209 5033 5210
f 5210 5033 5034
f 5208 5209 5207
f 5207 5211 5205
f 5211 5207 5209
f 5212 5213 5209
f 5049 5214 5050
f 5050 5214 5047
f 5214 5049 5031
f 5031 5215 5214
f 5201 5215 5031
f 5216 5217 5215
f 5216 5215 5201
f 5216 5201 5218
f 5216 5218 5219
f 5034 5052 5220
f 5052 5053 5220
f 5034 5212 5210
f 5220 5212 5034
f 5221 5222 5220
f 5212 5209 5210
f 5212 5220 5222
f 5223 5053 5054
f 5223 5224 5221
f 5223 5221 5053
f 5053 5221 5220
f 5055 5224 5054
f 5083 5048 5225
f 5048 5226 5225
f 5227 5048 5047
f 5227 5226 5048
f 5228 5227 5047
f 5227 5228 5229
f 5217 5214 5215
f 5228 5047 5214
f 5214 5217 5228
f 5219 5217 5216
f 5217 5219 5230
f 5217 5230 5228
f 5221 5231 5222
f 5232 5231 5221
f 5224 5232 5221
f 5233 5232 5224
f 5234 5233 5224
f 5233 5235 5232
f 5236 5235 5233
f 5055 5084 5224
f 5224 5223 5054
f 5234 5084 5237
f 5224 5084 5234
f 5238 5234 5237
f 5084 5085 5086
f 5237 5084 5086
f 5237 5086 5238
f 5094 5087 5088
f 5105 5077 5239
f 5104 5105 5240
f 5240 5241 5104
f 5239 5240 5105
f 5242 5240 5239
f 5082 5081 5080
f 5243 5081 5082
f 5081 5239 5077
f 5081 5243 5244
f 5244 5239 5081
f 5244 5242 5239
f 5245 5242 5244
f 5245 5246 5242
f 5245 5244 5247
f 5082 5083 5243
f 5226 5248 5225
f 5225 5243 5083
f 5243 5225 5248
f 5244 5243 5249
f 5248 5249 5243
f 5244 5249 5247
f 5249 5248 5247
f 5247 5248 5250
f 5251 5248 5226
f 5227 5251 5226
f 5251 5227 5229
f 5251 5229 5252
f 5238 5233 5234
f 5253 5233 5238
f 5238 5086 5087
f 5254 5087 5255
f 5238 5087 5254
f 5256 5254 5255
f 5257 5238 5254
f 5256 5257 5254
f 5258 5238 5257
f 5259 5258 5257
f 5256 5259 5257
f 5259 5256 5260
f 5255 5087 5094
f 5261 5094 5262
f 5261 5255 5094
f 5255 5260 5256
f 5260 5255 5261
f 5263 5260 5261
f 5094 5093 5262
f 5093 5099 5262
f 5262 5099 5264
f 5265 5262 5264
f 5265 5261 5262
f 5261 5265 5263
f 5263 5265 5266
f 5267 5266 5265
f 5264 5267 5265
f 5097 5102 5098
f 5268 5264 5099
f 5098 5268 5099
f 5102 5268 5098
f 5264 5268 5269
f 5270 5102 5101
f 5100 5270 5101
f 5100 5102 5270
f 5271 5102 5100
f 5271 5100 5272
f 5268 5102 5271
f 5273 5272 5100
f 5269 5268 5274
f 5268 5271 5274
f 5271 5272 5274
f 5100 5104 5241
f 5273 5100 5241
f 5273 5241 5275
f 5276 5241 5240
f 5240 5242 5276
f 5246 5276 5242
f 5276 5275 5241
f 5276 5246 5277
f 5276 5277 5278
f 5275 5276 5278
f 5278 5277 5279
f 5279 5277 5280
f 5275 5278 5281
f 5277 5246 5280
f 5282 5274 5272
f 5283 5284 5285
f 5283 5286 5284
f 5287 5288 5106
f 5287 5289 5288
f 5288 5289 5106
f 5285 5287 5124
f 5285 5124 5125
f 5289 5287 5106
f 5287 5107 5106
f 5287 5290 5107
f 5107 5290 4779
f 4779 5290 5108
f 5291 5109 5108
f 5109 5292 5293
f 5292 5294 5293
f 5292 5109 5291
f 5292 5295 5294
f 5113 5114 5296
f 5114 5115 5296
f 5115 5297 5296
f 5113 5296 5117
f 5117 5119 5116
f 5119 5117 5296
f 5119 5298 5118
f 5299 5298 5119
f 5296 5299 5119
f 5118 5120 4876
f 5300 5122 4877
f 5120 5301 4877
f 5120 5302 5301
f 5301 5300 4877
f 5118 5302 5120
f 5123 5121 5303
f 5303 5136 5123
f 5304 5121 5122
f 5303 5121 5304
f 5300 5305 5122
f 5304 5306 5303
f 5301 5305 5300
f 5305 5304 5122
f 5303 5306 5307
f 5283 5285 5125
f 5308 5283 5125
f 5287 5106 5124
f 5109 5128 5127
f 5109 5293 5128
f 5147 5129 5128
f 5309 5310 5128
f 5310 5147 5128
f 5128 5293 5309
f 5293 5294 5309
f 5134 5132 5311
f 5111 5112 5115
f 5112 5312 5115
f 5112 5134 5312
f 5312 5297 5115
f 5134 5313 5312
f 5311 5313 5134
f 5303 5138 5136
f 5138 5303 5314
f 5314 5139 5138
f 5303 5307 5314
f 5139 5314 5315
f 5316 5317 5318
f 5142 5143 5319
f 5160 5319 5143
f 5318 5319 5160
f 5317 5142 5319
f 5319 5318 5317
f 5142 5125 5140
f 5320 5146 5147
f 5148 5146 5320
f 5320 5321 5148
f 5321 5320 5147
f 5310 5321 5147
f 5322 5310 5323
f 5321 5310 5322
f 5150 5324 5133
f 5150 5151 5325
f 5150 5325 5324
f 5325 5326 5324
f 5133 5327 5132
f 5133 5324 5327
f 5327 5311 5132
f 5311 5327 5324
f 5326 5311 5324
f 5326 5328 5311
f 5328 5326 5325
f 5153 5152 5329
f 5152 5139 5329
f 5330 5153 5329
f 5331 5329 5139
f 5156 5332 5154
f 5154 5332 5333
f 5154 5333 5334
f 5332 5335 5333
f 5333 5335 5336
f 5155 5154 5337
f 5155 5337 5338
f 5334 5337 5154
f 5337 5334 5338
f 5338 5334 5339
f 5334 5333 5340
f 5160 5155 5338
f 5318 5160 5338
f 5318 5338 5339
f 5145 5165 5166
f 5165 5144 5148
f 5321 5341 5148
f 5341 5165 5148
f 5166 5165 5342
f 5165 5341 5343
f 5344 5165 5343
f 5342 5165 5344
f 5341 5321 5343
f 5169 5345 5167
f 5325 5151 5167
f 5345 5325 5167
f 5346 5325 5345
f 5169 5346 5345
f 5170 4942 5347
f 5347 4942 5348
f 5153 5348 4942
f 5348 5153 5330
f 5348 5330 5347
f 5347 5349 5170
f 5170 5349 5171
f 5347 5335 5349
f 5335 5332 5349
f 5347 5348 5335
f 5347 5330 5348
f 5335 5348 5330
f 5349 5332 5156
f 5156 5171 5349
f 5179 5164 5350
f 5179 5350 5177
f 5350 5164 5351
f 5177 5350 5352
f 5351 5353 5350
f 5353 5351 5354
f 5353 5354 5355
f 5166 5351 5164
f 5166 5342 5356
f 5351 5166 5354
f 5166 5356 5354
f 5168 5183 5169
f 5357 5169 5183
f 5357 5346 5169
f 5185 5190 5189
f 5189 5190 5358
f 5191 5177 5352
f 5178 5352 5192
f 5178 5191 5352
f 5192 5352 5190
f 5190 5352 5359
f 5190 5359 5358
f 5350 5353 5352
f 5359 5352 5353
f 5359 5353 5355
f 5182 5360 5183
f 5194 5360 5182
f 5360 5194 5361
f 5360 5361 5362
f 5183 5360 5363
f 5363 5357 5183
f 5362 5363 5360
f 5187 5189 5196
f 5189 5358 5364
f 5196 5189 5364
f 5364 5358 5365
f 5364 5365 5196
f 5358 5359 5366
f 5358 5366 5365
f 5359 5355 5366
f 5199 5361 5194
f 5198 5367 5195
f 5199 5368 5361
f 5195 5367 5199
f 5199 5367 5368
f 5362 5361 5368
f 5367 5369 5368
f 5368 5369 5370
f 5371 5368 5370
f 5202 5197 5372
f 5197 5196 5372
f 5373 5374 5370
f 5375 5374 5373
f 5203 5376 5204
f 5376 5367 5204
f 5376 5203 5206
f 5367 5198 5204
f 5377 5376 5206
f 5376 5377 5378
f 5367 5370 5369
f 5367 5376 5373
f 5373 5376 5378
f 5370 5367 5373
f 5373 5378 5375
f 5200 5202 5379
f 5379 5202 5380
f 5202 5372 5380
f 5372 5196 5380
f 5381 5382 5375
f 5383 5382 5381
f 5205 5377 5206
f 5205 5384 5377
f 5377 5384 5385
f 5378 5377 5381
f 5377 5385 5381
f 5385 5384 5383
f 5375 5378 5381
f 5385 5383 5381
f 5209 5384 5211
f 5386 5384 5209
f 5209 5213 5386
f 5205 5211 5384
f 5218 5201 5200
f 5218 5200 5379
f 5379 5387 5218
f 5387 5388 5218
f 5383 5384 5389
f 5390 5391 5392
f 5383 5389 5393
f 5389 5392 5393
f 5391 5393 5392
f 5393 5394 5383
f 5394 5393 5395
f 5391 5396 5393
f 5397 5392 5213
f 5386 5213 5384
f 5384 5213 5389
f 5213 5392 5389
f 5212 5397 5213
f 5212 5222 5397
f 5229 5228 5230
f 5230 5398 5229
f 5230 5219 5398
f 5390 5399 5391
f 5400 5392 5401
f 5397 5401 5392
f 5390 5392 5399
f 5392 5400 5399
f 5399 5400 5402
f 5402 5403 5399
f 5397 5231 5401
f 5222 5231 5397
f 5231 5232 5401
f 5235 5401 5232
f 5400 5401 5404
f 5404 5401 5235
f 5402 5400 5404
f 5250 5248 5405
f 5405 5251 5252
f 5248 5251 5405
f 5252 5229 5406
f 5250 5405 5407
f 5252 5406 5407
f 5405 5252 5407
f 5406 5408 5407
f 5406 5229 5398
f 5406 5398 5409
f 5410 5402 5404
f 5411 5410 5235
f 5410 5404 5235
f 5412 5410 5411
f 5236 5233 5413
f 5253 5413 5233
f 5414 5413 5253
f 5235 5236 5413
f 5235 5413 5411
f 5413 5414 5415
f 5411 5413 5415
f 5414 5253 5238
f 5259 5416 5258
f 5258 5414 5238
f 5416 5414 5258
f 5417 5418 5416
f 5419 5259 5260
f 5259 5419 5420
f 5259 5417 5416
f 5263 5419 5260
f 5273 5275 5281
f 5421 5273 5281
f 5281 5422 5421
f 5279 5281 5278
f 5279 5423 5424
f 5279 5280 5423
f 5425 5245 5250
f 5280 5246 5425
f 5246 5245 5425
f 5425 5250 5426
f 5279 5280 5426
f 5280 5425 5426
f 5426 5280 5279
f 5280 5426 5427
f 5427 5426 5428
f 5423 5280 5427
f 5423 5427 5429
f 5245 5247 5250
f 5426 5250 5430
f 5250 5431 5430
f 5430 5431 5428
f 5426 5430 5428
f 5250 5407 5408
f 5250 5408 5431
f 5415 5414 5416
f 5417 5259 5420
f 5420 5419 5432
f 5432 5419 5263
f 5432 5433 5420
f 5433 5417 5420
f 5433 5432 5434
f 5432 5263 5266
f 5266 5267 5434
f 5434 5432 5266
f 5269 5267 5264
f 5267 5269 5435
f 5269 5274 5435
f 5434 5267 5436
f 5436 5267 5437
f 5267 5435 5437
f 5437 5435 5438
f 5274 5282 5435
f 5272 5439 5282
f 5435 5282 5438
f 5438 5282 5440
f 5282 5439 5440
f 5272 5273 5439
f 5439 5273 5421
f 5439 5421 5422
f 5440 5439 5422
f 5441 5442 5422
f 5422 5442 5440
f 5441 5443 5442
f 5281 5441 5422
f 5281 5444 5441
f 5281 5279 5444
f 5444 5279 5424
f 5444 5424 5443
f 5444 5443 5441
f 5424 5423 5429
f 5445 5446 5447
f 5286 5448 5284
f 5449 5286 5283
f 5450 5286 5449
f 5449 5446 5445
f 5445 5447 5450
f 5449 5445 5450
f 5447 5286 5450
f 5448 5286 5447
f 5285 5284 5448
f 5287 5285 5290
f 5291 5451 5292
f 5292 5451 5295
f 5295 5451 5452
f 5453 5452 5451
f 5454 5306 5304
f 5455 5304 5305
f 5455 5454 5304
f 5301 5455 5305
f 5455 5301 5456
f 5454 5307 5306
f 5455 5457 5454
f 5308 5125 5142
f 5308 5142 5317
f 5449 5308 5446
f 5446 5308 5458
f 5449 5283 5308
f 5310 5309 5459
f 5459 5323 5310
f 5295 5452 5294
f 5452 5309 5294
f 5460 5459 5309
f 5323 5459 5460
f 5452 5460 5309
f 5323 5460 5461
f 5461 5452 5453
f 5461 5460 5452
f 5461 5462 5323
f 5463 5314 5307
f 5314 5463 5315
f 5307 5454 5463
f 5463 5454 5315
f 5454 5457 5315
f 5139 5315 5331
f 5315 5464 5465
f 5331 5315 5465
f 5466 5467 5339
f 5466 5339 5340
f 5340 5468 5466
f 5318 5339 5467
f 5467 5316 5318
f 5458 5308 5317
f 5458 5317 5316
f 5469 5316 5467
f 5467 5466 5469
f 5458 5316 5470
f 5470 5316 5469
f 5321 5322 5343
f 5322 5471 5343
f 5462 5472 5323
f 5472 5322 5323
f 5473 5322 5472
f 5473 5471 5322
f 5461 5474 5462
f 5474 5475 5462
f 5472 5462 5475
f 5311 5328 5476
f 5311 5476 5477
f 5476 5478 5477
f 5477 5479 5311
f 5311 5479 5313
f 5313 5479 5312
f 5331 5480 5329
f 5481 5329 5480
f 5481 5330 5329
f 5480 5331 5465
f 5480 5465 5482
f 5482 5465 5483
f 5330 5481 5336
f 5336 5335 5330
f 5481 5484 5336
f 5482 5481 5480
f 5484 5481 5482
f 5336 5340 5333
f 5468 5340 5336
f 5339 5334 5340
f 5343 5471 5344
f 5344 5485 5486
f 5344 5471 5485
f 5485 5487 5486
f 5485 5488 5487
f 5485 5471 5488
f 5473 5488 5471
f 5325 5346 5489
f 5489 5328 5325
f 5489 5490 5328
f 5489 5491 5490
f 5346 5491 5489
f 5328 5490 5476
f 5478 5476 5490
f 5342 5344 5486
f 5342 5486 5356
f 5356 5486 5492
f 5487 5492 5486
f 5493 5354 5356
f 5492 5493 5356
f 5494 5354 5493
f 5494 5493 5495
f 5493 5492 5487
f 5487 5495 5493
f 5496 5346 5357
f 5496 5357 5497
f 5357 5498 5497
f 5499 5496 5497
f 5346 5496 5499
f 5355 5354 5494
f 5494 5500 5355
f 5355 5500 5366
f 5494 5495 5500
f 5500 5501 5366
f 5495 5501 5500
f 5501 5495 5502
f 5363 5498 5357
f 5363 5362 5503
f 5498 5363 5503
f 5503 5504 5498
f 5366 5505 5365
f 5501 5505 5366
f 5371 5362 5368
f 5506 5507 5371
f 5506 5508 5507
f 5196 5365 5509
f 5365 5505 5509
f 5510 5511 5512
f 5508 5512 5511
f 5512 5370 5374
f 5375 5512 5374
f 5370 5508 5506
f 5506 5371 5370
f 5375 5513 5512
f 5512 5508 5370
f 5510 5512 5513
f 5510 5513 5514
f 5514 5515 5510
f 5516 5515 5514
f 5394 5382 5383
f 5382 5513 5375
f 5382 5394 5513
f 5387 5379 5380
f 5380 5517 5387
f 5387 5518 5388
f 5517 5518 5387
f 5380 5519 5517
f 5380 5196 5519
f 5517 5519 5520
f 5517 5520 5518
f 5196 5509 5519
f 5509 5520 5519
f 5509 5521 5522
f 5520 5509 5522
f 5523 5524 5516
f 5515 5516 5525
f 5525 5516 5524
f 5523 5526 5524
f 5527 5513 5394
f 5527 5394 5395
f 5513 5527 5514
f 5516 5514 5527
f 5516 5527 5523
f 5527 5528 5523
f 5523 5529 5526
f 5396 5527 5395
f 5393 5396 5395
f 5219 5388 5530
f 5219 5218 5388
f 5398 5219 5530
f 5530 5388 5531
f 5531 5532 5530
f 5532 5531 5533
f 5531 5534 5533
f 5518 5531 5388
f 5520 5535 5518
f 5531 5518 5534
f 5527 5396 5528
f 5528 5396 5536
f 5536 5537 5528
f 5537 5536 5538
f 5528 5529 5523
f 5537 5529 5528
f 5539 5537 5538
f 5396 5391 5399
f 5399 5536 5396
f 5540 5536 5399
f 5540 5399 5403
f 5536 5540 5538
f 5406 5409 5541
f 5542 5541 5543
f 5541 5409 5543
f 5543 5544 5542
f 5398 5530 5409
f 5409 5530 5532
f 5409 5532 5543
f 5532 5545 5543
f 5403 5538 5540
f 5538 5403 5402
f 5538 5402 5546
f 5402 5410 5412
f 5402 5412 5546
f 5547 5546 5412
f 5547 5412 5411
f 5547 5548 5546
f 5411 5415 5547
f 5549 5429 5427
f 5549 5427 5550
f 5428 5431 5551
f 5427 5428 5550
f 5550 5428 5551
f 5550 5551 5552
f 5550 5552 5553
f 5406 5541 5408
f 5431 5554 5551
f 5431 5408 5554
f 5541 5542 5408
f 5408 5542 5554
f 5554 5552 5551
f 5554 5555 5552
f 5554 5542 5555
f 5555 5542 5544
f 5548 5547 5556
f 5557 5548 5556
f 5547 5415 5556
f 5556 5415 5558
f 5559 5556 5558
f 5557 5556 5560
f 5556 5559 5560
f 5415 5416 5558
f 5558 5416 5418
f 5418 5561 5558
f 5558 5561 5559
f 5417 5561 5418
f 5433 5561 5417
f 5433 5562 5561
f 5434 5563 5433
f 5563 5434 5436
f 5562 5433 5563
f 5564 5562 5563
f 5437 5438 5565
f 5437 5565 5566
f 5437 5566 5436
f 5564 5563 5567
f 5563 5436 5567
f 5567 5436 5566
f 5438 5440 5565
f 5565 5440 5568
f 5566 5565 5568
f 5566 5568 5569
f 5443 5570 5442
f 5440 5442 5568
f 5442 5570 5568
f 5568 5570 5571
f 5568 5571 5572
f 5424 5573 5574
f 5443 5424 5574
f 5570 5443 5574
f 5570 5574 5575
f 5571 5570 5575
f 5429 5573 5424
f 5573 5429 5549
f 5575 5574 5573
f 5573 5549 5576
f 5576 5575 5573
f 5576 5549 5553
f 5549 5550 5553
f 5577 5578 5579
f 5578 5580 5579
f 5580 5581 5579
f 5582 5583 5447
f 5584 5583 5582
f 5584 5582 5585
f 5586 5587 5291
f 5588 5587 5586
f 5588 5586 5589
f 5446 5590 5447
f 5582 5447 5590
f 5590 5446 5582
f 5582 5446 5591
f 5591 5446 5470
f 5585 5582 5591
f 5583 5448 5447
f 5285 5592 5290
f 5285 5448 5592
f 5451 5593 5453
f 5451 5291 5587
f 5593 5451 5587
f 5593 5587 5594
f 5453 5593 5595
f 5593 5594 5587
f 5453 5595 5596
f 5593 5587 5595
f 5588 5597 5587
f 5597 5595 5587
f 5597 5598 5596
f 5595 5597 5596
f 5589 5597 5588
f 5299 5599 5298
f 5298 5599 5600
f 5299 5601 5599
f 5600 5302 5118
f 5298 5600 5118
f 5602 5301 5302
f 5301 5602 5456
f 5602 5603 5456
f 5600 5604 5302
f 5302 5604 5602
f 5604 5603 5602
f 5600 5605 5604
f 5603 5606 5456
f 5455 5456 5457
f 5456 5607 5457
f 5456 5606 5607
f 5608 5470 5469
f 5609 5591 5470
f 5470 5446 5458
f 5596 5610 5453
f 5610 5461 5453
f 5474 5461 5610
f 5611 5474 5610
f 5612 5596 5598
f 5610 5596 5612
f 5312 5613 5297
f 5299 5296 5614
f 5297 5614 5296
f 5315 5457 5464
f 5457 5615 5464
f 5457 5607 5615
f 5616 5615 5607
f 5617 5465 5464
f 5618 5483 5465
f 5615 5617 5464
f 5619 5465 5617
f 5465 5619 5618
f 5615 5620 5617
f 5620 5619 5617
f 5621 5619 5620
f 5619 5621 5622
f 5618 5619 5622
f 5623 5469 5466
f 5466 5468 5623
f 5624 5472 5475
f 5624 5625 5472
f 5625 5473 5472
f 5475 5474 5624
f 5624 5626 5625
f 5479 5477 5627
f 5477 5478 5627
f 5312 5479 5613
f 5628 5482 5483
f 5618 5628 5483
f 5629 5630 5484
f 5484 5482 5629
f 5629 5482 5630
f 5628 5630 5482
f 5631 5630 5628
f 5336 5484 5468
f 5484 5630 5468
f 5488 5473 5626
f 5625 5626 5473
f 5632 5488 5626
f 5626 5624 5633
f 5634 5626 5633
f 5626 5634 5632
f 5635 5491 5346
f 5487 5636 5637
f 5487 5637 5495
f 5487 5638 5636
f 5495 5637 5639
f 5636 5639 5637
f 5639 5636 5640
f 5636 5638 5641
f 5488 5638 5487
f 5632 5638 5488
f 5632 5641 5638
f 5504 5642 5643
f 5643 5642 5644
f 5497 5643 5499
f 5497 5498 5643
f 5643 5644 5499
f 5499 5635 5346
f 5635 5645 5491
f 5505 5501 5646
f 5495 5647 5502
f 5501 5502 5648
f 5501 5648 5646
f 5502 5647 5648
f 5648 5647 5649
f 5495 5639 5647
f 5647 5639 5649
f 5650 5651 5362
f 5362 5651 5503
f 5504 5643 5498
f 5503 5651 5504
f 5505 5646 5652
f 5646 5653 5652
f 5653 5646 5648
f 5654 5655 5656
f 5508 5657 5507
f 5657 5658 5507
f 5658 5659 5507
f 5654 5656 5659
f 5654 5659 5658
f 5656 5660 5659
f 5362 5371 5650
f 5659 5650 5371
f 5507 5659 5371
f 5654 5658 5661
f 5657 5508 5511
f 5662 5657 5511
f 5662 5511 5663
f 5662 5664 5658
f 5662 5658 5657
f 5662 5663 5665
f 5661 5658 5664
f 5662 5661 5664
f 5665 5661 5662
f 5666 5667 5661
f 5661 5665 5666
f 5505 5652 5509
f 5668 5669 5670
f 5665 5668 5666
f 5665 5663 5668
f 5663 5671 5668
f 5671 5672 5668
f 5666 5668 5670
f 5511 5510 5663
f 5663 5510 5515
f 5515 5671 5663
f 5673 5522 5521
f 5521 5509 5652
f 5674 5521 5652
f 5675 5521 5674
f 5671 5525 5672
f 5525 5676 5672
f 5668 5672 5677
f 5677 5672 5676
f 5678 5677 5676
f 5515 5525 5671
f 5676 5525 5524
f 5524 5526 5676
f 5518 5535 5534
f 5534 5535 5679
f 5679 5680 5534
f 5679 5673 5680
f 5520 5522 5535
f 5535 5522 5673
f 5535 5673 5679
f 5673 5521 5681
f 5529 5682 5526
f 5683 5684 5682
f 5682 5676 5526
f 5682 5678 5676
f 5685 5678 5682
f 5685 5682 5684
f 5685 5684 5686
f 5686 5684 5683
f 5537 5682 5529
f 5682 5539 5683
f 5682 5537 5539
f 5687 5543 5545
f 5544 5543 5687
f 5545 5688 5687
f 5687 5688 5689
f 5532 5533 5545
f 5533 5534 5690
f 5690 5545 5533
f 5690 5688 5545
f 5690 5534 5691
f 5690 5691 5688
f 5534 5680 5691
f 5691 5692 5688
f 5693 5539 5538
f 5694 5539 5693
f 5695 5694 5693
f 5683 5539 5694
f 5696 5694 5695
f 5697 5696 5695
f 5698 5683 5696
f 5696 5683 5694
f 5693 5538 5546
f 5699 5693 5546
f 5548 5699 5546
f 5695 5693 5699
f 5697 5695 5699
f 5557 5699 5548
f 5553 5552 5700
f 5552 5701 5700
f 5701 5552 5702
f 5703 5700 5701
f 5703 5701 5704
f 5552 5555 5702
f 5705 5702 5706
f 5702 5555 5706
f 5705 5706 5707
f 5702 5705 5701
f 5544 5706 5555
f 5687 5689 5544
f 5708 5544 5689
f 5706 5544 5708
f 5709 5560 5559
f 5710 5557 5560
f 5560 5709 5710
f 5710 5709 5711
f 5709 5559 5561
f 5709 5561 5712
f 5561 5562 5712
f 5713 5562 5564
f 5714 5564 5567
f 5564 5714 5713
f 5713 5714 5715
f 5566 5569 5567
f 5567 5569 5714
f 5715 5714 5569
f 5715 5569 5716
f 5569 5568 5572
f 5569 5572 5717
f 5717 5572 5571
f 5716 5569 5717
f 5718 5575 5576
f 5571 5575 5718
f 5717 5571 5718
f 5719 5717 5718
f 5576 5553 5720
f 5720 5721 5576
f 5721 5720 5722
f 5722 5720 5703
f 5718 5576 5721
f 5718 5721 5722
f 5718 5722 5723
f 5553 5700 5720
f 5703 5720 5700
f 5724 5725 5726
f 5726 5725 5727
f 5728 5729 5730
f 5724 5731 5725
f 5732 5731 5728
f 5724 5728 5731
f 5732 5725 5731
f 5733 5725 5732
f 5734 5732 5728
f 5735 5732 5736
f 5737 5727 5733
f 5737 5733 5735
f 5738 5737 5739
f 5739 5737 5735
f 5727 5725 5733
f 5732 5735 5733
f 5740 5580 5578
f 5741 5740 5578
f 5742 5740 5741
f 5743 5584 5585
f 5584 5743 5583
f 5743 5744 5583
f 5744 5745 5583
f 5592 5108 5290
f 5592 5746 5108
f 5589 5291 5108
f 5291 5589 5586
f 5589 5747 5748
f 5743 5591 5609
f 5749 5743 5609
f 5585 5591 5743
f 5589 5750 5597
f 5598 5597 5750
f 5598 5750 5612
f 5750 5751 5612
f 5748 5752 5589
f 5752 5750 5589
f 5751 5750 5752
f 5604 5753 5603
f 5753 5606 5603
f 5605 5753 5604
f 5753 5754 5606
f 5755 5609 5470
f 5470 5608 5755
f 5749 5609 5755
f 5756 5610 5612
f 5756 5611 5610
f 5751 5756 5612
f 5751 5757 5756
f 5297 5613 5758
f 5613 5759 5758
f 5614 5760 5299
f 5297 5758 5614
f 5760 5614 5761
f 5758 5761 5614
f 5761 5762 5760
f 5761 5758 5759
f 5759 5762 5761
f 5760 5601 5299
f 5762 5763 5760
f 5760 5763 5601
f 5599 5601 5764
f 5599 5605 5600
f 5599 5765 5605
f 5599 5764 5765
f 5753 5766 5754
f 5753 5605 5766
f 5765 5766 5605
f 5606 5616 5607
f 5606 5767 5616
f 5606 5754 5767
f 5615 5616 5620
f 5621 5620 5768
f 5768 5622 5621
f 5622 5768 5769
f 5770 5622 5769
f 5767 5620 5616
f 5767 5768 5620
f 5468 5771 5772
f 5631 5771 5468
f 5771 5631 5773
f 5772 5771 5774
f 5608 5469 5623
f 5772 5623 5468
f 5774 5608 5623
f 5755 5608 5774
f 5774 5623 5772
f 5633 5624 5474
f 5775 5474 5611
f 5633 5775 5776
f 5775 5633 5474
f 5775 5611 5756
f 5777 5633 5776
f 5778 5775 5756
f 5779 5776 5775
f 5757 5778 5756
f 5779 5775 5778
f 5627 5780 5479
f 5627 5781 5780
f 5613 5479 5782
f 5780 5782 5479
f 5613 5782 5759
f 5622 5628 5618
f 5631 5628 5770
f 5770 5628 5622
f 5631 5468 5630
f 5783 5784 5634
f 5785 5783 5634
f 5777 5634 5633
f 5785 5634 5777
f 5785 5777 5776
f 5645 5490 5491
f 5645 5786 5787
f 5787 5490 5645
f 5490 5787 5478
f 5478 5787 5788
f 5478 5781 5627
f 5788 5781 5478
f 5640 5636 5641
f 5641 5789 5640
f 5789 5790 5640
f 5789 5791 5790
f 5784 5632 5634
f 5641 5632 5784
f 5783 5641 5784
f 5783 5791 5641
f 5789 5641 5791
f 5792 5791 5783
f 5792 5783 5785
f 5793 5794 5795
f 5795 5796 5642
f 5793 5795 5642
f 5644 5796 5786
f 5644 5786 5635
f 5796 5644 5642
f 5635 5499 5644
f 5645 5635 5786
f 5653 5648 5649
f 5653 5649 5797
f 5639 5640 5649
f 5640 5798 5649
f 5640 5790 5798
f 5798 5797 5649
f 5797 5798 5790
f 5650 5799 5651
f 5651 5793 5504
f 5504 5793 5642
f 5797 5800 5653
f 5661 5801 5654
f 5801 5655 5654
f 5655 5660 5656
f 5660 5650 5659
f 5801 5661 5667
f 5670 5802 5667
f 5670 5669 5802
f 5667 5666 5670
f 5652 5803 5674
f 5652 5653 5803
f 5803 5653 5804
f 5675 5805 5806
f 5675 5674 5805
f 5805 5807 5808
f 5674 5803 5805
f 5669 5677 5809
f 5809 5677 5810
f 5810 5677 5811
f 5812 5810 5811
f 5669 5668 5677
f 5677 5678 5811
f 5680 5673 5813
f 5813 5673 5814
f 5815 5813 5814
f 5521 5806 5681
f 5675 5806 5521
f 5673 5681 5814
f 5806 5805 5808
f 5806 5814 5681
f 5806 5808 5814
f 5808 5816 5814
f 5812 5811 5817
f 5678 5685 5817
f 5685 5686 5818
f 5811 5678 5817
f 5819 5817 5685
f 5819 5685 5820
f 5820 5685 5818
f 5818 5686 5683
f 5688 5821 5708
f 5689 5688 5708
f 5821 5822 5708
f 5821 5823 5822
f 5824 5708 5822
f 5824 5822 5823
f 5688 5692 5821
f 5691 5813 5692
f 5823 5821 5692
f 5813 5825 5692
f 5823 5692 5826
f 5826 5692 5825
f 5827 5826 5825
f 5826 5828 5823
f 5680 5813 5691
f 5813 5815 5825
f 5815 5829 5825
f 5820 5830 5831
f 5683 5698 5832
f 5818 5683 5832
f 5820 5818 5832
f 5698 5830 5832
f 5820 5832 5830
f 5697 5699 5833
f 5698 5697 5833
f 5698 5696 5697
f 5699 5557 5833
f 5704 5834 5835
f 5834 5836 5835
f 5835 5837 5838
f 5836 5837 5835
f 5704 5701 5705
f 5704 5705 5834
f 5705 5707 5834
f 5706 5708 5839
f 5706 5839 5707
f 5840 5839 5708
f 5840 5708 5824
f 5840 5707 5839
f 5840 5824 5841
f 5834 5707 5840
f 5841 5834 5840
f 5833 5842 5698
f 5842 5833 5557
f 5698 5842 5843
f 5843 5842 5710
f 5842 5557 5710
f 5844 5710 5711
f 5711 5709 5712
f 5711 5712 5845
f 5845 5712 5846
f 5847 5845 5846
f 5846 5712 5848
f 5846 5848 5849
f 5712 5562 5713
f 5712 5713 5848
f 5715 5848 5713
f 5715 5716 5850
f 5850 5716 5851
f 5716 5717 5852
f 5853 5716 5852
f 5716 5853 5851
f 5851 5853 5854
f 5852 5717 5719
f 5723 5719 5718
f 5723 5855 5719
f 5855 5852 5719
f 5722 5703 5838
f 5722 5838 5723
f 5856 5723 5838
f 5855 5723 5856
f 5838 5703 5704
f 5835 5838 5704
f 5724 5729 5728
f 5730 5857 5728
f 5728 5857 5734
f 5857 5858 5734
f 5857 5859 5858
f 5734 5858 5860
f 5860 5858 5734
f 5858 5859 5734
f 5727 5861 5726
f 5737 5861 5727
f 5734 5860 5732
f 5860 5736 5732
f 5862 5860 5734
f 5735 5736 5863
f 5862 5734 5859
f 5862 5864 5860
f 5860 5864 5865
f 5860 5865 5736
f 5736 5865 5866
f 5736 5866 5863
f 5867 5862 5859
f 5867 5868 5862
f 5864 5866 5865
f 5864 5862 5866
f 5739 5735 5869
f 5869 5735 5866
f 5870 5735 5736
f 5870 5736 5735
f 5863 5866 5735
f 5871 5578 5872
f 5873 5742 5741
f 5871 5741 5578
f 5871 5874 5741
f 5741 5875 5873
f 5876 5742 5873
f 5745 5448 5583
f 5745 5744 5743
f 5745 5743 5877
f 5878 5745 5879
f 5879 5745 5877
f 5592 5448 5880
f 5592 5880 5746
f 5747 5589 5881
f 5882 5881 5589
f 5748 5747 5881
f 5748 5881 5883
f 5882 5884 5881
f 5884 5883 5881
f 5884 5885 5883
f 5877 5743 5749
f 5886 5752 5748
f 5886 5748 5883
f 5752 5886 5751
f 5886 5887 5751
f 5885 5886 5883
f 5888 5887 5886
f 5888 5886 5885
f 5889 5887 5888
f 5755 5890 5891
f 5755 5892 5890
f 5749 5891 5877
f 5749 5755 5891
f 5887 5757 5751
f 5893 5757 5887
f 5889 5893 5887
f 5889 5894 5893
f 5895 5896 5762
f 5763 5762 5897
f 5896 5897 5762
f 5763 5897 5898
f 5897 5896 5898
f 5601 5898 5764
f 5601 5763 5898
f 5899 5765 5764
f 5900 5899 5764
f 5898 5900 5764
f 5901 5766 5765
f 5901 5902 5766
f 5901 5903 5902
f 5899 5901 5765
f 5904 5903 5901
f 5905 5903 5904
f 5901 5899 5904
f 5905 5906 5903
f 5902 5754 5766
f 5754 5907 5767
f 5902 5907 5754
f 5907 5908 5767
f 5907 5909 5908
f 5906 5902 5903
f 5907 5902 5906
f 5909 5907 5906
f 5767 5910 5768
f 5910 5769 5768
f 5911 5769 5910
f 5767 5908 5910
f 5909 5910 5908
f 5912 5910 5909
f 5773 5913 5771
f 5771 5913 5914
f 5755 5774 5892
f 5771 5892 5774
f 5892 5771 5914
f 5890 5892 5914
f 5915 5890 5914
f 5778 5757 5779
f 5916 5776 5779
f 5893 5779 5757
f 5893 5916 5779
f 5893 5894 5916
f 5917 5776 5916
f 5918 5916 5894
f 5919 5917 5916
f 5916 5918 5919
f 5919 5920 5917
f 5782 5921 5895
f 5780 5921 5782
f 5781 5922 5780
f 5921 5780 5923
f 5780 5922 5923
f 5782 5895 5762
f 5782 5762 5759
f 5921 5924 5895
f 5769 5911 5770
f 5910 5912 5911
f 5911 5912 5925
f 5926 5911 5925
f 5927 5925 5912
f 5926 5631 5770
f 5770 5911 5926
f 5773 5631 5913
f 5926 5928 5631
f 5928 5913 5631
f 5926 5925 5928
f 5929 5792 5785
f 5930 5929 5920
f 5792 5929 5930
f 5929 5785 5776
f 5776 5917 5929
f 5920 5929 5917
f 5931 5932 5933
f 5933 5786 5931
f 5934 5786 5933
f 5934 5787 5786
f 5787 5935 5936
f 5936 5788 5787
f 5788 5936 5922
f 5936 5937 5922
f 5781 5788 5922
f 5938 5790 5791
f 5791 5939 5938
f 5939 5791 5940
f 5939 5940 5938
f 5938 5941 5942
f 5940 5791 5792
f 5930 5940 5792
f 5943 5793 5651
f 5794 5793 5943
f 5795 5931 5796
f 5786 5796 5931
f 5944 5945 5797
f 5946 5944 5947
f 5938 5797 5790
f 5938 5947 5797
f 5947 5944 5797
f 5942 5947 5938
f 5946 5947 5942
f 5650 5948 5799
f 5948 5650 5660
f 5651 5799 5943
f 5943 5799 5949
f 5945 5950 5800
f 5945 5951 5950
f 5797 5945 5800
f 5951 5945 5944
f 5952 5953 5801
f 5954 5953 5952
f 5667 5952 5801
f 5802 5954 5952
f 5955 5956 5802
f 5954 5957 5953
f 5954 5802 5957
f 5802 5956 5957
f 5957 5958 5959
f 5956 5958 5957
f 5952 5667 5802
f 5800 5960 5804
f 5653 5800 5804
f 5961 5800 5950
f 5961 5950 5962
f 5958 5955 5809
f 5956 5955 5958
f 5809 5963 5958
f 5669 5809 5802
f 5802 5809 5955
f 5963 5809 5810
f 5805 5804 5807
f 5808 5807 5964
f 5964 5807 5965
f 5816 5964 5965
f 5807 5960 5965
f 5803 5804 5805
f 5804 5960 5807
f 5966 5963 5810
f 5966 5810 5967
f 5968 5967 5969
f 5812 5967 5810
f 5967 5812 5969
f 5815 5970 5971
f 5815 5971 5829
f 5972 5971 5973
f 5814 5970 5815
f 5816 5974 5814
f 5970 5814 5974
f 5971 5970 5974
f 5971 5974 5973
f 5974 5975 5973
f 5975 5974 5816
f 5976 5816 5965
f 5975 5816 5976
f 5972 5973 5975
f 5808 5964 5816
f 5969 5977 5968
f 5812 5817 5978
f 5969 5812 5978
f 5979 5978 5980
f 5969 5978 5979
f 5977 5969 5979
f 5981 5979 5980
f 5978 5817 5819
f 5978 5819 5980
f 5982 5983 5984
f 5826 5827 5828
f 5828 5824 5823
f 5827 5825 5829
f 5985 5824 5828
f 5986 5828 5827
f 5984 5824 5985
f 5985 5828 5986
f 5982 5984 5985
f 5986 5827 5987
f 5982 5985 5986
f 5987 5829 5972
f 5972 5829 5971
f 5987 5827 5829
f 5980 5819 5820
f 5980 5820 5981
f 5981 5820 5831
f 5981 5831 5988
f 5989 5831 5830
f 5989 5830 5698
f 5990 5831 5989
f 5988 5831 5990
f 5989 5991 5990
f 5989 5698 5991
f 5992 5993 5994
f 5995 5837 5836
f 5993 5837 5995
f 5992 5837 5993
f 5996 5993 5995
f 5995 5997 5996
f 5836 5841 5998
f 5836 5834 5841
f 5983 5841 5999
f 5824 5999 5841
f 5995 5836 5998
f 5841 5983 5998
f 6000 5998 5983
f 5997 5995 5998
f 5999 5824 5984
f 5999 5984 5983
f 5698 5843 5991
f 5991 5843 6001
f 5710 5844 5843
f 5843 5844 6002
f 6003 5844 5711
f 5844 6003 6002
f 6003 5711 5845
f 6003 5845 5847
f 6004 6003 6005
f 6003 5847 6005
f 5846 6005 5847
f 6006 6005 5846
f 5849 5848 5715
f 5715 6007 5849
f 5715 5850 6007
f 5850 6008 6007
f 6009 5850 5851
f 5854 5853 5852
f 5854 5852 6010
f 5854 6011 6012
f 5854 6010 6011
f 5854 6012 5851
f 5852 6013 6010
f 5852 5855 6013
f 5855 6014 6013
f 6010 6013 6015
f 6013 6014 6015
f 6015 6014 6016
f 6015 6011 6010
f 6014 5855 5856
f 6014 5856 5994
f 6016 6014 5994
f 6016 5994 6017
f 5994 5856 5838
f 5992 5994 5838
f 5837 5992 5838
f 5724 6018 6019
f 6020 6021 5730
f 6020 5730 5729
f 6021 5857 5730
f 6019 5729 5724
f 5729 6019 6020
f 5867 5857 6021
f 5867 6022 5857
f 6022 5859 5857
f 6022 5867 6023
f 5859 6022 6023
f 6023 5867 5859
f 5862 5868 5866
f 5861 5737 5738
f 6024 5861 5738
f 6025 6024 6026
f 5861 6024 6027
f 6024 6025 6027
f 5739 6026 5738
f 6024 5738 6026
f 6026 5739 6025
f 6025 5739 5869
f 5866 6025 5869
f 5866 5868 6028
f 5871 6029 6030
f 6030 6031 5871
f 6030 6029 6032
f 5874 5871 6031
f 6031 5875 5874
f 6033 5875 6031
f 5871 6034 6029
f 5871 5872 6034
f 6035 6034 5872
f 6032 6029 6034
f 6032 6034 6036
f 6036 6034 6035
f 6037 6036 6035
f 5875 5741 5874
f 5879 6038 5878
f 6039 6040 5878
f 5878 6040 5745
f 6040 5448 5745
f 5878 6041 6039
f 5878 6038 6041
f 6039 6041 6040
f 6042 6043 6040
f 5448 6040 6043
f 6044 6042 6040
f 6044 6040 6041
f 5882 5589 6045
f 5882 6045 6046
f 6045 6047 6048
f 6046 6045 6048
f 5882 5885 5884
f 6046 5885 5882
f 6049 5885 6046
f 6048 6049 6046
f 5877 6038 5879
f 6041 6038 6050
f 6041 6050 6044
f 6051 5889 5888
f 6052 6053 6049
f 6054 6053 6052
f 6054 6051 6053
f 5888 5885 6049
f 6051 5888 6053
f 6049 6053 5888
f 6055 5891 5890
f 5890 6056 6055
f 6050 6055 6056
f 5877 5891 6038
f 6038 6055 6050
f 6055 6038 5891
f 6051 5894 5889
f 6057 5894 6051
f 6057 6058 5894
f 6058 5918 5894
f 6058 6057 6051
f 6059 6058 6051
f 5898 5896 6060
f 5898 6061 5900
f 6060 6061 5898
f 6061 6062 5900
f 5900 6063 5899
f 6063 5904 5899
f 6064 5906 5905
f 6065 6064 5905
f 5905 5904 6065
f 5900 6062 6063
f 6063 6065 5904
f 6062 6065 6063
f 5906 6064 5909
f 6066 5909 6064
f 6066 6064 6067
f 6065 6068 6064
f 5913 5928 5914
f 6069 5915 5914
f 5915 6069 6070
f 5890 5915 6056
f 6056 5915 6071
f 6072 6073 5919
f 6074 6072 6075
f 6074 6076 6072
f 6075 5918 6058
f 6075 5919 5918
f 6075 6072 5919
f 6074 6075 6077
f 5923 5924 5921
f 5924 6078 5895
f 6078 6079 5895
f 6078 5924 6080
f 6078 6081 6079
f 5896 5895 6082
f 6082 6083 5896
f 6082 5895 6083
f 5895 6079 6083
f 6083 6084 6060
f 6083 6060 5896
f 6083 6085 6084
f 6083 6086 6085
f 6083 6087 6086
f 6083 6079 6087
f 6079 6081 6087
f 6060 6088 6061
f 6060 6084 6088
f 6061 6088 6089
f 6089 6062 6061
f 6084 6085 6088
f 6090 6062 6089
f 6085 6089 6088
f 6090 6068 6062
f 6062 6068 6065
f 6066 6091 5909
f 6092 6067 6064
f 6067 6091 6066
f 6068 6092 6064
f 6092 6091 6067
f 6093 6091 6092
f 5912 6094 5927
f 6094 6095 5925
f 6094 5925 5927
f 6091 5912 5909
f 6091 6094 5912
f 6094 6096 6095
f 6097 6096 6094
f 6094 6091 6093
f 6093 6098 6094
f 6094 6098 6097
f 6097 6099 6096
f 6097 6098 6099
f 6100 5928 5925
f 6100 6069 5928
f 6095 6100 5925
f 6069 6100 6101
f 6095 6102 6100
f 6096 6102 6095
f 6096 6099 6102
f 5928 6069 5914
f 6073 5920 5919
f 6073 6103 5920
f 6103 5930 5920
f 6073 6104 6103
f 6072 6104 6073
f 6076 6105 6072
f 6072 6105 6104
f 6105 6106 6104
f 6106 6103 6104
f 5931 5795 6107
f 6108 5932 6107
f 6107 5932 5931
f 5932 6109 5933
f 6109 5934 5933
f 5935 5934 6109
f 5787 5934 5935
f 5937 5936 5935
f 6110 5937 5935
f 5937 6111 5922
f 6110 6112 6111
f 5937 6110 6111
f 5922 6113 5923
f 6111 6113 5922
f 5923 6113 5924
f 6113 6111 6112
f 6113 6080 5924
f 6113 6112 6080
f 6080 6112 6114
f 6115 6114 6112
f 6078 6116 6081
f 6114 6115 6080
f 5941 5938 5940
f 5941 6117 6118
f 6118 5942 5941
f 6106 6119 6103
f 6119 6117 6103
f 6117 6119 6120
f 6120 6118 6117
f 5941 5940 5930
f 6117 5941 5930
f 6117 5930 6103
f 6121 6122 5949
f 5943 5949 6122
f 5943 6122 5794
f 6123 6118 6124
f 5942 6118 5946
f 6123 5946 6118
f 5655 5948 5660
f 6125 6126 5655
f 5944 6127 5951
f 5946 6123 5944
f 5944 6123 6127
f 6123 6128 6127
f 5953 6125 5801
f 6129 6125 6130
f 6125 5655 5801
f 6131 5962 5950
f 6131 6132 5962
f 6133 6132 6131
f 6132 6134 5962
f 6131 6132 6133
f 6132 6131 6134
f 6133 6135 6131
f 6131 5950 5951
f 6127 6131 5951
f 6133 6131 6127
f 5957 6136 6130
f 6125 5953 6130
f 6137 6136 5957
f 6138 6130 6136
f 5953 5957 6130
f 6137 5957 5959
f 5961 5960 5800
f 6139 5960 5961
f 6140 6141 6142
f 6140 6142 6139
f 6142 6143 6139
f 5962 6134 5961
f 6134 6139 5961
f 6140 6139 6134
f 6134 6141 6140
f 6144 6145 5966
f 6137 6145 6136
f 6146 6145 6147
f 6136 6145 6146
f 5958 5963 5959
f 5959 5963 5966
f 6137 5966 6145
f 5959 5966 6137
f 6148 6149 6150
f 6151 5976 5965
f 6152 5965 5960
f 6151 5965 6152
f 6151 6152 6148
f 6153 6148 6152
f 6152 6154 6153
f 6154 6148 6153
f 6139 6152 5960
f 5966 5967 6155
f 5968 6155 5967
f 6156 5966 6155
f 6157 6155 5968
f 5966 6156 6144
f 6156 6155 6158
f 6155 6159 6158
f 6159 6155 6157
f 6160 6161 5972
f 6160 6162 6161
f 6161 6162 6163
f 5976 6164 5975
f 6160 5972 5975
f 6151 6164 5976
f 6148 6164 6151
f 6148 6160 6164
f 6160 5975 6164
f 5968 5977 6165
f 6165 6159 5968
f 6165 6166 6167
f 6159 6165 6167
f 5979 5981 6167
f 6165 5977 5979
f 6165 5979 6167
f 6165 6167 6166
f 6167 5981 6168
f 6168 6169 6167
f 6000 6170 6171
f 6172 5983 5982
f 5983 6172 6173
f 6173 6170 6000
f 6173 6172 6170
f 6174 6175 6172
f 6172 6175 6176
f 5987 6177 5986
f 5986 6174 5982
f 6174 5986 6177
f 6174 6172 5982
f 6174 6177 6178
f 6178 6179 6174
f 6161 5987 5972
f 6177 5987 6161
f 6161 6178 6177
f 6179 6178 6161
f 6168 5981 5988
f 6168 5988 6180
f 6168 6180 6181
f 5988 5990 6180
f 5990 6181 6180
f 6181 5990 5991
f 6181 5991 6182
f 6183 6182 6001
f 6181 6182 6183
f 6181 6183 6184
f 6182 5991 6001
f 6185 6001 6186
f 6185 6183 6001
f 6187 6188 6189
f 6190 6187 6189
f 6191 6192 6193
f 6190 6193 6194
f 6192 6194 6193
f 6192 6195 6194
f 5994 5993 6017
f 6191 6017 6196
f 6197 5993 5996
f 6017 5993 6197
f 6198 6197 5996
f 6197 6196 6017
f 6198 6196 6197
f 5996 5997 6199
f 6000 6199 5997
f 5997 5998 6000
f 5983 6173 6000
f 5843 6002 6200
f 6001 5843 6200
f 6001 6200 6186
f 6002 6201 6200
f 6200 6201 6202
f 6202 6186 6200
f 6201 6002 6003
f 6201 6003 6203
f 6003 6004 6203
f 6204 6202 6201
f 6203 6204 6201
f 6203 6004 6205
f 6005 6006 6004
f 6006 6206 6004
f 6004 6206 6207
f 6207 6205 6004
f 5846 5849 6208
f 6006 5846 6208
f 6208 5849 6209
f 5849 6007 6209
f 6208 6206 6006
f 6209 6210 6211
f 6207 6206 6211
f 6206 6208 6211
f 6211 6208 6209
f 6207 6211 6212
f 6209 6213 6210
f 6213 6007 6008
f 6209 6007 6213
f 6213 6008 6214
f 6008 5850 6009
f 6009 6188 6008
f 6188 6214 6008
f 5851 6012 6009
f 6009 6012 6215
f 6215 6012 6190
f 6012 6011 6190
f 6188 6009 6215
f 6188 6215 6189
f 6189 6215 6190
f 6190 6015 6193
f 6193 6015 6016
f 6190 6011 6015
f 6016 6191 6193
f 6191 6016 6017
f 6216 6018 6217
f 6018 5724 6217
f 6218 6219 6216
f 6216 6219 6018
f 6018 6219 6019
f 6219 6220 6021
f 6021 6220 5867
f 6019 6219 6020
f 6219 6021 6020
f 6220 6023 5867
f 6221 6023 6220
f 6221 6222 6223
f 6223 6023 6221
f 5724 5726 6217
f 6224 6225 6226
f 6226 6225 6227
f 5861 6027 6224
f 6228 6229 6230
f 6023 5868 5867
f 6230 6028 6228
f 6228 6028 5868
f 6223 5868 6023
f 6228 5868 6229
f 6225 6224 6027
f 6027 6025 6227
f 6225 6027 6227
f 6028 6230 5866
f 5866 6230 6025
f 6030 6032 6231
f 6232 6030 6233
f 6233 6030 6231
f 6233 6231 6234
f 6031 6030 6033
f 6033 6235 5875
f 6030 6232 6033
f 6033 6232 6236
f 5873 5875 6237
f 5876 5873 6237
f 5876 6237 6238
f 6239 6240 6241
f 6240 6239 6238
f 6231 6037 6242
f 6032 6036 6037
f 6231 6032 6037
f 6243 6231 6242
f 6234 6231 6032
f 6234 6032 6231
f 6242 6231 6243
f 6231 6242 6037
f 6037 6244 6231
f 6243 6234 6231
f 6244 6243 6231
f 6243 6244 6245
f 6239 6241 6246
f 6247 6248 6246
f 6239 5876 6238
f 6248 6245 6244
f 6042 6249 6043
f 5448 6043 6250
f 6249 6251 6043
f 6043 6251 6250
f 6251 6249 6252
f 6251 5448 6250
f 5448 6251 5880
f 5746 6253 5108
f 6253 6045 5108
f 5108 6045 5589
f 6254 6255 6256
f 6047 6254 6256
f 6047 6045 6254
f 6257 6255 6254
f 6258 6042 6044
f 6258 6249 6042
f 6252 6249 6258
f 6259 6252 6258
f 6048 6047 6256
f 6260 6048 6256
f 6260 6052 6048
f 6261 6054 6052
f 6260 6261 6052
f 6255 6261 6260
f 6255 6260 6256
f 6255 6257 6262
f 6255 6262 6261
f 6048 6052 6049
f 6044 6050 6263
f 6044 6263 6258
f 6059 6051 6054
f 6264 6059 6054
f 6054 6265 6264
f 6266 6059 6265
f 6265 6059 6264
f 6261 6265 6054
f 6265 6267 6266
f 6263 6050 6056
f 6268 6269 6074
f 6077 6058 6059
f 6077 6075 6058
f 6268 6266 6267
f 6266 6268 6077
f 6059 6266 6077
f 6071 6070 6270
f 6070 6271 6270
f 6071 5915 6070
f 6263 6056 6071
f 6071 6270 6263
f 6272 6263 6270
f 6273 6274 6275
f 6074 6077 6268
f 6269 6076 6074
f 6274 6076 6269
f 6269 6276 6274
f 6268 6276 6269
f 6274 6276 6268
f 6086 6087 6085
f 6087 6277 6085
f 6085 6277 6278
f 6087 6279 6277
f 6278 6277 6279
f 6089 6280 6090
f 6089 6085 6278
f 6281 6089 6278
f 6280 6089 6281
f 6282 6280 6281
f 6068 6090 6280
f 6092 6068 6283
f 6283 6284 6092
f 6285 6068 6280
f 6283 6068 6285
f 6284 6283 6285
f 6285 6280 6282
f 6286 6284 6285
f 6287 6093 6092
f 6286 6287 6092
f 6286 6092 6284
f 6286 6288 6287
f 6286 6289 6288
f 6287 6098 6093
f 6098 6290 6099
f 6098 6291 6290
f 6099 6100 6102
f 6292 6101 6100
f 6099 6292 6100
f 6101 6292 6271
f 6290 6292 6099
f 6290 6291 6292
f 6293 6271 6292
f 6292 6291 6293
f 6101 6070 6069
f 6070 6101 6271
f 6271 6294 6270
f 6271 6293 6294
f 6119 6106 6105
f 6119 6105 6273
f 6119 6295 6120
f 6273 6295 6119
f 6296 6295 6273
f 6274 6273 6105
f 6076 6274 6105
f 5949 6297 6121
f 6298 6122 6121
f 5794 6122 6298
f 5794 6299 5795
f 5794 6298 6300
f 6299 5794 6300
f 6299 6107 5795
f 6301 6108 6107
f 6301 6107 6299
f 6108 6302 5932
f 5932 6302 6303
f 6301 6302 6108
f 6301 6304 6302
f 6304 6303 6302
f 6303 6109 5932
f 6305 6109 6303
f 6305 6303 6304
f 6109 6305 6306
f 6307 6306 6305
f 6308 6307 6305
f 6306 6309 6109
f 6109 6309 5935
f 6309 6110 5935
f 6306 6307 6309
f 6310 6309 6307
f 6110 6309 6310
f 6310 6311 6110
f 6110 6312 6112
f 6110 6311 6312
f 6311 6313 6312
f 6312 6115 6112
f 6313 6314 6312
f 6078 6080 6116
f 6115 6116 6080
f 6312 6314 6115
f 6087 6081 6116
f 6314 6116 6115
f 6087 6116 6314
f 6314 6279 6087
f 6278 6279 6315
f 6315 6279 6314
f 6314 6316 6315
f 6281 6278 6315
f 6281 6315 6317
f 6317 6318 6281
f 6318 6282 6281
f 6285 6319 6286
f 6320 6285 6282
f 6319 6285 6321
f 6322 6289 6286
f 6319 6322 6286
f 6322 6323 6289
f 6288 6098 6287
f 6288 6289 6098
f 6289 6291 6098
f 6324 6291 6289
f 6325 6326 6296
f 6326 6325 6327
f 6295 6328 6120
f 6328 6124 6120
f 6326 6295 6296
f 6326 6328 6295
f 5799 5948 5949
f 5949 5948 6297
f 6120 6124 6118
f 6328 6329 6124
f 6329 6330 6124
f 6327 6328 6326
f 6331 6126 6125
f 6332 6126 6331
f 6333 6334 6332
f 6331 6333 6332
f 5655 6332 6334
f 6333 6331 6335
f 6333 6335 6336
f 6337 6336 6335
f 6334 6333 6338
f 6333 6336 6338
f 6332 5655 6126
f 6128 6133 6127
f 6339 6128 6330
f 6124 6128 6123
f 6124 6330 6128
f 6130 6138 6129
f 6125 6129 6331
f 6331 6129 6335
f 6335 6129 6337
f 6337 6129 6138
f 6337 6138 6340
f 6337 6340 6341
f 6342 6343 6344
f 6134 6135 6141
f 6135 6134 6131
f 6345 6141 6135
f 6346 6135 6128
f 6347 6345 6135
f 6346 6347 6135
f 6347 6343 6345
f 6343 6141 6345
f 6346 6344 6347
f 6344 6343 6347
f 6348 6344 6346
f 6128 6135 6133
f 6339 6346 6128
f 6349 6340 6138
f 6350 6349 6351
f 6351 6349 6146
f 6349 6350 6340
f 6138 6136 6349
f 6349 6136 6146
f 6143 6142 6352
f 6343 6142 6141
f 6343 6342 6142
f 6142 6342 6352
f 6351 6146 6353
f 6350 6353 6354
f 6350 6351 6353
f 6354 6353 6355
f 6350 6354 6356
f 6356 6354 6357
f 6354 6355 6357
f 6147 6144 6358
f 6145 6144 6147
f 6147 6358 6146
f 6358 6355 6146
f 6355 6358 6359
f 6358 6360 6359
f 6353 6146 6355
f 6154 6150 6149
f 6361 6154 6362
f 6361 6150 6154
f 6150 6361 6363
f 6363 6361 6364
f 6148 6154 6149
f 6154 6143 6362
f 6143 6352 6362
f 6362 6352 6365
f 6366 6362 6365
f 6143 6152 6139
f 6143 6154 6152
f 6358 6144 6156
f 6358 6156 6158
f 6358 6158 6360
f 6367 6360 6158
f 6359 6360 6367
f 6367 6158 6368
f 6355 6359 6367
f 6369 6367 6368
f 6370 6369 6368
f 6369 6355 6367
f 6370 6368 6158
f 6158 6159 6370
f 6159 6371 6370
f 6372 6370 6371
f 6373 6374 6375
f 6376 6179 6377
f 6179 6378 6377
f 6377 6379 6376
f 6377 6378 6379
f 6160 6380 6162
f 6160 6150 6380
f 6162 6380 6163
f 6161 6163 6179
f 6179 6163 6380
f 6380 6378 6179
f 6380 6363 6378
f 6150 6363 6380
f 6381 6378 6382
f 6148 6150 6160
f 6159 6157 5968
f 6371 6159 6167
f 6383 6167 6169
f 6371 6167 6383
f 6384 6169 6184
f 6199 6385 6386
f 6386 6385 6387
f 6385 6388 6389
f 6387 6385 6389
f 6199 6000 6171
f 6199 6171 6388
f 6171 6390 6388
f 6385 6199 6388
f 6390 6373 6375
f 6172 6176 6170
f 6174 6391 6175
f 6170 6176 6171
f 6176 6390 6171
f 6175 6392 6176
f 6374 6392 6175
f 6392 6390 6176
f 6374 6373 6392
f 6373 6390 6392
f 6174 6179 6376
f 6174 6376 6391
f 6175 6391 6376
f 6374 6376 6379
f 6175 6376 6374
f 6168 6184 6169
f 6168 6181 6184
f 6184 6183 6393
f 6185 6393 6183
f 6384 6184 6393
f 6185 6384 6393
f 6185 6186 6394
f 6394 6186 6202
f 6202 6395 6394
f 6204 6395 6202
f 6396 6397 6398
f 6397 6210 6398
f 6210 6399 6398
f 6213 6399 6210
f 6187 6190 6194
f 6187 6194 6400
f 6187 6400 6401
f 6194 6195 6400
f 6400 6195 6402
f 6401 6400 6402
f 6195 6403 6402
f 6196 6198 6404
f 6192 6191 6196
f 6196 6404 6192
f 6195 6192 6405
f 6192 6404 6405
f 6405 6403 6195
f 6405 6406 6407
f 6198 5996 6386
f 6408 6404 6198
f 6386 6408 6198
f 6404 6408 6405
f 6408 6386 6406
f 6405 6408 6406
f 6386 6387 6406
f 6199 6386 5996
f 6204 6203 6409
f 6203 6205 6409
f 6409 6205 6410
f 6205 6207 6212
f 6212 6410 6205
f 6410 6212 6397
f 6411 6397 6396
f 6412 6409 6410
f 6397 6411 6410
f 6412 6410 6411
f 6212 6211 6210
f 6397 6212 6210
f 6399 6213 6214
f 6187 6214 6188
f 6413 6220 6414
f 6217 6415 6216
f 6415 6416 6216
f 6217 6417 6415
f 5726 6417 6217
f 6417 6418 6415
f 6418 6417 5726
f 6415 6418 6416
f 6414 6219 6218
f 6216 6416 6419
f 6419 6218 6216
f 6414 6220 6219
f 6413 6221 6220
f 6223 6222 6420
f 6421 6223 6420
f 6420 6422 6421
f 6226 6423 6224
f 6227 6025 6230
f 6230 6229 6424
f 6230 6424 6425
f 5868 6421 6422
f 6223 6421 5868
f 5868 6422 6229
f 6424 6229 6422
f 6033 6236 6426
f 6236 6232 6427
f 6033 6428 6235
f 6033 6426 6428
f 6428 6426 6236
f 6237 5875 6429
f 6237 6429 6240
f 5875 6235 6430
f 6429 6431 6240
f 6232 6233 6432
f 6432 6233 6234
f 6433 6432 6234
f 6243 6433 6234
f 6232 6432 6427
f 6434 6433 6243
f 6434 6243 6435
f 6240 6238 6237
f 6240 6431 6241
f 6436 6241 6431
f 6245 6435 6243
f 6245 6437 6435
f 6241 6438 6246
f 6438 6247 6246
f 6438 6248 6247
f 6439 6437 6245
f 6439 6245 6248
f 6438 6440 6248
f 6439 6248 6440
f 6436 6441 6442
f 6443 6251 6444
f 6443 6445 6251
f 6251 6445 5880
f 6444 6446 6443
f 6443 6446 6447
f 6445 6448 5880
f 6445 6443 6448
f 6448 6449 6445
f 6449 6448 6445
f 6443 6447 6448
f 5880 6450 5746
f 6450 6451 5746
f 6045 6452 6257
f 6453 6045 6452
f 6253 6452 6045
f 6452 6253 6454
f 6045 6257 6254
f 6257 6045 6262
f 6045 6257 6452
f 6259 6251 6252
f 6251 6259 6444
f 6259 6455 6456
f 6259 6456 6444
f 6446 6444 6456
f 6456 6447 6446
f 6457 6458 6459
f 6452 6454 6453
f 6454 6460 6453
f 6460 6461 6453
f 6462 6460 6454
f 6458 6460 6462
f 6458 6462 6459
f 6462 6253 6459
f 6253 6462 6454
f 6261 6262 6461
f 6461 6262 6453
f 6463 6261 6461
f 6262 6045 6453
f 6464 6258 6465
f 6259 6258 6464
f 6259 6464 6455
f 6464 6466 6455
f 6455 6466 6456
f 6467 6468 6458
f 6458 6457 6467
f 6267 6463 6469
f 6469 6463 6468
f 6463 6461 6460
f 6458 6463 6460
f 6468 6463 6458
f 6261 6463 6265
f 6463 6267 6265
f 6465 6258 6263
f 6469 6268 6267
f 6465 6263 6272
f 6470 6464 6465
f 6457 6471 6467
f 6274 6469 6275
f 6275 6469 6468
f 6469 6274 6268
f 6472 6473 6300
f 6473 6474 6300
f 6474 6475 6300
f 6293 6291 6476
f 6293 6476 6477
f 6270 6294 6272
f 6293 6477 6294
f 6294 6477 6272
f 6477 6465 6272
f 6477 6470 6465
f 6275 6327 6325
f 6275 6468 6467
f 6275 6296 6273
f 6325 6296 6275
f 6478 6297 5948
f 6478 5948 5655
f 6479 6297 6480
f 6481 6479 6480
f 6478 6480 6297
f 6121 6297 6479
f 6479 6298 6121
f 6479 6472 6298
f 6472 6300 6298
f 6475 6299 6300
f 6299 6475 6301
f 6475 6482 6301
f 6483 6484 6482
f 6482 6484 6301
f 6484 6304 6301
f 6304 6308 6305
f 6485 6308 6304
f 6486 6485 6304
f 6485 6307 6308
f 6485 6487 6307
f 6487 6488 6307
f 6307 6488 6311
f 6307 6311 6310
f 6313 6311 6489
f 6490 6313 6491
f 6313 6490 6314
f 6314 6492 6316
f 6314 6490 6492
f 6315 6316 6318
f 6317 6315 6318
f 6318 6320 6282
f 6493 6320 6318
f 6316 6493 6318
f 6494 6320 6493
f 6321 6285 6320
f 6322 6319 6321
f 6320 6494 6321
f 6494 6495 6321
f 6321 6495 6322
f 6496 6497 6494
f 6494 6497 6495
f 6497 6322 6495
f 6496 6494 6493
f 6322 6498 6323
f 6498 6324 6323
f 6498 6499 6324
f 6322 6497 6498
f 6289 6323 6324
f 6324 6499 6291
f 6291 6500 6476
f 6476 6500 6477
f 6501 6467 6471
f 6327 6275 6467
f 6334 6502 5655
f 6488 6503 6311
f 6503 6489 6311
f 6491 6489 6503
f 6489 6491 6313
f 6504 6490 6505
f 6492 6490 6504
f 6492 6504 6506
f 6506 6316 6492
f 6316 6506 6493
f 6506 6496 6493
f 6497 6496 6507
f 6497 6499 6498
f 6507 6499 6497
f 6508 6501 6509
f 6510 6508 6509
f 6501 6511 6509
f 6512 6330 6329
f 6513 6329 6327
f 6513 6512 6329
f 6514 6512 6508
f 6501 6512 6327
f 6327 6512 6513
f 6508 6512 6501
f 6467 6501 6327
f 6327 6329 6328
f 6338 6336 6515
f 6516 6515 6336
f 6517 6518 6519
f 6519 6510 6520
f 6521 6520 6510
f 6518 6339 6514
f 6346 6339 6518
f 6518 6348 6346
f 6519 6518 6508
f 6508 6518 6514
f 6348 6518 6517
f 6510 6519 6508
f 6330 6512 6514
f 6514 6339 6330
f 6336 6337 6341
f 6341 6340 6522
f 6341 6516 6336
f 6516 6341 6522
f 6522 6523 6516
f 6522 6524 6523
f 6523 6525 6516
f 6523 6524 6526
f 6527 6520 6528
f 6529 6530 6527
f 6529 6527 6528
f 6521 6528 6520
f 6531 6348 6517
f 6342 6348 6532
f 6532 6348 6531
f 6348 6342 6344
f 6531 6517 6519
f 6527 6531 6520
f 6532 6531 6527
f 6531 6519 6520
f 6532 6527 6530
f 6522 6340 6533
f 6533 6356 6534
f 6535 6522 6533
f 6533 6536 6535
f 6536 6534 6537
f 6536 6533 6534
f 6535 6524 6522
f 6535 6536 6524
f 6350 6356 6340
f 6340 6356 6533
f 6538 6366 6365
f 6539 6366 6538
f 6529 6540 6538
f 6529 6538 6365
f 6539 6538 6541
f 6365 6352 6530
f 6530 6529 6365
f 6532 6530 6342
f 6530 6352 6342
f 6355 6542 6357
f 6357 6542 6543
f 6356 6357 6534
f 6534 6357 6537
f 6543 6542 6544
f 6545 6357 6543
f 6543 6544 6545
f 6357 6545 6537
f 6544 6546 6545
f 6547 6537 6545
f 6547 6545 6546
f 6548 6549 6381
f 6550 6548 6381
f 6550 6551 6548
f 6549 6548 6552
f 6553 6548 6551
f 6554 6553 6551
f 6363 6382 6378
f 6363 6364 6382
f 6550 6381 6382
f 6364 6555 6382
f 6554 6382 6555
f 6382 6554 6550
f 6555 6539 6554
f 6550 6554 6551
f 6553 6554 6539
f 6361 6362 6364
f 6539 6555 6366
f 6555 6364 6366
f 6366 6364 6362
f 6542 6355 6369
f 6372 6369 6370
f 6369 6556 6542
f 6372 6557 6369
f 6558 6557 6372
f 6559 6557 6558
f 6372 6383 6558
f 6560 6561 6562
f 6375 6561 6560
f 6563 6560 6562
f 6563 6564 6560
f 6374 6565 6375
f 6566 6565 6549
f 6375 6565 6566
f 6374 6549 6565
f 6566 6561 6375
f 6566 6549 6552
f 6552 6561 6566
f 6378 6549 6379
f 6379 6549 6374
f 6378 6381 6549
f 6372 6371 6383
f 6169 6567 6383
f 6384 6567 6169
f 6384 6568 6567
f 6384 6569 6568
f 6569 6185 6570
f 6571 6572 6573
f 6571 6401 6574
f 6401 6575 6574
f 6402 6575 6401
f 6571 6574 6572
f 6576 6574 6575
f 6575 6402 6577
f 6402 6578 6577
f 6577 6576 6575
f 6579 6405 6407
f 6407 6580 6579
f 6579 6580 6578
f 6579 6578 6402
f 6581 6407 6406
f 6406 6387 6581
f 6582 6581 6563
f 6580 6581 6582
f 6407 6581 6580
f 6387 6583 6581
f 6389 6583 6387
f 6583 6389 6584
f 6583 6584 6564
f 6581 6583 6563
f 6583 6564 6563
f 6388 6390 6584
f 6389 6388 6584
f 6584 6390 6560
f 6564 6584 6560
f 6375 6560 6390
f 6569 6384 6185
f 6585 6185 6586
f 6394 6586 6185
f 6587 6585 6586
f 6588 6586 6394
f 6394 6395 6588
f 6587 6586 6588
f 6588 6589 6587
f 6395 6204 6589
f 6589 6588 6395
f 6589 6204 6409
f 6589 6409 6412
f 6412 6411 6396
f 6396 6590 6412
f 6591 6590 6592
f 6412 6590 6591
f 6396 6398 6590
f 6590 6398 6592
f 6398 6399 6593
f 6214 6593 6399
f 6398 6593 6594
f 6593 6595 6594
f 6573 6595 6593
f 6596 6594 6597
f 6598 6593 6214
f 6593 6598 6573
f 6214 6187 6598
f 6571 6573 6598
f 6598 6187 6401
f 6598 6401 6571
f 6579 6403 6405
f 6403 6579 6402
f 6599 6600 6416
f 6599 6416 6601
f 6419 6416 6602
f 6600 6599 6603
f 6601 6603 6599
f 6419 6602 6604
f 6605 6416 6600
f 6603 6601 6606
f 6607 6414 6608
f 6414 6218 6608
f 6419 6609 6608
f 6608 6609 6607
f 6218 6419 6608
f 6609 6419 6604
f 6609 6413 6607
f 6413 6414 6607
f 6610 6611 6413
f 6611 6610 6612
f 6611 6221 6413
f 6613 6614 6615
f 6616 6617 6618
f 6617 6616 6613
f 6618 6619 6616
f 6613 6616 6614
f 6616 6619 6620
f 6614 6616 6613
f 6620 6619 6616
f 6616 6619 6613
f 6613 6615 6617
f 6601 6416 6418
f 6621 6601 6418
f 6621 6606 6601
f 6621 6418 5726
f 5861 6621 5726
f 6423 5861 6224
f 6621 5861 6423
f 6622 6621 6423
f 6622 6423 6623
f 6227 6622 6623
f 6612 6624 6611
f 6420 6222 6625
f 6624 6221 6611
f 6221 6624 6625
f 6222 6221 6625
f 6420 6625 6422
f 6625 6624 6626
f 6422 6625 6627
f 6624 6612 6626
f 6626 6628 6627
f 6625 6626 6627
f 6628 6629 6627
f 6630 6614 6613
f 6619 6631 6613
f 6613 6631 6630
f 6425 6227 6230
f 6423 6226 6623
f 6226 6227 6623
f 6629 6632 6424
f 6424 6632 6425
f 6424 6627 6629
f 6422 6627 6424
f 6428 6633 6634
f 6235 6428 6635
f 6636 6637 6429
f 6427 6428 6236
f 6427 6432 6638
f 6633 6428 6427
f 6639 6427 6638
f 6638 6640 6639
f 6429 5875 6430
f 6235 6635 6430
f 6235 6430 6635
f 6235 6429 6430
f 6431 6429 6641
f 6642 6431 6641
f 6235 6636 6429
f 6429 6643 6641
f 6429 6637 6643
f 6642 6641 6644
f 6641 6643 6644
f 6432 6433 6434
f 6434 6645 6432
f 6435 6437 6434
f 6640 6638 6432
f 6437 6439 6434
f 6640 6432 6645
f 6439 6645 6434
f 6434 6646 6439
f 6647 6439 6440
f 6646 6434 6439
f 6241 6436 6438
f 6436 6440 6438
f 6648 6649 6436
f 6431 6642 6436
f 6436 6642 6648
f 6440 6441 6650
f 6436 6441 6440
f 6647 6440 6650
f 6647 6650 6651
f 6652 6648 6644
f 6648 6642 6644
f 6441 6436 6442
f 6436 6649 6442
f 6441 6442 6650
f 6436 6442 6441
f 6448 6653 6654
f 6654 5880 6448
f 6654 6653 6655
f 6654 6655 6656
f 5880 6654 6656
f 6657 6656 6655
f 5880 6656 6657
f 5880 6657 6658
f 6450 5880 6658
f 6658 6659 6450
f 6253 5746 6451
f 6450 6659 6451
f 6451 6659 6660
f 6659 6661 6660
f 6662 6663 6660
f 6451 6663 6662
f 6660 6663 6451
f 6451 6664 6253
f 6451 6662 6664
f 6662 6665 6664
f 6666 6667 6253
f 6253 6667 6668
f 6665 6669 6667
f 6253 6664 6666
f 6666 6665 6667
f 6666 6664 6665
f 6253 6668 6670
f 6667 6669 6670
f 6667 6670 6668
f 6448 6447 6653
f 6653 6447 6671
f 6655 6653 6671
f 6447 6672 6671
f 6655 6671 6657
f 6658 6657 6659
f 6659 6657 6673
f 6659 6673 6661
f 6661 6662 6660
f 6665 6457 6669
f 6670 6459 6253
f 6670 6457 6459
f 6457 6670 6669
f 6456 6466 6672
f 6672 6447 6456
f 6672 6674 6671
f 6675 6671 6674
f 6657 6671 6676
f 6657 6676 6677
f 6671 6675 6676
f 6673 6657 6677
f 6673 6677 6678
f 6673 6678 6661
f 6678 6679 6661
f 6661 6679 6680
f 6661 6680 6662
f 6662 6680 6681
f 6470 6466 6464
f 6672 6466 6470
f 6672 6470 6674
f 6676 6675 6677
f 6679 6682 6680
f 6680 6683 6681
f 6470 6684 6674
f 6674 6684 6675
f 6681 6683 6685
f 6686 6681 6685
f 6662 6681 6665
f 6681 6687 6665
f 6478 6688 6480
f 6479 6481 6472
f 6481 6480 6689
f 6481 6690 6472
f 6690 6481 6691
f 6690 6473 6472
f 6692 6693 6473
f 6694 6475 6474
f 6693 6474 6473
f 6693 6695 6694
f 6474 6693 6694
f 6482 6475 6694
f 6694 6483 6482
f 6694 6696 6483
f 6483 6696 6484
f 6470 6477 6697
f 6698 6470 6697
f 6470 6698 6699
f 6470 6699 6684
f 6686 6685 6700
f 6685 6701 6700
f 6687 6681 6686
f 6700 6687 6686
f 6702 6665 6687
f 6665 6702 6457
f 6457 6702 6471
f 6502 6478 5655
f 6334 6703 6502
f 6703 6478 6502
f 6484 6486 6304
f 6484 6696 6486
f 6696 6704 6486
f 6704 6705 6486
f 6486 6487 6485
f 6486 6705 6487
f 6706 6487 6705
f 6706 6488 6487
f 6499 6707 6291
f 6500 6291 6707
f 6500 6708 6709
f 6707 6708 6500
f 6477 6709 6697
f 6477 6500 6709
f 6709 6698 6697
f 6710 6709 6708
f 6709 6710 6698
f 6698 6710 6699
f 6700 6711 6712
f 6700 6712 6687
f 6471 6511 6501
f 6702 6511 6471
f 6702 6712 6511
f 6713 6511 6712
f 6511 6713 6509
f 6687 6712 6702
f 6714 6334 6338
f 6338 6715 6714
f 6715 6338 6716
f 6338 6717 6716
f 6715 6716 6718
f 6705 6719 6706
f 6706 6720 6488
f 6488 6720 6503
f 6721 6503 6720
f 6722 6491 6503
f 6722 6503 6721
f 6491 6505 6490
f 6722 6505 6491
f 6505 6722 6723
f 6723 6722 6724
f 6723 6504 6505
f 6723 6724 6725
f 6506 6504 6726
f 6726 6504 6723
f 6726 6723 6725
f 6726 6725 6727
f 6728 6506 6726
f 6728 6726 6727
f 6728 6496 6506
f 6728 6729 6496
f 6729 6507 6496
f 6507 6730 6731
f 6507 6729 6732
f 6730 6507 6732
f 6507 6731 6499
f 6731 6730 6733
f 6730 6732 6733
f 6733 6732 6734
f 6707 6499 6731
f 6731 6735 6707
f 6735 6731 6733
f 6707 6735 6708
f 6708 6735 6736
f 6710 6708 6736
f 6737 6738 6711
f 6737 6711 6700
f 6711 6738 6739
f 6713 6740 6510
f 6713 6712 6739
f 6740 6713 6739
f 6711 6739 6712
f 6713 6510 6509
f 6515 6525 6717
f 6516 6525 6515
f 6515 6717 6338
f 6526 6741 6525
f 6525 6741 6717
f 6526 6742 6741
f 6727 6743 6728
f 6732 6729 6728
f 6738 6737 6744
f 6737 6745 6744
f 6745 6746 6744
f 6744 6746 6747
f 6738 6748 6749
f 6749 6748 6750
f 6747 6738 6744
f 6749 6521 6740
f 6750 6521 6749
f 6738 6749 6739
f 6749 6740 6739
f 6521 6510 6740
f 6523 6526 6525
f 6526 6524 6751
f 6524 6752 6751
f 6753 6754 6755
f 6754 6756 6755
f 6755 6757 6753
f 6758 6541 6759
f 6754 6758 6759
f 6760 6747 6756
f 6756 6759 6760
f 6756 6746 6755
f 6746 6756 6747
f 6538 6540 6541
f 6541 6540 6750
f 6541 6750 6759
f 6760 6750 6748
f 6760 6759 6750
f 6738 6747 6748
f 6747 6760 6748
f 6528 6521 6750
f 6540 6528 6750
f 6540 6529 6528
f 6761 6536 6537
f 6537 6547 6761
f 6524 6536 6752
f 6536 6761 6752
f 6752 6762 6751
f 6763 6764 6765
f 6764 6766 6765
f 6766 6767 6765
f 6753 6765 6754
f 6754 6765 6767
f 6763 6765 6753
f 6757 6763 6753
f 6539 6767 6553
f 6541 6758 6539
f 6758 6767 6539
f 6756 6754 6759
f 6767 6758 6754
f 6762 6752 6547
f 6547 6752 6761
f 6547 6768 6762
f 6769 6546 6770
f 6769 6771 6546
f 6772 6546 6771
f 6764 6773 6774
f 6764 6775 6776
f 6552 6775 6774
f 6776 6775 6552
f 6776 6552 6548
f 6775 6764 6774
f 6548 6553 6766
f 6776 6766 6764
f 6553 6767 6766
f 6766 6776 6548
f 6544 6542 6556
f 6544 6556 6770
f 6770 6556 6369
f 6770 6546 6544
f 6771 6769 6777
f 6770 6369 6557
f 6769 6770 6557
f 6559 6769 6557
f 6778 6769 6559
f 6777 6769 6778
f 6559 6779 6778
f 6383 6780 6558
f 6780 6779 6558
f 6779 6559 6558
f 6780 6781 6779
f 6779 6781 6782
f 6781 6568 6783
f 6782 6784 6779
f 6782 6781 6783
f 6784 6778 6779
f 6785 6786 6787
f 6785 6787 6788
f 6789 6790 6791
f 6787 6790 6789
f 6790 6787 6792
f 6789 6793 6787
f 6794 6795 6791
f 6790 6794 6791
f 6794 6790 6796
f 6794 6562 6797
f 6774 6797 6562
f 6794 6797 6795
f 6774 6773 6797
f 6773 6795 6797
f 6563 6562 6582
f 6562 6561 6774
f 6561 6552 6774
f 6780 6383 6567
f 6780 6567 6568
f 6568 6781 6780
f 6568 6569 6783
f 6783 6569 6798
f 6799 6798 6569
f 6799 6569 6570
f 6798 6799 6800
f 6799 6570 6800
f 6570 6185 6585
f 6585 6801 6570
f 6587 6802 6801
f 6587 6589 6803
f 6589 6804 6803
f 6803 6805 6587
f 6804 6805 6803
f 6804 6806 6805
f 6804 6589 6591
f 6591 6807 6804
f 6807 6808 6804
f 6808 6806 6804
f 6807 6591 6592
f 6592 6596 6807
f 6594 6595 6597
f 6597 6595 6809
f 6597 6807 6596
f 6597 6808 6807
f 6809 6808 6597
f 6810 6573 6572
f 6810 6595 6573
f 6810 6572 6785
f 6595 6810 6809
f 6810 6785 6809
f 6811 6785 6572
f 6811 6786 6785
f 6572 6574 6812
f 6576 6812 6574
f 6812 6576 6813
f 6572 6812 6811
f 6811 6812 6786
f 6813 6786 6812
f 6786 6813 6790
f 6786 6790 6792
f 6792 6787 6786
f 6577 6813 6576
f 6794 6796 6577
f 6796 6790 6813
f 6796 6813 6577
f 6582 6577 6578
f 6580 6582 6578
f 6562 6794 6582
f 6582 6794 6577
f 6587 6801 6585
f 6591 6589 6412
f 6592 6398 6596
f 6596 6398 6594
f 6814 6815 6816
f 6817 6818 6814
f 6816 6817 6814
f 6605 6814 6602
f 6605 6815 6814
f 6819 6604 6820
f 6604 6602 6820
f 6604 6819 6609
f 6821 6609 6819
f 6822 6821 6823
f 6821 6819 6820
f 6821 6822 6609
f 6824 6609 6822
f 6824 6825 6826
f 6823 6824 6822
f 6823 6825 6824
f 6823 6827 6825
f 6816 6603 6828
f 6815 6600 6603
f 6815 6605 6600
f 6815 6603 6816
f 6606 6828 6603
f 6829 6606 6621
f 6605 6602 6416
f 6413 6609 6824
f 6413 6824 6826
f 6830 6831 6612
f 6610 6413 6830
f 6612 6610 6830
f 6830 6826 6832
f 6831 6830 6832
f 6826 6830 6413
f 6833 6832 6826
f 6833 6826 6825
f 6831 6832 6834
f 6831 6834 6612
f 6834 6835 6612
f 6835 6836 6612
f 6835 6837 6836
f 6827 6838 6825
f 6827 6839 6838
f 6839 6840 6838
f 6833 6615 6837
f 6833 6841 6615
f 6834 6837 6835
f 6837 6834 6833
f 6837 6842 6836
f 6837 6843 6842
f 6833 6841 6832
f 6833 6834 6832
f 6841 6833 6832
f 6838 6833 6825
f 6838 6841 6833
f 6840 6841 6838
f 6840 6844 6841
f 6841 6844 6845
f 6614 6837 6615
f 6837 6614 6843
f 6846 6845 6844
f 6615 6841 6617
f 6841 6845 6617
f 6845 6847 6617
f 6617 6847 6618
f 6847 6848 6618
f 6846 6847 6845
f 6849 6847 6846
f 6850 6847 6849
f 6851 6849 6846
f 6852 6849 6851
f 6853 6851 6852
f 6849 6852 6851
f 6848 6619 6618
f 6850 6619 6848
f 6850 6848 6847
f 6854 6829 6855
f 6621 6622 6855
f 6621 6855 6829
f 6856 6855 6622
f 6622 6227 6623
f 6425 6623 6227
f 6857 6622 6623
f 6623 6425 6857
f 6857 6425 6632
f 6632 6858 6859
f 6859 6860 6632
f 6632 6860 6857
f 6858 6628 6626
f 6861 6858 6626
f 6858 6632 6629
f 6629 6628 6858
f 6858 6862 6863
f 6859 6858 6863
f 6861 6626 6612
f 6861 6612 6836
f 6858 6861 6862
f 6861 6864 6862
f 6842 6861 6836
f 6865 6861 6842
f 6842 6866 6865
f 6861 6865 6864
f 6842 6843 6614
f 6842 6614 6866
f 6865 6866 6867
f 6865 6867 6864
f 6853 6866 6851
f 6862 6864 6868
f 6868 6864 6853
f 6853 6864 6866
f 6614 6630 6866
f 6867 6866 6630
f 6630 6631 6869
f 6867 6630 6869
f 6867 6869 6850
f 6867 6850 6849
f 6864 6867 6866
f 6867 6849 6866
f 6866 6849 6870
f 6866 6870 6851
f 6849 6851 6870
f 6619 6850 6869
f 6869 6631 6619
f 6633 6871 6634
f 6872 6634 6871
f 6639 6873 6871
f 6873 6639 6874
f 6875 6874 6639
f 6876 6235 6635
f 6636 6235 6876
f 6634 6876 6635
f 6635 6428 6634
f 6877 6878 6636
f 6634 6877 6876
f 6636 6876 6877
f 6634 6872 6877
f 6878 6637 6636
f 6878 6636 6637
f 6636 6879 6637
f 6636 6878 6880
f 6880 6879 6636
f 6880 6881 6879
f 6427 6639 6871
f 6633 6427 6871
f 6640 6875 6639
f 6875 6640 6645
f 6882 6875 6645
f 6645 6439 6882
f 6643 6637 6883
f 6644 6643 6883
f 6883 6884 6644
f 6883 6637 6879
f 6879 6884 6883
f 6881 6884 6879
f 6881 6885 6884
f 6881 6886 6884
f 6887 6646 6439
f 6887 6439 6647
f 6887 6647 6888
f 6651 6888 6647
f 6646 6887 6888
f 6888 6889 6646
f 6882 6439 6646
f 6884 6890 6652
f 6886 6890 6884
f 6891 6886 6892
f 6893 6891 6892
f 6894 6895 6896
f 6678 6897 6679
f 6688 6898 6480
f 6481 6689 6691
f 6689 6899 6691
f 6480 6899 6689
f 6899 6900 6691
f 6480 6898 6899
f 6901 6692 6691
f 6691 6900 6901
f 6901 6902 6692
f 6903 6901 6900
f 6902 6901 6903
f 6904 6695 6693
f 6904 6692 6902
f 6905 6904 6902
f 6695 6904 6905
f 6677 6675 6906
f 6675 6907 6906
f 6677 6906 6678
f 6678 6906 6897
f 6906 6907 6897
f 6897 6682 6679
f 6680 6682 6683
f 6682 6908 6683
f 6714 6909 6334
f 6910 6703 6909
f 6688 6478 6703
f 6334 6909 6703
f 6691 6692 6690
f 6690 6692 6473
f 6693 6692 6904
f 6911 6694 6695
f 6912 6694 6911
f 6911 6913 6912
f 6913 6914 6912
f 6696 6694 6912
f 6914 6915 6912
f 6912 6915 6696
f 6684 6916 6675
f 6916 6684 6917
f 6907 6916 6918
f 6675 6916 6907
f 6907 6918 6897
f 6897 6918 6682
f 6683 6908 6685
f 6685 6908 6701
f 6919 6714 6715
f 6919 6715 6718
f 6919 6920 6714
f 6919 6718 6921
f 6921 6718 6922
f 6920 6919 6921
f 6923 6921 6922
f 6915 6704 6696
f 6915 6924 6704
f 6925 6924 6926
f 6926 6927 6925
f 6924 6925 6704
f 6925 6705 6704
f 6925 6719 6705
f 6925 6928 6719
f 6928 6929 6719
f 6925 6927 6928
f 6927 6930 6928
f 6930 6929 6928
f 6699 6931 6684
f 6916 6917 6932
f 6684 6931 6917
f 6933 6932 6917
f 6916 6932 6918
f 6934 6918 6932
f 6932 6933 6935
f 6932 6935 6934
f 6934 6935 6936
f 6918 6934 6682
f 6937 6682 6934
f 6682 6937 6908
f 6701 6908 6938
f 6939 6716 6741
f 6716 6922 6718
f 6939 6922 6716
f 6940 6941 6939
f 6922 6941 6923
f 6922 6939 6941
f 6941 6940 6942
f 6930 6943 6929
f 6944 6706 6719
f 6929 6944 6719
f 6945 6706 6944
f 6929 6943 6944
f 6946 6720 6706
f 6947 6720 6946
f 6948 6947 6946
f 6945 6946 6706
f 6948 6949 6947
f 6947 6721 6720
f 6947 6950 6721
f 6722 6721 6724
f 6950 6724 6721
f 6951 6735 6733
f 6736 6735 6951
f 6951 6952 6736
f 6953 6699 6710
f 6736 6953 6710
f 6953 6954 6931
f 6953 6931 6699
f 6931 6954 6955
f 6933 6917 6931
f 6931 6955 6933
f 6933 6956 6935
f 6955 6956 6933
f 6935 6956 6936
f 6956 6957 6936
f 6934 6936 6958
f 6936 6957 6958
f 6937 6958 6959
f 6960 6959 6958
f 6934 6958 6937
f 6961 6962 6963
f 6938 6908 6937
f 6938 6937 6962
f 6938 6962 6961
f 6937 6959 6962
f 6701 6961 6737
f 6961 6745 6737
f 6961 6963 6745
f 6701 6938 6961
f 6701 6737 6700
f 6741 6940 6939
f 6964 6940 6741
f 6940 6964 6942
f 6964 6965 6942
f 6717 6741 6716
f 6742 6964 6741
f 6947 6949 6950
f 6966 6724 6950
f 6967 6966 6950
f 6966 6968 6724
f 6968 6966 6967
f 6967 6969 6968
f 6724 6968 6725
f 6970 6727 6725
f 6970 6725 6968
f 6743 6727 6970
f 6970 6971 6743
f 6970 6972 6971
f 6732 6728 6743
f 6743 6971 6732
f 6972 6732 6971
f 6732 6972 6734
f 6734 6972 6973
f 6951 6733 6734
f 6974 6951 6734
f 6952 6951 6974
f 6974 6734 6973
f 6973 6975 6974
f 6952 6974 6954
f 6952 6954 6953
f 6954 6974 6975
f 6952 6953 6736
f 6954 6975 6955
f 6955 6975 6956
f 6975 6957 6956
f 6960 6976 6977
f 6957 6960 6958
f 6957 6976 6960
f 6957 6978 6976
f 6959 6977 6963
f 6960 6977 6959
f 6979 6745 6963
f 6979 6746 6745
f 6979 6755 6746
f 6959 6963 6962
f 6979 6963 6977
f 6526 6980 6742
f 6526 6751 6980
f 6742 6980 6964
f 6980 6981 6964
f 6751 6981 6980
f 6964 6981 6982
f 6964 6982 6983
f 6984 6982 6981
f 6981 6985 6984
f 6970 6968 6986
f 6986 6987 6970
f 6972 6970 6987
f 6972 6987 6988
f 6972 6988 6973
f 6973 6988 6989
f 6973 6989 6975
f 6975 6989 6990
f 6990 6991 6957
f 6990 6957 6975
f 6978 6957 6991
f 6978 6991 6992
f 6978 6992 6993
f 6993 6977 6976
f 6978 6993 6976
f 6977 6757 6979
f 6977 6993 6757
f 6993 6763 6757
f 6757 6755 6979
f 6981 6751 6985
f 6751 6994 6985
f 6994 6995 6985
f 6995 6994 6996
f 6762 6768 6994
f 6762 6994 6751
f 6997 6994 6768
f 6998 6997 6999
f 7000 6988 7001
f 7001 7002 7000
f 7001 7003 7002
f 6988 7000 6989
f 6989 7000 6990
f 6990 7000 7004
f 7000 7002 7004
f 7004 7002 7005
f 7005 7006 7004
f 7005 7007 7006
f 7004 6991 6990
f 6991 7004 7006
f 6991 7006 6992
f 6992 7008 6993
f 7008 6763 6993
f 7008 6764 6763
f 6768 6547 6546
f 6768 6772 6997
f 7009 6997 6772
f 7009 6999 6997
f 6768 6546 6772
f 6771 7010 6772
f 6772 7010 7011
f 7011 7010 7012
f 7013 7012 7010
f 6772 7011 7009
f 7012 7013 7014
f 7015 7016 7017
f 7001 7017 7003
f 7018 7003 7017
f 7019 7020 7018
f 7020 7019 7021
f 7020 7003 7018
f 7022 7002 7003
f 7021 7022 7020
f 7022 7003 7020
f 7005 7022 7007
f 7002 7022 7005
f 6791 7023 7022
f 7007 7022 7023
f 6992 7006 7007
f 7007 7023 6992
f 6773 7008 7023
f 6795 6773 7023
f 7008 6992 7023
f 7008 6773 6764
f 6771 6777 7010
f 7010 6777 7013
f 7014 6778 7024
f 7024 6778 6784
f 6777 7014 7013
f 6777 6778 7014
f 7014 7024 7025
f 7025 7024 7026
f 6782 6783 7027
f 7028 6782 7027
f 6784 6782 7028
f 7026 7024 6784
f 6783 6798 7029
f 7029 7027 6783
f 7030 7027 7031
f 7031 7027 7029
f 6805 7032 7033
f 6806 7032 6805
f 7034 6806 7035
f 6808 7035 6806
f 7035 7015 7036
f 7035 7036 7034
f 7037 7035 6808
f 7037 7016 7035
f 7015 7035 7016
f 6809 7038 7037
f 7038 7016 7037
f 7017 7016 7018
f 7038 6785 6788
f 6788 7019 7038
f 6785 7038 6809
f 7019 7016 7038
f 7018 7016 7019
f 6793 6788 6787
f 7021 7019 6788
f 6793 7021 6788
f 6791 6793 6789
f 6793 6791 7022
f 7022 7021 6793
f 7023 6791 6795
f 7039 7026 6784
f 7030 7028 7027
f 7039 6784 7028
f 6800 7029 6798
f 6570 6801 6800
f 6801 7029 6800
f 6801 7031 7029
f 6802 7031 6801
f 6802 6805 7033
f 6805 6802 6587
f 7037 6808 6809
f 6818 6817 7040
f 6814 6820 6602
f 7041 7042 6820
f 6814 7041 6820
f 7041 7040 7042
f 6814 6818 7040
f 7040 7041 6814
f 7043 7042 7044
f 7040 7045 7042
f 7044 7042 7046
f 7046 7047 7044
f 6821 6820 7043
f 7043 6820 7042
f 6821 7043 7044
f 7048 6828 6606
f 6816 6828 7048
f 7048 6606 7049
f 7048 7049 7050
f 6817 6816 7048
f 7047 6821 7044
f 6823 6821 7047
f 6823 7047 7051
f 7047 7052 7051
f 7052 7047 7051
f 7051 7053 6823
f 6823 7053 7054
f 7054 7051 7055
f 7053 7051 7054
f 6823 7054 7056
f 7057 6827 6823
f 6838 6827 7057
f 7057 6823 7056
f 7049 6606 7058
f 6829 7058 6606
f 7059 7060 7054
f 7061 7060 7059
f 7054 7055 7059
f 7054 7062 7056
f 7054 7063 7062
f 7062 7063 7064
f 7054 7065 7063
f 7054 7060 7065
f 7063 7065 7066
f 7063 7066 7064
f 7057 7056 7062
f 7062 7064 7067
f 7066 7065 7068
f 7066 7068 7069
f 7070 7068 7065
f 7069 7068 7070
f 7064 7066 7069
f 7064 7069 7067
f 6827 6838 6839
f 6839 6838 6840
f 6838 7057 7062
f 7062 7067 6838
f 7066 7069 7071
f 7071 7069 7066
f 6840 6838 7067
f 6840 7072 7073
f 6840 7073 6844
f 7072 6840 7067
f 7067 7069 7072
f 7074 7072 7069
f 7073 7072 7074
f 6844 6851 6846
f 6851 6844 7073
f 7073 6853 6851
f 6851 6853 6852
f 6854 6855 6856
f 6622 6857 6856
f 6857 6860 7075
f 7075 7060 7061
f 7065 7060 7075
f 7061 6857 7075
f 7065 7075 7070
f 6859 7070 6860
f 7070 7075 6860
f 6859 6863 7076
f 6859 7076 7070
f 6862 7076 6863
f 7070 7076 7074
f 7074 7069 7070
f 7076 6862 7073
f 7073 6868 6853
f 6868 7073 6862
f 7073 7074 7076
f 7077 7078 6877
f 7077 7079 7078
f 7079 7080 7078
f 7079 7081 7080
f 7077 7082 7083
f 7077 7083 7079
f 7082 6872 7084
f 7085 7082 7084
f 7077 6877 7086
f 6877 6872 7086
f 7086 7082 7077
f 7082 7086 6872
f 6877 7078 6878
f 7087 6880 6878
f 7078 7080 6878
f 6878 7088 7087
f 7080 7088 6878
f 7089 7090 7087
f 7084 6872 6871
f 6873 6874 6871
f 7084 6871 7091
f 7091 6871 6874
f 6874 6875 7092
f 7092 7091 6874
f 7093 7091 7092
f 7087 6881 6880
f 6881 7087 6885
f 6885 7090 6881
f 7090 6885 7087
f 6892 7090 7094
f 7094 7095 6892
f 7092 6875 6882
f 7092 6882 7093
f 7096 6882 7097
f 7096 7097 7098
f 6881 6884 6885
f 6892 6886 6881
f 7090 6892 6881
f 7099 6892 7095
f 7100 7099 7095
f 7101 7100 7095
f 6646 7097 6882
f 6646 6889 7097
f 7098 6894 7102
f 6892 7099 6893
f 6893 7100 6896
f 7100 6893 7099
f 6894 6896 7100
f 6894 7100 7102
f 7103 7104 6898
f 7105 6898 7106
f 7107 7105 7108
f 7105 7109 6898
f 7107 6900 7109
f 7105 7107 7109
f 7107 7110 6900
f 7107 7108 7111
f 7111 7112 7110
f 7111 7110 7107
f 7112 7113 6903
f 7103 6898 6688
f 6899 6898 7109
f 6899 7109 6900
f 6902 6903 6905
f 7110 6903 6900
f 6903 7110 7112
f 7113 6905 6903
f 6695 6905 7113
f 7113 7114 6695
f 7114 6911 6695
f 6911 7114 7115
f 7116 7115 7114
f 6910 7103 6703
f 6714 6920 6909
f 7103 6688 6703
f 7115 6913 6911
f 7117 6914 6913
f 6913 7115 7117
f 7118 6915 6914
f 6915 7118 6924
f 7118 6926 6924
f 7119 6926 7118
f 6927 6926 7119
f 7120 6930 6927
f 6927 7119 7121
f 7122 7120 6927
f 6930 7120 7122
f 7122 6927 7121
f 6930 7122 7123
f 6923 6941 7124
f 7124 6941 7125
f 6943 6945 6944
f 6943 7126 6945
f 7123 6943 6930
f 7127 6943 7123
f 6945 6948 6946
f 6941 6942 7128
f 7128 6942 6965
f 6965 6964 6983
f 6965 6983 7129
f 7125 6941 7130
f 7130 6941 7128
f 7128 7129 7130
f 7128 6965 7129
f 6983 7131 7129
f 7132 7130 7129
f 7133 7134 6945
f 7133 7135 7134
f 7136 7135 7133
f 7134 6948 6945
f 7137 6949 6948
f 7134 7135 6948
f 7137 6948 7135
f 7138 7137 7135
f 7138 7135 7136
f 6967 6950 6949
f 6949 7139 6967
f 7139 7137 7140
f 7137 7139 6949
f 6968 6969 7141
f 6969 6967 7139
f 7139 7140 6969
f 7131 6983 7142
f 7142 7143 7131
f 7144 7131 7143
f 6983 6982 7142
f 6984 7142 6982
f 7143 7142 6984
f 6984 7145 7143
f 7136 7146 7138
f 7138 7146 7147
f 7136 7148 7146
f 7146 7148 7149
f 7150 7146 7149
f 7137 7151 7140
f 7147 7137 7138
f 7152 7151 7137
f 7137 7147 7152
f 7152 7150 7153
f 7154 7150 7155
f 7150 7154 7153
f 7146 7150 7147
f 7147 7150 7152
f 7150 7149 7155
f 7152 7153 7151
f 7140 7141 6969
f 7140 7151 7141
f 7156 7141 7151
f 7156 7151 7153
f 6968 7141 6986
f 7141 7157 6986
f 7157 7141 7156
f 7156 7158 7157
f 6986 7157 6987
f 7158 6988 7157
f 6987 7157 6988
f 6985 6995 6984
f 6984 6995 6996
f 6996 7145 6984
f 6996 7159 7145
f 6998 6994 6997
f 6996 6994 6998
f 6998 7159 6996
f 7160 6998 6999
f 6999 7161 7160
f 7160 7159 6998
f 7162 7160 7161
f 7155 7163 7164
f 7164 7165 7155
f 7155 7165 7154
f 7166 7167 7168
f 7166 7168 7169
f 7153 7154 7166
f 7154 7165 7166
f 7153 7166 7169
f 7165 7167 7166
f 7170 7156 7153
f 7153 7169 7170
f 7169 7168 7170
f 7158 7156 7170
f 7001 6988 7158
f 7158 7170 7001
f 7170 7017 7001
f 7009 7171 6999
f 7172 6999 7171
f 7171 7009 7011
f 7012 7171 7011
f 7171 7012 7173
f 6999 7172 7161
f 7171 7174 7172
f 7174 7171 7173
f 7161 7172 7174
f 7175 7174 7173
f 7176 7164 7177
f 7164 7176 7034
f 7167 7165 7036
f 7036 7164 7034
f 7164 7036 7165
f 7167 7036 7168
f 7170 7168 7017
f 7015 7017 7168
f 7015 7168 7036
f 7012 7014 7178
f 7014 7179 7178
f 7180 7030 7031
f 7180 7031 7181
f 7182 7030 7180
f 7182 7180 7181
f 7181 7183 7182
f 7031 6802 7184
f 7031 7184 7185
f 7181 7031 7186
f 7185 7186 7031
f 7186 7185 7184
f 7181 7186 7187
f 7186 7184 7188
f 7189 7181 7187
f 7187 7186 7189
f 7189 7190 7181
f 7184 7033 7191
f 7033 7032 7191
f 7184 6802 7033
f 7191 7188 7184
f 7191 7192 7176
f 7188 7191 7193
f 7193 7194 7188
f 7176 7192 7032
f 7191 7032 7192
f 7176 7195 7191
f 7196 7191 7195
f 7176 7032 7034
f 6806 7034 7032
f 7197 7198 7199
f 7197 7199 7200
f 7201 7040 7202
f 7199 7201 7202
f 7201 7203 7040
f 7201 7199 7198
f 7203 7045 7040
f 7203 7204 7045
f 7025 7179 7014
f 7205 7028 7030
f 7026 7039 7206
f 7039 7026 7206
f 7039 7028 7205
f 7205 7030 7207
f 7030 7208 7209
f 7030 7182 7208
f 7210 7182 7183
f 7208 7182 7210
f 7188 7194 7211
f 7191 7212 7193
f 7213 7214 7215
f 7214 7213 7216
f 7216 7217 7048
f 7199 7218 7200
f 7200 7218 7217
f 7217 7213 7200
f 7216 7213 7217
f 7050 7219 7216
f 7200 7213 7215
f 6817 7202 7040
f 6817 7048 7218
f 6817 7199 7202
f 7218 7199 6817
f 7218 7048 7217
f 7050 7216 7048
f 7046 7042 7045
f 7220 7047 7046
f 7220 7052 7047
f 7220 7046 7045
f 7219 7050 7221
f 7221 7058 6854
f 7221 7050 7058
f 6854 7222 7221
f 7058 7050 7049
f 7051 7052 7223
f 7051 7223 7055
f 7052 7051 7047
f 7055 7223 7224
f 7223 7055 7224
f 7225 7222 6856
f 6854 7058 6829
f 6856 7222 6854
f 7225 6856 7226
f 7227 7061 7228
f 7061 7059 7228
f 7059 7055 7228
f 7055 7223 7224
f 7228 7055 7224
f 7229 7230 7231
f 7230 7232 7231
f 7233 7234 7232
f 7235 7234 7233
f 7233 7232 7230
f 7081 7229 7236
f 7230 7229 7081
f 7237 7235 7233
f 7233 7083 7237
f 7235 7237 7238
f 7081 7079 7230
f 7236 7239 7081
f 7233 7230 7079
f 7240 7239 7236
f 7240 7241 7088
f 7239 7240 7088
f 7083 7082 7085
f 7237 7083 7085
f 7237 7085 7242
f 7243 7237 7242
f 7238 7237 7243
f 7081 7239 7080
f 7233 7079 7083
f 7239 7088 7080
f 7087 7088 7089
f 7088 7241 7244
f 7244 7245 7088
f 7242 7085 7084
f 7242 7084 7091
f 7242 7091 7246
f 7246 7091 7093
f 7243 7242 7246
f 7246 7093 7247
f 7246 7247 7243
f 7096 7247 7248
f 7089 7088 7245
f 7094 7090 7089
f 7245 7094 7089
f 7094 7101 7249
f 7093 6882 7247
f 7247 6882 7248
f 6882 7096 7248
f 7096 7250 7251
f 7250 7098 7252
f 7249 7101 7095
f 7249 7095 7094
f 7096 7098 7250
f 7101 7253 7100
f 7102 7100 7253
f 7254 7255 7256
f 7256 7257 7258
f 7256 7255 7257
f 7258 7259 7260
f 7257 7259 7258
f 7259 7261 7262
f 7263 7264 7261
f 7259 7257 7263
f 7263 7261 7259
f 7261 7265 7262
f 7261 7264 7266
f 7261 7266 7265
f 7266 7267 7265
f 7256 7268 7254
f 7256 7269 7268
f 7268 7269 7270
f 7258 7269 7256
f 7258 7260 7269
f 7269 7262 7271
f 7260 7259 7269
f 7259 7262 7269
f 7265 7271 7262
f 7265 7272 7271
f 7273 7272 7265
f 7272 7273 7271
f 7267 7274 7265
f 7275 7265 7274
f 7275 7273 7265
f 7276 7273 7275
f 7275 7274 7276
f 7108 7277 7278
f 7279 7106 7104
f 7104 7280 7279
f 7281 7282 7104
f 7104 7282 7280
f 7278 7111 7108
f 7106 7277 7108
f 7111 7283 7112
f 7278 7283 7111
f 7284 7285 7283
f 7286 7285 7284
f 7286 7287 7285
f 7104 7106 6898
f 7281 7103 6910
f 7103 7281 7104
f 7105 7106 7108
f 7285 7112 7283
f 7113 7112 7287
f 7112 7285 7287
f 7286 7288 7287
f 7289 7113 7287
f 7289 7287 7288
f 7290 7289 7288
f 7289 7290 7116
f 7289 7114 7113
f 7114 7289 7116
f 7291 7115 7116
f 7117 7291 7292
f 7116 7293 7291
f 7117 7115 7291
f 7294 6914 7117
f 7294 7117 7292
f 7295 7296 7294
f 7118 6914 7294
f 7296 7118 7294
f 7297 7296 7295
f 7298 7119 7118
f 7118 7296 7298
f 7297 7298 7296
f 7298 7299 7119
f 7298 7119 7299
f 7298 7300 7119
f 7298 7301 7300
f 7298 7302 7301
f 7298 7303 7302
f 7300 7121 7119
f 7121 7304 7122
f 7121 7305 7304
f 7304 7306 7122
f 7300 7307 7121
f 7121 7307 7305
f 7305 7306 7304
f 7307 7306 7305
f 7126 6943 7127
f 7308 6945 7126
f 7132 7129 7131
f 7131 7309 7132
f 7309 7131 7310
f 7311 7132 7309
f 7311 7312 7132
f 7309 7313 7311
f 7313 7309 7310
f 7136 7133 7314
f 7314 7133 6945
f 7315 7136 7314
f 7308 7314 6945
f 7316 7315 7314
f 7310 7131 7144
f 7313 7310 7144
f 7313 7144 7317
f 7144 7143 7145
f 7145 7318 7144
f 7145 7319 7318
f 7144 7320 7317
f 7144 7318 7320
f 7318 7321 7322
f 7318 7323 7321
f 7324 7163 7325
f 7326 7163 7149
f 7326 7327 7163
f 7163 7327 7328
f 7326 7329 7327
f 7330 7329 7326
f 7136 7326 7148
f 7148 7326 7149
f 7315 7326 7136
f 7330 7326 7315
f 7319 7145 7159
f 7318 7319 7323
f 7159 7331 7319
f 7174 7162 7161
f 7159 7160 7331
f 7162 7174 7332
f 7331 7160 7162
f 7332 7333 7162
f 7334 7333 7332
f 7323 7319 7331
f 7331 7162 7323
f 7333 7323 7162
f 7335 7334 7332
f 7336 7334 7335
f 7336 7335 7337
f 7338 7339 7340
f 7341 7342 7343
f 7341 7344 7342
f 7324 7345 7346
f 7324 7346 7177
f 7177 7163 7324
f 7345 7324 7347
f 7348 7324 7325
f 7348 7325 7344
f 7344 7341 7348
f 7348 7349 7324
f 7349 7347 7324
f 7163 7155 7149
f 7335 7174 7175
f 7335 7332 7174
f 7335 7175 7350
f 7350 7173 7351
f 7175 7173 7350
f 7350 7352 7335
f 7352 7337 7335
f 7340 7338 7353
f 7340 7353 7338
f 7345 7347 7354
f 7354 7346 7345
f 7346 7354 7355
f 7354 7347 7349
f 7164 7163 7177
f 7346 7356 7177
f 7356 7176 7177
f 7176 7356 7357
f 7355 7356 7346
f 7198 7358 7359
f 7360 7361 7198
f 7360 7359 7361
f 7203 7361 7362
f 7361 7203 7201
f 7201 7198 7361
f 7173 7012 7363
f 7363 7012 7364
f 7364 7012 7178
f 7365 7364 7178
f 7365 7178 7366
f 7351 7173 7363
f 7186 7367 7189
f 7368 7189 7367
f 7186 7188 7367
f 7189 7368 7190
f 7181 7190 7183
f 7196 7195 7369
f 7176 7357 7195
f 7355 7357 7356
f 7370 7371 7357
f 7355 7370 7357
f 7198 7197 7358
f 7358 7372 7373
f 7373 7372 7214
f 7215 7197 7200
f 7215 7372 7197
f 7359 7360 7198
f 7215 7214 7372
f 7358 7197 7372
f 7203 7374 7204
f 7375 7045 7204
f 7045 7375 7220
f 7366 7178 7179
f 7025 7026 7039
f 7039 7179 7025
f 7366 7376 7365
f 7376 7366 7179
f 7207 7030 7209
f 7209 7208 7377
f 7208 7210 7377
f 7378 7377 7210
f 7183 7379 7210
f 7378 7380 7377
f 7379 7381 7378
f 7378 7210 7379
f 7382 7367 7188
f 7368 7367 7382
f 7379 7183 7190
f 7190 7368 7379
f 7193 7212 7383
f 7382 7188 7211
f 7191 7196 7212
f 7384 7196 7369
f 7212 7196 7384
f 7385 7369 7195
f 7384 7369 7385
f 7195 7357 7385
f 7386 7214 7219
f 7216 7219 7214
f 7387 7219 7221
f 7388 7386 7219
f 7389 7390 7223
f 7391 7389 7223
f 7223 7390 7224
f 7224 7390 7392
f 7052 7391 7223
f 7207 7209 7377
f 7393 7194 7193
f 7383 7393 7193
f 7221 7225 7387
f 7394 7387 7225
f 7394 7225 7222
f 7221 7222 7225
f 7226 7395 7225
f 7395 7226 6856
f 7396 7395 6856
f 7397 7396 7398
f 7396 7397 7395
f 7227 7398 7396
f 7227 7224 7399
f 7227 7228 7224
f 7399 7224 7400
f 7393 7383 7212
f 6856 6857 7396
f 6857 7061 7396
f 7227 7396 7061
f 7401 7402 7231
f 7403 7401 7231
f 7404 7401 7403
f 7405 7404 7403
f 7406 7407 7405
f 7408 7407 7406
f 7406 7405 7403
f 7231 7409 7410
f 7411 7410 7409
f 7231 7411 7409
f 7231 7402 7411
f 7402 7412 7411
f 7413 7411 7412
f 7410 7411 7413
f 7414 7410 7413
f 7415 7416 7408
f 7415 7408 7406
f 7416 7415 7417
f 7417 7415 7418
f 7416 7407 7408
f 7419 7407 7416
f 7234 7420 7421
f 7421 7232 7234
f 7232 7403 7231
f 7421 7406 7232
f 7403 7232 7406
f 7415 7406 7421
f 7420 7415 7421
f 7415 7420 7418
f 7231 7410 7229
f 7410 7236 7229
f 7409 7236 7410
f 7410 7422 7240
f 7409 7410 7240
f 7410 7414 7422
f 7414 7241 7422
f 7241 7414 7423
f 7417 7418 7424
f 7425 7418 7426
f 7425 7426 7427
f 7424 7418 7425
f 7424 7425 7428
f 7427 7424 7428
f 7428 7425 7427
f 7420 7235 7238
f 7235 7420 7234
f 7420 7238 7418
f 7238 7426 7418
f 7409 7240 7236
f 7422 7241 7240
f 7241 7423 7429
f 7430 7429 7423
f 7431 7424 7427
f 7431 7427 7432
f 7431 7433 7424
f 7431 7434 7433
f 7435 7243 7436
f 7238 7437 7438
f 7243 7437 7238
f 7437 7243 7435
f 7238 7438 7426
f 7436 7439 7435
f 7437 7435 7438
f 7435 7439 7440
f 7244 7241 7429
f 7441 7442 7443
f 7430 7441 7443
f 7429 7430 7443
f 7444 7442 7441
f 7431 7432 7445
f 7426 7432 7427
f 7432 7426 7446
f 7435 7447 7438
f 7247 7448 7243
f 7448 7436 7243
f 7439 7436 7448
f 7439 7448 7247
f 7439 7247 7251
f 7251 7449 7450
f 7450 7449 7451
f 7450 7439 7251
f 7452 7094 7245
f 7429 7443 7244
f 7452 7244 7443
f 7245 7244 7452
f 7453 7094 7452
f 7443 7442 7452
f 7442 7454 7452
f 7452 7454 7453
f 7442 7455 7454
f 7455 7453 7454
f 7442 7444 7455
f 7432 7456 7457
f 7457 7431 7445
f 7434 7431 7457
f 7458 7434 7457
f 7446 7456 7432
f 7456 7446 7459
f 7426 7438 7446
f 7457 7445 7432
f 7438 7447 7446
f 7447 7459 7446
f 7447 7435 7460
f 7448 7247 7248
f 7248 7247 7448
f 7247 7096 7251
f 7102 7253 7449
f 7251 7252 7449
f 7449 7253 7461
f 7461 7453 7455
f 7453 7461 7253
f 7451 7449 7461
f 7451 7461 7455
f 7094 7462 7101
f 7094 7453 7462
f 7462 7253 7101
f 7453 7253 7462
f 7264 7463 7464
f 7463 7465 7464
f 7264 7466 7463
f 7458 7457 7463
f 7467 7463 7466
f 7467 7458 7463
f 7467 7466 7458
f 7457 7456 7463
f 7463 7456 7465
f 7459 7447 7468
f 7456 7459 7469
f 7470 7459 7468
f 7469 7459 7470
f 7468 7447 7460
f 7471 7470 7468
f 7252 7251 7250
f 7449 7252 7102
f 7098 7102 7252
f 7472 7473 7263
f 7264 7263 7473
f 7474 7475 7472
f 7464 7266 7264
f 7473 7476 7264
f 7466 7264 7476
f 7466 7476 7475
f 7476 7473 7475
f 7472 7475 7473
f 7465 7477 7266
f 7464 7465 7266
f 7478 7477 7465
f 7465 7456 7478
f 7478 7456 7479
f 7479 7456 7469
f 7480 7479 7469
f 7479 7480 7478
f 7481 7480 7469
f 7480 7481 7478
f 7481 7469 7470
f 7482 7483 7474
f 7483 7484 7474
f 7483 7485 7484
f 7257 7255 7474
f 7255 7254 7474
f 7482 7474 7254
f 7485 7486 7487
f 7263 7257 7472
f 7257 7474 7472
f 7487 7484 7485
f 7266 7477 7267
f 7477 7478 7267
f 7478 7477 7267
f 7477 7274 7267
f 7488 7274 7477
f 7477 7478 7488
f 7274 7488 7489
f 7488 7478 7490
f 7489 7488 7491
f 7490 7492 7488
f 7491 7488 7492
f 7491 7492 7493
f 7481 7470 7494
f 7494 7478 7481
f 7478 7494 7495
f 7478 7492 7490
f 7478 7495 7492
f 7494 7492 7495
f 7494 7470 7496
f 7492 7494 7497
f 7485 7483 7498
f 7485 7498 7499
f 7499 7500 7485
f 7499 7501 7500
f 7485 7500 7486
f 7276 7274 7489
f 7489 7502 7276
f 7276 7503 7273
f 7276 7489 7503
f 7276 7502 7489
f 7504 7505 7503
f 7489 7491 7493
f 7489 7506 7504
f 7489 7493 7506
f 7504 7503 7489
f 7507 7508 7509
f 7509 7508 7510
f 7511 7512 7513
f 7514 7511 7515
f 7516 7512 7511
f 7517 7516 7511
f 7514 7517 7511
f 7518 7512 7519
f 7513 7520 7515
f 7521 7509 7513
f 7515 7511 7513
f 7509 7522 7513
f 7521 7513 7512
f 7522 7520 7513
f 7509 7521 7512
f 7510 7522 7509
f 7518 7509 7512
f 7518 7507 7509
f 7522 7510 7523
f 7523 7510 7508
f 7520 7522 7524
f 7524 7525 7520
f 7524 7526 7525
f 7523 7527 7522
f 7527 7524 7522
f 7527 7528 7526
f 7524 7527 7526
f 7528 7529 7526
f 7529 7525 7526
f 7530 7531 7514
f 7531 7532 7514
f 7514 7515 7530
f 7530 7515 7533
f 7515 7520 7534
f 7533 7515 7534
f 7520 7525 7534
f 7533 7534 7535
f 7536 7534 7525
f 7529 7536 7525
f 7280 7537 7279
f 7537 7106 7279
f 7106 7537 7538
f 7278 7539 7283
f 7540 7284 7539
f 7283 7539 7284
f 7541 7284 7540
f 7284 7541 7286
f 7542 7286 7541
f 7543 7541 7540
f 7541 7544 7542
f 7545 7542 7544
f 7288 7286 7542
f 7290 7288 7542
f 7290 7546 7293
f 7290 7542 7545
f 7545 7546 7290
f 7547 7293 7546
f 7293 7116 7290
f 7293 7548 7292
f 7291 7293 7292
f 7293 7547 7548
f 7292 7548 7549
f 7294 7292 7549
f 7550 7297 7295
f 7297 7550 7551
f 7294 7549 7295
f 7295 7549 7550
f 7551 7550 7552
f 7551 7298 7297
f 7298 7551 7303
f 7303 7551 7553
f 7554 7551 7555
f 7301 7307 7300
f 7556 7307 7301
f 7307 7556 7306
f 7556 7557 7306
f 7554 7553 7551
f 7554 7558 7559
f 7553 7554 7559
f 7558 7554 7555
f 7555 7560 7558
f 7561 7559 7558
f 7562 7561 7558
f 7302 7303 7563
f 7303 7564 7563
f 7303 7553 7564
f 7564 7553 7559
f 7564 7559 7561
f 7565 7122 7306
f 7557 7565 7306
f 7123 7122 7127
f 7127 7122 7565
f 7566 7126 7127
f 7567 7312 7311
f 7317 7311 7313
f 7568 7311 7317
f 7567 7311 7568
f 7569 7567 7568
f 7567 7569 7570
f 7569 7568 7571
f 7560 7572 7573
f 7562 7558 7560
f 7562 7560 7573
f 7574 7573 7572
f 7314 7308 7575
f 7316 7314 7575
f 7126 7575 7308
f 7576 7575 7126
f 7566 7576 7126
f 7322 7320 7318
f 7322 7321 7323
f 7577 7317 7320
f 7578 7320 7322
f 7578 7577 7320
f 7568 7317 7577
f 7579 7578 7322
f 7579 7322 7323
f 7579 7580 7578
f 7568 7577 7578
f 7580 7579 7581
f 7339 7582 7583
f 7583 7582 7584
f 7344 7585 7342
f 7586 7585 7587
f 7342 7585 7586
f 7586 7587 7572
f 7572 7342 7586
f 7574 7572 7588
f 7587 7588 7572
f 7589 7587 7585
f 7585 7344 7589
f 7589 7344 7325
f 7590 7587 7589
f 7590 7589 7591
f 7589 7325 7591
f 7325 7163 7592
f 7592 7163 7328
f 7328 7327 7593
f 7327 7329 7593
f 7329 7594 7593
f 7595 7315 7316
f 7595 7330 7315
f 7595 7329 7330
f 7594 7329 7595
f 7595 7316 7596
f 7581 7323 7333
f 7334 7581 7333
f 7579 7323 7581
f 7597 7581 7334
f 7598 7581 7597
f 7597 7334 7336
f 7598 7597 7599
f 7600 7601 7602
f 7603 7602 7601
f 7604 7603 7340
f 7603 7604 7602
f 7339 7605 7604
f 7600 7602 7606
f 7605 7583 7604
f 7606 7602 7604
f 7605 7339 7583
f 7607 7604 7583
f 7607 7606 7604
f 7338 7608 7339
f 7339 7604 7340
f 7339 7608 7582
f 7342 7582 7608
f 7342 7584 7582
f 7608 7343 7342
f 7609 7341 7343
f 7343 7608 7610
f 7610 7609 7343
f 7611 7341 7609
f 7608 7612 7610
f 7609 7610 7612
f 7613 7611 7609
f 7614 7613 7609
f 7341 7349 7348
f 7341 7615 7349
f 7611 7613 7341
f 7591 7325 7616
f 7592 7616 7325
f 7592 7328 7617
f 7328 7593 7617
f 7618 7619 7620
f 7359 7619 7361
f 7621 7362 7361
f 7619 7621 7361
f 7359 7620 7619
f 7622 7621 7619
f 7621 7623 7362
f 7597 7624 7599
f 7336 7624 7597
f 7336 7625 7624
f 7625 7336 7337
f 7352 7601 7600
f 7350 7626 7352
f 7352 7600 7627
f 7626 7601 7352
f 7352 7627 7628
f 7627 7337 7352
f 7627 7352 7628
f 7601 7626 7628
f 7627 7600 7628
f 7600 7601 7629
f 7600 7629 7628
f 7625 7337 7627
f 7625 7627 7628
f 7625 7628 7630
f 7628 7629 7601
f 7600 7631 7629
f 7628 7629 7630
f 7628 7631 7629
f 7632 7340 7603
f 7603 7601 7600
f 7600 7632 7603
f 7632 7633 7634
f 7635 7632 7636
f 7633 7632 7635
f 7600 7631 7632
f 7631 7636 7632
f 7636 7633 7635
f 7606 7631 7600
f 7637 7638 7338
f 7340 7637 7338
f 7338 7612 7608
f 7632 7634 7340
f 7634 7633 7340
f 7633 7638 7637
f 7633 7637 7340
f 7638 7612 7338
f 7612 7638 7639
f 7639 7638 7640
f 7609 7612 7614
f 7614 7641 7613
f 7642 7641 7614
f 7641 7643 7613
f 7614 7612 7644
f 7645 7614 7644
f 7614 7645 7642
f 7612 7639 7644
f 7354 7349 7355
f 7355 7349 7646
f 7613 7615 7341
f 7615 7647 7349
f 7613 7647 7615
f 7647 7648 7349
f 7349 7648 7646
f 7643 7647 7613
f 7643 7649 7647
f 7373 7618 7358
f 7373 7650 7618
f 7358 7618 7620
f 7651 7650 7373
f 7620 7359 7358
f 7623 7374 7362
f 7374 7203 7362
f 7652 7375 7204
f 7653 7204 7374
f 7652 7220 7375
f 7652 7052 7220
f 7654 7363 7364
f 7655 7364 7365
f 7351 7656 7350
f 7656 7626 7350
f 7657 7351 7363
f 7654 7364 7655
f 7628 7626 7656
f 7351 7657 7656
f 7628 7656 7658
f 7649 7648 7647
f 7659 7371 7370
f 7355 7646 7370
f 7660 7659 7370
f 7370 7646 7660
f 7648 7660 7646
f 7660 7661 7659
f 7660 7648 7662
f 7660 7663 7661
f 7214 7664 7651
f 7214 7665 7664
f 7373 7214 7651
f 7386 7665 7214
f 7665 7386 7666
f 7666 7386 7388
f 7392 7390 7667
f 7391 7668 7389
f 7668 7390 7389
f 7669 7654 7655
f 7365 7376 7669
f 7655 7365 7669
f 7381 7379 7670
f 7670 7379 7368
f 7671 7385 7357
f 7371 7671 7357
f 7671 7371 7672
f 7659 7672 7371
f 7661 7673 7659
f 7673 7672 7659
f 7388 7387 7674
f 7674 7387 7394
f 7387 7388 7219
f 7675 7394 7225
f 7676 7398 7677
f 7392 7400 7224
f 7376 7179 7039
f 7039 7206 7678
f 7376 7039 7679
f 7678 7679 7039
f 7669 7376 7680
f 7376 7681 7680
f 7376 7679 7681
f 7679 7678 7682
f 7683 7678 7684
f 7206 7039 7205
f 7684 7678 7206
f 7684 7206 7678
f 7678 7206 7205
f 7207 7377 7685
f 7678 7205 7207
f 7377 7380 7685
f 7382 7670 7368
f 7384 7686 7212
f 7687 7671 7672
f 7394 7222 7225
f 7676 7395 7397
f 7676 7225 7395
f 7397 7398 7676
f 7227 7399 7398
f 7682 7678 7683
f 7683 7684 7688
f 7688 7684 7678
f 7678 7207 7688
f 7670 7382 7689
f 7393 7211 7194
f 7211 7393 7690
f 7690 7393 7212
f 7382 7211 7690
f 7691 7690 7692
f 7691 7211 7690
f 7382 7690 7689
f 7212 7692 7690
f 7212 7686 7692
f 7384 7693 7686
f 7385 7693 7384
f 7385 7671 7693
f 7690 7211 7691
f 7691 7694 7690
f 7691 7692 7694
f 7695 7694 7692
f 7690 7694 7689
f 7692 7686 7696
f 7695 7692 7696
f 7693 7697 7686
f 7698 7696 7686
f 7695 7696 7699
f 7696 7698 7699
f 7700 7701 7702
f 7702 7701 7703
f 7700 7702 7704
f 7704 7702 7404
f 7705 7704 7405
f 7404 7702 7706
f 7703 7706 7702
f 7703 7707 7706
f 7407 7705 7405
f 7404 7706 7402
f 7402 7706 7707
f 7708 7413 7707
f 7705 7709 7710
f 7407 7709 7705
f 7704 7404 7405
f 7711 7712 7413
f 7713 7712 7711
f 7709 7407 7710
f 7407 7419 7710
f 7404 7402 7401
f 7402 7707 7412
f 7707 7413 7412
f 7714 7715 7716
f 7710 7419 7715
f 7419 7716 7715
f 7710 7715 7717
f 7712 7414 7413
f 7712 7718 7719
f 7720 7719 7718
f 7714 7716 7721
f 7417 7419 7416
f 7417 7722 7419
f 7417 7424 7722
f 7722 7424 7723
f 7419 7722 7716
f 7716 7722 7721
f 7712 7423 7414
f 7719 7423 7712
f 7719 7724 7423
f 7725 7726 7719
f 7726 7725 7727
f 7719 7726 7724
f 7424 7728 7723
f 7729 7723 7728
f 7729 7728 7730
f 7721 7722 7723
f 7731 7721 7723
f 7732 7723 7729
f 7726 7733 7724
f 7441 7733 7726
f 7733 7441 7724
f 7733 7441 7726
f 7734 7733 7726
f 7734 7450 7733
f 7726 7727 7734
f 7735 7450 7734
f 7728 7424 7433
f 7736 7730 7433
f 7730 7728 7433
f 7730 7736 7737
f 7729 7730 7738
f 7738 7730 7737
f 7730 7729 7738
f 7729 7730 7732
f 7730 7738 7737
f 7439 7739 7440
f 7440 7739 7435
f 7460 7435 7740
f 7435 7739 7740
f 7739 7450 7740
f 7740 7450 7741
f 7735 7742 7450
f 7742 7743 7450
f 7450 7743 7741
f 7744 7455 7444
f 7744 7444 7733
f 7450 7744 7733
f 7744 7450 7451
f 7441 7733 7444
f 7444 7441 7430
f 7724 7441 7430
f 7423 7724 7430
f 7441 7444 7430
f 7736 7433 7434
f 7745 7737 7746
f 7747 7741 7743
f 7741 7747 7748
f 7748 7460 7740
f 7741 7748 7740
f 7439 7450 7739
f 7451 7455 7744
f 7458 7749 7746
f 7749 7750 7746
f 7737 7736 7434
f 7434 7746 7737
f 7434 7458 7746
f 7750 7745 7746
f 7751 7460 7748
f 7748 7752 7751
f 7750 7466 7753
f 7750 7458 7466
f 7749 7458 7750
f 7750 7753 7754
f 7755 7750 7754
f 7756 7755 7754
f 7754 7753 7756
f 7468 7460 7471
f 7471 7460 7751
f 7471 7751 7757
f 7757 7751 7758
f 7759 7758 7751
f 7759 7757 7758
f 7484 7760 7474
f 7761 7760 7487
f 7466 7475 7753
f 7754 7753 7475
f 7475 7753 7754
f 7475 7760 7753
f 7760 7475 7474
f 7760 7762 7753
f 7760 7761 7762
f 7761 7763 7762
f 7763 7756 7762
f 7756 7753 7762
f 7764 7765 7494
f 7764 7766 7767
f 7471 7496 7470
f 7471 7768 7496
f 7757 7768 7471
f 7496 7768 7494
f 7764 7494 7768
f 7769 7768 7757
f 7768 7766 7764
f 7770 7487 7486
f 7770 7761 7487
f 7771 7772 7770
f 7484 7487 7760
f 7761 7770 7763
f 7770 7772 7763
f 7772 7773 7763
f 7763 7773 7774
f 7775 7773 7776
f 7777 7775 7776
f 7493 7492 7506
f 7506 7492 7777
f 7778 7779 7777
f 7774 7773 7775
f 7494 7780 7497
f 7777 7492 7780
f 7780 7492 7497
f 7765 7780 7494
f 7765 7777 7780
f 7767 7765 7764
f 7781 7777 7765
f 7777 7781 7778
f 7767 7781 7765
f 7767 7778 7781
f 7486 7500 7771
f 7500 7501 7771
f 7771 7501 7486
f 7486 7501 7782
f 7782 7783 7486
f 7771 7770 7486
f 7771 7486 7783
f 7771 7773 7772
f 7505 7784 7783
f 7784 7505 7504
f 7783 7503 7505
f 7773 7784 7776
f 7784 7504 7776
f 7783 7784 7773
f 7771 7773 7774
f 7773 7771 7783
f 7773 7771 7774
f 7776 7504 7777
f 7506 7777 7504
f 7519 7785 7786
f 7786 7785 7787
f 7519 7512 7785
f 7785 7512 7516
f 7518 7519 7507
f 7519 7788 7507
f 7508 7507 7789
f 7523 7508 7789
f 7789 7507 7788
f 7788 7790 7789
f 7790 7523 7789
f 7523 7791 7792
f 7523 7790 7791
f 7792 7790 7793
f 7791 7790 7792
f 7794 7790 7788
f 7793 7790 7794
f 7523 7529 7527
f 7529 7528 7527
f 7523 7792 7529
f 7792 7793 7529
f 7277 7795 7796
f 7796 7797 7277
f 7278 7797 7798
f 7539 7278 7798
f 7799 7540 7539
f 7799 7800 7540
f 7801 7802 7803
f 7802 7804 7803
f 7532 7517 7514
f 7516 7517 7805
f 7532 7805 7517
f 7516 7787 7785
f 7532 7531 7801
f 7530 7801 7531
f 7787 7805 7806
f 7787 7516 7805
f 7803 7806 7805
f 7801 7803 7805
f 7532 7801 7805
f 7807 7535 7534
f 7536 7807 7534
f 7808 7807 7536
f 7529 7808 7536
f 7793 7808 7529
f 7793 7809 7808
f 7808 7809 7807
f 7538 7277 7106
f 7277 7797 7278
f 7277 7538 7810
f 7538 7537 7810
f 7277 7810 7795
f 7811 7543 7540
f 7812 7813 7801
f 7533 7814 7530
f 7814 7533 7815
f 7801 7530 7814
f 7814 7812 7801
f 7535 7816 7533
f 7815 7533 7816
f 7811 7544 7543
f 7811 7817 7818
f 7811 7818 7544
f 7544 7541 7543
f 7819 7546 7545
f 7547 7546 7819
f 7819 7545 7820
f 7821 7819 7820
f 7548 7822 7549
f 7819 7823 7547
f 7547 7823 7548
f 7548 7823 7822
f 7549 7822 7550
f 7550 7822 7824
f 7825 7822 7823
f 7550 7824 7552
f 7551 7552 7555
f 7826 7555 7552
f 7552 7824 7826
f 7555 7826 7827
f 7301 7563 7556
f 7570 7569 7828
f 7555 7829 7560
f 7830 7572 7560
f 7560 7829 7831
f 7830 7560 7831
f 7563 7301 7302
f 7564 7561 7563
f 7832 7563 7561
f 7563 7832 7833
f 7561 7834 7832
f 7832 7835 7833
f 7834 7836 7832
f 7837 7836 7834
f 7556 7565 7557
f 7556 7563 7838
f 7838 7565 7556
f 7563 7839 7838
f 7563 7833 7839
f 7839 7840 7838
f 7840 7565 7838
f 7566 7127 7841
f 7841 7127 7565
f 7842 7571 7568
f 7842 7843 7571
f 7828 7569 7571
f 7844 7828 7571
f 7844 7571 7843
f 7842 7568 7845
f 7843 7842 7846
f 7846 7842 7845
f 7847 7848 7846
f 7849 7843 7846
f 7846 7848 7849
f 7850 7843 7849
f 7848 7851 7852
f 7853 7854 7855
f 7856 7857 7858
f 7856 7858 7859
f 7860 7859 7858
f 7342 7572 7857
f 7857 7572 7861
f 7861 7572 7830
f 7562 7834 7561
f 7862 7562 7573
f 7862 7573 7863
f 7863 7573 7574
f 7864 7863 7574
f 7862 7834 7562
f 7864 7862 7863
f 7862 7864 7865
f 7834 7862 7837
f 7866 7867 7316
f 7867 7596 7316
f 7866 7575 7576
f 7866 7316 7575
f 7868 7867 7866
f 7568 7578 7845
f 7845 7578 7869
f 7847 7846 7845
f 7869 7847 7845
f 7869 7578 7580
f 7869 7580 7581
f 7598 7870 7581
f 7870 7869 7581
f 7847 7869 7848
f 7870 7848 7869
f 7851 7870 7871
f 7870 7851 7848
f 7598 7871 7870
f 7851 7871 7855
f 7872 7873 7598
f 7873 7871 7598
f 7873 7855 7871
f 7855 7873 7874
f 7875 7874 7873
f 7873 7872 7875
f 7583 7584 7876
f 7583 7876 7877
f 7876 7584 7856
f 7877 7876 7878
f 7856 7584 7857
f 7879 7878 7876
f 7876 7856 7859
f 7859 7879 7876
f 7880 7878 7879
f 7879 7881 7880
f 7584 7342 7857
f 7590 7588 7587
f 7864 7574 7588
f 7588 7882 7864
f 7883 7588 7590
f 7883 7882 7588
f 7884 7882 7883
f 7593 7885 7617
f 7594 7885 7593
f 7595 7596 7594
f 7594 7596 7885
f 7596 7867 7885
f 7885 7867 7886
f 7886 7887 7885
f 7886 7867 7888
f 7886 7888 7887
f 7889 7890 7622
f 7872 7598 7599
f 7891 7875 7872
f 7891 7872 7599
f 7607 7583 7877
f 7877 7892 7607
f 7878 7892 7877
f 7892 7893 7607
f 7893 7606 7607
f 7894 7892 7878
f 7880 7894 7878
f 7894 7895 7892
f 7896 7893 7892
f 7897 7590 7591
f 7883 7590 7897
f 7897 7591 7616
f 7592 7617 7898
f 7616 7592 7898
f 7899 7616 7898
f 7900 7901 7902
f 7903 7902 7901
f 7904 7905 7901
f 7902 7906 7900
f 7889 7900 7906
f 7901 7900 7904
f 7902 7903 7906
f 7618 7650 7902
f 7889 7622 7618
f 7907 7900 7902
f 7902 7650 7907
f 7618 7900 7889
f 7900 7618 7902
f 7618 7622 7619
f 7908 7622 7890
f 7909 7621 7622
f 7909 7622 7908
f 7909 7653 7623
f 7910 7653 7909
f 7909 7623 7621
f 7653 7374 7623
f 7653 7911 7912
f 7910 7911 7653
f 7913 7911 7910
f 7204 7653 7914
f 7912 7914 7653
f 7912 7911 7915
f 7916 7917 7918
f 7916 7919 7920
f 7916 7920 7921
f 7921 7919 7916
f 7921 7920 7919
f 7917 7916 7919
f 7917 7919 7922
f 7916 7923 7919
f 7924 7919 7925
f 7919 7926 7922
f 7926 7927 7922
f 7599 7624 7928
f 7929 7624 7625
f 7625 7930 7929
f 7624 7929 7928
f 7931 7599 7928
f 7629 7631 7630
f 7630 7628 7932
f 7630 7631 7933
f 7628 7630 7932
f 7625 7630 7934
f 7629 7631 7600
f 7935 7631 7606
f 7933 7631 7935
f 7936 7636 7937
f 7893 7935 7606
f 7896 7935 7893
f 7938 7933 7935
f 7939 7633 7636
f 7636 7936 7939
f 7939 7936 7633
f 7644 7639 7645
f 7642 7643 7641
f 7643 7642 7645
f 7645 7639 7940
f 7941 7645 7940
f 7645 7942 7643
f 7940 7645 7941
f 7905 7904 7943
f 7900 7907 7904
f 7904 7907 7944
f 7904 7944 7943
f 7943 7944 7945
f 7945 7946 7943
f 7664 7650 7651
f 7664 7907 7650
f 7665 7944 7664
f 7664 7944 7907
f 7947 7948 7915
f 7914 7652 7204
f 7914 7949 7652
f 7912 7948 7914
f 7948 7949 7914
f 7948 7668 7949
f 7915 7948 7912
f 7652 7949 7052
f 7668 7052 7949
f 7668 7391 7052
f 7927 7917 7922
f 7930 7625 7934
f 7628 7658 7631
f 7934 7630 7932
f 7950 7951 7658
f 7658 7952 7950
f 7656 7952 7658
f 7630 7933 7932
f 7933 7953 7932
f 7951 7953 7658
f 7954 7934 7932
f 7631 7937 7636
f 7955 7936 7937
f 7658 7956 7631
f 7953 7631 7956
f 7937 7631 7953
f 7956 7658 7953
f 7936 7957 7633
f 7957 7638 7633
f 7957 7640 7638
f 7640 7958 7959
f 7936 7960 7957
f 7960 7640 7957
f 7640 7960 7958
f 7961 7960 7936
f 7955 7961 7936
f 7940 7639 7640
f 7942 7645 7940
f 7643 7942 7962
f 7940 7640 7963
f 7958 7963 7640
f 7640 7959 7958
f 7958 7964 7963
f 7963 7964 7940
f 7965 7942 7940
f 7964 7966 7940
f 7940 7966 7967
f 7648 7649 7662
f 7962 7649 7643
f 7942 7649 7962
f 7942 7968 7649
f 7662 7649 7969
f 7970 7969 7968
f 7969 7649 7968
f 7968 7942 7970
f 7970 7942 7971
f 7663 7660 7662
f 7663 7662 7972
f 7945 7666 7973
f 7665 7945 7944
f 7666 7945 7665
f 7973 7666 7974
f 7974 7666 7388
f 7674 7974 7388
f 7973 7974 7674
f 7975 7667 7390
f 7976 7392 7667
f 7975 7976 7667
f 7668 7975 7390
f 7363 7654 7657
f 7977 7656 7657
f 7952 7656 7977
f 7978 7977 7657
f 7978 7657 7654
f 7959 7979 7980
f 7981 7959 7958
f 7982 7980 7979
f 7958 7959 7966
f 7983 7959 7980
f 7966 7964 7958
f 7983 7966 7959
f 7984 7966 7983
f 7985 7966 7984
f 7965 7971 7942
f 7661 7663 7673
f 7663 7972 7673
f 7986 7662 7969
f 7662 7986 7972
f 7973 7674 7987
f 7987 7394 7675
f 7674 7394 7987
f 7675 7988 7987
f 7988 7675 7225
f 7225 7676 7988
f 7989 7677 7399
f 7400 7989 7399
f 7398 7399 7677
f 7669 7680 7654
f 7990 7654 7680
f 7654 7991 7978
f 7682 7681 7679
f 7381 7992 7378
f 7380 7378 7992
f 7381 7980 7982
f 7381 7670 7980
f 7984 7983 7993
f 7994 7672 7673
f 7994 7687 7672
f 7673 7972 7994
f 7994 7995 7687
f 7994 7996 7995
f 7997 7972 7986
f 7972 7997 7994
f 7998 7681 7682
f 7683 7999 8000
f 7207 7685 7688
f 7685 7380 8001
f 7999 7683 7688
f 7685 8002 7688
f 8002 7999 7688
f 7992 8003 7380
f 8003 7992 8004
f 7670 8005 7980
f 7670 7689 8006
f 8007 7670 8006
f 7694 8006 7689
f 7671 8008 7693
f 7995 8009 7687
f 7687 8010 7671
f 8008 7671 8010
f 8009 8011 7687
f 8011 8010 7687
f 8007 8006 8012
f 7694 7699 8013
f 8014 8013 7699
f 8013 8015 7694
f 8016 8015 8013
f 8013 8014 8016
f 8015 8017 7694
f 7694 8017 8006
f 7694 7695 7699
f 7686 7697 7698
f 7698 7697 8018
f 7699 7698 8014
f 7697 7693 8008
f 8019 7697 8008
f 8016 8020 8015
f 8017 8015 8021
f 8021 8015 8020
f 8021 8022 8017
f 8021 8023 8022
f 8018 8024 7698
f 7698 8024 8014
f 8014 8024 8025
f 8018 8026 8024
f 8024 8026 8025
f 8027 8025 8026
f 8025 8028 8014
f 7697 8019 8018
f 8018 8029 8026
f 8019 8030 8029
f 8016 8014 8020
f 8020 8031 8032
f 8021 8020 8023
f 8032 8023 8020
f 8025 8027 8028
f 8028 8027 8031
f 8027 8026 8033
f 8014 8028 8020
f 8020 8028 8031
f 8026 8034 8033
f 8034 8026 8029
f 8018 8034 8029
f 8019 8034 8018
f 8034 8019 8029
f 8035 8036 8034
f 8029 8035 8034
f 8035 8029 8030
f 8035 8030 8036
f 8037 8023 8032
f 8038 8033 7701
f 8031 8027 8033
f 8031 8033 8039
f 8033 8038 8039
f 8031 8039 8032
f 8034 8040 8033
f 8034 8041 8040
f 8034 8042 8041
f 8034 8036 8042
f 8036 8043 8042
f 8032 8039 8037
f 8037 8044 8045
f 7700 8038 7701
f 8046 8037 8039
f 8039 8038 8046
f 8044 8037 8046
f 8033 8040 7701
f 8040 8047 7701
f 8047 8040 8041
f 8041 7708 8047
f 7708 8041 8042
f 8045 8044 8048
f 8044 7705 8048
f 8046 8038 7700
f 8044 8046 7705
f 8047 7703 7701
f 8047 7708 7703
f 8049 8050 7708
f 7708 8042 8049
f 8042 8050 8049
f 8042 8043 8050
f 8048 7705 8051
f 8048 8051 8052
f 7704 8046 7700
f 8046 7704 7705
f 7707 7703 7708
f 8053 7708 8050
f 8053 8043 8054
f 8053 8050 8043
f 8052 8051 8055
f 8056 8052 8055
f 8056 8055 8057
f 8052 8056 8057
f 8051 7705 7710
f 8053 7711 7413
f 7708 8053 7413
f 8054 7711 8053
f 7711 8054 8058
f 8043 8058 8054
f 8059 7713 8058
f 8043 8059 8058
f 8058 8059 8043
f 8055 8051 7717
f 8055 7717 8060
f 8055 8060 8057
f 8052 8057 8061
f 8051 7710 7717
f 8058 7713 7711
f 8057 8060 8062
f 8063 8057 8062
f 7718 7712 7713
f 8060 7717 7715
f 8060 7715 7714
f 8064 8060 7714
f 8064 7714 7721
f 7714 8060 8064
f 7714 8064 8065
f 7714 8062 8060
f 8062 7714 8065
f 8063 8062 8066
f 8062 8065 8066
f 8063 8066 8067
f 8068 8067 8066
f 8066 8065 8069
f 8070 8071 8072
f 8073 8072 8074
f 8073 8070 8072
f 8074 8075 8073
f 7720 7725 7719
f 7718 7713 7720
f 7725 7720 8070
f 7713 8071 7720
f 8071 8070 7720
f 8076 7721 7731
f 8064 7721 8076
f 8077 8076 8078
f 8078 8076 7731
f 7732 8078 7731
f 8076 8065 8064
f 8076 8077 8065
f 8065 8077 8069
f 8069 8077 8079
f 8077 8078 8079
f 8080 8070 8081
f 8081 8070 8073
f 8073 8069 8082
f 8069 8079 8082
f 7727 7725 8080
f 7725 8070 8080
f 7732 7731 7723
f 8083 8078 7732
f 8083 8077 8078
f 8077 8083 8078
f 8084 8082 8079
f 8084 8081 8082
f 8078 8085 8079
f 8079 8085 8084
f 8084 8085 8081
f 8078 8083 8085
f 7735 7743 7742
f 7727 7735 7734
f 7742 7743 7735
f 8086 8080 8081
f 8080 8086 7727
f 8086 8081 7735
f 7727 8086 7735
f 7742 8081 8087
f 7735 8081 7742
f 8087 8081 8085
f 8082 8081 8073
f 8088 7732 8089
f 8089 7732 7730
f 8089 7730 8090
f 8090 8088 8089
f 8088 8083 7732
f 8083 8088 8085
f 8085 8088 8091
f 7747 8092 8093
f 8094 8092 7747
f 8092 8087 8085
f 8093 8092 8091
f 8091 8092 8085
f 8094 7743 8092
f 8087 7743 7742
f 8087 8092 7743
f 8090 7730 7737
f 8090 7737 7745
f 7745 8095 8090
f 8090 8095 8096
f 8095 8097 8096
f 8088 8090 8096
f 8088 8096 8098
f 8098 8096 8097
f 8091 8088 8098
f 8091 8098 8093
f 8098 8099 8093
f 7747 8093 8100
f 8093 7752 8100
f 8099 8101 8093
f 8094 7747 7743
f 7750 8102 7745
f 7750 7755 8102
f 8103 7745 8102
f 7745 8097 8095
f 8097 7745 8103
f 8103 8104 8097
f 8105 8101 8099
f 8097 8099 8098
f 8106 8098 8099
f 8098 8106 8099
f 8099 8106 8105
f 8099 8107 8106
f 7747 7752 7748
f 7752 8108 7751
f 8100 7752 7747
f 8100 8108 7752
f 7752 8108 8100
f 7752 8093 8101
f 7752 8105 8108
f 7752 8101 8105
f 8109 8108 8105
f 8110 7756 7763
f 8111 8112 7755
f 7755 7756 8110
f 8111 7755 8113
f 8110 8113 7755
f 7763 8113 8110
f 8114 8111 8113
f 8114 8113 8115
f 7755 8112 8102
f 8102 8112 8103
f 8112 8111 8114
f 8116 7751 8108
f 8109 8116 8108
f 8105 8117 8109
f 7763 7774 7778
f 8118 8113 7763
f 7763 7778 8118
f 8118 7778 8119
f 8119 8120 8118
f 7766 8121 7767
f 8122 8121 7766
f 7759 7769 7757
f 7769 7766 7768
f 7766 7769 8122
f 7759 7751 8116
f 8122 7769 7759
f 8116 8122 7759
f 7778 7774 7775
f 7777 7778 7775
f 7779 7778 7777
f 8121 8122 7767
f 7767 8122 8123
f 8123 8119 7778
f 7767 8123 7778
f 8124 8125 7796
f 7796 8125 7797
f 8126 8127 7798
f 8126 7797 8125
f 7798 7797 8126
f 8125 8128 8126
f 8125 8124 8128
f 8128 8129 8126
f 8126 8129 8127
f 8127 8130 7799
f 7799 7798 8127
f 7793 7794 8131
f 7788 8131 7794
f 7798 7799 7539
f 7799 8132 7800
f 7800 8132 8133
f 7817 7800 8133
f 8134 7806 8135
f 7806 7804 8135
f 7786 8134 8135
f 8135 7804 8136
f 7803 7804 7806
f 7786 7787 8134
f 8134 7787 7806
f 7519 8137 8138
f 7519 7786 8137
f 8139 8140 8141
f 8142 8139 8141
f 7809 8143 7807
f 8143 8144 7535
f 8143 7535 7807
f 7809 8144 8143
f 8131 8139 7809
f 8139 8144 7809
f 7788 8141 8140
f 7788 8140 8131
f 8131 8140 8139
f 8139 8142 8144
f 7793 8131 7809
f 7800 7811 7540
f 7800 7817 7811
f 7818 7817 8145
f 7817 8133 8145
f 8146 7818 8145
f 8136 7804 7802
f 8147 8136 7802
f 7801 8147 7802
f 8147 7801 7813
f 8148 7815 8149
f 7814 7815 7812
f 8150 7535 8144
f 7815 8148 7812
f 8151 8150 8144
f 7815 7816 7535
f 8150 7815 7535
f 8151 8152 8150
f 8152 7815 8150
f 8142 8151 8144
f 8153 7545 7544
f 7544 7818 8153
f 8153 8154 8155
f 8154 8153 7818
f 8156 7813 7812
f 7820 7545 8153
f 8157 7820 8153
f 8155 8157 8153
f 8158 8157 8155
f 8157 7821 7820
f 8157 8158 7821
f 7821 8158 8159
f 7823 7819 8160
f 7821 8160 7819
f 7823 8160 7825
f 7821 8159 8160
f 8161 8160 8159
f 7825 8160 8161
f 8162 7825 8161
f 7825 7824 7822
f 7826 7824 7825
f 7825 8162 7826
f 7826 8162 7827
f 8163 7827 8162
f 8164 8165 8166
f 8164 8166 8167
f 8168 8169 8170
f 8168 8170 8171
f 8163 7829 7555
f 7830 8169 8168
f 8163 7555 7827
f 7844 8172 7828
f 8166 7828 8172
f 8172 8173 8166
f 7844 8173 8172
f 8166 8173 8167
f 8174 7860 8175
f 7860 8176 8175
f 8177 8175 8176
f 7861 7830 8168
f 8178 7857 7830
f 7857 7861 7830
f 7831 7829 8169
f 7830 7831 8169
f 7830 7861 8168
f 7830 8168 8176
f 8176 8178 7830
f 8179 8180 7833
f 7833 7835 8179
f 7836 7835 7832
f 7835 8181 8179
f 8180 8179 8181
f 7836 7837 7835
f 7835 7837 8182
f 7835 8183 8181
f 7835 8184 8183
f 7835 8182 8184
f 8180 7840 7839
f 7833 8180 7839
f 7565 7840 8185
f 8180 8185 7840
f 8183 8180 8181
f 8180 8186 8185
f 8186 8180 8183
f 8185 8187 7565
f 8188 7566 7841
f 8189 7566 8188
f 8189 8188 8190
f 8191 8189 8190
f 8187 7841 7565
f 8186 8187 8185
f 8186 8192 8187
f 8187 8188 7841
f 8187 8193 8188
f 8194 8188 8193
f 7843 8195 7844
f 8173 7844 8195
f 7850 7849 8196
f 7843 7850 8195
f 7849 7848 8197
f 8197 8196 7849
f 8195 8198 8173
f 7850 8198 8195
f 7852 7855 7854
f 7855 7852 7851
f 7853 8199 7854
f 8174 8200 7854
f 7854 8201 8174
f 7852 7854 8200
f 8174 8202 8200
f 7852 8200 8203
f 7859 7860 8201
f 8204 8201 7854
f 8201 7860 8174
f 8204 7854 8199
f 8201 8204 8199
f 8178 8176 7860
f 8178 7858 7857
f 7858 8178 7860
f 7837 7862 7865
f 8205 8182 7837
f 8206 8205 7837
f 8206 7837 7865
f 8191 7576 7566
f 8189 8191 7566
f 7576 7868 7866
f 8191 8190 7576
f 7576 8190 7868
f 8190 8207 7868
f 8208 8207 8209
f 8190 8194 8210
f 8210 8207 8190
f 8190 8188 8194
f 8211 8210 8194
f 8207 8210 8212
f 8207 8212 8209
f 8210 8213 8212
f 8214 8215 8213
f 8214 8213 8210
f 7853 7855 8216
f 8216 8199 7853
f 7874 7875 8217
f 7855 7874 8217
f 8218 8217 7875
f 8217 8216 7855
f 8218 7875 8219
f 8218 8220 8217
f 8221 7859 8201
f 7881 7859 8221
f 8222 8221 8201
f 7881 8221 8223
f 7881 8223 7894
f 7879 7859 7881
f 7894 7880 7881
f 7882 8224 7864
f 8224 7865 7864
f 8224 7882 7884
f 7883 7897 7884
f 7884 7897 8225
f 7884 8226 8224
f 8206 7865 8224
f 8227 8226 7884
f 8225 8227 7884
f 8224 8226 8206
f 8227 8228 8226
f 8229 7867 7868
f 7867 8229 7888
f 8229 8230 7888
f 8207 8208 8229
f 7868 8207 8229
f 8230 8229 8208
f 8208 8231 8230
f 8230 8231 8232
f 8208 8209 8231
f 8231 8233 8232
f 8212 8234 8209
f 8212 8235 8236
f 8234 8212 8236
f 8209 8234 8231
f 8237 8233 8234
f 8233 8231 8234
f 8212 8213 8235
f 8235 8213 8215
f 8237 8234 8238
f 8236 8235 8238
f 8234 8236 8238
f 7906 7903 8238
f 7906 8238 8239
f 8235 8239 8238
f 8235 8215 8239
f 7889 8239 8215
f 8240 8241 8215
f 7889 7906 8239
f 7890 7889 8242
f 8215 8242 7889
f 8242 8215 8241
f 8241 7890 8242
f 8243 8241 8244
f 8244 8245 8243
f 8246 7908 7890
f 7890 8241 8246
f 8243 8246 8241
f 7916 8247 7923
f 8248 8247 7916
f 8247 8249 7923
f 8248 7916 8250
f 7923 8249 7919
f 7925 7919 8251
f 7925 8251 7924
f 8249 8247 7919
f 8247 8251 7919
f 7891 7599 8252
f 8252 7599 7931
f 8219 7875 7891
f 7895 8253 7892
f 7894 8254 7895
f 8253 7895 8254
f 8255 8253 8254
f 8256 8255 8254
f 7894 8256 8254
f 8257 8255 8256
f 8225 7897 7616
f 8225 7616 8227
f 7616 7899 8258
f 7616 8258 8259
f 8260 8258 7899
f 8261 8259 8258
f 7617 7885 7898
f 7885 7887 7898
f 7887 7899 7898
f 7888 8262 7887
f 7887 8263 7899
f 7887 8262 8263
f 8264 8262 7888
f 8260 7899 8263
f 8263 8262 8264
f 8260 8263 8264
f 8265 7888 8230
f 8230 8232 8265
f 8265 8232 8266
f 8265 8264 7888
f 8267 8232 8233
f 8232 8267 8266
f 8266 8267 8268
f 8265 8266 8268
f 8269 8265 8268
f 8233 8237 8267
f 8270 8267 8237
f 8268 8267 8270
f 7905 8237 7901
f 7946 8237 7905
f 8238 7903 8237
f 8237 7903 7901
f 7908 8246 7909
f 8271 8246 8272
f 8271 8272 8273
f 8243 8272 8246
f 8271 7910 7909
f 8271 7913 7910
f 7909 8246 8271
f 7913 7947 7915
f 8273 7913 8271
f 8274 7948 7913
f 8275 7913 8273
f 7948 8274 7668
f 8272 8275 8273
f 8274 7913 8275
f 7915 7911 7913
f 7948 7947 7913
f 8276 7918 7917
f 8277 8250 7916
f 8277 7916 7918
f 8278 8277 7918
f 8278 7918 8276
f 8276 8279 8278
f 8280 7919 7924
f 8281 8276 7917
f 8281 7917 8276
f 8276 7917 7927
f 8282 7919 8280
f 8282 7926 7919
f 8282 7927 7926
f 8282 8279 7927
f 8279 8276 7927
f 7891 8252 8283
f 8252 7931 8284
f 8284 7931 7928
f 7928 8285 8284
f 8253 7938 7935
f 8253 7896 7892
f 7896 8253 7935
f 8257 8253 8255
f 8257 8286 8253
f 8286 7938 8253
f 8269 8268 8287
f 8288 8287 8289
f 8270 8237 7946
f 8289 8268 8270
f 8287 8268 8289
f 8289 8270 8290
f 8291 8288 8289
f 8291 8289 7973
f 7943 7946 7905
f 8290 8270 7946
f 7945 8290 7946
f 7973 8289 8290
f 7973 8290 7945
f 7392 7976 8292
f 7930 7934 8293
f 8285 7928 7929
f 7929 7930 8294
f 7932 7953 8295
f 7954 7932 8295
f 8295 7953 8296
f 8293 7934 7954
f 8293 7954 8295
f 8297 8295 8298
f 8298 8295 8296
f 8299 8297 8298
f 8293 8295 8299
f 8299 8295 8297
f 8300 8298 8296
f 8298 8301 8299
f 8296 7953 7933
f 7933 7938 8296
f 7955 7937 7953
f 7955 7953 7951
f 8300 8296 7938
f 8286 8300 7938
f 8302 7973 8303
f 7987 8303 7973
f 7973 8302 8304
f 8303 7987 7988
f 8305 8306 8307
f 7988 8306 8305
f 7988 8305 8303
f 7676 7677 8306
f 8307 7677 7989
f 8306 7677 8307
f 7977 7978 7952
f 8308 7961 7955
f 8308 7955 7951
f 7959 7981 7979
f 7961 7958 7960
f 7981 7958 7961
f 8308 8309 7961
f 8309 7979 7981
f 8309 7981 7961
f 8309 8310 7979
f 7940 7967 7971
f 7965 7940 7971
f 7967 7966 7985
f 8311 7965 7971
f 7967 7985 7971
f 7971 7985 8312
f 7971 7965 8311
f 7970 8313 7969
f 8313 7986 7969
f 8313 7970 7971
f 7971 8312 8313
f 7676 8306 7988
f 7991 7654 7990
f 8314 7978 7991
f 7978 7950 7952
f 7978 8314 7950
f 7992 7381 8004
f 7979 8315 7982
f 8315 8316 7982
f 7979 8310 8315
f 7985 7984 7993
f 7993 8317 7985
f 8312 7985 8318
f 8317 8318 7985
f 8318 8317 8319
f 7993 8319 8317
f 8320 8313 8321
f 8312 8322 8313
f 8323 8320 8321
f 8322 8321 8313
f 8322 8324 8321
f 8324 8323 8321
f 8318 8322 8312
f 8322 8318 8324
f 7986 8320 7997
f 7997 8325 7994
f 8320 7986 8313
f 7997 8320 8325
f 8320 8326 8325
f 7681 8327 7680
f 7680 8327 7990
f 7998 8327 7681
f 7991 7990 8328
f 8328 7990 8327
f 7380 8003 8001
f 7381 7982 8004
f 8329 7980 8005
f 7983 7980 8329
f 8330 7983 8329
f 7983 8330 7993
f 8331 8319 7993
f 8332 8331 7993
f 8330 8332 7993
f 8332 8330 8333
f 8319 8331 8332
f 8319 8332 8334
f 8324 8318 8335
f 8319 8335 8318
f 7994 8325 7996
f 7995 7996 8336
f 7996 8325 8337
f 7996 8337 8336
f 8323 8326 8320
f 8338 8337 8325
f 8323 8325 8326
f 8325 8323 8339
f 8327 7998 8340
f 7682 7683 8341
f 8341 7683 8000
f 7998 7682 8341
f 8001 8002 7685
f 8002 8342 7999
f 8342 8002 8001
f 7670 8007 8005
f 8329 8005 8343
f 8343 8005 8007
f 8330 8329 8333
f 8332 8333 8344
f 8344 8334 8332
f 8344 8333 8329
f 8337 8338 8345
f 7995 8336 8009
f 8011 8009 8337
f 8336 8337 8009
f 8011 8337 8336
f 8336 8337 8011
f 8011 8337 8346
f 8337 8345 8346
f 8012 8343 8007
f 8347 8329 8343
f 8012 8347 8343
f 8329 8347 8348
f 8348 8347 8012
f 8329 8348 8349
f 8012 8006 8017
f 8350 8010 8011
f 8350 8351 8010
f 8352 8351 8350
f 8011 8346 8350
f 8346 8353 8350
f 8350 8353 8352
f 8348 8012 8354
f 8022 8012 8017
f 8010 8351 8008
f 8019 8008 8351
f 8030 8019 8351
f 8351 8355 8030
f 8351 8352 8355
f 8023 8354 8012
f 8022 8023 8012
f 8354 8023 8356
f 8348 8354 8357
f 8358 8359 8030
f 8355 8358 8030
f 8023 8037 8356
f 8356 8037 8045
f 8354 8356 8360
f 8357 8354 8360
f 8036 8030 8359
f 8043 8036 8359
f 8048 8356 8045
f 8048 8360 8356
f 8048 8056 8360
f 8357 8360 8056
f 8056 8361 8357
f 8362 8359 8358
f 8363 8359 8362
f 8043 8359 8364
f 8359 8365 8364
f 8359 8363 8365
f 8052 8361 8056
f 8366 8363 8362
f 8367 8043 8364
f 8365 8367 8364
f 8363 8367 8365
f 8363 8366 8368
f 8048 8052 8056
f 8361 8052 8061
f 8361 8061 8369
f 8370 8369 8067
f 8371 8372 8368
f 8367 8058 8043
f 8367 8373 8058
f 8373 8367 8374
f 8375 8373 8374
f 8363 8374 8367
f 8372 8375 8374
f 8368 8372 8374
f 8363 8368 8374
f 8372 8371 8375
f 8061 8063 8369
f 8063 8067 8369
f 8376 8072 8071
f 8377 8376 8371
f 8377 8371 8378
f 8373 8059 8058
f 8373 8379 8059
f 8379 7713 8059
f 8375 8379 8373
f 8375 8380 8379
f 8379 8380 8071
f 8375 8376 8380
f 8380 8376 8071
f 8375 8371 8376
f 8061 8057 8063
f 8072 8376 8377
f 8074 8072 8377
f 8381 8074 8377
f 8381 8377 8382
f 8379 8071 7713
f 8381 8075 8074
f 8066 8383 8068
f 8066 8069 8383
f 8068 8383 8381
f 8383 8073 8381
f 8381 8073 8075
f 8383 8069 8073
f 8097 8104 8384
f 8106 8107 8105
f 8107 8099 8385
f 8385 8099 8097
f 8097 8384 8385
f 8112 8386 8103
f 8112 8114 8386
f 8103 8387 8104
f 8103 8388 8387
f 8388 8103 8386
f 8387 8388 8104
f 8386 8389 8388
f 8389 8386 8114
f 8388 8384 8104
f 8389 8384 8388
f 8107 8385 8384
f 8117 8105 8107
f 8109 8117 8107
f 8118 8115 8113
f 8115 8118 8120
f 8115 8120 8390
f 8391 8114 8115
f 8115 8390 8391
f 8392 8390 8120
f 8393 8389 8114
f 8114 8391 8393
f 8109 8107 8394
f 8109 8394 8116
f 8394 8395 8116
f 8120 8119 8396
f 8120 8396 8397
f 8120 8397 8390
f 8392 8120 8390
f 8392 8390 8398
f 8398 8390 8397
f 8397 8396 8399
f 8399 8396 8397
f 8123 8396 8119
f 8397 8396 8399
f 8400 8401 8122
f 8402 8122 8116
f 8399 8396 8403
f 8403 8396 8123
f 8403 8123 8122
f 8404 8397 8399
f 8405 8406 8407
f 8405 8128 8408
f 8129 8128 8405
f 8408 8409 8405
f 8408 8410 8409
f 8405 8407 8129
f 8407 8127 8129
f 8407 8411 8127
f 8411 8407 8412
f 8411 8130 8127
f 7799 8130 8132
f 8133 8413 8145
f 8138 8414 8415
f 8135 8137 7786
f 8137 8414 8138
f 8138 8415 8416
f 8415 8417 8416
f 8415 8418 8417
f 8416 8417 8418
f 8419 8418 8415
f 8141 7788 8416
f 7519 8416 7788
f 7519 8138 8416
f 8416 8420 8141
f 8416 8421 8420
f 8422 8420 8421
f 8418 8421 8416
f 8142 8141 8151
f 8151 8141 8422
f 8141 8420 8422
f 8413 8146 8145
f 7818 8146 8154
f 8423 8424 8425
f 8426 8425 8427
f 8135 8136 8427
f 8135 8428 8137
f 8428 8135 8427
f 8425 8426 8423
f 8425 8428 8427
f 8152 8149 7815
f 8429 8149 8152
f 8430 8149 8429
f 8431 8422 8421
f 8422 8432 8429
f 8432 8430 8429
f 8431 8421 8418
f 8422 8431 8432
f 8151 8433 8152
f 8433 8151 8422
f 8422 8152 8433
f 8422 8429 8152
f 8434 8154 8146
f 8434 8155 8154
f 8435 8155 8434
f 8435 8436 8155
f 8437 8436 8435
f 8156 8426 8147
f 8426 8427 8136
f 8147 8426 8136
f 8426 8156 8438
f 8439 8440 8438
f 8156 8439 8438
f 8439 8156 8441
f 7813 8156 8147
f 8441 8442 8443
f 8444 8442 8148
f 8442 8444 8443
f 8156 7812 8441
f 7812 8148 8442
f 7812 8442 8441
f 8430 8445 8149
f 8436 8158 8155
f 8436 8446 8158
f 8447 8436 8437
f 8436 8447 8446
f 8447 8448 8446
f 8448 8449 8446
f 8446 8159 8158
f 8159 8446 8449
f 8159 8449 8161
f 8161 8449 8450
f 8450 8449 8448
f 8450 8448 8451
f 8452 8450 8451
f 7829 8453 8170
f 8162 8161 8450
f 8452 7829 8163
f 8450 8163 8162
f 8450 8452 8163
f 8452 8454 7829
f 8451 8454 8452
f 8454 8453 7829
f 8455 8456 8457
f 8456 8455 8458
f 8458 8459 8456
f 8460 8461 8170
f 8462 8460 8170
f 8460 8462 8461
f 8165 8164 8463
f 8164 8167 8463
f 8463 8167 8464
f 8463 8455 8165
f 8455 8463 8458
f 8465 8463 8464
f 8465 8458 8463
f 8169 7829 8170
f 8171 8176 8168
f 8177 8176 8171
f 8171 8466 8177
f 8461 8171 8170
f 8467 8466 8171
f 8167 8173 8468
f 8468 8464 8167
f 8469 8464 8468
f 8468 8470 8469
f 8464 8471 8465
f 8472 8470 8468
f 8466 8175 8177
f 8467 8175 8466
f 8467 8174 8175
f 8184 8473 8183
f 8183 8474 8186
f 8186 8474 8192
f 8183 8473 8474
f 8475 8476 8474
f 8187 8192 8193
f 8474 8476 8192
f 8477 8478 8192
f 8477 8192 8479
f 8479 8480 8477
f 8194 8193 8481
f 8192 8478 8193
f 7850 8196 8198
f 8198 8468 8173
f 8198 8472 8468
f 7848 7852 8482
f 8482 8197 7848
f 8203 8200 8202
f 8482 7852 8203
f 8182 8205 8483
f 8206 8483 8205
f 8182 8484 8184
f 8483 8484 8182
f 8484 8485 8184
f 8184 8485 8473
f 8485 8484 8486
f 8484 8483 8487
f 8484 8487 8486
f 8488 8487 8483
f 8473 8485 8474
f 8485 8475 8474
f 8485 8486 8475
f 8481 8211 8194
f 8193 8478 8481
f 8478 8489 8481
f 8214 8211 8481
f 8481 8490 8214
f 8489 8490 8481
f 8491 8489 8478
f 8211 8214 8210
f 8489 8491 8244
f 8492 8244 8491
f 8245 8244 8492
f 8489 8244 8490
f 8247 8493 8249
f 8494 8247 8248
f 8494 8493 8247
f 8495 8494 8250
f 8496 8494 8495
f 8497 8495 8250
f 8247 8249 8493
f 8498 8251 8247
f 8251 8498 8499
f 8220 8216 8217
f 8216 8220 8199
f 8201 8199 8220
f 8201 8500 8222
f 8500 8201 8220
f 8501 8222 8500
f 8502 8500 8220
f 8226 8228 8503
f 8503 8483 8206
f 8226 8503 8206
f 8228 8227 8503
f 8503 8227 8504
f 8504 8505 8503
f 8503 8488 8483
f 8505 8506 8503
f 8507 8505 8504
f 8240 8215 8214
f 8490 8240 8214
f 8244 8240 8490
f 8244 8241 8240
f 8245 8508 8243
f 8509 8243 8508
f 8510 8508 8245
f 8510 8511 8508
f 8511 8509 8508
f 8250 8494 8248
f 8512 8513 8514
f 8278 8279 8277
f 8251 8280 7924
f 8515 8282 8280
f 8515 8279 8282
f 8515 8512 8279
f 8251 8516 8280
f 8515 8513 8512
f 8499 8516 8251
f 8513 8280 8516
f 8513 8515 8280
f 8517 8219 8518
f 8518 8219 7891
f 8519 8218 8219
f 8519 8219 8517
f 8218 8519 8220
f 8520 8519 8517
f 8222 8223 8221
f 8223 8501 8521
f 8223 8222 8501
f 8501 8522 8521
f 8521 8522 8523
f 8521 8256 8223
f 8256 7894 8223
f 8521 8257 8256
f 8521 8523 8257
f 8227 7616 8259
f 8227 8261 8504
f 8259 8261 8227
f 8261 8258 8524
f 8524 8258 8525
f 8261 8507 8504
f 8507 8261 8526
f 8261 8527 8526
f 8524 8527 8261
f 8526 8527 8507
f 8528 8527 8524
f 8260 8264 8529
f 8264 8530 8529
f 8258 8260 8529
f 8525 8258 8529
f 8531 8525 8529
f 8524 8525 8528
f 8532 8528 8525
f 8532 8525 8531
f 8264 8265 8530
f 8530 8265 8269
f 8530 8269 8533
f 8534 8275 8272
f 8535 8534 8272
f 8243 8509 8272
f 8509 8536 8272
f 8536 8535 8272
f 8509 8535 8536
f 8275 8534 8537
f 8538 8535 8509
f 8535 8539 8537
f 8534 8535 8537
f 8540 8538 8509
f 8535 8538 8540
f 8535 8540 8541
f 8535 8541 8539
f 8540 8542 8541
f 7668 8274 8275
f 8279 8512 8514
f 8276 8512 8279
f 8279 8512 8276
f 8283 8252 8543
f 8543 8252 8284
f 8518 7891 8283
f 8283 8544 8518
f 8543 8544 8283
f 8520 8517 8518
f 8545 8286 8257
f 8546 8545 8547
f 8547 8545 8257
f 8529 8530 8531
f 8531 8530 8533
f 8288 8269 8287
f 8533 8269 8288
f 8533 8288 8531
f 8304 8548 8288
f 8288 8548 8531
f 8288 8291 8304
f 8304 8549 8548
f 8291 7973 8304
f 8550 8541 8542
f 8551 8550 8542
f 8292 8552 8553
f 8552 8539 8554
f 8539 8552 8537
f 8554 8553 8552
f 8554 8307 8553
f 8539 8550 8554
f 8555 8307 8554
f 8539 8541 8550
f 8551 8554 8550
f 8551 8555 8554
f 8292 7400 7392
f 7975 7668 8275
f 7976 7975 8537
f 8292 7976 8552
f 7975 8275 8537
f 8552 7976 8537
f 8543 8284 8285
f 7930 8293 8294
f 8294 8293 8556
f 8285 7929 8294
f 8557 8285 8558
f 8558 8285 8294
f 8559 8298 8300
f 8546 8559 8300
f 8559 8301 8298
f 8301 8546 8560
f 8546 8301 8559
f 8561 8562 8546
f 8546 8562 8560
f 8545 8300 8286
f 8546 8300 8545
f 8549 8304 8302
f 8303 8549 8302
f 8549 8303 8563
f 8563 8303 8305
f 8305 8564 8563
f 8565 8555 8551
f 8307 8565 8305
f 8307 8555 8565
f 8553 7400 8292
f 7989 7400 8553
f 7989 8553 8307
f 8294 8556 8566
f 8567 8566 8556
f 8567 8556 8301
f 8293 8299 8556
f 8299 8301 8556
f 8301 8560 8567
f 8568 8569 7951
f 8308 7951 8569
f 8570 8308 8569
f 8571 8310 8309
f 8570 8571 8309
f 8570 8309 8308
f 8572 7950 8314
f 8568 7951 8573
f 7950 8573 7951
f 8573 8574 8568
f 8569 8568 8574
f 8574 8575 8569
f 8575 8570 8569
f 8576 8570 8575
f 8577 8576 8575
f 8577 8578 8576
f 8578 8570 8576
f 8578 8579 8570
f 8580 8579 8578
f 8581 8580 8578
f 8581 8582 8580
f 8315 8310 8579
f 8310 8571 8579
f 8571 8570 8579
f 8328 8583 7991
f 8572 8314 8584
f 7991 8585 8314
f 8585 7991 8583
f 8314 8585 8584
f 8004 7982 8316
f 8315 8586 8316
f 8586 8004 8316
f 8586 8587 8004
f 8586 8315 8579
f 8582 8579 8580
f 8586 8579 8582
f 8586 8588 8587
f 8586 8582 8588
f 8589 8334 8319
f 8324 8335 8590
f 8339 8324 8590
f 8319 8334 8335
f 8335 8591 8590
f 8323 8324 8339
f 8339 8345 8325
f 8590 8591 8339
f 8339 8591 8345
f 7998 8341 8340
f 8327 8340 8328
f 8592 8328 8340
f 8340 8341 8592
f 8593 8583 8328
f 8004 8594 8003
f 8587 8595 8004
f 8596 8595 8587
f 8595 8594 8004
f 8588 8596 8587
f 8595 8596 8597
f 8319 8334 8589
f 8334 8344 8589
f 8598 8589 8344
f 8344 8329 8598
f 8599 8334 8589
f 8334 8599 8600
f 8589 8598 8599
f 8335 8334 8600
f 8591 8335 8600
f 8601 8591 8600
f 8600 8599 8601
f 8325 8345 8338
f 8345 8602 8346
f 8345 8591 8603
f 8601 8602 8603
f 8603 8602 8345
f 8601 8603 8591
f 8592 8341 8000
f 8604 8592 8000
f 8000 7999 8605
f 7999 8342 8605
f 8342 8001 8606
f 8606 8001 8003
f 8607 8329 8349
f 8598 8329 8607
f 8598 8607 8599
f 8599 8607 8608
f 8608 8607 8609
f 8610 8599 8608
f 8601 8599 8610
f 8611 8608 8609
f 8608 8611 8612
f 8602 8601 8613
f 8613 8601 8610
f 8610 8608 8612
f 8353 8346 8602
f 8602 8613 8353
f 8614 8353 8615
f 8615 8353 8613
f 8613 8616 8615
f 8607 8617 8609
f 8607 8349 8617
f 8611 8609 8618
f 8349 8609 8617
f 8619 8609 8349
f 8609 8619 8618
f 8612 8611 8620
f 8611 8618 8620
f 8620 8618 8621
f 8616 8622 8614
f 8622 8616 8623
f 8616 8613 8610
f 8610 8612 8616
f 8620 8624 8612
f 8624 8616 8612
f 8616 8624 8623
f 8623 8624 8625
f 8623 8625 8622
f 8620 8621 8626
f 8627 8624 8620
f 8353 8614 8352
f 8614 8622 8352
f 8615 8616 8614
f 8348 8357 8349
f 8357 8628 8349
f 8628 8629 8349
f 8629 8628 8361
f 8349 8629 8619
f 8619 8629 8628
f 8629 8361 8628
f 8618 8619 8621
f 8621 8619 8630
f 8628 8630 8619
f 8630 8626 8621
f 8630 8631 8626
f 8625 8624 8627
f 8620 8626 8627
f 8627 8632 8633
f 8625 8627 8633
f 8627 8626 8632
f 8626 8631 8632
f 8355 8352 8634
f 8622 8634 8352
f 8634 8635 8355
f 8634 8622 8635
f 8636 8355 8635
f 8355 8636 8358
f 8636 8637 8358
f 8625 8635 8622
f 8625 8633 8635
f 8635 8633 8636
f 8361 8628 8357
f 8628 8361 8638
f 8628 8639 8640
f 8641 8628 8638
f 8641 8639 8628
f 8628 8631 8630
f 8640 8631 8628
f 8632 8642 8633
f 8633 8642 8643
f 8640 8639 8644
f 8640 8644 8645
f 8645 8642 8640
f 8643 8642 8646
f 8642 8647 8646
f 8632 8631 8642
f 8631 8640 8642
f 8362 8358 8637
f 8643 8637 8636
f 8362 8637 8643
f 8646 8362 8643
f 8636 8646 8643
f 8636 8633 8643
f 8636 8643 8646
f 8641 8648 8639
f 8639 8648 8644
f 8644 8648 8649
f 8647 8649 8650
f 8649 8648 8650
f 8642 8645 8647
f 8645 8649 8647
f 8644 8649 8645
f 8651 8652 8646
f 8362 8646 8652
f 8653 8651 8646
f 8646 8647 8653
f 8647 8650 8653
f 8638 8361 8654
f 8655 8641 8361
f 8654 8361 8641
f 8654 8641 8638
f 8648 8641 8650
f 8641 8655 8650
f 8650 8655 8656
f 8362 8652 8366
f 8652 8651 8366
f 8657 8366 8651
f 8366 8657 8368
f 8658 8368 8657
f 8659 8368 8658
f 8651 8658 8657
f 8650 8658 8651
f 8653 8650 8651
f 8660 8655 8361
f 8369 8660 8361
f 8660 8369 8370
f 8655 8660 8661
f 8660 8370 8661
f 8370 8655 8661
f 8655 8370 8662
f 8663 8655 8662
f 8663 8662 8664
f 8663 8656 8655
f 8378 8371 8368
f 8665 8378 8659
f 8659 8378 8368
f 8658 8665 8659
f 8665 8658 8663
f 8664 8665 8663
f 8650 8656 8658
f 8658 8656 8663
f 8370 8068 8662
f 8370 8067 8068
f 8662 8382 8664
f 8662 8068 8382
f 8068 8381 8382
f 8665 8664 8378
f 8664 8382 8378
f 8378 8382 8377
f 8107 8384 8666
f 8394 8107 8667
f 8390 8393 8391
f 8389 8668 8669
f 8393 8668 8389
f 8390 8668 8393
f 8666 8384 8389
f 8666 8667 8107
f 8389 8669 8666
f 8670 8395 8394
f 8670 8394 8667
f 8666 8670 8667
f 8669 8670 8666
f 8671 8395 8670
f 8672 8671 8670
f 8673 8390 8392
f 8668 8390 8673
f 8673 8392 8398
f 8673 8398 8674
f 8674 8675 8673
f 8676 8395 8671
f 8400 8122 8402
f 8395 8402 8116
f 8395 8676 8402
f 8402 8401 8400
f 8676 8401 8402
f 8399 8397 8404
f 8404 8397 8399
f 8397 8404 8398
f 8398 8404 8674
f 8404 8677 8674
f 8675 8674 8677
f 8677 8404 8678
f 8404 8399 8403
f 8122 8679 8403
f 8404 8403 8679
f 8122 8401 8679
f 8404 8679 8680
f 8678 8404 8680
f 8400 8681 8682
f 8401 8681 8400
f 8401 8400 8682
f 8679 8682 8683
f 8401 8682 8679
f 8680 8679 8684
f 8684 8679 8683
f 8684 8683 8685
f 8683 8682 8685
f 8406 8412 8407
f 8405 8409 8406
f 8409 8686 8406
f 8412 8406 8686
f 8687 8412 8686
f 8412 8688 8411
f 8688 8130 8411
f 8689 8412 8687
f 8690 8412 8689
f 8688 8412 8690
f 8690 8130 8688
f 8690 8691 8130
f 8690 8689 8687
f 8130 8691 8132
f 8133 8132 8691
f 8133 8691 8692
f 8690 8692 8691
f 8692 8693 8133
f 8133 8693 8413
f 8690 8694 8692
f 8695 8413 8693
f 8695 8146 8413
f 8695 8696 8146
f 8696 8434 8146
f 8435 8434 8697
f 8434 8696 8697
f 8698 8697 8696
f 8698 8699 8697
f 8425 8424 8700
f 8425 8701 8414
f 8701 8425 8702
f 8701 8703 8414
f 8703 8704 8414
f 8428 8425 8137
f 8137 8425 8414
f 8419 8415 8704
f 8704 8705 8419
f 8415 8419 8705
f 8415 8414 8704
f 8431 8706 8432
f 8432 8445 8430
f 8706 8418 8415
f 8431 8418 8706
f 8707 8445 8432
f 8419 8415 8418
f 8706 8708 8432
f 8432 8708 8707
f 8437 8709 8710
f 8435 8711 8437
f 8423 8712 8700
f 8712 8423 8713
f 8426 8438 8423
f 8438 8440 8423
f 8424 8423 8700
f 8702 8425 8700
f 8441 8443 8439
f 8714 8444 8708
f 8444 8714 8715
f 8149 8716 8148
f 8716 8444 8148
f 8716 8445 8444
f 8708 8444 8707
f 8149 8445 8716
f 8707 8444 8445
f 8447 8437 8710
f 8448 8447 8717
f 8448 8717 8718
f 8451 8448 8718
f 8423 8719 8713
f 8719 8423 8720
f 8440 8720 8423
f 8721 8722 8440
f 8440 8439 8721
f 8723 8454 8451
f 8454 8723 8453
f 8451 8724 8723
f 8725 8726 8727
f 8726 8728 8729
f 8727 8726 8729
f 8725 8727 8730
f 8728 8731 8732
f 8732 8731 8733
f 8732 8729 8728
f 8734 8729 8732
f 8735 8736 8462
f 8736 8733 8737
f 8733 8736 8738
f 8735 8738 8736
f 8170 8453 8462
f 8462 8453 8735
f 8739 8735 8453
f 8456 8740 8457
f 8741 8457 8726
f 8726 8740 8728
f 8457 8740 8726
f 8742 8459 8731
f 8456 8459 8740
f 8459 8743 8731
f 8459 8728 8740
f 8459 8742 8728
f 8728 8742 8731
f 8744 8731 8743
f 8733 8731 8737
f 8737 8462 8736
f 8731 8745 8737
f 8746 8731 8744
f 8744 8747 8746
f 8743 8747 8744
f 8737 8748 8462
f 8461 8462 8748
f 8737 8749 8748
f 8749 8737 8745
f 8743 8459 8458
f 8750 8465 8471
f 8751 8458 8465
f 8750 8471 8752
f 8743 8458 8751
f 8750 8751 8465
f 8753 8751 8750
f 8753 8743 8751
f 8754 8743 8753
f 8467 8171 8755
f 8755 8171 8461
f 8496 8756 8757
f 8469 8471 8464
f 8758 8469 8470
f 8759 8470 8472
f 8752 8471 8469
f 8758 8760 8469
f 8758 8470 8760
f 8760 8470 8759
f 8469 8760 8752
f 8759 8761 8760
f 8762 8174 8467
f 8762 8202 8174
f 8480 8192 8476
f 8479 8192 8480
f 8496 8493 8494
f 8496 8757 8493
f 8493 8763 8247
f 8493 8757 8763
f 8763 8764 8247
f 8765 8496 8495
f 8765 8756 8496
f 8247 8764 8498
f 8197 8472 8198
f 8197 8198 8196
f 8766 8197 8482
f 8472 8197 8766
f 8766 8759 8472
f 8767 8482 8768
f 8768 8482 8203
f 8203 8202 8769
f 8203 8769 8770
f 8475 8480 8476
f 8475 8771 8480
f 8475 8486 8487
f 8475 8487 8772
f 8475 8772 8773
f 8774 8772 8487
f 8480 8775 8477
f 8775 8480 8771
f 8475 8773 8771
f 8776 8775 8771
f 8777 8771 8773
f 8777 8773 8772
f 8776 8771 8777
f 8778 8775 8776
f 8776 8777 8779
f 8478 8780 8491
f 8775 8478 8477
f 8780 8781 8491
f 8782 8478 8775
f 8782 8780 8478
f 8781 8780 8782
f 8783 8781 8782
f 8782 8775 8778
f 8784 8782 8785
f 8783 8782 8784
f 8778 8785 8782
f 8781 8786 8491
f 8786 8492 8491
f 8786 8787 8492
f 8783 8786 8781
f 8783 8787 8786
f 8784 8788 8783
f 8788 8787 8783
f 8789 8492 8787
f 8492 8789 8245
f 8495 8497 8250
f 8495 8250 8277
f 8790 8277 8791
f 8277 8513 8791
f 8792 8791 8513
f 8793 8792 8513
f 8792 8793 8794
f 8498 8764 8499
f 8513 8516 8792
f 8792 8516 8499
f 8499 8764 8795
f 8792 8793 8513
f 8792 8499 8795
f 8796 8794 8792
f 8794 8793 8792
f 8503 8797 8488
f 8506 8797 8503
f 8506 8505 8797
f 8505 8507 8797
f 8488 8797 8487
f 8487 8797 8798
f 8487 8798 8774
f 8507 8798 8797
f 8774 8798 8772
f 8799 8800 8798
f 8507 8799 8798
f 8507 8801 8799
f 8799 8801 8800
f 8798 8800 8772
f 8772 8800 8802
f 8800 8801 8803
f 8804 8802 8805
f 8772 8802 8804
f 8801 8806 8803
f 8787 8807 8789
f 8808 8809 8807
f 8810 8807 8787
f 8807 8811 8789
f 8812 8811 8813
f 8811 8807 8809
f 8814 8809 8808
f 8813 8811 8809
f 8814 8813 8809
f 8245 8815 8510
f 8789 8811 8245
f 8816 8245 8812
f 8815 8245 8816
f 8811 8812 8245
f 8817 8815 8816
f 8511 8510 8815
f 8277 8514 8513
f 8279 8514 8277
f 8519 8818 8220
f 8818 8502 8220
f 8519 8819 8818
f 8819 8519 8520
f 8820 8501 8502
f 8819 8821 8818
f 8818 8820 8502
f 8818 8821 8820
f 8502 8501 8500
f 8522 8501 8523
f 8822 8501 8222
f 8507 8527 8823
f 8801 8507 8823
f 8801 8823 8527
f 8824 8527 8825
f 8801 8527 8824
f 8801 8826 8806
f 8528 8532 8827
f 8532 8531 8827
f 8828 8827 8531
f 8528 8825 8527
f 8829 8825 8528
f 8829 8528 8827
f 8824 8825 8801
f 8829 8830 8825
f 8831 8830 8829
f 8801 8825 8826
f 8826 8832 8806
f 8825 8832 8826
f 8825 8833 8832
f 8833 8825 8830
f 8831 8833 8830
f 8828 8829 8827
f 8831 8829 8828
f 8834 8833 8831
f 8835 8834 8831
f 8835 8831 8828
f 8836 8837 8838
f 8839 8816 8812
f 8816 8840 8841
f 8842 8840 8843
f 8816 8839 8840
f 8840 8839 8844
f 8837 8840 8844
f 8837 8843 8840
f 8511 8815 8817
f 8845 8511 8817
f 8841 8846 8845
f 8842 8846 8841
f 8542 8846 8842
f 8845 8817 8841
f 8841 8817 8816
f 8842 8841 8840
f 8509 8511 8540
f 8540 8511 8845
f 8847 8540 8845
f 8540 8847 8542
f 8847 8845 8846
f 8846 8542 8847
f 8520 8518 8544
f 8544 8543 8285
f 8848 8544 8285
f 8849 8520 8544
f 8849 8819 8520
f 8819 8849 8821
f 8257 8523 8547
f 8850 8547 8523
f 8523 8501 8851
f 8501 8822 8851
f 8851 8850 8523
f 8822 8852 8851
f 8852 8850 8851
f 8852 8853 8850
f 8854 8531 8548
f 8828 8531 8854
f 8854 8548 8855
f 8854 8855 8828
f 8856 8828 8857
f 8857 8828 8855
f 8856 8835 8828
f 8857 8858 8856
f 8548 8549 8563
f 8548 8563 8855
f 8859 8857 8855
f 8860 8857 8859
f 8861 8858 8860
f 8860 8858 8857
f 8855 8563 8862
f 8859 8855 8862
f 8859 8862 8863
f 8863 8860 8859
f 8861 8860 8863
f 8862 8563 8864
f 8864 8865 8866
f 8863 8864 8866
f 8864 8863 8862
f 8865 8867 8866
f 8863 8866 8836
f 8836 8866 8843
f 8836 8861 8863
f 8837 8836 8843
f 8564 8305 8865
f 8865 8305 8565
f 8866 8867 8843
f 8843 8867 8868
f 8868 8842 8843
f 8868 8867 8865
f 8842 8551 8542
f 8842 8868 8551
f 8865 8551 8868
f 8551 8865 8565
f 8285 8557 8869
f 8869 8848 8285
f 8562 8546 8547
f 8562 8561 8546
f 8561 8560 8562
f 8850 8562 8547
f 8560 8561 8870
f 8853 8562 8850
f 8853 8871 8562
f 8870 8561 8872
f 8871 8872 8562
f 8872 8561 8562
f 8872 8873 8870
f 8865 8864 8563
f 8564 8865 8563
f 8869 8557 8874
f 8869 8874 8875
f 8558 8294 8566
f 8567 8876 8566
f 8557 8558 8874
f 8874 8558 8877
f 8558 8566 8877
f 8877 8566 8876
f 8870 8567 8560
f 8870 8876 8567
f 8878 8876 8870
f 8575 8574 8879
f 8577 8575 8879
f 8585 8880 8584
f 8572 8573 7950
f 8573 8572 8881
f 8574 8573 8881
f 8881 8879 8574
f 8879 8881 8882
f 8577 8879 8882
f 8578 8883 8581
f 8884 8582 8581
f 8588 8582 8884
f 8883 8578 8577
f 8884 8581 8883
f 8884 8885 8588
f 8588 8885 8886
f 8883 8577 8887
f 8887 8884 8883
f 8887 8577 8882
f 8884 8887 8888
f 8882 8888 8887
f 8585 8583 8593
f 8889 8593 8328
f 8880 8585 8593
f 8880 8593 8890
f 8890 8593 8889
f 8584 8891 8572
f 8584 8880 8890
f 8890 8891 8584
f 8596 8588 8886
f 8596 8886 8885
f 8892 8596 8885
f 8884 8888 8885
f 8892 8885 8893
f 8892 8597 8596
f 8328 8894 8889
f 8889 8894 8895
f 8890 8889 8895
f 8328 8592 8894
f 8896 8894 8592
f 8606 8594 8897
f 8606 8003 8594
f 8597 8898 8594
f 8594 8595 8597
f 8594 8898 8897
f 8899 8897 8898
f 8900 8899 8898
f 8892 8898 8597
f 8893 8901 8892
f 8901 8898 8892
f 8902 8893 8885
f 8901 8893 8902
f 8903 8894 8896
f 8592 8604 8904
f 8604 8905 8904
f 8592 8904 8896
f 8896 8904 8906
f 8605 8604 8000
f 8342 8899 8907
f 8342 8606 8899
f 8907 8899 8908
f 8342 8604 8605
f 8606 8897 8899
f 8909 8900 8898
f 8900 8908 8899
f 8910 8905 8604
f 8910 8604 8342
f 8911 8672 8670
f 8669 8912 8670
f 8912 8911 8670
f 8913 8668 8673
f 8669 8668 8912
f 8912 8668 8913
f 8912 8913 8914
f 8913 8673 8915
f 8915 8673 8675
f 8912 8914 8916
f 8917 8914 8913
f 8671 8672 8918
f 8918 8676 8671
f 8918 8919 8676
f 8918 8672 8911
f 8916 8920 8912
f 8920 8911 8912
f 8911 8921 8918
f 8918 8921 8919
f 8678 8922 8677
f 8923 8677 8922
f 8682 8401 8676
f 8682 8681 8401
f 8678 8680 8684
f 8682 8924 8685
f 8678 8684 8685
f 8681 8924 8682
f 8925 8678 8685
f 8923 8925 8685
f 8926 8927 8687
f 8686 8928 8687
f 8929 8687 8928
f 8929 8930 8687
f 8687 8930 8926
f 8931 8932 8690
f 8694 8690 8933
f 8690 8932 8933
f 8933 8934 8694
f 8693 8692 8694
f 8693 8694 8935
f 8695 8693 8935
f 8936 8695 8935
f 8936 8937 8695
f 8696 8695 8937
f 8937 8938 8696
f 8698 8696 8939
f 8938 8939 8696
f 8940 8437 8711
f 8437 8940 8709
f 8941 8717 8447
f 8710 8941 8447
f 8717 8941 8942
f 8942 8943 8717
f 8944 8945 8946
f 8712 8713 8947
f 8948 8712 8947
f 8948 8947 8944
f 8944 8946 8948
f 8701 8948 8946
f 8945 8701 8946
f 8701 8702 8949
f 8702 8700 8949
f 8712 8949 8700
f 8949 8712 8948
f 8948 8701 8949
f 8705 8704 8950
f 8703 8951 8704
f 8951 8950 8704
f 8950 8415 8705
f 8706 8415 8952
f 8952 8953 8706
f 8706 8953 8708
f 8708 8953 8715
f 8714 8708 8715
f 8718 8954 8451
f 8718 8955 8954
f 8956 8947 8957
f 8956 8957 8719
f 8956 8719 8958
f 8947 8713 8957
f 8956 8959 8947
f 8957 8713 8719
f 8444 8960 8443
f 8439 8443 8961
f 8444 8962 8960
f 8952 8962 8953
f 8444 8715 8962
f 8715 8963 8962
f 8963 8715 8953
f 8962 8963 8953
f 8964 8725 8730
f 8964 8730 8729
f 8965 8966 8964
f 8964 8967 8965
f 8968 8723 8724
f 8724 8451 8954
f 8968 8724 8954
f 8968 8453 8723
f 8968 8954 8969
f 8720 8958 8719
f 8958 8720 8970
f 8971 8970 8720
f 8972 8971 8720
f 8972 8973 8971
f 8720 8440 8722
f 8720 8722 8972
f 8961 8443 8974
f 8961 8975 8972
f 8722 8721 8972
f 8721 8439 8972
f 8972 8439 8961
f 8960 8974 8443
f 8730 8727 8729
f 8732 8733 8976
f 8977 8729 8734
f 8977 8734 8732
f 8977 8978 8729
f 8978 8979 8729
f 8976 8733 8738
f 8977 8732 8976
f 8738 8735 8980
f 8738 8980 8981
f 8982 8976 8738
f 8983 8743 8984
f 8984 8743 8754
f 8746 8745 8731
f 8747 8743 8983
f 8983 8984 8754
f 8748 8985 8461
f 8755 8461 8985
f 8986 8987 8972
f 8972 8756 8973
f 8972 8987 8756
f 8972 8975 8986
f 8961 8987 8975
f 8975 8987 8986
f 8987 8961 8988
f 8988 8961 8989
f 8764 8988 8989
f 8764 8989 8988
f 8750 8752 8753
f 8754 8753 8983
f 8752 8990 8753
f 8991 8753 8992
f 8990 8992 8753
f 8992 8990 8993
f 8993 8991 8992
f 8994 8467 8755
f 8995 8994 8755
f 8497 8996 8495
f 8765 8495 8996
f 8973 8765 8996
f 8277 8996 8495
f 8763 8757 8756
f 8765 8973 8756
f 8987 8997 8756
f 8763 8756 8997
f 8764 8763 8997
f 8988 8997 8987
f 8764 8997 8988
f 8990 8752 8760
f 8760 8998 8990
f 8761 8998 8760
f 8998 8999 8990
f 8998 9000 8999
f 8202 8762 8467
f 9001 8467 8994
f 9001 8202 8467
f 8495 8996 8497
f 8277 9002 8996
f 9003 9004 8796
f 9003 8796 8764
f 8795 8763 8792
f 8792 8763 8796
f 8764 8763 8795
f 9003 8763 8764
f 9003 8796 8763
f 9003 8764 8796
f 8761 8759 9005
f 9005 8759 8766
f 8767 8766 8482
f 8761 9006 8998
f 9005 9006 8761
f 9000 8998 9006
f 8767 9006 9005
f 9005 8766 8767
f 8768 8203 8770
f 9007 8767 8768
f 8778 8776 8779
f 8779 8777 8804
f 8785 8778 8779
f 8810 8787 8788
f 9002 8277 8790
f 9002 8790 9008
f 9008 8791 9009
f 8791 8792 9009
f 8796 8792 8794
f 8791 9008 8790
f 8792 8796 9009
f 8802 8800 8805
f 8802 8805 8800
f 8802 8800 8803
f 8772 8804 8777
f 8803 8805 8802
f 8805 8803 8806
f 8804 9010 8779
f 8804 8805 9010
f 8806 9010 8805
f 9010 8806 9011
f 8785 9012 8784
f 8779 9010 8785
f 8785 9010 9013
f 8785 9013 9012
f 9013 9010 9014
f 9013 9015 9012
f 9010 9011 9014
f 9013 9014 9015
f 9016 8788 8784
f 8788 9016 8810
f 9012 9016 8784
f 8810 9016 9017
f 9017 9016 9012
f 9012 9015 9017
f 8808 8807 8810
f 9018 9019 8810
f 8810 9019 8808
f 9017 9018 8810
f 9019 8814 8808
f 9020 8501 8820
f 9020 8222 8501
f 9020 8822 8222
f 8832 8833 8806
f 8806 8833 9011
f 9011 8834 9014
f 8833 8834 9011
f 9015 9014 8834
f 8834 8835 9015
f 9021 8858 9022
f 9022 9018 9017
f 9015 8835 9021
f 9017 9015 9021
f 9022 9017 9021
f 9022 8861 8838
f 8838 9019 9018
f 9018 9022 8838
f 8814 8839 8813
f 8812 8813 8839
f 8814 8844 8839
f 8838 8837 8844
f 9019 8838 8844
f 9019 8844 8814
f 8849 8544 8848
f 9023 8820 8821
f 8849 8848 9024
f 8821 8849 9024
f 8822 9025 8852
f 9026 8852 9027
f 8852 9028 9027
f 9025 9028 8852
f 9021 8835 8856
f 8858 9021 8856
f 8861 9022 8858
f 8861 8836 8838
f 8852 8871 8853
f 8871 8873 8872
f 9026 8871 8852
f 8871 9029 8873
f 9026 9029 8871
f 9029 9030 8873
f 8875 8874 8877
f 8875 8877 9031
f 9032 9033 8878
f 9034 8876 8878
f 9032 9030 9033
f 8870 8873 8878
f 8878 8873 9032
f 9030 9032 8873
f 8882 8881 9035
f 8882 9035 9036
f 9036 8888 8882
f 9037 8888 9036
f 9037 9038 8888
f 8885 8888 9038
f 8891 8890 9039
f 9039 9040 8891
f 8891 9040 8572
f 8881 8572 9035
f 9041 9036 9035
f 9042 9043 9038
f 9042 9038 9037
f 9042 9037 9044
f 9045 9042 9044
f 9043 9042 9045
f 8901 8909 8898
f 9038 8902 8885
f 9046 8909 8901
f 8901 8902 9043
f 8901 9043 9046
f 8902 9038 9043
f 8895 8894 8903
f 9047 8890 8895
f 8903 9048 8895
f 9048 9047 8895
f 9049 8890 9047
f 9050 9047 9048
f 9050 9049 9047
f 8890 9049 9039
f 8907 8908 9051
f 8909 8908 8900
f 8907 9051 8908
f 8909 9052 8908
f 9046 9052 8909
f 9046 9053 9052
f 9053 8908 9052
f 9051 8907 8908
f 9053 9051 8908
f 9054 9055 9048
f 9050 9055 9056
f 8906 8903 8896
f 8903 8906 9054
f 8906 8904 9054
f 9054 9048 8903
f 9055 9050 9048
f 8910 8342 8907
f 8904 8905 9057
f 9057 8905 9058
f 8910 9058 8905
f 9058 8910 8907
f 9058 8907 9059
f 8907 9060 9059
f 8917 8913 8915
f 9061 8917 8915
f 8914 8917 9062
f 9063 9064 8921
f 8921 8911 9065
f 9065 9063 8921
f 8914 9062 8916
f 9064 9066 8921
f 9066 8919 8921
f 8923 8922 8678
f 8915 8675 8677
f 8915 8677 8923
f 8923 9061 8915
f 9061 8923 9067
f 9061 8915 8675
f 8915 9061 8675
f 8925 8923 8678
f 9067 8923 9068
f 9067 9068 8924
f 9067 8924 8920
f 8924 8681 8682
f 9066 8676 8919
f 9066 8682 8676
f 9066 8924 8682
f 9069 8929 8928
f 9069 9070 8929
f 9069 9071 9070
f 9070 9071 9072
f 9071 9073 9072
f 9071 9069 9074
f 9075 9076 8927
f 8927 9077 9075
f 9075 9077 9073
f 8929 9070 8930
f 9070 9072 8930
f 8926 8930 9072
f 8926 9072 8927
f 8927 9072 9077
f 9077 9072 9073
f 8932 8931 9078
f 8932 9078 8933
f 8933 9078 9079
f 8935 8694 8934
f 8934 8936 8935
f 9080 9081 8936
f 9082 9081 9080
f 9081 9082 9083
f 8936 9081 8937
f 8937 9081 8938
f 8939 8938 9084
f 9083 8938 9081
f 8938 9083 9085
f 9085 9084 8938
f 9085 9086 9084
f 9087 9084 9086
f 9088 9085 9083
f 9087 8939 9084
f 9087 9089 8939
f 9087 9090 9089
f 9090 9091 9089
f 9092 8939 9093
f 9092 9094 8939
f 9095 9096 9097
f 9098 9091 9099
f 9091 9100 9089
f 9089 9100 9101
f 9100 9091 9101
f 9101 9091 9102
f 9102 9103 9101
f 8698 8939 9094
f 8939 9089 9093
f 9104 8435 8697
f 8435 9104 8711
f 9105 9096 9106
f 9106 9098 9105
f 9096 9107 9108
f 9102 9091 9098
f 9106 9102 9098
f 8944 9109 8945
f 8701 9109 8703
f 8703 9109 8951
f 8945 9109 8701
f 9109 8950 8951
f 8950 9110 8415
f 9107 9096 9111
f 8965 9111 9096
f 9096 9108 9106
f 9107 9111 9112
f 8718 8717 8943
f 8943 9113 8718
f 8969 8954 8955
f 8955 8718 9113
f 8955 9113 9114
f 9114 9115 8955
f 9115 8969 8955
f 9116 9117 9118
f 9119 9120 9118
f 9118 9117 9119
f 9121 8959 9122
f 8959 8956 9122
f 8956 9123 9122
f 9120 9121 9122
f 9119 9124 9120
f 8947 9121 8944
f 9121 8947 8959
f 9120 8944 9121
f 8944 9120 9124
f 8944 9124 9109
f 9124 9125 9109
f 8950 9109 9125
f 9125 9126 8950
f 9126 9110 8950
f 9127 9128 9129
f 9110 8952 8415
f 9130 9131 8962
f 9132 9131 9130
f 9110 9127 8952
f 9127 9129 8952
f 8952 9129 8962
f 8962 9129 9130
f 9129 9132 9130
f 8960 8962 9131
f 8964 8729 8979
f 8965 8967 9111
f 9133 8964 8979
f 9111 8967 9134
f 8964 9134 8967
f 9134 8964 9133
f 9111 9134 9133
f 9133 8979 9135
f 8968 8969 9136
f 9137 8968 9136
f 8453 8968 9137
f 8453 9137 9138
f 9139 9140 9116
f 9141 9123 9142
f 9123 9143 9142
f 9123 9144 9122
f 9123 9141 9139
f 9122 9144 9120
f 9123 9139 9144
f 9120 9144 9116
f 9118 9120 9116
f 9116 9144 9139
f 8956 8970 9123
f 9145 9123 8970
f 9143 9123 9145
f 8956 8958 8970
f 8973 9146 8971
f 9147 9146 8973
f 8961 8974 9148
f 8974 8960 9149
f 9149 9148 8974
f 9149 9132 9148
f 9132 9129 9148
f 9150 9148 9129
f 9150 9129 9128
f 9128 9151 9150
f 9149 8960 8962
f 8962 9132 9149
f 9132 8960 9131
f 8962 8960 9132
f 8977 8976 9152
f 9152 8976 8982
f 9153 8978 9154
f 8978 8977 9154
f 9154 8977 9152
f 8979 8978 9135
f 9135 8978 9153
f 8982 8738 8981
f 9155 9152 8982
f 9154 9152 9155
f 8982 8981 9156
f 9154 9155 9157
f 9155 8982 9156
f 8453 9138 8739
f 8980 9158 8739
f 8980 8735 9158
f 8980 8739 8981
f 8735 8739 9158
f 9159 9142 9143
f 9160 9161 9159
f 9143 9145 9159
f 8970 8971 9145
f 9162 9145 8971
f 9159 9145 9162
f 9159 9162 9160
f 9162 8971 9146
f 9146 9163 9162
f 9160 9162 9163
f 9163 9146 9147
f 9163 9147 9164
f 9147 9165 9164
f 9166 9147 8973
f 8996 9147 9166
f 8996 9167 9147
f 9167 9165 9147
f 9165 9167 9168
f 9150 9169 9148
f 9150 9170 9169
f 8983 8984 9171
f 9171 8747 8983
f 8747 9171 9172
f 9172 9171 8984
f 9173 8749 8745
f 8745 9174 9173
f 9175 8985 8748
f 8748 9176 9175
f 8749 9177 8748
f 9177 9176 8748
f 9178 9175 9176
f 9179 8985 9175
f 9173 9177 8749
f 9177 9178 9176
f 9178 9179 9175
f 8973 8996 9166
f 9148 8989 8961
f 9170 8988 8989
f 9169 8989 9148
f 8989 9169 9170
f 9170 9180 8988
f 9180 9170 9181
f 9181 9182 9180
f 9170 9150 9181
f 9182 9181 9151
f 9151 9168 9183
f 8991 8983 8753
f 8990 9184 8993
f 8984 8983 8991
f 8993 8984 8991
f 9184 9185 8993
f 9186 8994 8995
f 8995 8755 9187
f 9187 9188 8995
f 8995 9188 9186
f 8755 8985 9187
f 9188 9187 9189
f 8985 9189 9187
f 9189 9190 9188
f 9186 9188 9191
f 9167 8996 9002
f 9167 9002 9008
f 9180 8764 8988
f 9192 9183 9003
f 9192 9003 8764
f 9183 9004 9003
f 9008 9193 9167
f 9192 9180 9182
f 9183 9192 9182
f 9180 9192 8764
f 9004 9183 9193
f 9183 9167 9193
f 9182 9151 9183
f 9168 9167 9183
f 8999 9184 8990
f 8999 9000 9194
f 9195 9196 8999
f 9194 9195 8999
f 9197 8769 8202
f 9197 8202 9001
f 8769 9197 9198
f 9001 9199 9197
f 9198 9197 9199
f 9001 8994 9186
f 9199 9001 9186
f 9009 8796 9193
f 9009 9193 9008
f 9004 9193 8796
f 9006 9194 9000
f 8767 9194 9006
f 9200 9195 9194
f 9007 8768 9201
f 8767 9202 9194
f 9202 8767 9007
f 9200 9194 9202
f 9201 9202 9007
f 8770 8769 9198
f 9203 9204 8821
f 8821 9204 9023
f 8822 9020 9205
f 8822 9205 9028
f 9028 9205 9206
f 8820 9207 9020
f 8822 9028 9025
f 9024 8848 9208
f 8821 9024 9203
f 9209 9024 9208
f 9210 9211 9212
f 9213 9211 9210
f 9213 9210 9028
f 9213 9028 9206
f 9027 9210 9026
f 9212 9029 9026
f 9027 9028 9210
f 9210 9212 9026
f 9208 8848 8869
f 8869 8875 9208
f 9208 8875 9214
f 8875 9215 9214
f 9216 8875 9217
f 9216 9215 8875
f 9208 9214 9209
f 8875 9031 9217
f 8877 9034 9031
f 9034 8877 8876
f 9212 9033 9030
f 9212 9030 9029
f 9218 9034 8878
f 9033 9218 8878
f 9212 9219 9033
f 9211 9219 9212
f 9037 9036 9041
f 9035 8572 9220
f 9041 9035 9220
f 9041 9220 9044
f 9044 9220 9221
f 9044 9037 9041
f 9046 9043 9045
f 9050 9056 9040
f 9040 9222 8572
f 9049 9050 9040
f 9039 9049 9040
f 9220 8572 9222
f 9223 9040 9056
f 9040 9224 9222
f 9221 9220 9222
f 9044 9221 9225
f 9053 9046 9045
f 9226 9227 9053
f 9226 9045 9228
f 9053 9045 9226
f 9044 9225 9045
f 9045 9225 9229
f 9045 9229 9228
f 9230 9055 9054
f 9230 9056 9055
f 9230 9231 9056
f 9056 9231 9223
f 9223 9231 9232
f 9224 9221 9222
f 9227 9051 9053
f 9233 8907 9051
f 9227 9233 9051
f 9234 9233 9227
f 9227 9226 9234
f 9235 9236 9237
f 9232 9231 9236
f 9237 9238 9239
f 9232 9236 9235
f 9054 9238 9230
f 9238 9236 9230
f 9238 9237 9236
f 9057 9238 9054
f 9231 9230 9236
f 9057 9054 8904
f 9240 9234 9241
f 9240 9060 9234
f 9233 9060 8907
f 9234 9060 9233
f 9242 9238 9057
f 9238 9243 9239
f 9242 9243 9238
f 9244 9057 9058
f 9057 9244 9245
f 9244 9058 9059
f 8917 9061 9062
f 8911 8920 9065
f 8920 9063 9065
f 9062 8920 8916
f 8920 9064 9063
f 9062 9061 9067
f 9067 8920 9062
f 9064 8920 8924
f 9064 8924 9066
f 9246 9247 9248
f 9249 9246 9248
f 9250 9251 9246
f 9252 9248 9253
f 9248 9247 9253
f 9253 9247 9246
f 9254 9255 9249
f 9249 9248 9254
f 9256 9248 9252
f 9256 9254 9248
f 9256 9257 9254
f 9254 9257 9255
f 9246 9249 9258
f 9258 9259 9246
f 9260 9246 9259
f 9260 9250 9246
f 9261 9259 9258
f 9249 9255 9258
f 9258 9255 9262
f 9263 9262 9255
f 9257 9263 9255
f 9258 9262 9264
f 9265 9266 9267
f 9267 9266 9075
f 9267 9074 9268
f 9268 9269 9267
f 9268 9270 9269
f 9271 9272 9075
f 9272 9271 9273
f 9273 9274 9272
f 9274 9076 9272
f 9275 9076 9276
f 9076 9274 9276
f 8687 8931 8690
f 9074 9267 9071
f 9071 9267 9073
f 9073 9267 9075
f 8927 9076 9275
f 9076 9075 9272
f 8931 9079 9078
f 9080 8936 8934
f 9083 9277 9088
f 9277 9083 9082
f 9277 9278 9088
f 9279 9280 9278
f 9278 9280 9088
f 9281 9282 9283
f 9280 9279 9284
f 9280 9284 9285
f 9286 9285 9284
f 9284 9281 9286
f 9282 9281 9287
f 9088 9090 9086
f 9085 9088 9086
f 9086 9090 9087
f 9280 9090 9088
f 9090 9280 9285
f 9105 9288 9097
f 9283 9097 9288
f 9283 9288 9281
f 9289 9285 9286
f 9290 9289 9286
f 9290 9099 9289
f 9099 9290 9098
f 9105 9098 9288
f 9281 9290 9286
f 9281 9288 9290
f 9098 9290 9288
f 9091 9090 9099
f 9099 9090 9289
f 9289 9090 9285
f 9104 8697 9291
f 8699 9291 8697
f 9104 9292 8711
f 9105 9097 9096
f 9106 9103 9102
f 9293 9103 9106
f 8941 9294 8942
f 8710 8709 9295
f 9294 8941 8710
f 8709 8940 9295
f 9295 9294 8710
f 9294 9296 8942
f 9297 8942 9296
f 9108 9293 9106
f 9113 8943 9298
f 8942 9297 8943
f 9298 8943 9297
f 9297 9299 9298
f 9113 9299 9300
f 9113 9298 9299
f 9300 9298 9113
f 9111 9301 9112
f 9107 9112 9108
f 9301 9302 9112
f 8969 9115 9303
f 9113 9304 9114
f 9305 9304 9113
f 9306 9114 9304
f 9115 9114 9306
f 9303 9115 9306
f 9113 9298 9305
f 9304 9305 9298
f 9304 9298 9306
f 9303 9306 9307
f 9306 9298 9307
f 9117 9308 9119
f 9308 9309 9119
f 9117 9310 9308
f 9308 9310 9311
f 9308 9311 9309
f 9310 9312 9311
f 9309 9311 9124
f 9119 9309 9124
f 9125 9124 9311
f 9311 9313 9125
f 9313 9314 9125
f 9313 9315 9314
f 9314 9315 9126
f 9315 9313 9316
f 9126 9125 9314
f 9315 9314 9126
f 9127 9110 9126
f 9126 9128 9127
f 9133 9301 9111
f 9301 9133 9302
f 9133 9317 9302
f 9133 9135 9317
f 9317 9135 9318
f 8969 9303 9136
f 9138 9137 9319
f 9320 9321 9140
f 9139 9320 9140
f 9140 9321 9322
f 9117 9140 9322
f 9321 9323 9322
f 9324 9323 9321
f 9116 9140 9117
f 9323 9117 9322
f 9325 9310 9323
f 9323 9310 9117
f 9325 9312 9310
f 9325 9326 9312
f 9312 9326 9327
f 9311 9312 9327
f 9316 9328 9315
f 9329 9330 9331
f 9315 9330 9314
f 9331 9330 9332
f 9315 9332 9330
f 9333 9331 9332
f 9333 9332 9334
f 9315 9328 9332
f 9328 9334 9332
f 9335 9151 9336
f 9151 9335 9168
f 9330 9168 9335
f 9168 9330 9329
f 9336 9126 9314
f 9126 9336 9128
f 9314 9335 9336
f 9335 9314 9330
f 9336 9151 9128
f 9150 9151 9181
f 9135 9153 9318
f 9154 9318 9153
f 9157 9155 9337
f 9337 9155 9156
f 9154 9157 9338
f 9154 9338 9318
f 9157 9337 9338
f 9339 9338 9337
f 8981 8739 9156
f 8739 9158 9156
f 9340 9337 9156
f 9156 9158 9340
f 8739 9158 9341
f 8739 9138 9158
f 9158 8739 9341
f 9341 9158 9342
f 9342 9158 9138
f 9158 9343 9340
f 9158 9341 9343
f 9344 9345 9346
f 9346 9347 9348
f 9347 9345 9141
f 9346 9345 9347
f 9347 9349 9350
f 9345 9351 9321
f 9141 9142 9352
f 9347 9141 9349
f 9352 9349 9141
f 9349 9352 9350
f 9345 9321 9320
f 9141 9345 9320
f 9141 9320 9139
f 9333 9353 9164
f 9334 9353 9333
f 9354 9333 9334
f 9333 9354 9334
f 9334 9355 9353
f 9334 9328 9354
f 9334 9354 9355
f 9165 9329 9164
f 9329 9333 9164
f 9329 9331 9333
f 9329 9165 9168
f 8747 9172 9356
f 9356 9172 9357
f 8746 9174 8745
f 8746 9358 9174
f 8746 8747 9358
f 9358 8747 9356
f 9358 9359 9174
f 9360 9359 9358
f 9356 9360 9358
f 9357 9360 9356
f 9173 9361 9177
f 9361 9178 9177
f 9362 9363 9178
f 9361 9362 9178
f 9363 9179 9178
f 8985 9179 9189
f 9179 9364 9189
f 9179 9363 9365
f 9364 9179 9365
f 9366 9363 9362
f 9365 9363 9366
f 9348 9350 9367
f 9346 9348 9367
f 9368 9367 9350
f 9367 9368 9369
f 9347 9350 9348
f 9370 9368 9371
f 9350 9372 9368
f 9368 9372 9350
f 9350 9371 9368
f 9350 9352 9371
f 9371 9352 9373
f 9352 9142 9373
f 9373 9142 9374
f 9373 9374 9161
f 9159 9374 9142
f 9374 9159 9161
f 9161 9160 9375
f 9376 9161 9375
f 9376 9375 9377
f 9376 9377 9378
f 9378 9377 9375
f 9379 9376 9378
f 9375 9160 9380
f 9378 9375 9381
f 9375 9380 9381
f 9381 9380 9164
f 9160 9163 9380
f 9163 9164 9380
f 9184 9382 9185
f 9172 8984 8993
f 9383 9172 8993
f 9383 8993 9185
f 9185 9382 9383
f 9384 9172 9383
f 9385 9383 9382
f 9383 9385 9384
f 9190 9191 9188
f 9364 9191 9189
f 9190 9189 9191
f 9386 9191 9364
f 9387 9386 9364
f 9196 9184 8999
f 9196 9195 9184
f 9200 9388 9195
f 9382 9184 9389
f 9195 9389 9184
f 9195 9388 9389
f 9389 9385 9382
f 9388 9390 9389
f 9390 9388 9391
f 9392 9391 9388
f 9199 9393 9198
f 9198 9394 8770
f 9186 9191 9395
f 9395 9393 9186
f 9393 9396 9198
f 9395 9191 9386
f 9199 9186 9393
f 8768 8770 9201
f 9392 9202 9201
f 9200 9202 9392
f 9388 9200 9392
f 9397 9398 9204
f 9023 9399 8820
f 9399 9207 8820
f 9399 9023 9398
f 9204 9398 9023
f 9400 9207 9399
f 9207 9401 9020
f 9401 9205 9020
f 9402 9403 9404
f 9405 9406 9404
f 9407 9404 9406
f 9403 9405 9404
f 9408 9406 9405
f 9409 9024 9209
f 9204 9203 9024
f 9024 9404 9410
f 9204 9024 9410
f 9404 9024 9409
f 9409 9209 9404
f 9209 9411 9404
f 9404 9411 9402
f 9204 9410 9404
f 9404 9407 9397
f 9397 9204 9404
f 9412 9211 9213
f 9205 9413 9206
f 9206 9413 9213
f 9413 9414 9213
f 9414 9412 9213
f 9413 9205 9401
f 9411 9415 9416
f 9411 9416 9402
f 9402 9416 9417
f 9415 9418 9416
f 9411 9209 9214
f 9411 9214 9415
f 9214 9215 9415
f 9415 9215 9419
f 9419 9215 9216
f 9418 9415 9419
f 9033 9420 9218
f 9412 9219 9211
f 9412 9421 9219
f 9219 9421 9033
f 9420 9421 9412
f 9421 9420 9033
f 9419 9216 9217
f 9217 9031 9034
f 9422 9419 9217
f 9232 9423 9424
f 9232 9425 9223
f 9425 9224 9223
f 9232 9424 9425
f 9224 9425 9426
f 9223 9224 9040
f 9224 9426 9221
f 9221 9427 9225
f 9221 9426 9427
f 9427 9428 9225
f 9228 9429 9226
f 9228 9229 9429
f 9225 9428 9229
f 9229 9428 9429
f 9428 9241 9429
f 9232 9430 9423
f 9235 9430 9232
f 9235 9431 9432
f 9432 9430 9235
f 9427 9426 9425
f 9241 9234 9226
f 9241 9226 9429
f 9241 9433 9429
f 9241 9429 9433
f 9433 9241 9434
f 9435 9239 9436
f 9436 9243 9437
f 9436 9239 9243
f 9438 9437 9243
f 9437 9438 9436
f 9439 9436 9438
f 9440 9436 9439
f 9060 9441 9059
f 9240 9442 9060
f 9442 9443 9060
f 9241 9442 9240
f 9442 9433 9434
f 9241 9433 9442
f 9243 9242 9438
f 9444 9439 9438
f 9242 9444 9438
f 9445 9439 9444
f 9445 9444 9242
f 9439 9445 9446
f 9242 9057 9245
f 9244 9447 9245
f 9244 9059 9441
f 9443 9441 9060
f 9244 9448 9447
f 9244 9449 9450
f 9244 9441 9449
f 9244 9450 9448
f 9451 9443 9442
f 9451 9452 9443
f 9443 9452 9441
f 9452 9449 9441
f 9251 9253 9246
f 9453 9454 9253
f 9253 9454 9252
f 9455 9453 9253
f 9456 9256 9457
f 9257 9256 9456
f 9454 9457 9256
f 9454 9256 9252
f 9458 9257 9456
f 9458 9456 9457
f 9458 9457 9454
f 9250 9259 9261
f 9264 9262 9263
f 9261 9258 9264
f 9264 9263 9257
f 9264 9257 9456
f 9458 9456 9257
f 9459 9264 9456
f 9459 9456 9458
f 9458 9460 9459
f 9269 9461 9267
f 9267 9461 9265
f 9270 9461 9269
f 9462 9266 9265
f 9462 9463 9266
f 9463 9271 9266
f 9463 9464 9271
f 9465 9464 9463
f 9075 9266 9271
f 9466 9467 9273
f 9271 9464 9273
f 9464 9466 9273
f 9468 8687 8927
f 9273 9276 9274
f 9276 9273 9467
f 9469 9282 9470
f 9469 9283 9282
f 9287 9284 9279
f 9287 9281 9284
f 9471 9291 9094
f 9103 9472 9101
f 9093 9089 9473
f 9473 9089 9474
f 8699 8698 9291
f 8698 9094 9291
f 9092 9093 9473
f 9473 9094 9092
f 9292 9104 9291
f 9296 9294 9475
f 9297 9296 9476
f 9294 9295 9475
f 9299 9297 9476
f 9299 9476 9477
f 9476 9296 9475
f 9476 9478 9477
f 9479 9108 9480
f 9481 9293 9108
f 9108 9479 9481
f 9300 9299 9482
f 9482 9299 9477
f 9483 9482 9477
f 9300 9482 9483
f 9300 9483 9307
f 9477 9484 9483
f 9484 9485 9483
f 9483 9485 9486
f 9108 9487 9488
f 9112 9487 9108
f 9302 9487 9112
f 9108 9488 9480
f 9489 9480 9488
f 9487 9489 9488
f 9302 9490 9487
f 9480 9489 9479
f 9490 9489 9487
f 9300 9307 9298
f 9307 9491 9303
f 9307 9492 9491
f 9491 9493 9303
f 9492 9307 9483
f 9491 9494 9493
f 9492 9483 9486
f 9495 9486 9496
f 9492 9486 9495
f 9495 9491 9492
f 9491 9495 9494
f 9317 9318 9497
f 9317 9490 9302
f 9317 9498 9490
f 9499 9317 9497
f 9500 9499 9497
f 9499 9498 9317
f 9498 9499 9500
f 9501 9498 9500
f 9138 9319 9342
f 9319 9502 9342
f 9303 9493 9136
f 9136 9493 9137
f 9342 9502 9503
f 9351 9504 9321
f 9504 9324 9321
f 9324 9505 9325
f 9504 9505 9324
f 9504 9506 9505
f 9505 9506 9325
f 9325 9506 9507
f 9506 9508 9507
f 9509 9326 9507
f 9508 9509 9507
f 9324 9325 9323
f 9507 9326 9325
f 9327 9326 9509
f 9313 9327 9509
f 9311 9327 9313
f 9510 9316 9511
f 9316 9510 9328
f 9497 9318 9338
f 9339 9497 9338
f 9512 9497 9339
f 9512 9500 9497
f 9361 9340 9513
f 9361 9514 9337
f 9361 9337 9340
f 9339 9337 9514
f 9515 9514 9361
f 9513 9515 9361
f 9514 9512 9339
f 9515 9513 9516
f 9343 9341 9517
f 9342 9517 9341
f 9518 9340 9343
f 9342 9503 9517
f 9343 9517 9518
f 9517 9503 9518
f 9513 9340 9518
f 9518 9516 9513
f 9513 9362 9361
f 9362 9513 9519
f 9503 9516 9518
f 9520 9521 9522
f 9520 9523 9521
f 9524 9525 9526
f 9526 9527 9524
f 9525 9528 9526
f 9528 9529 9526
f 9525 9530 9531
f 9528 9525 9531
f 9529 9528 9344
f 9532 9533 9529
f 9529 9344 9532
f 9530 9534 9531
f 9367 9344 9346
f 9344 9367 9532
f 9528 9535 9344
f 9528 9531 9535
f 9535 9531 9534
f 9536 9535 9534
f 9535 9537 9345
f 9344 9535 9345
f 9536 9537 9535
f 9534 9504 9536
f 9534 9536 9504
f 9537 9351 9345
f 9351 9537 9504
f 9536 9504 9537
f 9538 9539 9540
f 9538 9541 9539
f 9313 9542 9316
f 9540 9543 9511
f 9540 9539 9543
f 9355 9541 9353
f 9541 9355 9539
f 9316 9542 9511
f 9510 9511 9543
f 9355 9543 9539
f 9510 9543 9328
f 9354 9328 9543
f 9354 9543 9355
f 9544 9360 9357
f 9359 9360 9545
f 9545 9546 9359
f 9360 9544 9547
f 9360 9547 9545
f 9545 9547 9544
f 9547 9545 9544
f 9548 9545 9547
f 9174 9361 9173
f 9174 9359 9546
f 9174 9546 9549
f 9174 9549 9361
f 9361 9549 9513
f 9550 9551 9546
f 9546 9551 9549
f 9546 9545 9550
f 9519 9366 9362
f 9366 9552 9365
f 9519 9552 9366
f 9364 9553 9387
f 9364 9365 9553
f 9365 9552 9553
f 9553 9554 9387
f 9552 9554 9553
f 9552 9555 9554
f 9556 9552 9519
f 9552 9556 9557
f 9557 9555 9552
f 9554 9555 9558
f 9557 9558 9555
f 9558 9559 9554
f 9558 9560 9559
f 9561 9562 9558
f 9562 9560 9558
f 9562 9563 9560
f 9563 9564 9560
f 9563 9522 9564
f 9565 9566 9527
f 9522 9566 9567
f 9527 9526 9568
f 9566 9522 9527
f 9521 9527 9522
f 9527 9521 9524
f 9569 9570 9571
f 9569 9571 9565
f 9527 9569 9565
f 9569 9568 9570
f 9572 9527 9569
f 9572 9569 9527
f 9570 9568 9526
f 9527 9568 9569
f 9571 9570 9533
f 9533 9573 9571
f 9533 9532 9573
f 9529 9570 9526
f 9533 9570 9529
f 9532 9367 9573
f 9367 9369 9573
f 9373 9574 9371
f 9161 9376 9575
f 9576 9379 9577
f 9576 9577 9578
f 9579 9578 9538
f 9379 9378 9577
f 9577 9538 9578
f 9577 9580 9538
f 9577 9378 9381
f 9381 9378 9577
f 9541 9378 9381
f 9538 9378 9541
f 9538 9580 9378
f 9378 9580 9577
f 9381 9164 9353
f 9541 9381 9353
f 9357 9172 9544
f 9581 9172 9384
f 9582 9384 9385
f 9581 9544 9172
f 9581 9384 9583
f 9582 9583 9384
f 9584 9544 9583
f 9582 9585 9583
f 9544 9581 9583
f 9387 9554 9386
f 9554 9586 9386
f 9386 9586 9587
f 9586 9588 9587
f 9589 9587 9588
f 9559 9586 9554
f 9586 9559 9590
f 9559 9591 9590
f 9559 9560 9591
f 9590 9591 9592
f 9588 9586 9590
f 9590 9593 9588
f 9592 9593 9590
f 9560 9564 9591
f 9564 9594 9591
f 9567 9595 9596
f 9522 9567 9564
f 9596 9564 9567
f 9564 9596 9594
f 9567 9566 9595
f 9597 9595 9598
f 9596 9595 9599
f 9595 9597 9599
f 9566 9565 9595
f 9571 9600 9565
f 9595 9565 9598
f 9600 9598 9565
f 9601 9598 9600
f 9598 9601 9602
f 9602 9597 9598
f 9573 9603 9571
f 9603 9600 9571
f 9604 9600 9603
f 9605 9601 9600
f 9604 9605 9600
f 9606 9605 9604
f 9602 9601 9605
f 9607 9605 9606
f 9573 9369 9603
f 9368 9603 9369
f 9604 9603 9368
f 9604 9368 9606
f 9368 9608 9606
f 9608 9607 9606
f 9609 9607 9608
f 9610 9609 9608
f 9370 9608 9368
f 9610 9608 9611
f 9371 9574 9370
f 9574 9608 9370
f 9608 9574 9611
f 9610 9611 9612
f 9611 9613 9612
f 9610 9612 9614
f 9614 9612 9613
f 9373 9161 9574
f 9574 9161 9613
f 9611 9574 9613
f 9615 9616 9613
f 9613 9161 9575
f 9613 9575 9615
f 9575 9578 9615
f 9616 9615 9617
f 9617 9615 9618
f 9575 9376 9379
f 9575 9379 9578
f 9615 9578 9618
f 9578 9379 9576
f 9390 9385 9389
f 9385 9390 9619
f 9619 9390 9391
f 9619 9391 9620
f 9621 9619 9620
f 9585 9582 9385
f 9619 9585 9385
f 9621 9585 9619
f 9622 9585 9621
f 9623 9621 9620
f 9395 9386 9587
f 9394 9198 9396
f 9395 9587 9624
f 9624 9393 9395
f 9624 9396 9393
f 9625 9394 9396
f 9396 9624 9625
f 9587 9589 9624
f 9589 9593 9624
f 9392 9201 9620
f 9623 9620 9201
f 9391 9392 9620
f 9201 8770 9394
f 9626 9201 9625
f 9201 9394 9625
f 9623 9201 9626
f 9408 9407 9406
f 9627 9407 9408
f 9407 9398 9397
f 9628 9407 9627
f 9628 9627 9629
f 9630 9399 9398
f 9407 9628 9398
f 9628 9630 9398
f 9631 9628 9629
f 9630 9400 9399
f 9630 9632 9400
f 9630 9633 9632
f 9628 9631 9630
f 9631 9633 9630
f 9634 9413 9635
f 9207 9413 9401
f 9636 9634 9635
f 9632 9207 9400
f 9413 9207 9632
f 9632 9635 9413
f 9414 9413 9634
f 9416 9637 9417
f 9416 9418 9638
f 9416 9638 9639
f 9640 9414 9636
f 9640 9218 9420
f 9640 9641 9218
f 9641 9642 9218
f 9640 9636 9643
f 9644 9640 9643
f 9645 9642 9641
f 9645 9641 9640
f 9412 9414 9420
f 9634 9636 9414
f 9414 9640 9420
f 9638 9418 9422
f 9422 9639 9638
f 9422 9646 9639
f 9422 9418 9419
f 9422 9217 9034
f 9422 9034 9647
f 9647 9648 9642
f 9649 9650 9642
f 9650 9647 9642
f 9648 9034 9218
f 9647 9034 9648
f 9648 9218 9642
f 9424 9423 9651
f 9425 9424 9651
f 9427 9425 9651
f 9652 9653 9427
f 9434 9241 9428
f 9446 9440 9439
f 9440 9654 9655
f 9446 9654 9440
f 9655 9656 9440
f 9657 9656 9655
f 9652 9427 9657
f 9652 9658 9653
f 9657 9658 9652
f 9657 9659 9658
f 9653 9658 9659
f 9657 9655 9659
f 9660 9658 9659
f 9659 9658 9660
f 9442 9434 9451
f 9428 9427 9653
f 9428 9653 9434
f 9661 9659 9660
f 9661 9653 9659
f 9434 9653 9661
f 9434 9661 9662
f 9661 9660 9662
f 9434 9662 9451
f 9654 9446 9655
f 9663 9664 9445
f 9665 9446 9445
f 9445 9664 9665
f 9446 9665 9655
f 9655 9665 9666
f 9659 9655 9666
f 9667 9668 9669
f 9451 9667 9452
f 9668 9667 9451
f 9667 9449 9452
f 9668 9451 9662
f 9662 9660 9668
f 9447 9670 9245
f 9671 9670 9447
f 9671 9447 9448
f 9448 9450 9672
f 9450 9449 9673
f 9673 9672 9450
f 9673 9449 9674
f 9667 9674 9449
f 9675 9245 9670
f 9671 9675 9670
f 9676 9448 9672
f 9671 9448 9676
f 9676 9672 9673
f 9673 9677 9676
f 9462 9678 9679
f 9678 9680 9679
f 9681 9253 9682
f 9253 9681 9455
f 9682 9253 9251
f 9683 9455 9684
f 9685 9460 9454
f 9460 9458 9454
f 9455 9683 9453
f 9454 9453 9683
f 9683 9686 9454
f 9686 9685 9454
f 9686 9460 9685
f 9460 9687 9686
f 9684 9686 9683
f 9687 9460 9686
f 9684 9687 9686
f 9688 9461 9270
f 9679 9680 9462
f 9689 9682 9251
f 9681 9682 9689
f 9690 9691 9250
f 9260 9259 9250
f 9460 9692 9693
f 9261 9264 9694
f 9694 9264 9459
f 9460 9686 9692
f 9693 9694 9459
f 9686 9687 9692
f 9460 9693 9459
f 9462 9265 9461
f 9680 9463 9462
f 9680 9465 9463
f 9465 9695 9464
f 9696 9464 9695
f 9275 9697 9468
f 9697 8687 9468
f 9698 9079 8931
f 9464 9467 9466
f 9467 9464 9699
f 9699 9700 9467
f 9700 9699 9701
f 9701 9699 9464
f 9702 9700 9701
f 9468 8927 9275
f 9703 9704 9705
f 9706 9707 9708
f 9708 9709 9705
f 9709 9710 9711
f 9710 9709 9708
f 9704 9708 9705
f 9712 9705 9709
f 9712 9709 9713
f 9712 9713 9709
f 9711 9710 9470
f 9470 9282 9714
f 9711 9712 9709
f 9711 9470 9714
f 9712 9711 9715
f 9706 9469 9707
f 9707 9470 9710
f 9470 9707 9469
f 9710 9708 9707
f 9473 9474 9716
f 9094 9473 9471
f 9291 9717 9292
f 9471 9717 9291
f 8711 9292 9718
f 9717 9719 9292
f 9474 9089 9720
f 9101 9472 9720
f 9089 9101 9720
f 9720 9472 9721
f 9293 9722 9103
f 9721 9472 9723
f 9472 9103 9722
f 9723 9472 9722
f 9474 9720 9716
f 9721 9716 9720
f 9295 8940 9724
f 9475 9295 9724
f 8711 9718 8940
f 9725 9475 9724
f 9726 9722 9293
f 9481 9726 9293
f 9479 9727 9481
f 9475 9728 9476
f 9729 9476 9728
f 9476 9729 9478
f 9728 9475 9725
f 9478 9729 9730
f 9479 9731 9732
f 9479 9732 9731
f 9732 9733 9479
f 9733 9732 9734
f 9733 9734 9735
f 9734 9736 9735
f 9736 9734 9732
f 9727 9479 9733
f 9485 9477 9478
f 9477 9485 9484
f 9485 9496 9486
f 9730 9485 9478
f 9730 9737 9485
f 9737 9730 9485
f 9496 9485 9738
f 9738 9739 9496
f 9730 9738 9485
f 9479 9489 9732
f 9489 9736 9732
f 9490 9740 9489
f 9490 9741 9740
f 9742 9741 9490
f 9489 9743 9736
f 9740 9743 9489
f 9740 9744 9743
f 9741 9744 9740
f 9495 9739 9494
f 9495 9496 9739
f 9493 9494 9745
f 9739 9745 9494
f 9746 9501 9500
f 9501 9742 9490
f 9501 9490 9498
f 9501 9747 9744
f 9744 9741 9742
f 9501 9744 9742
f 9501 9746 9747
f 9748 9747 9746
f 9502 9319 9749
f 9750 9751 9502
f 9137 9493 9752
f 9493 9753 9752
f 9137 9752 9319
f 9752 9749 9319
f 9746 9500 9512
f 9746 9512 9514
f 9746 9514 9515
f 9549 9551 9754
f 9513 9549 9754
f 9746 9515 9755
f 9748 9746 9755
f 9754 9756 9513
f 9755 9515 9516
f 9756 9757 9513
f 9513 9757 9519
f 9556 9519 9757
f 9748 9755 9516
f 9758 9516 9759
f 9759 9516 9760
f 9754 9761 9756
f 9756 9761 9762
f 9748 9516 9758
f 9758 9759 9763
f 9503 9760 9516
f 9503 9764 9760
f 9760 9764 9765
f 9756 9766 9757
f 9759 9760 9765
f 9766 9756 9762
f 9502 9751 9503
f 9764 9503 9751
f 9767 9523 9561
f 9558 9767 9561
f 9768 9764 9751
f 9757 9769 9557
f 9557 9769 9767
f 9768 9751 9750
f 9769 9770 9767
f 9770 9771 9767
f 9764 9768 9765
f 9766 9769 9757
f 9766 9770 9769
f 9561 9523 9520
f 9520 9767 9771
f 9767 9520 9523
f 9770 9772 9771
f 9772 9770 9773
f 9521 9523 9774
f 9523 9520 9774
f 9774 9520 9771
f 9771 9775 9774
f 9775 9771 9772
f 9776 9774 9775
f 9773 9775 9772
f 9525 9521 9774
f 9524 9521 9525
f 9774 9776 9525
f 9776 9777 9778
f 9778 9530 9776
f 9779 9780 9778
f 9779 9781 9780
f 9776 9530 9525
f 9778 9782 9530
f 9778 9780 9782
f 9530 9783 9534
f 9530 9782 9783
f 9782 9780 9783
f 9783 9780 9784
f 9785 9504 9784
f 9784 9504 9783
f 9534 9783 9536
f 9783 9504 9536
f 9504 9785 9786
f 9787 9786 9785
f 9788 9787 9785
f 9788 9789 9790
f 9786 9506 9504
f 9786 9508 9506
f 9786 9787 9508
f 9787 9788 9790
f 9789 9791 9790
f 9789 9792 9791
f 9792 9793 9791
f 9791 9793 9792
f 9794 9508 9787
f 9787 9790 9794
f 9791 9793 9790
f 9794 9313 9508
f 9508 9313 9509
f 9790 9793 9794
f 9542 9794 9793
f 9794 9542 9313
f 9511 9542 9795
f 9547 9544 9796
f 9547 9796 9548
f 9584 9796 9544
f 9545 9548 9550
f 9550 9754 9551
f 9550 9797 9754
f 9550 9798 9797
f 9548 9798 9550
f 9798 9548 9796
f 9799 9800 9798
f 9796 9799 9798
f 9797 9761 9754
f 9757 9557 9556
f 9558 9557 9767
f 9522 9563 9520
f 9562 9561 9563
f 9563 9561 9520
f 9801 9802 9803
f 9802 9801 9803
f 9803 9804 9805
f 9802 9806 9803
f 9806 9804 9803
f 9793 9791 9807
f 9807 9805 9793
f 9805 9807 9803
f 9803 9807 9802
f 9579 9806 9578
f 9579 9804 9806
f 9808 9804 9809
f 9808 9809 9795
f 9805 9808 9795
f 9804 9808 9805
f 9542 9793 9795
f 9793 9805 9795
f 9810 9804 9538
f 9804 9579 9538
f 9809 9811 9538
f 9804 9810 9811
f 9804 9811 9809
f 9540 9511 9809
f 9540 9809 9538
f 9511 9795 9809
f 9810 9538 9811
f 9583 9585 9812
f 9583 9796 9584
f 9813 9796 9583
f 9583 9812 9813
f 9813 9814 9796
f 9813 9812 9814
f 9796 9814 9799
f 9814 9812 9622
f 9814 9622 9815
f 9814 9800 9799
f 9594 9816 9591
f 9591 9816 9592
f 9594 9817 9816
f 9592 9816 9817
f 9596 9599 9818
f 9594 9596 9817
f 9818 9817 9596
f 9597 9818 9599
f 9609 9610 9819
f 9819 9610 9614
f 9820 9614 9613
f 9820 9613 9616
f 9821 9822 9616
f 9823 9806 9821
f 9822 9821 9806
f 9802 9801 9806
f 9578 9617 9618
f 9821 9617 9806
f 9578 9806 9617
f 9821 9616 9617
f 9821 9806 9823
f 9585 9622 9812
f 9622 9621 9824
f 9825 9824 9621
f 9825 9621 9623
f 9622 9824 9815
f 9824 9825 9826
f 9815 9824 9826
f 9827 9815 9826
f 9828 9826 9825
f 9626 9625 9829
f 9829 9625 9830
f 9831 9626 9829
f 9828 9825 9831
f 9589 9588 9593
f 9593 9830 9624
f 9625 9624 9830
f 9593 9832 9830
f 9830 9832 9833
f 9832 9834 9833
f 9830 9833 9835
f 9830 9835 9829
f 9593 9592 9588
f 9592 9593 9588
f 9593 9592 9836
f 9593 9836 9832
f 9836 9834 9832
f 9592 9834 9836
f 9834 9592 9837
f 9592 9817 9837
f 9834 9837 9838
f 9833 9834 9838
f 9817 9818 9839
f 9818 9840 9839
f 9817 9839 9837
f 9837 9839 9840
f 9818 9841 9840
f 9818 9840 9841
f 9842 9837 9840
f 9840 9818 9597
f 9840 9597 9843
f 9843 9597 9602
f 9843 9602 9844
f 9602 9845 9844
f 9845 9846 9844
f 9602 9605 9846
f 9845 9602 9846
f 9847 9846 9848
f 9605 9607 9846
f 9846 9607 9609
f 9609 9819 9846
f 9846 9819 9848
f 9848 9819 9820
f 9849 9848 9820
f 9819 9614 9820
f 9825 9623 9831
f 9623 9626 9831
f 9850 9851 9631
f 9850 9852 9851
f 9631 9853 9633
f 9854 9633 9853
f 9851 9853 9631
f 9855 9853 9851
f 9856 9857 9853
f 9856 9853 9855
f 9856 9855 9858
f 9857 9856 9858
f 9852 9855 9851
f 9633 9854 9632
f 9632 9854 9635
f 9854 9636 9635
f 9859 9636 9857
f 9854 9857 9636
f 9857 9854 9853
f 9860 9857 9858
f 9649 9643 9861
f 9861 9862 9649
f 9862 9863 9649
f 9858 9861 9860
f 9636 9857 9643
f 9644 9643 9640
f 9643 9645 9640
f 9643 9649 9642
f 9645 9643 9642
f 9857 9636 9859
f 9857 9860 9643
f 9860 9861 9643
f 9864 9646 9422
f 9864 9865 9646
f 9864 9422 9866
f 9864 9866 9867
f 9868 9867 9866
f 9866 9422 9647
f 9649 9863 9650
f 9650 9866 9647
f 9862 9650 9863
f 9866 9862 9868
f 9866 9650 9862
f 9869 9666 9665
f 9666 9869 9870
f 9659 9666 9870
f 9871 9870 9869
f 9660 9669 9668
f 9660 9659 9870
f 9669 9660 9870
f 9870 9871 9872
f 9872 9871 9873
f 9873 9874 9875
f 9667 9876 9674
f 9876 9877 9673
f 9674 9876 9673
f 9667 9669 9876
f 9870 9872 9669
f 9872 9876 9669
f 9873 9875 9872
f 9872 9875 9876
f 9876 9875 9877
f 9878 9875 9879
f 9875 9874 9879
f 9879 9874 9880
f 9877 9878 9673
f 9673 9878 9677
f 9878 9877 9875
f 9676 9677 9881
f 9881 9882 9676
f 9878 9881 9677
f 9879 9881 9878
f 9879 9883 9881
f 9884 9885 9886
f 9461 9884 9886
f 9885 9887 9678
f 9885 9461 9886
f 9885 9462 9461
f 9885 9678 9462
f 9688 9888 9889
f 9890 9680 9678
f 9680 9890 9891
f 9680 9891 9465
f 9891 9892 9465
f 9892 9696 9695
f 9893 9894 9895
f 9465 9892 9695
f 9455 9681 9896
f 9896 9897 9898
f 9896 9898 9455
f 9899 9898 9897
f 9684 9455 9898
f 9900 9687 9684
f 9899 9684 9898
f 9901 9900 9684
f 9899 9901 9684
f 9893 9902 9903
f 9904 9893 9903
f 9904 9903 9902
f 9905 9906 9902
f 9902 9906 9900
f 9902 9895 9905
f 9902 9893 9895
f 9905 9907 9906
f 9908 9900 9909
f 9907 9909 9906
f 9909 9900 9906
f 9910 9251 9691
f 9689 9251 9910
f 9911 9689 9912
f 9689 9911 9912
f 9689 9896 9681
f 9250 9691 9251
f 9897 9901 9899
f 9913 9687 9900
f 9914 9687 9913
f 9913 9900 9901
f 9687 9914 9915
f 9915 9916 9692
f 9692 9687 9915
f 9464 9696 9917
f 9275 9276 9918
f 9918 9276 9919
f 9276 9467 9919
f 9919 9467 9700
f 9920 9921 9690
f 9922 9920 9690
f 9691 9690 9921
f 9923 9920 9922
f 9261 9690 9250
f 9922 9261 9694
f 9922 9690 9261
f 9917 9701 9464
f 9917 9924 9701
f 9924 9925 9701
f 9926 9925 9924
f 9700 9702 9927
f 9928 8933 9079
f 9929 9930 9931
f 9932 9930 9929
f 9926 9927 9702
f 9925 9926 9702
f 9925 9702 9701
f 9926 9933 9934
f 9926 9930 9933
f 9934 9930 9926
f 8934 8933 9935
f 9935 9936 8934
f 9080 8934 9936
f 9937 9080 9936
f 9932 9933 9930
f 9933 9932 9929
f 9933 9929 9938
f 9938 9939 9933
f 9936 9082 9080
f 9940 9082 9936
f 9277 9082 9940
f 9941 9703 9942
f 9942 9943 9944
f 9945 9946 9947
f 9945 9948 9946
f 9947 9948 9945
f 9946 9948 9929
f 9929 9948 9938
f 9929 9712 9946
f 9948 9947 9712
f 9712 9943 9705
f 9705 9943 9703
f 9944 9943 9712
f 9943 9942 9703
f 9946 9712 9947
f 9715 9711 9949
f 9949 9711 9714
f 9471 9473 9950
f 9950 9716 9951
f 9950 9951 9471
f 9952 9953 9717
f 9471 9951 9952
f 9721 9723 9954
f 9473 9716 9950
f 9721 9955 9716
f 9721 9954 9955
f 9471 9952 9717
f 9719 9717 9953
f 9719 9956 9292
f 9292 9956 9718
f 9957 9722 9726
f 9481 9957 9726
f 9957 9481 9958
f 9958 9481 9727
f 9959 9728 9725
f 9959 9725 9960
f 9959 9961 9728
f 9960 9962 9959
f 9963 9960 9725
f 9961 9959 9962
f 9962 9960 9964
f 9727 9733 9965
f 9733 9966 9965
f 9730 9729 9967
f 9968 9967 9729
f 9961 9729 9728
f 9961 9968 9729
f 9969 9967 9968
f 9968 9970 9969
f 9961 9962 9971
f 9968 9961 9971
f 9735 9972 9733
f 9973 9974 9735
f 9974 9972 9735
f 9973 9975 9974
f 9973 9976 9975
f 9966 9733 9972
f 9972 9974 9966
f 9966 9974 9977
f 9977 9974 9975
f 9976 9978 9975
f 9973 9978 9976
f 9975 9978 9977
f 9730 9967 9969
f 9730 9969 9738
f 9738 9979 9739
f 9979 9980 9739
f 9738 9969 9979
f 9981 9739 9980
f 9745 9739 9981
f 9981 9982 9983
f 9984 9979 9969
f 9979 9984 9980
f 9736 9985 9735
f 9743 9985 9736
f 9744 9985 9743
f 9986 9985 9744
f 9985 9973 9735
f 9985 9986 9987
f 9985 9987 9973
f 9744 9988 9986
f 9988 9987 9986
f 9987 9989 9973
f 9981 9983 9745
f 9983 9493 9745
f 9493 9983 9753
f 9753 9983 9982
f 9753 9982 9749
f 9990 9747 9748
f 9986 9744 9747
f 9986 9747 9990
f 9744 9986 9988
f 9991 9990 9748
f 9991 9992 9993
f 9993 9994 9990
f 9993 9990 9991
f 9994 9993 9995
f 9986 9996 9988
f 9996 9986 9990
f 9990 9994 9996
f 9993 9992 9763
f 9763 9997 9998
f 9763 9995 9993
f 9995 9763 9998
f 9999 9998 9997
f 9750 10000 10001
f 10000 10002 10001
f 9750 9502 10003
f 10000 9750 10003
f 10004 10000 10003
f 10003 10005 10006
f 10004 10002 10000
f 9752 9753 9749
f 9749 10005 9502
f 9502 10005 10003
f 9991 9748 9758
f 9992 9758 9763
f 9761 10007 9762
f 9992 9991 9758
f 9765 9997 9759
f 10008 9766 9762
f 9763 9759 9997
f 9762 10007 10008
f 10007 10009 10008
f 9997 9765 10001
f 9765 9768 10001
f 10001 9768 9750
f 9766 10010 9770
f 9766 10008 10010
f 10009 10011 10008
f 10008 10011 10010
f 10001 9999 9997
f 9770 10012 9773
f 10010 10012 9770
f 10013 10012 10010
f 10013 10014 10012
f 10010 10014 10013
f 9777 9776 10015
f 9773 10015 9775
f 9775 10015 9776
f 9773 10012 10015
f 10014 10016 10012
f 10012 10016 10015
f 10015 10017 9777
f 9777 10017 9778
f 9778 10017 9779
f 10017 10018 9779
f 10015 10019 10017
f 10015 10016 10019
f 10018 9781 9779
f 10018 10017 10019
f 10018 10020 9781
f 10019 10021 10018
f 10021 10020 10018
f 10021 10022 10020
f 9781 9784 9780
f 10023 10020 10022
f 9785 9784 10020
f 9784 9781 10020
f 9788 9785 10020
f 9788 10020 10023
f 10023 9789 9788
f 9797 9798 10024
f 9798 10025 10024
f 9798 9800 10026
f 9798 10026 10025
f 10026 10027 10024
f 10026 10024 10025
f 9797 10028 9761
f 9761 10028 10007
f 10024 10028 9797
f 10028 10029 10007
f 10030 10028 10024
f 10031 10024 10027
f 10028 10030 10029
f 10031 10030 10024
f 10030 10031 10032
f 10007 10029 10033
f 10029 10030 10033
f 10007 10033 10009
f 10034 10022 10035
f 10023 10034 9789
f 10022 10034 10023
f 10034 10036 9792
f 10034 10037 10036
f 9792 10036 10038
f 10038 10036 10039
f 10034 9792 9789
f 10040 10039 10041
f 10040 10038 10039
f 9792 10038 9791
f 10038 10040 9807
f 9807 10040 9802
f 10041 9802 10040
f 9802 10041 9801
f 9791 10038 9807
f 9800 9814 10026
f 9815 10042 9814
f 9827 10043 10042
f 9815 9827 10042
f 9814 10042 10026
f 10026 10042 10027
f 10044 10042 10043
f 10042 10045 10027
f 10027 10045 10031
f 10044 10046 10042
f 10046 10045 10042
f 10046 10047 10045
f 10044 10047 10046
f 10048 10049 10050
f 10051 10049 10048
f 10039 10048 10050
f 10039 10050 10041
f 10041 10050 10052
f 10052 10050 10053
f 10049 10053 10050
f 10054 9616 9822
f 9822 10055 10054
f 10054 10055 10053
f 9822 10052 10055
f 10052 10053 10055
f 10052 10056 10041
f 10056 10052 9822
f 9801 10041 10056
f 9806 9801 10056
f 9806 10056 9822
f 9826 9828 10057
f 9827 9826 10043
f 10043 10057 10044
f 9826 10057 10043
f 10057 9828 10058
f 9831 10058 9828
f 10057 10058 10044
f 10044 10058 10059
f 10060 10059 10058
f 10047 10044 10059
f 10059 10060 10061
f 9831 9829 10062
f 9829 9835 10063
f 9831 10062 10058
f 10062 9829 10063
f 10062 10063 9835
f 10060 10058 10062
f 10060 10062 9835
f 10060 9835 10064
f 10065 10064 9835
f 9833 9838 9835
f 10063 9835 9838
f 9835 10063 10065
f 10063 9838 10066
f 10063 10066 10065
f 9838 9837 9842
f 9842 10067 9838
f 10066 9838 10068
f 10067 9842 9840
f 9838 10067 10068
f 10066 10068 10069
f 10068 10067 10069
f 9840 9843 10067
f 10067 9843 9844
f 9844 9847 10070
f 9844 10071 10067
f 10070 10071 9844
f 10071 10072 10067
f 9844 9846 9847
f 9847 10073 10074
f 10075 9849 10076
f 10075 9848 9849
f 9847 9848 10073
f 10075 10073 9848
f 10053 10051 10076
f 10076 10051 10075
f 10051 10053 10049
f 10074 10073 10075
f 10051 10077 10075
f 10074 10075 10077
f 10076 9820 10054
f 9616 10054 9820
f 10076 9849 9820
f 10054 10053 10076
f 10078 10079 10080
f 10078 10081 10079
f 10078 10082 10081
f 10082 10083 10081
f 10081 10083 10079
f 9861 9858 10078
f 10078 9862 9861
f 10080 9862 10078
f 10084 10079 10080
f 10084 10080 10079
f 10084 10079 10083
f 10080 10079 9862
f 9889 10085 10086
f 10085 9889 9888
f 9889 10087 9688
f 9887 9890 9678
f 10088 9891 9890
f 10088 10089 9891
f 9891 10089 10090
f 9887 10088 9890
f 10090 10089 10091
f 10092 10093 10090
f 10091 10092 10090
f 9688 10087 9461
f 9461 10087 9884
f 9892 9891 10090
f 9892 10090 10093
f 10093 9696 9892
f 10093 9917 9696
f 9904 9894 9893
f 10094 9894 9904
f 10095 9924 10096
f 10095 9926 9924
f 9918 9697 9275
f 10097 9904 9908
f 9902 9900 9908
f 10098 9908 9909
f 10099 10098 9909
f 9904 9902 9908
f 10100 9905 9895
f 9905 10100 9907
f 9895 10101 10100
f 9894 10102 9895
f 10101 9895 10102
f 10102 10103 10101
f 10103 10104 10100
f 10103 10100 10101
f 10105 10104 10103
f 9894 10094 10102
f 10102 10105 10103
f 10104 10106 10100
f 10095 9930 9926
f 10107 8931 8687
f 9698 9928 9079
f 9912 9689 10108
f 9689 9912 10109
f 10109 9896 9689
f 10110 10111 9896
f 10109 10110 9896
f 10112 9901 10113
f 10113 9901 9897
f 9913 9901 10114
f 9916 9915 9914
f 10114 10115 9913
f 9914 9913 10115
f 10114 9901 10112
f 10112 10116 10114
f 10116 10115 10114
f 9914 10115 10116
f 9909 9907 10099
f 10117 9908 10098
f 10099 9907 10118
f 10106 9907 10100
f 10106 10118 9907
f 10119 10120 10121
f 10122 10119 10121
f 10121 10120 10123
f 10124 10125 10123
f 9929 9931 10126
f 9931 9930 10127
f 10095 10127 9930
f 10128 8933 9928
f 9910 10108 9689
f 10129 9910 9691
f 9691 9921 10129
f 9910 10129 10108
f 10108 10129 10130
f 10129 9921 10130
f 9922 9694 10131
f 9916 9694 9692
f 9914 9694 9916
f 9694 9693 9692
f 9694 10132 9693
f 10132 9694 9693
f 10133 10131 9694
f 10133 9694 10132
f 10124 10120 9942
f 10120 10124 10123
f 10124 9712 10126
f 9712 9929 10126
f 10126 10134 10124
f 10135 9921 9920
f 10136 10135 9920
f 9923 10136 9920
f 10137 9923 9922
f 10137 9922 10131
f 10125 10124 9942
f 10125 9942 9944
f 9944 9712 10124
f 9944 10124 10125
f 9939 9934 9933
f 9936 9080 9937
f 9939 9938 10138
f 9948 10138 9938
f 10139 9948 9712
f 10138 9948 10139
f 9279 10140 10141
f 9953 10142 9719
f 9719 10143 9718
f 9716 10144 9951
f 9955 10145 10146
f 10144 9955 10146
f 10144 10146 10147
f 10148 10142 9952
f 9952 9951 10148
f 9719 9718 9956
f 9952 10142 9953
f 9718 9963 8940
f 9956 9718 10149
f 10149 9718 9956
f 10150 9723 9722
f 9955 10144 9716
f 9723 10151 9954
f 9723 10150 10151
f 9955 9954 10145
f 9954 10151 10145
f 10152 10151 10150
f 9957 10152 10150
f 9724 9963 9725
f 9963 9964 9960
f 9963 9724 8940
f 9957 10150 9722
f 9962 9964 10153
f 9966 9977 10154
f 10155 9977 10156
f 9965 9966 10154
f 9977 10157 10154
f 10157 9977 10155
f 10154 10157 10158
f 10155 10156 10159
f 10157 10155 10159
f 10159 10160 10157
f 10159 10156 10161
f 9970 9968 9971
f 10162 9970 9971
f 10163 9969 9970
f 9969 10163 9984
f 10163 9970 10162
f 10163 10164 9984
f 10156 10165 9978
f 9978 10166 10156
f 9977 9978 10165
f 9977 10165 10167
f 10167 10156 9977
f 10156 10167 10165
f 10156 10166 10168
f 10166 10169 10168
f 9984 10170 9980
f 9980 10170 9981
f 9981 10171 9982
f 10170 10171 9981
f 10170 10172 10171
f 10172 10173 10171
f 9987 9988 9989
f 9989 9988 9996
f 9978 9973 9989
f 9978 9989 10166
f 10166 9989 10174
f 9996 10174 9989
f 10175 10174 9996
f 10175 10176 10174
f 10174 10169 10166
f 10176 10169 10174
f 9749 10177 10005
f 10177 9749 10178
f 9996 9994 9995
f 9996 9995 10179
f 10180 9995 9998
f 10175 9996 10179
f 10181 10180 9998
f 10179 9995 10180
f 10175 10179 10182
f 10182 10179 10180
f 9998 9999 10183
f 9999 10001 10183
f 10183 10001 10004
f 10001 10002 10004
f 10184 10183 10004
f 10181 9998 10183
f 10183 10184 10181
f 10185 10184 10004
f 10186 10180 10181
f 10187 10186 10181
f 10187 10181 10184
f 10004 10003 10006
f 10185 10004 10006
f 10185 10006 10188
f 10185 10187 10184
f 10185 10189 10187
f 10006 10005 10190
f 10006 10190 10191
f 10188 10189 10185
f 10188 10006 10191
f 10190 10005 10177
f 10011 10192 10010
f 10192 10014 10010
f 10016 10014 10193
f 10194 10016 10193
f 10195 10193 10196
f 10194 10193 10195
f 10019 10197 10021
f 10198 10016 10194
f 10019 10016 10198
f 10198 10197 10019
f 10035 10022 10021
f 10035 10021 10197
f 10033 10030 10032
f 10033 10199 10009
f 10200 10199 10033
f 10033 10032 10201
f 10201 10032 10202
f 10033 10202 10200
f 10203 10200 10202
f 10033 10201 10202
f 10204 10199 10200
f 10200 10203 10204
f 10009 10199 10011
f 10011 10205 10192
f 10011 10199 10204
f 10205 10011 10204
f 10206 10205 10204
f 10192 10205 10206
f 10204 10203 10207
f 10204 10207 10206
f 10206 10207 10208
f 10192 10206 10014
f 10014 10209 10193
f 10209 10196 10193
f 10209 10014 10206
f 10196 10209 10210
f 10210 10209 10206
f 10196 10210 10211
f 10210 10206 10211
f 10206 10208 10211
f 10196 10211 10212
f 10208 10213 10211
f 10214 10194 10196
f 10194 10195 10196
f 10194 10214 10198
f 10215 10216 10214
f 10214 10196 10215
f 10214 10216 10198
f 10197 10198 10217
f 10216 10217 10198
f 10218 10197 10217
f 10216 10219 10217
f 10219 10218 10217
f 10035 10197 10220
f 10220 10221 10222
f 10223 10220 10197
f 10221 10220 10223
f 10218 10223 10197
f 10224 10225 10218
f 10225 10223 10218
f 10035 10220 10034
f 10037 10034 10220
f 10037 10220 10222
f 10036 10037 10039
f 10045 10059 10226
f 10059 10045 10047
f 10226 10032 10031
f 10045 10226 10031
f 10226 10059 10227
f 10228 10032 10226
f 10227 10059 10061
f 10032 10228 10202
f 10228 10226 10227
f 10227 10229 10228
f 10229 10227 10061
f 10230 10228 10229
f 10203 10202 10230
f 10202 10228 10230
f 10230 10231 10232
f 10207 10203 10233
f 10203 10230 10233
f 10230 10232 10233
f 10208 10207 10234
f 10213 10208 10234
f 10207 10233 10234
f 10233 10235 10234
f 10233 10232 10235
f 10235 10232 10236
f 10235 10236 10234
f 10234 10236 10237
f 10221 10223 10238
f 10037 10048 10039
f 10222 10221 10048
f 10037 10222 10048
f 10239 10048 10221
f 10240 10239 10221
f 10240 10048 10239
f 10241 10048 10240
f 10241 10051 10048
f 10051 10241 10242
f 10242 10243 10051
f 10238 10240 10221
f 10238 10244 10240
f 10244 10241 10240
f 10242 10241 10244
f 10061 10060 10064
f 10064 10245 10061
f 10061 10245 10231
f 10061 10231 10229
f 10229 10231 10230
f 10231 10245 10064
f 10246 10231 10064
f 10065 10246 10064
f 10246 10065 10247
f 10248 10247 10065
f 10246 10232 10231
f 10246 10247 10232
f 10232 10247 10236
f 10066 10248 10065
f 10249 10247 10248
f 10066 10249 10248
f 10249 10236 10247
f 10250 10236 10249
f 10236 10250 10251
f 10236 10251 10252
f 10252 10251 10253
f 10253 10251 10250
f 10069 10067 10072
f 10066 10069 10254
f 10254 10069 10072
f 10254 10249 10066
f 10254 10250 10249
f 10254 10072 10255
f 10255 10250 10254
f 10255 10253 10250
f 10253 10255 10256
f 10072 10071 10257
f 10071 10070 10257
f 10255 10072 10258
f 10072 10257 10258
f 10258 10257 10259
f 10260 10256 10255
f 10260 10255 10258
f 10260 10258 10259
f 10070 9847 10074
f 10261 10074 10077
f 10261 10077 10262
f 10243 10242 10051
f 10262 10077 10051
f 10263 10074 10261
f 10051 10242 10264
f 10262 10051 10264
f 10070 10074 10263
f 10257 10070 10263
f 10257 10263 10265
f 10083 10079 10084
f 9885 9884 10266
f 10087 10267 9884
f 10268 10267 10087
f 10086 10269 10268
f 9887 10270 10088
f 10088 10270 10271
f 9889 10086 10268
f 10268 10087 9889
f 10271 10089 10088
f 10272 10089 10271
f 10271 10091 10272
f 10273 10274 10091
f 10271 10273 10091
f 10091 10274 10092
f 10086 10085 10275
f 10276 10275 10277
f 10276 10277 10278
f 10089 10272 10091
f 10274 10279 10092
f 10275 10085 9888
f 10275 9888 10277
f 10280 10278 10277
f 10279 10093 10092
f 10279 10274 10281
f 10093 10279 10281
f 10279 10281 10274
f 10282 10281 10279
f 10283 9917 10093
f 10281 10283 10093
f 10281 10284 10283
f 10285 10284 10281
f 10285 10286 10284
f 10287 10288 10289
f 10290 9924 9917
f 10284 9917 10283
f 10284 10290 9917
f 10286 10290 10284
f 10285 10289 10286
f 10291 10292 10293
f 10293 10294 10295
f 10286 10096 9924
f 10289 10096 10286
f 10127 10095 10288
f 10288 10095 10289
f 10290 10286 9924
f 10294 10296 10297
f 10298 10299 10297
f 10299 10298 10300
f 10300 10299 10301
f 10302 10294 10297
f 10289 10095 10096
f 9931 10127 10303
f 9931 10303 10126
f 10288 10303 10127
f 10126 10303 10299
f 9919 9700 10304
f 10305 10107 8687
f 8931 10107 9698
f 9698 10306 9928
f 10306 10307 9928
f 9928 9935 10128
f 10306 9698 10308
f 9928 10307 9935
f 10306 10308 10307
f 10309 9904 10097
f 10097 10310 10309
f 10311 9904 10309
f 10309 10310 10311
f 10097 10312 10310
f 10313 10094 9904
f 10314 10094 10313
f 10315 10094 10314
f 10313 10314 10094
f 10313 10094 10314
f 10313 10315 10314
f 10105 10102 10094
f 10105 10106 10104
f 10094 10315 10105
f 10105 10315 10106
f 10296 10294 10122
f 10296 10121 10298
f 10298 10123 10134
f 10296 10298 10297
f 10298 10134 10300
f 10134 10126 10300
f 10126 10299 10300
f 10134 10297 10298
f 10298 10297 10134
f 9700 9927 10304
f 10316 9927 9926
f 10304 9927 10316
f 10317 9937 9936
f 10113 9897 9896
f 10111 10318 9896
f 10318 10113 9896
f 10319 10116 10112
f 10319 10112 10113
f 9908 10117 10097
f 10320 10117 10321
f 10310 10097 10320
f 10320 10097 10117
f 10322 10320 10321
f 10322 10321 10323
f 10310 10312 10097
f 10106 10321 10118
f 10324 10321 10106
f 10321 10099 10118
f 10098 10099 10117
f 10117 10099 10321
f 10106 10315 10324
f 10315 10321 10324
f 10321 10322 10323
f 10121 10296 10122
f 10125 10134 10123
f 10298 10121 10123
f 10134 10125 10124
f 9930 10325 9926
f 10326 9926 10325
f 8933 10128 9935
f 10327 10328 9912
f 10130 10329 10108
f 9912 10108 10327
f 10110 10330 10111
f 10330 10318 10111
f 10331 10332 10319
f 10331 10319 10113
f 10333 10133 10132
f 10132 10116 10334
f 10335 10333 10336
f 10337 10116 10319
f 10116 10337 10334
f 10334 10336 10333
f 10334 10333 10132
f 10332 10337 10319
f 10334 10338 10336
f 10337 10332 10334
f 10334 10332 10338
f 9914 10132 9694
f 10116 10132 9914
f 9930 9934 10325
f 9277 9940 10339
f 10339 9278 9277
f 10340 9278 10339
f 10108 10329 10327
f 10329 10130 10135
f 10130 9921 10135
f 10135 10341 10329
f 10136 10341 10135
f 10341 10136 9923
f 9923 10137 10342
f 10137 10133 10343
f 10333 10344 10133
f 10133 10137 10131
f 10335 10344 10333
f 9278 10340 9279
f 10140 9279 10340
f 10345 10148 9951
f 10346 10345 10147
f 10143 9719 10142
f 10148 10347 10348
f 10348 10349 10142
f 10142 10148 10348
f 10350 10148 10345
f 10350 10347 10148
f 9718 10143 10149
f 10351 10143 10142
f 10143 10352 10149
f 10142 10349 10351
f 10349 10353 10351
f 10353 10143 10351
f 10143 10353 10352
f 10352 10354 10355
f 9951 10144 10345
f 10147 10345 10144
f 10147 10146 10346
f 10149 10356 9718
f 9718 10356 9963
f 10352 10356 10149
f 10356 10352 10355
f 9963 10356 10355
f 10355 10357 9963
f 10153 9963 10357
f 10358 10145 10151
f 10152 10358 10151
f 10152 9957 10359
f 9958 10359 9957
f 10359 10360 10152
f 10358 10152 10360
f 9964 9963 10153
f 10361 10153 10357
f 10362 10361 10357
f 10362 10153 10361
f 9971 10363 10364
f 10364 10162 9971
f 10363 10365 10366
f 9962 10153 10367
f 9962 10367 9971
f 10363 10368 10364
f 10162 10364 10368
f 10367 10363 9971
f 10369 10363 10367
f 10363 10370 10368
f 10363 10369 10365
f 10365 10369 10366
f 10366 10369 10371
f 10372 10368 10370
f 10164 10373 9984
f 10164 10163 10374
f 10374 10162 10368
f 10162 10374 10163
f 10375 10164 10376
f 10376 10374 10377
f 10376 10164 10374
f 10373 10378 10379
f 10373 10164 10378
f 10375 10378 10164
f 10380 10381 10379
f 10378 10380 10379
f 10154 10158 9965
f 10160 10159 10161
f 10160 10161 10382
f 10160 10382 10157
f 10161 10383 10384
f 10382 10385 10386
f 10385 10387 10386
f 10382 10388 10385
f 10385 10388 10387
f 10382 10386 10387
f 10388 10382 10384
f 10384 10383 10388
f 10388 10383 10389
f 10390 10391 10392
f 10387 10392 10391
f 10373 10170 9984
f 10170 10373 10379
f 10379 10172 10170
f 10381 10173 10172
f 10379 10381 10172
f 10156 10168 10161
f 10382 10161 10384
f 10169 10393 10161
f 10168 10169 10161
f 10393 10383 10161
f 10383 10393 10394
f 10394 10395 10383
f 10396 10383 10395
f 10173 9982 10171
f 9982 10173 9749
f 9749 10173 10178
f 10397 10178 10173
f 10175 10182 10176
f 10182 10398 10176
f 10176 10398 10399
f 10398 10400 10399
f 10176 10393 10169
f 10394 10393 10399
f 10399 10393 10176
f 10394 10399 10401
f 10399 10400 10401
f 10400 10402 10403
f 10404 10401 10400
f 10404 10400 10403
f 10190 10178 10405
f 10190 10177 10178
f 10191 10190 10405
f 10405 10406 10191
f 10406 10407 10191
f 10408 10177 10178
f 10178 10177 10408
f 10408 10409 10178
f 10406 10405 10178
f 10406 10178 10409
f 10186 10398 10180
f 10398 10182 10180
f 10402 10400 10398
f 10189 10410 10187
f 10186 10402 10398
f 10187 10402 10186
f 10403 10402 10187
f 10187 10410 10403
f 10410 10411 10403
f 10189 10188 10191
f 10191 10410 10189
f 10215 10196 10412
f 10216 10215 10412
f 10196 10212 10412
f 10224 10218 10219
f 10219 10216 10412
f 10224 10413 10225
f 10414 10413 10224
f 10213 10237 10211
f 10211 10237 10212
f 10213 10234 10237
f 10237 10415 10212
f 10415 10237 10252
f 10415 10252 10253
f 10237 10236 10252
f 10416 10412 10415
f 10412 10212 10415
f 10415 10253 10417
f 10418 10416 10415
f 10416 10418 10417
f 10418 10415 10417
f 10224 10219 10419
f 10219 10412 10420
f 10412 10416 10420
f 10421 10420 10416
f 10417 10421 10416
f 10421 10417 10422
f 10419 10219 10420
f 10421 10422 10423
f 10421 10423 10420
f 10225 10238 10223
f 10224 10419 10414
f 10419 10420 10424
f 10414 10419 10424
f 10225 10425 10238
f 10425 10244 10238
f 10225 10413 10425
f 10413 10414 10426
f 10413 10427 10425
f 10428 10242 10244
f 10429 10244 10425
f 10429 10428 10244
f 10425 10427 10429
f 10417 10253 10256
f 10260 10417 10256
f 10417 10423 10422
f 10423 10417 10260
f 10430 10260 10259
f 10260 10431 10423
f 10431 10260 10430
f 10432 10262 10264
f 10261 10262 10432
f 10261 10432 10433
f 10434 10432 10264
f 10242 10434 10264
f 10428 10435 10242
f 10435 10436 10242
f 10428 10437 10435
f 10437 10436 10435
f 10259 10257 10265
f 10430 10259 10265
f 10261 10433 10263
f 10263 10433 10438
f 10432 10434 10433
f 10439 10440 10441
f 10439 10441 10440
f 10441 10442 10440
f 10443 10444 10445
f 10445 10444 10446
f 10447 10448 10449
f 10443 10442 10450
f 10446 10449 10445
f 10446 10444 10447
f 10449 10446 10447
f 10450 10451 10443
f 10443 10451 10444
f 10444 10452 10447
f 10453 10452 10444
f 10444 10454 10452
f 10444 10451 10454
f 10451 10455 10454
f 10451 10450 10456
f 10444 10452 10453
f 10455 10451 10456
f 10454 10457 10452
f 10452 10457 10453
f 10458 10453 10457
f 10454 10455 10457
f 10459 10453 10458
f 10457 10266 10460
f 10458 10460 10461
f 10266 10269 10460
f 10460 10269 10461
f 10266 10457 10455
f 10458 10457 10460
f 10461 10462 10458
f 10462 10459 10458
f 10463 10266 10455
f 10463 10455 10464
f 10465 10463 10464
f 10466 10467 10465
f 10465 10464 10466
f 10468 10462 10469
f 10267 10269 10266
f 10461 10269 10470
f 10470 10269 10471
f 10461 10470 10462
f 10462 10470 10469
f 10472 10462 10468
f 10266 10467 9885
f 9885 10467 9887
f 10266 10463 10467
f 9887 10467 10270
f 10467 10271 10270
f 10465 10467 10463
f 10473 10474 10271
f 10470 10471 10469
f 10266 9884 10267
f 10267 10268 10269
f 10471 10269 10086
f 10471 10086 10469
f 10475 10476 10477
f 10271 10474 10477
f 10475 10478 10476
f 10474 10475 10477
f 10479 10478 10475
f 10275 10469 10086
f 10276 10469 10275
f 10278 10480 10276
f 10481 10480 10278
f 10273 10271 10477
f 10477 10476 10273
f 10476 10272 10273
f 10476 10478 10272
f 10479 10482 10478
f 10273 10272 10274
f 10478 10483 10272
f 10483 10274 10272
f 10482 10483 10478
f 10484 10485 10483
f 10482 10484 10483
f 10481 10278 10486
f 10481 10486 10487
f 10279 10274 10483
f 10485 10279 10483
f 10488 10485 10484
f 10484 10489 10488
f 10486 10278 10280
f 10487 10486 10291
f 10487 10291 10295
f 10295 10291 10293
f 10490 10491 10492
f 10282 10285 10281
f 10282 10488 10285
f 10485 10282 10279
f 10485 10488 10282
f 10490 10492 10489
f 10484 10490 10489
f 10295 10493 10494
f 10492 10495 10287
f 10495 10491 10496
f 10492 10491 10495
f 10497 10495 10496
f 10498 10497 10496
f 10498 10499 10497
f 10489 10285 10488
f 10492 10285 10489
f 10285 10492 10287
f 10288 10287 10495
f 10500 10288 10495
f 10303 10288 10500
f 10501 10500 10495
f 10500 10501 10303
f 10501 10495 10497
f 10499 10501 10497
f 10287 10289 10285
f 9697 10502 10305
f 10295 10294 10493
f 10294 10302 10493
f 10302 10503 10493
f 10493 10503 10301
f 10503 10302 10301
f 10301 10302 10299
f 10493 10301 10494
f 10299 10303 10499
f 10499 10301 10299
f 10303 10501 10499
f 10305 8687 9697
f 10502 10107 10305
f 10107 10502 9698
f 10502 10504 9698
f 9698 10504 10308
f 10308 10505 10307
f 10299 10302 10297
f 10300 10301 10299
f 9926 10326 10316
f 10505 9935 10307
f 10505 10506 9935
f 9936 9935 10506
f 9936 10506 10507
f 10312 10508 10509
f 10311 10313 9904
f 10311 10510 10313
f 10311 10310 10511
f 10511 10310 10312
f 10511 10312 10311
f 10311 10511 10510
f 10510 10512 10313
f 10312 10511 10311
f 10511 10513 10510
f 10510 10514 10512
f 10515 10513 10511
f 10516 10514 10510
f 10515 10516 10513
f 10516 10510 10513
f 10509 10511 10312
f 10515 10511 10509
f 10514 10516 10517
f 10315 10313 10512
f 10514 10315 10512
f 10325 9934 9939
f 9939 10518 10325
f 9939 10138 10519
f 9939 10519 10518
f 10507 10317 9936
f 9940 9936 10317
f 10520 10521 10522
f 10523 10520 10522
f 10522 10524 10523
f 10525 10310 10320
f 10310 10508 10312
f 10525 10526 10310
f 10527 10525 10528
f 10526 10522 10508
f 10526 10508 10310
f 10525 10527 10526
f 10509 10508 10522
f 10524 10522 10526
f 10526 10527 10524
f 10523 10524 10527
f 10529 10525 10320
f 10529 10320 10322
f 10529 10528 10525
f 10529 10322 10323
f 10530 10322 10321
f 10530 10321 10531
f 10529 10323 10532
f 10532 10323 10322
f 10530 10532 10322
f 10531 10517 10530
f 10533 10532 10530
f 10517 10516 10530
f 10315 10531 10321
f 10514 10531 10315
f 10514 10517 10531
f 10138 10139 10519
f 10139 9712 10534
f 10534 9712 9715
f 10317 9936 9937
f 10339 9940 10535
f 9912 10328 10536
f 10109 9912 10536
f 10536 10537 10538
f 10110 10109 10536
f 10536 10330 10110
f 10536 10538 10330
f 10331 10330 10538
f 10331 10318 10330
f 10331 10113 10318
f 10332 10539 10338
f 10527 10528 10523
f 10528 10529 10532
f 10540 10541 10327
f 10542 10540 10327
f 10542 10541 10540
f 10341 10543 10329
f 10327 10329 10542
f 10329 10543 10542
f 10328 10327 10541
f 10544 10545 10133
f 10544 10133 10344
f 10338 10546 10336
f 10336 10546 10547
f 10336 10547 10335
f 10547 10344 10335
f 10547 10544 10344
f 10546 10338 10539
f 10544 10547 10546
f 10548 10542 10543
f 10548 10541 10542
f 10543 10549 10548
f 10541 10548 10549
f 10543 10548 10549
f 10549 10548 10550
f 10548 10551 10552
f 10550 10548 10552
f 10552 10551 10553
f 10541 10549 10554
f 10555 10549 10550
f 10551 10556 10341
f 10543 10341 10556
f 10543 10556 10548
f 10548 10556 10551
f 9923 10342 10341
f 10341 10342 10551
f 10342 10557 10551
f 10342 10137 10343
f 10342 10343 10557
f 10343 10133 10545
f 10558 10343 10545
f 10544 10558 10545
f 10559 10347 10350
f 10349 10348 10559
f 10559 10348 10347
f 10353 10560 10352
f 10560 10353 10349
f 10560 10561 10352
f 10349 10562 10560
f 10349 10559 10562
f 10563 10561 10560
f 10346 10350 10345
f 10145 10346 10146
f 10564 10346 10145
f 10565 10346 10564
f 10561 10354 10352
f 10566 10567 10354
f 10561 10566 10354
f 10568 10145 10358
f 10568 10564 10145
f 10358 10569 10568
f 10569 10564 10568
f 10569 10570 10564
f 10358 10360 10569
f 10354 10357 10355
f 10354 10571 10357
f 10357 10571 10362
f 10362 10571 10572
f 10572 10573 10362
f 10574 10573 10575
f 10576 10577 10578
f 10360 10359 9958
f 10367 10574 10579
f 10574 10580 10579
f 10580 10581 10579
f 10573 10153 10362
f 10573 10574 10153
f 10574 10367 10153
f 10368 10372 10377
f 10374 10368 10377
f 10372 10370 10582
f 10583 10582 10370
f 10376 10584 10585
f 10376 10377 10584
f 10377 10586 10584
f 10586 10377 10587
f 10377 10372 10587
f 10582 10587 10372
f 10584 10588 10585
f 10584 10589 10588
f 10586 10589 10584
f 10590 10585 10588
f 10591 10592 10593
f 10592 10594 10593
f 10595 10590 10588
f 10590 10595 10591
f 10595 10576 10592
f 10595 10592 10591
f 10576 10578 10592
f 10592 10596 10594
f 10157 10597 10158
f 10597 10157 10382
f 10387 10597 10382
f 10597 10387 10598
f 10366 10599 10390
f 10390 10599 10598
f 10390 10371 10366
f 10598 10387 10391
f 10598 10391 10390
f 10390 10392 10371
f 10371 10392 10600
f 10599 10581 10598
f 10366 10371 10583
f 10366 10583 10363
f 10370 10363 10583
f 10369 10579 10601
f 10579 10369 10367
f 10601 10371 10369
f 10371 10581 10599
f 10599 10366 10371
f 10581 10371 10601
f 10581 10601 10579
f 10371 10602 10583
f 10581 10603 10598
f 10376 10585 10375
f 10585 10378 10375
f 10585 10590 10378
f 10590 10380 10378
f 10593 10381 10380
f 10590 10591 10380
f 10591 10593 10380
f 10604 10381 10593
f 10604 10605 10381
f 10593 10594 10606
f 10604 10593 10606
f 10388 10607 10387
f 10388 10389 10607
f 10389 10608 10607
f 10389 10396 10608
f 10392 10387 10607
f 10392 10607 10600
f 10173 10381 10397
f 10381 10605 10397
f 10394 10609 10610
f 10383 10396 10389
f 10395 10609 10396
f 10394 10610 10395
f 10395 10610 10609
f 10609 10611 10396
f 10611 10609 10612
f 10178 10397 10408
f 10609 10394 10401
f 10404 10609 10401
f 10411 10404 10403
f 10400 10404 10613
f 10404 10400 10613
f 10612 10609 10404
f 10612 10404 10613
f 10404 10411 10613
f 10614 10613 10411
f 10410 10614 10411
f 10615 10614 10410
f 10616 10617 10613
f 10618 10191 10407
f 10410 10191 10615
f 10619 10614 10615
f 10614 10619 10620
f 10613 10614 10616
f 10409 10407 10406
f 10191 10618 10615
f 10423 10424 10420
f 10621 10414 10424
f 10414 10621 10426
f 10424 10622 10621
f 10424 10422 10622
f 10424 10423 10422
f 10426 10621 10622
f 10426 10622 10623
f 10622 10422 10623
f 10623 10422 10624
f 10625 10427 10413
f 10413 10426 10625
f 10625 10626 10427
f 10626 10627 10427
f 10426 10626 10625
f 10626 10426 10628
f 10426 10623 10628
f 10437 10428 10429
f 10427 10437 10429
f 10427 10627 10437
f 10626 10629 10627
f 10431 10630 10423
f 10423 10630 10422
f 10630 10431 10631
f 10630 10632 10422
f 10422 10632 10633
f 10630 10631 10632
f 10628 10623 10624
f 10422 10633 10624
f 10633 10628 10624
f 10634 10242 10436
f 10635 10437 10627
f 10636 10635 10627
f 10635 10637 10437
f 10638 10437 10637
f 10436 10437 10638
f 10638 10639 10436
f 10635 10636 10637
f 10638 10637 10639
f 10430 10265 10431
f 10431 10265 10631
f 10640 10631 10265
f 10265 10263 10641
f 10641 10640 10265
f 10640 10642 10631
f 10643 10642 10640
f 10643 10640 10641
f 10263 10438 10641
f 10434 10644 10433
f 10645 10641 10438
f 10438 10433 10644
f 10438 10644 10646
f 10645 10643 10641
f 10645 10438 10646
f 10645 10646 10647
f 10634 10639 10242
f 10434 10242 10639
f 10434 10639 10644
f 10436 10639 10634
f 10648 10649 10650
f 10441 10440 10651
f 10648 10440 10649
f 10650 10652 10648
f 10653 10648 10652
f 10648 10653 10652
f 10442 10441 10651
f 10440 10654 10651
f 10654 10440 10648
f 10653 10654 10648
f 10450 10442 10655
f 10442 10651 10655
f 10656 10655 10651
f 10657 10655 10656
f 10651 10654 10656
f 10654 10657 10656
f 10654 10658 10659
f 10654 10659 10657
f 10448 10447 10660
f 10660 10447 10661
f 10447 10662 10661
f 10663 10660 10664
f 10450 10655 10665
f 10450 10665 10666
f 10655 10657 10665
f 10666 10665 10657
f 10667 10666 10657
f 10667 10657 10668
f 10669 10667 10668
f 10669 10670 10667
f 10447 10452 10662
f 10662 10452 10671
f 10452 10453 10671
f 10662 10672 10661
f 10662 10671 10672
f 10672 10671 10673
f 10661 10664 10660
f 10666 10674 10450
f 10450 10674 10456
f 10666 10667 10674
f 10667 10456 10674
f 10667 10675 10456
f 10676 10675 10677
f 10676 10456 10675
f 10670 10678 10667
f 10678 10675 10667
f 10453 10459 10472
f 10679 10453 10472
f 10453 10673 10671
f 10673 10453 10679
f 10673 10661 10672
f 10661 10673 10664
f 10455 10456 10464
f 10464 10456 10676
f 10464 10676 10677
f 10466 10464 10680
f 10464 10677 10680
f 10680 10681 10466
f 10682 10472 10468
f 10679 10472 10682
f 10679 10682 10683
f 10459 10462 10472
f 10467 10466 10271
f 10466 10681 10271
f 10271 10681 10473
f 10684 10682 10468
f 10684 10685 10682
f 10684 10686 10685
f 10480 10469 10276
f 10684 10468 10469
f 10684 10469 10480
f 10481 10684 10480
f 10684 10481 10687
f 10684 10687 10686
f 10688 10479 10475
f 10688 10689 10479
f 10690 10691 10482
f 10689 10690 10482
f 10689 10688 10692
f 10692 10688 10693
f 10692 10694 10689
f 10694 10690 10689
f 10690 10694 10691
f 10694 10695 10691
f 10689 10482 10479
f 10696 10484 10691
f 10695 10696 10691
f 10694 10696 10695
f 10687 10481 10487
f 10487 10697 10687
f 10697 10487 10295
f 10498 10496 10694
f 10484 10482 10691
f 10697 10295 10494
f 10697 10494 10698
f 10698 10494 10699
f 10496 10491 10694
f 10484 10696 10490
f 10491 10696 10694
f 10696 10491 10490
f 10699 10499 10498
f 10494 10301 10699
f 10699 10301 10499
f 10700 9919 10304
f 10701 10502 9697
f 10701 10702 10502
f 10703 10704 10502
f 10502 10704 10504
f 10702 10703 10502
f 10701 10703 10702
f 10316 10326 10705
f 10706 10308 10504
f 10505 10308 10706
f 10506 10505 10707
f 10705 10326 10325
f 10518 10705 10325
f 10707 10507 10506
f 10535 10317 10507
f 10509 10708 10515
f 10709 10710 10509
f 10708 10509 10710
f 10710 10709 10711
f 10708 10712 10516
f 10708 10516 10515
f 10535 9940 10317
f 10713 10520 10714
f 10715 10716 10713
f 10716 10520 10713
f 10713 10716 10715
f 10717 10716 10713
f 10717 10713 10716
f 10717 10718 10719
f 10717 10716 10718
f 10719 10509 10522
f 10522 10521 10719
f 10719 10520 10716
f 10719 10521 10520
f 10719 10716 10717
f 10719 10711 10709
f 10719 10718 10720
f 10720 10711 10719
f 10711 10720 10721
f 10709 10509 10719
f 10722 10723 10710
f 10723 10708 10710
f 10710 10711 10722
f 10724 10710 10722
f 10724 10722 10710
f 10723 10725 10726
f 10722 10711 10721
f 10724 10722 10721
f 10723 10722 10724
f 10724 10727 10725
f 10723 10724 10725
f 10728 10516 10712
f 10516 10728 10530
f 10530 10532 10533
f 10728 10723 10530
f 10726 10532 10723
f 10723 10532 10530
f 10723 10712 10708
f 10712 10723 10728
f 9715 10729 10534
f 10729 9715 9949
f 9949 9714 10730
f 10328 10731 10536
f 10536 10731 10732
f 10732 10733 10537
f 10734 10733 10732
f 10734 10731 10716
f 10731 10734 10732
f 10732 10537 10536
f 10733 10715 10537
f 10537 10715 10538
f 10538 10715 10735
f 10713 10715 10733
f 10716 10713 10733
f 10734 10716 10733
f 10332 10331 10539
f 10713 10538 10735
f 10713 10714 10538
f 10714 10331 10538
f 10736 10331 10737
f 10331 10736 10539
f 10715 10713 10735
f 10331 10714 10520
f 10520 10523 10737
f 10737 10331 10520
f 10528 10737 10523
f 10528 10738 10737
f 10737 10738 10736
f 10739 10740 10738
f 10528 10532 10741
f 10725 10741 10726
f 10528 10741 10738
f 10741 10739 10738
f 10741 10725 10739
f 10741 10532 10726
f 10554 10742 10541
f 10742 10743 10541
f 10541 10743 10328
f 10743 10742 10328
f 10731 10328 10742
f 10744 10745 10746
f 10539 10544 10546
f 10544 10539 10747
f 10747 10746 10544
f 10539 10736 10748
f 10747 10748 10746
f 10539 10748 10747
f 10746 10748 10736
f 10736 10738 10740
f 10736 10740 10744
f 10746 10736 10744
f 10749 10750 10751
f 10751 10750 10742
f 10752 10742 10750
f 10749 10751 10753
f 10751 10554 10753
f 10754 10749 10753
f 10554 10549 10755
f 10549 10555 10755
f 10755 10754 10554
f 10754 10753 10554
f 10554 10751 10742
f 10756 10557 10757
f 10557 10343 10757
f 10757 10343 10558
f 10758 10757 10558
f 10759 10746 10745
f 10758 10745 10744
f 10745 10758 10759
f 10760 10758 10761
f 10760 10757 10758
f 10759 10558 10544
f 10759 10758 10558
f 10544 10746 10759
f 10749 10754 10762
f 10749 10763 10750
f 10755 10555 10764
f 10765 10764 10555
f 10765 10766 10767
f 10550 10768 10555
f 10769 10768 10550
f 10769 10766 10768
f 10768 10765 10555
f 10766 10765 10768
f 10766 10756 10770
f 10552 10769 10550
f 10552 10553 10769
f 10551 10557 10756
f 10553 10551 10756
f 10766 10769 10553
f 10766 10553 10756
f 10771 10756 10757
f 10771 10770 10756
f 10772 10773 10774
f 10775 10776 10762
f 10774 10749 10772
f 10777 10749 10776
f 10777 10772 10749
f 10776 10749 10762
f 10754 10764 10762
f 10765 10778 10779
f 10764 10779 10762
f 10762 10779 10780
f 10755 10764 10754
f 10764 10765 10779
f 10781 10778 10782
f 10781 10782 10770
f 10765 10767 10778
f 10778 10767 10782
f 10766 10782 10767
f 10782 10766 10770
f 10559 10783 10562
f 10783 10559 10784
f 10784 10559 10785
f 10784 10785 10786
f 10787 10562 10783
f 10788 10773 10772
f 10789 10790 10777
f 10777 10791 10789
f 10777 10775 10791
f 10790 10772 10777
f 10775 10762 10792
f 10776 10775 10777
f 10762 10780 10792
f 10792 10780 10793
f 10780 10794 10793
f 10780 10778 10794
f 10779 10778 10780
f 10794 10778 10781
f 10563 10560 10562
f 10561 10563 10566
f 10566 10795 10567
f 10567 10795 10796
f 10797 10788 10798
f 10798 10788 10790
f 10772 10790 10788
f 10799 10792 10793
f 10791 10775 10792
f 10800 10793 10801
f 10801 10793 10794
f 10570 10802 10564
f 10803 10565 10564
f 10564 10802 10803
f 10354 10567 10571
f 10567 10796 10571
f 10572 10571 10796
f 10575 10572 10796
f 10574 10575 10804
f 10798 10805 10806
f 10798 10806 10797
f 10806 10807 10808
f 10806 10808 10797
f 10805 10798 10809
f 10810 10805 10809
f 10810 10577 10805
f 10809 10810 10791
f 10809 10789 10810
f 10790 10809 10798
f 10789 10791 10810
f 10811 10812 10791
f 10790 10789 10809
f 10813 10811 10799
f 10791 10792 10811
f 10792 10799 10811
f 10793 10800 10799
f 10360 10570 10569
f 10360 10814 10570
f 10814 10360 10815
f 10570 10814 10816
f 10802 10570 10816
f 10814 9965 10817
f 9965 10818 10817
f 10575 10573 10572
f 10574 10819 10580
f 10820 10821 10582
f 10586 10807 10589
f 10822 10807 10587
f 10587 10821 10823
f 10823 10822 10587
f 10589 10595 10588
f 10824 10595 10589
f 10825 10806 10595
f 10824 10825 10595
f 10824 10807 10825
f 10806 10825 10807
f 10824 10589 10807
f 10577 10576 10595
f 10805 10577 10595
f 10805 10595 10806
f 10826 10827 10578
f 10578 10827 10596
f 10809 10578 10577
f 10826 10578 10809
f 10809 10828 10827
f 10809 10827 10826
f 10827 10829 10596
f 10827 10812 10829
f 10577 10810 10809
f 10812 10813 10829
f 10813 10830 10829
f 10828 10812 10827
f 10809 10791 10828
f 10828 10791 10812
f 10813 10831 10830
f 10811 10813 10812
f 10799 10831 10813
f 10832 10831 10833
f 10800 10831 10799
f 10831 10800 10833
f 9727 10360 9958
f 9727 10815 10360
f 9965 10815 9727
f 9965 10814 10815
f 9965 10158 10834
f 10597 10834 10158
f 10597 10835 10834
f 10835 10598 10836
f 10598 10835 10597
f 10834 10835 10837
f 10818 9965 10834
f 10834 10837 10818
f 10835 10836 10838
f 10838 10836 10603
f 10580 10839 10581
f 10583 10602 10840
f 10841 10840 10602
f 10840 10842 10583
f 10582 10583 10843
f 10843 10820 10582
f 10583 10842 10843
f 10586 10587 10807
f 10821 10587 10582
f 10606 10594 10844
f 10594 10845 10844
f 10578 10596 10592
f 10596 10845 10594
f 10829 10845 10596
f 10829 10830 10845
f 10830 10846 10845
f 10846 10830 10831
f 10832 10846 10831
f 10602 10371 10847
f 10600 10847 10371
f 10607 10847 10600
f 10836 10598 10603
f 10847 10841 10602
f 10396 10848 10608
f 10847 10849 10841
f 10604 10606 10605
f 10605 10606 10850
f 10397 10605 10850
f 10846 10844 10845
f 10606 10844 10850
f 10846 10851 10844
f 10844 10851 10850
f 10852 10850 10851
f 10851 10846 10832
f 10397 10852 10408
f 10852 10853 10408
f 10408 10853 10854
f 10854 10855 10408
f 10852 10397 10850
f 10613 10617 10612
f 10611 10612 10856
f 10612 10617 10856
f 10856 10617 10857
f 10857 10617 10616
f 10611 10856 10858
f 10856 10857 10859
f 10857 10616 10859
f 10858 10856 10859
f 10616 10860 10859
f 10620 10860 10616
f 10409 10861 10407
f 10619 10407 10862
f 10407 10861 10862
f 10863 10619 10862
f 10864 10865 10862
f 10619 10863 10620
f 10862 10861 10864
f 10408 10855 10409
f 10855 10861 10409
f 10864 10861 10855
f 10619 10615 10618
f 10620 10616 10614
f 10407 10619 10618
f 10628 10866 10626
f 10629 10867 10627
f 10629 10626 10867
f 10868 10869 10626
f 10626 10869 10867
f 10626 10866 10868
f 10866 10870 10868
f 10867 10869 10871
f 10868 10871 10869
f 10872 10867 10871
f 10627 10867 10636
f 10867 10873 10636
f 10874 10875 10636
f 10873 10874 10636
f 10874 10873 10867
f 10875 10876 10877
f 10633 10632 10628
f 10870 10866 10628
f 10870 10628 10878
f 10628 10632 10878
f 10879 10870 10880
f 10870 10878 10880
f 10880 10878 10881
f 10882 10879 10880
f 10877 10637 10636
f 10877 10883 10637
f 10877 10636 10875
f 10876 10884 10877
f 10884 10883 10877
f 10632 10631 10642
f 10643 10885 10642
f 10878 10632 10642
f 10878 10642 10886
f 10885 10886 10642
f 10643 10887 10885
f 10645 10887 10643
f 10887 10645 10888
f 10888 10645 10646
f 10646 10645 10647
f 10889 10888 10646
f 10878 10886 10881
f 10885 10887 10886
f 10644 10639 10890
f 10891 10646 10644
f 10639 10892 10893
f 10892 10639 10637
f 10893 10890 10639
f 10894 10637 10883
f 10883 10895 10894
f 10637 10894 10892
f 10892 10896 10893
f 10896 10895 10893
f 10893 10895 10897
f 10893 10897 10891
f 10892 10894 10896
f 10646 10647 10889
f 10644 10890 10891
f 10890 10893 10891
f 10646 10891 10898
f 10899 10647 10646
f 10900 10652 10901
f 10900 10901 10902
f 10903 10904 10905
f 10904 10906 10905
f 10903 10906 10904
f 10905 10907 10903
f 10906 10903 10908
f 10909 10906 10908
f 10909 10910 10906
f 10652 10900 10648
f 10648 10900 10658
f 10658 10653 10648
f 10902 10658 10900
f 10663 10911 10912
f 10653 10658 10654
f 10658 10902 10659
f 10659 10902 10913
f 10902 10914 10913
f 10915 10659 10913
f 10915 10913 10914
f 10914 10913 10915
f 10664 10916 10663
f 10663 10917 10911
f 10918 10917 10663
f 10916 10918 10663
f 10917 10913 10911
f 10913 10917 10918
f 10659 10669 10657
f 10669 10668 10657
f 10919 10669 10659
f 10659 10915 10919
f 10915 10920 10919
f 10919 10920 10669
f 10669 10920 10915
f 10669 10915 10670
f 10915 10913 10921
f 10915 10921 10920
f 10913 10918 10921
f 10921 10918 10920
f 10678 10922 10923
f 10924 10923 10922
f 10924 10678 10923
f 10680 10925 10681
f 10926 10916 10664
f 10927 10916 10928
f 10918 10916 10927
f 10678 10670 10922
f 10926 10664 10673
f 10926 10673 10683
f 10916 10926 10928
f 10927 10928 10929
f 10928 10926 10929
f 10929 10926 10683
f 10930 10929 10683
f 10929 10930 10931
f 10673 10679 10683
f 10683 10682 10930
f 10932 10693 10688
f 10930 10682 10931
f 10682 10685 10931
f 10686 10931 10685
f 10686 10933 10931
f 10934 10935 10936
f 10935 10934 10498
f 10498 10937 10935
f 10938 10692 10693
f 10939 10694 10692
f 10939 10692 10938
f 10687 10697 10686
f 10697 10940 10686
f 10686 10940 10933
f 10941 10697 10698
f 10940 10697 10941
f 10940 10941 10933
f 10933 10941 10942
f 10942 10941 10934
f 10943 10934 10936
f 10942 10934 10943
f 10699 10498 10934
f 10937 10498 10694
f 10941 10698 10934
f 10699 10934 10698
f 9919 10944 9918
f 9918 10945 9697
f 9697 10946 10947
f 10947 10701 9697
f 10945 10946 9697
f 10945 9918 10946
f 10700 10304 10948
f 10948 10304 10316
f 10949 10704 10703
f 10504 10704 10949
f 10948 10316 10705
f 10950 10507 10707
f 10950 10951 10507
f 10716 10952 10718
f 10953 10954 10718
f 10952 10953 10718
f 10952 10955 10953
f 10956 10720 10718
f 10954 10956 10718
f 10957 10956 10954
f 10953 10958 10954
f 10957 10954 10958
f 10956 10721 10720
f 10721 10956 10959
f 10956 10957 10959
f 10720 10956 10957
f 10956 10720 10957
f 10957 10956 10959
f 10959 10724 10721
f 10724 10959 10727
f 10716 10731 10952
f 10960 10955 10952
f 10960 10961 10955
f 10955 10961 10962
f 10961 10963 10962
f 10962 10963 10964
f 10953 10955 10965
f 10965 10966 10953
f 10962 10965 10955
f 10965 10962 10967
f 10967 10966 10965
f 10967 10968 10966
f 10967 10962 10964
f 10967 10964 10969
f 10967 10969 10968
f 10968 10969 10970
f 10953 10966 10958
f 10971 10740 10972
f 10971 10973 10740
f 10958 10966 10968
f 10958 10968 10971
f 10968 10970 10971
f 10725 10727 10974
f 10725 10974 10739
f 10974 10727 10959
f 10974 10972 10739
f 10739 10972 10975
f 10739 10975 10740
f 10975 10972 10740
f 10957 10976 10956
f 10956 10976 10974
f 10956 10974 10959
f 10972 10974 10976
f 10971 10972 10976
f 10971 10957 10958
f 10957 10971 10976
f 10977 10731 10742
f 10977 10978 10731
f 10731 10960 10952
f 10978 10960 10731
f 10978 10961 10960
f 10979 10961 10978
f 10961 10979 10963
f 10979 10980 10963
f 10981 10964 10963
f 10981 10982 10964
f 10982 10983 10984
f 10985 10984 10983
f 10984 10744 10740
f 10744 10982 10760
f 10982 10744 10984
f 10984 10985 10982
f 10984 10969 10982
f 10969 10984 10970
f 10964 10982 10969
f 10740 10970 10975
f 10975 10970 10740
f 10973 10970 10740
f 10740 10970 10984
f 10973 10971 10970
f 10986 10987 10752
f 10988 10987 10986
f 10987 10988 10989
f 10990 10742 10752
f 10977 10990 10989
f 10987 10989 10990
f 10752 10987 10990
f 10990 10977 10742
f 10989 10978 10977
f 10989 10979 10978
f 10760 10991 10757
f 10983 10760 10985
f 10983 10992 10991
f 10983 10991 10760
f 10992 10993 10991
f 10992 10994 10993
f 10994 10992 10983
f 10994 10983 10995
f 10744 10761 10758
f 10760 10761 10744
f 10982 10985 10760
f 10763 10774 10996
f 10996 10774 10997
f 10774 10998 10997
f 10986 10997 10998
f 10750 10996 10752
f 10750 10763 10996
f 10752 10996 10997
f 10997 10986 10752
f 10986 10999 10988
f 10997 10999 10986
f 10986 10998 10997
f 10770 10771 11000
f 10771 10994 11001
f 10771 11001 11000
f 11002 11001 10994
f 10993 10994 10991
f 10991 10994 10771
f 10771 10757 10991
f 11003 11004 10783
f 10774 10773 11005
f 11005 11006 10774
f 11005 11007 11006
f 10774 11006 10998
f 10774 10763 10749
f 10770 11008 11009
f 11000 11010 11008
f 10770 11000 11008
f 10786 11003 10784
f 10784 11003 10783
f 10783 11004 10787
f 10562 10787 10563
f 10563 10787 11011
f 11011 10566 10563
f 11011 10795 10566
f 10773 10788 11007
f 11007 11012 11006
f 11013 11006 11012
f 11014 10998 11006
f 11006 11013 11014
f 10773 11007 11005
f 11015 10781 10770
f 11015 10770 11009
f 11008 11010 11016
f 11016 11009 11008
f 10804 10575 10796
f 10796 10795 11017
f 11017 10804 10796
f 11018 11019 10797
f 11012 10788 10797
f 11012 10797 11019
f 11012 11019 11013
f 10788 11012 11007
f 10801 11020 11021
f 11020 11015 11021
f 11021 11015 11022
f 10801 10794 11020
f 11020 10781 11015
f 10794 10781 11020
f 11009 11022 11015
f 11022 11009 11023
f 11023 11009 11016
f 10802 11024 11025
f 11024 11026 11025
f 11025 11026 11027
f 11028 11029 11030
f 10822 11028 11030
f 10822 11031 10808
f 11031 10822 11030
f 10808 11031 11018
f 10797 10808 11018
f 11018 11031 11030
f 11030 11029 11018
f 10800 10801 10833
f 10833 10801 11021
f 11021 11032 11033
f 11021 11022 11032
f 10816 11024 10802
f 10816 10814 11024
f 10814 10817 11024
f 11024 10817 11026
f 10817 10818 11026
f 11026 10818 11034
f 11035 11036 10603
f 10838 11036 11037
f 10603 11036 10838
f 10819 10839 10580
f 10581 10839 10603
f 11035 10603 10839
f 11038 10839 10819
f 11039 11038 10819
f 11040 10839 11038
f 11035 11041 11036
f 10839 11041 11035
f 11041 10839 11040
f 11041 11040 11036
f 11042 11043 11044
f 10821 10820 10823
f 11044 10823 10820
f 10822 10823 11028
f 11028 10823 11045
f 11045 10823 11044
f 11045 11044 11043
f 11043 11042 11045
f 10808 10807 10822
f 11045 11029 11028
f 10832 11046 11047
f 10832 11047 11048
f 10832 10833 11046
f 11046 10833 11033
f 11033 11049 11046
f 10833 11021 11033
f 11032 11049 11033
f 10818 10837 11034
f 11034 10837 11037
f 10835 10838 11037
f 10835 11037 10837
f 10841 11050 10840
f 10841 10849 11050
f 11050 11051 11052
f 10842 11044 10843
f 10843 11044 10820
f 10842 10840 11052
f 10840 11050 11052
f 10842 11052 11053
f 11052 11054 11053
f 10842 11042 11044
f 10842 11055 11042
f 10842 11053 11055
f 11052 11051 11054
f 11054 11051 11053
f 11048 10851 10832
f 10607 10608 11056
f 10848 11057 10608
f 11057 10848 11058
f 10847 10607 10849
f 10607 11056 10849
f 10608 11057 11056
f 11050 10849 11051
f 10849 11056 11059
f 11057 11059 11056
f 10849 11059 11051
f 11059 11058 11060
f 11059 11057 11058
f 11059 11060 11061
f 11059 11062 11051
f 11063 10853 10852
f 11064 10853 11063
f 10851 11048 10852
f 10852 11048 11065
f 11065 11063 10852
f 11065 11066 11063
f 11066 11065 11067
f 10848 10396 10611
f 10848 10611 10858
f 10858 10859 11068
f 11068 10859 10860
f 11068 10860 11069
f 10858 11068 11069
f 10858 11058 10848
f 10858 11069 11058
f 11069 11070 11071
f 11071 11072 11069
f 11058 11069 11060
f 11061 11060 11069
f 11069 11072 11073
f 11074 11073 11075
f 11061 11069 11073
f 11076 11077 11078
f 11079 11080 11074
f 11077 11076 11080
f 11074 11080 11076
f 11064 10854 10853
f 11081 10854 11064
f 10854 11081 10855
f 11078 11077 11082
f 11077 11081 11082
f 11064 11083 11081
f 11082 11081 11083
f 10860 10620 10865
f 10865 10863 10862
f 10865 10620 10863
f 11069 10860 11070
f 11070 10860 11071
f 10860 10865 11071
f 11072 11071 10865
f 11079 11072 10865
f 10864 10855 11080
f 10864 11079 10865
f 10864 11080 11079
f 11075 11079 11074
f 11075 11072 11079
f 11075 11073 11072
f 10855 11077 11080
f 11077 10855 11081
f 11084 10867 10872
f 11084 10874 10867
f 10870 10879 10868
f 10879 11085 10868
f 10868 11085 11086
f 11085 10879 10882
f 10875 11087 10876
f 10882 10880 11088
f 11088 10880 11089
f 10880 10881 11089
f 10882 11088 11085
f 11089 11090 11091
f 11089 10876 11088
f 11089 10884 10876
f 10876 11087 11088
f 11089 11092 10884
f 10883 11093 11094
f 10886 10887 11095
f 10888 11095 10887
f 10881 10886 11089
f 11089 10886 11090
f 11095 11091 10886
f 10886 11091 11090
f 11095 10888 11096
f 11091 11097 11089
f 11089 11097 11092
f 11091 11095 11097
f 11095 11096 11091
f 11096 11095 11091
f 10883 11094 10895
f 10894 10895 10896
f 11094 11093 10883
f 10889 11096 10888
f 10899 10646 11098
f 11096 10889 10899
f 10646 10898 11098
f 11098 10898 11099
f 11099 10898 11100
f 10898 10891 11100
f 11099 10899 11098
f 10897 11100 10891
f 11100 10897 11101
f 10963 10980 10981
f 10982 10981 10980
f 10995 10983 10980
f 10980 10983 10982
f 11076 11078 11074
