# Tricuspid Valve (FMA7234)
# BodyParts3D, (c) The Database Center for Life Science licensed under CC Attribution-Share Alike 2.1 Japan
# Licence: https://creativecommons.org/licenses/by-sa/2.1/jp/
# Modified from the original: see README.md in this repository.
# Units: millimetres. +X = patient left, +Y = posterior, +Z = superior.
# Origin: centroid of the heart wall.
o Tricuspid_Valve
v -20.1364 -2.5912 10.3954
v -20.1581 -2.4252 10.2854
v -20.1694 -2.1812 10.1055
v -20.3688 -4.5132 10.9955
v -20.6763 -4.4412 10.9154
v -20.7248 -4.8382 10.9454
v -20.4669 -5.1502 10.9554
v -20.6335 -3.7972 10.6854
v -20.1630 -3.8442 10.8755
v -20.9536 -3.4902 10.1155
v -20.6033 -2.6162 9.9054
v -20.5796 -2.1402 9.5154
v -20.7869 -2.4412 9.4654
v -21.2934 -4.6732 10.4054
v -21.1483 -4.0342 10.2455
v -21.3207 -4.1042 9.9955
v -21.3069 -5.1252 10.4554
v -21.2407 -3.2572 9.4254
v -21.5320 -3.2502 8.7455
v -21.4115 -4.9182 10.2355
v -21.2165 -5.6012 10.2355
v -20.8054 -5.6262 10.8555
v -21.0806 -5.7662 10.3154
v -21.6174 -4.7082 9.4855
v -21.5759 -5.0482 9.4955
v -21.7352 -3.5222 8.3655
v -19.5612 -1.9782 10.2754
v -19.5384 -1.2532 9.9054
v -19.7457 -1.4072 9.9054
v -19.6770 -0.7042 9.2954
v -19.7917 -0.9792 9.4554
v -19.1497 -0.6552 9.6255
v -19.6532 -3.8622 10.7154
v -19.6246 -4.0232 10.6355
v -19.5130 -2.9042 10.5354
v -19.4517 -2.1662 10.3254
v -19.8134 -2.4032 10.4254
v -19.7735 -0.4872 8.9054
v -20.2849 -0.8062 8.5254
v -19.7186 0.0738 8.2754
v -19.9692 -4.9082 10.3154
v -19.9285 -4.6562 10.0854
v -19.5526 -3.8992 10.2455
v -20.7113 -1.2432 8.3254
v -20.7049 -1.5802 8.7355
v -20.9706 -1.9302 8.6155
v -20.4520 -0.4612 7.7954
v -20.6755 -0.7562 7.7555
v -20.3198 -6.2312 10.8755
v -21.4917 -2.6992 8.2854
v -21.2215 -1.6132 7.6654
v -20.8423 -1.0832 7.8454
v -20.9618 -0.7502 7.0754
v -21.1029 -0.8282 6.8054
v -20.4305 -6.3222 10.2154
v -20.2037 -6.4152 10.7555
v -20.9314 -5.8942 9.5055
v -20.2260 -6.4242 10.1954
v -21.6002 -2.5452 7.7954
v -21.4105 -1.9992 7.6754
v -21.5242 -1.6542 6.7355
v -21.3377 -1.3622 6.9554
v -21.0688 0.3228 4.6355
v -21.5975 -5.1942 7.3755
v -21.9273 -4.2872 7.5754
v -21.8860 -3.3272 7.5754
v -21.8611 -2.7572 6.9554
v -21.9917 -4.2112 6.9454
v -22.0326 -3.7322 6.7754
v -18.5053 0.0188 9.2054
v -18.7215 -0.0802 9.2954
v -18.4026 0.7838 8.6854
v -18.1996 1.3618 8.2355
v -18.0085 1.2348 8.3555
v -18.8497 -1.6232 9.9054
v -18.8168 -1.3102 9.8254
v -18.5176 -1.2432 9.2854
v -19.1187 0.1928 8.8755
v -19.3516 0.1548 8.6554
v -19.4548 0.8698 7.5754
v -19.0767 -2.5412 10.0154
v -19.7608 -3.6372 9.7654
v -19.5637 -2.6112 9.2654
v -19.3573 -1.8952 8.8354
v -19.4783 -1.8322 8.5854
v -19.3082 -1.5872 8.5554
v -20.1084 0.2838 7.3755
v -19.9262 0.7808 6.9855
v -19.4011 1.6628 6.5454
v -19.2567 -6.4382 10.8755
v -18.3665 -6.7802 10.6754
v -19.5769 -6.3472 10.9154
v -19.8986 -3.4092 9.4054
v -19.8415 -3.1182 9.2854
v -20.0974 -2.5822 8.3054
v -19.8545 -2.3892 8.5854
v -19.7042 -1.3752 7.6654
v -18.8182 -6.3212 10.3755
v -19.6041 -5.5892 10.0354
v -19.0251 -6.1202 10.1854
v -19.7121 -5.2892 9.4054
v -20.0045 -4.2702 9.3954
v -19.9801 -4.6532 8.5854
v -20.4917 -3.3772 7.8954
v -20.2268 -2.4142 7.8454
v -20.2011 -2.1652 7.6355
v -20.4994 0.3478 6.4354
v -20.0077 1.0878 6.3555
v -20.5217 0.7188 5.7054
v -19.6244 -6.7452 10.2854
v -19.9338 -6.2402 9.4654
v -20.5126 -2.8092 7.4855
v -20.6441 -2.8752 7.0254
v -20.1875 -1.7052 7.1155
v -20.5182 -2.3112 6.9454
v -20.7030 1.7628 3.1954
v -20.3705 -5.9732 8.5454
v -21.0217 -5.7592 8.6055
v -21.0122 -5.7302 7.8855
v -20.4983 -4.0342 7.2355
v -20.5643 -3.8992 7.0854
v -21.8081 -1.9912 5.6954
v -21.6785 -1.3852 5.1055
v -21.3641 -0.3262 4.6255
v -21.7485 -4.9362 6.8755
v -21.2243 -5.5182 7.1355
v -21.8748 -4.6372 6.2355
v -22.0027 -3.0182 6.1954
v -22.0507 -3.9102 6.3054
v -21.9767 -2.5002 5.3054
v -21.9681 -2.3122 4.8454
v -21.2645 -5.2552 5.5354
v -21.9501 -4.4082 5.2954
v -22.0822 -3.6162 5.6454
v -22.0869 -3.6822 5.3454
v -22.0702 -3.8972 5.3755
v -21.8561 -1.6062 4.0454
v -17.9427 0.5278 8.7355
v -18.0697 -0.2392 9.0354
v -17.7550 0.1238 8.6255
v -17.9203 2.2338 7.4554
v -17.9788 2.4248 7.2054
v -18.0190 2.8668 6.5954
v -18.5640 2.0318 7.1155
v -18.2283 -0.6152 8.6954
v -18.2306 3.0638 6.0154
v -19.0844 2.3878 5.9154
v -19.1313 -0.3222 7.1055
v -19.5328 -1.1312 7.6355
v -18.7581 0.4288 6.5055
v -19.8560 1.6078 5.8154
v -19.4082 2.3088 5.4855
v -18.6762 3.1288 5.2754
v -18.2728 -6.5892 10.1954
v -19.8677 -1.0862 6.9654
v -20.2661 1.1668 5.5954
v -19.6246 3.8578 2.3154
v -18.3736 -7.3372 10.1654
v -18.4127 -7.2432 10.7054
v -18.8225 -6.2782 10.1754
v -19.5613 -5.5782 9.3755
v -19.5229 -6.0022 9.3555
v -19.9428 -0.6312 6.0654
v -19.4894 0.0538 5.8954
v -19.7532 -0.0412 5.4354
v -20.2416 2.3998 3.3755
v -19.6629 -5.3722 8.6854
v -19.7103 -5.1562 8.0954
v -19.5419 -5.4682 7.7455
v -20.3148 -1.3382 6.1654
v -20.4708 -1.6532 6.0854
v -20.6407 -2.0152 5.7455
v -20.4864 -1.4442 5.4754
v -20.3225 -1.0522 5.4855
v -20.1516 -6.0652 7.6454
v -19.5526 -5.6682 7.8054
v -20.3869 -4.2152 7.1055
v -19.7263 -4.9372 6.5454
v -20.4027 -3.8762 5.8655
v -20.7590 -2.9162 6.2355
v -20.5738 -3.5902 5.8655
v -20.7824 -2.5802 5.5254
v -20.8484 -2.7172 4.2954
v -20.6561 -1.4922 4.1055
v -21.3055 1.2198 2.1355
v -20.6656 -5.7512 6.7754
v -20.9977 -5.5912 6.7754
v -21.7661 -0.0182 1.8054
v -22.0466 -2.6992 4.4354
v -22.0821 -3.0622 4.4354
v -21.9538 -2.0682 3.7054
v -21.9473 -2.1512 2.2455
v -21.2811 -5.1072 4.1954
v -22.0407 -3.9932 4.6454
v -21.8554 -4.4872 4.3855
v -22.0933 -3.4462 4.5854
v -21.8999 -4.2282 3.8555
v -17.2718 2.0018 7.4955
v -17.2376 2.4178 7.1954
v -17.0738 2.3758 7.0954
v -17.1769 2.5698 7.0454
v -17.3060 0.8078 7.6854
v -17.2278 0.9988 7.7854
v -17.6524 3.1998 6.4754
v -17.6732 3.3948 6.1854
v -17.5234 3.9198 5.4855
v -18.3052 1.2448 5.7754
v -17.4036 0.7838 7.4855
v -18.1661 4.5278 3.5854
v -18.6526 4.4428 2.9955
v -17.8233 -7.4602 10.6454
v -18.0219 -7.0742 10.6854
v -17.2018 -7.4102 10.5055
v -14.3144 -8.5602 9.8454
v -15.0785 -8.1012 9.8154
v -19.0937 0.7038 5.5055
v -18.4711 1.3268 5.3954
v -17.9055 -7.5862 10.2154
v -13.8010 -9.4962 8.9754
v -17.3527 -6.9862 9.6954
v -20.1489 3.3148 2.1155
v -19.0705 4.2948 2.5554
v -20.4445 -0.3092 3.3154
v -20.2631 0.2668 3.0154
v -20.6980 2.9568 1.3354
v -21.2033 2.3448 0.8655
v -19.4177 -5.3092 7.0154
v -19.6659 -5.0872 6.2954
v -19.4217 -6.3732 6.8354
v -19.8060 -6.1432 6.7355
v -19.3257 -6.4452 7.1854
v -20.4278 -5.6382 6.1754
v -20.0103 -4.4152 5.9354
v -19.9529 -5.5772 6.1554
v -20.4939 -3.6912 5.4955
v -20.7064 -3.3802 4.3354
v -20.7789 -1.8532 3.5654
v -20.7082 -0.8942 2.6055
v -21.0702 -5.3352 5.4955
v -20.7919 -3.1562 3.7654
v -21.7512 1.4308 0.2054
v -21.3939 1.8788 0.9354
v -21.5673 -4.8542 4.1055
v -21.9152 -1.4072 2.8555
v -21.9385 -0.6712 1.3755
v -21.4420 -4.9392 3.9054
v -21.6824 -3.6842 1.4354
v -21.7651 -3.3842 1.5554
v -21.8663 -2.7572 1.8254
v -16.6388 2.7818 6.2954
v -17.0003 3.3118 6.2854
v -16.9502 2.1188 5.8855
v -17.1841 3.3368 6.3755
v -17.3720 4.0238 5.4254
v -17.2649 4.0458 5.4354
v -17.6230 4.6768 4.0654
v -16.6755 4.6888 4.4154
v -16.8443 4.8258 4.2954
v -17.8438 4.7958 3.5454
v -17.3314 4.7928 4.1754
v -18.0954 1.7208 5.1654
v -17.7427 2.4618 4.1654
v -18.1848 5.0128 2.6454
v -16.6527 -8.1472 10.2654
v -16.6771 -8.0582 10.3755
v -16.4742 -8.0932 10.3755
v -16.2200 -7.5012 9.7355
v -16.6354 -7.2982 9.5954
v -17.1872 -7.0642 9.6055
v -17.1682 -7.1192 9.4754
v -16.8538 -7.2362 9.4354
v -18.2403 2.3148 3.6454
v -18.9673 4.6728 2.0154
v -17.7911 -7.1822 9.5055
v -17.4407 -7.3082 9.4054
v -19.7395 4.1078 1.6055
v -19.3546 2.1768 1.6554
v -20.0667 3.8898 1.2854
v -19.8993 4.2168 1.0354
v -19.5936 4.4688 1.1854
v -18.1137 -6.1692 7.0254
v -18.4640 -6.8272 7.3154
v -18.2477 -6.1982 7.1954
v -18.7531 -5.7792 6.3054
v -19.8735 1.6188 1.4654
v -20.6573 3.4348 0.6255
v -20.1080 4.1658 0.6454
v -18.2911 -6.9762 6.7254
v -18.3810 -6.6662 6.2954
v -19.6521 -5.9012 6.3154
v -19.9164 -4.6962 5.4554
v -20.0576 -4.3132 4.2054
v -20.4739 -5.3492 4.7355
v -20.5810 -0.4262 2.7455
v -20.6548 0.1928 1.0954
v -20.7134 -0.7032 2.1554
v -20.3712 0.9098 1.2154
v -20.9440 3.1268 0.3454
v -20.9205 3.8358 -1.0045
v -19.9123 -5.1372 4.5654
v -20.7375 -3.2882 3.5454
v -20.8017 -1.7592 2.5754
v -20.7993 -1.1832 1.9754
v -21.6532 1.9868 -0.1546
v -21.4509 2.5298 -0.2946
v -21.4464 2.3088 0.1155
v -21.7176 2.3038 -0.9646
v -20.7027 -5.3842 3.8855
v -20.3612 -3.9882 3.2854
v -20.4809 -3.7242 2.4054
v -20.6235 -3.3372 2.1055
v -20.7228 -2.4382 1.4754
v -21.9704 -0.0712 0.6255
v -21.9812 1.4858 -0.8745
v -21.5283 2.8648 -1.2645
v -20.9546 -5.0172 2.1155
v -21.6171 -4.0162 1.8454
v -21.2981 -4.2752 0.9654
v -21.8806 -2.5292 1.0554
v -22.1579 -0.9172 -0.1046
v -21.2152 -4.7022 1.9754
v -21.5840 -3.3472 -0.7046
v -21.7972 -2.7972 -0.1546
v -22.0506 -1.9792 -0.3046
v -22.0810 -1.4352 0.3755
v -22.2031 -1.5322 -0.8845
v -16.4439 2.9348 5.7355
v -16.4610 3.3348 5.6155
v -16.4144 3.3798 5.4855
v -16.7795 3.9068 5.4654
v -16.2494 4.4088 4.2355
v -17.1659 5.0688 3.8154
v -17.1629 5.6078 2.7754
v -17.3812 5.6358 2.4855
v -17.6551 5.4148 2.5854
v -17.9910 5.5158 1.8855
v -17.4804 5.7428 2.1155
v -18.3764 5.2788 1.7954
v -16.3874 -7.9502 10.3954
v -16.2772 -8.2312 10.3054
v -13.5879 -9.6972 9.3655
v -15.1737 -7.9912 9.6355
v -16.2336 -7.4782 9.5254
v -18.8961 4.9478 1.5854
v -18.6977 5.1598 1.4955
v -19.0581 4.9558 1.2654
v -19.3072 4.9838 0.6854
v -17.9979 -6.6472 7.3755
v -17.1963 -6.7782 7.1454
v -17.2238 -6.6062 6.8555
v -18.9134 2.8938 1.1654
v -19.4761 2.3488 1.0055
v -19.7595 4.8578 -0.0446
v -19.4219 5.4868 -0.8446
v -18.6638 5.7448 0.1355
v -17.6767 -7.2812 6.6554
v -17.6808 -7.1842 6.4354
v -17.7780 -6.3282 6.3054
v -19.8712 1.9898 0.7054
v -20.4124 4.2868 -0.4146
v -19.9612 5.0008 -0.9046
v -19.6423 2.3728 0.5154
v -20.6523 4.1848 -0.8945
v -20.4784 4.4288 -0.9346
v -19.6305 -5.0032 4.3254
v -19.6468 -4.8012 4.2754
v -19.2763 -4.9912 3.6854
v -19.8658 -4.4892 3.8354
v -20.6681 0.9768 -0.1145
v -20.8166 0.7558 -0.4346
v -20.4152 1.3018 0.3354
v -20.7810 4.3878 -1.8645
v -21.1689 3.7658 -1.8146
v -19.3643 -5.6532 4.1155
v -19.7939 -5.6462 4.0354
v -19.6573 -5.8572 3.9154
v -19.7656 -5.8122 3.8254
v -19.5289 -4.7652 3.3454
v -20.0970 -4.2992 2.5254
v -20.8270 -1.6142 1.4855
v -20.8411 -2.0112 0.4754
v -20.7616 -0.2962 1.1055
v -20.8868 -1.1372 0.9354
v -21.4020 3.2168 -1.4945
v -21.5935 2.9268 -1.7146
v -21.3804 3.3858 -1.7946
v -21.3511 3.7718 -2.8945
v -20.2683 -5.6042 3.3354
v -20.2727 -5.5972 2.9654
v -20.3249 -5.5252 2.1454
v -20.0915 -5.6652 3.0754
v -20.4630 -3.8422 1.6355
v -20.5460 -3.6262 1.4354
v -20.3508 -4.0332 1.8755
v -21.0239 -0.8512 -0.0946
v -20.9767 -1.4782 0.0354
v -22.1316 1.6148 -1.7746
v -21.8876 2.2778 -1.7246
v -21.0174 -4.6932 1.1854
v -22.4319 -0.2432 -1.6245
v -22.3836 0.8238 -2.0246
v -22.2969 1.5078 -2.4746
v -22.2258 1.7888 -2.5946
v -21.9000 2.7848 -3.1946
v -21.3920 -4.0632 0.5754
v -21.5249 -3.8002 0.4554
v -21.7624 -2.8372 -0.9846
v -22.1104 -1.9992 -1.4646
v -22.3059 -1.5932 -1.9046
v -22.4840 -0.4302 -1.9046
v -22.4896 0.3488 -2.1846
v -22.5285 0.5498 -2.6145
v -22.5811 -0.1662 -2.7846
v -16.1835 3.8558 4.4754
v -16.1089 4.2428 3.1754
v -16.2962 5.0468 3.5554
v -15.8654 4.9638 2.5554
v -16.2431 5.5898 2.6954
v -16.3985 6.1358 1.8954
v -16.4457 3.6288 3.7954
v -16.3658 4.0368 3.1055
v -16.8443 5.5198 3.1155
v -17.1401 5.8718 2.2355
v -17.1578 6.2558 1.3354
v -11.7841 -9.8212 9.4654
v -16.9055 3.6778 3.0454
v -17.3210 3.5778 2.6155
v -16.9057 3.9958 2.3755
v -17.9974 5.8018 1.2054
v -14.6717 -8.9582 10.0254
v -15.0446 -8.8912 10.0055
v -13.1431 -9.8602 8.9955
v -15.4316 -7.8342 9.3855
v -15.5394 -8.2132 8.9955
v -15.9577 -8.1002 9.0954
v -18.1200 3.4528 1.5654
v -17.6634 3.8698 1.4554
v -18.1310 3.6508 1.1155
v -18.6904 5.5318 0.6355
v -17.5042 -7.2802 7.2654
v -17.1952 -7.2812 7.2954
v -16.3376 -7.5332 7.2455
v -18.9249 3.1818 0.4855
v -18.7415 3.6278 -0.1846
v -18.3072 3.8068 0.3755
v -19.2695 5.7428 -1.1746
v -18.6676 6.4388 -1.7946
v -19.3747 5.9488 -2.0145
v -16.8407 -7.6672 7.1155
v -16.8813 -7.4172 6.2355
v -17.3393 -6.6802 6.1854
v -16.4897 -6.9862 6.2654
v -19.0078 3.5328 -0.6445
v -19.8313 5.4908 -1.8745
v -19.8786 2.4598 -0.4246
v -19.4131 3.0608 -0.5346
v -19.9426 2.6158 -1.1046
v -19.5026 3.2388 -1.3645
v -18.2473 -6.4292 4.1654
v -18.6873 -5.9312 4.1255
v -18.7596 -5.5162 3.8555
v -18.5298 -5.6922 3.8954
v -20.2076 1.9668 -0.3645
v -20.3746 1.9258 -0.9646
v -20.3075 5.2858 -2.8346
v -19.7261 5.9208 -2.9246
v -20.2503 5.6938 -4.2946
v -18.9041 -6.4282 3.8354
v -18.7502 -6.4972 3.9054
v -19.5985 -5.6662 3.0654
v -19.4471 -5.5502 3.0254
v -20.6258 1.5858 -1.2445
v -20.6338 1.6978 -1.6345
v -20.3907 2.1488 -1.7445
v -21.0558 4.2738 -2.9346
v -20.7142 4.8588 -3.2246
v -19.4329 -5.0232 2.1554
v -19.5850 -5.7692 2.2355
v -19.8620 -5.7592 2.0055
v -19.8148 -4.6802 1.4654
v -20.3393 -3.9862 0.6155
v -21.1319 0.6158 -1.9046
v -20.9150 1.2208 -1.9446
v -21.2074 4.2578 -3.8745
v -21.8348 3.1318 -3.9846
v -20.2580 -5.4472 1.4955
v -20.7623 -5.0062 1.3154
v -20.0548 -4.3962 0.6454
v -20.5010 -3.6472 0.2455
v -20.6635 -2.8372 -0.1245
v -20.5440 -3.4442 -0.5546
v -20.9503 -2.1852 -2.0546
v -21.3426 -0.0412 -2.1445
v -21.3369 0.2128 -2.5045
v -21.0749 -4.5362 0.4955
v -20.6596 -5.0202 0.5654
v -20.8547 -4.9692 -0.6345
v -21.2727 -4.2012 -0.8146
v -21.2375 -1.3772 -1.8346
v -21.3217 -1.0472 -1.8546
v -22.2446 2.0188 -3.3745
v -22.4470 1.2788 -3.5546
v -22.1442 2.4068 -3.9246
v -22.2094 2.2378 -4.3645
v -22.1001 2.5698 -4.2445
v -21.9429 2.9788 -4.3945
v -20.8343 5.7228 -7.5145
v -21.4488 -3.5772 -1.6846
v -21.8002 -2.8322 -2.3046
v -22.2057 -1.9632 -2.3346
v -22.1444 -2.1772 -2.8845
v -22.4455 -1.2842 -2.5145
v -22.5421 0.6258 -3.4346
v -22.5808 -0.0422 -3.3546
v -22.4875 -1.1192 -3.3845
v -22.4790 0.1078 -4.0846
v -15.8889 5.5408 2.1454
v -16.2116 4.6028 2.0554
v -16.7484 6.4198 1.3054
v -16.3895 6.3448 1.4654
v -16.2958 6.5348 0.9855
v -16.5108 6.7338 0.6055
v -16.3041 6.7288 0.5454
v -14.0506 -9.1722 9.9354
v -14.5236 -8.2612 9.4254
v -17.0069 4.2898 1.5754
v -16.6769 4.5858 1.3954
v -16.1224 5.1158 0.9554
v -17.4110 6.6978 -0.1746
v -16.6922 7.0718 -0.3346
v -17.5446 4.1728 0.9554
v -17.3592 4.5378 0.3555
v -17.9543 3.9578 0.7154
v -18.1700 4.0658 -0.0045
v -17.9270 4.3288 -0.2146
v -15.8698 -8.0132 7.1155
v -16.0568 -7.9762 7.1055
v -13.5281 -8.1532 6.6854
v -16.0820 -7.1052 6.7254
v -18.2861 4.0858 -0.3246
v -17.6708 7.1558 -1.8546
v -15.6583 -8.1382 6.4855
v -15.7550 -7.9342 6.2654
v -16.4599 -7.1092 6.1754
v -15.5893 -7.4822 6.1454
v -18.6296 4.0418 -1.0646
v -19.2140 6.4438 -3.1646
v -17.4772 8.2008 -4.6046
v -19.2308 3.7258 -1.9846
v -19.3827 6.7818 -4.9846
v -17.5533 -6.8912 4.2054
v -18.0160 -6.9112 3.8655
v -17.7305 -6.2162 3.9955
v -17.8971 -5.9922 3.6654
v -19.7517 3.0598 -1.7846
v -19.1442 4.3298 -4.0846
v -19.7083 3.8278 -4.7445
v -18.5646 -6.0922 3.1055
v -20.2372 2.7698 -3.4446
v -18.7497 -6.0222 2.0954
v -19.1229 -5.3062 1.4554
v -19.8146 -5.7172 1.5254
v -19.6770 -5.6862 1.3454
v -20.2376 -5.1492 0.6355
v -20.2522 -4.1672 -0.2645
v -20.4462 -3.7442 -1.2545
v -21.1914 0.7858 -2.7645
v -21.0900 1.0498 -2.7445
v -20.6747 2.0008 -3.2346
v -20.9673 1.5708 -4.0346
v -20.6482 2.2118 -4.0446
v -20.2165 -4.2062 -1.0946
v -20.5772 -3.3772 -1.2046
v -20.7674 -2.6822 -2.1345
v -21.4341 -0.6512 -2.5246
v -21.3349 -1.2772 -2.5946
v -21.3909 -0.0712 -3.3246
v -21.3667 0.1478 -3.3546
v -21.2324 0.7748 -3.3446
v -20.9512 1.6098 -4.5546
v -21.9168 3.1098 -5.1445
v -21.0548 -4.6622 -1.0446
v -20.1191 -5.2302 -0.1846
v -20.9222 -4.8952 -1.1145
v -21.0307 -2.0402 -2.7545
v -21.3439 -0.9092 -3.3446
v -21.1736 -1.4962 -3.3645
v -22.1865 1.7098 -5.2146
v -21.9483 -2.5612 -3.1646
v -21.7860 -2.7832 -3.5546
v -22.1798 -2.1012 -3.3146
v -22.0665 -2.2752 -3.6245
v -22.4520 -0.6002 -4.1245
v -22.2754 0.9188 -4.8346
v -22.1315 0.4448 -5.1646
v -22.0376 -2.1392 -4.1746
v -22.1252 -1.9332 -4.2046
v -22.3130 -1.4412 -4.1345
v -15.7049 5.7448 0.7154
v -12.7029 -9.0182 8.7455
v -13.9019 -8.5052 8.9754
v -16.3536 7.0888 -0.3945
v -14.5469 -9.0222 8.9754
v -13.9850 -8.9902 8.6954
v -13.9224 -8.7472 8.6854
v -17.2248 7.1718 -1.1746
v -17.2363 7.5948 -2.4046
v -14.8190 -7.5902 6.5754
v -16.6040 6.3208 -3.2645
v -17.3156 5.4078 -2.0746
v -15.2230 -8.1822 7.1255
v -14.7685 -8.5692 6.8555
v -16.8224 -6.6422 4.0354
v -17.2602 -6.3622 3.8354
v -16.7822 -6.6032 3.8954
v -18.9476 4.0758 -2.2046
v -18.4396 4.5148 -2.0746
v -15.5346 -7.7412 4.4254
v -16.2814 -7.6222 4.2355
v -16.8159 -7.4962 3.8454
v -16.8300 -7.4722 3.9955
v -16.4553 -6.7172 3.6954
v -17.5489 -6.4802 3.1055
v -17.8972 5.5238 -3.9646
v -18.0229 -6.3532 3.0954
v -17.9498 -6.6192 1.8655
v -18.3487 -6.4532 1.9454
v -18.6533 -5.5652 1.6954
v -18.7941 -5.4832 1.4454
v -18.2117 -5.8142 1.5254
v -20.4045 6.2758 -6.9346
v -18.8347 -6.4542 1.4254
v -20.4913 2.7088 -5.1946
v -19.6544 -5.3032 -0.7046
v -19.6417 -4.9262 -1.0646
v -21.0138 1.1888 -4.6345
v -20.8070 1.9858 -5.1245
v -20.8333 1.4418 -5.3046
v -21.1975 4.9188 -7.1846
v -20.3957 -5.4962 -1.0145
v -19.9844 -5.6912 -0.8845
v -19.8755 -5.6112 -0.7645
v -20.9175 -4.8062 -1.6846
v -19.9978 -4.4652 -1.7545
v -20.2765 -3.7542 -2.2545
v -20.7121 -2.6032 -3.1646
v -20.4587 -3.0402 -3.1646
v -20.9699 -2.0132 -3.2946
v -21.2658 -0.2452 -3.8246
v -21.0466 -0.8912 -4.1445
v -21.1400 -0.5042 -4.0746
v -20.7947 0.2968 -4.9746
v -21.0518 0.2428 -4.4246
v -21.5139 4.0858 -6.7246
v -21.7470 3.2458 -6.4846
v -20.7543 -5.0332 -1.8945
v -21.0968 -3.8782 -3.3845
v -20.3326 -5.5122 -1.8246
v -21.9973 0.0378 -5.3446
v -21.9646 1.5468 -5.9146
v -21.8743 0.7848 -5.8246
v -22.0381 1.8588 -5.7746
v -21.7939 2.7398 -6.5246
v -21.7653 2.1718 -6.5746
v -20.7244 -4.4032 -3.5446
v -21.6049 -2.8902 -4.1546
v -21.6310 -2.3242 -4.9546
v -22.0561 -1.4772 -4.8246
v -22.0556 -1.2022 -4.9546
v -21.4657 -0.2232 -6.0946
v -21.7784 -0.1722 -5.6646
v -13.1563 -9.7552 9.7355
v -13.3133 -9.6322 9.7754
v -13.1516 -9.6072 9.7754
v -11.8073 -10.0192 9.5354
v -13.2524 -8.8032 8.7754
v -13.2322 -8.8662 8.6454
v -15.8362 5.8978 -0.5246
v -15.7767 6.1368 -0.9146
v -15.8189 6.8218 -0.9546
v -16.0497 7.1988 -1.4346
v -16.3957 6.8548 -4.1746
v -16.1267 7.6568 -3.3446
v -15.8301 6.9288 -1.7346
v -16.9646 8.3648 -4.4746
v -13.8412 -8.8832 6.8755
v -14.7574 -8.2802 6.2254
v -14.0519 -7.9742 6.2154
v -14.8044 -7.7982 6.1454
v -14.0194 -8.1142 6.1355
v -17.7783 5.2868 -2.8046
v -16.4614 -7.6342 3.6954
v -15.1038 -7.5792 3.2854
v -17.6964 8.4698 -5.6445
v -17.9809 -6.1852 1.8254
v -17.6295 -7.0892 1.4354
v -17.2780 -7.0582 1.7555
v -17.8984 -6.0042 1.3354
v -17.3368 -6.4302 0.6954
v -19.1863 5.1328 -6.3845
v -20.0614 6.8888 -7.5646
v -19.7499 7.2328 -7.4846
v -19.7777 4.4088 -6.8446
v -19.7700 4.6258 -7.6345
v -18.3683 -5.8632 -1.5446
v -18.4650 -5.6592 -1.7746
v -21.0116 5.3638 -7.8546
v -20.7992 5.8468 -8.2645
v -20.4192 6.5688 -8.5446
v -19.5613 -5.9442 -1.0746
v -19.3930 -5.1422 -1.6946
v -18.2084 -5.7252 -2.6345
v -19.9438 -4.2082 -2.4945
v -20.1923 -3.6662 -2.7146
v -20.5990 -2.5872 -3.5446
v -20.4530 0.3328 -5.5746
v -20.5616 2.2168 -6.1546
v -20.3275 2.0748 -6.6245
v -21.0455 5.1758 -8.1445
v -20.1728 -5.6522 -1.8945
v -19.6799 -6.0702 -1.7346
v -20.4825 -4.9562 -2.7946
v -20.1583 -5.0442 -2.4746
v -20.2626 -3.2392 -3.3446
v -20.3946 -2.9752 -3.4546
v -20.3434 -2.4392 -4.1345
v -20.5199 -2.1232 -4.1546
v -20.4102 -2.0192 -4.3945
v -20.2602 0.2258 -5.7946
v -21.6095 1.2258 -6.5145
v -21.2944 1.7158 -7.3346
v -21.2752 0.2018 -6.5246
v -21.4112 2.4638 -7.4446
v -21.3305 3.6758 -7.8046
v -20.5791 -4.7472 -3.1946
v -20.2990 -4.8692 -3.4646
v -20.3314 -4.7962 -3.7146
v -20.8483 -3.7202 -4.5346
v -21.1944 -2.9762 -4.9646
v -20.9223 -3.3012 -4.9846
v -21.3693 -2.7542 -4.9446
v -21.2109 -1.7402 -5.8446
v -20.8097 -1.0882 -6.4246
v -21.1223 -0.6112 -6.3446
v -20.9856 1.7178 -7.7946
v -21.1164 -2.3222 -5.6546
v -12.4755 -9.1982 9.1454
v -11.9886 -10.4482 9.0854
v -10.7561 -10.6412 9.3254
v -11.5521 -10.6082 9.2455
v -10.6255 -9.8002 8.6355
v -12.4023 -9.3362 8.4154
v -12.1829 -9.7502 8.3555
v -13.0787 -9.6992 8.6554
v -16.1405 7.4628 -4.4146
v -13.2296 -9.0352 6.9054
v -13.0142 -8.5542 6.8655
v -16.7192 8.1868 -3.8645
v -16.3546 8.0408 -4.0045
v -16.4551 8.1618 -4.1946
v -12.8658 -9.1592 6.2355
v -17.4604 8.7108 -5.8845
v -17.2643 8.8038 -5.9746
v -14.1392 -8.4492 4.4855
v -14.5769 -7.9982 4.5354
v -15.2063 -8.0312 3.5055
v -18.5903 5.6188 -5.8945
v -16.6436 -7.3252 1.6954
v -16.4507 -7.0962 1.6954
v -16.4378 -6.7942 1.4154
v -17.0009 -6.5222 1.3954
v -18.8803 5.3878 -6.0746
v -19.0911 8.1268 -8.1546
v -17.1441 -7.3132 1.1454
v -16.2565 -7.7052 1.3254
v -16.7944 -6.6002 0.6454
v -19.4177 4.9598 -6.8146
v -16.9451 -7.3202 0.7154
v -19.5260 4.9618 -7.3446
v -19.4385 5.3078 -8.1546
v -19.5245 7.7848 -8.7445
v -19.7799 7.5208 -9.0846
v -20.5144 6.3978 -8.7946
v -20.6074 6.1488 -8.9846
v -20.2511 6.8468 -8.9146
v -18.5578 -6.4792 -1.5746
v -18.5343 -6.5632 -1.6946
v -18.9938 -6.4132 -1.6946
v -19.0504 -5.5312 -2.4846
v -20.0028 1.4238 -6.7946
v -19.5653 1.2538 -7.1846
v -20.3207 2.4618 -6.7746
v -19.9605 3.6548 -7.8046
v -20.0346 3.0168 -7.4746
v -20.8258 5.4648 -8.8845
v -19.4666 -6.0482 -2.5145
v -19.5769 -4.5272 -3.1046
v -19.4622 -4.0382 -3.4945
v -19.4624 -3.3552 -4.3046
v -19.6160 -3.0142 -4.4746
v -19.5649 -2.4842 -4.9746
v -19.9185 -2.0422 -4.9446
v -20.1189 -1.2692 -5.1746
v -20.0117 -0.3102 -5.7645
v -19.5105 -0.9972 -5.8446
v -21.0660 2.3998 -8.0145
v -21.0688 2.6908 -8.1145
v -21.0344 3.6728 -8.4546
v -20.9118 4.6398 -8.8446
v -20.7031 4.6468 -9.2645
v -19.8741 -5.0392 -4.2246
v -20.1878 -4.6542 -4.2846
v -20.3852 -3.8632 -5.0646
v -19.3575 -1.9542 -7.2246
v -20.0861 -0.4212 -7.4446
v -20.6226 -0.4372 -6.9546
v -20.8070 2.2658 -8.2946
v -20.8802 -2.4872 -5.7846
v -20.2312 -2.8482 -6.1445
v -10.6727 -10.2382 9.2854
v -11.5882 -10.4582 8.5954
v -10.1053 -10.8372 8.1754
v -11.5507 -10.2512 8.3454
v -12.3987 -9.1622 6.8755
v -11.6112 -9.1072 6.7654
v -13.2086 -8.2412 6.2754
v -10.2243 -9.4262 6.1854
v -12.4613 -8.7052 6.0954
v -16.3259 7.9878 -5.4246
v -16.6517 8.5878 -5.9046
v -16.4261 8.2178 -5.7946
v -16.9336 8.7088 -5.6445
v -13.8871 -7.9342 4.4654
v -11.6582 -8.7022 4.3755
v -14.0542 -8.2522 4.5654
v -13.3111 -8.0102 3.7054
v -14.7739 -7.4042 3.6355
v -16.8924 7.8968 -7.3246
v -17.1008 8.9688 -6.7046
v -17.2975 8.9828 -6.6345
v -16.7466 8.7138 -6.6345
v -13.2810 -8.8872 3.7355
v -13.5257 -7.9752 3.5554
v -17.2124 7.4438 -7.1546
v -18.0360 8.8838 -7.3645
v -18.3707 8.8378 -8.1145
v -16.0005 -7.6482 1.6654
v -15.0250 -8.1902 1.4855
v -15.3254 -7.6142 1.7254
v -15.5175 -7.1092 1.2455
v -18.5485 8.7848 -8.5346
v -18.0454 9.1198 -8.3146
v -18.8373 8.6458 -9.2545
v -18.5966 8.8668 -9.1746
v -16.1554 -7.6512 0.5454
v -16.2373 -6.7992 0.4454
v -18.6641 6.3098 -8.0746
v -17.4485 8.0278 -9.2545
v -19.0904 8.3428 -9.0946
v -18.7978 8.7438 -9.6746
v -19.0481 8.5008 -10.0346
v -19.1224 5.9208 -8.7545
v -18.8198 6.3628 -8.9046
v -19.5399 7.8368 -9.2246
v -19.6318 7.7448 -9.8546
v -17.7426 -6.3442 -1.7146
v -17.1768 -6.5002 -1.9146
v -19.8231 4.4578 -8.0846
v -19.1725 5.8848 -8.9945
v -19.7843 7.5198 -9.8546
v -20.0082 7.1438 -9.8346
v -17.8274 -6.7942 -1.8446
v -17.8771 -6.9092 -2.5846
v -17.8155 -5.8532 -2.7346
v -19.5085 2.6478 -8.0145
v -19.0144 3.2938 -8.8146
v -19.7937 3.9098 -8.2046
v -19.5950 4.4748 -8.6846
v -19.3753 5.3388 -9.0746
v -20.3814 6.3548 -9.6646
v -20.4773 5.7068 -9.7246
v -20.4703 5.3368 -9.7445
v -18.3276 -6.6342 -2.9846
v -19.3482 -5.5492 -3.4446
v -19.2594 -5.6262 -3.4646
v -18.6976 -5.9182 -3.4346
v -18.1091 -5.5862 -3.2645
v -18.7016 -4.9762 -3.2846
v -18.0141 -5.5002 -3.3446
v -18.7387 -3.9382 -4.4646
v -18.6459 -3.4622 -5.0546
v -18.6566 -2.8942 -5.4846
v -18.7927 -2.2532 -5.7545
v -19.3152 -1.6792 -5.6546
v -18.7240 -0.5632 -6.6846
v -19.2495 -0.0882 -6.5546
v -20.7426 3.7558 -8.9746
v -20.3933 3.1248 -9.1145
v -20.4085 3.9698 -9.4746
v -20.3258 4.7128 -9.8246
v -20.4699 4.3898 -9.5446
v -19.4396 -5.5072 -4.1345
v -19.2217 -5.6932 -4.1046
v -19.6741 -4.6522 -4.9846
v -19.1326 -5.0192 -5.1445
v -19.6792 -2.5332 -6.7346
v -19.7640 -3.8602 -5.7946
v -9.8173 -10.7682 8.0254
v -10.0769 -9.8282 6.7455
v -11.3713 -9.6572 6.7854
v -11.8028 -9.6382 6.6954
v -11.7310 -9.0622 6.0354
v -12.4538 -8.9742 4.6055
v -12.2740 -8.7902 4.6055
v -11.0420 -9.0112 4.4855
v -13.2640 -8.8512 4.4654
v -13.3270 -8.8722 4.3855
v -12.4219 -9.2652 3.8655
v -16.7648 8.1528 -7.3346
v -17.4366 7.7258 -8.4146
v -17.0195 8.5668 -8.5045
v -17.0223 8.9618 -7.3046
v -17.1394 8.9788 -8.2046
v -17.6689 9.1618 -9.9346
v -17.9216 9.2428 -9.6145
v -14.1661 -8.5002 1.5854
v -14.4561 -8.4072 1.3154
v -13.7327 -7.8042 1.3954
v -14.2185 -7.4952 0.3954
v -14.9144 -7.2582 0.3755
v -15.4593 -7.0722 0.4154
v -18.1898 9.1978 -9.7946
v -18.6488 6.6228 -9.1046
v -18.7862 8.7788 -10.4846
v -19.0730 8.4338 -10.5846
v -18.6505 8.8888 -10.6946
v -17.2104 -6.2372 -2.2545
v -18.9507 5.9218 -9.7645
v -19.0095 5.4908 -9.6846
v -18.8664 5.5268 -9.8546
v -18.8475 5.7338 -9.9046
v -18.5435 6.8118 -9.9746
v -19.6740 7.4348 -10.5145
v -16.5173 -7.3612 -2.1245
v -16.4376 -7.4912 -2.2545
v -16.7316 -7.4042 -2.7146
v -16.9550 -6.1802 -2.9846
v -17.6825 -5.6792 -3.3346
v -17.3789 0.4758 -8.2146
v -19.1504 1.1558 -7.4446
v -19.4602 3.1698 -8.3346
v -19.2672 3.9218 -8.8945
v -19.4016 4.5598 -8.9746
v -18.8637 3.4318 -9.0145
v -20.0003 6.1488 -10.4746
v -19.8864 6.7218 -10.5346
v -19.4854 7.0878 -11.0045
v -18.2388 -6.5432 -3.4246
v -17.9825 -6.6912 -3.5346
v -17.9212 -5.0192 -4.1145
v -18.2627 -4.7582 -3.9945
v -17.7597 -4.6762 -4.5646
v -18.7024 -2.4572 -5.7246
v -18.2273 -1.2542 -6.7746
v -19.4811 3.2898 -9.8446
v -19.9385 3.7328 -9.7846
v -19.6226 4.4988 -10.3446
v -19.4550 5.0328 -10.6846
v -19.7144 5.0828 -10.5346
v -19.5640 6.1688 -10.9246
v -18.6104 -6.0962 -4.1445
v -18.8150 -5.3062 -5.1046
v -18.9579 -4.5642 -5.7846
v -19.2279 -1.3572 -7.6345
v -19.2453 -0.6092 -7.9546
v -19.5569 -3.7642 -6.0746
v -9.2354 -10.3692 8.7054
v -9.4733 -10.1952 8.4754
v -9.6556 -10.7522 9.1554
v -9.4750 -10.3982 8.9154
v -9.9121 -9.5832 6.5254
v -11.3687 -9.6272 6.0654
v -11.3154 -9.5282 6.0154
v -10.2757 -10.2732 6.2754
v -10.1893 -9.4472 6.4254
v -11.7359 -9.6732 6.2654
v -9.8024 -10.3212 6.0754
v -12.3080 -8.3822 3.8555
v -13.0588 -8.1522 3.5854
v -13.0245 -8.8452 1.7555
v -13.4317 -8.6262 1.7954
v -14.2740 -7.9142 1.7455
v -13.6141 -7.9892 1.6454
v -17.1639 8.6648 -9.0746
v -13.1679 -8.8082 1.1754
v -17.3911 8.6838 -10.1245
v -14.7777 -8.1292 0.3855
v -14.6435 -7.8092 -0.0846
v -17.6094 8.1228 -10.5846
v -17.7464 7.8868 -10.4346
v -17.9139 9.1638 -10.6445
v -17.7813 7.7478 -10.7645
v -18.5800 8.6688 -11.3745
v -18.4593 8.8418 -11.3046
v -16.1493 -7.0392 -2.0846
v -18.2129 6.4998 -10.5546
v -18.9186 8.1618 -11.3346
v -19.0569 7.6328 -11.3845
v -18.6975 7.9678 -11.6546
v -16.1720 -7.6522 -2.5246
v -16.6613 -6.0902 -3.6746
v -17.4041 0.8358 -8.3945
v -18.7470 2.9648 -8.8346
v -18.3129 2.8828 -9.0846
v -17.8927 2.2118 -8.9246
v -17.8863 3.2708 -9.5145
v -18.7421 4.5948 -9.6646
v -18.3922 4.1498 -9.6946
v -18.0475 4.5588 -10.0846
v -18.0559 5.0278 -10.2846
v -18.7014 5.9998 -11.4146
v -18.8975 6.9618 -11.5446
v -18.8476 6.6278 -11.5145
v -16.6692 -7.3302 -3.3745
v -17.7616 -6.5732 -4.1646
v -17.0772 -6.9142 -4.1245
v -17.7945 -6.0292 -4.4346
v -17.1951 -4.4412 -5.2746
v -18.3730 -3.4182 -5.8146
v -17.8170 -3.9462 -5.4746
v -17.8632 -3.9462 -5.7146
v -18.3462 -2.0092 -6.6145
v -17.8293 -0.7002 -7.3146
v -17.9208 -1.0192 -7.1445
v -17.6453 -1.1222 -7.4746
v -19.2676 4.7258 -10.6445
v -18.3995 3.5078 -10.5346
v -18.3111 -5.7152 -4.9346
v -18.0660 -5.6772 -5.3246
v -18.5556 -4.8692 -5.8046
v -18.6797 -4.6942 -5.8745
v -18.0514 -4.0142 -5.9646
v -17.2950 -4.8802 -6.1445
v -18.8140 -2.9022 -6.5946
v -19.1846 -1.9872 -7.3146
v -18.3743 -1.9192 -7.4346
v -18.4289 -1.4892 -8.0446
v -18.5439 -1.3062 -8.1046
v -18.3800 -0.0132 -8.7445
v -18.4407 2.4188 -9.9746
v -17.4905 2.0388 -10.2545
v -9.2287 -11.2942 8.9054
v -8.3168 -11.5112 8.8655
v -9.2560 -11.1872 9.0055
v -8.4380 -11.5822 8.7154
v -8.0544 -11.1262 8.9054
v -7.1907 -11.2092 8.7455
v -9.4375 -11.2962 8.7854
v -9.1160 -11.3932 8.5654
v -8.8400 -10.4342 8.0454
v -8.2975 -11.2162 7.8755
v -10.0945 -10.2422 6.7054
v -10.0276 -9.4902 6.3154
v -10.4288 -9.1272 4.3354
v -10.7451 -9.8692 4.3555
v -11.4317 -9.6172 3.8154
v -13.0404 -8.5842 1.8755
v -11.7983 -8.6582 1.8254
v -13.1465 -8.8472 1.3954
v -12.4538 -8.1812 1.2355
v -11.5285 -8.4032 0.6754
v -13.3901 -8.6152 0.7754
v -13.8771 -8.3662 0.1554
v -13.8876 -8.2752 -0.0746
v -13.3184 -7.8612 -0.1345
v -12.6275 -8.0672 -0.1445
v -17.7120 7.1598 -10.9945
v -17.4851 7.6948 -11.3046
v -17.5165 8.0098 -11.3645
v -17.9380 8.8038 -11.4346
v -15.4369 -7.3182 -2.1445
v -15.3689 -7.1592 -2.2846
v -15.3991 -6.7722 -3.5646
v -17.9519 5.5978 -10.5346
v -17.7754 5.2818 -10.5145
v -17.9275 7.8318 -12.1145
v -17.7378 7.9958 -12.0846
v -15.3377 -7.9652 -2.8246
v -15.8231 -7.6642 -3.4646
v -16.0377 -6.4442 -3.8945
v -16.3444 -6.3112 -4.0246
v -16.3178 -6.4142 -4.1245
v -17.2546 -5.2692 -4.4945
v -16.8156 -6.3952 -4.3146
v -16.2403 -5.7862 -4.6245
v -16.3540 -5.5062 -4.7246
v -15.8102 -5.1992 -5.3246
v -17.1528 -0.4652 -7.8745
v -17.3493 0.0068 -7.9846
v -17.2094 0.2488 -8.2445
v -17.7377 2.5438 -9.1946
v -17.5058 3.2328 -9.6746
v -17.1731 4.1088 -10.2645
v -18.3266 5.0998 -11.2346
v -18.0321 5.7468 -11.6145
v -17.9156 6.5178 -11.9346
v -17.3530 -4.2252 -5.6546
v -16.8683 -4.5552 -5.8446
v -17.9635 -1.6182 -7.4246
v -17.8062 0.0288 -9.0145
v -17.7807 -0.2352 -8.8745
v -18.1329 4.2258 -10.9746
v -16.8442 -6.3742 -5.0846
v -17.4760 -5.7122 -5.7146
v -16.9425 -5.9952 -5.7346
v -16.9062 -5.5312 -6.1445
v -17.6335 -1.5202 -8.1046
v -7.4454 -11.8252 8.6255
v -7.6393 -11.6332 8.8054
v -7.7155 -10.8952 8.6255
v -8.1567 -10.6852 7.9254
v -8.5867 -10.5832 7.9254
v -9.3191 -10.5612 6.7054
v -8.4664 -10.3902 6.7654
v -9.2667 -10.2842 6.7555
v -8.8175 -10.8292 6.6155
v -8.3234 -10.8252 6.7854
v -9.1302 -9.8262 6.1255
v -8.4477 -10.0442 6.2954
v -9.1723 -10.6392 6.1654
v -9.6474 -10.0032 4.5554
v -9.0654 -10.3582 4.4554
v -10.0156 -9.4272 4.5154
v -9.8254 -9.2362 3.8154
v -11.6422 -9.2702 3.4654
v -9.0560 -10.3462 3.5654
v -10.3286 -9.7672 3.4855
v -10.6664 -9.4982 3.4254
v -11.3463 -8.7832 3.6055
v -12.3990 -8.9512 1.8855
v -10.5956 -8.7082 1.0554
v -10.8920 -9.4362 0.9254
v -13.0067 -8.6402 0.2555
v -13.1512 -7.9502 -0.2246
v -14.1812 -8.0142 -2.0346
v -14.1511 -7.7892 -2.0846
v -14.5182 -7.3432 -2.6046
v -16.6447 6.2988 -11.2746
v -16.7520 6.8698 -11.4746
v -17.2136 7.4048 -11.4546
v -15.1026 -8.0262 -2.2846
v -14.8948 -8.1452 -2.6546
v -14.8474 -7.0462 -3.3845
v -16.6546 3.4308 -10.1445
v -16.3775 3.7768 -10.4246
v -16.7967 4.7348 -10.6946
v -16.3943 4.7158 -10.8246
v -16.9993 5.1238 -10.7746
v -17.6741 7.1148 -12.1846
v -17.2172 7.2578 -12.2946
v -15.2653 -7.8822 -3.4646
v -15.6229 -7.0392 -4.1245
v -15.4995 -6.1692 -4.6646
v -16.4010 -0.8342 -8.0846
v -16.8007 -0.5312 -8.0746
v -17.2247 -1.0032 -7.7645
v -15.5099 -1.4602 -8.1746
v -16.7455 0.6578 -9.0346
v -16.6036 1.0908 -9.1445
v -16.6600 1.8958 -9.3645
v -16.6887 2.5388 -9.6646
v -16.0037 2.1078 -9.7645
v -17.0655 4.0458 -11.3446
v -17.5541 3.8908 -11.0846
v -17.5552 4.3668 -11.2746
v -17.5525 5.1318 -11.5746
v -17.0560 5.4838 -11.8945
v -15.9351 -7.3222 -4.1145
v -16.6275 -6.4222 -4.9346
v -16.4383 -6.5362 -5.0145
v -15.4039 -6.8952 -4.9046
v -16.0773 -4.9102 -5.8146
v -15.4527 -5.4042 -6.1646
v -17.1606 -1.6272 -8.1445
v -17.1007 -1.5862 -8.0746
v -17.2924 -1.6322 -8.3346
v -17.5655 -0.1382 -8.9546
v -17.0491 1.1948 -10.0045
v -17.3501 3.1218 -10.8446
v -16.2998 -6.2762 -5.7746
v -5.7445 -11.6292 8.6554
v -6.4276 -11.1872 8.3954
v -7.0137 -10.9472 8.1754
v -6.4261 -12.1232 8.2355
v -7.4518 -11.1362 7.7854
v -7.4039 -11.3692 7.7854
v -6.8198 -11.4272 7.7555
v -7.3600 -11.3662 6.6355
v -8.4617 -10.9372 6.2754
v -7.6110 -11.1272 6.1355
v -8.0637 -9.7692 4.0454
v -8.4736 -10.6462 3.9855
v -8.9563 -10.4522 3.7555
v -9.3049 -10.1862 3.5055
v -10.8458 -9.4832 1.9754
v -10.9842 -9.3652 2.0154
v -11.2651 -8.7512 1.7355
v -10.7083 -9.6152 1.7954
v -12.2782 -8.8482 0.3154
v -11.0451 -9.2172 0.5554
v -11.4712 -8.4412 -0.1245
v -12.1244 -8.2542 -0.2946
v -13.2824 -7.7682 -2.4546
v -12.9234 -7.9292 -2.2346
v -13.7824 -7.5052 -3.1046
v -16.3492 5.8978 -11.2246
v -16.0551 6.1628 -11.4446
v -15.5266 5.4938 -11.3246
v -16.2649 6.8378 -11.8346
v -15.5252 6.2748 -11.9846
v -13.2324 -8.4622 -1.9346
v -12.6458 -8.8462 -2.0145
v -14.6076 -8.2502 -2.5546
v -16.1185 2.8638 -10.0446
v -15.7770 3.6508 -10.5846
v -16.1821 5.0018 -10.9945
v -15.5753 3.9608 -10.7846
v -17.0363 6.1678 -12.1445
v -17.1972 6.7828 -12.2645
v -16.3174 6.0518 -12.3246
v -16.1651 6.7308 -12.2246
v -14.8953 -8.0292 -3.4146
v -14.3878 -7.7092 -3.7946
v -14.6546 -8.1142 -3.3945
v -13.8823 -7.7472 -3.6046
v -14.7932 -6.9852 -4.7645
v -15.3233 -5.5272 -5.2046
v -14.6569 -5.7882 -5.2246
v -14.7765 -5.4082 -5.7246
v -15.6373 -1.6782 -8.0846
v -15.8650 -1.6822 -8.0546
v -16.1020 -0.7502 -8.4046
v -16.3252 1.4908 -9.4446
v -16.3822 1.6708 -9.4146
v -16.2149 1.2988 -9.8546
v -16.4713 4.1998 -11.6245
v -16.0545 -6.4392 -5.7146
v -14.4981 -7.3432 -5.2746
v -14.7141 -7.1502 -5.4846
v -15.6161 -6.3272 -6.0246
v -15.7250 -1.9602 -8.1046
v -16.5854 -1.6512 -8.0246
v -16.2912 -1.8432 -8.9646
v -16.4391 1.9398 -10.6846
v -16.3592 2.3938 -10.9246
v -6.2171 -11.3842 8.6055
v -5.9235 -11.2582 7.8954
v -6.7592 -11.0792 7.8954
v -7.4185 -10.4022 6.4855
v -6.8069 -10.7202 6.7654
v -7.0130 -10.8102 6.8655
v -9.0349 -9.5232 3.6255
v -7.4229 -10.0032 3.6255
v -9.7044 -9.9372 1.9154
v -9.9789 -9.3232 2.0154
v -10.9800 -9.1932 -0.3745
v -10.6760 -9.3032 0.2854
v -11.7393 -8.8572 -1.7346
v -11.1750 -8.8562 -1.6946
v -12.3823 -8.7832 -1.8346
v -12.8297 -8.8122 -2.6546
v -12.4875 -8.0102 -2.4746
v -13.2094 -7.8042 -3.2346
v -12.2358 -8.1202 -2.7946
v -14.4994 4.2258 -11.1345
v -15.6677 6.3368 -12.2146
v -14.0623 -8.1352 -3.6046
v -14.2864 -6.3212 -4.8346
v -13.4125 -6.8782 -4.6145
v -13.9261 -5.8942 -5.3845
v -14.6415 -5.5792 -5.4646
v -15.0137 2.4288 -10.2645
v -15.6323 2.0628 -9.9246
v -15.8409 5.3388 -12.2545
v -13.8003 -7.2942 -4.6546
v -13.2461 -7.2802 -4.5446
v -12.9587 -6.0412 -5.9146
v -13.8402 -5.8242 -6.0546
v -14.5854 -5.7572 -6.2146
v -15.5233 -1.3372 -8.9246
v -15.0098 1.8858 -10.9346
v -15.2384 4.7368 -12.2246
v -15.4682 2.8158 -11.4246
v -13.4772 -7.7532 -4.9046
v -14.8387 -6.9422 -5.6846
v -14.9162 -6.6552 -5.9746
v -15.6763 -2.4902 -8.3645
v -15.9798 -2.4232 -8.4446
v -14.7010 -2.6882 -8.3146
v -15.7870 -2.4372 -8.9046
v -15.1689 -2.7392 -8.9646
v -15.4883 -2.1682 -9.1145
v -4.0367 -12.1972 8.4554
v -5.1164 -11.4412 8.2254
v -6.0806 -12.1302 8.5554
v -5.1414 -12.3892 8.2154
v -5.9198 -12.1382 7.8954
v -4.5119 -12.3052 7.6454
v -4.6012 -12.0002 7.5754
v -5.8670 -11.6432 7.0554
v -6.8239 -11.5582 6.7654
v -4.7455 -12.2072 6.9154
v -6.5018 -11.5682 6.2854
v -7.3537 -10.2892 4.5554
v -6.6972 -10.2732 4.4154
v -7.5612 -10.7062 4.6055
v -8.0251 -10.7632 3.7754
v -8.1667 -10.4072 3.4354
v -8.9849 -10.0272 2.1055
v -8.0981 -10.4922 1.9454
v -8.7091 -9.4222 1.7254
v -8.6372 -10.0812 0.6554
v -9.7317 -9.6282 0.5154
v -9.8324 -9.5712 0.3454
v -9.7013 -8.9212 0.8154
v -9.8428 -8.9602 -0.2746
v -10.1602 -9.5292 -0.3246
v -11.6774 -8.5402 -1.8246
v -11.1375 -9.0672 -1.6546
v -9.6458 -9.2062 -1.6846
v -10.1643 -8.9242 -2.1846
v -11.6682 -9.2182 -2.6145
v -12.2378 -8.8102 -3.0546
v -14.1414 4.5508 -11.4646
v -14.2249 4.8608 -11.7146
v -14.8642 5.6218 -11.8546
v -14.1397 4.7828 -12.0946
v -10.8769 -6.8932 -5.0946
v -12.7818 -6.2052 -5.4146
v -14.5528 2.1788 -10.3945
v -14.6835 1.9148 -10.4846
v -14.0935 2.8758 -10.7346
v -15.4924 5.5548 -12.3745
v -14.5502 5.0858 -12.2645
v -12.4972 -8.0452 -4.6345
v -13.9617 -6.5602 -6.2545
v -14.4003 -1.7962 -8.4146
v -13.8225 -1.8612 -8.8146
v -14.8742 -1.5992 -8.9945
v -14.7393 2.4228 -11.4846
v -14.7127 -2.9982 -8.9246
v -14.8520 -2.3622 -9.2046
v -3.9117 -11.8912 8.3454
v -4.2652 -11.6122 7.9054
v -5.7219 -11.2052 7.0454
v -4.9333 -11.2272 6.9754
v -4.4271 -11.2652 6.8154
v -5.9187 -10.7722 6.2754
v -5.2299 -10.9652 6.2654
v -6.3579 -10.7052 6.1554
v -5.0115 -11.0232 6.4154
v -5.5881 -11.2352 6.0154
v -6.1559 -10.6502 4.6255
v -5.9018 -10.9372 4.6754
v -5.8003 -11.2252 4.6454
v -6.7998 -11.0962 3.6954
v -7.4616 -10.8262 3.5354
v -8.4316 -10.2652 2.0954
v -7.2524 -9.9392 2.0454
v -8.5192 -9.3302 1.0554
v -7.6996 -10.5992 1.4855
v -9.0772 -9.1242 0.7154
v -7.2418 -9.7592 1.0954
v -8.2003 -10.1612 0.4154
v -9.1556 -9.3662 -0.7346
v -9.7693 -9.6762 -1.4945
v -9.9636 -9.2052 -1.6046
v -10.0422 -9.9182 -2.1546
v -11.1347 -8.6282 -2.6245
v -10.6108 -9.5582 -2.5746
v -10.5774 -9.6252 -2.5045
v -8.4657 -8.6462 -3.9446
v -13.8988 2.2888 -10.5746
v -13.5567 3.5478 -11.1245
v -13.5915 3.9948 -11.3546
v -13.3115 3.8668 -11.4446
v -12.1769 -8.1982 -4.6546
v -12.9998 -7.9152 -5.0446
v -13.4567 -2.7592 -8.2946
v -13.1891 -2.5212 -8.3645
v -12.9260 -2.2822 -8.6145
v -13.5740 1.5478 -10.8945
v -13.2309 1.6038 -10.7846
v -14.1312 2.1118 -11.5646
v -13.5414 2.0168 -11.7545
v -13.2321 2.2548 -11.9446
v -12.8840 -7.4152 -5.7946
v -10.5207 -8.4612 -5.2146
v -12.6589 -6.5162 -6.1345
v -9.4247 -8.5272 -5.4146
v -13.1705 -3.2282 -8.3546
v -13.7606 -3.3142 -8.5346
v -13.6551 -1.9512 -8.9046
v -13.4655 -2.8992 -9.2746
v -13.8290 -3.3502 -8.9546
v -2.4509 -12.3002 8.2754
v -3.5954 -11.7862 8.0554
v -3.5053 -11.7162 7.7654
v -3.9823 -12.5882 7.6255
v -3.4576 -12.7762 7.9154
v -4.4395 -12.3182 7.0354
v -4.0711 -11.3552 6.2854
v -3.9802 -12.1732 6.2054
v -5.1423 -11.6142 6.0554
v -6.0392 -10.3502 4.3154
v -6.2937 -11.2332 4.4754
v -6.0152 -11.3482 3.8454
v -5.9341 -10.3192 3.9154
v -6.8398 -10.0772 3.7754
v -6.0395 -10.4252 3.6255
v -7.5385 -10.4282 2.1854
v -6.2324 -10.4672 2.2754
v -6.4905 -10.2142 2.1754
v -7.5628 -10.3572 0.5055
v -7.3392 -10.6542 1.3054
v -7.2435 -9.9372 -0.6345
v -9.1911 -9.6492 -0.7946
v -8.3551 -10.2662 -0.6646
v -8.0312 -9.8802 -0.8945
v -8.9032 -9.9922 -1.4146
v -9.5091 -9.0952 -4.0446
v -11.4055 -8.4942 -4.5045
v -10.1678 -8.1822 -4.1046
v -12.8375 2.4788 -10.9246
v -12.5867 3.0888 -11.3446
v -12.3295 2.9408 -11.4546
v -14.0749 4.5038 -12.2545
v -12.3330 -8.0812 -5.1046
v -9.9158 -8.8802 -4.8945
v -12.1943 -7.1262 -6.0846
v -10.9568 -7.4012 -5.9046
v -12.1169 -7.3082 -6.0145
v -11.5545 -6.5952 -5.8246
v -12.3923 -3.4112 -8.3046
v -12.2998 -3.1552 -8.2746
v -12.7015 -2.3652 -8.9846
v -11.6652 -2.9072 -8.4146
v -12.9165 1.4868 -10.8246
v -13.5714 1.5648 -11.4346
v -13.5027 3.2488 -12.1846
v -13.2558 3.2678 -12.1946
v -12.8277 -3.6932 -8.9945
v -12.6734 -2.4772 -9.0746
v -3.2043 -12.7012 8.2455
v -2.5944 -11.9452 7.9254
v -3.1523 -12.8342 7.8354
v -2.8595 -12.8792 7.9154
v -3.3475 -11.5432 6.8655
v -2.6453 -11.6762 6.8454
v -3.1674 -12.7062 7.0454
v -3.5281 -11.5292 6.2355
v -3.1140 -12.0682 6.1454
v -5.1951 -10.9502 4.6654
v -5.1229 -11.5692 4.6055
v -4.9103 -11.3682 4.7254
v -4.4036 -11.3782 4.7355
v -4.2259 -11.8862 4.6554
v -4.3209 -11.0092 4.5354
v -4.9263 -10.6572 3.8855
v -4.4125 -11.4952 3.5954
v -6.4790 -10.9102 1.4454
v -5.8663 -10.1962 1.2654
v -7.1139 -10.4712 0.5954
v -7.7262 -10.5592 -0.1846
v -7.5932 -10.3402 -0.9746
v -7.6086 -10.6242 -0.7046
v -7.9716 -10.7142 -1.5546
v -8.5675 -9.5732 -1.7846
v -8.4231 -10.5692 -1.7246
v -9.8055 -9.0272 -4.1445
v -7.1349 -9.3912 -3.5746
v -8.9948 -7.6012 -4.8046
v -9.3027 -7.3962 -4.9646
v -12.0973 2.1908 -11.0045
v -10.0812 -9.0252 -4.3645
v -10.8463 -6.9102 -5.7645
v -10.5088 -7.2712 -5.7946
v -11.5161 -3.5762 -8.1946
v -12.3278 1.0898 -10.8945
v -11.9651 0.5618 -10.9746
v -11.3544 0.7878 -10.7746
v -11.6616 1.8188 -10.9446
v -11.9704 2.1548 -12.0446
v -9.1701 -8.4222 -5.4945
v -11.5575 -4.2002 -8.7645
v -12.1132 -4.0102 -8.5546
v -12.4239 -3.1802 -9.2246
v -12.4662 0.7438 -11.3146
v -12.8511 1.0688 -11.4646
v -12.9141 2.5548 -12.1145
v -11.9305 -3.4252 -9.1746
v -11.5037 -4.1322 -8.8945
v -1.6468 -12.5502 8.2754
v -1.2807 -12.4932 8.2355
v -1.9974 -12.9122 8.0954
v -1.9002 -12.9772 7.8954
v -2.8364 -12.7962 7.1954
v -2.4430 -12.8232 7.0554
v -2.5839 -12.7522 6.8254
v -1.7864 -11.8322 7.0654
v -2.7356 -11.6962 6.2654
v -3.5543 -11.5682 4.7754
v -3.6730 -11.3882 4.7154
v -4.1073 -12.0212 4.3454
v -3.5955 -11.1212 4.3655
v -3.3064 -11.1872 3.9054
v -4.3785 -10.8622 3.8555
v -4.5382 -11.8422 3.8354
v -5.1550 -11.2102 2.3354
v -5.9513 -10.8172 2.2954
v -5.1257 -11.3242 2.2455
v -4.1809 -10.8192 2.1454
v -5.8080 -10.2102 1.5354
v -5.4888 -11.2542 2.0554
v -5.2365 -10.4352 1.1954
v -6.7411 -10.4812 0.4855
v -4.6639 -11.3142 1.2854
v -6.7088 -10.0142 0.6454
v -6.7928 -11.0702 -0.7946
v -7.4195 -10.6592 -0.9646
v -7.2101 -10.1132 -1.7746
v -8.4839 -10.5292 -2.0045
v -9.1384 -10.2532 -2.1546
v -8.3083 -10.2642 -2.2146
v -6.2736 -8.8992 -4.1445
v -7.1512 -10.1922 -3.6345
v -8.2490 -9.1872 -3.7246
v -9.1501 -9.4272 -4.1145
v -9.2012 -7.3742 -5.1846
v -9.3680 -4.0732 -7.8146
v -9.5356 -3.8392 -7.9746
v -10.6240 -3.5092 -8.1245
v -9.6999 -3.6982 -8.0846
v -10.9382 1.0958 -10.7645
v -11.1701 1.9578 -11.3745
v -8.6614 -9.1872 -4.9446
v -10.8400 -4.3502 -8.2046
v -10.6878 -3.1582 -8.6445
v -11.2578 -3.1022 -8.9446
v -10.3822 -0.1532 -10.6145
v -12.3750 1.0228 -11.6546
v -11.3672 1.2578 -11.9146
v -11.5423 -3.9742 -9.0145
v -11.2166 -0.1222 -10.9746
v -11.4251 0.0598 -11.3446
v -10.9951 -0.1262 -11.3745
v -0.7147 -12.8302 8.1055
v 0.5136 -12.8222 8.0754
v 0.9904 -12.3682 7.8655
v 0.2264 -12.3862 8.0254
v -0.8791 -12.9822 7.7555
v 0.3165 -12.9632 7.2754
v -1.5395 -12.8222 6.8254
v -1.6060 -12.7332 6.6055
v -0.2039 -12.8262 6.8655
v -1.6942 -12.3312 6.3254
v -2.1037 -12.4082 6.3054
v -2.7413 -11.6432 4.8354
v -3.0981 -12.1452 4.7654
v -3.0750 -12.2252 4.6554
v -2.5191 -11.3982 4.5954
v -1.9650 -11.4742 4.1554
v -3.9034 -12.0392 3.9254
v -3.5635 -12.1092 3.9154
v -3.5326 -11.9902 3.7254
v -3.6799 -11.2362 2.4955
v -3.7112 -11.0722 2.3855
v -4.6917 -10.8022 2.2954
v -4.3894 -11.2542 2.4554
v -5.7024 -10.4882 0.7254
v -5.5368 -11.4302 -0.1046
v -5.5792 -11.2922 0.1454
v -5.4637 -11.1852 0.2654
v -5.2485 -10.6602 0.0055
v -6.3168 -10.2472 -0.6145
v -5.7572 -10.3972 -1.0145
v -6.5229 -10.2012 -0.9346
v -6.1441 -11.3632 -1.0045
v -7.5637 -10.8562 -1.8046
v -6.0640 -11.3262 -1.7946
v -7.7919 -8.0532 -4.6846
v -8.2691 -7.7822 -4.9446
v -7.1557 -10.2402 -4.1646
v -9.0956 -4.1292 -7.7846
v -6.9651 -5.2762 -7.1145
v -9.2507 -3.8682 -8.0946
v -10.0180 -0.1212 -10.5045
v -10.4510 0.5448 -10.6245
v -10.7566 1.2938 -10.8745
v -10.2332 1.2318 -11.3546
v -9.9493 -4.8492 -8.1646
v -9.2330 -5.2152 -8.0646
v -9.1906 -5.2262 -8.1846
v -10.6225 -3.8892 -8.9146
v -9.9202 -4.1422 -8.7346
v -10.4795 -0.1992 -11.4246
v -10.6839 0.3438 -11.6445
v 0.5806 -12.6412 8.0954
v 0.2352 -12.8682 8.0554
v 0.5605 -12.9882 7.8454
v -0.1830 -12.0712 7.4955
v -0.8192 -11.9152 6.8755
v 0.5135 -12.0832 6.8855
v -0.3273 -12.0182 6.6654
v -0.8492 -12.0142 6.5154
v -2.4710 -12.1852 4.8454
v -0.9999 -12.2832 5.1454
v -1.4028 -12.3792 4.9654
v -1.4179 -11.8642 5.0954
v -2.2513 -12.3692 4.6355
v -2.0188 -12.3862 4.4354
v -2.7852 -12.2222 3.9154
v -2.1074 -11.7652 3.8855
v -3.2416 -11.1292 2.3555
v -4.1171 -11.6682 2.2154
v -3.3690 -11.8162 2.2754
v -3.1346 -11.0282 2.1155
v -4.2409 -10.7602 1.3154
v -4.0748 -11.5552 1.5154
v -4.5904 -11.2202 0.2754
v -4.3527 -11.1982 0.2555
v -5.0722 -11.5932 -0.0846
v -5.6047 -10.6162 -1.6046
v -5.6657 -11.5482 -1.1345
v -5.3203 -10.9462 -1.7645
v -6.4904 -9.6762 -3.4246
v -5.8714 -9.6962 -3.4246
v -8.1793 -8.3972 -5.3246
v -6.5686 -8.7552 -4.8046
v -5.6618 -9.0682 -4.4546
v -7.9099 -5.3182 -7.3246
v -6.8651 -5.5482 -7.0045
v -8.2114 -4.4742 -7.6145
v -8.8061 -4.0842 -8.0846
v -9.0728 -0.1592 -10.3845
v -7.9791 -9.3402 -4.9846
v -7.6598 -8.9492 -5.2246
v -7.5856 -9.5622 -4.8645
v -9.0609 -3.9882 -7.9546
v -7.8501 -5.3422 -8.1345
v -9.4205 -1.3162 -10.4346
v -9.7337 -0.5362 -10.4446
v -9.4751 -1.3672 -10.5045
v -8.7368 -1.1262 -10.1145
v -9.6754 0.6588 -11.4046
v -9.4739 -0.3092 -11.4746
v -8.7986 0.0068 -10.7746
v -9.7836 0.8428 -11.2746
v -9.9604 0.9608 -11.3945
v -8.5288 -0.2462 -10.8246
v -7.8272 -5.8592 -7.4546
v -10.1310 -0.8822 -11.0846
v -8.9303 -1.7172 -10.8246
v 2.6042 -12.7412 7.9955
v 1.3542 -13.0072 7.9154
v 0.4538 -12.8252 6.8855
v -0.2659 -11.9992 5.3454
v -1.1876 -11.6582 4.9855
v -0.4285 -12.3122 5.2654
v -0.7822 -11.6622 4.3154
v -2.4017 -11.7412 2.7355
v -0.7824 -11.9292 3.1155
v -1.5107 -11.6702 2.9554
v -2.6652 -11.1542 2.3655
v -2.5389 -11.1082 2.2154
v -1.9294 -11.2022 2.4754
v -1.9727 -11.1342 2.0354
v -3.1903 -11.0152 1.4955
v -3.3821 -11.6032 1.4454
v -2.7332 -11.4082 1.4054
v -1.4656 -11.8102 1.7754
v -4.3203 -11.4772 0.2254
v -3.5152 -11.8562 0.1055
v -2.5118 -11.7392 0.0554
v -3.0938 -11.3012 -0.2346
v -3.6099 -12.0292 -0.1445
v -3.9687 -11.9872 -0.3246
v -4.3909 -10.7762 -0.8745
v -4.6103 -10.7112 -1.0346
v -4.3794 -10.7842 -1.0346
v -4.3830 -11.9452 -0.9346
v -4.8943 -11.2332 -1.7746
v -4.8769 -11.0982 -1.7346
v -5.6543 -10.1092 -3.1946
v -4.4363 -10.1372 -3.1646
v -4.9229 -9.5122 -3.7545
v -6.4667 -10.4222 -3.4546
v -6.0349 -10.4932 -3.3246
v -7.2690 -4.9732 -7.3146
v -6.8162 -5.1392 -7.3146
v -6.7940 -10.1992 -4.3745
v -5.9950 -10.5382 -4.1646
v -7.1279 -9.6292 -4.9046
v -6.6410 -9.6722 -4.9046
v -4.6553 -9.8892 -4.4246
v -3.9419 -10.5142 -4.2846
v -7.6101 -5.8682 -7.3246
v -4.3229 -7.3752 -6.1946
v -7.4686 -4.7632 -7.6846
v -7.3604 -2.6092 -9.6046
v -8.1382 -1.4962 -9.9046
v -8.7773 -1.7792 -10.1946
v -7.6790 -1.4922 -9.8346
v -8.3471 -0.6552 -10.2246
v -8.4596 -0.3292 -10.5145
v -6.0560 -7.0212 -7.0946
v -5.5792 -7.2762 -6.8446
v -6.6526 -5.8552 -7.7445
v -8.4273 -4.6862 -8.2746
v -8.2697 -2.3352 -10.0746
v -8.6233 -1.5372 -10.9945
v -9.2595 -0.5772 -11.3845
v -8.0614 -0.9772 -11.0045
v 1.7311 -12.8352 8.0654
v 2.7923 -13.0042 8.0154
v 2.1464 -13.0172 7.9855
v 2.3093 -13.0782 7.8855
v 1.1635 -12.1902 6.9654
v 1.9201 -12.2992 7.0154
v 1.3304 -12.8902 6.9454
v 0.5342 -12.4672 5.4454
v 1.3161 -12.4872 5.6854
v 0.6546 -12.3262 5.5454
v 0.3999 -11.9692 5.4154
v -0.7073 -12.4862 4.5654
v 0.2426 -11.8202 4.5954
v -1.5565 -12.0192 2.8054
v -0.7688 -12.0652 3.0554
v -0.7507 -11.7922 3.1355
v -0.2938 -12.2282 2.9054
v -0.3532 -12.0692 2.2154
v -2.1977 -11.6002 1.5354
v -2.4502 -11.5872 -0.0946
v -2.8403 -12.2502 -0.2046
v -3.9242 -12.0732 -0.7645
v -3.6039 -12.1622 -0.9846
v -3.5621 -11.1752 -1.3146
v -3.6606 -11.3252 -1.5746
v -3.9360 -11.6422 -1.7046
v -5.4419 -10.5792 -3.1746
v -4.5903 -10.4112 -2.9945
v -4.4962 -9.5642 -4.1946
v -4.7435 -11.1552 -3.3845
v -4.4498 -6.9502 -6.2445
v -5.4980 -6.1662 -6.6345
v -5.9439 -7.0102 -7.2946
v -6.3960 -6.5542 -7.5946
v -8.0023 -2.4382 -9.9246
v -5.0959 -3.2842 -9.3546
v -7.3070 -3.1422 -9.7046
v -7.6889 -2.6132 -10.4746
v -8.2629 -1.6912 -10.9546
v -7.4722 -2.6092 -10.5246
v 3.7838 -12.8322 7.9354
v 2.9564 -13.0732 7.9154
v 3.3845 -12.5252 7.4154
v 3.7754 -12.6432 7.6654
v 3.1127 -12.4842 7.0055
v 2.1349 -12.9542 7.0154
v 4.2515 -13.0722 7.0454
v 2.7621 -12.8502 6.8354
v 1.7170 -12.3932 4.7854
v 1.2265 -11.9942 5.3555
v 2.1318 -12.1422 5.4654
v -0.4108 -12.4662 4.4454
v 0.7669 -11.9402 4.6754
v -0.4602 -11.8152 3.2154
v -0.2728 -12.0722 3.2355
v 0.9561 -11.7972 3.4554
v -0.4783 -11.5442 3.0854
v 0.5957 -12.0552 3.5154
v -1.0843 -11.2672 2.1055
v 1.5117 -11.8412 2.8354
v -0.4006 -11.4282 2.0754
v -1.3590 -12.4542 -0.1546
v -2.2603 -12.0622 0.0554
v -2.0717 -11.9172 0.0454
v -1.6562 -11.8292 -0.1145
v -1.6484 -12.1142 0.0055
v -1.9108 -11.5492 -1.1245
v -2.7325 -11.3552 -1.3046
v -2.3079 -12.5162 -0.9546
v -3.3105 -11.6012 -1.6846
v -2.1252 -12.2912 -1.6746
v -4.2457 -10.7612 -2.8845
v -1.8220 -11.5552 -2.2946
v -3.7717 -9.9172 -3.5546
v -2.0860 -11.3072 -2.3945
v -4.3300 -9.5992 -3.8546
v -4.1951 -9.6622 -4.0846
v -3.8298 -11.2782 -2.8546
v -4.1353 -11.3702 -3.4945
v -4.5973 -11.2112 -3.5045
v -5.2745 -7.3952 -6.7146
v -4.7112 -7.5962 -6.4546
v -4.9587 -6.7762 -7.1746
v -5.1402 -6.1562 -7.0145
v -6.1078 -3.3782 -9.0546
v -4.7584 -4.3352 -8.4546
v -5.5953 -2.8762 -9.3346
v -5.6113 -4.5952 -9.0346
v -6.5038 -3.8992 -9.6946
v -7.2628 -3.2652 -9.9646
v -6.7252 -2.9922 -10.3745
v -6.6699 -2.1722 -10.4146
v -7.2530 -1.8722 -10.7346
v -6.7171 -2.3712 -10.5246
v 3.5995 -13.0432 7.9254
v 4.4624 -13.0162 7.9054
v 4.9212 -12.7682 7.7455
v 3.6148 -12.7532 6.7555
v 3.3663 -12.7942 6.2355
v 2.2099 -12.2752 5.7954
v 3.3896 -12.8762 6.1255
v 3.5501 -12.1152 5.3354
v 3.6964 -12.3642 6.2254
v 1.5196 -12.1722 3.8555
v 1.7273 -12.1782 3.9855
v 1.4766 -11.9992 3.7654
v 0.4556 -12.2142 2.5354
v 1.1683 -12.2502 2.6854
v 0.5784 -11.7142 2.3354
v 0.5461 -11.7792 2.2654
v 0.4463 -12.0262 2.2754
v -0.9779 -12.0802 -0.1145
v -0.4478 -12.4622 -0.0946
v -1.0457 -11.9472 -0.2645
v -2.0706 -12.5642 -1.1345
v -0.9881 -11.9832 -1.4746
v -1.2727 -12.0642 -1.6245
v -1.2376 -12.2202 -1.6846
v -2.1283 -11.1402 -2.5045
v -2.7911 -10.3832 -3.2146
v -2.7289 -10.3252 -3.3246
v -3.0615 -10.1412 -3.5246
v -3.4115 -10.5612 -4.1046
v -3.4911 -10.3022 -4.0746
v -2.4088 -10.4682 -3.5346
v -2.9547 -11.8512 -3.0446
v -3.5383 -11.2082 -3.9646
v -3.6996 -11.0752 -4.0646
v -3.3473 -7.8132 -5.8146
v -4.3096 -6.6302 -6.5346
v -5.1525 -3.5382 -8.7946
v -2.3702 -5.8382 -7.4746
v -4.3822 -5.0012 -8.2846
v -4.3547 -7.9872 -6.5946
v -4.1895 -8.0272 -6.7046
v -5.6284 -4.1172 -9.7846
v -5.6694 -3.8662 -9.9446
v 5.2208 -12.9802 7.9054
v 4.8656 -12.5352 6.8555
v 4.5599 -13.0642 6.9855
v 5.2051 -13.0972 6.6654
v 3.8887 -12.9032 6.3154
v 3.5200 -12.9562 5.4454
v 2.8796 -12.8102 4.8254
v 2.2015 -12.4772 4.7154
v 2.8296 -12.7842 4.3855
v 2.5453 -11.9592 4.0055
v 1.9437 -12.5372 3.9154
v 2.2878 -12.4082 3.0954
v 1.9568 -11.9452 2.9754
v -0.4575 -11.9942 -1.0145
v -1.3261 -12.4342 -1.7346
v -1.7738 -12.1832 -2.4746
v 0.3264 -12.7632 -1.9146
v -1.9966 -10.7262 -3.0145
v -2.0124 -10.6842 -3.4146
v -2.8405 -11.8392 -3.2445
v -2.4473 -11.8662 -3.3845
v -1.4585 -12.1292 -3.2946
v -2.6149 -8.4332 -5.5346
v -3.7532 -8.1752 -6.0946
v -2.9319 -7.8842 -5.6646
v -3.5273 -7.1882 -6.4446
v -3.6497 -8.3112 -6.5346
v -3.2544 -8.0062 -6.5246
v -3.1437 -8.5722 -5.8845
v -4.5527 -5.4652 -8.6046
v -4.0443 -5.7222 -8.1946
v -4.0197 -4.2452 -8.5045
v -3.8520 -4.4072 -8.9146
v -5.0381 -5.0302 -9.1145
v -4.1569 -5.5802 -8.8845
v -5.2432 -4.3462 -9.6846
v -4.5863 -4.7162 -9.4846
v -3.6684 -4.9432 -9.1345
v -5.0707 -3.8002 -9.8346
v 6.4880 -13.2742 7.5055
v 5.8360 -12.8072 7.6355
v 6.1515 -12.7092 7.3354
v 5.3165 -12.5062 6.7355
v 5.0166 -13.0982 6.2154
v 5.0097 -12.2862 6.0654
v 6.8986 -12.5522 6.7355
v 5.4820 -13.1372 5.8254
v 5.3337 -13.0432 5.1055
v 5.1986 -12.2582 5.0654
v 3.2994 -12.0812 3.8855
v 3.0660 -12.8112 4.3454
v 4.6466 -12.8172 4.3154
v 0.3925 -13.0072 -0.2246
v 0.4384 -12.7172 -0.1546
v 0.0037 -13.0342 -0.4746
v 0.2477 -12.2262 -1.1646
v -0.1085 -13.0652 -1.5246
v 0.2304 -12.6932 -1.7246
v -0.6745 -11.6542 -2.1746
v -1.2048 -11.0712 -2.8146
v -0.8311 -11.2152 -2.7645
v -0.4073 -11.9542 -3.1145
v -1.4823 -8.8102 -5.0246
v -1.5985 -8.4302 -5.1546
v -2.4854 -7.9742 -5.5346
v -2.7363 -7.6212 -5.8546
v -0.3655 -12.4942 -3.0145
v -1.0423 -9.3482 -4.8546
v -2.8042 -8.8472 -5.8246
v -0.5824 -9.4602 -5.3446
v -2.9314 -6.0812 -7.5246
v -1.9641 -6.6772 -7.0145
v -1.6389 -6.4542 -7.7946
v -3.1845 -4.9302 -8.2846
v -2.7135 -5.3672 -8.1546
v -1.1360 -7.0522 -7.6345
v -2.9316 -8.8242 -6.0145
v -2.7963 -8.7102 -6.2445
v -3.7194 -6.0742 -8.0646
v -1.7735 -7.5692 -6.9646
v -3.0374 -6.7022 -7.7346
v -3.6332 -6.2692 -8.2146
v -3.3609 -6.5042 -8.0946
v -1.9724 -6.5732 -8.1746
v 7.0224 -12.7652 7.4054
v 6.7456 -13.1432 7.8254
v 6.3817 -13.2462 6.8054
v 7.0620 -12.4882 6.2254
v 5.0237 -12.2312 5.3454
v 7.6766 -12.5672 5.8755
v 5.2716 -12.3902 4.5055
v 4.4344 -12.3862 4.0154
v 4.1638 -12.4652 3.8555
v 4.1994 -12.2872 4.0055
v 1.1902 -12.8052 -0.2946
v 1.2206 -12.9702 -0.1946
v 0.3459 -12.2982 -1.3546
v 1.5843 -12.6302 -0.8845
v 1.4218 -13.4812 -0.9546
v 0.3702 -13.2152 -1.3146
v 0.4860 -13.1012 -1.7346
v 0.1251 -13.0132 -1.6946
v 0.0148 -11.9062 -1.9846
v 0.8026 -11.8632 -2.3046
v -0.5940 -12.7092 -2.5446
v 0.5012 -12.9712 -2.4846
v 0.3690 -12.7982 -2.7445
v -1.1586 -8.7082 -4.9446
v -0.4302 -9.1122 -4.6345
v -1.2476 -9.6532 -5.0546
v -1.3086 -9.6862 -5.1345
v -0.1405 -10.2632 -4.6646
v -0.4608 -9.1222 -5.2146
v -1.2646 -7.3962 -6.6245
v -1.9029 -6.2842 -7.1646
v -1.7825 -9.3272 -5.7746
v -2.4376 -5.6042 -7.8446
v -2.7101 -6.7742 -8.1245
v -2.0927 -7.2822 -7.7545
v -2.8483 -6.8682 -7.9346
v -2.7841 -6.0352 -8.6345
v -1.0167 -7.2462 -7.5946
v 7.4082 -13.4142 7.0854
v 7.8492 -13.3332 7.8655
v 7.7475 -12.7122 7.1155
v 7.4899 -12.5782 5.4354
v 6.5040 -12.5372 4.9054
v 6.0964 -13.0692 5.0654
v 2.3593 -13.6352 -0.4446
v 2.4155 -13.6032 -0.3645
v 2.1719 -12.7722 -0.8745
v 1.2269 -12.0642 -1.9746
v 1.9280 -12.3012 -1.7746
v 0.5945 -9.8812 -4.2246
v 0.5479 -9.5802 -4.3046
v 2.7136 -13.1672 -2.2146
v 0.3028 -10.4352 -4.4646
v 0.5143 -10.4422 -4.3446
v -0.1709 -8.4142 -6.0546
v -0.0658 -8.0052 -6.0045
v -0.8083 -7.6462 -6.3845
v -0.4544 -7.2902 -6.4746
v -1.1833 -7.0462 -6.6646
v -0.4749 -7.1982 -6.7246
v -0.8295 -8.3712 -6.5846
v -1.3059 -8.0662 -6.8546
v 0.3902 -8.9992 -6.3745
v -0.3195 -8.3832 -6.9246
v -1.4365 -7.8482 -7.3046
v 8.4578 -13.1422 7.7754
v 8.0131 -12.7622 7.1554
v 8.4645 -12.8342 7.1155
v 8.1593 -13.5172 6.9554
v 8.3832 -13.4852 6.1055
v 7.8780 -13.3062 5.5654
v 7.1868 -13.1512 5.2254
v 8.2607 -13.2462 5.3755
v 7.6053 -12.6942 5.1055
v 3.3606 -13.6282 -0.2645
v 3.0121 -13.4392 -0.2545
v 2.3690 -12.7982 -0.9446
v 2.8561 -12.9232 -0.9146
v 2.6673 -12.8132 -1.0446
v 2.8187 -12.8022 -1.1946
v 3.3061 -13.8132 -1.1646
v 1.6388 -13.2642 -2.0946
v 1.7287 -10.0562 -4.0346
v 1.2085 -9.7512 -4.3645
v 1.7382 -10.9002 -3.8645
v 1.4135 -10.9882 -4.1145
v 0.9436 -8.8392 -5.5045
v 0.8325 -8.5392 -5.5646
v 0.5557 -8.5412 -5.6846
v 1.1570 -8.5392 -5.4546
v 1.7653 -9.6722 -5.1345
v 2.0937 -10.1002 -5.1046
v 0.0498 -8.9282 -6.1746
v 0.5228 -7.9552 -5.8845
v 0.3207 -7.8302 -6.5846
v 0.4860 -8.0752 -6.6046
v 0.4490 -8.8492 -6.5346
v 9.1532 -13.4802 7.1055
v 9.1350 -13.4012 7.3755
v 8.5655 -12.7672 6.1554
v 8.3209 -12.7682 5.4454
v 8.4708 -12.8122 5.5055
v 3.6098 -13.7142 -0.2746
v 3.6184 -13.5892 -0.2645
v 3.6311 -13.0632 -0.9546
v 4.4080 -14.1012 -0.9046
v 2.8696 -12.5092 -1.7746
v 3.6556 -12.8352 -1.7746
v 3.2368 -12.8322 -2.0145
v 1.9261 -10.3602 -3.8046
v 2.4956 -11.1802 -3.5446
v 3.4012 -11.0652 -3.2146
v 2.2152 -10.5772 -4.2246
v 2.5403 -11.3702 -3.5946
v 2.9789 -11.2332 -3.9446
v 3.7389 -11.7432 -3.6245
v 1.9564 -9.2212 -5.0346
v 1.8485 -9.0702 -5.1445
v 2.2259 -9.5512 -4.8745
v 1.9430 -8.7892 -5.4846
v 1.3674 -8.4222 -5.7346
v 1.5868 -9.6582 -5.8346
v 1.3318 -9.2892 -6.1245
v 1.9854 -9.6892 -5.7946
v 9.2039 -13.2522 6.2654
v 5.2490 -14.0662 -0.2445
v 4.3983 -13.2532 -0.8745
v 4.8953 -13.9732 -0.2545
v 4.9275 -13.2952 -1.0145
v 4.6146 -13.2552 -1.6946
v 4.2706 -13.6302 -1.8246
v 3.3907 -11.2892 -3.1946
v 3.8073 -11.7352 -3.0646
v 4.4014 -11.7362 -2.8346
v 3.8725 -12.0162 -3.2246
v 3.2929 -10.7682 -3.4746
v 3.8053 -11.0802 -3.1546
v 3.6020 -10.9262 -3.5045
v 4.4838 -11.5692 -3.3446
v 2.4820 -9.7972 -4.7545
v 3.4879 -10.0042 -4.3945
v 3.6983 -10.7022 -4.2346
v 3.1972 -9.5892 -4.7946
v 2.9879 -9.5012 -5.1345
v 2.9292 -10.2832 -5.2645
v 2.0830 -9.5702 -5.8146
v 5.6220 -14.4222 -0.4646
v 6.3768 -14.4282 -0.2146
v 6.2156 -14.2232 -0.2246
v 5.3676 -13.5462 -0.6445
v 6.2000 -13.5662 -0.8745
v 6.2033 -13.5222 -1.0646
v 5.2436 -14.0052 -1.5346
v 5.1587 -13.5292 -1.6646
v 5.0047 -13.6842 -1.7246
v 5.3250 -13.7212 -1.6746
v 5.1805 -12.1702 -2.5846
v 5.2250 -11.8252 -2.6145
v 4.6286 -12.3362 -3.0846
v 3.8848 -12.0292 -3.3745
v 3.5966 -9.9072 -4.4546
v 4.8729 -11.1442 -3.7146
v 5.7036 -11.4682 -4.0646
v 3.5029 -10.4152 -5.0546
v 3.5642 -9.9942 -4.9646
v 7.0345 -14.6752 -0.3146
v 6.9475 -14.2572 -0.2445
v 6.8769 -13.6842 -0.9346
v 6.0107 -13.8892 -1.5446
v 6.0669 -12.8612 -2.3845
v 6.1769 -12.3152 -2.3046
v 5.6031 -12.2492 -2.4346
v 6.0100 -12.0492 -2.6546
v 6.2660 -14.4422 -0.9746
v 5.8054 -12.8472 -2.6245
v 5.9566 -12.8992 -2.5646
v 6.0212 -11.8702 -3.2645
v 5.2393 -11.1482 -3.5746
v 4.3728 -10.2652 -4.2746
v 5.0458 -10.7112 -4.2046
v 5.2350 -10.9282 -4.2146
v 5.1386 -11.5752 -4.0946
v 5.0882 -11.4282 -4.2246
v 7.9328 -14.4102 -0.2046
v 8.3740 -14.3522 -0.2246
v 8.1802 -14.4762 -0.1846
v 6.9967 -14.5532 -0.9546
v 7.5847 -14.6002 -0.9846
v 7.8520 -13.8812 -0.8845
v 7.4437 -13.1462 -1.8645
v 6.7805 -13.1902 -2.5246
v 7.2332 -12.8062 -2.0246
v 6.8218 -12.5342 -2.5446
v 7.0097 -11.8582 -2.9246
v 6.3039 -11.3642 -3.2846
v 7.6159 -12.8432 -2.7146
v 6.1193 -11.1992 -3.5446
v 6.9240 -11.7192 -3.4446
v 6.4862 -12.2912 -3.4846
v 8.3670 -14.5772 -0.1946
v 9.1757 -14.3522 -0.2346
v 9.1358 -14.5762 -0.2046
v 8.3904 -14.0262 -0.9546
v 8.4001 -14.4432 -1.1345
v 7.7164 -13.6042 -1.9146
v 8.0736 -13.6382 -1.7445
v 8.2327 -13.3872 -1.6145
v 7.5893 -12.7742 -2.0646
v 8.5294 -13.3752 -1.5546
v 8.4917 -13.2162 -1.6746
v 7.6885 -12.4842 -2.5746
v 7.5274 -11.9532 -3.0246
v 7.4287 -12.0402 -3.3246
v 9.0225 -13.1452 -2.8346
v 10.3107 -14.1942 -0.4646
v 10.1187 -14.5582 -0.2346
v 10.8177 -14.2202 -0.4446
v 9.8564 -14.7702 -0.8845
v 9.5386 -14.3492 -0.9746
v 9.2290 -13.5182 -1.3845
v 9.2182 -13.2362 -1.6946
v 8.9668 -12.7822 -2.2346
v 9.1881 -12.7742 -2.2846
v 8.3387 -13.8602 -1.8146
v 9.4991 -13.7222 -2.3546
v 8.9574 -12.5942 -2.5045
v 10.7534 -14.4772 -0.2645
v 10.0350 -14.0472 -0.9146
v 10.5187 -13.6102 -1.2946
v 11.1062 -13.7722 -1.1345
v 11.2046 -14.6072 -1.3446
v 9.9999 -14.6382 -1.0946
v 11.7937 -14.3562 -1.8546
v 9.9364 -13.2622 -1.7346
v 9.1760 -12.7742 -2.4746
v 9.4239 -12.8892 -2.6145
v 10.8196 -13.4142 -2.1946
v 11.3574 -14.1702 -2.0145
v 11.9242 -14.9152 -0.3645
v 11.7048 -14.3832 -0.3546
v 12.0650 -13.7552 -1.3446
v 12.6138 -14.0422 -0.8046
v 11.9235 -14.8012 -1.0746
v 12.4721 -14.7682 -0.3546
v 12.5003 -14.7892 -1.2046
v 11.7952 -13.6082 -1.6145
v 11.8225 -13.6012 -1.7545
v 12.8344 -13.9942 -0.9746
v 12.7730 -14.4422 -1.6746
v 12.7625 -14.3472 -1.7246
v 13.1493 -14.8002 -0.6245
v 13.1700 -14.3112 -0.6145
v 13.2237 -14.0652 -0.9945
v 13.1616 -14.7722 -0.9846
v -18.9267 9.0138 -14.3346
v -18.7811 8.9878 -14.4146
v -18.8450 8.9478 -14.6746
v -19.1643 8.9638 -14.5946
v -19.6592 8.7398 -15.0446
v -20.0589 8.4478 -15.5946
v -19.6927 8.7858 -14.4546
v -19.5086 8.7228 -15.4546
v -20.4287 8.1168 -16.7445
v -20.6267 8.0408 -16.3945
v -20.9600 7.8378 -15.5746
v -18.7781 9.0918 -13.5346
v -19.0623 9.0728 -13.6646
v -19.6840 8.8198 -13.7246
v -21.5425 7.4488 -14.8346
v -18.5309 9.0268 -12.7146
v -17.9117 8.8458 -12.5946
v -19.0686 9.0228 -12.8645
v -19.8429 8.7128 -13.6046
v -22.8182 6.6128 -15.4446
v -22.1158 6.9978 -13.8745
v -19.5876 8.7138 -12.6546
v -19.8177 8.5228 -12.5646
v -21.0882 7.7138 -13.2046
v -19.8154 7.8568 -11.5646
v -19.9362 8.0618 -11.8945
v -20.3155 7.9828 -12.2346
v -20.5138 7.6108 -11.8945
v -21.2221 7.4548 -12.6445
v -21.6639 7.0148 -12.4646
v -21.9840 7.0248 -13.3246
v -22.1237 6.4798 -12.1946
v -22.2333 6.7938 -13.1846
v -19.1708 8.3018 -16.6445
v -19.4223 8.1208 -17.1046
v -19.7966 8.2108 -16.9846
v -19.6163 7.9578 -17.4746
v -19.8297 7.8738 -17.6746
v -19.6772 7.8428 -17.6946
v -20.2108 7.9468 -17.5346
v -20.5197 7.8028 -17.7445
v -21.5279 6.8858 -19.0846
v -21.2905 7.3988 -18.0546
v -20.5780 7.3738 -18.5246
v -21.0200 7.1288 -18.8546
v -18.5224 8.5928 -15.4945
v -18.7305 8.3548 -16.1946
v -20.4950 7.9648 -17.3146
v -20.5391 8.0048 -17.0846
v -21.7423 7.0488 -18.2946
v -22.6521 6.6988 -16.5145
v -22.9606 6.4158 -17.0246
v -18.3004 8.7878 -14.4346
v -18.4291 8.6108 -15.2746
v -21.1871 7.6708 -16.4646
v -17.8872 8.8028 -12.9546
v -17.8816 8.7228 -13.2246
v -18.0776 8.6938 -13.7545
v -18.1200 7.9678 -13.6046
v -18.4444 7.9838 -14.2746
v -23.4531 6.1248 -16.6646
v -23.2766 6.0078 -17.8146
v -23.5051 6.0158 -17.0946
v -23.7508 5.8218 -17.1746
v -24.4144 5.2828 -17.3645
v -17.2552 8.3408 -13.0346
v -17.2596 8.4798 -12.4246
v -23.0663 6.4418 -16.1145
v -23.3275 6.2588 -15.6046
v -23.7269 5.9408 -16.5246
v -23.7592 5.9408 -15.7046
v -24.4972 5.3348 -16.3146
v -24.2998 5.5078 -16.1546
v -24.5405 5.2528 -16.9646
v -25.8089 4.1328 -17.2146
v -17.2133 8.2048 -11.9146
v -23.0261 6.4418 -15.0246
v -23.6022 6.0328 -15.2346
v -24.3670 5.4348 -15.6245
v -24.5923 5.2458 -15.9246
v -18.5351 7.9888 -11.2746
v -23.7204 5.8308 -14.5446
v -24.3114 5.3798 -14.9046
v -24.5828 5.1658 -15.1245
v -25.0462 4.6368 -14.8546
v -20.4324 7.1418 -11.3246
v -20.6314 6.9288 -11.2746
v -20.9943 6.7748 -11.3945
v -22.2853 6.1518 -11.9346
v -22.6874 6.3608 -12.9945
v -22.7306 6.1728 -12.6145
v -23.2984 6.0358 -13.7846
v -22.9476 6.1568 -13.0846
v -22.9781 5.9708 -12.6846
v -23.7782 5.5828 -13.7246
v -23.8923 5.5908 -14.1345
v -26.2397 3.5618 -15.8146
v -20.5335 6.3078 -10.8346
v -22.0294 5.8288 -11.3446
v -21.4045 5.9948 -11.0446
v -23.3318 5.4278 -12.3845
v -24.2036 4.9658 -13.3546
v -23.7936 4.9828 -12.5546
v -25.2077 4.0538 -13.8546
v -21.9624 5.5438 -11.0646
v -22.4877 5.3338 -11.2946
v -22.9404 5.4388 -11.8246
v -19.9141 7.1668 -18.6245
v -19.7823 7.2138 -18.4746
v -20.5899 6.6958 -19.4146
v -21.3070 6.3828 -19.8546
v -21.2974 6.5808 -19.6145
v -22.1727 6.0768 -20.0846
v -21.9034 6.1068 -20.1245
v -19.5671 7.1648 -18.1245
v -19.7317 6.8248 -18.1046
v -22.1323 6.3218 -19.7346
v -22.8693 6.1388 -18.5045
v -23.2132 5.5308 -20.1046
v -18.6458 7.9428 -16.0546
v -18.8072 7.8588 -16.5246
v -18.5299 7.9558 -15.2746
v -23.6654 5.3478 -19.1046
v -20.8554 5.7768 -17.6546
v -24.4170 4.8188 -18.9746
v -16.7105 7.8468 -13.1445
v -17.7599 7.8898 -13.3246
v -19.0070 7.4608 -14.0546
v -20.3985 6.3488 -14.1145
v -24.9361 4.7438 -17.9546
v -18.3561 7.0828 -13.0546
v -18.9339 7.1908 -13.4146
v -19.4162 6.9278 -13.4746
v -20.0869 6.5998 -13.9846
v -25.6133 4.1288 -18.3046
v -18.6851 6.7678 -12.7445
v -19.3349 6.6818 -12.8645
v -19.6178 6.9168 -13.7445
v -19.9197 6.5598 -13.4446
v -20.3902 6.2018 -13.4646
v -20.9261 5.7858 -13.5346
v -20.9259 5.8728 -13.9746
v -21.7526 5.1578 -15.1445
v -26.9063 3.0518 -17.3546
v -25.9658 3.9778 -16.8745
v -19.3035 6.2798 -11.6946
v -19.6240 6.3458 -12.5546
v -19.9965 6.0958 -12.8346
v -21.3297 5.3158 -13.2046
v -26.3136 3.5948 -16.4945
v -26.4400 3.1188 -15.0346
v -26.6121 3.1428 -15.7545
v -27.0642 2.7678 -16.3645
v -20.9581 5.2358 -10.4546
v -22.3308 5.0608 -10.9646
v -23.5996 4.7788 -11.9446
v -25.0975 3.8358 -13.3046
v -26.6162 2.2778 -13.8446
v -26.3526 2.1238 -13.1846
v -22.1158 4.4038 -10.4846
v -23.3616 4.2638 -11.2046
v -23.7658 3.8818 -11.3146
v -23.5359 3.7768 -11.0145
v -24.5077 3.4528 -11.8346
v -20.3820 6.6798 -19.3346
v -20.8468 6.3858 -19.7846
v -20.3270 6.3618 -19.2946
v -20.2517 6.3708 -19.1345
v -21.1765 6.1418 -20.0946
v -21.2518 5.5808 -20.4246
v -21.4503 5.5028 -20.6046
v -22.4901 5.4448 -20.7346
v -22.3572 5.0948 -21.0846
v -22.9794 4.8938 -21.1746
v -21.3044 5.2058 -19.2946
v -21.7004 4.8448 -19.0446
v -23.6230 4.5718 -21.2846
v -24.2065 4.1248 -21.5246
v -25.2028 3.3748 -21.8346
v -25.0338 3.7408 -21.3745
v -24.0714 4.8848 -19.7246
v -25.4959 3.5738 -20.3845
v -26.7279 2.5508 -20.5546
v -22.3821 4.6338 -16.7346
v -22.0310 4.7068 -18.0746
v -26.6144 3.1948 -18.4646
v -26.4052 2.7038 -21.5145
v -16.2579 7.3368 -13.4945
v -16.2440 7.1568 -13.7846
v -16.5540 6.6648 -13.8645
v -16.3817 7.5208 -12.8446
v -17.3093 6.9728 -13.2146
v -17.7550 6.3088 -12.5946
v -27.2110 2.6928 -18.0045
v -27.8261 1.8708 -19.2346
v -17.1694 6.2408 -11.6145
v -20.9557 5.4138 -12.8745
v -22.3114 4.5658 -14.1245
v -22.9351 4.1958 -15.0546
v -24.4321 3.0248 -16.2645
v -23.2535 3.8698 -14.7445
v -24.2249 3.1968 -16.6846
v -28.1675 1.6398 -18.1946
v -29.0950 0.5688 -19.5546
v -19.7969 5.5838 -12.2346
v -19.4828 4.9058 -11.4945
v -19.8140 5.0368 -12.0446
v -21.2977 5.0638 -12.7046
v -21.3643 4.5108 -12.2545
v -22.1703 4.5318 -13.3546
v -21.8911 4.6868 -12.9146
v -22.8911 4.0058 -14.0446
v -23.9633 3.1488 -14.5546
v -23.2496 3.5738 -13.7946
v -24.5209 2.8788 -15.6546
v -28.2128 1.5078 -17.0846
v -27.2505 2.4428 -15.8745
v -21.1146 4.1178 -11.9945
v -22.2344 4.2258 -12.6746
v -27.6520 1.9098 -15.6946
v -27.1588 2.3198 -15.1646
v -28.8100 0.6228 -16.1946
v -22.1446 3.9668 -12.2645
v -21.8643 3.9818 -12.1145
v -27.8481 1.5338 -15.3546
v -21.9002 4.2688 -10.3346
v -22.1906 4.1228 -10.3845
v -26.9863 1.8888 -14.0045
v -27.2839 1.2938 -13.7445
v -26.8822 1.2278 -12.9646
v -27.7836 1.2798 -14.7046
v -21.6173 3.8118 -10.0846
v -22.1655 3.8918 -10.2746
v -22.7477 3.8488 -10.5145
v -23.6052 2.4798 -10.4546
v -24.2684 2.9598 -11.1145
v -24.6601 1.9978 -10.8645
v -26.7611 0.8608 -12.3346
v -25.7884 1.0208 -11.2146
v -21.2250 5.2558 -19.8246
v -21.8519 4.6388 -20.9746
v -21.8914 4.4878 -20.8246
v -21.9181 4.9858 -21.1046
v -22.4172 4.7598 -21.3546
v -23.4933 4.1368 -21.7545
v -23.7019 4.1348 -21.7046
v -22.7025 4.2058 -21.7246
v -23.4013 3.9768 -21.8945
v -23.8156 3.9768 -21.8146
v -22.5113 3.7778 -20.5846
v -22.1159 4.3558 -19.4446
v -25.0643 3.0348 -22.2146
v -25.4248 3.0528 -22.0646
v -22.1554 4.4828 -18.7046
v -25.6451 3.2848 -21.5045
v -25.5924 3.2288 -21.7346
v -26.5458 2.5358 -21.7746
v -26.1522 2.2598 -22.3745
v -26.8830 2.0808 -22.1245
v -25.7708 2.3538 -22.4346
v -15.5975 6.4288 -14.2846
v -15.4260 6.2758 -14.1746
v -22.5725 4.2318 -18.2946
v -23.5061 3.1978 -19.2946
v -24.5965 2.7298 -18.1245
v -27.1480 2.0888 -21.5346
v -28.4881 0.8598 -21.0346
v -15.9778 6.9728 -13.1046
v -16.6258 5.8328 -13.8945
v -16.9748 6.2808 -13.5246
v -24.3104 3.0548 -17.6145
v -28.0543 1.3538 -20.6245
v -17.2147 6.5788 -13.2946
v -29.2214 0.2788 -20.3246
v -17.0357 5.5248 -12.4346
v -24.6002 2.8578 -17.2445
v -25.2744 2.3208 -16.8446
v -25.2962 2.2678 -17.3546
v -25.5817 1.9408 -17.8645
v -25.4400 2.1398 -16.2846
v -29.3796 0.2918 -19.3346
v -29.2436 0.4768 -18.8346
v -20.0326 4.6218 -12.0246
v -24.6892 2.6328 -15.2445
v -25.6448 1.8938 -16.0145
v -25.3902 1.9388 -15.2746
v -25.9983 1.4518 -15.7746
v -26.2336 1.3258 -16.2946
v -28.7978 0.9688 -18.5346
v -29.1773 0.5328 -18.0746
v -29.4921 0.1918 -18.7146
v -19.5498 4.6598 -11.6245
v -20.8860 3.5218 -11.7545
v -21.2989 3.7778 -11.8745
v -20.1933 3.8128 -11.8346
v -21.5528 4.0068 -12.0246
v -23.0402 3.3068 -12.6046
v -23.9949 2.7308 -13.6746
v -24.8811 2.3628 -14.9746
v -24.8992 2.0828 -14.3845
v -30.4601 -0.9522 -18.8246
v -29.4015 0.1788 -17.3146
v -22.3295 3.3648 -11.9846
v -22.4873 2.9208 -11.8446
v -21.8499 3.1278 -11.7445
v -22.8648 3.1058 -12.1345
v -23.1539 3.1198 -12.5045
v -23.7023 2.5538 -12.6546
v -24.6573 1.8128 -13.4246
v -25.5418 1.3908 -14.5045
v -21.1934 3.0938 -9.8745
v -23.0412 2.6508 -11.9846
v -23.8744 1.6788 -12.0246
v -24.3916 1.4968 -12.4646
v -29.4183 -0.3792 -15.5946
v -21.9403 3.1678 -9.9446
v -28.4940 -0.0342 -14.0446
v -27.8043 0.3368 -13.3046
v -29.4831 -1.0672 -14.4746
v -22.5325 2.9918 -10.0946
v -22.9792 2.2008 -10.0646
v -23.7015 1.7098 -10.1946
v -22.9560 1.4788 -9.8246
v -24.2871 1.7918 -10.5246
v -24.9189 0.8678 -10.3745
v -26.5296 0.6038 -11.7545
v -27.3491 0.4238 -12.7046
v -22.3207 3.9818 -21.0045
v -22.8526 3.7978 -21.8046
v -23.1089 3.2888 -21.6646
v -23.9338 3.1828 -22.2746
v -23.6791 2.9118 -22.1046
v -23.0587 3.2698 -20.5846
v -23.5062 2.8608 -21.5646
v -23.8328 2.5758 -20.8845
v -24.7837 2.5408 -22.5045
v -24.4189 2.3718 -22.3645
v -24.5738 2.2998 -22.4346
v -25.0253 2.3088 -22.5646
v -25.6427 2.2078 -22.5346
v -23.5117 2.9738 -20.0946
v -26.3057 1.7528 -22.5846
v -26.9057 1.5408 -22.5045
v -27.0760 1.5548 -22.4346
v -26.7782 1.3938 -22.6046
v -25.9056 1.5228 -22.6946
v -15.9451 5.9448 -14.5646
v -15.9329 6.2758 -14.4446
v -15.2684 6.0698 -14.5446
v -14.9110 5.5138 -15.2946
v -15.0990 5.5758 -15.2445
v -24.1817 2.3778 -20.4346
v -24.7189 2.1288 -19.8446
v -28.0610 0.9968 -22.1445
v -27.8944 0.7858 -22.4546
v -27.7019 0.5668 -22.5946
v -29.0237 -0.2732 -22.3745
v -15.5571 6.3238 -13.3945
v -15.6943 6.3088 -12.9945
v -16.7060 5.5508 -13.7946
v -15.6519 4.1328 -15.1546
v -29.8840 -0.8432 -22.0546
v -30.3304 -1.2562 -21.8845
v -15.4064 5.5838 -13.2645
v -16.8545 5.4228 -13.4446
v -25.0570 2.1878 -18.8046
v -26.0021 0.8978 -20.3845
v -29.3708 -0.0802 -21.0246
v -26.6682 0.8398 -18.0045
v -30.1003 -0.9032 -21.1145
v -26.7817 0.8108 -17.2445
v -28.4493 -0.9602 -17.2445
v -27.1891 0.3508 -17.8745
v -27.6167 -0.0632 -17.5346
v -29.7127 -0.1012 -19.5346
v -30.2185 -0.6622 -19.1846
v -30.4406 -0.9962 -19.7846
v -19.2921 3.9418 -11.2146
v -19.5218 3.8898 -11.7046
v -26.4838 0.9358 -15.8645
v -27.2162 0.1218 -15.9646
v -31.1060 -1.7772 -19.2346
v -20.9236 2.6808 -11.5846
v -20.1734 3.1038 -11.7846
v -26.1206 0.9168 -14.8645
v -25.9398 0.6938 -14.0346
v -26.6189 0.6298 -15.4646
v -26.9278 0.0588 -15.0145
v -19.6084 3.1838 -10.2545
v -21.4895 2.3178 -11.4146
v -22.2988 2.1768 -11.5145
v -21.7838 2.1728 -11.2645
v -22.2078 1.9088 -11.2246
v -23.5059 1.5948 -11.7545
v -25.5111 0.8168 -13.4146
v -25.9764 0.3798 -13.5846
v -27.0464 -0.4392 -14.3246
v -30.3228 -1.0592 -16.6646
v -30.8775 -1.6042 -17.3945
v -31.2438 -1.9862 -18.3246
v -20.4789 2.8028 -9.9945
v -21.3988 2.3248 -10.0246
v -20.9321 2.3338 -9.9646
v -22.1066 1.8938 -10.4046
v -24.1406 0.9568 -11.7346
v -24.1167 0.5368 -11.4945
v -23.0627 1.3148 -11.4746
v -24.7068 0.8688 -12.1646
v -30.6275 -1.6812 -16.0045
v -30.9778 -2.0422 -16.1946
v -31.0117 -2.2482 -15.8246
v -22.5662 1.5808 -9.9046
v -24.7326 0.6908 -12.0145
v -24.4962 0.7898 -11.8546
v -28.1074 -0.3002 -13.0145
v -28.6553 -0.6062 -13.5246
v -28.8381 -0.9922 -13.3845
v -30.7174 -2.2782 -15.0946
v -24.2358 0.9538 -10.0546
v -24.4141 0.7438 -10.0346
v -25.1512 0.7028 -10.4346
v -26.1165 0.3338 -11.0446
v -25.6465 0.4358 -10.6746
v -27.7705 -0.2542 -12.5946
v -27.3585 -0.2922 -12.0346
v -27.9475 -1.0762 -12.1746
v -31.1746 -2.9572 -15.1245
v -25.3124 0.4378 -10.4046
v -26.4171 -0.0412 -11.1245
v -28.5228 -1.3302 -12.6846
v -24.2349 2.2108 -21.3546
v -14.7241 5.2518 -15.5946
v -25.0319 1.6458 -20.7846
v -26.0437 0.8918 -22.4246
v -26.3152 0.6338 -22.4246
v -26.6586 0.5568 -22.6245
v -26.9090 0.6568 -22.7046
v -14.9353 5.4868 -14.0145
v -25.3542 1.3458 -21.0646
v -26.1167 0.6728 -21.5946
v -27.3928 -0.4582 -22.2046
v -27.7461 -0.1312 -22.6546
v -27.5964 -0.2902 -22.5846
v -14.7941 4.9928 -14.0246
v -16.4342 4.9448 -14.1445
v -15.6381 3.9068 -15.1145
v -16.4278 4.7008 -14.0045
v -26.2230 0.6308 -20.8346
v -27.6496 -0.6412 -20.7445
v -27.8490 -0.9272 -21.4346
v -28.8904 -0.4162 -22.4746
v -16.4953 4.7458 -13.7645
v -16.3799 4.5948 -13.0746
v -30.5625 -2.1122 -22.3246
v -16.3601 4.7728 -12.6445
v -15.1670 3.9668 -13.7946
v -28.3101 -1.0392 -19.6946
v -31.0937 -2.0932 -21.7346
v -31.4640 -2.4782 -21.1245
v -28.5734 -1.2182 -19.1846
v -18.9222 3.0988 -11.9346
v -18.9687 2.9608 -12.1646
v -18.7684 3.0388 -11.7445
v -18.5408 2.8648 -11.2746
v -18.7926 2.7628 -12.2946
v -28.5249 -1.0502 -18.0246
v -18.8895 3.1738 -10.7346
v -20.6704 2.2518 -11.6245
v -28.6500 -1.2572 -16.7445
v -28.8894 -1.4452 -17.4146
v -29.1165 -1.7182 -17.2846
v -29.3409 -1.9792 -17.7346
v -31.6558 -2.5252 -18.5045
v -19.8427 2.2658 -10.2645
v -19.5560 2.0978 -10.4246
v -21.2402 2.0958 -11.2645
v -28.6151 -1.4992 -15.8845
v -29.1155 -1.8962 -16.4046
v -31.6040 -2.5862 -17.2046
v -22.7846 1.3258 -11.3246
v -22.3701 1.5818 -10.9646
v -23.3292 0.6968 -11.3146
v -24.8812 0.6088 -12.1145
v -27.3831 -1.1392 -13.9446
v -31.6008 -2.6832 -16.7645
v -31.8926 -2.9542 -17.4945
v -32.3691 -3.5172 -18.9046
v -32.1505 -3.3962 -17.2046
v -22.8665 0.6628 -10.9646
v -22.7227 0.6408 -10.2046
v -23.0691 0.4628 -11.1046
v -23.8389 -0.2692 -11.2046
v -24.5134 -0.1372 -11.4246
v -25.4282 -0.1962 -12.1245
v -26.6097 -0.6012 -13.3446
v -26.7870 -1.0872 -13.1445
v -26.9775 -1.7782 -12.9846
v -26.9156 -0.9762 -13.4046
v -31.1158 -2.6162 -15.4346
v -31.9454 -3.2122 -16.6746
v -22.9003 0.8028 -9.6646
v -23.0114 0.7358 -9.6046
v -22.7809 0.2798 -9.5546
v -25.4771 -0.5612 -12.0045
v -31.2706 -3.5242 -14.8046
v -31.7413 -3.1602 -16.0746
v -31.7123 -3.2392 -15.8546
v -23.8321 0.1898 -9.5946
v -24.0006 -0.0122 -9.5946
v -24.6692 -0.2212 -9.7946
v -25.4423 -0.1092 -10.2445
v -27.5026 -1.1012 -11.6846
v -27.0201 -1.2642 -11.1546
v -28.0089 -1.4282 -12.0546
v -27.9160 -1.6332 -11.8645
v -28.3410 -1.9242 -12.1946
v -28.9914 -2.0582 -12.8546
v -25.4619 -0.9352 -10.0646
v -26.8046 -1.5242 -10.9246
v -27.1890 -1.6872 -11.1946
v -13.8215 4.2898 -16.7146
v -14.0487 4.6898 -15.5546
v -14.7941 5.5348 -14.6345
v -14.1171 4.7368 -15.3346
v -14.4481 4.6938 -16.2246
v -14.0207 4.0688 -15.0846
v -14.5681 4.5828 -14.3146
v -15.0872 4.7868 -13.6546
v -15.0973 4.3358 -13.7246
v -15.7641 3.9128 -14.8146
v -28.2728 -1.0642 -22.4146
v -28.2792 -0.8862 -22.5145
v -29.8047 -2.2732 -22.3945
v -15.7518 3.9768 -13.6145
v -15.5697 3.9098 -13.6546
v -15.8513 3.9638 -13.8945
v -29.2032 -2.2712 -21.5746
v -29.6339 -2.6182 -22.0546
v -28.8085 -1.7782 -20.5946
v -30.7470 -2.5482 -22.3446
v -28.6048 -1.2972 -19.4646
v -29.4551 -2.4752 -20.4846
v -29.0842 -1.8902 -19.7046
v -31.3038 -2.4252 -21.9646
v -31.9338 -3.1152 -21.7246
v -31.4454 -3.6072 -22.2746
v -31.7596 -3.2272 -22.1046
v -18.4324 2.3328 -12.7545
v -18.7090 1.6588 -13.0346
v -29.4019 -2.2182 -19.4046
v -31.8425 -2.9412 -21.0145
v -32.5478 -3.9052 -21.6345
v -18.1241 2.3858 -11.9746
v -17.8257 2.0988 -12.0646
v -19.1256 1.3998 -12.7445
v -19.9377 1.6768 -12.0946
v -19.8875 1.3598 -12.0746
v -29.1746 -1.7982 -18.2946
v -30.2378 -3.2472 -19.4046
v -32.0305 -3.0832 -20.1046
v -32.6851 -4.0792 -21.1245
v -18.8753 1.9508 -10.8845
v -19.1864 1.8738 -10.6946
v -20.0921 1.5788 -11.9646
v -29.4223 -2.0942 -17.3446
v -29.9127 -2.7182 -18.3146
v -30.2844 -3.2202 -18.5846
v -32.1354 -3.1692 -19.4746
v -32.5548 -3.7822 -19.2146
v -19.4698 1.4918 -10.6546
v -19.8152 1.5218 -10.5446
v -29.6437 -2.4222 -16.9945
v -30.3073 -3.2392 -17.7746
v -30.4310 -3.4562 -17.4446
v -28.9606 -2.3402 -15.2046
v -28.9863 -1.9832 -15.7746
v -29.3397 -2.3312 -15.9746
v -29.5176 -2.3842 -16.4446
v -29.4208 -2.6302 -15.6646
v -29.7912 -2.9082 -16.0746
v -30.1169 -3.1152 -16.7946
v -30.0998 -3.2352 -16.3645
v -32.5329 -3.9912 -17.3945
v -32.8442 -4.4952 -17.7545
v -33.0598 -4.8422 -18.3546
v -33.4726 -5.4312 -19.2645
v -22.8347 -0.1292 -10.8845
v -22.9835 -0.1902 -11.0045
v -24.2122 -0.1072 -11.3246
v -25.8879 -0.9662 -12.2746
v -29.0624 -2.7822 -14.9546
v -29.4077 -3.1522 -15.1546
v -29.1781 -2.5882 -15.2946
v -29.7435 -3.3312 -15.4945
v -32.7082 -4.4072 -17.0546
v -33.0345 -4.9952 -17.3346
v -22.5794 -0.0792 -9.4746
v -22.3183 -0.2432 -9.7746
v -24.0889 -0.8542 -11.2146
v -25.0000 -1.0452 -11.6445
v -25.5500 -1.2822 -12.0045
v -25.2166 -1.9182 -11.9046
v -26.7033 -2.3672 -12.6345
v -26.9117 -2.2262 -12.7946
v -28.2639 -2.8822 -13.9846
v -31.6362 -3.3582 -15.5145
v -32.5548 -4.3122 -16.5846
v -32.4065 -4.1562 -16.3346
v -32.3216 -4.1772 -16.0646
v -32.8904 -4.8782 -16.8645
v -22.9949 -0.0912 -9.3246
v -23.7574 -0.8172 -9.4346
v -23.6128 -0.8552 -9.4446
v -29.6997 -3.4032 -13.2146
v -30.3341 -3.3032 -13.8645
v -31.8104 -4.0722 -15.1746
v -31.6157 -4.2972 -14.8146
v -25.2319 -1.0652 -9.9446
v -24.5641 -0.9832 -9.6546
v -24.6103 -1.6822 -9.7046
v -26.0205 -2.0992 -10.3845
v -26.4556 -2.1782 -10.6445
v -26.5142 -2.5412 -10.7046
v -26.8942 -2.4802 -10.9346
v -27.4755 -2.2722 -11.3446
v -27.6747 -2.4692 -11.4945
v -28.1026 -2.4192 -11.8446
v -28.8086 -2.8172 -12.4446
v -28.4333 -3.0072 -12.1145
v -13.1376 3.5968 -17.3246
v -14.4523 3.7718 -14.5846
v -14.0354 3.7228 -15.1046
v -15.1484 3.3518 -15.8046
v -14.6771 3.8428 -14.3146
v -29.9243 -3.0412 -21.5346
v -18.0801 2.1838 -12.8046
v -17.9755 2.0478 -13.0646
v -17.4397 1.5398 -13.9146
v -30.6926 -3.8592 -21.7645
v -30.8072 -4.0682 -21.0746
v -30.2133 -3.3872 -20.8645
v -31.1216 -4.0212 -22.1646
v -17.2644 1.7138 -12.8845
v -17.0999 1.5688 -12.8645
v -18.9315 1.2998 -12.9346
v -32.1946 -4.4692 -22.1846
v -32.5512 -3.9692 -21.7846
v -32.6403 -4.2802 -21.9546
v -18.1009 1.4388 -11.6345
v -31.7293 -5.2742 -20.8346
v -33.2420 -4.9092 -21.6746
v -33.3120 -4.9332 -21.3645
v -33.2960 -5.1052 -21.7746
v -33.1269 -5.0002 -21.8845
v -18.8227 1.3238 -11.0846
v -19.1652 0.7828 -12.1846
v -19.5139 0.9658 -11.9246
v -33.4244 -5.1952 -20.8046
v -33.8007 -5.8852 -20.2046
v -31.5343 -5.1772 -19.2746
v -30.8694 -4.1282 -17.6946
v -30.7613 -4.0562 -17.1345
v -30.9192 -4.3472 -17.0946
v -30.6646 -4.0312 -16.7246
v -22.0502 -0.4822 -10.6846
v -22.0330 -0.3952 -10.0446
v -23.0468 -0.9352 -11.0045
v -22.5166 -0.8432 -11.0946
v -30.3089 -4.0352 -15.8346
v -31.0233 -4.7162 -16.7046
v -33.4194 -5.7252 -17.8146
v -21.9798 -0.5442 -9.6046
v -22.7762 -1.1912 -9.9046
v -23.2996 -1.1082 -10.1245
v -24.1044 -1.5292 -11.3346
v -25.6228 -1.8782 -12.0846
v -26.9388 -2.4692 -12.7946
v -26.3308 -2.6562 -12.4346
v -27.0902 -2.5322 -12.9046
v -27.9852 -3.1212 -13.6746
v -27.8551 -3.2962 -13.5646
v -27.3780 -3.4342 -13.2346
v -28.1630 -3.6872 -13.8046
v -29.3731 -3.6812 -14.8645
v -28.9198 -3.6172 -14.4446
v -30.5454 -5.2232 -15.5646
v -33.4224 -5.8772 -17.5246
v -33.2267 -5.6752 -16.9945
v -22.6734 -0.8332 -9.3346
v -21.5016 -1.0632 -9.7946
v -32.1715 -5.1072 -15.1746
v -32.5916 -4.9982 -15.8945
v -32.4811 -4.9682 -15.6946
v -24.3256 -1.8632 -9.6345
v -23.0533 -1.6872 -9.5246
v -24.3111 -2.0962 -9.6946
v -25.3523 -2.4582 -10.2046
v -25.1419 -2.5672 -10.2545
v -26.0439 -2.7802 -10.4846
v -27.0095 -3.5222 -11.2445
v -27.3239 -3.2172 -11.3446
v -29.1112 -3.9512 -12.7946
v -29.0297 -4.3562 -12.8446
v -28.2332 -4.1332 -12.2645
v -29.4409 -4.6682 -13.1746
v -30.9389 -5.5062 -14.2146
v -13.2778 3.7648 -16.6145
v -13.8314 3.9818 -15.3745
v -13.9216 3.0338 -15.4446
v -13.7515 3.4278 -17.6046
v -14.7734 3.1768 -16.4046
v -14.9313 3.1698 -16.1245
v -15.0647 3.1718 -15.8346
v -13.8390 2.0088 -16.7445
v -13.4119 1.7368 -17.0145
v -14.9611 3.0828 -14.9945
v -14.5337 3.0858 -14.8645
v -14.2813 2.3438 -16.7346
v -16.7721 1.3918 -13.4846
v -17.3873 1.6488 -13.6846
v -16.1538 1.0298 -14.3945
v -31.7569 -4.8892 -21.9945
v -17.4757 1.5118 -12.2445
v -17.7695 1.4288 -11.9446
v -18.0154 0.6678 -13.9146
v -32.3610 -5.9032 -21.5145
v -17.0072 0.4998 -13.0145
v -17.2937 0.4068 -12.8346
v -18.2952 0.7868 -11.7645
v -18.8497 0.6408 -12.7946
v -17.4195 0.0728 -13.3845
v -32.8683 -6.0002 -21.9146
v -33.9423 -6.3722 -21.6546
v -33.7838 -6.5032 -21.7445
v -33.3761 -6.3882 -21.8546
v -18.9079 0.7848 -11.6145
v -31.9414 -5.9262 -18.9446
v -34.0312 -6.3782 -19.9246
v -34.1077 -6.4752 -21.5446
v -34.4227 -6.8252 -20.7746
v -18.9422 -1.2962 -12.3246
v -21.2774 -0.6052 -10.2346
v -20.2975 -0.9032 -10.9346
v -20.7164 -0.9332 -11.8146
v -21.7952 -0.8782 -11.3845
v -31.3036 -5.0082 -17.4346
v -33.6192 -5.7802 -19.0045
v -21.1153 -0.8302 -10.0045
v -20.6278 -0.8402 -10.4746
v -21.9674 -1.4572 -11.1546
v -31.1058 -4.9682 -16.6046
v -34.3117 -7.1852 -19.5546
v -22.8556 -1.7672 -10.6445
v -23.2562 -1.6102 -10.8246
v -23.8556 -2.0792 -11.3446
v -22.2238 -2.2402 -11.3945
v -23.6731 -2.4342 -11.2046
v -23.7898 -2.5082 -11.1746
v -24.0666 -2.4122 -11.3845
v -24.6405 -2.4472 -11.6546
v -24.5388 -2.7012 -11.2645
v -25.4792 -2.6092 -12.0145
v -25.9364 -2.9212 -12.2746
v -25.5410 -3.6372 -12.2146
v -26.8794 -3.5542 -12.9446
v -30.8482 -4.8842 -16.0946
v -30.9645 -5.2582 -16.0646
v -31.0183 -5.6362 -16.0045
v -31.2900 -5.6192 -16.4846
v -30.7606 -5.6542 -15.7246
v -31.5651 -5.8902 -17.0446
v -33.7829 -6.5392 -18.0846
v -33.9248 -6.6612 -18.5646
v -22.9844 -1.6132 -9.7046
v -22.8271 -1.7302 -9.6746
v -22.7238 -1.8372 -9.6646
v -21.7497 -2.3202 -10.6746
v -23.2332 -2.6022 -10.2246
v -24.0186 -2.4742 -10.0846
v -26.4970 -3.3932 -12.6646
v -27.3193 -4.1742 -13.4146
v -29.4526 -4.8792 -14.7445
v -33.0129 -5.6212 -16.3945
v -33.4478 -6.6602 -16.9846
v -33.0944 -6.4562 -16.3046
v -32.8815 -6.2772 -15.9746
v -25.4646 -3.2772 -10.4646
v -25.6492 -3.3672 -10.5045
v -24.9768 -3.2252 -10.6245
v -26.4644 -3.5092 -10.9146
v -26.8032 -4.0772 -11.3845
v -28.3157 -5.0242 -12.7146
v -29.1855 -5.7182 -13.4546
v -29.0457 -4.9062 -13.0346
v -30.5426 -5.5542 -14.0145
v -30.8899 -5.8122 -14.2846
v -31.6295 -5.5772 -14.6646
v -31.4015 -5.7032 -14.5446
v -31.7391 -5.9532 -14.8346
v -32.3817 -5.7642 -15.3346
v -32.6537 -6.5282 -15.7645
v -32.2286 -6.5832 -15.4146
v -13.2615 3.4858 -17.7946
v -12.9987 3.0588 -18.2946
v -13.3435 3.1928 -18.0646
v -13.2848 3.0118 -18.2246
v -12.7454 2.8728 -17.1846
v -13.3887 1.8168 -18.6345
v -13.2071 3.0858 -16.3745
v -13.3631 2.5398 -16.3146
v -13.8891 2.1328 -17.8046
v -14.2163 2.3278 -17.1746
v -16.6208 1.1398 -14.6946
v -16.3324 1.0698 -14.7046
v -15.9672 0.6318 -14.1046
v -16.8228 0.5608 -15.1646
v -16.7395 0.0708 -15.4246
v -17.5221 0.4368 -14.4746
v -16.3766 0.4558 -13.6646
v -18.4099 0.4948 -13.3546
v -32.5224 -6.0272 -21.6445
v -32.6420 -6.7852 -20.3446
v -33.0150 -7.1802 -20.9246
v -33.0974 -6.5972 -21.7545
v -33.6669 -7.7272 -21.5145
v -34.0488 -6.7722 -21.6345
v -19.5713 -1.1272 -11.4945
v -19.8135 -1.1672 -12.4446
v -34.2612 -7.6972 -21.5145
v -21.0903 -1.6902 -11.8745
v -20.7013 -1.6592 -12.2645
v -19.7585 -2.2332 -12.0246
v -32.5082 -6.9452 -19.1646
v -32.5353 -6.8062 -19.5946
v -34.7190 -7.4672 -20.8246
v -19.9579 -1.6632 -10.9546
v -20.7994 -1.6212 -10.4846
v -21.4474 -2.8482 -12.1646
v -21.2290 -2.7752 -11.9646
v -22.4048 -2.5492 -11.6846
v -23.0008 -2.3162 -11.3246
v -23.0382 -2.5672 -11.2946
v -32.0799 -6.4262 -18.3845
v -31.7011 -6.1612 -17.2445
v -31.7417 -6.4152 -17.2046
v -34.3346 -7.6392 -19.0346
v -34.3540 -7.4452 -19.3246
v -34.7723 -8.1882 -19.9446
v -21.9231 -2.2272 -10.3745
v -21.8458 -2.4412 -10.1846
v -20.0713 -3.3582 -12.3945
v -22.5251 -2.9332 -10.8346
v -26.9395 -4.9632 -13.6646
v -27.1710 -5.1652 -13.9046
v -26.7784 -4.2602 -13.2146
v -31.4242 -6.5572 -16.6345
v -31.6033 -6.5982 -16.9146
v -34.3954 -8.3712 -18.8546
v -22.5533 -2.4342 -9.8146
v -24.9774 -3.2272 -11.4146
v -24.4392 -3.8842 -11.2146
v -25.1904 -3.9282 -12.0746
v -25.2640 -4.0692 -12.1646
v -25.4772 -4.0572 -12.2346
v -26.1600 -4.1222 -12.7046
v -28.2746 -4.5912 -14.0145
v -28.2152 -4.8892 -14.1046
v -28.9871 -4.9012 -14.4646
v -29.1737 -5.3092 -14.6946
v -29.1373 -5.7142 -14.8645
v -29.7887 -5.7902 -15.1846
v -29.9755 -5.9772 -15.3546
v -30.8390 -6.4462 -16.0546
v -33.5577 -7.2562 -17.1946
v -33.2302 -7.5812 -16.9046
v -24.2208 -4.0532 -10.8146
v -25.3318 -4.0822 -10.7146
v -24.7919 -4.0432 -10.5946
v -25.9362 -4.4292 -11.3046
v -26.2662 -4.1662 -11.1746
v -26.9418 -4.5412 -11.8346
v -27.5925 -4.9262 -12.3346
v -29.4583 -6.5782 -14.0145
v -30.0143 -6.1882 -14.0145
v -30.5212 -5.9782 -14.1546
v -30.4341 -6.7912 -14.5246
v -31.3554 -6.8642 -15.0145
v -31.8294 -6.8492 -15.2645
v -32.2522 -7.3302 -15.8546
v -32.5052 -7.3202 -16.0546
v -12.3389 1.7688 -19.7946
v -12.9067 2.7618 -18.6145
v -12.3452 2.5258 -18.0746
v -15.2660 0.5118 -15.9346
v -15.5105 0.6798 -15.1646
v -14.8625 0.3158 -15.8146
v -15.7754 0.3848 -16.2445
v -15.7188 -0.4522 -16.7846
v -16.7772 -0.1922 -15.3046
v -16.8687 -0.1402 -15.2146
v -16.3178 -0.0192 -14.0145
v -16.0951 -0.3152 -14.5446
v -15.7903 -0.6662 -15.5446
v -14.9127 -1.1172 -17.1345
v -18.8762 -1.3172 -12.4146
v -18.2624 -1.7232 -14.0246
v -19.5748 -1.5892 -13.1046
v -19.6882 -1.8022 -13.1245
v -20.2753 -1.8432 -12.6046
v -19.4054 -2.0632 -13.4446
v -19.5704 -1.6662 -11.2346
v -19.3007 -1.8252 -11.5246
v -32.8586 -7.2802 -20.0646
v -33.0732 -7.5662 -20.4046
v -34.2009 -8.0112 -21.4846
v -19.6620 -1.5042 -11.1145
v -18.6526 -2.5182 -12.5446
v -19.1368 -2.4152 -12.2645
v -21.0879 -2.9412 -12.2545
v -22.0099 -2.9492 -12.0246
v -21.6498 -3.3952 -12.3645
v -33.2803 -8.2872 -20.2046
v -33.5767 -8.0962 -21.2146
v -34.9196 -8.1392 -20.8346
v -34.9014 -8.2242 -20.9746
v -32.3043 -7.3612 -18.2445
v -32.4562 -7.1442 -18.7246
v -32.6001 -7.4222 -18.9046
v -33.3187 -8.6232 -20.1145
v -32.8380 -8.1882 -19.2046
v -32.4652 -7.9682 -18.5646
v -34.9517 -8.9392 -20.9346
v -35.0390 -8.8392 -20.4646
v -21.0984 -2.7302 -10.9945
v -21.2950 -2.6472 -10.7046
v -20.9056 -3.8292 -11.5746
v -20.9975 -3.2412 -11.0346
v -21.4607 -3.5602 -11.3046
v -26.8771 -5.1522 -13.6445
v -27.7531 -5.9282 -14.6946
v -27.3622 -5.7602 -14.4346
v -29.5013 -6.4992 -15.5346
v -29.0681 -6.6132 -15.5346
v -30.8779 -6.6682 -16.2346
v -31.6033 -7.7522 -17.7046
v -31.8139 -7.4222 -17.5946
v -34.7407 -8.9142 -19.5246
v -34.9403 -8.8322 -20.0446
v -23.0883 -5.0222 -11.8346
v -24.4131 -4.0522 -11.5346
v -24.6624 -4.1352 -11.8745
v -23.9177 -4.5972 -12.3046
v -25.3220 -4.9422 -11.8346
v -24.9439 -4.8992 -12.3446
v -25.2439 -5.0002 -11.9446
v -26.5431 -4.8662 -12.4146
v -27.2677 -5.7502 -13.2445
v -33.6528 -8.2522 -17.7545
v -33.2195 -8.7122 -17.7246
v -34.4011 -9.0382 -18.9945
v -33.9647 -9.3042 -18.7146
v -24.5015 -4.8462 -11.0846
v -28.0357 -5.5282 -12.9446
v -28.3302 -6.0802 -13.3546
v -29.8822 -7.2802 -14.6546
v -30.9421 -7.2152 -15.0246
v -30.7159 -7.5332 -15.1546
v -31.0765 -7.5812 -15.3446
v -12.2669 2.2758 -19.0846
v -12.5275 2.3508 -19.1245
v -12.4726 1.0458 -20.1546
v -12.3339 1.5078 -20.0145
v -12.1365 2.0928 -18.2645
v -11.5980 1.4058 -19.4546
v -11.2114 0.5798 -19.9546
v -12.9335 0.8118 -19.4046
v -12.7008 2.3368 -17.2545
v -13.2480 1.1958 -18.4546
v -12.7919 0.7818 -18.6746
v -12.4295 1.0228 -18.2246
v -15.4138 0.4708 -16.2645
v -14.6883 -0.0222 -17.6046
v -14.8678 0.3198 -16.4146
v -14.6078 0.0128 -17.5546
v -15.4341 -0.1052 -14.9646
v -15.0167 -0.1642 -15.4945
v -15.6432 -0.7902 -16.5246
v -17.7382 -1.8112 -14.1846
v -17.7063 -1.7762 -13.6746
v -18.0520 -1.7882 -12.7846
v -17.0882 -2.1362 -13.9846
v -18.7022 -2.4972 -14.2046
v -18.5199 -1.9932 -12.2645
v -19.3960 -2.4462 -13.1245
v -19.6327 -2.3412 -12.7246
v -18.8783 -2.6892 -13.4346
v -17.3704 -3.2862 -14.3546
v -20.6196 -3.3492 -12.8845
v -20.7901 -3.2382 -12.7046
v -33.9758 -8.9562 -21.2146
v -20.3982 -3.1952 -11.5446
v -19.6296 -3.7062 -12.3146
v -20.2316 -3.4302 -11.6746
v -33.6166 -9.0642 -20.7246
v -34.8489 -8.9842 -21.0346
v -26.7009 -6.4462 -15.1746
v -27.2470 -6.9972 -15.7246
v -26.9129 -6.2422 -14.9846
v -26.3584 -6.1042 -14.7146
v -31.2943 -8.3352 -18.1746
v -31.9087 -9.0562 -19.2746
v -32.1660 -8.6682 -18.9446
v -32.2944 -8.0152 -18.4046
v -32.9319 -8.8662 -19.5846
v -33.3003 -8.7662 -20.0546
v -33.1338 -8.7202 -19.7545
v -34.8572 -9.4692 -20.8645
v -34.6110 -9.6702 -20.9346
v -34.8720 -9.7702 -20.3945
v -23.2610 -5.0922 -12.7846
v -22.8103 -5.3172 -12.7346
v -24.4601 -4.9502 -12.6046
v -26.4189 -6.0102 -13.9945
v -25.9907 -6.1162 -14.5346
v -28.8795 -7.7252 -16.6345
v -30.2450 -7.3122 -16.5746
v -30.7013 -7.8852 -17.4346
v -29.6914 -7.8652 -17.0446
v -34.8950 -9.6882 -20.2545
v -34.5570 -9.7142 -19.6245
v -23.4934 -4.7372 -11.3246
v -23.5473 -4.7762 -11.2445
v -23.7866 -4.9162 -11.1546
v -23.6294 -4.8282 -11.1946
v -24.2355 -5.1312 -11.2946
v -26.6618 -6.0702 -13.6646
v -26.8638 -6.5362 -13.5346
v -27.5728 -6.4612 -13.4746
v -26.4818 -6.8832 -13.6946
v -28.3402 -6.4992 -13.6445
v -31.9296 -8.6132 -16.8446
v -31.1115 -8.9762 -16.8845
v -31.1968 -8.0302 -15.8346
v -32.3263 -8.4702 -16.9246
v -32.0847 -8.8702 -17.2146
v -33.0592 -9.0532 -17.9346
v -29.2691 -7.1162 -14.3346
v -29.2016 -7.5982 -14.7046
v -30.5484 -7.8682 -15.3845
v -30.6402 -8.1042 -15.6646
v -10.6935 -0.3432 -22.2346
v -12.0393 0.8418 -18.7146
v -13.9039 -0.2022 -17.4446
v -13.8658 -0.2542 -17.9246
v -14.2281 -0.5042 -18.5546
v -14.5831 -0.9862 -18.4546
v -14.3345 -0.1152 -16.4446
v -14.6333 -0.0312 -15.9646
v -14.8357 -0.8582 -16.2746
v -14.4509 -1.2082 -17.1946
v -17.0653 -2.0472 -14.6546
v -15.8337 -2.6052 -16.5246
v -17.9564 -2.1522 -14.7846
v -17.2233 -2.7352 -15.8845
v -18.3170 -2.4672 -14.6145
v -17.0405 -2.2352 -15.5246
v -17.7588 -2.9762 -15.3645
v -17.1680 -2.5412 -13.8346
v -17.3590 -2.9172 -13.8446
v -19.3308 -3.9512 -14.0446
v -20.1766 -3.6132 -13.3845
v -19.2956 -4.2272 -14.4945
v -20.1099 -3.8792 -13.6946
v -20.5298 -4.1222 -13.5246
v -20.9303 -4.2222 -12.6946
v -19.7895 -4.0902 -12.3146
v -33.2708 -9.0882 -20.0846
v -33.6045 -9.6212 -20.7645
v -33.1402 -9.7642 -20.6046
v -33.7169 -9.7782 -20.8845
v -23.3124 -5.2952 -13.1445
v -22.6157 -5.5822 -13.3645
v -23.0912 -5.6562 -13.6245
v -23.9470 -5.6202 -13.3246
v -26.0049 -6.1072 -13.9446
v -24.8864 -6.2782 -14.1746
v -25.1205 -6.6792 -14.9046
v -26.2436 -6.9522 -15.5346
v -25.4361 -7.0072 -15.3645
v -27.8728 -7.4782 -16.2545
v -30.4444 -8.4642 -18.0246
v -29.5248 -8.8702 -18.1846
v -31.1792 -8.7622 -18.6445
v -30.3375 -8.8602 -18.5045
v -31.3328 -9.2092 -19.2746
v -22.8787 -5.2232 -12.0446
v -22.6344 -5.6252 -12.3246
v -24.1328 -5.1852 -12.9446
v -25.4652 -6.3562 -13.6345
v -25.4644 -6.4492 -13.5846
v -25.2237 -6.4702 -13.5446
v -24.1598 -6.4692 -13.4146
v -32.1735 -9.4852 -18.0246
v -33.1881 -9.6052 -18.5346
v -33.3417 -9.9832 -19.0145
v -33.7745 -10.0332 -19.2946
v -23.7368 -5.6992 -11.8645
v -23.3059 -5.6892 -11.9446
v -23.4341 -6.0412 -12.2946
v -24.3223 -5.7692 -12.7445
v -27.2944 -7.0532 -13.8945
v -27.6954 -7.7362 -14.5746
v -27.0803 -7.8582 -14.6546
v -28.7986 -8.1182 -15.1646
v -29.3192 -8.0592 -15.1846
v -29.9226 -8.2012 -15.5246
v -30.4669 -9.2942 -17.0746
v -30.5865 -9.7132 -17.7645
v -31.5336 -9.9032 -18.3346
v -11.8785 0.6738 -20.9546
v -11.6669 0.6858 -21.0546
v -11.1326 0.0518 -21.8346
v -11.3905 -0.6222 -20.4346
v -12.0401 0.0438 -19.5145
v -11.6306 -0.0332 -19.6946
v -13.2690 -0.6932 -19.1046
v -13.0683 -0.9442 -19.8246
v -13.0182 -0.8312 -18.5646
v -13.3629 -0.8622 -19.6245
v -14.2658 -1.2002 -18.9746
v -14.0172 -0.9862 -17.2246
v -16.6596 -2.4432 -16.1546
v -15.4069 -3.1112 -18.1746
v -15.8631 -2.6162 -15.7046
v -16.5782 -2.4672 -14.5846
v -16.2913 -2.6032 -14.9646
v -16.7059 -3.3612 -16.7846
v -18.0372 -3.1132 -14.6145
v -17.5878 -3.3472 -15.3246
v -17.0143 -3.6532 -15.8645
v -17.7598 -3.2232 -15.2346
v -18.1119 -4.4432 -14.3546
v -18.9360 -4.0412 -14.0045
v -18.8383 -4.0532 -13.3745
v -19.0276 -3.9662 -13.0746
v -18.9385 -4.0202 -13.1746
v -19.6951 -4.1022 -14.1746
v -19.3309 -4.2142 -12.7346
v -20.0521 -4.9022 -13.4846
v -19.5609 -5.1512 -13.6946
v -20.4337 -4.6192 -13.6746
v -19.9693 -5.0782 -14.3446
v -19.0430 -4.9962 -13.6145
v -22.2311 -5.7882 -13.4945
v -22.2808 -5.8322 -13.7746
v -23.3822 -6.2112 -14.1746
v -23.5737 -6.4982 -14.4646
v -23.6422 -6.6442 -14.6546
v -23.8217 -6.5292 -14.4546
v -29.6491 -9.2932 -18.8645
v -29.8505 -9.5582 -19.3546
v -31.4401 -10.1912 -20.7746
v -32.7918 -10.0832 -20.9246
v -31.8686 -10.8382 -21.8146
v -32.6059 -10.5952 -21.4446
v -33.7452 -10.4632 -20.9746
v -33.9798 -10.4912 -20.8346
v -22.0603 -5.8812 -13.2046
v -23.7523 -6.0172 -13.7445
v -24.2161 -6.6922 -14.7246
v -25.1494 -7.0842 -15.3645
v -24.7418 -7.3622 -15.6046
v -26.5490 -7.5512 -16.2146
v -27.0751 -7.5072 -16.2246
v -27.0863 -8.0342 -16.4446
v -28.1760 -8.0552 -16.5145
v -28.5752 -8.0292 -16.7046
v -28.7589 -8.3062 -16.9046
v -29.3201 -8.6022 -17.7046
v -29.2151 -8.8632 -17.8845
v -29.1224 -9.0022 -17.3546
v -33.2871 -10.7062 -19.9646
v -33.2752 -10.8872 -20.2545
v -34.2584 -10.4432 -20.6046
v -23.5828 -6.4932 -12.9246
v -23.2862 -6.4672 -12.8146
v -25.6133 -7.1092 -13.6946
v -26.2734 -7.5972 -14.3046
v -25.2527 -7.3472 -13.8945
v -25.3434 -7.6772 -14.3046
v -26.4883 -8.0932 -14.8146
v -28.0094 -8.3672 -15.6046
v -28.4926 -8.4052 -15.6245
v -29.3117 -8.7082 -16.1145
v -29.4602 -9.1512 -16.7545
v -29.2115 -9.0292 -16.8246
v -29.3318 -9.2352 -17.0846
v -30.1736 -9.0792 -16.6946
v -30.0041 -9.8612 -17.7846
v -32.4110 -10.1622 -18.9546
v -32.8562 -10.1532 -19.0546
v -32.6346 -10.4452 -19.3945
v -32.9317 -10.3752 -19.3745
v -34.1165 -10.4482 -20.0446
v -10.8098 0.1348 -21.2246
v -10.9776 0.4158 -20.6145
v -11.7900 -0.0102 -21.4246
v -11.3756 -0.0112 -21.8146
v -10.2823 -0.7892 -21.5846
v -12.5698 0.5408 -20.1646
v -11.6926 -0.4622 -20.2846
v -11.2374 -1.1962 -21.4446
v -13.1289 -1.1502 -20.1746
v -10.5205 -2.6752 -23.2846
v -13.3016 -1.4252 -20.2445
v -13.7695 -1.6302 -19.7346
v -13.1479 -1.8752 -18.9146
v -13.7211 -1.7662 -18.6946
v -15.4840 -2.7482 -16.7645
v -15.6348 -2.7132 -16.9446
v -16.0798 -3.0562 -17.4146
v -15.5869 -3.0032 -15.9646
v -16.2456 -3.2672 -17.3446
v -15.7557 -3.3392 -15.8246
v -16.2437 -3.3412 -15.2445
v -15.5273 -3.8232 -16.3845
v -16.6664 -3.5382 -15.0546
v -17.9232 -4.6362 -15.5246
v -18.7196 -4.5342 -15.1646
v -18.4102 -4.9192 -15.7645
v -18.7468 -4.7472 -15.3645
v -17.9214 -4.5292 -14.6546
v -18.0672 -4.5472 -14.2545
v -19.0969 -5.7572 -15.9646
v -19.5108 -5.5082 -15.2346
v -19.9312 -5.0302 -14.5446
v -18.8243 -5.0032 -13.7445
v -21.6647 -6.2822 -14.5946
v -22.0647 -6.5042 -15.0045
v -30.2248 -9.8832 -19.9246
v -31.3183 -10.3862 -21.0246
v -30.1684 -10.0602 -20.0846
v -31.4936 -10.4922 -21.2645
v -32.3802 -11.0122 -21.6746
v -21.6576 -6.1512 -13.8346
v -21.3566 -6.4212 -14.0246
v -21.7028 -6.4342 -13.6145
v -22.9079 -7.1512 -15.4246
v -23.1063 -7.2522 -15.4446
v -23.5685 -7.2972 -15.2346
v -23.8286 -7.2252 -15.0946
v -24.3230 -7.4542 -15.3146
v -25.4695 -8.0132 -16.5846
v -26.0359 -7.9532 -16.5346
v -26.0818 -8.0862 -16.5746
v -28.7381 -9.6632 -18.5045
v -29.2395 -9.2352 -18.5646
v -28.9070 -9.6752 -18.2346
v -29.2733 -9.7102 -19.3546
v -29.7288 -9.7942 -19.6445
v -22.3233 -6.5442 -13.2545
v -22.3452 -7.1772 -13.9546
v -23.7808 -7.4002 -13.9546
v -26.2949 -8.5322 -15.7746
v -30.5585 -10.2632 -18.6046
v -31.3632 -10.5372 -19.3246
v -32.0076 -10.7472 -19.7545
v -32.3356 -11.0882 -20.3845
v -32.7703 -11.2442 -20.7746
v -32.4541 -11.4622 -21.3046
v -23.2442 -7.2262 -13.7246
v -24.6257 -7.9362 -14.6445
v -25.5281 -8.3402 -15.1345
v -25.9595 -8.5772 -15.8645
v -27.2241 -8.4262 -15.6046
v -29.7026 -9.7352 -17.5446
v -10.6827 -0.5372 -22.5045
v -10.1987 -1.4872 -23.5746
v -10.3624 -1.6342 -23.6245
v -11.2179 -0.8212 -22.4146
v -10.9550 -1.5222 -22.9246
v -10.9628 -1.6492 -22.8546
v -12.8719 -1.6832 -20.8546
v -12.8959 -1.9092 -20.9546
v -12.4516 -1.1662 -19.7246
v -11.6955 -1.7282 -20.9945
v -13.3149 -1.7542 -20.3845
v -12.8063 -2.5172 -21.1546
v -13.1384 -2.1522 -19.5145
v -14.7704 -3.1132 -17.9746
v -14.5733 -3.2182 -17.9246
v -13.9730 -3.6032 -18.6046
v -15.3174 -3.2382 -18.4146
v -15.0469 -3.2302 -18.6345
v -14.9470 -3.3232 -16.9646
v -14.7984 -3.6002 -17.2346
v -16.1069 -3.8222 -17.7346
v -16.1041 -4.0522 -17.7046
v -16.5424 -3.8142 -17.0045
v -13.8888 -4.6612 -18.8745
v -16.1039 -4.1272 -17.6245
v -16.1742 -4.1022 -16.8146
v -15.6720 -4.2372 -16.8546
v -15.0798 -4.3192 -17.3146
v -17.2731 -4.8612 -15.5246
v -18.8951 -5.5352 -15.9746
v -18.2785 -5.3792 -16.2346
v -17.7014 -4.8652 -14.6746
v -18.1928 -5.3002 -14.5045
v -18.6571 -5.8782 -14.9646
v -18.0913 -6.0932 -15.4846
v -19.4138 -5.6972 -15.1445
v -20.9226 -6.8142 -15.7445
v -21.3179 -6.9362 -15.8745
v -31.0633 -10.9602 -21.9846
v -30.7768 -10.9802 -21.5846
v -30.2273 -11.4952 -22.7046
v -20.6485 -6.8032 -15.1345
v -21.2446 -6.5722 -14.1546
v -21.9598 -7.5562 -16.2046
v -22.7670 -7.3832 -15.6746
v -23.0282 -8.2382 -16.6445
v -24.9354 -8.1462 -16.7246
v -24.2383 -8.6762 -17.4246
v -25.1330 -8.3142 -16.8945
v -24.9123 -8.8742 -17.1245
v -24.2478 -9.0932 -17.7146
v -28.4122 -10.0372 -19.4746
v -30.0613 -10.2422 -20.1245
v -29.2806 -10.4432 -19.8246
v -29.9270 -10.4502 -20.0045
v -30.4014 -10.4942 -20.4146
v -30.9699 -11.2072 -20.8246
v -30.8466 -11.2152 -21.0045
v -32.2712 -11.2882 -21.7346
v -31.3135 -11.5032 -22.2946
v -20.8056 -7.2122 -14.9046
v -21.6659 -8.2032 -15.8446
v -21.8891 -8.0062 -15.2545
v -22.6080 -7.6992 -14.5646
v -23.3777 -8.0292 -15.7946
v -23.6204 -8.1212 -15.2346
v -23.7086 -8.1752 -15.1846
v -25.2852 -8.5312 -16.9046
v -25.1543 -8.8102 -16.8645
v -29.9093 -10.4622 -18.8146
v -30.1289 -10.5632 -19.4346
v -29.1035 -10.7892 -19.1345
v -31.5552 -11.2762 -20.6646
v -31.8700 -11.2382 -20.6046
v -31.0911 -11.6632 -21.3046
v -22.7214 -7.4582 -14.1646
v -25.1748 -8.6802 -15.6345
v -30.3420 -10.4972 -19.1546
v -10.1489 -0.8522 -22.2545
v -10.2570 -0.8862 -21.6046
v -9.5434 -1.8202 -22.8146
v -10.4493 -1.6362 -21.7645
v -10.1547 -2.7282 -22.6546
v -11.0259 -2.2372 -21.3446
v -11.6867 -2.1792 -22.2445
v -11.9211 -1.8602 -20.0946
v -12.2880 -1.9952 -19.7346
v -11.4697 -2.5402 -20.8546
v -12.0667 -2.5112 -20.3146
v -12.6046 -2.5382 -20.2545
v -14.2878 -3.6122 -19.7146
v -14.3190 -3.3622 -18.6846
v -14.9073 -4.2972 -19.5846
v -13.3341 -4.1702 -19.4646
v -15.5950 -4.3522 -18.5246
v -14.8769 -4.8522 -18.6046
v -13.9388 -4.9312 -19.0045
v -16.6108 -5.1842 -16.7545
v -16.7358 -5.1742 -16.9546
v -17.7681 -5.4882 -16.7346
v -17.4216 -5.7642 -17.2746
v -18.5549 -6.0192 -16.7445
v -18.8928 -5.8372 -16.2445
v -18.5389 -6.4352 -17.1445
v -18.4576 -6.3842 -17.2046
v -15.5746 -6.1662 -17.7046
v -17.6879 -5.9732 -15.5846
v -18.7716 -6.4312 -16.4246
v -19.5873 -7.4492 -16.7645
v -20.4298 -6.9782 -15.8046
v -20.0808 -7.6612 -17.4146
v -20.4790 -6.9292 -15.2146
v -20.1035 -7.2432 -15.6345
v -23.1493 -8.8602 -17.7846
v -22.7897 -8.5612 -17.3745
v -23.0568 -9.6362 -18.7645
v -27.5202 -10.8172 -20.3146
v -27.8977 -10.4832 -19.9646
v -29.8573 -11.5822 -21.9646
v -30.5010 -11.1372 -21.8645
v -28.1612 -12.4512 -23.8446
v -30.9607 -11.5192 -22.4846
v -30.2376 -12.2052 -22.9945
v -20.7676 -7.9322 -15.6445
v -21.8486 -8.0582 -16.3446
v -22.8273 -8.6222 -15.9945
v -22.7035 -8.5372 -16.1345
v -28.0809 -10.1622 -18.9746
v -26.7843 -10.9692 -19.7246
v -27.5910 -10.5662 -19.1345
v -27.9943 -10.6412 -20.0946
v -30.0931 -11.8562 -21.7146
v -30.2678 -12.0722 -21.8845
v -30.9209 -12.0882 -22.3346
v -23.1623 -9.0042 -16.1445
v -23.9046 -9.2342 -16.4146
v -23.0853 -8.8532 -15.9746
v -23.5504 -9.6472 -17.0646
v -23.7110 -9.7052 -18.0546
v -23.9908 -9.5392 -17.0446
v -28.3516 -10.5782 -18.6445
v -28.0873 -11.3342 -19.5646
v -9.4490 -2.6762 -24.8945
v -9.6710 -2.6622 -24.7545
v -9.5284 -2.2622 -24.4646
v -10.8324 -1.7772 -23.0846
v -11.9259 -2.4652 -22.2746
v -11.4186 -2.4192 -22.6846
v -11.7965 -3.0282 -22.6345
v -11.2824 -3.0552 -21.3246
v -11.7052 -3.1382 -21.2146
v -11.5410 -3.5982 -22.5045
v -13.9729 -3.8272 -20.2445
v -14.1175 -3.8492 -20.2046
v -13.7673 -3.6892 -19.4945
v -13.7176 -4.1132 -20.8246
v -13.7664 -4.2032 -20.8845
v -14.3584 -4.1462 -20.2246
v -12.3937 -4.6042 -20.9546
v -15.0073 -4.8502 -19.2645
v -14.7675 -4.8422 -18.4346
v -14.2064 -5.2222 -19.3745
v -15.5016 -4.5432 -18.4346
v -15.8211 -5.5182 -17.5646
v -15.6924 -5.5992 -18.2445
v -16.8337 -5.5712 -17.7346
v -15.7468 -5.6342 -18.5246
v -16.4731 -5.4662 -16.3246
v -16.7543 -5.8272 -18.0346
v -18.0213 -7.0392 -18.1946
v -18.2526 -6.7712 -17.7246
v -17.4675 -7.6762 -18.0746
v -18.1846 -6.4262 -15.8945
v -17.9218 -6.7802 -16.4346
v -17.0254 -7.7552 -18.1046
v -18.0800 -8.9552 -20.1546
v -19.2226 -7.7162 -17.5246
v -19.6984 -7.3982 -16.2445
v -21.1745 -7.7792 -16.8546
v -20.3812 -8.0882 -17.6546
v -20.8386 -8.0792 -17.2846
v -22.8725 -9.5082 -18.7445
v -29.2531 -11.8732 -22.4945
v -29.2354 -12.0052 -22.2946
v -27.5209 -12.8772 -24.5246
v -29.8150 -12.2832 -23.2946
v -19.2212 -8.4682 -17.2246
v -20.6757 -8.3642 -16.2645
v -20.4748 -8.2852 -16.2346
v -20.8796 -8.0882 -15.7545
v -21.8590 -9.0002 -16.9646
v -21.9082 -9.1062 -18.3446
v -23.6506 -9.6452 -18.2545
v -26.4311 -11.1592 -20.5746
v -25.4763 -11.7232 -20.8046
v -26.4454 -11.2222 -19.8945
v -27.5136 -11.3592 -20.4746
v -29.5010 -12.0612 -22.0846
v -29.9301 -12.5462 -22.6646
v -28.6885 -12.8062 -22.8246
v -22.7313 -8.8222 -16.1445
v -22.3904 -9.5052 -16.9746
v -23.7774 -9.7062 -17.4945
v -22.5996 -10.3682 -18.5946
v -27.1635 -10.9962 -19.3246
v -27.3790 -11.2272 -19.3046
v -27.6515 -11.2632 -19.2545
v -27.8176 -11.2432 -19.2046
v -8.9914 -2.4852 -24.1145
v -9.7585 -1.6912 -23.7246
v -8.8540 -2.6572 -23.9945
v -10.2108 -2.4432 -24.1046
v -10.0695 -2.4442 -22.7746
v -10.1802 -2.7762 -22.4446
v -10.9351 -2.9142 -23.4646
v -11.1900 -3.3942 -23.4346
v -11.7334 -3.4642 -22.5446
v -10.6140 -4.1122 -24.2645
v -11.9209 -3.2372 -22.4246
v -11.3498 -3.3622 -21.6046
v -13.1484 -4.2652 -21.1946
v -13.2276 -4.0632 -20.4446
v -12.7270 -4.5712 -21.8146
v -13.2693 -4.8962 -19.7246
v -12.1699 -4.9232 -21.0946
v -14.2493 -4.8782 -20.6846
v -14.1544 -5.1982 -20.8845
v -14.8324 -4.5722 -19.7746
v -13.7657 -5.2592 -21.4246
v -13.6254 -5.7242 -20.8246
v -12.4243 -6.3352 -21.7046
v -14.8441 -6.0892 -20.1546
v -14.9217 -6.1242 -20.2046
v -14.9063 -5.8872 -18.8046
v -14.6455 -6.0062 -19.5546
v -15.6331 -5.9022 -19.2846
v -15.8269 -6.1722 -19.3945
v -16.2745 -6.4642 -18.9945
v -15.6938 -5.9542 -17.4346
v -15.5116 -5.7992 -17.6445
v -16.1117 -7.1592 -19.6746
v -16.9103 -7.0342 -18.9346
v -17.1282 -7.9142 -19.7645
v -16.6943 -7.9912 -20.1746
v -17.0112 -6.5642 -16.7946
v -15.3799 -6.6032 -18.2545
v -17.7948 -7.4162 -18.7146
v -18.8446 -7.9132 -17.7645
v -19.2611 -7.7822 -17.8046
v -18.6005 -8.0622 -17.9446
v -18.6806 -8.0462 -17.5446
v -18.8486 -7.9402 -17.3046
v -19.0504 -8.3742 -18.8845
v -18.9651 -8.0682 -18.4446
v -19.8223 -8.1142 -18.0846
v -22.3518 -9.8202 -19.3246
v -27.9110 -12.9362 -24.4746
v -29.0875 -12.5192 -23.7545
v -29.1910 -12.8122 -23.6646
v -19.6712 -8.8382 -18.0346
v -20.9189 -9.4822 -18.1245
v -20.3589 -9.7662 -19.6646
v -25.3350 -12.0452 -22.0246
v -26.3754 -11.6132 -21.3246
v -28.0639 -12.6342 -23.1546
v -29.2195 -12.2292 -22.2645
v -29.3137 -12.9132 -23.4146
v -28.8244 -13.0212 -23.2445
v -21.4080 -9.8952 -17.8146
v -21.4668 -9.6432 -17.5045
v -22.3168 -10.0102 -17.7246
v -25.6063 -11.6412 -21.3046
v -26.9776 -11.5872 -20.8945
v -26.4372 -11.8712 -20.1046
v -26.8133 -12.0112 -20.5145
v -8.9460 -2.9832 -25.2545
v -8.2280 -4.0352 -26.4146
v -8.9377 -3.3352 -25.6145
v -8.3406 -3.2972 -24.8146
v -8.7080 -4.2342 -26.3346
v -10.1868 -3.2952 -24.4346
v -9.4982 -3.2332 -23.1245
v -9.5441 -4.1302 -23.3845
v -10.3736 -3.7222 -22.4446
v -10.4714 -3.9392 -22.5446
v -10.1901 -4.4192 -23.2346
v -11.7346 -5.0232 -21.9846
v -12.1915 -4.7462 -21.7445
v -12.2835 -5.0572 -22.7445
v -12.6729 -4.9522 -22.4246
v -13.0236 -5.6522 -22.4046
v -13.4101 -5.3492 -21.8745
v -13.6939 -5.6742 -21.4346
v -12.8003 -5.9042 -20.8446
v -12.3521 -6.0202 -21.2545
v -11.7775 -6.8402 -22.7346
v -14.1792 -6.4742 -21.2846
v -13.9917 -6.2942 -19.7746
v -14.5080 -6.0592 -19.1445
v -15.4042 -6.6362 -20.1746
v -14.5305 -6.7922 -19.2146
v -15.5380 -7.1032 -18.6546
v -16.2125 -7.3452 -19.7846
v -16.2517 -7.7582 -20.2246
v -17.4794 -7.8482 -19.3246
v -16.9814 -8.0342 -18.5646
v -16.2669 -8.6472 -19.6245
v -18.3089 -8.2872 -18.4846
v -17.7011 -8.7612 -19.3146
v -17.9081 -8.8782 -20.0646
v -18.8448 -8.9932 -19.5045
v -19.1323 -8.9812 -19.0546
v -17.9978 -8.9062 -18.5846
v -19.6888 -8.6702 -18.4945
v -18.8118 -9.2382 -18.8745
v -20.3679 -9.7162 -19.2445
v -20.5352 -9.6202 -18.9346
v -20.6739 -9.6682 -18.3146
v -21.6886 -10.1762 -20.0846
v -21.9915 -10.1222 -19.8546
v -25.8155 -11.9302 -21.7645
v -26.0413 -12.0112 -21.6746
v -26.7401 -13.1192 -24.4746
v -27.6869 -12.8552 -23.4146
v -28.1475 -12.8352 -23.0446
v -21.2667 -9.6202 -17.6345
v -21.6484 -10.4782 -18.6145
v -22.1945 -10.5852 -19.0746
v -20.8905 -11.2462 -20.8346
v -25.0072 -12.1362 -20.9746
v -25.2520 -11.9152 -21.8346
v -25.1817 -11.8242 -21.4046
v -26.3327 -12.0922 -21.3745
v -25.9299 -12.0202 -20.3845
v -8.4786 -3.4342 -25.6646
v -8.8574 -3.5842 -23.8945
v -10.7042 -4.3222 -23.9246
v -9.9172 -4.8802 -24.2946
v -8.6119 -5.8462 -25.6345
v -10.0533 -6.1362 -23.9746
v -9.8603 -6.5002 -25.4446
v -10.3234 -6.5062 -25.3146
v -11.9682 -5.6252 -23.4246
v -11.5911 -5.1932 -21.8645
v -10.8813 -5.7302 -22.6746
v -12.6254 -5.1122 -22.5746
v -12.6245 -5.8452 -22.8745
v -13.8504 -6.5382 -21.5446
v -14.1563 -6.4102 -21.1746
v -13.8549 -6.7082 -21.8146
v -13.0186 -6.7512 -21.8845
v -13.0311 -6.7012 -21.5246
v -13.8494 -7.2492 -22.1445
v -13.6913 -6.4182 -20.1946
v -14.8057 -7.2212 -21.0646
v -15.2900 -7.2182 -20.4746
v -14.2512 -7.4102 -21.6946
v -14.0341 -6.6912 -19.6445
v -14.2988 -7.2152 -19.8645
v -14.9200 -7.4432 -19.5546
v -16.3179 -8.0722 -20.4945
v -15.4082 -7.6282 -19.2746
v -17.1955 -8.1842 -19.9046
v -16.5287 -8.4022 -20.7346
v -17.7861 -8.7532 -18.8845
v -17.1430 -9.1952 -19.8146
v -16.3976 -9.7442 -21.2146
v -18.6753 -8.7822 -19.5646
v -18.0882 -9.1682 -20.3845
v -18.1418 -9.6122 -19.7645
v -21.4418 -10.5592 -20.5946
v -20.9250 -10.4652 -20.8546
v -21.0113 -10.9122 -21.2346
v -26.2458 -13.5182 -25.4546
v -18.7452 -10.7782 -21.0045
v -20.5740 -9.7562 -19.7246
v -23.7030 -12.4942 -22.8446
v -24.7046 -12.0622 -21.9746
v -24.6514 -12.3972 -22.6345
v -27.1498 -13.0832 -23.8346
v -27.5851 -13.6172 -24.1445
v -19.4847 -10.8382 -20.0846
v -20.6664 -10.8872 -19.6245
v -20.4038 -10.5862 -19.2545
v -20.4423 -11.4512 -20.9346
v -22.1446 -10.4532 -19.8246
v -24.2803 -12.3422 -21.6445
v -25.2468 -12.2772 -20.8645
v -8.0059 -3.8782 -25.8945
v -8.4437 -4.2462 -26.5346
v -7.9012 -4.0272 -25.2645
v -9.0762 -5.3952 -26.3945
v -8.2488 -4.0562 -24.7346
v -8.6181 -4.4032 -24.4646
v -9.8623 -4.9382 -25.2946
v -9.3980 -5.4132 -25.8446
v -9.1983 -5.0622 -24.3046
v -11.0000 -6.3072 -24.6245
v -10.6502 -5.7822 -23.0546
v -11.2546 -6.9172 -24.5246
v -11.1513 -6.3562 -22.4646
v -12.1906 -6.6642 -23.3446
v -12.5422 -6.4642 -22.8446
v -11.6384 -6.8252 -22.5746
v -12.0281 -6.4252 -21.8645
v -13.3280 -7.2482 -22.6345
v -13.1249 -6.7092 -20.8546
v -12.1081 -7.2662 -22.0045
v -12.6487 -7.2872 -21.4446
v -14.5152 -7.5482 -20.0946
v -13.9473 -7.7092 -20.8346
v -13.4777 -7.6022 -21.0346
v -15.6182 -8.0292 -19.6546
v -15.8083 -8.9522 -20.5946
v -16.4688 -8.9072 -21.2645
v -16.0070 -8.5382 -21.0446
v -15.6810 -8.8342 -20.9546
v -16.5857 -9.1632 -21.3046
v -16.6707 -9.0532 -20.6746
v -16.2558 -8.8292 -19.9046
v -16.5662 -9.7702 -21.6546
v -17.8037 -9.6152 -20.9046
v -17.7359 -9.4632 -20.9246
v -16.9439 -9.7722 -20.1846
v -19.2232 -11.2892 -22.8645
v -20.6614 -11.2362 -21.6646
v -20.4836 -11.1122 -21.8745
v -25.3888 -13.9832 -26.0546
v -18.7100 -10.7522 -21.6846
v -20.2367 -10.9712 -21.9346
v -27.2429 -13.4262 -24.9746
v -26.5758 -13.8152 -25.3845
v -24.1483 -12.3612 -21.8246
v -22.8090 -12.8122 -23.5946
v -23.4062 -12.6252 -22.6245
v -23.6590 -12.6252 -22.1646
v -24.0613 -12.9032 -23.3046
v -24.0789 -13.0342 -23.2445
v -24.3412 -13.1002 -22.4546
v -24.6780 -12.9812 -22.2146
v -26.8513 -13.3702 -23.9246
v -26.7472 -13.6382 -24.0446
v -26.5732 -13.6292 -24.1245
v -23.6745 -12.8632 -22.1445
v -7.6732 -4.2802 -25.8446
v -7.2349 -5.1082 -27.2146
v -7.7403 -4.9442 -27.3246
v -7.4427 -5.1352 -26.1846
v -8.7863 -5.1122 -26.6046
v -8.5256 -5.3002 -25.0145
v -8.8715 -5.9372 -26.6245
v -10.0963 -6.1232 -24.2246
v -9.7788 -6.3772 -24.8745
v -10.2893 -6.3192 -25.1046
v -10.1807 -6.4862 -23.5846
v -10.6016 -6.7802 -23.1946
v -9.9064 -7.7022 -24.4046
v -11.3259 -7.2582 -23.9846
v -11.3476 -7.2362 -24.2246
v -11.3459 -6.5822 -22.4046
v -10.1647 -7.8252 -24.5145
v -12.1136 -7.3232 -23.4546
v -12.7193 -7.2842 -23.1445
v -11.6412 -7.3692 -22.7645
v -11.2870 -8.1472 -24.7946
v -12.1324 -8.2552 -23.9546
v -12.7702 -8.2292 -22.4746
v -12.6766 -8.1332 -22.2746
v -15.2905 -9.5622 -22.4146
v -14.8875 -9.7342 -22.1145
v -16.2324 -9.0872 -21.6946
v -16.1834 -9.6852 -22.1445
v -15.5568 -9.7422 -21.3246
v -16.4908 -9.8262 -21.7846
v -16.3296 -9.8712 -20.8645
v -16.3501 -10.6402 -21.6646
v -16.5161 -10.4112 -21.1746
v -18.2031 -11.1332 -22.7746
v -17.6648 -11.3392 -23.0646
v -17.7751 -11.3712 -22.0646
v -19.0191 -10.9212 -22.2645
v -20.1710 -11.2372 -22.2445
v -19.7941 -11.5342 -22.7746
v -24.6207 -14.0372 -26.2146
v -23.7015 -14.4792 -26.9246
v -18.8664 -10.7702 -20.7046
v -18.3906 -11.3312 -21.4146
v -18.7031 -11.6542 -21.6946
v -18.5423 -12.3592 -23.1946
v -20.4864 -11.2212 -21.9246
v -17.6353 -12.8432 -24.8146
v -21.9116 -13.1032 -24.3645
v -23.3943 -12.8382 -23.6546
v -25.2673 -13.8502 -25.1046
v -25.6077 -14.0122 -24.7445
v -25.3373 -13.9122 -24.9346
v -23.3255 -12.7162 -23.4546
v -22.8368 -12.8672 -23.0346
v -23.0008 -12.8772 -22.7645
v -22.1018 -13.7122 -24.7946
v -25.3619 -14.5322 -25.5446
v -25.3936 -14.4712 -26.0145
v -7.6181 -5.3152 -27.6546
v -8.3884 -5.6022 -27.2046
v -7.8924 -5.7512 -27.7246
v -6.9139 -5.7492 -27.1245
v -8.4459 -5.9662 -27.2545
v -8.1014 -5.5642 -25.6245
v -8.0796 -5.8582 -25.8446
v -7.8189 -6.9482 -27.6345
v -9.5777 -6.6632 -25.7246
v -9.3154 -7.2982 -26.7046
v -9.2247 -6.7422 -25.4646
v -9.7953 -6.4402 -24.0846
v -8.8574 -7.2302 -25.4746
v -9.8251 -6.5772 -24.0346
v -9.8335 -7.9582 -26.3745
v -10.8353 -8.3202 -23.5746
v -11.7944 -7.9302 -22.5846
v -14.6035 -9.9952 -22.4346
v -15.2417 -10.3712 -23.4945
v -15.7870 -9.9432 -22.7645
v -16.5139 -10.4222 -22.4846
v -16.5741 -10.4792 -22.2946
v -15.8249 -10.5582 -23.2645
v -16.1652 -10.6962 -21.7146
v -18.0398 -11.4352 -23.3945
v -18.7137 -11.7192 -23.7346
v -18.9146 -11.8472 -23.7346
v -18.9241 -12.0782 -23.7445
v -18.1908 -12.5142 -24.3945
v -21.8343 -13.2462 -23.8745
v -21.1441 -13.4532 -25.4846
v -21.6150 -13.4952 -25.3246
v -24.1046 -14.2362 -26.1145
v -23.6520 -14.3992 -26.6646
v -18.9786 -11.9822 -22.2146
v -21.5630 -13.9382 -24.7346
v -22.2136 -13.4302 -24.8546
v -24.2608 -14.3982 -25.5446
v -23.8527 -14.4822 -25.8446
v -24.6067 -14.4912 -25.3645
v -24.3547 -14.5672 -25.5045
v -24.5295 -14.8652 -26.4546
v -6.2957 -6.9602 -29.1445
v -6.9474 -5.6632 -27.8546
v -6.4386 -6.4432 -28.5045
v -6.8421 -5.7312 -27.7946
v -6.4438 -6.3732 -28.2046
v -7.2590 -6.5242 -28.5546
v -7.0256 -6.3822 -28.6145
v -9.2106 -7.2222 -26.7146
v -9.1009 -7.1832 -26.7146
v -7.9756 -7.6742 -27.1145
v -9.0326 -8.0152 -25.4046
v -10.2425 -8.0532 -25.7846
v -10.3445 -7.8742 -25.6445
v -10.1000 -7.9212 -26.0145
v -10.5420 -8.0242 -24.9646
v -10.9505 -8.0212 -24.9346
v -10.2164 -8.0262 -24.6946
v -10.8685 -7.7552 -23.6046
v -11.1134 -8.5662 -23.5746
v -11.3313 -8.8762 -24.6345
v -14.1888 -10.3512 -23.2046
v -14.0574 -10.5102 -23.2046
v -14.2447 -10.3542 -23.4646
v -15.0542 -11.1452 -24.4246
v -15.5142 -10.4472 -23.4146
v -15.2094 -11.2982 -24.3246
v -14.6810 -10.5052 -22.3346
v -15.3753 -10.7892 -22.0646
v -14.9103 -10.9252 -22.4846
v -15.8187 -10.9652 -23.3046
v -17.6251 -12.2492 -24.8346
v -17.7652 -12.5432 -25.0045
v -15.2763 -11.3252 -22.8246
v -16.6287 -11.9322 -23.5045
v -17.0989 -11.6862 -22.9246
v -16.5717 -12.0312 -23.3945
v -16.4865 -11.9972 -24.4046
v -18.2398 -11.9852 -24.2746
v -17.3090 -12.0532 -22.7545
v -17.0225 -12.1012 -22.9646
v -20.8219 -13.6052 -24.8246
v -20.8273 -13.7302 -24.7645
v -20.7923 -13.6372 -25.8945
v -21.8311 -13.6242 -25.2146
v -23.4221 -14.4932 -26.5846
v -23.5764 -14.5152 -26.1946
v -22.1470 -14.9892 -27.1946
v -21.5093 -15.1942 -28.2146
v -20.1487 -14.0812 -25.3945
v -6.8213 -6.5552 -27.5145
v -7.7111 -6.3682 -28.1245
v -7.2603 -7.0202 -27.4746
v -6.8036 -7.6882 -28.2946
v -7.8405 -6.6712 -28.0746
v -7.1712 -7.5802 -28.8146
v -7.1505 -6.7032 -27.2645
v -8.3292 -7.6852 -27.5446
v -8.5962 -7.6212 -27.3745
v -8.1972 -7.6652 -26.3945
v -8.2909 -8.1842 -26.2946
v -9.3311 -8.4002 -27.0145
v -9.3436 -8.1052 -25.1245
v -9.9409 -8.0192 -24.7246
v -9.6255 -8.9942 -25.1445
v -10.3868 -8.9302 -24.4246
v -9.5497 -9.5302 -25.6746
v -9.7540 -9.3562 -26.6546
v -11.0311 -8.9162 -24.0446
v -13.5400 -11.1372 -24.9746
v -14.2229 -10.4202 -23.6445
v -12.8390 -11.6072 -25.4046
v -14.0522 -10.4762 -23.4246
v -14.3052 -10.6962 -22.8046
v -14.8275 -11.5772 -24.9546
v -14.5370 -12.0662 -25.2445
v -15.3507 -11.3742 -23.8346
v -15.9721 -12.2972 -24.9846
v -16.2612 -12.1562 -24.8346
v -14.7630 -11.2312 -22.8945
v -14.8350 -11.5852 -23.3246
v -16.4744 -11.9852 -24.1546
v -16.3652 -12.1092 -23.6846
v -20.1203 -13.8012 -26.2146
v -19.8726 -13.9332 -26.5045
v -16.5314 -13.0522 -24.6145
v -17.7997 -12.7152 -23.9246
v -20.7020 -13.5562 -25.6946
v -21.2786 -13.9692 -25.5546
v -22.8780 -15.0722 -26.4346
v -22.8545 -15.2232 -26.5646
v -23.4231 -15.2452 -26.6546
v -20.9669 -16.0802 -28.2645
v -5.2552 -8.1172 -29.9746
v -5.8269 -7.2892 -29.1046
v -6.0584 -7.0222 -28.6345
v -6.9379 -7.3082 -29.0646
v -6.2833 -8.0992 -29.7645
v -7.6415 -7.9362 -27.6445
v -8.1026 -8.0422 -28.0346
v -6.8174 -9.0162 -29.3346
v -7.4971 -8.0362 -27.6145
v -7.6531 -8.0572 -27.2246
v -8.5757 -8.1322 -27.7146
v -8.1203 -8.1772 -28.1145
v -7.7524 -8.1322 -27.0746
v -8.9686 -9.2742 -27.5346
v -8.6243 -8.4072 -25.9546
v -8.7337 -8.9162 -25.9746
v -9.6940 -9.6212 -25.7846
v -10.3073 -9.3972 -25.2046
v -9.1887 -9.9102 -27.0746
v -13.8390 -11.4392 -25.4846
v -13.3118 -11.7632 -26.0646
v -14.2522 -11.8612 -25.7346
v -14.2053 -12.0272 -25.8945
v -12.5171 -12.1912 -25.7246
v -12.4467 -12.0212 -25.8546
v -14.7095 -11.9442 -24.3346
v -15.2492 -12.7932 -26.1245
v -15.7810 -12.5442 -25.6846
v -15.0137 -12.8762 -26.0446
v -13.2758 -11.9802 -24.8246
v -14.5309 -12.0672 -24.4146
v -15.6776 -12.4692 -25.0246
v -15.5049 -12.6422 -24.7746
v -15.6940 -12.8722 -24.6445
v -16.8877 -12.6722 -25.6646
v -16.9242 -12.7472 -25.7545
v -17.3381 -12.8162 -25.5145
v -16.8122 -12.9272 -25.9945
v -17.2286 -12.9692 -25.6345
v -19.1879 -14.2612 -27.1245
v -19.1088 -14.3972 -27.3446
v -19.2308 -14.4322 -27.3346
v -19.8130 -14.4842 -26.9346
v -20.3300 -15.5422 -28.7946
v -21.3622 -15.2832 -28.3745
v -15.5170 -13.1642 -25.1046
v -16.0047 -13.6712 -25.7846
v -15.6946 -13.5132 -25.5746
v -19.5884 -14.0362 -26.0446
v -19.6400 -14.6252 -26.9046
v -19.6072 -14.6652 -26.4246
v -21.1469 -15.2582 -28.1345
v -22.3406 -15.4372 -27.9746
v -21.7244 -15.2192 -27.2246
v -21.6949 -15.1902 -27.3146
v -21.4838 -15.2992 -27.3745
v -5.9740 -8.2592 -30.0346
v -5.9889 -8.5962 -29.3146
v -5.9947 -7.6562 -28.7346
v -6.5215 -8.1592 -29.5546
v -7.4868 -8.2132 -28.2746
v -7.9925 -8.8622 -28.4346
v -8.2331 -9.6892 -28.3146
v -8.0391 -9.3202 -26.9746
v -9.0213 -9.6512 -27.4746
v -8.2657 -9.7272 -26.8945
v -9.2227 -9.6992 -26.0546
v -12.8174 -11.6662 -25.7146
v -11.5359 -12.8992 -27.5346
v -12.3578 -12.6542 -27.4846
v -13.8819 -12.1832 -26.2746
v -12.0929 -13.4632 -28.5145
v -13.8422 -12.4382 -26.4746
v -14.2050 -13.4222 -27.2846
v -14.6389 -13.3012 -27.0946
v -15.5626 -13.4762 -27.1345
v -14.0793 -12.3662 -24.9046
v -13.6300 -12.2642 -24.8745
v -16.3532 -13.0862 -26.3945
v -15.7852 -13.4432 -27.0145
v -16.4938 -13.3712 -26.5045
v -16.2235 -13.6702 -26.6046
v -15.4334 -12.8262 -24.8146
v -18.8345 -14.4112 -27.3645
v -17.6190 -14.9662 -28.2545
v -18.7717 -14.4192 -26.7445
v -15.9626 -15.7462 -29.4646
v -18.0749 -14.7782 -27.2545
v -20.4948 -15.5942 -28.9046
v -20.6107 -15.5662 -27.8745
v -5.2779 -8.2982 -29.5846
v -5.8176 -8.8982 -29.7645
v -6.1029 -8.1392 -28.8645
v -6.4932 -8.9522 -28.6746
v -5.8006 -9.5122 -29.3845
v -6.7250 -9.7262 -29.6946
v -7.3799 -9.9852 -27.8645
v -7.9733 -10.0142 -27.3446
v -12.8186 -13.1702 -27.8046
v -15.0044 -13.8412 -27.7346
v -12.1882 -13.3272 -26.9246
v -12.7096 -13.1622 -26.4446
v -14.1247 -13.5012 -26.4546
v -14.1713 -14.2352 -27.0045
v -14.7240 -14.5412 -27.7545
v -19.8083 -15.7172 -29.0846
v -19.6624 -15.7422 -28.9046
v -19.2037 -15.9542 -28.7645
v -20.0499 -16.2112 -29.2846
v -19.5206 -16.0142 -29.5145
v -17.7106 -15.5122 -27.9546
v -17.2593 -15.5212 -27.8645
v -19.8551 -16.0292 -28.2346
v -18.3966 -16.5292 -28.9446
v -20.3428 -15.8762 -27.9846
v -19.1247 -16.0442 -28.6445
v -5.0224 -9.0052 -30.8845
v -4.1315 -9.4262 -31.3745
v -4.3958 -9.0222 -30.8546
v -4.6521 -8.7472 -30.5246
v -4.5803 -8.8402 -30.4046
v -4.7853 -9.6112 -30.4646
v -6.2270 -9.3322 -29.8246
v -4.7771 -9.7132 -30.6046
v -5.7377 -9.7002 -29.4346
v -6.1311 -10.6272 -29.1646
v -7.4339 -10.2982 -29.0846
v -7.6517 -10.3312 -28.8546
v -7.4103 -10.5192 -29.0446
v -7.7900 -10.5162 -28.0546
v -7.8951 -10.5102 -28.0946
v -7.4691 -10.6162 -28.2846
v -11.6879 -13.0172 -28.0646
v -11.7372 -12.7262 -27.0946
v -11.6326 -12.8802 -27.2246
v -12.4758 -14.5282 -29.1646
v -11.9499 -14.9532 -29.8645
v -13.0759 -14.0722 -28.1746
v -12.9601 -14.1552 -27.9146
v -13.3959 -13.8902 -27.4346
v -14.0325 -14.3952 -28.6445
v -14.3802 -14.2712 -28.3945
v -12.5467 -13.6362 -27.1445
v -12.9289 -13.4312 -26.8945
v -13.9281 -13.5842 -26.7445
v -13.8402 -13.6382 -26.8346
v -14.8625 -14.0682 -27.9945
v -14.8125 -14.4242 -28.1046
v -16.5000 -15.7972 -29.4945
v -17.8572 -15.2952 -28.4246
v -13.6443 -15.0902 -28.3945
v -15.3420 -16.0962 -29.5145
v -16.7282 -15.6392 -28.2445
v -18.7779 -16.1572 -29.7645
v -19.0637 -16.3002 -29.8246
v -18.5612 -16.4002 -28.8645
v -18.7969 -16.8532 -29.7545
v -4.3823 -9.6132 -31.4446
v -4.6204 -9.6402 -31.3446
v -4.4413 -9.6552 -30.5646
v -5.3790 -9.6502 -30.0646
v -5.4195 -9.9302 -30.6445
v -6.3720 -10.5122 -30.0746
v -5.9936 -11.3182 -30.2046
v -11.6060 -13.0762 -28.1546
v -11.0145 -13.7652 -29.1646
v -10.7976 -13.8642 -29.2346
v -10.8463 -13.7202 -28.8246
v -12.1399 -13.8332 -28.8046
v -11.2802 -14.0342 -28.2146
v -12.5325 -13.5432 -28.2846
v -11.7148 -14.5492 -28.7645
v -11.4911 -14.6792 -28.8246
v -12.9238 -14.9332 -29.5746
v -13.2848 -14.9162 -29.4246
v -11.8304 -14.0942 -27.9246
v -13.2775 -14.4832 -27.6145
v -14.5924 -16.3562 -30.5546
v -16.4040 -16.0952 -29.4446
v -16.0645 -15.8962 -29.7946
v -17.1805 -16.6992 -30.4746
v -16.9940 -16.7292 -30.3546
v -16.2106 -15.8752 -28.6746
v -14.9470 -16.7362 -29.9646
v -16.1531 -16.0562 -28.7946
v -17.7981 -16.9492 -29.3845
v -17.6133 -16.6192 -29.4246
v -17.9157 -17.2042 -29.8146
v -18.3464 -16.9942 -29.4945
v -3.5367 -9.8282 -31.6245
v -3.5150 -10.1012 -31.2146
v -3.7928 -10.5002 -31.0446
v -4.6674 -10.4612 -31.3446
v -4.9963 -10.4342 -31.1445
v -4.5687 -10.4202 -30.4546
v -3.9301 -10.4482 -31.9146
v -5.6207 -10.7072 -30.7246
v -3.9858 -11.2722 -31.9346
v -6.0125 -10.8482 -30.3845
v -5.6923 -11.2172 -30.6046
v -5.6945 -11.1252 -29.6546
v -5.1934 -11.3732 -30.0646
v -11.1436 -14.5292 -30.0145
v -11.1099 -14.1892 -29.7046
v -11.8798 -13.9642 -29.0846
v -11.5022 -14.7282 -28.9646
v -12.9662 -15.1582 -29.7445
v -12.5139 -15.2272 -29.9945
v -12.8774 -15.5072 -29.3645
v -14.9763 -16.2872 -30.5946
v -12.6214 -14.4152 -28.0846
v -12.8048 -15.3312 -28.7246
v -12.3779 -15.3152 -28.8046
v -16.1312 -16.0142 -29.8046
v -16.5884 -16.9092 -30.8146
v -15.4494 -17.2842 -31.3546
v -16.9837 -16.9302 -29.7146
v -17.1989 -16.9472 -29.5946
v -16.3375 -17.0952 -30.1746
v -3.4332 -10.2592 -32.0746
v -2.8575 -10.3982 -32.0746
v -2.8190 -10.6922 -31.7046
v -2.8776 -10.3622 -31.8346
v -3.6969 -10.5312 -32.0746
v -4.0298 -11.4512 -30.8246
v -4.7295 -11.3972 -31.3945
v -5.1739 -11.2212 -31.0646
v -4.4030 -12.0272 -31.3645
v -9.9205 -14.8172 -30.5145
v -10.2637 -14.6802 -30.4646
v -10.0223 -15.3742 -31.3346
v -10.7377 -15.1712 -30.7746
v -11.1141 -15.3422 -30.6746
v -10.7850 -14.9782 -29.3046
v -12.1988 -15.5792 -30.3645
v -10.6317 -16.4442 -30.5045
v -11.0940 -15.2442 -29.4346
v -11.8402 -15.3372 -29.0246
v -10.7998 -16.4252 -30.4546
v -12.9498 -17.1152 -31.9446
v -13.9380 -16.6992 -31.3146
v -16.0037 -17.2122 -31.3346
v -15.9014 -17.1292 -31.1546
v -14.5352 -16.5002 -30.1046
v -14.7995 -16.8242 -30.1345
v -15.5961 -17.2752 -30.9446
v -15.4602 -17.7972 -30.8146
v -16.3205 -17.6392 -31.0946
v -16.3149 -17.6192 -30.4146
v -16.5896 -17.6132 -30.3845
v -2.4057 -11.0102 -32.7445
v -2.4701 -11.2542 -32.8745
v -2.2340 -11.7062 -33.1245
v -3.0870 -11.2822 -32.5446
v -2.4434 -12.4812 -32.9446
v -4.1652 -12.0742 -30.9546
v -3.1391 -12.5842 -31.5846
v -2.7402 -12.6882 -32.5846
v -9.2698 -15.5782 -31.5646
v -9.8489 -14.9312 -30.2445
v -10.1177 -15.5582 -31.4546
v -9.6621 -15.6962 -30.5746
v -10.3368 -15.2522 -29.7846
v -12.0334 -15.8152 -30.4945
v -10.8041 -15.3012 -29.5646
v -11.0637 -15.7562 -29.7246
v -11.5056 -16.1912 -30.5045
v -14.1547 -16.7622 -31.3346
v -14.1783 -16.9302 -31.3745
v -14.7118 -16.8202 -30.9146
v -14.0734 -17.0962 -31.4246
v -13.6583 -16.8422 -30.8745
v -13.1791 -17.1262 -31.1145
v -14.2272 -17.8082 -31.7846
v -14.6052 -17.6892 -32.1646
v -15.0082 -17.6272 -31.9846
v -13.9968 -16.7272 -30.5246
v -14.0508 -16.7662 -30.4546
v -14.7773 -17.7252 -31.1946
v -1.8267 -11.1832 -32.5946
v -1.8722 -11.2342 -32.4046
v -1.1260 -11.7872 -32.9646
v -2.5292 -11.6602 -31.8346
v -8.8061 -16.1062 -31.7445
v -10.0750 -16.0462 -30.4446
v -10.9181 -15.9942 -31.3146
v -10.8485 -16.1962 -31.4846
v -9.4172 -16.6042 -32.5946
v -12.3024 -17.4672 -31.8845
v -12.4684 -17.3342 -32.1445
v -13.1709 -17.2502 -32.1046
v -13.0776 -17.6172 -32.0846
v -13.0875 -17.6372 -31.9846
v -13.3810 -18.0862 -32.7846
v -14.0383 -17.9422 -31.7445
v -13.6081 -18.4912 -31.9945
v -12.8447 -18.7162 -32.4146
v -13.2764 -18.2742 -33.0145
v -12.5753 -18.6422 -33.4446
v -0.3084 -12.3692 -33.8645
v -1.2131 -11.8562 -32.7946
v -1.0322 -12.2092 -32.8546
v -1.8278 -11.4482 -33.1345
v -1.2926 -12.8472 -32.5246
v -1.6436 -12.4252 -33.5946
v -1.8522 -12.7372 -32.1646
v -1.3043 -13.2482 -33.7545
v -2.7195 -12.5252 -31.6746
v -2.3381 -12.9002 -32.0045
v -2.7643 -12.8702 -32.1946
v -9.0775 -15.9712 -32.1746
v -8.8563 -16.0272 -32.0846
v -9.8643 -16.1362 -32.0346
v -10.1484 -16.6402 -32.1445
v -9.7218 -17.0392 -32.5646
v -10.1726 -16.8982 -32.0246
v -9.9668 -17.0562 -31.7445
v -9.3251 -16.3802 -31.1546
v -8.8153 -17.1242 -31.8246
v -11.3569 -17.8392 -33.1046
v -11.7377 -17.8222 -32.1046
v -12.2740 -17.7022 -31.7246
v -14.0567 -18.4252 -32.4246
v -0.3563 -12.3142 -33.6245
v -0.6880 -12.0732 -33.3346
v -0.7212 -13.0602 -32.9246
v -0.5070 -12.8532 -34.4046
v -1.2179 -12.5522 -33.9146
v -1.2187 -13.0312 -32.5646
v -1.6019 -13.3482 -33.3546
v -8.3747 -16.9282 -33.1846
v -8.5887 -16.7252 -32.9945
v -8.5798 -16.8572 -33.1145
v -8.2214 -17.0842 -32.3146
v -10.6077 -18.1502 -33.4546
v -11.5143 -17.9102 -32.2645
v -11.9783 -17.9382 -32.9746
v -11.1887 -18.5522 -32.9546
v -12.0355 -18.5742 -33.5246
v -12.3365 -18.6032 -32.8246
v -0.4904 -13.0602 -34.4846
v -0.0391 -12.9382 -34.4746
v 0.1308 -12.8262 -33.8246
v -0.2143 -13.1942 -33.3146
v -0.8558 -13.6542 -34.0546
v -0.8179 -13.6652 -33.0246
v -0.4581 -13.6842 -33.1746
v -1.3165 -13.6112 -33.0846
v -7.9048 -17.4632 -33.7346
v -8.0742 -17.6882 -33.9146
v -8.6756 -17.8462 -33.4446
v -8.3897 -18.1702 -33.3146
v -10.4962 -18.3892 -33.8446
v -10.7343 -18.4292 -33.7445
v -9.6455 -18.5282 -34.0746
v -10.0618 -18.3922 -33.9246
v -7.7320 -17.6712 -32.7846
v -8.5773 -17.8122 -32.3146
v -10.5052 -18.4412 -32.8046
v -10.6820 -18.3182 -32.7246
v -9.9008 -18.6402 -33.1846
v -10.7010 -18.6622 -33.5846
v -10.9489 -18.9392 -34.1546
v -12.0195 -18.6562 -33.6946
v -11.2625 -19.2272 -34.0846
v -11.8213 -19.2392 -33.6646
v -11.6581 -19.3852 -33.6345
v -11.4630 -18.4302 -32.5646
v -10.0907 -19.5682 -33.7645
v 0.3194 -13.1282 -34.2146
v -0.1699 -13.6622 -34.6646
v 0.3635 -13.7112 -33.9446
v -0.2358 -13.9542 -34.4646
v -7.6573 -17.7772 -34.0946
v -6.6630 -18.4502 -34.5746
v -7.2120 -18.2462 -33.2346
v -7.2307 -19.0422 -34.1046
v -8.0290 -18.4452 -33.2445
v -9.2406 -18.6922 -34.3845
v -9.2447 -18.7912 -34.5045
v -9.1123 -18.9752 -33.5145
v -9.3707 -18.9762 -34.4746
v -10.0754 -19.4222 -33.9346
v -9.9815 -19.2372 -34.6445
v -10.1163 -19.2302 -34.6445
v -10.2034 -19.1752 -34.5446
v -8.2357 -19.7322 -34.5746
v -9.5688 -19.2842 -33.5145
v -10.4550 -19.5572 -33.5846
v -6.9785 -18.3902 -34.7146
v -7.0730 -18.4132 -34.7545
v -6.3409 -18.8052 -34.0946
v -6.8405 -18.2352 -33.8745
v -6.8059 -18.5462 -33.6245
v -8.4856 -19.2372 -34.9746
v -8.3748 -18.9862 -34.7246
v -7.0902 -18.7322 -33.3645
v -6.6907 -19.2542 -33.8246
v -8.4018 -19.2362 -33.8645
v -8.4926 -19.3072 -33.7046
v -8.6269 -19.2732 -33.6345
v -9.8451 -20.0292 -34.4246
v -8.2597 -20.3442 -34.3546
v -10.1583 -20.0162 -34.0746
v -6.0772 -18.9512 -34.4945
v -6.3359 -19.2992 -35.4746
v -5.4184 -19.8872 -35.8945
v -6.1595 -19.2052 -35.4146
v -6.6546 -19.2602 -35.2645
v -6.0275 -19.0532 -34.3945
v -5.9157 -19.2202 -34.4046
v -6.8942 -19.2112 -34.8845
v -7.9035 -19.4512 -35.3246
v -7.5520 -19.3812 -35.3246
v -8.4847 -19.6482 -35.2846
v -8.4820 -20.0822 -35.4246
v -7.5936 -19.5472 -34.3046
v -6.8021 -20.0202 -34.4546
v -8.0868 -20.1142 -34.5346
v -8.5181 -20.2372 -35.2746
v -9.1259 -20.3592 -34.2445
v -7.9158 -20.8462 -34.9846
v -5.6762 -19.3892 -35.0646
v -6.8134 -20.2552 -36.0546
v -7.2009 -20.1342 -35.9346
v -8.1386 -20.1022 -35.6245
v -6.8547 -20.3842 -36.1046
v -6.3328 -20.1422 -34.7445
v -6.9510 -20.9112 -35.9546
v -6.9284 -20.1062 -34.3146
v -7.5694 -20.3012 -34.5145
v -7.6632 -20.9772 -34.9046
v -5.2827 -20.1222 -36.1345
v -5.1624 -19.9382 -35.3845
v -5.2764 -20.5292 -36.4646
v -5.2176 -19.9172 -34.9346
v -5.1095 -20.0862 -34.9446
v -5.3089 -20.1122 -34.7046
v -7.0546 -20.4932 -36.0746
v -6.8394 -20.8312 -36.1046
v -5.7077 -21.5572 -36.4246
v -5.7882 -20.0552 -34.4646
v -5.7520 -20.9092 -34.7346
v -6.8612 -20.8182 -34.6646
v -5.0728 -21.9562 -35.2746
v -4.5031 -20.6712 -35.8046
v -4.3775 -20.8772 -35.4945
v -4.5612 -20.8202 -36.5746
v -4.9414 -20.9072 -34.9546
v -5.5227 -21.9882 -35.9146
v -4.4712 -20.8042 -36.3446
v -4.3998 -20.9692 -36.5346
v -4.7755 -21.6912 -36.8446
v -5.3143 -21.7762 -36.5546
v -5.0129 -22.2722 -35.5346
v -4.4222 -21.7132 -35.3745
v -4.4578 -21.6492 -36.7746
v -4.3244 -22.4252 -36.0946
v -4.2784 -22.4432 -35.9546
v -4.5207 -22.4602 -35.9646
f 1 2 3
f 4 5 6
f 7 4 6
f 5 4 8
f 8 4 9
f 1 8 9
f 8 1 3
f 8 3 10
f 3 11 10
f 12 13 11
f 5 14 6
f 8 15 5
f 5 16 14
f 5 15 16
f 6 14 17
f 17 14 16
f 8 10 15
f 15 10 16
f 11 18 10
f 10 18 16
f 11 13 18
f 13 19 18
f 20 17 16
f 6 17 20
f 21 6 20
f 22 6 21
f 23 22 21
f 20 23 21
f 16 24 20
f 24 25 20
f 18 19 16
f 19 26 16
f 24 16 26
f 27 28 3
f 3 28 29
f 28 30 31
f 30 28 32
f 9 4 33
f 4 34 33
f 35 36 1
f 1 36 27
f 1 9 35
f 33 35 9
f 33 27 35
f 3 2 1
f 3 1 37
f 1 27 37
f 3 37 27
f 27 36 35
f 3 29 12
f 31 12 29
f 28 31 29
f 31 30 38
f 38 39 31
f 39 38 40
f 7 41 4
f 4 41 42
f 43 33 34
f 43 34 42
f 4 42 34
f 11 3 12
f 31 44 45
f 45 46 12
f 45 12 31
f 39 44 31
f 39 40 47
f 47 44 39
f 47 48 44
f 7 6 22
f 7 22 49
f 12 46 13
f 13 46 50
f 46 45 44
f 51 46 44
f 44 52 51
f 44 48 52
f 53 54 52
f 48 53 52
f 22 23 55
f 56 49 22
f 56 22 55
f 23 57 55
f 58 56 55
f 19 50 26
f 13 50 19
f 50 59 26
f 46 60 50
f 51 60 46
f 50 60 59
f 51 52 60
f 61 60 62
f 52 62 60
f 63 61 62
f 52 54 62
f 62 54 63
f 64 23 20
f 65 24 26
f 24 65 25
f 65 20 25
f 59 66 26
f 61 67 60
f 60 67 59
f 59 67 66
f 64 20 65
f 66 65 26
f 66 68 65
f 68 66 69
f 66 67 69
f 32 70 71
f 70 32 71
f 72 73 70
f 70 74 72
f 75 27 76
f 27 76 28
f 28 76 71
f 32 28 71
f 27 75 76
f 71 76 77
f 76 27 77
f 32 71 30
f 71 70 30
f 78 30 70
f 78 79 30
f 79 40 30
f 72 79 78
f 40 79 80
f 70 72 78
f 70 73 72
f 72 80 79
f 72 73 80
f 81 33 43
f 43 82 81
f 33 81 27
f 27 81 83
f 83 84 27
f 27 84 77
f 84 85 86
f 38 30 40
f 40 80 87
f 87 80 88
f 89 88 80
f 90 91 92
f 43 42 82
f 93 82 42
f 81 82 2
f 2 82 93
f 2 94 83
f 2 93 94
f 2 83 81
f 94 95 96
f 94 84 83
f 94 96 84
f 84 96 85
f 96 97 85
f 86 85 97
f 40 87 47
f 47 88 48
f 87 88 47
f 92 49 90
f 90 49 56
f 49 92 7
f 92 90 49
f 90 92 49
f 91 98 92
f 92 99 41
f 92 100 99
f 100 92 98
f 92 41 7
f 100 41 99
f 41 100 101
f 41 102 42
f 41 101 102
f 93 42 102
f 101 103 102
f 93 95 94
f 93 104 95
f 105 96 95
f 96 105 106
f 97 96 106
f 88 53 48
f 53 63 54
f 53 88 107
f 107 88 108
f 107 108 109
f 53 107 109
f 58 110 56
f 58 55 111
f 111 55 57
f 110 58 111
f 102 104 93
f 103 104 102
f 95 104 112
f 95 112 105
f 112 104 113
f 106 105 112
f 114 106 115
f 112 113 115
f 112 115 106
f 109 116 53
f 117 111 57
f 57 118 117
f 118 57 23
f 119 118 23
f 103 120 104
f 113 104 121
f 67 61 122
f 61 123 122
f 63 124 61
f 64 119 23
f 65 125 64
f 64 125 126
f 119 64 126
f 68 125 65
f 125 68 127
f 67 128 69
f 129 69 128
f 122 130 67
f 67 130 128
f 129 128 130
f 122 131 130
f 123 61 124
f 132 126 125
f 68 69 129
f 68 129 127
f 133 68 127
f 127 68 133
f 133 125 127
f 129 130 134
f 129 134 135
f 130 135 134
f 136 127 129
f 135 136 129
f 131 122 137
f 71 138 70
f 71 139 138
f 140 139 71
f 138 139 140
f 71 139 140
f 73 72 74
f 74 70 138
f 140 74 138
f 73 74 141
f 73 141 142
f 142 143 73
f 143 144 73
f 139 71 145
f 71 77 145
f 144 80 73
f 144 89 80
f 144 146 147
f 77 84 86
f 77 86 145
f 86 148 145
f 148 86 149
f 150 145 148
f 89 108 88
f 89 147 108
f 147 151 108
f 151 147 152
f 147 89 144
f 152 147 153
f 154 98 91
f 86 97 149
f 97 155 149
f 149 155 148
f 108 151 156
f 151 157 156
f 151 152 157
f 90 56 110
f 91 90 110
f 158 91 110
f 159 91 158
f 158 110 154
f 98 160 100
f 98 154 160
f 110 100 160
f 160 154 110
f 101 100 161
f 162 161 100
f 106 114 97
f 97 114 155
f 148 155 163
f 148 163 164
f 164 163 165
f 156 109 108
f 109 156 166
f 157 166 156
f 111 100 110
f 162 100 111
f 161 167 101
f 167 161 162
f 167 162 117
f 162 111 117
f 168 103 101
f 168 101 167
f 167 169 168
f 169 103 168
f 170 155 114
f 171 114 115
f 170 114 171
f 171 115 172
f 155 170 163
f 170 171 173
f 170 173 174
f 173 171 172
f 170 165 163
f 170 174 165
f 53 116 63
f 118 175 117
f 117 176 167
f 169 177 103
f 120 121 104
f 177 120 103
f 177 121 120
f 177 178 121
f 178 177 169
f 179 121 178
f 113 121 180
f 121 181 180
f 113 180 115
f 115 180 172
f 172 180 182
f 180 183 182
f 172 182 184
f 173 172 184
f 173 184 174
f 63 185 124
f 118 119 175
f 175 119 186
f 187 186 119
f 179 181 121
f 185 123 124
f 185 188 123
f 132 187 126
f 187 119 126
f 187 132 186
f 189 190 130
f 131 189 130
f 131 137 189
f 189 137 191
f 191 192 189
f 123 137 122
f 188 137 123
f 193 132 125
f 127 136 133
f 136 135 133
f 136 133 135
f 136 194 133
f 195 133 194
f 196 136 135
f 130 196 135
f 190 196 130
f 194 196 190
f 196 194 136
f 194 197 195
f 190 189 192
f 192 194 190
f 141 198 199
f 198 200 199
f 200 201 199
f 199 201 142
f 140 139 202
f 140 202 203
f 202 198 74
f 74 198 141
f 140 203 74
f 203 202 74
f 203 198 202
f 143 146 144
f 143 141 142
f 142 141 143
f 142 141 199
f 143 142 201
f 204 205 143
f 143 205 146
f 204 143 201
f 146 205 206
f 139 145 202
f 145 150 207
f 145 208 202
f 208 145 207
f 146 153 147
f 146 206 153
f 150 164 207
f 206 209 153
f 209 210 153
f 211 212 91
f 211 91 159
f 211 213 212
f 213 91 212
f 214 215 91
f 91 215 154
f 148 164 150
f 164 216 207
f 216 217 207
f 218 211 159
f 158 218 159
f 219 218 158
f 158 154 218
f 218 154 220
f 158 218 219
f 164 165 216
f 166 157 221
f 152 222 157
f 165 174 223
f 165 223 224
f 165 224 163
f 166 116 109
f 225 226 116
f 166 225 116
f 221 225 166
f 176 169 167
f 117 175 176
f 227 178 169
f 228 178 227
f 184 223 174
f 63 116 185
f 226 185 116
f 229 175 230
f 175 229 231
f 186 230 175
f 230 186 232
f 179 178 233
f 233 178 234
f 228 234 178
f 179 235 181
f 233 235 179
f 235 180 181
f 236 180 235
f 237 184 182
f 238 184 237
f 132 232 186
f 234 232 132
f 239 234 132
f 183 180 236
f 236 240 183
f 182 183 237
f 185 241 188
f 242 185 226
f 242 241 185
f 193 239 132
f 243 125 133
f 191 137 244
f 244 192 191
f 245 244 137
f 188 245 137
f 243 133 195
f 243 195 197
f 243 246 125
f 246 243 197
f 193 125 246
f 197 194 247
f 248 194 249
f 194 192 249
f 248 247 194
f 201 250 251
f 203 202 208
f 203 208 250
f 200 198 203
f 250 200 203
f 208 252 250
f 250 203 200
f 203 250 200
f 200 250 201
f 201 253 204
f 204 253 205
f 253 201 251
f 205 254 206
f 253 251 205
f 255 205 251
f 255 254 205
f 206 254 256
f 257 258 255
f 208 207 252
f 256 209 206
f 209 256 259
f 254 260 256
f 207 217 261
f 207 261 252
f 252 261 262
f 209 263 210
f 211 264 213
f 265 266 213
f 91 213 214
f 215 267 154
f 154 268 220
f 268 269 220
f 220 269 270
f 268 154 267
f 269 271 270
f 217 272 261
f 153 222 152
f 210 222 153
f 222 210 273
f 264 211 218
f 274 220 154
f 220 274 154
f 274 218 220
f 274 275 218
f 270 274 220
f 271 275 274
f 271 274 270
f 222 273 157
f 157 273 276
f 216 277 217
f 216 165 277
f 221 276 278
f 276 279 278
f 157 276 221
f 276 280 279
f 276 273 280
f 176 175 231
f 176 281 169
f 282 283 176
f 176 283 281
f 281 227 169
f 281 284 227
f 227 284 228
f 165 163 224
f 165 224 285
f 225 221 286
f 221 278 286
f 278 279 287
f 286 278 287
f 288 229 289
f 288 231 229
f 229 230 232
f 234 290 232
f 232 290 229
f 228 290 234
f 284 290 228
f 289 229 290
f 234 291 233
f 292 235 233
f 291 292 233
f 291 234 293
f 184 238 294
f 184 294 223
f 223 294 295
f 294 238 296
f 294 296 295
f 285 224 297
f 223 295 297
f 224 223 297
f 286 298 225
f 298 226 225
f 286 299 298
f 234 239 293
f 292 291 293
f 300 292 293
f 236 301 240
f 237 183 302
f 183 240 302
f 238 237 303
f 303 237 302
f 296 238 303
f 242 304 241
f 298 305 306
f 226 298 306
f 226 306 242
f 307 304 305
f 305 304 306
f 298 299 305
f 193 293 239
f 300 293 193
f 308 300 193
f 301 236 309
f 309 236 235
f 310 301 309
f 301 311 240
f 302 240 312
f 313 245 188
f 314 313 188
f 241 314 188
f 242 306 304
f 241 304 314
f 304 307 314
f 299 315 305
f 246 197 308
f 246 308 193
f 308 197 316
f 197 247 317
f 317 318 197
f 319 249 192
f 244 245 192
f 313 320 245
f 197 318 321
f 247 248 322
f 248 249 319
f 323 248 319
f 319 192 324
f 325 324 192
f 325 326 324
f 319 324 323
f 245 325 192
f 245 320 325
f 320 326 325
f 250 327 251
f 251 327 328
f 328 327 329
f 327 250 329
f 330 255 251
f 255 330 257
f 329 251 328
f 330 251 329
f 257 254 255
f 257 255 258
f 330 329 331
f 330 331 257
f 254 258 260
f 257 258 254
f 260 258 332
f 257 332 258
f 332 257 258
f 332 258 257
f 250 252 262
f 256 260 259
f 260 332 259
f 333 259 332
f 259 333 334
f 259 334 335
f 263 209 259
f 263 259 335
f 335 336 263
f 335 337 336
f 336 338 263
f 264 266 265
f 264 265 213
f 339 213 266
f 264 340 266
f 340 264 218
f 339 266 340
f 213 339 340
f 341 340 218
f 215 342 267
f 269 268 271
f 343 268 267
f 268 343 271
f 261 272 262
f 263 338 210
f 273 210 338
f 273 338 344
f 345 344 338
f 338 336 345
f 341 218 219
f 273 344 280
f 346 347 280
f 344 345 346
f 280 344 346
f 347 346 345
f 348 283 282
f 349 281 283
f 349 350 281
f 348 349 283
f 217 277 272
f 272 277 351
f 351 277 352
f 280 347 279
f 353 287 279
f 347 353 279
f 353 347 354
f 347 355 354
f 231 288 176
f 288 282 176
f 348 282 288
f 356 288 357
f 281 350 358
f 281 358 284
f 165 285 277
f 285 352 277
f 285 359 352
f 287 353 360
f 353 354 361
f 360 353 361
f 284 289 290
f 357 288 289
f 297 359 285
f 352 359 362
f 286 287 360
f 286 360 363
f 286 363 299
f 363 360 364
f 364 360 361
f 364 361 363
f 300 365 292
f 365 366 292
f 365 367 366
f 366 368 292
f 367 368 366
f 297 295 369
f 295 370 369
f 371 297 369
f 297 371 359
f 299 372 373
f 299 363 372
f 374 375 376
f 375 377 376
f 375 300 377
f 365 300 374
f 300 375 374
f 367 378 368
f 292 309 235
f 368 309 292
f 368 379 309
f 379 310 309
f 311 301 310
f 312 240 311
f 380 312 381
f 382 295 296
f 380 303 302
f 303 380 383
f 296 303 383
f 383 382 296
f 312 380 302
f 295 382 370
f 307 305 315
f 384 315 299
f 315 384 385
f 299 386 384
f 386 385 384
f 386 299 373
f 373 372 386
f 372 387 386
f 377 300 308
f 308 388 377
f 308 389 388
f 390 389 308
f 391 388 389
f 310 392 311
f 392 393 311
f 310 379 394
f 394 392 310
f 393 312 311
f 383 395 382
f 380 381 396
f 383 380 395
f 395 380 396
f 395 396 381
f 314 307 397
f 315 398 307
f 398 397 307
f 385 398 315
f 197 321 316
f 399 316 321
f 321 318 399
f 318 317 247
f 322 248 323
f 313 400 320
f 314 401 313
f 401 314 397
f 397 402 401
f 397 403 402
f 398 403 397
f 398 385 403
f 404 403 385
f 405 318 247
f 322 406 247
f 406 405 247
f 323 324 407
f 407 322 323
f 326 408 324
f 324 408 407
f 408 326 409
f 400 326 320
f 326 400 410
f 409 326 410
f 313 411 400
f 400 411 410
f 401 411 313
f 401 402 411
f 402 412 411
f 411 412 410
f 413 410 412
f 414 329 415
f 415 329 250
f 414 331 329
f 331 414 415
f 415 416 331
f 416 257 331
f 416 332 257
f 416 417 332
f 417 333 332
f 417 418 333
f 333 418 419
f 250 262 420
f 415 250 420
f 421 415 420
f 332 422 333
f 333 423 334
f 423 337 334
f 333 422 332
f 423 424 337
f 213 340 425
f 420 262 426
f 426 262 427
f 426 421 420
f 421 426 428
f 427 428 426
f 335 334 337
f 429 336 337
f 429 337 424
f 215 430 340
f 430 215 431
f 430 431 215
f 430 215 340
f 430 340 341
f 341 219 432
f 433 343 267
f 433 267 342
f 343 433 434
f 343 434 435
f 272 427 262
f 272 436 427
f 428 427 437
f 427 436 437
f 336 429 345
f 218 275 271
f 218 434 219
f 218 271 435
f 343 435 271
f 435 434 218
f 437 436 438
f 345 355 439
f 439 347 345
f 439 355 347
f 355 345 429
f 348 440 441
f 349 348 441
f 441 442 349
f 272 351 436
f 436 351 438
f 351 443 438
f 443 444 438
f 438 444 445
f 355 446 354
f 446 355 447
f 448 446 447
f 449 441 440
f 449 440 356
f 348 356 440
f 356 348 288
f 450 356 451
f 450 449 356
f 358 451 284
f 451 289 284
f 350 452 358
f 358 452 451
f 352 362 443
f 443 351 352
f 443 453 444
f 361 354 446
f 454 361 446
f 446 448 454
f 451 356 357
f 357 289 451
f 362 359 443
f 443 359 455
f 443 456 453
f 455 456 443
f 457 456 455
f 458 453 456
f 456 457 458
f 459 365 374
f 365 459 460
f 365 460 461
f 460 462 461
f 461 367 365
f 367 462 461
f 359 463 455
f 457 455 463
f 463 464 457
f 361 372 363
f 361 454 372
f 454 465 372
f 454 466 465
f 465 466 467
f 468 374 376
f 459 374 469
f 374 468 469
f 376 470 471
f 376 471 367
f 367 461 462
f 376 367 462
f 367 379 378
f 379 368 378
f 471 379 367
f 371 463 359
f 463 371 369
f 463 369 472
f 463 472 464
f 464 473 474
f 472 473 464
f 457 464 474
f 372 475 387
f 372 476 475
f 372 465 476
f 467 476 465
f 388 391 377
f 377 391 376
f 376 391 470
f 391 471 470
f 391 389 390
f 477 379 471
f 470 471 391
f 470 391 478
f 391 479 478
f 379 480 394
f 477 480 379
f 394 480 392
f 480 481 392
f 482 369 370
f 472 369 482
f 472 482 483
f 473 472 483
f 473 483 474
f 386 387 404
f 475 484 387
f 475 476 484
f 387 484 485
f 390 308 316
f 479 391 390
f 390 486 479
f 316 399 487
f 316 487 390
f 486 390 487
f 480 488 481
f 392 489 393
f 392 481 489
f 381 312 490
f 490 312 393
f 491 393 489
f 490 393 491
f 490 395 381
f 490 492 395
f 370 382 493
f 493 382 395
f 370 493 482
f 482 493 494
f 482 494 483
f 385 386 404
f 403 404 485
f 387 485 404
f 495 318 405
f 487 399 318
f 487 318 495
f 495 496 487
f 496 495 497
f 495 405 497
f 498 405 406
f 322 498 406
f 395 499 500
f 395 500 493
f 403 501 402
f 501 502 402
f 485 501 403
f 485 503 501
f 503 504 501
f 485 505 503
f 504 503 505
f 485 506 505
f 506 485 507
f 322 407 508
f 508 407 408
f 508 408 509
f 408 510 509
f 511 509 510
f 511 510 409
f 510 408 409
f 409 410 413
f 511 409 512
f 409 413 512
f 513 514 412
f 412 514 413
f 412 402 513
f 502 513 402
f 501 504 502
f 513 502 504
f 512 413 515
f 515 413 514
f 513 516 514
f 415 417 416
f 419 417 517
f 419 418 417
f 421 428 518
f 417 415 517
f 518 415 421
f 423 333 419
f 423 519 424
f 423 419 520
f 521 423 520
f 419 521 520
f 519 423 522
f 521 522 423
f 522 521 523
f 425 340 430
f 213 425 214
f 524 425 430
f 342 525 433
f 215 525 342
f 215 214 525
f 518 428 526
f 437 526 428
f 526 527 518
f 518 527 528
f 424 522 429
f 522 529 429
f 519 522 424
f 522 519 530
f 519 522 530
f 523 530 522
f 522 530 529
f 433 525 434
f 527 526 531
f 527 531 532
f 355 429 529
f 437 438 533
f 526 437 531
f 533 532 531
f 534 533 445
f 533 531 437
f 533 534 532
f 535 532 534
f 536 442 537
f 537 442 441
f 441 449 537
f 536 537 449
f 538 350 349
f 538 539 350
f 350 539 452
f 445 533 438
f 445 444 534
f 444 540 534
f 534 540 535
f 541 447 355
f 449 450 542
f 450 543 542
f 542 536 449
f 544 451 452
f 544 543 451
f 543 450 451
f 545 543 544
f 453 546 444
f 444 546 540
f 540 546 535
f 447 547 448
f 447 541 548
f 548 547 447
f 453 458 546
f 458 549 546
f 454 448 466
f 466 448 547
f 547 548 550
f 459 469 551
f 551 469 552
f 553 462 460
f 553 461 462
f 460 459 551
f 460 551 553
f 461 554 462
f 553 554 461
f 462 367 461
f 458 457 555
f 555 549 458
f 556 555 557
f 547 550 466
f 467 466 550
f 469 468 376
f 558 462 376
f 376 462 469
f 469 462 558
f 558 376 462
f 555 457 474
f 474 559 555
f 476 467 484
f 477 478 560
f 477 471 470
f 478 477 470
f 561 480 477
f 559 557 555
f 479 486 562
f 562 478 479
f 563 562 486
f 563 478 562
f 563 486 561
f 486 480 561
f 486 564 488
f 486 488 480
f 488 565 481
f 489 481 566
f 491 489 566
f 483 567 568
f 474 483 569
f 483 568 569
f 559 474 569
f 569 568 570
f 569 571 559
f 569 570 571
f 485 484 507
f 564 486 487
f 496 564 487
f 481 565 566
f 566 565 572
f 566 573 491
f 573 490 491
f 573 574 490
f 490 574 492
f 492 499 395
f 575 493 500
f 499 576 500
f 576 575 500
f 494 493 575
f 577 494 575
f 578 494 577
f 483 494 567
f 568 579 570
f 568 567 579
f 567 494 578
f 567 578 579
f 579 578 580
f 570 579 580
f 506 581 505
f 582 497 405
f 564 496 583
f 583 496 497
f 498 582 405
f 497 582 584
f 582 498 508
f 322 508 498
f 492 574 585
f 585 499 492
f 576 499 585
f 586 575 576
f 585 587 576
f 587 586 576
f 586 577 575
f 581 504 505
f 588 513 504
f 581 588 504
f 509 589 508
f 590 508 589
f 589 511 591
f 509 511 589
f 589 591 592
f 511 512 591
f 591 512 515
f 515 514 593
f 516 593 514
f 594 516 513
f 516 594 593
f 593 594 595
f 513 588 594
f 595 594 588
f 590 589 592
f 592 591 596
f 596 591 597
f 515 593 598
f 598 591 515
f 598 597 591
f 520 419 517
f 528 520 517
f 528 517 415
f 419 520 521
f 520 528 599
f 520 523 521
f 599 523 520
f 600 525 214
f 600 601 525
f 415 518 528
f 530 523 602
f 341 524 430
f 219 434 603
f 603 434 219
f 434 604 219
f 525 604 434
f 525 605 604
f 527 532 528
f 529 541 355
f 530 606 529
f 606 541 529
f 530 607 606
f 606 607 541
f 538 608 539
f 609 532 610
f 611 442 536
f 611 536 542
f 612 536 542
f 612 611 542
f 538 349 442
f 545 544 452
f 535 610 532
f 546 610 535
f 551 613 553
f 553 613 614
f 614 613 615
f 546 549 616
f 546 616 617
f 618 551 619
f 552 620 621
f 621 551 552
f 621 619 551
f 615 614 622
f 554 553 614
f 614 615 554
f 615 623 554
f 556 549 555
f 556 616 549
f 624 616 556
f 554 625 462
f 625 558 462
f 558 625 552
f 552 469 558
f 625 623 552
f 623 625 554
f 626 560 627
f 477 560 628
f 477 629 561
f 629 477 628
f 630 628 560
f 628 630 629
f 629 630 561
f 561 630 563
f 484 467 631
f 478 632 627
f 563 632 478
f 627 560 478
f 630 632 563
f 630 563 561
f 563 630 561
f 559 571 633
f 564 565 488
f 583 565 564
f 488 565 583
f 583 565 488
f 634 565 583
f 565 488 572
f 565 572 488
f 635 572 565
f 580 571 570
f 578 636 580
f 580 636 637
f 636 638 637
f 633 571 580
f 507 639 506
f 639 581 506
f 497 584 640
f 583 497 640
f 641 583 640
f 641 640 584
f 641 642 583
f 643 584 582
f 644 566 572
f 566 574 573
f 566 645 574
f 644 645 566
f 585 574 645
f 645 646 585
f 647 646 645
f 648 585 646
f 648 587 585
f 586 587 577
f 577 587 649
f 587 650 649
f 649 650 651
f 650 652 651
f 577 579 578
f 579 577 649
f 579 649 653
f 653 649 651
f 653 651 652
f 579 653 638
f 578 579 638
f 578 638 636
f 654 655 581
f 655 588 581
f 639 654 581
f 656 643 657
f 584 643 656
f 641 584 656
f 641 656 658
f 643 582 657
f 657 582 508
f 590 657 508
f 659 593 595
f 595 588 660
f 595 660 661
f 595 661 659
f 662 661 660
f 662 660 588
f 588 663 662
f 663 588 655
f 662 663 664
f 657 590 665
f 666 665 590
f 596 666 592
f 666 590 592
f 667 666 596
f 597 598 596
f 596 598 668
f 598 669 668
f 596 668 667
f 667 668 669
f 598 593 669
f 670 669 671
f 669 593 659
f 659 671 669
f 661 671 659
f 524 672 673
f 674 673 672
f 524 672 675
f 524 674 672
f 425 600 214
f 600 601 214
f 674 524 673
f 672 524 341
f 675 425 524
f 676 601 600
f 677 601 676
f 601 677 604
f 528 678 599
f 602 523 599
f 599 678 602
f 599 678 679
f 678 599 679
f 680 681 602
f 680 602 678
f 680 678 679
f 601 605 525
f 605 601 604
f 605 677 604
f 604 677 605
f 609 528 532
f 528 609 679
f 528 679 678
f 679 609 682
f 680 683 681
f 684 683 680
f 607 530 685
f 611 612 442
f 612 538 442
f 612 542 536
f 543 612 542
f 686 612 542
f 612 686 542
f 545 539 608
f 539 545 452
f 545 687 543
f 545 608 688
f 689 545 688
f 687 689 690
f 690 689 688
f 687 545 689
f 607 685 541
f 541 685 548
f 624 691 617
f 691 546 617
f 691 610 546
f 610 691 609
f 624 609 691
f 614 615 622
f 618 613 551
f 618 622 613
f 615 613 622
f 616 624 617
f 620 619 621
f 619 620 692
f 615 622 554
f 615 693 620
f 622 615 554
f 622 693 615
f 622 615 623
f 615 622 623
f 694 550 548
f 620 552 615
f 623 615 552
f 626 695 560
f 626 627 696
f 626 697 695
f 630 560 695
f 695 698 630
f 698 630 699
f 630 698 699
f 556 557 700
f 701 467 702
f 696 627 632
f 557 559 633
f 557 633 703
f 633 704 703
f 484 631 507
f 701 631 467
f 631 701 507
f 635 565 634
f 705 706 635
f 633 580 637
f 633 637 704
f 639 507 707
f 507 708 707
f 709 708 507
f 642 710 634
f 634 583 642
f 710 642 641
f 635 634 710
f 572 635 658
f 644 572 658
f 635 711 658
f 635 712 711
f 713 645 644
f 645 713 714
f 715 646 647
f 646 715 648
f 652 650 716
f 638 653 652
f 638 717 637
f 637 717 704
f 718 717 638
f 639 707 654
f 707 719 654
f 654 719 655
f 708 719 707
f 641 658 720
f 721 641 720
f 710 641 721
f 658 656 722
f 723 658 722
f 723 644 658
f 713 644 723
f 714 647 645
f 714 724 647
f 724 725 647
f 647 725 715
f 648 715 725
f 726 648 725
f 648 726 727
f 727 650 648
f 648 650 587
f 726 728 727
f 727 728 650
f 650 729 716
f 730 662 664
f 730 661 662
f 730 731 732
f 664 663 733
f 664 731 730
f 664 733 731
f 734 663 655
f 663 734 733
f 655 719 734
f 735 722 656
f 736 723 722
f 736 722 735
f 736 735 737
f 656 657 665
f 735 656 665
f 735 665 737
f 738 666 739
f 665 666 738
f 740 738 739
f 666 667 741
f 666 741 739
f 667 669 742
f 669 743 742
f 671 661 670
f 670 744 669
f 744 670 732
f 669 744 743
f 661 732 670
f 661 730 732
f 732 731 745
f 741 667 746
f 741 746 739
f 600 425 747
f 672 341 432
f 672 425 675
f 432 425 672
f 748 432 425
f 749 675 425
f 425 750 748
f 748 425 432
f 601 600 747
f 747 214 601
f 600 214 747
f 751 600 747
f 677 752 753
f 600 677 676
f 600 752 677
f 754 432 219
f 604 677 219
f 677 754 219
f 754 425 432
f 677 753 754
f 684 680 679
f 680 683 684
f 683 680 684
f 683 684 755
f 682 684 679
f 755 684 682
f 538 612 686
f 756 538 686
f 349 538 757
f 349 757 538
f 608 538 688
f 685 530 758
f 681 758 602
f 683 759 681
f 681 759 758
f 530 602 758
f 758 759 760
f 685 758 760
f 543 687 612
f 761 612 687
f 682 609 624
f 548 762 694
f 685 762 548
f 763 762 685
f 619 764 618
f 765 618 764
f 622 618 765
f 692 693 766
f 693 692 620
f 682 624 767
f 697 768 769
f 770 697 769
f 697 770 771
f 624 556 767
f 700 772 556
f 556 772 767
f 773 702 467
f 550 773 467
f 697 626 768
f 774 768 626
f 696 774 626
f 696 775 774
f 697 771 695
f 771 698 695
f 630 698 699
f 776 699 698
f 700 557 777
f 772 700 777
f 702 773 709
f 630 696 632
f 630 699 696
f 774 696 778
f 778 696 776
f 557 703 777
f 777 703 779
f 777 779 780
f 701 709 507
f 702 709 701
f 773 781 709
f 709 781 782
f 779 703 704
f 708 783 784
f 783 708 709
f 709 785 783
f 783 785 784
f 786 710 787
f 710 721 788
f 705 710 786
f 710 788 787
f 705 635 710
f 712 635 706
f 712 789 711
f 652 716 638
f 729 790 716
f 729 791 790
f 638 716 718
f 717 792 793
f 718 792 717
f 716 790 718
f 790 792 718
f 717 793 704
f 792 794 793
f 708 795 719
f 784 795 708
f 796 721 720
f 720 658 721
f 796 658 711
f 796 720 721
f 796 721 658
f 789 796 711
f 797 713 723
f 789 797 723
f 723 736 789
f 713 797 714
f 797 798 714
f 724 714 798
f 724 799 726
f 726 725 724
f 799 800 726
f 726 801 728
f 728 801 802
f 803 650 728
f 728 802 803
f 729 650 804
f 802 805 803
f 803 804 650
f 805 804 803
f 729 804 791
f 731 806 745
f 731 733 806
f 806 733 807
f 734 808 733
f 733 808 807
f 734 719 809
f 734 809 808
f 719 795 809
f 809 795 810
f 736 737 665
f 811 736 812
f 736 665 812
f 812 665 738
f 738 813 812
f 813 738 740
f 814 742 743
f 814 743 815
f 743 744 816
f 744 732 816
f 732 745 817
f 817 745 806
f 806 807 817
f 813 740 739
f 818 739 746
f 819 818 742
f 746 667 742
f 818 746 742
f 425 675 820
f 425 748 750
f 750 425 748
f 753 748 425
f 750 748 821
f 748 753 821
f 753 822 821
f 822 753 823
f 823 753 752
f 751 752 600
f 751 823 752
f 425 754 753
f 757 824 825
f 757 756 824
f 757 538 756
f 686 612 761
f 825 538 757
f 538 757 826
f 538 826 688
f 825 757 538
f 757 827 826
f 828 690 826
f 826 690 688
f 827 757 825
f 828 687 690
f 683 829 755
f 829 683 755
f 755 682 829
f 683 760 759
f 760 830 685
f 755 760 683
f 829 760 755
f 760 831 830
f 829 831 760
f 758 685 832
f 833 834 765
f 835 765 764
f 765 836 837
f 829 682 838
f 832 763 758
f 763 685 758
f 832 685 830
f 832 830 763
f 839 840 763
f 839 763 830
f 841 839 830
f 619 835 764
f 842 692 766
f 693 842 766
f 622 765 837
f 837 693 622
f 837 836 843
f 682 844 838
f 844 682 767
f 762 763 840
f 840 694 762
f 694 840 845
f 840 839 845
f 767 772 844
f 845 550 694
f 846 773 550
f 846 550 845
f 768 774 847
f 848 847 775
f 768 847 769
f 847 849 850
f 769 847 850
f 850 770 769
f 846 851 773
f 845 852 846
f 853 851 854
f 851 846 854
f 847 774 775
f 696 774 775
f 774 778 855
f 855 778 776
f 776 698 699
f 698 776 699
f 771 856 776
f 698 771 776
f 772 777 857
f 858 772 857
f 781 773 851
f 781 851 859
f 851 853 859
f 853 860 859
f 860 853 854
f 860 861 859
f 699 776 696
f 777 780 862
f 857 777 863
f 777 862 863
f 781 864 782
f 859 864 781
f 865 782 864
f 859 861 864
f 864 861 865
f 705 866 867
f 867 866 705
f 704 868 780
f 779 704 780
f 862 780 869
f 785 709 782
f 870 871 785
f 782 870 785
f 782 865 870
f 705 786 872
f 872 786 787
f 787 788 872
f 705 872 866
f 788 873 872
f 866 706 705
f 712 706 874
f 706 866 874
f 791 875 790
f 790 875 794
f 791 876 875
f 794 792 790
f 794 875 876
f 876 793 794
f 793 876 877
f 793 877 704
f 877 868 704
f 877 878 868
f 877 876 878
f 868 879 780
f 879 868 878
f 785 880 784
f 880 785 871
f 784 881 882
f 871 881 880
f 880 881 784
f 873 788 721
f 873 721 796
f 883 796 712
f 883 873 796
f 712 796 789
f 884 885 886
f 887 789 712
f 736 884 789
f 789 888 797
f 797 888 798
f 886 712 789
f 886 789 884
f 789 887 888
f 887 889 888
f 890 724 798
f 890 799 724
f 726 800 801
f 799 801 800
f 891 801 799
f 801 892 802
f 893 894 802
f 892 893 802
f 894 805 802
f 895 896 805
f 791 804 896
f 805 896 804
f 807 808 897
f 898 817 807
f 897 898 807
f 897 810 899
f 898 897 899
f 808 809 810
f 808 810 897
f 810 900 901
f 810 795 900
f 899 810 901
f 795 784 882
f 795 882 900
f 884 736 811
f 884 811 902
f 903 884 902
f 885 884 903
f 902 811 812
f 902 812 904
f 902 904 905
f 904 812 813
f 742 814 906
f 815 743 816
f 816 732 817
f 815 816 817
f 899 817 898
f 904 813 907
f 907 813 739
f 739 818 907
f 907 818 819
f 819 742 906
f 749 425 750
f 749 820 675
f 820 747 425
f 750 821 822
f 822 823 908
f 909 824 910
f 910 824 911
f 824 909 825
f 761 756 686
f 911 824 756
f 911 756 761
f 687 826 761
f 828 826 687
f 912 761 826
f 828 912 826
f 835 913 914
f 914 765 835
f 765 914 833
f 914 915 833
f 834 833 915
f 916 835 917
f 917 835 619
f 917 619 918
f 918 916 917
f 836 837 843
f 831 841 830
f 841 831 829
f 829 919 841
f 619 692 918
f 836 842 693
f 692 842 918
f 836 693 837
f 844 920 838
f 921 919 841
f 841 919 921
f 829 838 919
f 845 839 922
f 845 922 852
f 841 922 839
f 841 923 922
f 919 923 841
f 772 920 844
f 919 838 921
f 838 920 921
f 923 919 921
f 922 923 852
f 923 924 852
f 925 924 923
f 926 847 848
f 927 926 848
f 849 928 850
f 929 930 850
f 856 771 770
f 770 850 856
f 856 850 931
f 850 930 931
f 772 858 920
f 858 921 920
f 846 852 854
f 852 925 854
f 932 854 925
f 925 852 924
f 855 848 775
f 775 774 855
f 855 930 848
f 855 776 856
f 856 930 855
f 931 930 856
f 860 854 932
f 924 932 925
f 862 869 863
f 863 933 857
f 858 857 933
f 932 934 860
f 860 934 861
f 861 934 935
f 934 932 936
f 867 866 872
f 867 937 866
f 780 879 869
f 869 879 938
f 939 938 879
f 938 939 940
f 940 941 938
f 863 869 933
f 942 933 869
f 941 942 869
f 869 938 941
f 943 871 870
f 870 865 943
f 865 861 935
f 865 935 943
f 944 867 872
f 872 945 944
f 946 872 873
f 937 874 866
f 947 874 937
f 712 874 887
f 874 889 887
f 948 889 874
f 949 950 896
f 896 950 791
f 950 876 791
f 876 875 951
f 875 876 951
f 878 952 953
f 952 878 876
f 954 952 876
f 878 953 879
f 879 953 939
f 881 871 955
f 871 943 956
f 871 956 955
f 956 957 955
f 943 957 956
f 883 712 886
f 886 958 883
f 883 959 873
f 959 883 958
f 958 886 959
f 889 960 888
f 888 960 961
f 960 962 961
f 961 798 888
f 961 890 798
f 891 890 961
f 890 891 799
f 891 892 801
f 892 963 893
f 891 963 892
f 805 894 893
f 893 895 805
f 964 895 893
f 895 949 896
f 965 899 966
f 965 966 900
f 901 900 899
f 900 966 899
f 967 900 882
f 967 882 968
f 969 968 882
f 882 881 955
f 969 882 955
f 955 970 969
f 970 968 969
f 886 885 971
f 971 885 903
f 902 971 903
f 902 972 971
f 972 902 905
f 904 907 973
f 974 814 815
f 817 899 815
f 975 815 899
f 907 976 973
f 907 819 976
f 976 819 906
f 977 751 820
f 977 978 751
f 908 749 822
f 908 979 749
f 749 979 820
f 979 980 820
f 751 747 820
f 977 820 980
f 749 750 822
f 751 908 823
f 909 981 825
f 912 828 826
f 982 983 984
f 983 912 984
f 981 985 825
f 985 827 825
f 910 911 986
f 910 986 984
f 982 984 986
f 982 987 984
f 911 761 986
f 982 986 761
f 982 761 983
f 912 983 761
f 913 835 916
f 765 834 988
f 913 916 918
f 836 989 843
f 842 836 918
f 836 837 918
f 837 836 918
f 843 989 836
f 918 836 989
f 765 988 836
f 989 836 988
f 988 918 989
f 926 849 847
f 926 990 991
f 849 926 991
f 991 990 926
f 991 992 849
f 993 849 992
f 928 849 993
f 850 928 929
f 921 925 923
f 994 925 921
f 927 991 926
f 995 991 927
f 921 858 994
f 994 924 925
f 924 994 996
f 996 994 858
f 997 927 848
f 930 997 848
f 929 998 930
f 999 996 1000
f 932 924 936
f 936 924 1001
f 996 1001 924
f 942 1000 933
f 858 933 996
f 933 1000 996
f 1000 942 1002
f 936 1003 934
f 1004 1003 936
f 1001 1004 936
f 945 867 944
f 867 945 1005
f 1005 937 867
f 1006 942 941
f 1007 935 934
f 935 1007 943
f 1003 1007 934
f 1007 1003 943
f 943 1003 1008
f 1003 1009 1008
f 946 1010 872
f 948 874 947
f 1011 948 947
f 950 949 1012
f 1012 1013 950
f 950 1013 876
f 876 1013 954
f 1013 1014 954
f 1015 1014 1013
f 1016 954 1014
f 952 954 953
f 1017 940 953
f 1017 953 954
f 954 1018 1017
f 1017 1018 940
f 1019 1020 1018
f 939 953 940
f 940 1018 1020
f 955 957 970
f 970 1021 968
f 1022 1023 970
f 1021 970 1023
f 1022 943 1008
f 943 1022 957
f 1009 1022 1008
f 970 957 1022
f 1024 873 959
f 1024 946 873
f 959 1025 1026
f 960 889 948
f 948 1027 960
f 962 891 961
f 962 1028 891
f 891 1029 963
f 1029 891 1030
f 1031 1029 1030
f 964 893 1032
f 893 963 1032
f 964 1033 895
f 1034 964 1035
f 1033 964 1034
f 964 1034 1035
f 1032 1034 964
f 967 965 900
f 965 967 1036
f 1036 1037 965
f 1036 967 968
f 1025 959 886
f 971 1027 1025
f 971 1025 886
f 1038 971 1039
f 1039 971 972
f 1027 971 1038
f 1038 1039 1027
f 972 905 904
f 972 904 1040
f 904 973 1041
f 1040 904 1041
f 1041 1042 1043
f 976 1041 973
f 1044 1029 976
f 1029 1041 976
f 1029 1042 1041
f 1031 1042 1029
f 906 1044 976
f 963 1044 1032
f 963 1029 1044
f 1044 906 1032
f 1032 906 814
f 814 906 1045
f 906 814 1045
f 1045 814 974
f 1032 814 1046
f 1046 814 1045
f 1046 1045 1047
f 1047 1045 974
f 974 815 975
f 975 1047 974
f 974 1047 1048
f 1049 1047 975
f 1049 899 965
f 975 899 1049
f 965 1050 1049
f 1050 1051 1049
f 1052 1053 1054
f 979 1054 1053
f 1055 1053 1052
f 979 1054 980
f 1054 977 980
f 1054 1053 1056
f 1053 1054 979
f 1056 1057 1054
f 1054 979 1052
f 979 1058 1052
f 1059 1058 979
f 1059 979 908
f 978 908 751
f 1060 908 978
f 1060 978 977
f 908 1061 1059
f 909 910 1062
f 985 981 1063
f 981 909 1063
f 985 1063 827
f 1062 910 909
f 909 910 1062
f 1062 910 984
f 984 912 826
f 984 826 827
f 913 915 914
f 1064 834 915
f 1065 913 915
f 918 915 913
f 1066 915 918
f 849 1067 991
f 992 991 1067
f 992 1068 993
f 991 1067 849
f 1067 991 990
f 991 1069 990
f 1069 991 995
f 928 993 1068
f 928 1070 1071
f 995 927 1072
f 997 1073 927
f 930 1073 997
f 1073 930 1074
f 1075 929 1076
f 1075 998 929
f 998 1075 1074
f 998 1074 930
f 1001 996 999
f 999 1000 1002
f 1077 1078 1002
f 1002 1078 1079
f 1079 1001 999
f 1079 1080 1001
f 1079 999 1002
f 1001 1080 1004
f 1004 1080 1079
f 1004 1079 1003
f 945 1081 1005
f 1081 1082 1005
f 947 937 1005
f 1083 947 1005
f 1005 1082 1083
f 1020 1084 940
f 1085 1084 1020
f 1020 1019 1085
f 1006 941 1084
f 940 1084 941
f 942 1006 1002
f 1002 1006 1077
f 1077 1006 1084
f 1079 1009 1003
f 1079 1086 1009
f 1087 1086 1079
f 1081 945 872
f 872 1010 1081
f 1081 1010 1088
f 1024 1010 946
f 1024 1089 1010
f 947 1083 1011
f 1011 1083 1090
f 1090 1083 1091
f 1090 948 1011
f 1027 948 1090
f 1090 1091 1027
f 1091 1092 1027
f 1093 1094 1095
f 1096 1097 1093
f 1093 1095 1096
f 1033 949 895
f 1098 1099 1033
f 1099 949 1033
f 1099 1100 949
f 1012 1015 1013
f 1014 1015 1101
f 1014 1101 1016
f 1101 1102 1016
f 1102 954 1016
f 1019 1102 1103
f 954 1019 1018
f 1102 1019 954
f 1104 968 1021
f 1104 1021 1105
f 1023 1106 1021
f 1105 1021 1106
f 1022 1009 1023
f 1106 1023 1009
f 1106 1009 1086
f 1024 959 1089
f 1026 1089 959
f 1026 1094 1092
f 1094 1026 1027
f 1027 1026 1025
f 1094 1027 1092
f 1094 960 1027
f 1093 960 1094
f 960 1028 962
f 1093 1028 960
f 1028 1030 891
f 1107 1031 1030
f 1107 1030 1028
f 1031 1108 1042
f 1107 1108 1031
f 1028 1108 1107
f 1109 1034 1032
f 1109 1035 1034
f 1034 1035 1033
f 1098 1033 1035
f 1049 1110 1111
f 965 1037 1050
f 1037 1036 1112
f 1112 1036 968
f 1104 1112 968
f 1027 1039 1113
f 1113 1039 1114
f 1113 1114 1043
f 1115 1039 1113
f 1043 1039 972
f 1043 972 1040
f 1043 1114 1039
f 1116 1040 1041
f 1108 1043 1042
f 1047 1048 1046
f 1032 1046 1109
f 1117 1046 1048
f 1046 1035 1109
f 1046 1117 1035
f 1049 1048 1047
f 974 1048 1047
f 1048 1049 1117
f 1117 1049 1111
f 1053 1118 1119
f 1053 1055 1118
f 1057 1056 1053
f 1120 1054 1057
f 1120 977 1054
f 1120 978 977
f 978 1120 977
f 1120 1060 977
f 1120 1121 1060
f 1060 1121 1122
f 1052 1059 1055
f 1058 1059 1052
f 1122 908 1060
f 1121 908 1122
f 1062 1123 909
f 1124 909 1125
f 1062 1126 1123
f 1124 1125 909
f 1127 1124 1125
f 1127 1125 909
f 1127 909 1123
f 909 1128 1063
f 1128 987 1063
f 1128 909 1129
f 1062 984 1126
f 1130 1126 984
f 987 1128 1130
f 987 827 1063
f 827 987 984
f 1130 984 987
f 982 984 987
f 1131 1065 1132
f 1064 915 913
f 1064 913 1065
f 1131 1064 1065
f 1064 915 1133
f 834 1064 915
f 988 834 915
f 1064 1134 915
f 1065 915 1066
f 1066 1135 1136
f 1137 1136 1135
f 1135 1138 1137
f 1066 1136 1065
f 1139 1135 988
f 1135 918 988
f 915 1139 988
f 1139 915 1135
f 1134 1135 915
f 1134 1138 1135
f 1135 1066 918
f 1140 1067 990
f 1140 1068 992
f 1067 1140 992
f 928 1068 1070
f 1070 1141 1071
f 995 990 1069
f 1142 995 1072
f 928 1071 929
f 1073 1072 927
f 1073 1143 1072
f 1076 1144 1075
f 1076 1074 1075
f 1076 1075 1144
f 1081 1145 1146
f 1147 1082 1081
f 1148 1149 1077
f 1077 1150 1078
f 1149 1150 1077
f 1150 1079 1078
f 1145 1081 1151
f 1152 1145 1151
f 1081 1088 1151
f 1088 1152 1151
f 1082 1147 1153
f 1082 1153 1083
f 1102 1154 1103
f 1103 1154 1155
f 1103 1156 1019
f 1155 1157 1156
f 1156 1103 1155
f 1019 1158 1085
f 1019 1156 1158
f 1084 1148 1077
f 1084 1085 1148
f 1148 1085 1158
f 1159 1106 1086
f 1086 1160 1159
f 1150 1086 1079
f 1086 1087 1079
f 1150 1160 1086
f 1160 1079 1150
f 1079 1160 1150
f 1089 1088 1010
f 1161 1088 1089
f 1083 1092 1091
f 1083 1162 1092
f 1163 1095 1094
f 1095 1163 1094
f 1097 1028 1093
f 1095 1163 1096
f 1098 1164 1165
f 1164 1098 1166
f 1167 1164 1166
f 1165 1099 1098
f 1099 1165 1100
f 1012 949 1100
f 1168 1169 1100
f 1012 1169 1015
f 1100 1169 1012
f 1101 1015 1170
f 1170 1015 1169
f 1101 1171 1102
f 1172 1171 1170
f 1170 1171 1101
f 1173 1174 1175
f 1104 1176 1175
f 1174 1112 1175
f 1104 1105 1176
f 1177 1176 1105
f 1159 1105 1106
f 1178 1161 1089
f 1089 1026 1092
f 1092 1178 1089
f 1178 1092 1161
f 1113 1094 1027
f 1094 1179 1092
f 1094 1113 1179
f 1092 1095 1094
f 1092 1179 1180
f 1095 1092 1181
f 1028 1182 1108
f 1097 1182 1028
f 1183 1043 1108
f 1166 1035 1184
f 1166 1184 1185
f 1035 1117 1184
f 1117 1186 1184
f 1184 1166 1185
f 1166 1098 1035
f 1111 1110 1187
f 1117 1111 1165
f 1185 1117 1165
f 1168 1187 1110
f 1165 1111 1168
f 1168 1111 1187
f 1165 1168 1100
f 1188 1110 1049
f 1050 1037 1174
f 1050 1174 1189
f 1051 1050 1189
f 1037 1112 1174
f 1112 1104 1175
f 1180 1179 1113
f 1113 1039 1115
f 1190 1113 1115
f 1043 1040 1116
f 1190 1041 1182
f 1115 1113 1043
f 1116 1115 1043
f 1190 1116 1041
f 1041 1043 1182
f 1117 1184 1186
f 1053 1191 1057
f 1191 1120 1057
f 1120 1192 1193
f 1118 1055 1059
f 1194 1118 1059
f 1195 1196 1121
f 1195 1197 1196
f 1193 1121 1120
f 1193 1195 1121
f 908 1121 1061
f 1196 1061 1121
f 1059 1197 1194
f 1129 909 1125
f 1127 1126 1198
f 1126 1127 1123
f 1199 1126 1130
f 1129 1130 1128
f 1199 1130 1200
f 1129 1200 1130
f 915 1064 1133
f 1134 1064 1133
f 1134 1133 1201
f 1202 1065 1203
f 1065 1136 1203
f 1137 1204 1136
f 1137 1138 1204
f 1205 1068 1206
f 1141 1070 1207
f 1068 1140 1206
f 1140 990 1206
f 990 995 1208
f 1206 990 1208
f 1207 1070 1068
f 1209 1210 1072
f 929 1071 1211
f 929 1211 1212
f 929 1212 1076
f 1143 1209 1072
f 1143 1073 1212
f 1076 1212 1074
f 1143 1212 1209
f 1073 1074 1212
f 1213 1081 1146
f 1081 1213 1147
f 1146 1214 1213
f 1153 1147 1215
f 1216 1217 1148
f 1216 1218 1217
f 1219 1150 1149
f 1148 1217 1149
f 1149 1217 1219
f 1149 1150 1219
f 1219 1220 1149
f 1221 1145 1222
f 1223 1145 1152
f 1222 1145 1221
f 1145 1223 1221
f 1153 1215 1083
f 1102 1171 1154
f 1154 1171 1224
f 1154 1224 1155
f 1155 1225 1157
f 1158 1226 1148
f 1226 1158 1157
f 1158 1156 1157
f 1148 1226 1216
f 1227 1226 1157
f 1228 1159 1229
f 1228 1229 1230
f 1149 1160 1150
f 1159 1160 1229
f 1231 1160 1149
f 1231 1229 1160
f 1229 1231 1230
f 1223 1152 1088
f 1161 1232 1088
f 1088 1232 1223
f 1232 1161 1233
f 1223 1232 1234
f 1234 1232 1233
f 1083 1235 1233
f 1162 1083 1233
f 1233 1161 1162
f 1161 1092 1162
f 1236 1095 1181
f 1163 1095 1236
f 1237 1096 1163
f 1097 1096 1237
f 1238 1237 1163
f 1097 1237 1182
f 1237 1183 1182
f 1237 1239 1183
f 1166 1240 1167
f 1166 1241 1240
f 1164 1242 1165
f 1242 1164 1167
f 1169 1243 1244
f 1168 1188 1169
f 1188 1245 1169
f 1169 1245 1243
f 1169 1244 1170
f 1244 1172 1170
f 1171 1172 1224
f 1243 1172 1244
f 1189 1174 1173
f 1176 1173 1175
f 1173 1176 1177
f 1177 1246 1173
f 1177 1105 1228
f 1228 1105 1159
f 1180 1181 1092
f 1180 1190 1247
f 1248 1181 1180
f 1247 1249 1180
f 1247 1190 1250
f 1183 1182 1043
f 1182 1183 1108
f 1182 1183 1250
f 1241 1166 1251
f 1251 1166 1252
f 1252 1166 1184
f 1251 1252 1184
f 1184 1185 1253
f 1164 1165 1242
f 1110 1188 1168
f 1049 1051 1188
f 1188 1051 1254
f 1254 1051 1189
f 1254 1189 1255
f 1190 1180 1113
f 1116 1190 1115
f 1185 1184 1117
f 1184 1185 1117
f 1184 1117 1185
f 1120 1191 1256
f 1256 1194 1119
f 1191 1119 1194
f 1191 1053 1119
f 1192 1120 1256
f 1257 1258 1192
f 1119 1118 1256
f 1194 1256 1118
f 1059 1061 1197
f 1192 1258 1193
f 1196 1197 1061
f 1193 1258 1195
f 1258 1197 1195
f 1259 1125 1260
f 1127 1260 1124
f 1124 1261 1125
f 1261 1124 1260
f 1259 1129 1125
f 1200 1128 1129
f 1259 1200 1129
f 1198 1126 1199
f 1200 1198 1199
f 1128 1200 1129
f 1202 1131 1132
f 1202 1132 1065
f 1064 1132 1133
f 1064 1131 1132
f 1201 1133 1132
f 1138 1134 1204
f 1136 1134 1262
f 1136 1204 1134
f 1262 1263 1136
f 1204 1136 1138
f 1136 1204 1138
f 1205 1208 1264
f 1207 1068 1265
f 1265 1068 1205
f 1141 1207 1265
f 1205 1206 1208
f 995 1142 1208
f 1071 1141 1211
f 1142 1072 1210
f 1209 1266 1210
f 1212 1266 1209
f 1210 1266 1267
f 1268 1269 1221
f 1221 1269 1270
f 1268 1221 1270
f 1221 1268 1270
f 1221 1222 1268
f 1145 1221 1146
f 1214 1146 1221
f 1221 1270 1214
f 1271 1221 1223
f 1272 1213 1214
f 1272 1215 1213
f 1147 1213 1215
f 1235 1215 1273
f 1215 1274 1273
f 1215 1272 1274
f 1275 1218 1216
f 1218 1220 1217
f 1220 1219 1217
f 1275 1220 1218
f 1276 1149 1220
f 1272 1223 1234
f 1223 1272 1271
f 1233 1277 1234
f 1272 1234 1277
f 1233 1235 1277
f 1215 1235 1083
f 1238 1163 1278
f 1278 1236 1279
f 1279 1280 1278
f 1278 1280 1238
f 1280 1281 1238
f 1280 1239 1281
f 1282 1172 1283
f 1155 1224 1225
f 1282 1225 1224
f 1172 1282 1224
f 1225 1282 1227
f 1225 1227 1157
f 1226 1227 1275
f 1275 1216 1226
f 1228 1230 1284
f 1228 1284 1177
f 1177 1284 1246
f 1276 1230 1231
f 1276 1231 1149
f 1285 1236 1181
f 1286 1236 1285
f 1163 1236 1278
f 1238 1281 1237
f 1239 1237 1281
f 1183 1239 1287
f 1183 1287 1288
f 1289 1239 1288
f 1239 1183 1288
f 1240 1241 1251
f 1242 1167 1164
f 1167 1290 1164
f 1245 1172 1243
f 1245 1283 1172
f 1245 1188 1254
f 1245 1254 1283
f 1254 1291 1283
f 1173 1246 1255
f 1255 1189 1173
f 1246 1292 1293
f 1248 1294 1181
f 1248 1180 1249
f 1247 1295 1249
f 1295 1247 1296
f 1296 1247 1250
f 1250 1190 1289
f 1190 1250 1289
f 1289 1250 1239
f 1250 1289 1296
f 1190 1182 1250
f 1250 1183 1239
f 1184 1297 1251
f 1298 1297 1184
f 1298 1299 1297
f 1298 1297 1299
f 1299 1251 1297
f 1184 1251 1298
f 1251 1184 1253
f 1297 1298 1251
f 1300 1251 1253
f 1297 1251 1300
f 1301 1297 1300
f 1185 1165 1164
f 1290 1185 1164
f 1302 1185 1290
f 1302 1253 1185
f 1191 1303 1304
f 1303 1191 1305
f 1303 1305 1306
f 1305 1191 1194
f 1191 1304 1256
f 1192 1256 1304
f 1304 1257 1191
f 1192 1304 1191
f 1257 1192 1191
f 1257 1197 1258
f 1307 1194 1197
f 1257 1307 1197
f 1307 1305 1194
f 1257 1308 1307
f 1197 1309 1257
f 1310 1260 1127
f 1310 1127 1198
f 1125 1261 1260
f 1259 1260 1200
f 1198 1311 1310
f 1310 1311 1312
f 1200 1311 1198
f 1311 1200 1313
f 1314 1315 1201
f 1314 1201 1315
f 1132 1131 1202
f 1202 1065 1316
f 1316 1065 1202
f 1132 1314 1201
f 1201 1263 1134
f 1203 1317 1202
f 1317 1203 1136
f 1318 1317 1136
f 1134 1263 1262
f 1205 1264 1265
f 1319 1264 1320
f 1208 1320 1264
f 1321 1141 1265
f 1142 1210 1322
f 1322 1210 1323
f 1267 1323 1210
f 1324 1323 1267
f 1141 1325 1211
f 1325 1326 1211
f 1266 1327 1267
f 1266 1212 1211
f 1327 1266 1211
f 1268 1270 1269
f 1269 1270 1268
f 1269 1328 1270
f 1329 1268 1269
f 1329 1269 1268
f 1330 1270 1328
f 1270 1272 1214
f 1270 1274 1272
f 1330 1331 1270
f 1268 1222 1221
f 1271 1268 1221
f 1332 1268 1271
f 1272 1332 1271
f 1274 1277 1235
f 1272 1333 1332
f 1274 1332 1277
f 1272 1277 1333
f 1277 1332 1333
f 1274 1235 1273
f 1275 1334 1220
f 1334 1335 1218
f 1334 1218 1220
f 1218 1336 1220
f 1335 1336 1218
f 1336 1335 1220
f 1337 1220 1335
f 1337 1276 1220
f 1236 1286 1279
f 1338 1339 1279
f 1279 1339 1280
f 1339 1239 1280
f 1282 1283 1340
f 1283 1291 1340
f 1341 1340 1291
f 1282 1342 1227
f 1275 1227 1342
f 1292 1246 1284
f 1284 1230 1343
f 1343 1337 1292
f 1292 1284 1343
f 1276 1344 1343
f 1276 1343 1230
f 1181 1294 1285
f 1285 1345 1286
f 1285 1294 1345
f 1345 1294 1286
f 1295 1289 1346
f 1289 1288 1346
f 1240 1251 1347
f 1167 1240 1347
f 1251 1299 1347
f 1348 1290 1167
f 1347 1348 1167
f 1349 1302 1290
f 1254 1255 1350
f 1254 1350 1291
f 1246 1293 1255
f 1350 1255 1293
f 1350 1293 1292
f 1294 1248 1249
f 1295 1294 1249
f 1296 1295 1346
f 1295 1296 1346
f 1346 1294 1295
f 1289 1295 1296
f 1297 1351 1299
f 1351 1297 1301
f 1300 1253 1301
f 1253 1302 1301
f 1302 1352 1301
f 1304 1303 1353
f 1353 1309 1304
f 1309 1353 1354
f 1307 1306 1305
f 1309 1257 1304
f 1309 1308 1257
f 1309 1197 1257
f 1355 1309 1356
f 1357 1355 1356
f 1309 1356 1312
f 1310 1309 1355
f 1260 1310 1355
f 1309 1310 1356
f 1356 1310 1312
f 1355 1200 1260
f 1200 1355 1358
f 1355 1359 1358
f 1200 1360 1358
f 1355 1361 1359
f 1358 1362 1200
f 1358 1360 1200
f 1313 1200 1362
f 1132 1202 1314
f 1314 1202 1363
f 1202 1364 1363
f 1364 1316 1365
f 1364 1202 1316
f 1364 1315 1314
f 1317 1316 1202
f 1366 1316 1317
f 1367 1366 1317
f 1314 1315 1263
f 1263 1201 1314
f 1318 1367 1317
f 1264 1319 1368
f 1320 1368 1319
f 1368 1265 1264
f 1369 1265 1368
f 1265 1369 1321
f 1370 1321 1369
f 1371 1208 1142
f 1141 1370 1325
f 1141 1321 1370
f 1325 1370 1372
f 1370 1373 1372
f 1325 1372 1326
f 1323 1324 1267
f 1374 1322 1323
f 1324 1374 1323
f 1323 1267 1327
f 1324 1323 1374
f 1211 1326 1327
f 1326 1375 1327
f 1376 1329 1269
f 1269 1329 1376
f 1269 1377 1328
f 1268 1378 1269
f 1378 1268 1332
f 1274 1331 1379
f 1379 1332 1274
f 1333 1380 1381
f 1380 1332 1379
f 1333 1332 1380
f 1379 1331 1380
f 1270 1331 1274
f 1274 1379 1273
f 1274 1273 1379
f 1333 1381 1332
f 1382 1338 1279
f 1342 1282 1383
f 1383 1384 1342
f 1384 1275 1342
f 1275 1384 1334
f 1334 1384 1385
f 1385 1386 1334
f 1386 1385 1384
f 1386 1385 1335
f 1386 1335 1334
f 1385 1337 1335
f 1276 1337 1344
f 1345 1286 1387
f 1387 1286 1388
f 1239 1339 1287
f 1347 1299 1389
f 1347 1390 1391
f 1347 1389 1390
f 1391 1348 1347
f 1340 1341 1383
f 1282 1340 1383
f 1392 1383 1341
f 1393 1383 1392
f 1394 1350 1395
f 1396 1395 1350
f 1350 1292 1337
f 1337 1343 1344
f 1388 1286 1294
f 1346 1397 1294
f 1398 1294 1397
f 1399 1397 1346
f 1398 1388 1294
f 1397 1400 1398
f 1346 1288 1399
f 1288 1287 1399
f 1401 1390 1299
f 1402 1401 1299
f 1389 1299 1390
f 1352 1302 1349
f 1348 1403 1290
f 1290 1403 1349
f 1403 1352 1349
f 1403 1404 1352
f 1291 1394 1341
f 1350 1394 1291
f 1395 1341 1394
f 1405 1402 1299
f 1405 1299 1351
f 1301 1352 1351
f 1404 1351 1352
f 1406 1353 1303
f 1353 1407 1354
f 1407 1353 1406
f 1408 1354 1407
f 1308 1306 1307
f 1308 1409 1306
f 1306 1409 1410
f 1309 1354 1308
f 1312 1308 1309
f 1309 1308 1354
f 1308 1411 1409
f 1308 1312 1411
f 1354 1357 1309
f 1356 1309 1357
f 1355 1357 1361
f 1361 1357 1359
f 1357 1412 1359
f 1411 1312 1311
f 1311 1313 1411
f 1413 1313 1412
f 1313 1414 1412
f 1313 1362 1414
f 1359 1414 1358
f 1414 1362 1358
f 1415 1315 1364
f 1365 1316 1416
f 1316 1365 1416
f 1365 1316 1417
f 1314 1363 1364
f 1315 1415 1418
f 1263 1315 1418
f 1419 1263 1418
f 1420 1263 1419
f 1419 1420 1366
f 1418 1420 1419
f 1417 1316 1366
f 1366 1367 1318
f 1366 1318 1136
f 1419 1366 1136
f 1419 1136 1263
f 1420 1419 1263
f 1421 1368 1320
f 1422 1368 1421
f 1421 1320 1422
f 1421 1422 1320
f 1422 1423 1368
f 1423 1369 1368
f 1371 1320 1208
f 1424 1425 1371
f 1370 1369 1373
f 1322 1371 1142
f 1374 1371 1322
f 1424 1372 1373
f 1372 1424 1374
f 1372 1374 1426
f 1327 1427 1323
f 1323 1322 1374
f 1427 1322 1323
f 1326 1372 1426
f 1426 1375 1326
f 1428 1375 1426
f 1428 1429 1375
f 1427 1327 1429
f 1429 1327 1375
f 1377 1269 1376
f 1427 1428 1327
f 1377 1376 1430
f 1330 1328 1377
f 1331 1330 1380
f 1431 1286 1345
f 1345 1432 1431
f 1432 1345 1387
f 1433 1279 1286
f 1279 1433 1382
f 1384 1383 1434
f 1386 1384 1434
f 1434 1435 1386
f 1435 1436 1386
f 1436 1385 1386
f 1385 1437 1337
f 1385 1436 1437
f 1387 1438 1432
f 1438 1387 1388
f 1398 1438 1388
f 1398 1439 1438
f 1440 1441 1442
f 1287 1440 1399
f 1443 1440 1287
f 1444 1390 1401
f 1445 1390 1444
f 1391 1403 1348
f 1391 1390 1445
f 1446 1403 1391
f 1447 1445 1390
f 1392 1341 1395
f 1448 1393 1392
f 1395 1449 1392
f 1396 1350 1337
f 1450 1396 1337
f 1451 1337 1437
f 1337 1451 1450
f 1400 1397 1399
f 1399 1442 1400
f 1442 1399 1440
f 1402 1405 1401
f 1351 1404 1405
f 1452 1405 1404
f 1453 1452 1404
f 1404 1403 1453
f 1403 1446 1453
f 1406 1303 1454
f 1454 1303 1406
f 1406 1455 1407
f 1455 1408 1407
f 1306 1454 1406
f 1406 1303 1306
f 1454 1306 1410
f 1456 1454 1410
f 1456 1457 1454
f 1357 1354 1408
f 1408 1458 1357
f 1408 1455 1459
f 1458 1408 1459
f 1409 1411 1410
f 1411 1460 1410
f 1458 1412 1357
f 1461 1412 1458
f 1413 1412 1462
f 1461 1462 1412
f 1412 1414 1359
f 1460 1411 1413
f 1413 1411 1313
f 1365 1463 1364
f 1365 1464 1463
f 1465 1466 1463
f 1463 1464 1465
f 1466 1467 1463
f 1415 1364 1463
f 1468 1463 1467
f 1468 1415 1463
f 1415 1463 1418
f 1418 1463 1469
f 1416 1464 1365
f 1416 1365 1464
f 1418 1469 1420
f 1420 1470 1366
f 1469 1470 1420
f 1420 1417 1366
f 1366 1470 1420
f 1320 1471 1422
f 1373 1369 1423
f 1373 1423 1472
f 1422 1421 1320
f 1320 1371 1425
f 1425 1471 1320
f 1424 1371 1374
f 1473 1374 1322
f 1374 1473 1424
f 1474 1473 1322
f 1374 1424 1426
f 1322 1427 1474
f 1427 1428 1474
f 1327 1428 1427
f 1475 1428 1429
f 1427 1429 1428
f 1428 1475 1476
f 1477 1429 1376
f 1429 1430 1376
f 1429 1475 1377
f 1377 1475 1330
f 1429 1377 1430
f 1330 1475 1478
f 1376 1269 1378
f 1477 1376 1479
f 1376 1378 1479
f 1378 1380 1330
f 1478 1378 1330
f 1378 1332 1381
f 1381 1380 1378
f 1431 1433 1286
f 1480 1431 1432
f 1433 1481 1382
f 1382 1482 1338
f 1482 1483 1338
f 1484 1436 1435
f 1480 1485 1432
f 1485 1480 1432
f 1439 1485 1432
f 1287 1339 1338
f 1486 1487 1440
f 1487 1483 1441
f 1338 1486 1443
f 1287 1338 1443
f 1486 1440 1443
f 1488 1447 1445
f 1488 1445 1444
f 1489 1448 1490
f 1489 1490 1491
f 1434 1383 1484
f 1383 1393 1484
f 1393 1448 1489
f 1484 1393 1489
f 1484 1489 1492
f 1484 1435 1434
f 1493 1451 1437
f 1436 1493 1437
f 1439 1432 1438
f 1487 1441 1440
f 1441 1494 1442
f 1495 1496 1444
f 1390 1445 1447
f 1391 1445 1497
f 1391 1497 1446
f 1453 1446 1497
f 1498 1448 1392
f 1498 1490 1448
f 1392 1499 1498
f 1449 1499 1392
f 1449 1395 1499
f 1499 1395 1396
f 1396 1500 1493
f 1499 1396 1493
f 1450 1451 1500
f 1450 1500 1396
f 1493 1500 1451
f 1495 1444 1501
f 1502 1495 1501
f 1452 1401 1405
f 1444 1401 1496
f 1496 1401 1444
f 1401 1501 1444
f 1452 1501 1401
f 1497 1501 1452
f 1497 1452 1453
f 1503 1504 1406
f 1503 1406 1454
f 1454 1505 1503
f 1506 1454 1457
f 1506 1505 1454
f 1507 1456 1410
f 1456 1507 1457
f 1457 1507 1508
f 1507 1509 1508
f 1455 1510 1459
f 1510 1458 1459
f 1459 1461 1458
f 1511 1461 1459
f 1510 1459 1458
f 1410 1460 1507
f 1507 1460 1509
f 1413 1462 1460
f 1509 1460 1462
f 1466 1512 1513
f 1466 1513 1467
f 1513 1468 1467
f 1466 1464 1467
f 1465 1464 1466
f 1464 1514 1467
f 1468 1515 1463
f 1463 1515 1516
f 1463 1516 1517
f 1463 1415 1468
f 1463 1517 1469
f 1517 1470 1469
f 1470 1514 1464
f 1464 1365 1417
f 1420 1518 1417
f 1518 1464 1417
f 1470 1518 1420
f 1518 1470 1464
f 1519 1520 1521
f 1520 1519 1422
f 1423 1522 1523
f 1524 1520 1422
f 1521 1422 1471
f 1471 1425 1521
f 1521 1524 1422
f 1423 1523 1472
f 1472 1523 1525
f 1473 1471 1425
f 1473 1526 1471
f 1471 1527 1425
f 1526 1527 1471
f 1373 1528 1424
f 1473 1425 1424
f 1472 1528 1373
f 1528 1426 1424
f 1426 1475 1428
f 1476 1474 1428
f 1529 1476 1530
f 1529 1474 1476
f 1429 1428 1475
f 1477 1475 1429
f 1476 1475 1530
f 1530 1475 1477
f 1478 1475 1531
f 1479 1378 1532
f 1378 1533 1532
f 1534 1479 1532
f 1532 1533 1534
f 1482 1382 1535
f 1480 1536 1431
f 1433 1537 1481
f 1485 1538 1480
f 1483 1539 1338
f 1539 1483 1338
f 1338 1483 1486
f 1486 1483 1487
f 1540 1541 1542
f 1541 1543 1542
f 1492 1489 1544
f 1484 1492 1545
f 1545 1436 1484
f 1480 1432 1485
f 1439 1398 1546
f 1400 1546 1398
f 1494 1400 1442
f 1494 1441 1483
f 1444 1542 1488
f 1540 1542 1488
f 1540 1488 1542
f 1444 1547 1542
f 1540 1542 1547
f 1543 1445 1447
f 1542 1543 1447
f 1488 1542 1447
f 1497 1445 1447
f 1542 1445 1543
f 1447 1445 1548
f 1548 1445 1542
f 1542 1549 1447
f 1447 1548 1542
f 1490 1550 1491
f 1550 1544 1491
f 1544 1489 1491
f 1545 1551 1493
f 1545 1552 1551
f 1436 1545 1493
f 1495 1547 1444
f 1496 1495 1444
f 1495 1496 1547
f 1495 1547 1496
f 1553 1501 1497
f 1501 1553 1502
f 1549 1542 1553
f 1447 1549 1497
f 1549 1553 1497
f 1491 1554 1490
f 1498 1499 1551
f 1491 1490 1498
f 1491 1498 1555
f 1555 1498 1556
f 1498 1551 1552
f 1499 1493 1551
f 1557 1504 1503
f 1557 1558 1504
f 1559 1455 1406
f 1560 1406 1504
f 1559 1406 1560
f 1557 1503 1505
f 1561 1557 1505
f 1561 1505 1506
f 1506 1562 1561
f 1508 1506 1457
f 1508 1509 1563
f 1563 1506 1508
f 1563 1509 1564
f 1563 1564 1565
f 1566 1567 1511
f 1566 1511 1510
f 1564 1566 1510
f 1509 1567 1564
f 1459 1510 1511
f 1511 1462 1461
f 1567 1462 1511
f 1509 1462 1567
f 1513 1512 1568
f 1569 1466 1570
f 1570 1466 1467
f 1569 1512 1466
f 1513 1568 1571
f 1568 1512 1569
f 1513 1515 1468
f 1515 1572 1516
f 1515 1513 1571
f 1571 1513 1515
f 1572 1515 1513
f 1570 1467 1514
f 1514 1470 1573
f 1574 1570 1514
f 1514 1573 1574
f 1574 1573 1470
f 1470 1575 1574
f 1575 1517 1516
f 1575 1470 1517
f 1572 1575 1516
f 1576 1577 1578
f 1577 1576 1578
f 1578 1577 1522
f 1577 1578 1422
f 1521 1520 1524
f 1422 1578 1423
f 1422 1519 1579
f 1423 1578 1522
f 1422 1579 1577
f 1523 1522 1525
f 1425 1527 1521
f 1525 1527 1526
f 1526 1528 1580
f 1472 1580 1528
f 1580 1525 1526
f 1525 1580 1472
f 1581 1582 1526
f 1583 1526 1582
f 1528 1583 1426
f 1583 1528 1526
f 1528 1583 1584
f 1528 1584 1583
f 1426 1583 1585
f 1526 1473 1529
f 1473 1474 1529
f 1581 1526 1529
f 1586 1585 1583
f 1426 1587 1475
f 1585 1587 1426
f 1585 1586 1587
f 1588 1529 1530
f 1531 1475 1587
f 1531 1534 1478
f 1477 1479 1530
f 1589 1530 1479
f 1590 1589 1531
f 1531 1534 1533
f 1479 1534 1531
f 1534 1378 1478
f 1533 1534 1531
f 1378 1534 1533
f 1531 1589 1479
f 1433 1536 1537
f 1481 1535 1382
f 1482 1591 1483
f 1483 1591 1592
f 1483 1592 1539
f 1433 1431 1536
f 1480 1538 1536
f 1593 1538 1485
f 1439 1593 1485
f 1593 1439 1546
f 1594 1541 1540
f 1595 1594 1540
f 1541 1596 1543
f 1597 1544 1550
f 1597 1598 1544
f 1544 1599 1492
f 1544 1598 1599
f 1600 1545 1599
f 1545 1492 1599
f 1601 1547 1495
f 1601 1602 1547
f 1601 1495 1547
f 1601 1547 1603
f 1601 1603 1547
f 1543 1548 1542
f 1548 1543 1542
f 1604 1543 1605
f 1543 1604 1542
f 1550 1490 1554
f 1550 1554 1556
f 1550 1556 1606
f 1606 1556 1607
f 1498 1552 1607
f 1552 1600 1607
f 1600 1552 1545
f 1495 1601 1547
f 1502 1601 1495
f 1605 1553 1604
f 1502 1605 1601
f 1553 1605 1502
f 1604 1553 1542
f 1554 1491 1555
f 1554 1555 1556
f 1498 1607 1556
f 1504 1608 1560
f 1558 1557 1609
f 1504 1558 1608
f 1610 1557 1561
f 1557 1558 1609
f 1610 1558 1557
f 1611 1510 1455
f 1612 1510 1611
f 1455 1559 1611
f 1612 1611 1559
f 1613 1612 1559
f 1614 1612 1613
f 1610 1561 1562
f 1506 1563 1562
f 1615 1613 1614
f 1510 1612 1614
f 1615 1564 1510
f 1615 1510 1614
f 1614 1565 1564
f 1564 1567 1566
f 1564 1615 1614
f 1568 1616 1617
f 1617 1616 1618
f 1619 1568 1617
f 1618 1616 1620
f 1571 1568 1619
f 1569 1616 1568
f 1616 1569 1570
f 1616 1570 1620
f 1618 1620 1621
f 1620 1570 1622
f 1621 1620 1622
f 1622 1575 1623
f 1513 1571 1572
f 1622 1570 1574
f 1622 1574 1575
f 1577 1579 1576
f 1579 1519 1521
f 1576 1579 1519
f 1576 1519 1579
f 1624 1522 1577
f 1624 1577 1576
f 1625 1576 1579
f 1626 1576 1625
f 1522 1627 1628
f 1522 1624 1627
f 1521 1625 1579
f 1625 1521 1629
f 1521 1527 1629
f 1525 1522 1628
f 1525 1628 1629
f 1629 1527 1525
f 1582 1630 1583
f 1631 1583 1630
f 1632 1630 1582
f 1582 1581 1632
f 1584 1633 1583
f 1583 1633 1586
f 1581 1529 1588
f 1634 1581 1588
f 1634 1632 1581
f 1634 1588 1530
f 1589 1634 1530
f 1590 1634 1589
f 1586 1531 1587
f 1531 1586 1633
f 1531 1534 1635
f 1633 1635 1531
f 1534 1531 1635
f 1590 1531 1635
f 1536 1481 1537
f 1536 1636 1481
f 1481 1636 1637
f 1482 1535 1591
f 1592 1638 1539
f 1592 1639 1638
f 1640 1639 1592
f 1641 1642 1540
f 1643 1644 1594
f 1645 1599 1598
f 1546 1400 1646
f 1593 1546 1646
f 1400 1494 1646
f 1646 1494 1647
f 1646 1648 1593
f 1638 1483 1539
f 1638 1647 1483
f 1647 1494 1483
f 1540 1642 1595
f 1602 1641 1540
f 1602 1540 1547
f 1594 1649 1541
f 1596 1594 1644
f 1605 1644 1650
f 1596 1541 1649
f 1649 1594 1596
f 1596 1644 1543
f 1550 1651 1652
f 1550 1653 1651
f 1651 1654 1652
f 1645 1598 1597
f 1652 1597 1550
f 1652 1645 1597
f 1654 1645 1652
f 1655 1656 1607
f 1657 1658 1599
f 1599 1658 1600
f 1659 1600 1658
f 1658 1657 1660
f 1659 1655 1600
f 1655 1658 1660
f 1658 1655 1659
f 1602 1601 1603
f 1661 1603 1601
f 1605 1543 1644
f 1662 1653 1550
f 1653 1662 1550
f 1550 1554 1662
f 1550 1662 1554
f 1606 1662 1550
f 1606 1663 1662
f 1606 1607 1656
f 1655 1607 1600
f 1608 1664 1560
f 1560 1664 1559
f 1558 1610 1665
f 1562 1563 1666
f 1666 1563 1565
f 1614 1666 1565
f 1613 1666 1614
f 1615 1614 1613
f 1613 1615 1614
f 1613 1614 1615
f 1619 1667 1668
f 1669 1619 1617
f 1621 1617 1618
f 1668 1571 1619
f 1571 1668 1667
f 1667 1572 1571
f 1572 1667 1670
f 1623 1575 1572
f 1623 1621 1622
f 1623 1572 1621
f 1626 1671 1576
f 1672 1671 1673
f 1672 1673 1671
f 1624 1576 1671
f 1624 1671 1674
f 1627 1624 1674
f 1674 1675 1627
f 1671 1676 1674
f 1674 1676 1675
f 1677 1627 1675
f 1678 1628 1627
f 1627 1677 1678
f 1679 1680 1678
f 1679 1625 1629
f 1625 1679 1626
f 1679 1681 1626
f 1679 1629 1678
f 1629 1628 1678
f 1678 1680 1679
f 1682 1630 1683
f 1682 1631 1630
f 1631 1682 1684
f 1584 1583 1631
f 1685 1584 1631
f 1682 1630 1632
f 1683 1630 1682
f 1682 1632 1686
f 1686 1632 1687
f 1633 1584 1688
f 1633 1688 1689
f 1689 1688 1690
f 1691 1632 1634
f 1689 1586 1633
f 1692 1635 1693
f 1692 1590 1635
f 1586 1689 1633
f 1693 1633 1689
f 1635 1633 1693
f 1694 1637 1636
f 1695 1696 1637
f 1694 1695 1637
f 1636 1694 1536
f 1697 1698 1636
f 1694 1636 1698
f 1636 1536 1694
f 1637 1535 1481
f 1696 1535 1637
f 1639 1535 1696
f 1639 1696 1640
f 1592 1591 1639
f 1639 1591 1535
f 1639 1640 1592
f 1699 1700 1643
f 1643 1700 1699
f 1636 1536 1697
f 1538 1593 1536
f 1536 1593 1697
f 1701 1697 1593
f 1697 1701 1702
f 1593 1648 1703
f 1701 1593 1703
f 1646 1704 1703
f 1638 1639 1705
f 1706 1647 1638
f 1706 1638 1705
f 1661 1707 1602
f 1641 1602 1707
f 1641 1708 1642
f 1595 1643 1594
f 1643 1595 1699
f 1643 1709 1644
f 1643 1699 1709
f 1710 1711 1654
f 1710 1654 1712
f 1711 1645 1654
f 1713 1711 1645
f 1711 1714 1645
f 1645 1711 1713
f 1713 1714 1711
f 1645 1660 1599
f 1660 1657 1599
f 1645 1714 1715
f 1715 1660 1645
f 1646 1703 1648
f 1661 1602 1603
f 1716 1717 1661
f 1707 1661 1601
f 1650 1707 1601
f 1601 1605 1650
f 1718 1650 1719
f 1650 1644 1719
f 1719 1644 1641
f 1654 1720 1712
f 1712 1720 1654
f 1663 1712 1654
f 1653 1654 1651
f 1654 1653 1663
f 1721 1656 1722
f 1722 1660 1723
f 1721 1722 1723
f 1660 1715 1655
f 1655 1660 1722
f 1722 1656 1655
f 1715 1660 1655
f 1550 1662 1663
f 1653 1550 1663
f 1663 1606 1721
f 1721 1606 1656
f 1558 1724 1608
f 1608 1724 1664
f 1725 1724 1558
f 1726 1558 1724
f 1726 1725 1558
f 1727 1726 1724
f 1665 1727 1724
f 1727 1725 1726
f 1724 1558 1665
f 1727 1665 1610
f 1562 1727 1610
f 1559 1728 1613
f 1729 1728 1559
f 1666 1613 1730
f 1730 1613 1728
f 1731 1732 1733
f 1733 1734 1667
f 1733 1667 1619
f 1733 1669 1731
f 1619 1669 1733
f 1731 1669 1617
f 1731 1617 1669
f 1731 1669 1735
f 1735 1669 1617
f 1736 1667 1734
f 1670 1667 1736
f 1736 1735 1670
f 1735 1617 1621
f 1670 1735 1572
f 1735 1621 1572
f 1737 1738 1673
f 1671 1672 1673
f 1671 1673 1672
f 1672 1673 1738
f 1672 1739 1673
f 1672 1673 1739
f 1673 1672 1676
f 1677 1676 1672
f 1626 1681 1671
f 1737 1673 1671
f 1737 1671 1681
f 1737 1740 1738
f 1737 1681 1741
f 1676 1671 1673
f 1677 1675 1676
f 1677 1681 1678
f 1678 1681 1680
f 1742 1681 1679
f 1742 1679 1680
f 1678 1680 1679
f 1682 1686 1683
f 1631 1684 1743
f 1684 1682 1683
f 1687 1744 1686
f 1584 1685 1688
f 1631 1743 1685
f 1745 1687 1691
f 1746 1745 1691
f 1747 1689 1690
f 1687 1632 1691
f 1691 1634 1590
f 1691 1634 1746
f 1634 1691 1746
f 1748 1693 1689
f 1692 1693 1748
f 1691 1590 1692
f 1748 1749 1692
f 1749 1691 1692
f 1750 1694 1698
f 1695 1694 1751
f 1751 1750 1698
f 1751 1694 1750
f 1696 1752 1640
f 1751 1698 1753
f 1702 1698 1697
f 1702 1753 1698
f 1640 1705 1639
f 1716 1641 1707
f 1716 1708 1641
f 1642 1708 1754
f 1595 1755 1699
f 1642 1754 1755
f 1755 1595 1642
f 1706 1702 1701
f 1703 1704 1701
f 1646 1647 1704
f 1647 1706 1704
f 1661 1717 1716
f 1707 1661 1716
f 1661 1756 1716
f 1756 1661 1707
f 1757 1707 1650
f 1709 1699 1644
f 1644 1699 1641
f 1719 1641 1699
f 1718 1719 1699
f 1720 1758 1712
f 1758 1710 1712
f 1715 1713 1759
f 1714 1713 1715
f 1723 1660 1715
f 1758 1720 1712
f 1760 1758 1761
f 1758 1712 1663
f 1758 1663 1761
f 1762 1761 1663
f 1763 1761 1762
f 1762 1663 1721
f 1721 1723 1762
f 1764 1664 1725
f 1764 1559 1664
f 1765 1725 1727
f 1724 1725 1664
f 1766 1559 1767
f 1729 1766 1768
f 1562 1765 1727
f 1562 1666 1769
f 1730 1769 1666
f 1770 1765 1562
f 1770 1769 1730
f 1769 1770 1730
f 1769 1771 1770
f 1770 1562 1769
f 1766 1729 1559
f 1730 1728 1729
f 1729 1769 1730
f 1733 1732 1734
f 1734 1732 1772
f 1772 1732 1773
f 1773 1734 1772
f 1773 1732 1772
f 1734 1773 1772
f 1772 1732 1774
f 1772 1732 1731
f 1775 1772 1731
f 1734 1772 1776
f 1775 1731 1735
f 1734 1776 1736
f 1772 1735 1736
f 1772 1736 1776
f 1672 1777 1739
f 1777 1672 1738
f 1778 1738 1740
f 1778 1777 1738
f 1777 1779 1780
f 1781 1779 1777
f 1778 1781 1777
f 1740 1781 1778
f 1777 1780 1672
f 1739 1777 1672
f 1782 1672 1780
f 1783 1784 1782
f 1784 1741 1681
f 1782 1677 1672
f 1677 1782 1681
f 1681 1782 1784
f 1680 1681 1742
f 1782 1680 1681
f 1782 1681 1680
f 1744 1785 1786
f 1787 1684 1786
f 1684 1788 1743
f 1685 1743 1788
f 1789 1787 1786
f 1788 1684 1787
f 1684 1683 1786
f 1744 1683 1686
f 1683 1744 1786
f 1690 1688 1790
f 1790 1791 1690
f 1743 1688 1685
f 1688 1743 1790
f 1745 1744 1687
f 1792 1744 1745
f 1746 1792 1745
f 1690 1791 1747
f 1793 1749 1748
f 1746 1748 1794
f 1793 1748 1749
f 1794 1748 1793
f 1689 1747 1748
f 1791 1748 1747
f 1691 1748 1746
f 1749 1748 1691
f 1795 1796 1751
f 1695 1797 1696
f 1798 1695 1795
f 1695 1751 1795
f 1799 1696 1797
f 1797 1800 1799
f 1795 1751 1801
f 1753 1802 1803
f 1801 1751 1753
f 1753 1802 1801
f 1802 1753 1803
f 1696 1799 1752
f 1799 1800 1752
f 1752 1800 1640
f 1702 1802 1753
f 1704 1706 1701
f 1640 1800 1705
f 1716 1804 1805
f 1716 1717 1804
f 1717 1716 1804
f 1806 1718 1699
f 1806 1699 1807
f 1700 1699 1755
f 1807 1699 1700
f 1807 1700 1755
f 1808 1809 1713
f 1808 1713 1711
f 1759 1713 1810
f 1716 1756 1717
f 1716 1717 1756
f 1757 1716 1756
f 1650 1804 1757
f 1756 1707 1757
f 1811 1808 1812
f 1710 1808 1711
f 1710 1758 1808
f 1760 1758 1813
f 1758 1760 1808
f 1813 1808 1760
f 1812 1808 1813
f 1760 1763 1814
f 1723 1715 1815
f 1815 1816 1723
f 1815 1817 1816
f 1763 1816 1817
f 1813 1758 1760
f 1813 1760 1812
f 1761 1763 1760
f 1816 1762 1723
f 1816 1763 1762
f 1764 1725 1818
f 1764 1818 1819
f 1819 1820 1764
f 1767 1559 1764
f 1820 1767 1764
f 1818 1725 1765
f 1821 1771 1768
f 1766 1767 1821
f 1821 1768 1766
f 1771 1821 1770
f 1769 1729 1771
f 1729 1768 1771
f 1822 1823 1824
f 1822 1825 1823
f 1823 1825 1774
f 1822 1823 1826
f 1774 1823 1732
f 1824 1823 1774
f 1823 1774 1732
f 1774 1732 1772
f 1772 1775 1774
f 1774 1775 1735
f 1772 1774 1735
f 1827 1828 1829
f 1827 1829 1779
f 1781 1827 1779
f 1779 1829 1783
f 1781 1827 1740
f 1827 1781 1740
f 1737 1781 1740
f 1740 1781 1737
f 1740 1830 1831
f 1782 1780 1783
f 1779 1783 1780
f 1832 1784 1783
f 1832 1783 1833
f 1832 1833 1784
f 1834 1833 1830
f 1740 1737 1741
f 1740 1741 1830
f 1784 1830 1741
f 1784 1834 1830
f 1833 1834 1784
f 1789 1786 1785
f 1835 1787 1836
f 1787 1789 1836
f 1685 1788 1743
f 1787 1835 1788
f 1835 1837 1788
f 1743 1788 1790
f 1835 1785 1744
f 1838 1744 1792
f 1791 1790 1839
f 1839 1840 1791
f 1841 1793 1791
f 1841 1791 1840
f 1746 1838 1792
f 1791 1793 1748
f 1838 1746 1794
f 1796 1798 1751
f 1798 1842 1695
f 1695 1842 1843
f 1751 1798 1795
f 1843 1797 1695
f 1843 1844 1797
f 1844 1845 1797
f 1846 1706 1847
f 1797 1845 1800
f 1845 1848 1847
f 1849 1801 1802
f 1850 1802 1851
f 1706 1802 1702
f 1851 1802 1706
f 1706 1846 1851
f 1705 1800 1706
f 1706 1800 1847
f 1845 1847 1800
f 1708 1852 1754
f 1754 1806 1755
f 1806 1807 1755
f 1852 1807 1806
f 1806 1754 1852
f 1852 1853 1807
f 1853 1806 1807
f 1854 1855 1759
f 1808 1856 1809
f 1713 1854 1759
f 1759 1810 1713
f 1805 1804 1857
f 1857 1804 1858
f 1716 1805 1708
f 1717 1804 1716
f 1717 1716 1804
f 1718 1806 1804
f 1804 1650 1718
f 1804 1806 1853
f 1713 1809 1854
f 1815 1759 1814
f 1815 1715 1759
f 1757 1804 1716
f 1811 1812 1859
f 1814 1859 1760
f 1859 1812 1760
f 1814 1860 1859
f 1814 1817 1815
f 1814 1860 1763
f 1817 1814 1763
f 1763 1860 1814
f 1861 1819 1818
f 1765 1861 1818
f 1767 1820 1821
f 1862 1821 1820
f 1861 1770 1863
f 1765 1770 1861
f 1864 1863 1770
f 1865 1863 1770
f 1823 1821 1826
f 1823 1822 1821
f 1865 1770 1821
f 1822 1865 1821
f 1862 1826 1821
f 1865 1822 1824
f 1865 1824 1866
f 1826 1825 1822
f 1774 1867 1824
f 1866 1824 1867
f 1774 1868 1867
f 1869 1867 1868
f 1868 1774 1825
f 1870 1868 1825
f 1827 1868 1828
f 1868 1829 1828
f 1868 1827 1871
f 1868 1870 1829
f 1868 1871 1827
f 1871 1868 1827
f 1740 1871 1827
f 1831 1872 1871
f 1829 1873 1783
f 1871 1740 1831
f 1831 1873 1872
f 1873 1831 1783
f 1740 1827 1781
f 1830 1833 1832
f 1831 1832 1783
f 1832 1831 1830
f 1783 1832 1833
f 1836 1837 1835
f 1837 1836 1835
f 1835 1789 1785
f 1835 1836 1789
f 1835 1788 1837
f 1788 1837 1839
f 1788 1839 1790
f 1837 1788 1835
f 1837 1874 1839
f 1835 1744 1838
f 1841 1875 1793
f 1840 1838 1875
f 1875 1838 1794
f 1875 1794 1793
f 1796 1795 1875
f 1801 1876 1875
f 1875 1877 1796
f 1795 1801 1875
f 1843 1842 1844
f 1848 1842 1878
f 1848 1878 1879
f 1848 1845 1844
f 1844 1842 1848
f 1801 1849 1876
f 1880 1849 1802
f 1881 1880 1802
f 1880 1876 1849
f 1881 1876 1880
f 1881 1882 1876
f 1881 1850 1848
f 1848 1846 1847
f 1708 1883 1852
f 1884 1883 1708
f 1883 1885 1852
f 1853 1852 1754
f 1853 1754 1886
f 1754 1852 1886
f 1852 1853 1886
f 1850 1881 1802
f 1846 1850 1851
f 1850 1846 1848
f 1805 1857 1884
f 1805 1884 1708
f 1887 1884 1858
f 1857 1858 1887
f 1887 1857 1888
f 1884 1887 1889
f 1858 1857 1887
f 1857 1853 1852
f 1857 1852 1888
f 1890 1891 1856
f 1855 1854 1759
f 1892 1854 1855
f 1854 1892 1759
f 1893 1759 1892
f 1884 1857 1858
f 1857 1858 1804
f 1887 1858 1857
f 1804 1853 1857
f 1891 1856 1890
f 1890 1856 1891
f 1856 1891 1890
f 1808 1811 1890
f 1890 1856 1808
f 1856 1890 1811
f 1894 1856 1811
f 1895 1894 1811
f 1811 1896 1895
f 1896 1897 1895
f 1759 1893 1898
f 1860 1814 1899
f 1896 1860 1899
f 1893 1896 1899
f 1759 1893 1899
f 1759 1899 1814
f 1896 1811 1859
f 1860 1896 1859
f 1861 1820 1819
f 1900 1901 1861
f 1820 1861 1901
f 1902 1820 1901
f 1863 1864 1861
f 1820 1903 1862
f 1904 1864 1863
f 1862 1905 1826
f 1903 1905 1862
f 1906 1905 1903
f 1863 1864 1770
f 1907 1904 1865
f 1904 1863 1865
f 1905 1825 1826
f 1870 1825 1905
f 1907 1865 1866
f 1867 1907 1866
f 1867 1908 1907
f 1909 1910 1870
f 1911 1867 1869
f 1911 1910 1908
f 1908 1867 1911
f 1910 1912 1908
f 1829 1870 1910
f 1910 1868 1871
f 1911 1869 1868
f 1910 1911 1868
f 1829 1910 1873
f 1872 1910 1871
f 1873 1910 1872
f 1913 1914 1836
f 1913 1836 1915
f 1915 1836 1835
f 1836 1837 1835
f 1836 1914 1837
f 1837 1914 1916
f 1913 1915 1835
f 1913 1835 1838
f 1917 1913 1838
f 1916 1839 1874
f 1840 1839 1916
f 1874 1837 1916
f 1918 1841 1840
f 1840 1917 1838
f 1875 1841 1840
f 1918 1796 1877
f 1919 1842 1798
f 1920 1878 1842
f 1920 1842 1919
f 1921 1920 1919
f 1841 1877 1875
f 1875 1876 1841
f 1922 1848 1921
f 1878 1920 1879
f 1920 1878 1879
f 1848 1879 1878
f 1921 1848 1878
f 1883 1923 1924
f 1883 1924 1925
f 1925 1924 1926
f 1925 1852 1885
f 1926 1852 1925
f 1881 1848 1922
f 1881 1927 1882
f 1928 1883 1884
f 1884 1889 1928
f 1923 1889 1929
f 1883 1925 1885
f 1852 1926 1853
f 1888 1852 1930
f 1930 1852 1924
f 1853 1924 1852
f 1853 1926 1924
f 1931 1855 1856
f 1931 1932 1855
f 1855 1854 1809
f 1856 1855 1809
f 1933 1934 1935
f 1936 1934 1933
f 1937 1929 1889
f 1929 1937 1889
f 1938 1929 1889
f 1889 1887 1888
f 1889 1888 1930
f 1891 1939 1931
f 1940 1931 1856
f 1940 1856 1931
f 1931 1941 1939
f 1931 1891 1942
f 1931 1939 1891
f 1931 1939 1941
f 1942 1941 1931
f 1943 1941 1942
f 1931 1856 1891
f 1891 1895 1942
f 1936 1893 1934
f 1893 1936 1898
f 1944 1898 1936
f 1934 1893 1892
f 1891 1856 1894
f 1898 1942 1895
f 1895 1891 1894
f 1898 1895 1893
f 1759 1898 1893
f 1895 1897 1893
f 1896 1893 1897
f 1945 1900 1946
f 1945 1902 1900
f 1945 1906 1902
f 1900 1902 1901
f 1861 1864 1900
f 1947 1900 1864
f 1906 1903 1902
f 1903 1820 1902
f 1907 1864 1904
f 1948 1905 1906
f 1949 1905 1948
f 1948 1950 1949
f 1905 1949 1870
f 1949 1909 1870
f 1951 1910 1909
f 1952 1953 1954
f 1910 1951 1954
f 1953 1912 1910
f 1912 1953 1952
f 1954 1953 1910
f 1955 1913 1956
f 1955 1914 1913
f 1957 1914 1955
f 1958 1957 1955
f 1914 1957 1916
f 1913 1959 1956
f 1913 1917 1960
f 1913 1960 1959
f 1961 1960 1917
f 1962 1918 1961
f 1962 1961 1917
f 1916 1957 1840
f 1877 1918 1796
f 1918 1962 1841
f 1957 1918 1840
f 1918 1877 1963
f 1877 1918 1957
f 1918 1877 1961
f 1918 1963 1798
f 1963 1919 1798
f 1798 1796 1918
f 1963 1921 1919
f 1963 1964 1921
f 1964 1922 1921
f 1917 1840 1841
f 1962 1917 1841
f 1877 1796 1918
f 1841 1918 1962
f 1918 1841 1965
f 1961 1962 1918
f 1918 1965 1927
f 1961 1918 1927
f 1961 1927 1966
f 1962 1961 1877
f 1841 1962 1877
f 1966 1927 1967
f 1967 1922 1921
f 1927 1881 1922
f 1920 1921 1878
f 1967 1921 1922
f 1924 1928 1968
f 1930 1968 1928
f 1969 1930 1928
f 1841 1876 1965
f 1927 1965 1876
f 1882 1927 1876
f 1970 1928 1889
f 1970 1889 1971
f 1971 1889 1923
f 1970 1971 1972
f 1970 1972 1928
f 1972 1971 1970
f 1923 1970 1971
f 1883 1928 1923
f 1923 1928 1924
f 1924 1968 1973
f 1924 1973 1930
f 1931 1940 1974
f 1974 1932 1931
f 1932 1975 1855
f 1932 1855 1975
f 1929 1976 1923
f 1929 1970 1976
f 1976 1970 1923
f 1930 1976 1889
f 1938 1889 1976
f 1929 1938 1976
f 1976 1930 1970
f 1929 1976 1970
f 1931 1941 1940
f 1855 1977 1892
f 1892 1977 1934
f 1977 1935 1934
f 1855 1935 1977
f 1855 1933 1935
f 1978 1979 1980
f 1933 1979 1978
f 1941 1943 1980
f 1980 1943 1978
f 1942 1978 1943
f 1942 1981 1978
f 1898 1981 1942
f 1936 1982 1944
f 1933 1981 1944
f 1981 1898 1944
f 1900 1983 1946
f 1945 1946 1984
f 1946 1983 1984
f 1984 1985 1945
f 1945 1985 1906
f 1864 1907 1947
f 1947 1983 1900
f 1983 1947 1907
f 1985 1948 1906
f 1985 1950 1948
f 1983 1907 1908
f 1909 1949 1950
f 1909 1986 1987
f 1912 1988 1908
f 1988 1912 1951
f 1987 1951 1909
f 1951 1952 1954
f 1952 1951 1912
f 1989 1990 1956
f 1990 1955 1956
f 1990 1958 1955
f 1991 1958 1990
f 1989 1956 1959
f 1957 1958 1877
f 1877 1958 1992
f 1992 1963 1877
f 1963 1992 1964
f 1958 1993 1992
f 1992 1922 1964
f 1960 1961 1959
f 1922 1993 1967
f 1972 1994 1969
f 1969 1994 1995
f 1967 1996 1966
f 1922 1967 1927
f 1997 1998 1972
f 1998 1994 1972
f 1972 1969 1928
f 1969 1930 1973
f 1969 1973 1930
f 1969 1973 1930
f 1973 1968 1930
f 1973 1930 1968
f 1930 1973 1968
f 1999 2000 2001
f 2002 2001 2000
f 2001 1974 2003
f 2002 1974 2001
f 2002 2004 1974
f 1974 2004 2003
f 1998 1972 1970
f 2005 1974 1940
f 1999 2001 1974
f 2005 1999 1974
f 2003 1932 1974
f 1974 2001 2003
f 2004 2002 2003
f 1932 1933 1855
f 2003 1933 1932
f 2003 1936 1933
f 2006 2005 1940
f 1999 2005 2006
f 1940 1999 2006
f 1940 1974 2007
f 1982 2007 1974
f 1982 2008 2007
f 1940 1941 1980
f 1979 1940 1980
f 1979 2009 1940
f 1974 1940 2009
f 1974 2009 1982
f 1982 2009 1979
f 1933 1982 1979
f 1933 1978 1981
f 2010 2011 1984
f 1985 2011 2010
f 2010 2012 1985
f 1984 2012 2010
f 2011 1985 1984
f 2012 1984 2013
f 2013 1984 1983
f 1908 2014 1983
f 1986 1909 1950
f 1988 2015 1908
f 2015 2014 1908
f 2015 1988 2016
f 2017 2015 2016
f 1987 2016 1988
f 2018 1987 1986
f 1987 1986 2016
f 1987 1988 1951
f 2019 2020 1990
f 1990 1989 2019
f 2021 1991 1990
f 2022 1990 2020
f 1958 1991 2021
f 2023 2021 1990
f 1990 2022 2023
f 2021 2023 2022
f 1958 2021 1993
f 2021 2022 2024
f 2019 1989 1959
f 2019 1959 2025
f 2026 2025 1959
f 1992 1993 1922
f 1994 2027 2028
f 2026 1959 1961
f 2026 1961 1996
f 1994 2029 2027
f 1998 2029 1994
f 1998 2030 2029
f 2028 1973 1994
f 2031 2032 2033
f 2034 2032 2031
f 2035 2031 2033
f 1966 1996 1961
f 1998 1997 1972
f 2030 1970 1930
f 1970 2030 1998
f 1995 1973 1969
f 1995 1994 1973
f 1999 2007 2033
f 1999 2036 2007
f 2036 1999 2037
f 2033 2007 2035
f 1999 2033 2000
f 2032 2033 1999
f 2000 2033 2038
f 1999 2033 2032
f 2038 2002 2000
f 2039 2002 2038
f 2040 2039 2038
f 2040 2038 2033
f 2039 2040 2002
f 2008 2037 1999
f 2008 1999 1940
f 2007 2008 1940
f 2037 2008 2007
f 2041 2007 2008
f 1933 2002 2008
f 2002 2040 2008
f 2002 2008 2040
f 2008 2002 2040
f 2003 1982 1936
f 1982 2008 2002
f 1944 1982 2002
f 2002 2008 1982
f 2003 2002 1982
f 1944 2002 1933
f 1933 2008 1982
f 2042 2043 2010
f 2042 2010 2012
f 2043 2012 2010
f 2043 2042 2012
f 1983 2012 2013
f 1983 2014 2012
f 1950 1985 2012
f 1950 2012 2044
f 2044 2012 2014
f 2044 2045 1950
f 2044 2014 2046
f 2046 2045 2044
f 2045 2046 2018
f 2014 2015 2017
f 2046 2014 2017
f 2018 1986 1950
f 2018 1950 2045
f 2018 2046 2017
f 1987 2018 1986
f 2017 2016 2018
f 2018 2016 1986
f 2047 2048 2020
f 2047 2020 2019
f 2048 2049 2020
f 2049 2022 2020
f 2050 2047 2019
f 2025 2050 2019
f 2051 2021 2024
f 1993 2021 2051
f 2024 2022 2049
f 2024 2049 2052
f 2024 2052 2051
f 2053 2050 2025
f 2053 2025 2026
f 2053 2026 1996
f 2051 2053 1993
f 1996 1967 1993
f 2027 2054 1994
f 2054 2027 1994
f 2054 2055 2027
f 2027 2056 2054
f 2027 2055 2054
f 2054 2056 2055
f 2054 2055 2028
f 2028 2055 2057
f 2027 2054 2028
f 2058 2029 2030
f 2055 2027 2029
f 2058 2055 2029
f 2030 2059 2060
f 2030 2060 2058
f 1973 2028 2057
f 1930 1973 2057
f 2059 2030 1930
f 2059 1930 2057
f 2035 2061 2062
f 2063 2061 2036
f 2035 2036 2061
f 2062 2031 2035
f 2034 2031 2062
f 2061 2064 2062
f 2062 2064 2034
f 2061 2034 2064
f 2065 2034 2061
f 2065 2032 2034
f 2065 2033 2032
f 2036 2037 2007
f 2037 2036 2007
f 2007 2036 2037
f 2066 2035 2007
f 2035 2007 2036
f 2067 2068 2066
f 2008 2040 2041
f 2041 2067 2066
f 2040 2067 2041
f 2065 2067 2040
f 2033 2065 2040
f 2041 2066 2007
f 2042 2069 2012
f 2069 2014 2012
f 2012 2069 2042
f 2014 2069 2012
f 2070 2071 2072
f 2047 2072 2048
f 2072 2071 2048
f 2072 2047 2050
f 2048 2071 2049
f 2073 2049 2071
f 2074 2075 1993
f 2052 2053 2051
f 2052 2049 2053
f 2074 1993 2053
f 2049 2074 2053
f 2055 2076 2027
f 2076 2055 2077
f 2077 2055 2076
f 2078 2077 2076
f 2077 2078 2076
f 2059 2079 2077
f 2027 2076 2056
f 2056 2080 2055
f 2077 2081 2056
f 2056 2076 2077
f 2081 2082 2056
f 2082 2080 2056
f 1996 2075 2053
f 1993 2075 1996
f 2058 2059 2076
f 2058 2076 2055
f 2059 2077 2076
f 2059 2058 2060
f 2082 2083 2080
f 2083 2059 2080
f 2060 2059 2083
f 2059 2057 2080
f 2055 2080 2057
f 2036 2084 2063
f 2084 2085 2063
f 2085 2084 2086
f 2084 2085 2086
f 2036 2085 2084
f 2085 2087 2063
f 2063 2087 2061
f 2087 2088 2061
f 2087 2085 2088
f 2083 2086 2036
f 2035 2083 2036
f 2083 2035 2089
f 2036 2007 2035
f 2090 2067 2089
f 2068 2067 2090
f 2036 2089 2068
f 2068 2090 2036
f 2089 2036 2090
f 2061 2089 2067
f 2090 2061 2067
f 2065 2061 2090
f 2090 2067 2065
f 2089 2035 2066
f 2068 2089 2066
f 2070 2072 2091
f 2092 2070 2091
f 2093 2070 2092
f 2094 2071 2070
f 2073 2071 2094
f 2093 2094 2070
f 2073 2094 2095
f 2093 2095 2094
f 2073 2095 2096
f 2092 2091 2072
f 2050 2092 2072
f 2097 2053 2075
f 2073 2074 2049
f 2073 2096 2074
f 2098 2099 2074
f 2098 2074 2096
f 2098 2100 2099
f 2097 2075 2099
f 2100 2097 2099
f 2101 2078 2077
f 2078 2101 2102
f 2074 2099 2075
f 2060 2103 2104
f 2101 2077 2079
f 2104 2079 2059
f 2078 2081 2077
f 2101 2079 2103
f 2059 2060 2104
f 2081 2078 2083
f 2081 2083 2060
f 2103 2079 2104
f 2103 2060 2083
f 2081 2060 2082
f 2060 2083 2082
f 2082 2105 2085
f 2082 2086 2105
f 2083 2106 2086
f 2086 2106 2085
f 2082 2085 2106
f 2082 2106 2086
f 2105 2086 2106
f 2086 2085 2036
f 2107 2089 2108
f 2061 2109 2089
f 2085 2105 2088
f 2109 2088 2105
f 2089 2109 2108
f 2108 2109 2107
f 2088 2109 2061
f 2093 2092 2110
f 2111 2093 2110
f 2111 2095 2093
f 2112 2095 2111
f 2112 2096 2095
f 2097 2096 2112
f 2112 2113 2097
f 2114 2115 2101
f 2115 2101 2116
f 2101 2115 2117
f 2117 2102 2101
f 2050 2113 2092
f 2113 2118 2092
f 2053 2113 2050
f 2053 2097 2113
f 2097 2098 2096
f 2097 2100 2098
f 2101 2119 2114
f 2115 2116 2101
f 2114 2119 2120
f 2101 2120 2119
f 2103 2083 2101
f 2101 2078 2102
f 2083 2078 2101
f 2102 2117 2101
f 2121 2122 2106
f 2121 2107 2122
f 2106 2122 2082
f 2106 2122 2105
f 2106 2082 2122
f 2123 2105 2122
f 2122 2124 2123
f 2124 2122 2125
f 2122 2107 2125
f 2083 2126 2107
f 2121 2106 2083
f 2083 2107 2121
f 2125 2107 2124
f 2127 2126 2083
f 2127 2089 2107
f 2089 2127 2083
f 2123 2124 2105
f 2105 2124 2109
f 2109 2124 2107
f 2111 2128 2129
f 2111 2110 2130
f 2111 2130 2128
f 2128 2112 2111
f 2131 2132 2130
f 2128 2133 2112
f 2110 2092 2118
f 2118 2131 2110
f 2131 2118 2113
f 2110 2131 2130
f 2113 2132 2131
f 2112 2131 2113
f 2113 2131 2132
f 2134 2114 2120
f 2135 2134 2120
f 2134 2136 2115
f 2136 2117 2115
f 2114 2134 2115
f 2136 2137 2117
f 2135 2117 2137
f 2121 2137 2138
f 2107 2121 2138
f 2139 2107 2138
f 2101 2117 2120
f 2120 2117 2135
f 2107 2137 2121
f 2137 2107 2140
f 2139 2122 2107
f 2141 2122 2139
f 2139 2122 2141
f 2139 2142 2122
f 2142 2107 2122
f 2127 2107 2143
f 2142 2139 2107
f 2143 2107 2139
f 2127 2107 2126
f 2127 2143 2107
f 2128 2130 2129
f 2129 2130 2144
f 2145 2144 2146
f 2129 2144 2145
f 2129 2128 2111
f 2128 2129 2145
f 2145 2129 2147
f 2128 2145 2133
f 2145 2147 2133
f 2132 2144 2130
f 2133 2148 2132
f 2148 2144 2132
f 2133 2147 2148
f 2134 2149 2150
f 2147 2151 2149
f 2149 2152 2134
f 2152 2136 2134
f 2134 2147 2149
f 2147 2134 2150
f 2153 2149 2151
f 2153 2154 2149
f 2136 2152 2149
f 2140 2149 2155
f 2149 2152 2155
f 2155 2138 2137
f 2155 2156 2138
f 2133 2132 2131
f 2112 2133 2131
f 2149 2134 2135
f 2149 2134 2150
f 2134 2149 2150
f 2137 2134 2135
f 2136 2149 2134
f 2136 2134 2137
f 2155 2137 2140
f 2149 2135 2134
f 2140 2107 2143
f 2137 2121 2155
f 2121 2137 2155
f 2139 2142 2155
f 2138 2156 2155
f 2138 2157 2142
f 2157 2155 2142
f 2155 2157 2138
f 2139 2155 2158
f 2138 2142 2139
f 2143 2139 2158
f 2146 2159 2145
f 2146 2160 2159
f 2159 2161 2145
f 2159 2145 2161
f 2146 2144 2148
f 2148 2162 2146
f 2145 2147 2129
f 2147 2162 2148
f 2163 2147 2145
f 2163 2162 2147
f 2163 2153 2147
f 2164 2153 2163
f 2154 2153 2164
f 2154 2164 2165
f 2166 2154 2165
f 2167 2166 2165
f 2147 2153 2151
f 2147 2150 2163
f 2163 2150 2168
f 2163 2168 2169
f 2154 2166 2152
f 2152 2149 2154
f 2149 2168 2150
f 2154 2149 2140
f 2154 2168 2149
f 2154 2140 2158
f 2158 2168 2154
f 2169 2168 2158
f 2170 2155 2152
f 2170 2152 2166
f 2158 2155 2170
f 2143 2158 2140
f 2171 2161 2159
f 2159 2160 2171
f 2171 2160 2146
f 2145 2159 2163
f 2172 2163 2159
f 2172 2173 2163
f 2164 2163 2173
f 2174 2173 2172
f 2175 2146 2162
f 2175 2162 2176
f 2162 2163 2176
f 2177 2175 2176
f 2163 2177 2176
f 2164 2173 2165
f 2173 2178 2165
f 2169 2177 2163
f 2179 2166 2167
f 2167 2165 2179
f 2179 2165 2180
f 2180 2165 2181
f 2179 2170 2166
f 2177 2169 2158
f 2177 2158 2182
f 2179 2180 2170
f 2180 2158 2170
f 2183 2184 2171
f 2171 2184 2161
f 2174 2159 2161
f 2174 2161 2184
f 2185 2174 2184
f 2185 2181 2174
f 2185 2184 2186
f 2146 2187 2171
f 2146 2175 2187
f 2174 2172 2159
f 2187 2175 2177
f 2181 2178 2173
f 2181 2173 2174
f 2165 2178 2181
f 2158 2180 2182
f 2181 2182 2180
f 2188 2184 2183
f 2188 2186 2184
f 2183 2171 2188
f 2188 2171 2183
f 2183 2189 2188
f 2187 2189 2183
f 2190 2181 2185
f 2191 2190 2185
f 2192 2185 2186
f 2185 2192 2177
f 2191 2181 2190
f 2191 2185 2177
f 2183 2171 2187
f 2193 2177 2194
f 2182 2181 2177
f 2191 2177 2181
f 2195 2196 2188
f 2188 2196 2186
f 2196 2197 2186
f 2192 2186 2197
f 2195 2188 2198
f 2197 2196 2195
f 2197 2195 2198
f 2177 2189 2187
f 2188 2189 2198
f 2192 2194 2177
f 2193 2189 2177
f 2192 2189 2193
f 2194 2192 2193
f 2197 2194 2192
f 2189 2192 2198
f 2192 2194 2197
f 2192 2197 2198
f 2199 2200 2201
f 2199 2201 2202
f 2203 2204 2205
f 2202 2206 2203
f 2203 2207 2204
f 2208 2209 2204
f 2210 2199 2211
f 2199 2210 2200
f 2199 2205 2212
f 2202 2205 2199
f 2202 2203 2205
f 2204 2209 2205
f 2213 2205 2209
f 2214 2215 2210
f 1087 2215 2214
f 2214 2210 2211
f 2216 2214 2211
f 2199 2212 2211
f 2212 2217 2211
f 2212 2205 2217
f 2205 2213 2217
f 2213 2218 2219
f 2214 1007 1003
f 1003 1087 2214
f 2216 2220 2214
f 2220 1007 2214
f 2216 2211 2220
f 2211 2217 2220
f 2217 2221 2220
f 2217 2222 2221
f 2213 2219 2217
f 2217 2219 2222
f 2223 1007 2224
f 2223 1008 1007
f 1007 2220 2224
f 2220 2221 2224
f 2225 2223 2221
f 2224 2221 2223
f 2223 2225 2226
f 2227 2225 2221
f 2225 2227 2228
f 2225 2228 2226
f 2222 2227 2221
f 2227 2222 2228
f 2222 2219 2229
f 2229 2228 2222
f 2226 2228 2230
f 2229 2231 2228
f 2232 2233 2234
f 2235 2236 2234
f 2235 2234 2233
f 2236 2235 2237
f 2238 2234 2236
f 2239 2238 2236
f 2240 2241 2239
f 2242 2243 2239
f 2243 2240 2239
f 2232 2244 2245
f 2207 2203 2206
f 2207 2206 2232
f 2232 2206 2244
f 2234 2246 2207
f 2246 2247 2207
f 2207 2232 2234
f 2207 2247 2246
f 2208 2207 2246
f 2238 2246 2234
f 2238 2239 2246
f 2246 2239 2241
f 2241 2248 2249
f 2240 2248 2241
f 2249 2248 2250
f 2251 2201 2200
f 2252 2201 2251
f 2244 2201 2252
f 2201 2206 2202
f 2244 2206 2201
f 2207 2208 2204
f 2208 2253 2209
f 2208 2246 2253
f 2246 2249 2253
f 2241 2249 2246
f 2210 2254 2255
f 2251 2200 2255
f 2255 2200 2210
f 2256 2251 2255
f 2256 2255 2251
f 2255 2256 2251
f 2251 2256 2257
f 2255 2257 2256
f 2258 2252 2251
f 2209 2253 2218
f 2249 2218 2253
f 2249 2250 2259
f 2260 2261 2250
f 2260 2262 2261
f 2262 2260 2263
f 2254 2210 2215
f 1087 1079 2215
f 2215 1079 1087
f 2215 1087 2254
f 2255 2254 1087
f 2264 2255 1087
f 2264 1087 2265
f 2209 2218 2213
f 2266 2267 2218
f 2259 2266 2249
f 2218 2249 2266
f 2266 2259 2267
f 2259 2268 2269
f 2250 2261 2259
f 2261 2262 2259
f 2262 2268 2259
f 2268 2270 2271
f 2262 2272 2268
f 2272 2270 2268
f 2272 2262 2263
f 2272 2273 2270
f 2265 1079 2274
f 2265 1087 1079
f 1003 1079 1087
f 2218 2275 2219
f 2219 2275 2229
f 2218 2267 2275
f 2276 2229 2275
f 2276 2275 2267
f 2259 2269 2267
f 2267 2269 2276
f 2268 2271 2269
f 2277 2269 2271
f 2271 2270 2278
f 2278 2277 2271
f 2273 2278 2270
f 1009 1003 1007
f 1009 1007 943
f 2279 1003 1009
f 2279 1009 943
f 1079 1003 2279
f 1079 1002 1078
f 1002 1079 2279
f 2229 2276 2280
f 2276 2269 2280
f 2269 2277 2280
f 2277 2281 2280
f 2277 2282 2281
f 2278 2282 2277
f 2282 2283 2281
f 943 1008 2223
f 943 1007 1008
f 2223 956 943
f 2279 943 956
f 943 2279 956
f 957 943 956
f 2284 2223 2226
f 2285 2284 2226
f 2284 2285 956
f 956 2223 2284
f 2285 2226 2286
f 2287 2226 2230
f 2231 2288 2230
f 2231 2230 2228
f 2289 2230 2288
f 2230 2289 2228
f 2290 2288 2231
f 2290 2291 2288
f 2288 2291 2289
f 2291 2292 2289
f 2231 2229 2290
f 2293 2291 2290
f 2229 2280 2290
f 2280 2294 2290
f 2290 2294 2293
f 2291 2293 2292
f 2280 2281 2294
f 2281 2293 2294
f 2282 2278 2283
f 2278 2295 2283
f 2283 2293 2281
f 956 2285 2296
f 2226 2287 2286
f 2286 2287 2297
f 2285 2286 2298
f 2298 2286 2297
f 2296 2285 2298
f 2228 2289 2230
f 2230 2289 2287
f 2292 2287 2289
f 2299 2287 2292
f 2292 2300 2301
f 2300 2302 2301
f 2302 2300 2293
f 2292 2293 2300
f 2303 2298 2297
f 2303 2297 2304
f 2297 2287 2304
f 2305 2304 2287
f 2299 2305 2287
f 2299 2292 2301
f 2306 2243 2307
f 2307 2236 2306
f 2307 2306 2236
f 2306 2308 2243
f 2308 2309 2310
f 2311 2309 2312
f 2233 2232 2235
f 2237 2235 2313
f 2237 2307 2236
f 2307 2314 2306
f 2307 2237 2314
f 2237 2313 2314
f 2313 2235 2314
f 2242 2239 2236
f 2242 2236 2307
f 2243 2242 2307
f 2310 2240 2243
f 2310 2243 2308
f 2310 2315 2240
f 2315 2248 2240
f 2248 2315 2316
f 2309 2315 2310
f 2309 2311 2315
f 2316 2315 2317
f 2245 2244 2318
f 2319 2245 2318
f 2318 2320 2235
f 2235 2320 2314
f 2232 2245 2235
f 2245 2319 2235
f 2235 2319 2318
f 2250 2248 2316
f 2317 2321 2316
f 2244 2252 2320
f 2252 2258 2320
f 2320 2318 2244
f 2314 2320 2322
f 2316 2260 2250
f 2316 2321 2260
f 2263 2321 2323
f 2255 2264 2324
f 2255 2324 2325
f 2265 2324 2264
f 2325 2257 2255
f 2320 2258 2326
f 2258 2251 2257
f 2322 2320 2327
f 2260 2321 2263
f 2263 2323 2328
f 2265 2274 1150
f 1160 2265 1150
f 2325 2329 2257
f 2257 2330 2258
f 2258 2331 2326
f 2258 2330 2331
f 2331 2330 2257
f 2320 2326 2332
f 2263 2273 2272
f 2328 2333 2263
f 2263 2333 2273
f 2328 2323 2333
f 2274 1079 1150
f 1150 1079 1078
f 1150 1078 1106
f 2257 2329 2331
f 2331 2334 2335
f 2329 2334 2331
f 2326 2336 2332
f 2331 2336 2326
f 2332 2336 2337
f 2337 2336 2331
f 2332 2327 2320
f 2327 2332 2337
f 2327 2337 2338
f 2327 2339 2340
f 2327 2340 2341
f 2342 2343 2273
f 1106 1078 1002
f 2279 1006 1002
f 1002 1006 1077
f 1022 2334 1023
f 2335 2334 1022
f 1022 2344 2345
f 2337 2331 2335
f 2335 2338 2337
f 1022 2345 2335
f 2335 2345 2338
f 2346 2338 2345
f 2327 2338 2339
f 2338 2347 2339
f 2347 2340 2339
f 2278 2343 2295
f 2343 2348 2295
f 2273 2343 2278
f 2342 2348 2343
f 957 2279 943
f 2279 957 1006
f 957 1023 1006
f 957 1022 1023
f 957 2344 1022
f 970 2344 957
f 2283 2295 2349
f 2283 2349 2302
f 2283 2302 2293
f 2348 2350 2295
f 2350 2349 2295
f 2348 2351 2350
f 955 956 2296
f 882 955 2296
f 956 970 957
f 956 955 970
f 2303 2296 2298
f 2352 2296 2303
f 2303 2304 2353
f 2305 2299 2354
f 2353 2304 2305
f 2354 2353 2305
f 2301 2354 2299
f 2302 2354 2301
f 2302 2355 2354
f 2302 2356 2355
f 2355 2356 2357
f 2358 2303 2353
f 2354 2358 2353
f 2359 2358 2354
f 2360 2359 2354
f 2359 2360 2361
f 2358 2359 2361
f 2355 2362 2354
f 2306 2363 2308
f 2363 2364 2308
f 2365 2363 2306
f 2364 2363 2365
f 2365 2306 2366
f 2364 2365 2366
f 2309 2308 2364
f 2364 2312 2309
f 2312 2364 2367
f 2367 2368 2369
f 2367 2364 2368
f 2312 2367 2369
f 2369 2311 2312
f 2369 2370 2311
f 2369 2371 2370
f 2371 2372 2370
f 2306 2314 2366
f 2366 2314 2373
f 2314 2374 2373
f 2366 2373 2364
f 2317 2311 2370
f 2317 2315 2311
f 2317 2370 2372
f 2317 2372 2375
f 2317 2376 2377
f 2375 2376 2317
f 2317 2377 2378
f 2314 2322 2374
f 2321 2317 2379
f 2317 2378 2379
f 2323 2321 2379
f 2378 2380 2379
f 2378 2381 2380
f 2382 2322 2341
f 2382 2383 2322
f 2379 2380 2323
f 2323 2380 2333
f 2380 2381 2384
f 2378 2385 2381
f 2324 2265 2386
f 2387 2324 2386
f 2387 2388 2324
f 2341 2322 2327
f 2386 1160 2389
f 2386 2265 1160
f 1231 2389 1160
f 1231 1160 1149
f 2325 2324 2390
f 2390 2329 2325
f 2333 2380 2384
f 1106 1149 1150
f 1160 1150 1149
f 2390 2334 2329
f 2390 1159 2334
f 1159 2391 2334
f 2273 2333 2384
f 2273 2384 2392
f 2384 2381 2393
f 2384 2393 2392
f 1002 1077 1106
f 1006 1106 1077
f 1106 1006 1023
f 1106 1023 1105
f 1149 1106 2394
f 2391 1023 2334
f 2346 2395 2338
f 2340 2396 2341
f 2340 2347 2396
f 2341 2396 2397
f 2397 2398 2341
f 2399 2397 2396
f 2397 2399 2398
f 2341 2398 2400
f 2273 2392 2342
f 2392 2401 2342
f 2392 2402 2401
f 2393 2402 2392
f 2345 2344 2403
f 2403 2344 2404
f 2403 2346 2345
f 2346 2403 2405
f 2404 2405 2403
f 2405 2403 2346
f 2406 2395 2346
f 2403 2407 2346
f 2406 2347 2338
f 2338 2395 2406
f 2347 2408 2396
f 2409 2408 2347
f 2347 2406 2409
f 2396 2408 2410
f 2396 2410 2399
f 2399 2410 2411
f 2411 2410 2412
f 2398 2399 2413
f 2413 2399 2411
f 2348 2342 2351
f 2401 2414 2342
f 2342 2414 2351
f 2414 2415 2351
f 968 2344 970
f 968 970 1036
f 1036 970 968
f 2404 2344 968
f 2403 2416 2407
f 2407 2406 2346
f 2406 2407 2409
f 2409 2407 2408
f 2408 2407 2417
f 2410 2408 2412
f 2350 2415 2349
f 2351 2415 2350
f 2415 2418 2419
f 2418 2415 2420
f 2352 882 2296
f 955 882 970
f 970 882 968
f 882 900 968
f 900 882 2352
f 2421 2417 2407
f 2407 2422 2421
f 2417 2421 2408
f 2349 2419 2302
f 2419 2356 2302
f 2415 2419 2349
f 2418 2423 2419
f 2420 2423 2418
f 2352 2303 2424
f 2424 2303 2358
f 2424 2358 2425
f 2357 2362 2355
f 2356 2426 2357
f 2426 2427 2357
f 2427 2428 2357
f 2419 2426 2356
f 2419 2427 2426
f 2423 2429 2419
f 2419 2429 2427
f 2424 2430 2352
f 2430 2424 2431
f 2425 2358 2431
f 2431 2358 2432
f 2432 2358 2361
f 2424 2425 2431
f 2432 2361 2431
f 2433 2431 2361
f 2361 2360 2434
f 2361 2434 2435
f 2433 2361 2435
f 2362 2360 2354
f 2360 2362 2436
f 2360 2437 2434
f 2438 2368 2364
f 2367 2439 2368
f 2439 2367 2368
f 2368 2438 2440
f 2441 2442 2371
f 2369 2441 2371
f 2368 2441 2369
f 2368 2439 2441
f 2441 2439 2442
f 2368 2440 2439
f 2372 2371 2442
f 2375 2372 2442
f 2375 2443 2444
f 2444 2376 2375
f 2442 2443 2375
f 2445 2443 2442
f 2445 2446 2443
f 2447 2444 2443
f 2376 2444 2447
f 2446 2447 2443
f 2373 2438 2364
f 2440 2438 2448
f 2438 2373 2448
f 2448 2373 2449
f 2376 2447 2377
f 2450 2377 2447
f 2451 2377 2450
f 2449 2373 2374
f 2452 2449 2374
f 2378 2453 2385
f 2454 2378 2377
f 2378 2454 2453
f 2454 2451 2453
f 2453 2451 2385
f 2454 2377 2451
f 2451 2455 2385
f 2451 2456 2455
f 2456 2457 2455
f 2451 2458 2456
f 2387 2386 2459
f 2459 2386 2460
f 2452 2374 2383
f 2374 2322 2383
f 2452 2383 2461
f 2452 2461 2462
f 2462 2461 2463
f 2385 2464 2381
f 2385 2455 2464
f 2455 2457 2464
f 2464 2457 2465
f 2466 2386 2389
f 2460 2386 2466
f 2388 2467 2468
f 2461 2383 2382
f 2461 2469 2463
f 2382 2469 2461
f 2464 2465 2470
f 2466 2389 1231
f 2324 2388 2471
f 2390 2324 2471
f 2468 2390 2471
f 2471 2388 2468
f 2391 2390 2468
f 2382 2341 2400
f 2469 2382 2400
f 2381 2464 2470
f 2470 2465 2402
f 2465 2472 2402
f 1149 1219 1231
f 1149 2394 1219
f 1219 1230 1231
f 1230 1219 2394
f 1105 2391 2394
f 2391 2473 2394
f 2391 1159 2390
f 2469 2400 2474
f 2475 2474 2400
f 2474 2475 2476
f 2469 2474 2463
f 2476 2463 2474
f 2477 2463 2476
f 2470 2393 2381
f 2470 2402 2393
f 2391 1105 1023
f 2394 1106 1105
f 2400 2398 2475
f 2475 2398 2478
f 2398 2413 2478
f 2475 2478 2476
f 2402 2479 2480
f 2405 2481 2403
f 2404 2481 2405
f 2413 2482 2483
f 2413 2483 2478
f 2482 2484 2483
f 2478 2483 2485
f 2478 2485 2486
f 2402 2487 2401
f 2487 2488 2401
f 2480 2488 2487
f 2402 2480 2487
f 2480 2489 2488
f 968 1036 2404
f 2404 1036 2490
f 2404 2490 2481
f 2481 2416 2403
f 2416 2491 2492
f 2493 2416 2481
f 2416 2494 2407
f 2408 2495 2412
f 2412 2496 2411
f 2482 2413 2411
f 2411 2496 2482
f 2484 2482 2497
f 2497 2482 2498
f 2483 2484 2485
f 2488 2414 2401
f 2488 2499 2500
f 2500 2414 2488
f 2488 2489 2499
f 939 968 900
f 1036 968 939
f 1036 939 967
f 967 939 900
f 2494 2492 2407
f 2492 2422 2407
f 2492 2494 2416
f 2422 2501 2421
f 2492 2501 2422
f 2501 2492 2502
f 2503 2502 2492
f 2408 2421 2495
f 2501 2502 2421
f 2502 2504 2421
f 2495 2496 2412
f 2496 2495 2505
f 2496 2505 2506
f 2496 2498 2482
f 2498 2496 2507
f 2506 2507 2496
f 2508 2498 2507
f 2497 2498 2508
f 2500 2415 2414
f 2500 2420 2415
f 900 2509 966
f 2421 2505 2495
f 2504 2505 2421
f 2502 2505 2504
f 2502 2510 2505
f 2510 2511 2505
f 2505 2512 2506
f 2513 2423 2420
f 2513 2429 2423
f 900 2352 2430
f 2509 900 2430
f 2430 2431 2514
f 2427 2515 2516
f 2515 2427 2429
f 2429 2517 2515
f 2514 2431 2518
f 2518 2431 2433
f 2519 2433 2520
f 2518 2433 2519
f 2521 2519 2520
f 2522 2520 2433
f 2434 2437 2435
f 2435 2522 2433
f 2523 2522 2435
f 2523 2520 2522
f 2357 2436 2362
f 2436 2524 2360
f 2428 2436 2357
f 2428 2525 2436
f 2428 2427 2516
f 2516 2525 2428
f 2524 2437 2360
f 2439 2440 2442
f 2440 2526 2442
f 2526 2445 2442
f 2526 2527 2445
f 2445 2527 2446
f 2446 2527 2526
f 2446 2526 2528
f 2447 2446 2529
f 2446 2528 2530
f 2529 2446 2530
f 2526 2440 2448
f 2526 2448 2531
f 2530 2528 2532
f 2526 2531 2528
f 2528 2531 2532
f 2533 2532 2531
f 2533 2530 2532
f 2530 2533 2529
f 2450 2447 2529
f 2450 2529 2534
f 2535 2450 2529
f 2535 2536 2450
f 2534 2451 2450
f 2529 2450 2534
f 2450 2537 2534
f 2537 2450 2536
f 2538 2458 2451
f 2534 2538 2451
f 2538 2534 2537
f 2449 2452 2448
f 2462 2448 2452
f 2448 2462 2531
f 2539 2531 2462
f 2533 2531 2539
f 2456 2458 2540
f 2538 2540 2458
f 2456 2540 2541
f 2541 2542 2456
f 2541 2540 2543
f 2543 2540 2538
f 2543 2538 2544
f 2387 2545 2388
f 2387 2459 2460
f 2545 2387 2546
f 2460 2459 2547
f 2547 2459 2460
f 2548 2387 2460
f 2387 2547 2546
f 2548 2460 2547
f 2549 2547 2387
f 2545 2546 2547
f 2539 2550 2533
f 2550 2539 2551
f 2542 2457 2456
f 2542 2552 2457
f 2541 2552 2542
f 2553 2552 2541
f 2554 2553 2541
f 2553 2554 2555
f 2556 2466 2557
f 2556 2460 2466
f 2468 2467 2558
f 2388 2545 2467
f 2559 2558 2467
f 2462 2463 2539
f 2539 2463 2551
f 2552 2560 2457
f 2552 2555 2560
f 2553 2555 2552
f 2560 2561 2457
f 2557 2466 1231
f 2557 1231 1230
f 2556 2557 1230
f 1230 2562 2556
f 2558 2563 2468
f 2463 2564 2551
f 2477 2564 2463
f 2551 2564 2565
f 2564 2477 2565
f 2566 2465 2457
f 2457 2561 2566
f 1228 1230 2394
f 1228 1284 1230
f 2394 2473 1228
f 2563 2473 2391
f 2473 1284 1228
f 2563 2391 2468
f 2567 2565 2477
f 2472 2465 2566
f 2479 2566 2568
f 2568 2566 2561
f 2476 2478 2569
f 2567 2477 2476
f 2567 2476 2569
f 2402 2472 2479
f 2566 2479 2472
f 2478 2486 2569
f 2570 2569 2486
f 2567 2569 2571
f 2571 2569 2572
f 2573 2489 2479
f 2479 2489 2480
f 2489 2573 2574
f 2568 2575 2479
f 2479 2575 2573
f 2573 2575 2574
f 1036 2576 2490
f 2481 2490 2577
f 2577 2493 2481
f 2490 2576 2577
f 2508 2484 2497
f 2486 2485 2578
f 2578 2579 2486
f 2569 2570 2572
f 2489 2574 2499
f 2575 2499 2574
f 2575 2580 2499
f 2576 1036 967
f 965 2576 967
f 965 967 966
f 2491 2416 2493
f 2581 2491 2493
f 2582 2581 2493
f 2503 2492 2491
f 2491 2581 2503
f 2484 2508 2485
f 2583 2508 2584
f 2578 2485 2585
f 2508 2583 2485
f 2583 2585 2485
f 2585 2583 2586
f 2579 2578 2585
f 2579 2585 2586
f 900 966 967
f 966 2587 965
f 2588 2503 2581
f 2503 2588 2502
f 2588 2589 2502
f 2588 2590 2591
f 2589 2588 2591
f 2592 2510 2502
f 2592 2502 2589
f 2510 2592 2511
f 2506 2512 2507
f 2508 2593 2584
f 2508 2507 2593
f 2594 2584 2593
f 2584 2594 2595
f 2586 2583 2584
f 2595 2586 2584
f 2500 2596 2420
f 2499 2597 2500
f 2499 2598 2597
f 2597 2596 2500
f 2599 966 2509
f 2514 2509 2430
f 2509 2514 2600
f 2600 2601 2509
f 2590 2600 2602
f 2590 2602 2591
f 2592 2603 2511
f 2604 2592 2605
f 2603 2592 2604
f 2512 2505 2511
f 2603 2512 2511
f 2507 2512 2606
f 2507 2606 2593
f 2593 2606 2594
f 2513 2517 2429
f 2420 2596 2513
f 2513 2596 2607
f 2608 2607 2596
f 2607 2608 2609
f 2602 2514 2518
f 2602 2600 2514
f 2518 2519 2602
f 2521 2602 2519
f 2610 2602 2521
f 2512 2611 2606
f 2612 2611 2512
f 2613 2525 2516
f 2515 2613 2516
f 2515 2614 2613
f 2517 2615 2515
f 2517 2513 2607
f 2517 2616 2615
f 2517 2607 2616
f 2617 2521 2520
f 2617 2520 2523
f 2617 2523 2618
f 2619 2435 2437
f 2523 2435 2619
f 2620 2621 2437
f 2524 2436 2525
f 2525 2613 2622
f 2525 2622 2524
f 2524 2622 2623
f 2624 2623 2622
f 2613 2615 2622
f 2615 2624 2622
f 2613 2614 2615
f 2515 2615 2614
f 2616 2625 2615
f 2618 2523 2619
f 2619 2437 2621
f 2437 2524 2620
f 2619 2621 2626
f 2621 2620 2627
f 2620 2524 2627
f 2624 2627 2524
f 2623 2624 2524
f 2624 2615 2628
f 2533 2532 2629
f 2536 2535 2529
f 2529 2535 2536
f 2529 2533 2535
f 2533 2629 2535
f 2536 2538 2537
f 2549 2387 2548
f 2548 2630 2549
f 2548 2549 2630
f 2548 2547 2549
f 2548 2547 2630
f 2532 2533 2629
f 2533 2550 2631
f 2533 2631 2629
f 2535 2629 2632
f 2535 2632 2536
f 2536 2544 2538
f 2632 2544 2536
f 2632 2543 2544
f 2543 2633 2634
f 2633 2543 2632
f 2543 2634 2635
f 2460 2556 2636
f 2548 2545 2547
f 2549 2545 2548
f 2467 2545 2549
f 2549 2559 2467
f 2550 2551 2631
f 2631 2637 2629
f 2632 2629 2637
f 2637 2638 2632
f 2635 2541 2543
f 2554 2541 2635
f 2633 2639 2634
f 2639 2635 2634
f 2554 2635 2640
f 2641 2640 2635
f 2556 2562 2642
f 2559 2643 2558
f 2644 2558 2643
f 2643 2559 2644
f 2645 2558 2644
f 2565 2631 2551
f 2565 2637 2631
f 2637 2565 2646
f 2646 2567 2647
f 2646 2648 2638
f 2637 2646 2638
f 2638 2648 2632
f 2554 2649 2555
f 2640 2649 2554
f 2562 1230 1284
f 2650 2563 2558
f 2563 2651 2473
f 2651 2563 2650
f 2645 2650 2558
f 2650 2645 2651
f 2646 2565 2567
f 2649 2560 2555
f 2652 2560 2649
f 2640 2652 2649
f 1284 2473 2653
f 2651 2653 2473
f 2654 1284 2653
f 2655 2647 2567
f 2561 2560 2652
f 2568 2561 2656
f 2656 2657 2568
f 2652 2656 2561
f 2652 2561 2656
f 2567 2571 2655
f 2655 2571 2658
f 2568 2657 2575
f 2577 2659 2660
f 2577 2576 2661
f 2661 2659 2577
f 2661 2576 2662
f 2661 2660 2659
f 2661 2663 2660
f 2582 2493 2577
f 2660 2582 2577
f 2571 2664 2658
f 2571 2572 2664
f 2657 2580 2575
f 2662 2576 1037
f 2587 2576 965
f 1037 2576 2665
f 2665 2576 2587
f 2662 1037 2665
f 2581 2582 2666
f 2486 2579 2667
f 2486 2667 2570
f 2570 2664 2572
f 2664 2570 2668
f 2570 2667 2668
f 2668 2667 2669
f 2668 2669 2670
f 2598 2499 2580
f 2580 2671 2598
f 966 2599 2587
f 2587 2599 2672
f 2665 2587 2673
f 2673 2587 2672
f 2581 2666 2588
f 2674 2588 2666
f 2588 2674 2590
f 2579 2586 2675
f 2579 2675 2667
f 2667 2675 2676
f 2669 2667 2676
f 2598 2677 2597
f 2598 2671 2677
f 2509 2601 2599
f 2599 2601 2672
f 2601 2600 2674
f 2590 2674 2600
f 2591 2602 2610
f 2605 2589 2678
f 2605 2592 2589
f 2679 2589 2591
f 2678 2589 2679
f 2605 2678 2679
f 2605 2680 2604
f 2594 2606 2681
f 2595 2675 2586
f 2595 2682 2675
f 2597 2677 2608
f 2597 2608 2596
f 2677 2683 2608
f 2671 2684 2677
f 2671 2685 2684
f 2685 2686 2684
f 2591 2610 2679
f 2610 2687 2679
f 2610 2688 2687
f 2689 2605 2679
f 2680 2689 2604
f 2605 2689 2680
f 2689 2690 2604
f 2612 2512 2603
f 2603 2604 2612
f 2612 2604 2611
f 2604 2691 2611
f 2681 2606 2611
f 2611 2691 2681
f 2681 2691 2692
f 2594 2681 2693
f 2681 2692 2694
f 2594 2693 2595
f 2692 2695 2694
f 2693 2696 2595
f 2693 2681 2696
f 2681 2694 2696
f 2682 2595 2696
f 2697 2607 2609
f 2697 2616 2607
f 2683 2609 2608
f 2683 2697 2609
f 2684 2683 2677
f 2683 2684 2698
f 2699 2610 2521
f 2688 2610 2699
f 2521 2700 2699
f 2688 2699 2700
f 2701 2688 2700
f 2521 2617 2700
f 2618 2700 2617
f 2691 2702 2692
f 2625 2703 2615
f 2697 2625 2616
f 2625 2697 2703
f 2683 2704 2697
f 2683 2698 2704
f 2704 2705 2697
f 2700 2618 2706
f 2706 2618 2707
f 2700 2706 2707
f 2618 2619 2708
f 2707 2618 2708
f 2709 2619 2626
f 2709 2708 2619
f 2621 2709 2626
f 2627 2709 2621
f 2624 2710 2627
f 2627 2710 2711
f 2710 2712 2713
f 2710 2624 2712
f 2713 2712 2624
f 2624 2714 2713
f 2624 2715 2714
f 2715 2628 2615
f 2624 2628 2715
f 2615 2703 2715
f 2716 2708 2709
f 2709 2627 2716
f 2716 2627 2717
f 2627 2711 2717
f 2711 2710 2713
f 2713 2718 2711
f 2711 2718 2717
f 2713 2714 2715
f 2719 2630 2547
f 2719 2547 2460
f 2720 2460 2721
f 2720 2721 2722
f 2721 2720 2722
f 2548 2723 2549
f 2721 2460 2636
f 2556 2642 2636
f 2642 2721 2636
f 2724 2642 2725
f 2642 2724 2721
f 2639 2633 2632
f 2726 2642 2562
f 2726 2725 2642
f 1284 2727 2726
f 2725 2726 2727
f 2728 2645 2644
f 2648 2646 2647
f 2632 2648 2639
f 2635 2639 2641
f 2641 2639 2640
f 2639 2729 2640
f 2729 2730 2640
f 2729 2731 2730
f 2730 2731 2640
f 2726 2562 1284
f 2654 2653 2651
f 1284 2654 2727
f 2732 2733 2651
f 2733 2654 2651
f 2651 2644 2734
f 2645 2644 2651
f 2734 2732 2651
f 2734 2654 2732
f 2729 2639 2735
f 2639 2648 2735
f 2729 2736 2731
f 2647 2655 2648
f 2648 2737 2735
f 2652 2656 2561
f 2738 2652 2640
f 2738 2640 2731
f 2655 2658 2739
f 2648 2655 2739
f 2737 2648 2739
f 2735 2737 2740
f 2740 2737 2741
f 2561 2742 2656
f 2656 2743 2657
f 2561 2656 2742
f 2656 2742 2743
f 2652 2742 2656
f 2738 2742 2652
f 2742 2738 2744
f 2742 2744 2745
f 2746 2660 2663
f 2746 2747 2660
f 2737 2739 2741
f 2739 2658 2741
f 2658 2748 2741
f 2748 2740 2741
f 2657 2743 2749
f 2743 2750 2749
f 2742 2745 2743
f 2663 2661 2751
f 2751 2661 2752
f 2752 2661 2662
f 2666 2582 2660
f 2753 2754 2660
f 2755 2754 2753
f 2658 2664 2756
f 2756 2664 2668
f 2756 2668 2670
f 2748 2658 2756
f 2748 2756 2757
f 2749 2758 2657
f 2749 2750 2759
f 2665 2760 2662
f 2760 2665 2761
f 2754 2666 2660
f 2754 2762 2666
f 2755 2762 2754
f 2670 2669 2763
f 2756 2670 2764
f 2756 2764 2757
f 2757 2764 2765
f 2758 2580 2657
f 2758 2766 2580
f 2758 2759 2766
f 2671 2580 2766
f 2759 2767 2766
f 2759 2758 2749
f 2761 2665 2673
f 2761 2673 2672
f 2761 2672 2768
f 2769 2768 2672
f 2769 2601 2674
f 2762 2674 2666
f 2769 2674 2762
f 2669 2676 2763
f 2670 2763 2770
f 2764 2670 2770
f 2764 2770 2771
f 2771 2770 2772
f 2766 2685 2671
f 2766 2767 2685
f 2769 2672 2601
f 2675 2773 2774
f 2675 2774 2676
f 2676 2774 2775
f 2763 2676 2776
f 2676 2775 2776
f 2775 2774 2777
f 2778 2775 2777
f 2775 2778 2776
f 2763 2776 2770
f 2778 2770 2776
f 2770 2778 2779
f 2772 2770 2779
f 2778 2780 2779
f 2686 2685 2781
f 2781 2685 2767
f 2767 2782 2781
f 2767 2783 2782
f 2784 2783 2767
f 2689 2679 2687
f 2689 2687 2785
f 2689 2785 2786
f 2689 2786 2690
f 2787 2604 2690
f 2787 2691 2604
f 2695 2692 2788
f 2694 2695 2696
f 2789 2682 2696
f 2790 2696 2695
f 2789 2696 2790
f 2682 2773 2675
f 2773 2682 2789
f 2773 2791 2774
f 2791 2773 2789
f 2777 2774 2791
f 2789 2777 2791
f 2790 2777 2789
f 2792 2777 2790
f 2780 2777 2792
f 2686 2698 2684
f 2781 2698 2686
f 2781 2793 2698
f 2781 2782 2793
f 2793 2782 2794
f 2795 2688 2701
f 2795 2796 2688
f 2688 2785 2687
f 2796 2785 2688
f 2797 2787 2690
f 2787 2797 2691
f 2797 2798 2691
f 2702 2788 2692
f 2691 2788 2702
f 2798 2799 2691
f 2691 2799 2788
f 2798 2800 2799
f 2801 2802 2788
f 2802 2695 2788
f 2695 2803 2790
f 2697 2705 2804
f 2804 2703 2697
f 2804 2705 2703
f 2704 2698 2705
f 2805 2806 2698
f 2698 2807 2705
f 2698 2806 2807
f 2806 2805 2807
f 2793 2805 2698
f 2794 2808 2793
f 2795 2700 2809
f 2701 2700 2795
f 2809 2700 2707
f 2810 2809 2707
f 2811 2809 2810
f 2812 2715 2813
f 2715 2703 2813
f 2705 2814 2703
f 2813 2703 2815
f 2814 2705 2807
f 2708 2716 2816
f 2817 2707 2708
f 2708 2816 2817
f 2810 2707 2817
f 2810 2817 2816
f 2810 2816 2818
f 2816 2716 2819
f 2819 2716 2820
f 2716 2717 2820
f 2820 2717 2718
f 2821 2820 2822
f 2820 2718 2822
f 2823 2718 2713
f 2824 2823 2713
f 2823 2822 2718
f 2823 2824 2822
f 2824 2713 2825
f 2826 2713 2715
f 2713 2826 2825
f 2825 2826 2827
f 2826 2715 2812
f 2828 2630 2719
f 2719 2630 2828
f 2548 2630 2723
f 2719 2723 2630
f 2460 2720 2719
f 2720 2721 2724
f 2725 2829 2830
f 2724 2725 2830
f 2831 2644 2559
f 2723 2559 2549
f 2727 2654 2725
f 2725 2654 2832
f 2725 2832 2829
f 2829 2832 2654
f 2728 2644 2645
f 2734 2644 2654
f 2732 2654 2733
f 2729 2735 2833
f 2736 2738 2731
f 2731 2738 2736
f 2736 2738 2731
f 2729 2833 2736
f 2834 2835 2747
f 2747 2835 2836
f 2735 2740 2833
f 2736 2833 2837
f 2837 2833 2838
f 2833 2839 2838
f 2738 2840 2837
f 2736 2840 2738
f 2837 2744 2738
f 2834 2751 2752
f 2841 2834 2842
f 2842 2834 2752
f 2746 2834 2747
f 2746 2663 2834
f 2834 2663 2751
f 2753 2747 2843
f 2833 2740 2839
f 2745 2744 2844
f 2845 2743 2745
f 2750 2743 2845
f 2745 2846 2845
f 2846 2745 2844
f 2752 2662 2751
f 2662 2760 2751
f 2751 2847 2752
f 2753 2660 2747
f 2748 2757 2740
f 2838 2839 2757
f 2838 2757 2848
f 2839 2740 2757
f 2750 2845 2759
f 2845 2846 2759
f 2759 2846 2849
f 2850 2759 2849
f 2849 2846 2851
f 2846 2852 2851
f 2850 2849 2851
f 2768 2760 2761
f 2847 2751 2760
f 2768 2853 2760
f 2853 2847 2760
f 2853 2768 2847
f 2753 2854 2855
f 2755 2753 2762
f 2855 2762 2753
f 2765 2764 2771
f 2767 2759 2856
f 2850 2856 2759
f 2850 2857 2856
f 2855 2769 2762
f 2855 2768 2769
f 2765 2771 2858
f 2859 2858 2771
f 2757 2765 2858
f 2784 2767 2856
f 2779 2780 2772
f 2859 2771 2772
f 2859 2772 2860
f 2861 2860 2862
f 2860 2772 2862
f 2859 2860 2861
f 2863 2785 2864
f 2865 2786 2866
f 2866 2786 2785
f 2778 2777 2780
f 2862 2772 2780
f 2792 2867 2780
f 2780 2867 2862
f 2868 2861 2862
f 2784 2869 2783
f 2795 2864 2796
f 2870 2864 2795
f 2864 2785 2796
f 2871 2865 2866
f 2871 2872 2865
f 2786 2865 2690
f 2797 2690 2865
f 2873 2798 2797
f 2873 2800 2798
f 2800 2874 2799
f 2799 2874 2788
f 2874 2801 2788
f 2801 2875 2802
f 2874 2876 2801
f 2801 2876 2875
f 2802 2875 2695
f 2875 2877 2695
f 2695 2878 2803
f 2877 2878 2695
f 2876 2877 2875
f 2878 2877 2879
f 2877 2880 2879
f 2880 2881 2879
f 2790 2803 2882
f 2878 2883 2803
f 2881 2883 2878
f 2879 2881 2878
f 2803 2883 2882
f 2792 2790 2882
f 2883 2881 2884
f 2884 2882 2883
f 2884 2867 2882
f 2792 2882 2867
f 2793 2808 2805
f 2783 2794 2782
f 2869 2794 2783
f 2794 2869 2885
f 2808 2794 2886
f 2794 2885 2886
f 2795 2887 2870
f 2870 2887 2888
f 2809 2811 2795
f 2811 2887 2795
f 2811 2872 2871
f 2887 2811 2871
f 2814 2815 2703
f 2814 2807 2889
f 2805 2808 2807
f 2807 2808 2890
f 2807 2891 2889
f 2890 2891 2807
f 2892 2811 2810
f 2893 2811 2892
f 2892 2810 2818
f 2892 2818 2894
f 2818 2816 2819
f 2818 2819 2895
f 2896 2818 2895
f 2819 2820 2895
f 2895 2821 2897
f 2895 2820 2821
f 2898 2822 2899
f 2821 2822 2898
f 2824 2825 2812
f 2825 2827 2812
f 2899 2822 2824
f 2824 2812 2899
f 2812 2900 2899
f 2827 2826 2812
f 2900 2901 2902
f 2900 2903 2901
f 2900 2812 2903
f 2903 2812 2904
f 2813 2815 2889
f 2889 2812 2813
f 2889 2904 2812
f 2815 2814 2889
f 2828 2719 2905
f 2720 2905 2719
f 2906 2724 2830
f 2724 2906 2720
f 2906 2830 2907
f 2559 2723 2908
f 2909 2559 2908
f 2559 2909 2831
f 2910 2831 2909
f 2911 2831 2910
f 2830 2829 2907
f 2912 2913 2914
f 2914 2913 2915
f 2916 2914 2644
f 2913 2912 2915
f 2911 2644 2831
f 2829 2654 2644
f 2914 2915 2644
f 2644 2915 2829
f 2842 2917 2841
f 2835 2834 2917
f 2917 2834 2841
f 2835 2918 2836
f 2919 2835 2917
f 2736 2920 2840
f 2834 2842 2752
f 2921 2834 2752
f 2842 2921 2922
f 2747 2836 2923
f 2923 2843 2747
f 2753 2843 2923
f 2838 2848 2837
f 2736 2837 2924
f 2736 2924 2920
f 2840 2844 2837
f 2837 2844 2744
f 2844 2840 2920
f 2846 2844 2852
f 2752 2922 2921
f 2752 2847 2922
f 2842 2922 2925
f 2922 2921 2925
f 2847 2921 2922
f 2926 2921 2847
f 2926 2847 2927
f 2926 2927 2925
f 2928 2854 2753
f 2927 2928 2929
f 2920 2852 2844
f 2920 2930 2852
f 2851 2852 2931
f 2931 2852 2932
f 2932 2852 2933
f 2847 2768 2853
f 2847 2853 2768
f 2847 2855 2934
f 2847 2768 2855
f 2854 2934 2855
f 2847 2934 2927
f 2934 2854 2927
f 2854 2928 2927
f 2858 2935 2848
f 2850 2931 2857
f 2851 2931 2850
f 2848 2757 2858
f 2858 2859 2935
f 2856 2857 2784
f 2936 2857 2931
f 2937 2938 2931
f 2938 2936 2931
f 2939 2940 2941
f 2942 2943 2863
f 2942 2866 2943
f 2866 2942 2943
f 2859 2944 2935
f 2936 2945 2784
f 2857 2936 2784
f 2940 2946 2947
f 2941 2940 2947
f 2946 2941 2947
f 2940 2863 2864
f 2940 2939 2863
f 2863 2943 2785
f 2943 2866 2785
f 2943 2948 2866
f 2944 2861 2868
f 2944 2868 2949
f 2861 2944 2859
f 2869 2784 2945
f 2936 2950 2945
f 2888 2864 2870
f 2864 2888 2940
f 2888 2946 2940
f 2871 2888 2887
f 2951 2952 2865
f 2797 2952 2873
f 2865 2952 2797
f 2952 2953 2873
f 2952 2951 2954
f 2953 2952 2955
f 2956 2953 2955
f 2953 2800 2873
f 2800 2957 2958
f 2953 2957 2800
f 2956 2957 2953
f 2956 2958 2957
f 2959 2958 2956
f 2958 2960 2800
f 2874 2800 2960
f 2960 2876 2874
f 2960 2961 2876
f 2960 2962 2961
f 2961 2962 2876
f 2876 2963 2877
f 2877 2963 2880
f 2963 2879 2880
f 2880 2879 2881
f 2949 2868 2862
f 2949 2862 2964
f 2867 2964 2862
f 2867 2884 2964
f 2949 2964 2884
f 2884 2965 2949
f 2965 2966 2949
f 2949 2966 2967
f 2884 2968 2965
f 2944 2949 2969
f 2970 2885 2869
f 2971 2869 2945
f 2869 2971 2970
f 2950 2971 2945
f 2811 2972 2872
f 2893 2973 2972
f 2972 2811 2893
f 2973 2872 2972
f 2893 2974 2973
f 2975 2872 2973
f 2951 2865 2872
f 2975 2951 2872
f 2976 2977 2955
f 2977 2959 2955
f 2959 2956 2955
f 2962 2978 2876
f 2978 2963 2876
f 2979 2879 2963
f 2881 2879 2980
f 2980 2884 2881
f 2890 2808 2981
f 2886 2981 2808
f 2885 2981 2886
f 2981 2885 2982
f 2981 2982 2983
f 2885 2970 2982
f 2984 2981 2983
f 2893 2894 2976
f 2893 2976 2972
f 2894 2818 2896
f 2894 2896 2977
f 2894 2893 2892
f 2976 2894 2977
f 2959 2977 2896
f 2895 2959 2896
f 2897 2985 2895
f 2986 2985 2897
f 2959 2895 2986
f 2985 2986 2895
f 2959 2986 2987
f 2897 2821 2986
f 2986 2821 2988
f 2988 2821 2898
f 2898 2899 2988
f 2899 2902 2989
f 2988 2899 2989
f 2899 2900 2902
f 2902 2901 2990
f 2990 2901 2991
f 2901 2903 2992
f 2991 2901 2992
f 2903 2904 2992
f 2904 2993 2992
f 2993 2904 2994
f 2904 2889 2995
f 2904 2995 2996
f 2994 2904 2996
f 2995 2889 2997
f 2997 2996 2995
f 2891 2890 2984
f 2891 2984 2998
f 2889 2891 2998
f 2889 2998 2997
f 2890 2981 2984
f 2984 2983 2999
f 3000 2998 2999
f 2998 2984 2999
f 2719 3001 2723
f 2719 2828 3001
f 3001 3002 3003
f 3002 3001 2828
f 3002 3004 3003
f 3005 2828 2905
f 2723 3003 2908
f 3001 3003 2723
f 3004 2908 3003
f 2908 3004 3002
f 3002 3006 2908
f 2905 2906 3007
f 2720 2906 2905
f 3007 3005 2905
f 2907 3008 2906
f 3007 2906 3008
f 3009 2910 2909
f 2909 2908 3006
f 2911 2910 3009
f 2911 3010 2644
f 3006 3009 2909
f 3009 3010 2911
f 3010 2916 2644
f 2915 2907 2829
f 2916 2912 2914
f 2912 2907 2915
f 2836 2918 3011
f 3012 3011 2918
f 2919 2917 2842
f 2917 3013 2919
f 2918 2835 2919
f 3012 2918 2919
f 2923 2836 3014
f 3015 3016 2923
f 2834 2919 2842
f 2842 2917 2921
f 2917 2919 2834
f 2834 2921 2917
f 2925 2917 2842
f 2925 3017 2917
f 3016 2836 2923
f 2836 3016 2923
f 2928 2753 3018
f 3018 2753 2923
f 3018 2854 2928
f 2854 3018 2929
f 2923 2929 2928
f 2928 2854 2929
f 2929 3018 2923
f 2923 2928 2929
f 2925 2921 2926
f 2925 2927 2929
f 2837 2848 2924
f 3019 2930 2920
f 3019 2920 2924
f 2852 2930 2933
f 2924 2848 3020
f 2924 3020 3021
f 2932 2933 2930
f 2930 3019 3021
f 3022 2930 3021
f 3019 2924 3021
f 3022 2932 2930
f 3023 3022 3021
f 2932 3022 3023
f 3024 2931 2932
f 2937 2931 3024
f 2941 3025 2939
f 2863 3026 2942
f 2939 3026 2863
f 2848 2935 3020
f 2932 2937 3024
f 2937 2932 3027
f 3028 2943 2942
f 2943 3028 2948
f 3028 2866 2948
f 3029 3028 2942
f 3028 3030 2866
f 2935 3031 3032
f 2935 3032 3020
f 2937 3027 2938
f 3033 2938 3027
f 2950 2938 3033
f 3034 2941 2946
f 3034 2946 2947
f 2866 2888 2871
f 3030 2888 2866
f 2946 2888 3035
f 3035 2947 2946
f 2888 3030 3035
f 2947 3035 3034
f 2954 2951 3036
f 2951 2954 3036
f 2954 3037 3036
f 2954 3038 3039
f 3038 3040 3039
f 2944 3041 2935
f 3041 2944 2969
f 2935 3041 3031
f 3042 3043 3041
f 2938 2950 2936
f 3044 2971 3045
f 3045 2971 2950
f 3033 3046 2950
f 2975 2973 3047
f 3048 3047 2973
f 2954 2951 3037
f 3049 2951 2975
f 3037 2951 3049
f 3050 2976 2955
f 3039 2952 2954
f 3040 2952 3039
f 2952 3040 2955
f 3038 2955 3040
f 3051 3052 3053
f 3053 3052 2979
f 2967 2969 2949
f 2967 3054 3055
f 2969 3042 3041
f 2969 3043 3042
f 2967 3055 2969
f 2969 3055 3043
f 3044 2970 2971
f 3056 2970 3044
f 3057 2973 2974
f 3057 3048 2973
f 2976 3057 2974
f 3057 2976 3050
f 2959 2987 3058
f 2959 3058 2958
f 3059 3058 2987
f 3058 2960 2958
f 2960 3058 2962
f 2962 3058 3060
f 3060 3061 2962
f 2962 3061 3062
f 2962 3062 2978
f 3062 3063 2978
f 3053 2963 2978
f 2978 3063 3053
f 3063 3062 3053
f 2979 3064 2879
f 2963 3053 2979
f 2979 3065 3064
f 3064 3066 2879
f 2879 3066 2980
f 3067 3066 3064
f 3067 2980 3066
f 3064 3065 3067
f 3065 3068 3067
f 2980 2968 2884
f 3067 3068 2980
f 2980 3069 2968
f 3068 3069 2980
f 3069 3070 2968
f 2968 2966 2965
f 2968 2967 2966
f 2968 3071 2967
f 3071 3054 2967
f 2982 3072 2983
f 3072 3056 2983
f 3073 2983 3056
f 2982 2970 3056
f 2982 3056 3072
f 2976 2974 2893
f 2972 2976 2893
f 3074 2987 3059
f 2987 2986 3075
f 3059 2987 3074
f 3075 3076 2987
f 2986 2988 3075
f 2989 3077 3075
f 2988 3078 3075
f 2989 3078 2988
f 3078 2989 3075
f 3079 2989 3080
f 2989 2902 2990
f 2989 2990 3080
f 2990 2991 3081
f 2992 3082 2991
f 3081 2991 3082
f 3083 2992 2993
f 3082 2992 3083
f 3082 3083 3081
f 3081 3083 3084
f 2993 2994 3083
f 2994 2996 3083
f 3083 2996 3084
f 3084 2996 3085
f 2997 3086 2996
f 2997 2998 3000
f 3086 2997 3000
f 3085 2996 3086
f 3087 3000 3088
f 2999 3088 3000
f 2999 2983 3073
f 3002 3089 3090
f 3090 3004 3002
f 3090 3002 3004
f 3091 2828 3005
f 3009 2913 3010
f 3008 3005 3007
f 3010 2913 2916
f 2913 2912 2916
f 2912 3008 2907
f 3092 3012 2919
f 3092 2919 3093
f 3093 2919 3094
f 3011 3014 2836
f 3095 3014 3011
f 3096 3097 3015
f 3097 3098 3015
f 3013 3094 2919
f 2923 3014 3015
f 3098 3016 3015
f 2923 3016 3098
f 2925 3013 3017
f 2917 3017 3013
f 2925 3099 3013
f 2925 3100 3099
f 3101 2929 2923
f 3101 2923 3102
f 3103 2939 3025
f 2939 3104 3026
f 3026 3105 3106
f 3106 3029 3026
f 3104 3106 3105
f 3029 3106 3107
f 3108 3107 3106
f 3109 3110 3025
f 3029 2942 3026
f 3020 3111 3021
f 3112 3021 3111
f 3021 3112 3023
f 3027 2932 3113
f 2932 3023 3113
f 2941 3114 3025
f 2941 3034 3114
f 3109 3025 3114
f 3114 3034 3109
f 3034 3110 3109
f 3034 3030 3110
f 3115 3030 3034
f 3034 3035 3030
f 3030 3115 3034
f 3030 3116 3115
f 3107 3030 3028
f 3107 3028 3029
f 3036 3037 3117
f 3118 3036 3119
f 3032 3031 3111
f 3020 3032 3111
f 3111 3031 3112
f 3112 3031 3120
f 3112 3121 3023
f 3121 3112 3120
f 3122 3033 3027
f 3027 3123 3122
f 3113 3123 3027
f 2954 3036 3038
f 3036 3118 3119
f 3038 3036 3118
f 3038 3118 3036
f 3118 3038 3036
f 3119 3118 3036
f 3041 3124 3125
f 3041 3043 3124
f 3031 3041 3125
f 3125 3126 3031
f 3125 3124 3126
f 3127 3126 3128
f 3124 3129 3126
f 3120 3031 3126
f 3127 3120 3126
f 2950 3046 3045
f 3033 3122 3046
f 3130 3131 3122
f 3132 3049 2975
f 2975 3047 3133
f 3132 2975 3133
f 3048 3133 3047
f 3048 3134 3133
f 3135 3132 3133
f 3038 3136 3050
f 3136 3057 3050
f 3134 3057 3136
f 3057 3134 3048
f 3038 3050 2955
f 3137 3052 3051
f 2979 3052 3065
f 3052 3068 3065
f 3052 3138 3068
f 3139 3138 3052
f 3068 3140 3069
f 3141 3140 3068
f 3069 3140 3070
f 3140 3142 3071
f 3054 3142 3143
f 3144 3054 3143
f 3054 3043 3055
f 3054 3144 3043
f 3144 3124 3043
f 3143 3124 3144
f 3044 3046 3056
f 3044 3045 3046
f 3056 3046 3145
f 3046 3122 3146
f 3122 3131 3146
f 3046 3146 3145
f 3147 3059 3074
f 3148 3058 3059
f 3149 3058 3148
f 3148 3150 3149
f 3060 3058 3149
f 3060 3149 3061
f 3150 3061 3149
f 3062 3077 3063
f 3062 3151 3077
f 3062 3061 3152
f 3152 3151 3062
f 3153 3151 3152
f 2989 3154 3063
f 3053 3062 3137
f 3137 3062 3063
f 3137 3063 3154
f 3051 3053 3137
f 3137 3154 3080
f 3137 3051 3052
f 3051 3080 3155
f 3052 3051 3155
f 3155 3139 3052
f 3140 3071 3070
f 2968 3142 3071
f 3071 3142 3054
f 3070 3071 2968
f 3071 3142 2968
f 3073 3056 3156
f 2999 3073 3156
f 2999 3157 3088
f 3157 3087 3088
f 3156 3056 3158
f 2999 3156 3159
f 3159 3156 3158
f 3076 3059 2987
f 3074 3059 3076
f 3074 3076 3160
f 3076 3075 3153
f 3077 3153 3075
f 3151 3153 3077
f 3160 3076 3153
f 2989 3063 3077
f 3154 2989 3080
f 2989 3079 3080
f 3051 3137 3080
f 3080 2990 3161
f 3161 2990 3162
f 3162 2990 3081
f 3155 3080 3161
f 3155 3161 3162
f 3081 3084 3163
f 3084 3085 3164
f 3084 3164 3165
f 3165 3164 3166
f 3086 3000 3085
f 3087 3166 3085
f 3085 3166 3164
f 3085 3000 3087
f 3090 3002 3167
f 3090 3167 3089
f 3002 3090 3168
f 3089 3002 3168
f 3090 3089 3168
f 3169 3006 3002
f 3090 3170 3002
f 3091 3002 2828
f 3167 3002 3091
f 3171 3091 3005
f 3171 3167 3091
f 3172 3167 3171
f 3173 3172 3171
f 3006 3174 3009
f 3171 3005 3175
f 3171 3175 3173
f 2913 3176 3177
f 3174 2913 3009
f 3174 3176 2913
f 3175 3005 3008
f 3008 2912 3178
f 3008 3178 3175
f 3179 3180 3095
f 3181 3182 3179
f 3181 3179 3092
f 3094 3181 3092
f 3182 3181 3094
f 3012 3092 3011
f 3011 3092 3179
f 3094 3092 3093
f 3011 3179 3095
f 3095 3096 3014
f 3014 3096 3015
f 3096 3098 3097
f 3094 3013 3093
f 3013 3183 3093
f 3099 3183 3013
f 3100 3183 3099
f 3093 3183 3184
f 3101 3184 3100
f 2925 3101 3100
f 3100 3101 2925
f 3100 3099 3183
f 3183 3099 3100
f 3102 2923 3098
f 2929 3101 3100
f 2925 2929 3100
f 3185 3102 3098
f 3186 2939 3103
f 3187 3186 3103
f 3103 3188 3187
f 3189 3187 3188
f 3104 3105 3026
f 3104 3190 3108
f 3110 3103 3025
f 3191 3103 3110
f 3188 3103 3191
f 3106 3104 3108
f 3192 3193 3107
f 3194 3030 3193
f 3192 3194 3193
f 3192 3107 3108
f 3110 3030 3115
f 3193 3030 3107
f 3116 3195 3115
f 3030 3195 3116
f 3117 3196 3197
f 3121 3198 3023
f 3049 3132 3037
f 3199 3200 3049
f 3049 3037 3199
f 3201 3200 3199
f 3197 3036 3117
f 3036 3197 3119
f 3037 3049 3117
f 3121 3120 3127
f 3127 3202 3121
f 3121 3202 3198
f 3113 3203 3123
f 3203 3130 3123
f 3130 3122 3123
f 3023 3198 3113
f 3198 3203 3113
f 3199 3037 3132
f 3201 3199 3132
f 3132 3135 3134
f 3135 3133 3201
f 3201 3133 3134
f 3132 3134 3201
f 3201 3134 3135
f 3136 3118 3119
f 3136 3038 3118
f 3204 3205 3206
f 3207 3204 3206
f 3208 3209 3210
f 3124 3211 3129
f 3129 3211 3128
f 3128 3211 3210
f 3211 3208 3210
f 3126 3129 3128
f 3212 3128 3210
f 3128 3213 3127
f 3127 3213 3202
f 3128 3214 3213
f 3214 3202 3213
f 3214 3212 3202
f 3128 3212 3214
f 3203 3131 3130
f 3215 3131 3203
f 3216 3217 3203
f 3217 3215 3203
f 3217 3131 3215
f 3218 3150 3219
f 3150 3148 3059
f 3219 3150 3059
f 3147 3219 3059
f 3220 3152 3061
f 3220 3061 3150
f 3207 3221 3222
f 3139 3221 3207
f 3206 3138 3139
f 3206 3139 3207
f 3141 3138 3206
f 3068 3138 3141
f 3141 3223 3140
f 3223 3224 3140
f 3142 3140 3224
f 3142 3225 3143
f 3224 3225 3142
f 3226 3225 3224
f 3143 3208 3124
f 3124 3208 3211
f 3225 3208 3143
f 3211 3210 3124
f 3211 3124 3210
f 3145 3158 3056
f 3146 3131 3145
f 3217 3227 3131
f 3131 3228 3145
f 3228 3131 3227
f 3217 3228 3227
f 3229 3147 3074
f 3229 3074 3230
f 3231 3232 3074
f 3074 3232 3230
f 3147 3229 3230
f 3232 3231 3147
f 3147 3230 3232
f 3233 3147 3231
f 3221 3139 3155
f 3221 3155 3234
f 3235 3234 3155
f 3236 3235 3155
f 3235 3236 3237
f 3238 3237 3236
f 3239 3240 3241
f 3239 3087 3242
f 3239 3242 3243
f 3157 2999 3159
f 3087 3157 3242
f 3157 3244 3242
f 3244 3157 3159
f 3160 3231 3074
f 3231 3160 3233
f 3233 3160 3153
f 3162 3236 3155
f 3238 3236 3162
f 3081 3238 3162
f 3245 3238 3081
f 3163 3245 3081
f 3245 3163 3246
f 3238 3245 3246
f 3084 3165 3163
f 3163 3165 3247
f 3247 3165 3166
f 3248 3247 3166
f 3247 3248 3163
f 3239 3241 3166
f 3241 3248 3166
f 3166 3087 3239
f 3167 3172 3170
f 3089 3170 3249
f 3167 3170 3089
f 3089 3170 3090
f 3170 3169 3002
f 3006 3169 3174
f 2913 3178 2912
f 3173 3175 3250
f 3175 3178 3250
f 3176 2913 3177
f 3176 3177 2913
f 2913 3177 3178
f 3251 3252 3182
f 3179 3182 3180
f 3180 3253 3095
f 3095 3254 3096
f 3181 3182 3094
f 3181 3094 3255
f 3094 3256 3255
f 3251 3181 3255
f 3093 3256 3094
f 3184 3256 3093
f 3184 3183 3255
f 3255 3183 3257
f 3183 3184 3257
f 3185 3098 3096
f 3185 3096 3102
f 3101 3102 3258
f 3183 3100 3184
f 3258 3184 3101
f 3186 3259 3260
f 3260 2939 3186
f 3261 3262 3263
f 2939 3264 3104
f 3104 3264 3261
f 3265 3263 3262
f 3189 3259 3187
f 3259 3186 3187
f 3104 3263 3190
f 3104 3261 3263
f 3189 3188 3191
f 3189 3191 3266
f 3191 3187 3266
f 3187 3194 3267
f 3194 3115 3267
f 3190 3192 3108
f 3190 3194 3192
f 3191 3110 3115
f 3194 3187 3191
f 3194 3191 3115
f 3194 3195 3030
f 3117 3268 3269
f 3269 3268 3270
f 3197 3196 3269
f 3117 3269 3196
f 3269 3271 3197
f 3196 3197 3271
f 3272 3196 3271
f 3273 3136 3119
f 3273 3119 3272
f 3274 3134 3273
f 3272 3197 3196
f 3119 3197 3272
f 3202 3275 3276
f 3275 3277 3276
f 3203 3198 3278
f 3216 3203 3217
f 3278 3217 3203
f 3276 3278 3202
f 3202 3278 3198
f 3201 3134 3274
f 3136 3273 3134
f 3150 3218 3279
f 3218 3219 3280
f 3218 3280 3279
f 3281 3282 3220
f 3222 3283 3284
f 3222 3284 3285
f 3222 3286 3207
f 3222 3287 3286
f 3222 3285 3287
f 3204 3207 3286
f 3205 3204 3286
f 3141 3206 3205
f 3288 3141 3205
f 3225 3226 3289
f 3226 3290 3289
f 3225 3289 3208
f 3289 3291 3208
f 3291 3289 3292
f 3291 3209 3208
f 3291 3293 3209
f 3293 3291 3292
f 3210 3209 3212
f 3293 3212 3209
f 3212 3275 3202
f 3275 3212 3277
f 3293 3277 3212
f 3276 3217 3278
f 3219 3147 3294
f 3219 3294 3147
f 3147 3294 3295
f 3220 3296 3152
f 3279 3281 3220
f 3281 3296 3220
f 3220 3296 3281
f 3279 3220 3150
f 3282 3296 3220
f 3296 3282 3152
f 3283 3297 3298
f 3283 3298 3299
f 3284 3283 3300
f 3283 3222 3221
f 3283 3221 3297
f 3141 3288 3223
f 3223 3226 3224
f 3301 3302 3303
f 3158 3145 3228
f 3158 3303 3159
f 3303 3158 3228
f 3228 3304 3303
f 3147 3233 3305
f 3305 3306 3147
f 3307 3306 3305
f 3308 3307 3305
f 3308 3153 3152
f 3233 3153 3305
f 3282 3308 3152
f 3153 3308 3305
f 3221 3298 3297
f 3221 3234 3298
f 3298 3234 3235
f 3237 3298 3235
f 3237 3238 3309
f 3238 3246 3309
f 3246 3310 3309
f 3311 3237 3309
f 3309 3310 3311
f 3246 3311 3310
f 3312 3311 3246
f 3246 3163 3313
f 3163 3314 3313
f 3313 3312 3246
f 3314 3163 3248
f 3312 3313 3314
f 3241 3240 3248
f 3240 3239 3243
f 3315 3240 3316
f 3243 3301 3240
f 3244 3301 3243
f 3317 3240 3301
f 3243 3242 3244
f 3244 3302 3301
f 3244 3159 3302
f 3302 3159 3303
f 3240 3314 3248
f 3318 3170 3319
f 3170 3089 3319
f 3089 3320 3319
f 3249 3320 3089
f 3170 3318 3169
f 3177 3321 3178
f 3322 3321 3177
f 3250 3178 3323
f 3323 3178 3321
f 3324 3325 3252
f 3324 3252 3251
f 3252 3324 3251
f 3252 3326 3324
f 3182 3327 3180
f 3180 3327 3253
f 3325 3182 3252
f 3327 3182 3325
f 3253 3328 3254
f 3181 3251 3182
f 3251 3255 3326
f 3255 3251 3326
f 3253 3254 3095
f 3254 3102 3096
f 3255 3329 3184
f 3329 3255 3257
f 3255 3256 3251
f 3184 3251 3256
f 3184 3329 3251
f 3184 3258 3257
f 3258 3329 3257
f 3264 3330 3262
f 3330 3331 3262
f 3264 3331 3330
f 2939 3260 3264
f 3264 3262 3261
f 3259 3332 3189
f 3333 3259 3189
f 3334 3259 3333
f 3189 3266 3333
f 3262 3335 3265
f 3336 3337 3338
f 3339 3263 3265
f 3339 3336 3263
f 3337 3339 3265
f 3337 3336 3339
f 3195 3194 3336
f 3336 3194 3190
f 3263 3336 3190
f 3195 3336 3339
f 3187 3267 3266
f 3115 3195 3267
f 3049 3200 3340
f 3117 3049 3341
f 3342 3343 3344
f 3340 3341 3049
f 3345 3269 3270
f 3271 3269 3345
f 3341 3268 3117
f 3343 3342 3200
f 3342 3340 3200
f 3200 3274 3346
f 3200 3344 3343
f 3344 3200 3346
f 3271 3345 3272
f 3274 3347 3348
f 3272 3347 3273
f 3349 3272 3345
f 3349 3345 3350
f 3350 3272 3349
f 3200 3201 3274
f 3351 3346 3274
f 3136 3273 3274
f 3273 3136 3274
f 3274 3273 3347
f 3348 3273 3274
f 3273 3348 3274
f 3280 3352 3353
f 3353 3281 3279
f 3354 3281 3353
f 3355 3356 3357
f 3358 3359 3292
f 3293 3359 3277
f 3277 3359 3360
f 3276 3277 3361
f 3362 3363 3361
f 3278 3361 3363
f 3278 3276 3361
f 3363 3364 3278
f 3364 3363 3365
f 3365 3363 3364
f 3280 3353 3279
f 3280 3219 3352
f 3295 3352 3219
f 3366 3352 3295
f 3354 3279 3281
f 3281 3279 3354
f 3354 3282 3281
f 3282 3354 3367
f 3354 3355 3367
f 3355 3357 3367
f 3357 3284 3367
f 3368 3284 3357
f 3284 3368 3285
f 3369 3287 3285
f 3369 3370 3287
f 3286 3371 3205
f 3286 3287 3371
f 3205 3372 3288
f 3372 3205 3371
f 3373 3372 3371
f 3288 3372 3373
f 3374 3288 3373
f 3223 3288 3375
f 3288 3374 3375
f 3223 3375 3376
f 3376 3226 3223
f 3226 3377 3290
f 3376 3377 3226
f 3377 3376 3378
f 3376 3379 3378
f 3290 3377 3378
f 3289 3290 3292
f 3292 3290 3358
f 3292 3359 3293
f 3380 3365 3381
f 3364 3276 3278
f 3276 3364 3217
f 3217 3365 3382
f 3217 3364 3365
f 3295 3219 3147
f 3294 3147 3295
f 3147 3306 3295
f 3307 3295 3306
f 3307 3352 3295
f 3282 3300 3308
f 3308 3383 3307
f 3300 3383 3308
f 3307 3383 3384
f 3383 3307 3384
f 3282 3367 3284
f 3299 3300 3283
f 3284 3300 3282
f 3298 3300 3299
f 3298 3385 3300
f 3386 3387 3385
f 3387 3386 3388
f 3387 3300 3385
f 3311 3389 3386
f 3373 3390 3374
f 3391 3392 3375
f 3375 3390 3391
f 3375 3374 3390
f 3375 3392 3393
f 3376 3375 3379
f 3375 3393 3394
f 3379 3375 3394
f 3379 3394 3395
f 3395 3394 3393
f 3393 3396 3315
f 3315 3395 3393
f 3315 3316 3397
f 3317 3301 3398
f 3301 3303 3399
f 3398 3301 3399
f 3400 3398 3399
f 3399 3304 3401
f 3304 3399 3303
f 3399 3401 3400
f 3401 3380 3400
f 3401 3304 3380
f 3402 3304 3228
f 3382 3402 3228
f 3382 3228 3217
f 3304 3402 3380
f 3382 3365 3402
f 3402 3365 3380
f 3385 3237 3386
f 3385 3298 3237
f 3311 3386 3237
f 3311 3390 3389
f 3311 3312 3391
f 3311 3391 3390
f 3312 3314 3391
f 3392 3391 3314
f 3393 3392 3314
f 3314 3396 3393
f 3240 3396 3314
f 3315 3396 3240
f 3240 3317 3316
f 3249 3170 3172
f 3403 3249 3172
f 3403 3172 3404
f 3318 3319 3405
f 3320 3406 3319
f 3407 3404 3172
f 3172 3173 3407
f 3318 3174 3169
f 3405 3408 3174
f 3318 3405 3174
f 3405 3174 3408
f 3174 3405 3176
f 3173 3250 3321
f 3322 3409 3321
f 3323 3321 3250
f 3177 3410 3322
f 3410 3409 3322
f 3176 3410 3177
f 3326 3325 3324
f 3325 3411 3327
f 3325 3324 3412
f 3411 3413 3327
f 3253 3327 3328
f 3414 3328 3327
f 3252 3251 3326
f 3251 3329 3326
f 3329 3258 3415
f 3329 3415 3326
f 3414 3254 3328
f 3328 3254 3414
f 3258 3102 3254
f 3328 3416 3254
f 3417 3418 3260
f 3418 3417 3331
f 3417 3260 3332
f 3260 3418 3331
f 3419 3262 3331
f 3332 3259 3189
f 3259 3332 3260
f 3420 3417 3332
f 3260 3331 3264
f 3335 3262 3421
f 3332 3259 3334
f 3422 3332 3334
f 3422 3334 3333
f 3333 3423 3422
f 3332 3422 3420
f 3423 3424 3422
f 3266 3423 3333
f 3423 3425 3422
f 3338 3339 3336
f 3338 3195 3339
f 3422 3425 3195
f 3335 3337 3265
f 3338 3337 3335
f 3266 3267 3423
f 3267 3425 3423
f 3195 3425 3267
f 3341 3426 3268
f 3427 3428 3429
f 3430 3341 3340
f 3431 3430 3340
f 3270 3268 3426
f 3426 3427 3270
f 3429 3270 3427
f 3429 3428 3270
f 3432 3433 3434
f 3342 3344 3435
f 3351 3348 3435
f 3270 3433 3345
f 3433 3270 3428
f 3345 3433 3434
f 3350 3345 3434
f 3434 3433 3432
f 3350 3433 3272
f 3344 3346 3435
f 3435 3346 3351
f 3433 3347 3272
f 3351 3274 3348
f 3353 3436 3437
f 3438 3360 3439
f 3438 3440 3360
f 3441 3360 3439
f 3439 3360 3441
f 3363 3362 3442
f 3436 3353 3352
f 3443 3352 3366
f 3443 3436 3352
f 3444 3443 3366
f 3366 3445 3443
f 3353 3356 3354
f 3353 3437 3356
f 3355 3354 3356
f 3356 3446 3447
f 3448 3368 3356
f 3368 3448 3449
f 3370 3449 3450
f 3287 3370 3371
f 3371 3451 3452
f 3371 3370 3451
f 3452 3371 3372
f 3452 3372 3371
f 3371 3452 3453
f 3453 3452 3451
f 3378 3454 3455
f 3456 3454 3378
f 3455 3358 3290
f 3359 3358 3457
f 3358 3455 3454
f 3457 3458 3359
f 3458 3438 3359
f 3360 3359 3438
f 3438 3439 3360
f 3458 3440 3438
f 3277 3360 3441
f 3361 3277 3441
f 3366 3295 3352
f 3295 3366 3352
f 3459 3295 3352
f 3295 3459 3445
f 3366 3295 3445
f 3444 3445 3366
f 3444 3366 3445
f 3445 3459 3444
f 3383 3459 3352
f 3459 3383 3460
f 3368 3357 3356
f 3461 3449 3448
f 3369 3285 3370
f 3368 3449 3285
f 3370 3285 3449
f 3371 3453 3373
f 3462 3390 3373
f 3453 3451 3462
f 3462 3373 3453
f 3455 3290 3378
f 3379 3456 3378
f 3456 3379 3397
f 3397 3316 3463
f 3316 3398 3463
f 3316 3317 3398
f 3398 3464 3463
f 3464 3398 3465
f 3465 3400 3381
f 3398 3400 3465
f 3465 3381 3466
f 3380 3381 3400
f 3381 3467 3468
f 3467 3381 3468
f 3363 3468 3381
f 3363 3365 3364
f 3363 3381 3365
f 3383 3352 3307
f 3469 3300 3461
f 3383 3300 3469
f 3300 3387 3461
f 3449 3461 3387
f 3387 3470 3449
f 3389 3388 3386
f 3471 3470 3387
f 3388 3471 3387
f 3471 3388 3389
f 3462 3389 3390
f 3471 3389 3472
f 3389 3462 3472
f 3462 3390 3473
f 3390 3462 3473
f 3474 3395 3315
f 3397 3474 3315
f 3379 3395 3397
f 3397 3395 3474
f 3320 3249 3406
f 3249 3475 3406
f 3406 3475 3476
f 3476 3477 3406
f 3403 3404 3249
f 3319 3406 3405
f 3477 3478 3406
f 3406 3479 3405
f 3479 3480 3405
f 3478 3479 3406
f 3411 3481 3482
f 3483 3325 3326
f 3325 3412 3324
f 3484 3325 3483
f 3412 3325 3484
f 3327 3413 3485
f 3413 3411 3485
f 3485 3411 3482
f 3482 3414 3485
f 3486 3481 3414
f 3414 3416 3328
f 3416 3414 3487
f 3487 3415 3416
f 3485 3414 3327
f 3254 3415 3258
f 3416 3415 3254
f 3488 3331 3418
f 3489 3418 3490
f 3488 3418 3489
f 3491 3419 3331
f 3492 3491 3331
f 3419 3491 3492
f 3418 3331 3417
f 3493 3418 3417
f 3493 3417 3494
f 3417 3422 3494
f 3262 3419 3421
f 3335 3421 3495
f 3495 3496 3335
f 3335 3496 3497
f 3417 3420 3422
f 3494 3422 3498
f 3422 3424 3498
f 3499 3335 3497
f 3423 3422 3424
f 3335 3195 3338
f 3499 3195 3500
f 3500 3195 3335
f 3499 3501 3422
f 3195 3499 3422
f 3501 3502 3422
f 3430 3426 3341
f 3503 3426 3430
f 3426 3428 3427
f 3428 3504 3433
f 3428 3505 3504
f 3430 3431 3340
f 3435 3506 3342
f 3342 3506 3340
f 3506 3430 3340
f 3506 3435 3507
f 3507 3508 3509
f 3433 3350 3434
f 3504 3432 3433
f 3432 3510 3433
f 3350 3510 3433
f 3433 3510 3350
f 3510 3432 3509
f 3509 3510 3432
f 3510 3433 3432
f 3348 3347 3510
f 3347 3433 3510
f 3348 3507 3435
f 3507 3348 3508
f 3510 3509 3348
f 3509 3508 3348
f 3511 3436 3443
f 3437 3511 3512
f 3441 3513 3361
f 3513 3441 3514
f 3362 3513 3515
f 3511 3443 3516
f 3516 3443 3444
f 3444 3517 3516
f 3444 3516 3517
f 3512 3518 3437
f 3511 3437 3436
f 3437 3518 3356
f 3446 3356 3518
f 3446 3519 3447
f 3518 3519 3446
f 3519 3518 3447
f 3519 3447 3518
f 3450 3520 3370
f 3521 3370 3520
f 3522 3521 3520
f 3523 3521 3522
f 3524 3523 3525
f 3454 3526 3457
f 3458 3527 3440
f 3528 3458 3457
f 3529 3527 3458
f 3360 3440 3514
f 3514 3441 3360
f 3514 3440 3530
f 3531 3532 3530
f 3530 3532 3514
f 3362 3361 3513
f 3533 3363 3442
f 3533 3364 3363
f 3362 3534 3442
f 3442 3534 3533
f 3366 3443 3444
f 3443 3445 3444
f 3516 3444 3535
f 3469 3536 3537
f 3538 3469 3537
f 3448 3536 3469
f 3536 3448 3519
f 3448 3356 3447
f 3448 3447 3519
f 3539 3540 3541
f 3539 3520 3449
f 3520 3450 3449
f 3370 3521 3451
f 3523 3451 3521
f 3542 3451 3523
f 3523 3524 3542
f 3524 3451 3542
f 3524 3543 3451
f 3455 3454 3526
f 3358 3454 3457
f 3454 3455 3526
f 3544 3545 3529
f 3528 3529 3458
f 3529 3546 3544
f 3529 3440 3527
f 3530 3440 3529
f 3529 3545 3530
f 3547 3465 3548
f 3548 3549 3547
f 3531 3547 3549
f 3468 3548 3381
f 3468 3364 3533
f 3548 3468 3549
f 3468 3363 3364
f 3460 3383 3550
f 3460 3444 3459
f 3469 3461 3448
f 3550 3383 3469
f 3469 3538 3550
f 3540 3539 3449
f 3541 3540 3449
f 3471 3541 3470
f 3541 3449 3470
f 3551 3471 3472
f 3472 3451 3543
f 3543 3551 3472
f 3451 3472 3462
f 3544 3546 3397
f 3397 3546 3456
f 3544 3397 3463
f 3544 3552 3545
f 3544 3463 3552
f 3463 3545 3552
f 3464 3545 3463
f 3531 3530 3545
f 3464 3531 3545
f 3464 3465 3531
f 3465 3466 3548
f 3547 3531 3465
f 3381 3548 3466
f 3475 3249 3553
f 3173 3554 3407
f 3321 3554 3173
f 3555 3249 3404
f 3555 3404 3407
f 3407 3554 3555
f 3554 3556 3321
f 3557 3484 3558
f 3559 3484 3411
f 3411 3325 3559
f 3558 3484 3483
f 3484 3481 3411
f 3482 3486 3414
f 3483 3326 3560
f 3326 3561 3560
f 3561 3562 3560
f 3562 3561 3415
f 3563 3415 3561
f 3487 3563 3561
f 3481 3487 3414
f 3564 3487 3481
f 3326 3415 3561
f 3487 3561 3415
f 3331 3565 3492
f 3566 3331 3488
f 3489 3566 3488
f 3490 3566 3489
f 3565 3331 3566
f 3565 3492 3491
f 3492 3565 3491
f 3419 3492 3421
f 3567 3495 3421
f 3421 3492 3567
f 3568 3490 3418
f 3569 3496 3495
f 3567 3569 3495
f 3493 3494 3418
f 3570 3500 3499
f 3570 3499 3500
f 3571 3424 3502
f 3498 3424 3571
f 3499 3497 3496
f 3422 3502 3424
f 3500 3335 3499
f 3501 3570 3502
f 3570 3501 3499
f 3426 3572 3573
f 3573 3428 3426
f 3572 3426 3503
f 3574 3505 3428
f 3505 3574 3575
f 3575 3576 3505
f 3577 3578 3576
f 3579 3577 3576
f 3503 3430 3506
f 3503 3506 3580
f 3506 3507 3581
f 3581 3507 3509
f 3504 3505 3576
f 3576 3577 3504
f 3577 3432 3504
f 3577 3509 3432
f 3577 3582 3509
f 3576 3582 3577
f 3432 3433 3510
f 3509 3432 3510
f 3583 3511 3584
f 3512 3585 3518
f 3512 3511 3585
f 3584 3516 3586
f 3584 3511 3516
f 3587 3584 3586
f 3588 3520 3589
f 3588 3590 3525
f 3526 3591 3592
f 3514 3532 3593
f 3594 3513 3514
f 3593 3513 3594
f 3593 3594 3514
f 3595 3513 3593
f 3596 3362 3515
f 3596 3534 3362
f 3597 3596 3515
f 3596 3597 3515
f 3516 3587 3586
f 3516 3535 3587
f 3444 3598 3535
f 3598 3460 3537
f 3598 3537 3536
f 3518 3599 3519
f 3539 3600 3601
f 3589 3450 3520
f 3520 3450 3589
f 3539 3589 3520
f 3522 3520 3588
f 3522 3588 3523
f 3523 3588 3525
f 3602 3526 3454
f 3603 3602 3604
f 3526 3592 3457
f 3592 3528 3457
f 3528 3592 3605
f 3605 3592 3591
f 3605 3592 3528
f 3606 3532 3549
f 3593 3532 3606
f 3532 3531 3549
f 3468 3606 3549
f 3549 3606 3607
f 3534 3468 3533
f 3606 3468 3534
f 3534 3608 3607
f 3598 3444 3460
f 3460 3550 3537
f 3550 3538 3537
f 3539 3541 3609
f 3610 3541 3471
f 3609 3611 3539
f 3610 3609 3541
f 3551 3472 3610
f 3612 3551 3610
f 3610 3551 3543
f 3524 3451 3543
f 3524 3543 3451
f 3613 3543 3524
f 3610 3543 3614
f 3454 3615 3602
f 3456 3615 3454
f 3615 3604 3602
f 3615 3456 3546
f 3616 3546 3528
f 3615 3546 3616
f 3528 3546 3529
f 3471 3551 3610
f 3551 3610 3472
f 3249 3555 3553
f 3617 3477 3476
f 3617 3618 3477
f 3476 3475 3619
f 3619 3617 3476
f 3554 3321 3555
f 3321 3556 3555
f 3478 3477 3479
f 3620 3480 3479
f 3405 3480 3620
f 3620 3176 3405
f 3412 3620 3479
f 3412 3480 3620
f 3620 3409 3410
f 3620 3556 3409
f 3409 3554 3321
f 3554 3409 3556
f 3620 3410 3176
f 3559 3325 3480
f 3412 3480 3325
f 3621 3559 3622
f 3622 3623 3621
f 3480 3622 3559
f 3484 3621 3481
f 3621 3482 3481
f 3484 3559 3621
f 3621 3486 3482
f 3483 3560 3558
f 3562 3558 3560
f 3562 3563 3624
f 3625 3624 3563
f 3621 3481 3486
f 3626 3481 3621
f 3626 3564 3481
f 3564 3626 3625
f 3562 3415 3563
f 3564 3563 3487
f 3564 3625 3563
f 3565 3627 3628
f 3629 3627 3565
f 3565 3629 3627
f 3627 3629 3565
f 3627 3630 3628
f 3630 3631 3628
f 3631 3632 3628
f 3629 3565 3566
f 3629 3566 3490
f 3633 3629 3490
f 3565 3628 3492
f 3567 3492 3632
f 3492 3628 3632
f 3634 3569 3567
f 3494 3568 3418
f 3494 3498 3568
f 3499 3635 3570
f 3635 3499 3570
f 3635 3636 3570
f 3635 3570 3636
f 3637 3496 3569
f 3569 3496 3637
f 3569 3499 3496
f 3569 3570 3499
f 3572 3638 3639
f 3639 3573 3572
f 3640 3574 3573
f 3641 3640 3573
f 3503 3642 3572
f 3642 3638 3572
f 3428 3573 3574
f 3575 3640 3643
f 3574 3640 3575
f 3578 3644 3645
f 3580 3642 3503
f 3580 3506 3581
f 3575 3579 3576
f 3579 3578 3577
f 3582 3646 3432
f 3509 3432 3582
f 3509 3508 3647
f 3509 3647 3508
f 3509 3647 3581
f 3581 3647 3648
f 3509 3582 3647
f 3432 3509 3582
f 3648 3647 3582
f 3648 3649 3581
f 3582 3576 3578
f 3511 3650 3585
f 3651 3511 3583
f 3652 3584 3587
f 3652 3583 3584
f 3583 3652 3587
f 3585 3653 3518
f 3585 3654 3653
f 3654 3655 3653
f 3653 3655 3518
f 3655 3599 3518
f 3599 3655 3654
f 3590 3588 3656
f 3595 3593 3657
f 3657 3593 3658
f 3513 3659 3515
f 3595 3659 3513
f 3515 3660 3597
f 3587 3535 3661
f 3535 3598 3661
f 3662 3663 3664
f 3598 3664 3663
f 3664 3536 3662
f 3665 3539 3601
f 3666 3520 3589
f 3666 3589 3520
f 3589 3666 3588
f 3667 3524 3525
f 3613 3524 3667
f 3668 3526 3602
f 3669 3602 3603
f 3669 3668 3602
f 3603 3670 3669
f 3671 3605 3591
f 3605 3671 3616
f 3672 3593 3606
f 3658 3593 3672
f 3606 3607 3672
f 3597 3673 3606
f 3673 3674 3606
f 3597 3596 3515
f 3597 3608 3596
f 3608 3534 3596
f 3607 3608 3597
f 3597 3606 3607
f 3536 3664 3598
f 3599 3536 3519
f 3662 3536 3599
f 3600 3675 3601
f 3539 3675 3600
f 3675 3539 3609
f 3675 3665 3601
f 3675 3609 3676
f 3614 3612 3610
f 3612 3609 3610
f 3614 3543 3613
f 3677 3614 3543
f 3677 3543 3614
f 3677 3612 3614
f 3614 3678 3677
f 3679 3603 3604
f 3679 3604 3680
f 3670 3603 3679
f 3679 3680 3670
f 3592 3605 3528
f 3616 3528 3605
f 3607 3606 3674
f 3607 3606 3549
f 3606 3534 3607
f 3539 3611 3609
f 3612 3610 3551
f 3615 3681 3604
f 3615 3682 3681
f 3681 3680 3604
f 3680 3681 3682
f 3680 3682 3616
f 3616 3682 3615
f 3553 3683 3475
f 3684 3475 3683
f 3475 3684 3619
f 3683 3553 3555
f 3685 3683 3555
f 3618 3686 3477
f 3477 3686 3479
f 3686 3412 3479
f 3555 3556 3620
f 3620 3687 3555
f 3480 3477 3620
f 3412 3477 3480
f 3412 3620 3477
f 3412 3557 3620
f 3620 3557 3687
f 3688 3687 3557
f 3480 3412 3622
f 3689 3690 3622
f 3412 3689 3622
f 3484 3557 3412
f 3557 3558 3688
f 3623 3622 3690
f 3691 3623 3692
f 3690 3692 3623
f 3687 3688 3558
f 3558 3562 3687
f 3687 3562 3688
f 3562 3624 3688
f 3693 3691 3621
f 3691 3626 3621
f 3564 3625 3694
f 3693 3621 3623
f 3691 3693 3623
f 3694 3624 3563
f 3624 3694 3563
f 3625 3694 3624
f 3625 3564 3694
f 3631 3627 3695
f 3696 3629 3633
f 3631 3695 3697
f 3627 3631 3630
f 3696 3627 3629
f 3568 3698 3699
f 3631 3700 3632
f 3700 3631 3701
f 3701 3702 3700
f 3631 3703 3701
f 3699 3633 3490
f 3568 3699 3490
f 3700 3567 3632
f 3702 3567 3700
f 3701 3567 3702
f 3701 3700 3567
f 3700 3704 3569
f 3700 3569 3634
f 3498 3698 3568
f 3571 3502 3570
f 3698 3498 3571
f 3700 3634 3567
f 3705 3636 3704
f 3641 3706 3707
f 3636 3570 3704
f 3569 3704 3570
f 3580 3708 3709
f 3580 3709 3639
f 3706 3640 3710
f 3710 3640 3706
f 3707 3710 3641
f 3707 3706 3710
f 3639 3709 3641
f 3641 3709 3706
f 3710 3711 3640
f 3711 3643 3640
f 3580 3639 3638
f 3638 3708 3580
f 3708 3638 3580
f 3639 3641 3573
f 3641 3710 3640
f 3712 3643 3711
f 3642 3580 3638
f 3713 3642 3580
f 3714 3580 3642
f 3714 3642 3713
f 3713 3580 3714
f 3643 3715 3575
f 3643 3712 3715
f 3575 3715 3716
f 3717 3644 3579
f 3716 3718 3579
f 3580 3719 3720
f 3580 3581 3719
f 3644 3578 3579
f 3575 3716 3579
f 3645 3644 3646
f 3646 3578 3645
f 3646 3644 3721
f 3582 3649 3648
f 3646 3649 3582
f 3432 3646 3582
f 3578 3646 3582
f 3722 3723 3651
f 3724 3651 3725
f 3724 3722 3651
f 3725 3651 3726
f 3585 3650 3727
f 3511 3728 3650
f 3728 3511 3723
f 3722 3728 3723
f 3511 3651 3723
f 3651 3583 3661
f 3651 3725 3726
f 3651 3661 3725
f 3727 3729 3585
f 3729 3654 3585
f 3729 3655 3654
f 3654 3655 3729
f 3588 3666 3730
f 3659 3731 3515
f 3515 3731 3732
f 3660 3732 3733
f 3583 3587 3661
f 3598 3663 3661
f 3662 3654 3734
f 3654 3662 3599
f 3735 3539 3665
f 3736 3666 3589
f 3656 3588 3730
f 3730 3590 3656
f 3678 3613 3590
f 3591 3737 3738
f 3657 3658 3739
f 3739 3595 3657
f 3740 3658 3672
f 3740 3674 3658
f 3674 3739 3658
f 3732 3660 3515
f 3741 3733 3673
f 3733 3741 3597
f 3674 3673 3742
f 3733 3597 3660
f 3741 3673 3597
f 3665 3743 3744
f 3743 3665 3676
f 3743 3676 3744
f 3745 3744 3676
f 3745 3612 3678
f 3667 3745 3612
f 3612 3745 3667
f 3590 3667 3525
f 3613 3678 3614
f 3590 3613 3667
f 3591 3526 3668
f 3746 3668 3669
f 3671 3591 3747
f 3674 3740 3672
f 3672 3607 3674
f 3676 3609 3612
f 3676 3665 3675
f 3612 3745 3676
f 3612 3677 3678
f 3680 3748 3670
f 3616 3671 3749
f 3749 3671 3616
f 3671 3680 3616
f 3750 3619 3684
f 3750 3751 3617
f 3751 3752 3617
f 3683 3685 3753
f 3753 3685 3683
f 3617 3619 3750
f 3618 3754 3755
f 3685 3753 3555
f 3555 3687 3685
f 3687 3756 3685
f 3686 3755 3412
f 3412 3755 3690
f 3618 3755 3686
f 3687 3688 3756
f 3756 3688 3757
f 3690 3689 3412
f 3624 3758 3688
f 3758 3694 3759
f 3758 3756 3688
f 3756 3758 3759
f 3694 3625 3760
f 3758 3624 3694
f 3761 3762 3696
f 3761 3633 3699
f 3761 3696 3633
f 3763 3764 3697
f 3765 3766 3764
f 3696 3695 3627
f 3762 3695 3696
f 3631 3697 3764
f 3703 3631 3764
f 3703 3764 3766
f 3765 3704 3700
f 3701 3703 3700
f 3767 3700 3703
f 3636 3705 3570
f 3698 3571 3768
f 3705 3768 3570
f 3698 3768 3769
f 3704 3770 3705
f 3707 3771 3706
f 3706 3771 3707
f 3571 3570 3768
f 3772 3709 3773
f 3709 3772 3704
f 3707 3710 3706
f 3704 3706 3709
f 3707 3771 3710
f 3710 3771 3774
f 3773 3708 3580
f 3773 3709 3708
f 3711 3710 3774
f 3712 3711 3715
f 3774 3715 3711
f 3775 3773 3580
f 3580 3720 3775
f 3720 3776 3775
f 3715 3777 3716
f 3778 3718 3716
f 3776 3720 3719
f 3776 3719 3777
f 3777 3719 3581
f 3718 3717 3579
f 3717 3721 3644
f 3779 3721 3717
f 3780 3646 3721
f 3649 3646 3780
f 3649 3781 3581
f 3782 3724 3783
f 3728 3784 3650
f 3728 3722 3782
f 3782 3784 3728
f 3722 3724 3782
f 3785 3786 3727
f 3725 3661 3724
f 3724 3661 3784
f 3787 3724 3784
f 3729 3727 3788
f 3727 3728 3788
f 3728 3729 3788
f 3789 3728 3786
f 3786 3728 3727
f 3789 3734 3728
f 3790 3589 3791
f 3790 3736 3589
f 3662 3734 3663
f 3663 3734 3661
f 3728 3654 3729
f 3734 3654 3728
f 3539 3791 3589
f 3735 3791 3539
f 3735 3790 3791
f 3790 3735 3792
f 3666 3793 3730
f 3793 3794 3730
f 3737 3795 3738
f 3737 3796 3795
f 3738 3795 3796
f 3797 3595 3739
f 3798 3797 3739
f 3799 3798 3739
f 3733 3732 3731
f 3800 3665 3744
f 3792 3735 3665
f 3800 3792 3665
f 3800 3744 3792
f 3743 3801 3792
f 3743 3745 3801
f 3745 3678 3801
f 3678 3802 3801
f 3730 3678 3590
f 3803 3678 3730
f 3802 3678 3803
f 3804 3669 3670
f 3805 3591 3668
f 3591 3805 3737
f 3805 3668 3746
f 3806 3746 3669
f 3738 3747 3591
f 3671 3747 3738
f 3738 3796 3807
f 3807 3671 3738
f 3796 3737 3807
f 3799 3739 3674
f 3673 3733 3742
f 3674 3742 3799
f 3744 3743 3792
f 3744 3745 3743
f 3748 3808 3670
f 3748 3680 3749
f 3680 3671 3749
f 3808 3748 3749
f 3796 3749 3807
f 3796 3808 3749
f 3808 3749 3796
f 3807 3749 3671
f 3750 3684 3809
f 3751 3750 3809
f 3617 3752 3618
f 3618 3752 3754
f 3692 3755 3754
f 3683 3685 3753
f 3555 3753 3685
f 3809 3684 3683
f 3753 3809 3683
f 3685 3810 3753
f 3810 3685 3756
f 3690 3755 3692
f 3756 3757 3810
f 3692 3811 3691
f 3811 3626 3691
f 3692 3626 3811
f 3692 3812 3626
f 3688 3756 3757
f 3756 3759 3760
f 3757 3756 3760
f 3759 3694 3760
f 3626 3812 3625
f 3813 3760 3625
f 3812 3813 3625
f 3814 3762 3761
f 3697 3815 3763
f 3816 3817 3763
f 3818 3761 3699
f 3819 3818 3699
f 3763 3820 3764
f 3765 3764 3820
f 3820 3763 3764
f 3764 3763 3820
f 3821 3765 3820
f 3766 3765 3703
f 3765 3700 3767
f 3767 3703 3765
f 3768 3698 3769
f 3698 3768 3699
f 3768 3705 3769
f 3767 3822 3823
f 3822 3824 3771
f 3823 3822 3771
f 3825 3767 3704
f 3822 3767 3825
f 3704 3826 3825
f 3771 3824 3827
f 3709 3826 3772
f 3826 3709 3828
f 3826 3704 3772
f 3706 3823 3707
f 3707 3823 3771
f 3823 3706 3767
f 3704 3767 3706
f 3827 3829 3771
f 3774 3771 3829
f 3774 3829 3830
f 3829 3827 3831
f 3831 3830 3829
f 3828 3709 3772
f 3828 3772 3832
f 3773 3832 3772
f 3775 3828 3832
f 3773 3775 3832
f 3828 3775 3833
f 3833 3775 3834
f 3774 3830 3715
f 3830 3778 3715
f 3778 3777 3715
f 3778 3716 3777
f 3830 3834 3778
f 3778 3835 3718
f 3834 3775 3776
f 3836 3834 3776
f 3836 3776 3777
f 3777 3581 3781
f 3834 3836 3777
f 3779 3717 3837
f 3721 3779 3783
f 3837 3783 3779
f 3718 3838 3717
f 3838 3837 3717
f 3780 3721 3837
f 3780 3781 3649
f 3783 3837 3721
f 3784 3839 3787
f 3840 3784 3787
f 3841 3782 3783
f 3840 3783 3784
f 3650 3842 3727
f 3650 3785 3842
f 3650 3843 3785
f 3787 3839 3724
f 3839 3783 3724
f 3784 3783 3839
f 3842 3785 3727
f 3786 3844 3789
f 3845 3846 3847
f 3848 3731 3659
f 3784 3661 3789
f 3661 3734 3789
f 3791 3736 3790
f 3790 3736 3791
f 3849 3736 3790
f 3850 3666 3736
f 3666 3850 3846
f 3793 3666 3846
f 3794 3793 3845
f 3793 3846 3845
f 3806 3851 3852
f 3805 3853 3737
f 3805 3852 3851
f 3851 3852 3853
f 3797 3659 3595
f 3854 3797 3798
f 3733 3731 3855
f 3790 3792 3856
f 3792 3801 3857
f 3857 3858 3792
f 3857 3801 3846
f 3859 3801 3802
f 3845 3730 3794
f 3730 3845 3860
f 3845 3730 3860
f 3845 3803 3730
f 3669 3806 3861
f 3861 3806 3669
f 3804 3861 3806
f 3746 3806 3852
f 3852 3805 3746
f 3852 3737 3853
f 3737 3852 3796
f 3742 3798 3799
f 3742 3854 3798
f 3854 3742 3855
f 3733 3855 3742
f 3806 3669 3804
f 3862 3804 3670
f 3808 3862 3670
f 3796 3862 3808
f 3862 3796 3804
f 3737 3796 3807
f 3808 3796 3749
f 3751 3863 3809
f 3864 3752 3751
f 3863 3751 3809
f 3864 3754 3752
f 3753 3865 3809
f 3866 3692 3754
f 3867 3753 3868
f 3810 3868 3753
f 3753 3867 3865
f 3867 3868 3865
f 3866 3869 3692
f 3870 3692 3869
f 3869 3866 3870
f 3757 3868 3810
f 3868 3757 3871
f 3812 3692 3866
f 3870 3866 3692
f 3871 3757 3760
f 3813 3871 3760
f 3817 3816 3872
f 3873 3814 3761
f 3818 3873 3761
f 3819 3873 3818
f 3763 3817 3820
f 3820 3817 3872
f 3820 3872 3821
f 3821 3872 3874
f 3769 3705 3768
f 3699 3768 3875
f 3874 3765 3821
f 3874 3821 3765
f 3876 3821 3874
f 3877 3765 3821
f 3877 3821 3876
f 3769 3705 3878
f 3705 3770 3878
f 3765 3770 3704
f 3879 3705 3769
f 3825 3824 3822
f 3825 3877 3824
f 3825 3826 3879
f 3880 3827 3824
f 3824 3877 3880
f 3826 3828 3881
f 3882 3826 3883
f 3829 3831 3827
f 3832 3826 3828
f 3826 3881 3828
f 3832 3828 3826
f 3884 3885 3886
f 3884 3886 3885
f 3831 3829 3830
f 3884 3830 3829
f 3884 3829 3886
f 3886 3828 3833
f 3886 3833 3884
f 3884 3833 3834
f 3781 3887 3834
f 3781 3834 3887
f 3830 3884 3834
f 3834 3835 3778
f 3834 3781 3835
f 3781 3888 3835
f 3835 3838 3718
f 3835 3889 3838
f 3890 3889 3835
f 3890 3835 3891
f 3892 3893 3838
f 3889 3892 3838
f 3834 3777 3781
f 3780 3837 3781
f 3837 3893 3780
f 3893 3837 3838
f 3780 3893 3837
f 3837 3893 3888
f 3837 3894 3781
f 3894 3837 3888
f 3888 3781 3894
f 3783 3840 3893
f 3893 3841 3783
f 3895 3784 3782
f 3896 3650 3897
f 3896 3785 3650
f 3840 3787 3784
f 3840 3784 3898
f 3785 3844 3786
f 3785 3843 3650
f 3895 3844 3785
f 3899 3846 3850
f 3900 3847 3901
f 3902 3731 3848
f 3844 3785 3789
f 3903 3736 3790
f 3736 3903 3790
f 3904 3847 3846
f 3900 3803 3847
f 3902 3905 3731
f 3906 3905 3902
f 3906 3731 3905
f 3731 3906 3855
f 3856 3792 3858
f 3858 3857 3856
f 3846 3801 3803
f 3803 3801 3859
f 3847 3803 3845
f 3907 3806 3861
f 3851 3806 3907
f 3908 3907 3909
f 3851 3907 3908
f 3910 3909 3907
f 3853 3805 3851
f 3852 3851 3911
f 3852 3911 3853
f 3912 3853 3911
f 3913 3914 3912
f 3915 3797 3854
f 3797 3915 3854
f 3854 3916 3797
f 3917 3797 3916
f 3855 3917 3854
f 3854 3917 3916
f 3907 3861 3913
f 3913 3861 3804
f 3918 3910 3907
f 3913 3918 3907
f 3852 3914 3796
f 3914 3852 3853
f 3796 3914 3804
f 3912 3914 3853
f 3804 3914 3913
f 3912 3914 3913
f 3914 3912 3913
f 3809 3865 3919
f 3751 3809 3919
f 3751 3919 3920
f 3864 3921 3754
f 3922 3919 3865
f 3866 3754 3923
f 3865 3868 3871
f 3865 3871 3922
f 3922 3871 3924
f 3870 3866 3925
f 3926 3762 3814
f 3927 3815 3762
f 3927 3762 3926
f 3763 3928 3816
f 3815 3697 3695
f 3815 3695 3762
f 3814 3873 3929
f 3873 3819 3699
f 3699 3875 3873
f 3875 3878 3930
f 3930 3929 3873
f 3873 3875 3930
f 3930 3878 3931
f 3876 3765 3877
f 3932 3765 3876
f 3932 3770 3765
f 3933 3932 3876
f 3768 3705 3875
f 3878 3934 3705
f 3705 3878 3875
f 3705 3934 3878
f 3879 3878 3705
f 3878 3879 3934
f 3879 3769 3934
f 3769 3878 3934
f 3878 3770 3935
f 3877 3825 3936
f 3936 3937 3877
f 3879 3826 3882
f 3882 3938 3879
f 3880 3877 3937
f 3880 3937 3827
f 3827 3937 3939
f 3939 3940 3827
f 3883 3826 3882
f 3882 3826 3828
f 3882 3828 3886
f 3941 3942 3886
f 3941 3827 3940
f 3941 3886 3829
f 3941 3829 3827
f 3886 3942 3941
f 3943 3890 3891
f 3944 3943 3891
f 3889 3945 3892
f 3945 3889 3890
f 3892 3945 3889
f 3945 3890 3943
f 3945 3892 3889
f 3841 3945 3946
f 3891 3835 3888
f 3891 3888 3889
f 3893 3889 3888
f 3889 3947 3891
f 3947 3889 3841
f 3841 3895 3782
f 3841 3893 3892
f 3784 3895 3948
f 3841 3892 3945
f 3841 3889 3893
f 3895 3841 3946
f 3946 3948 3895
f 3650 3948 3897
f 3897 3895 3896
f 3784 3948 3650
f 3948 3895 3897
f 3895 3785 3896
f 3898 3893 3840
f 3949 3841 3893
f 3893 3898 3949
f 3785 3898 3789
f 3950 3951 3898
f 3785 3950 3898
f 3785 3844 3895
f 3895 3950 3785
f 3736 3952 3850
f 3736 3903 3952
f 3953 3952 3903
f 3954 3903 3849
f 3899 3904 3846
f 3952 3955 3850
f 3955 3899 3850
f 3955 3952 3899
f 3904 3956 3847
f 3956 3904 3957
f 3899 3957 3904
f 3958 3959 3659
f 3784 3789 3898
f 3960 3849 3790
f 3960 3790 3856
f 3849 3903 3736
f 3960 3856 3961
f 3849 3960 3961
f 3962 3857 3846
f 3859 3963 3803
f 3956 3901 3847
f 3901 3956 3964
f 3964 3900 3901
f 3956 3900 3964
f 3956 3803 3900
f 3965 3859 3803
f 3956 3965 3803
f 3966 3909 3908
f 3966 3908 3909
f 3967 3911 3851
f 3968 3797 3969
f 3968 3969 3970
f 3848 3659 3959
f 3902 3848 3959
f 3856 3857 3962
f 3859 3802 3803
f 3908 3971 3851
f 3972 3909 3910
f 3908 3909 3972
f 3973 3972 3910
f 3851 3971 3967
f 3911 3973 3912
f 3974 3973 3967
f 3973 3911 3967
f 3969 3797 3917
f 3968 3970 3969
f 3970 3968 3969
f 3917 3970 3969
f 3855 3970 3917
f 3970 3975 3855
f 3970 3855 3906
f 3902 3976 3906
f 3973 3910 3918
f 3973 3918 3972
f 3972 3918 3913
f 3973 3913 3912
f 3864 3977 3921
f 3977 3864 3751
f 3977 3751 3920
f 3978 3921 3979
f 3977 3920 3919
f 3980 3977 3919
f 3980 3919 3922
f 3921 3923 3754
f 3921 3978 3923
f 3978 3981 3923
f 3981 3925 3923
f 3924 3982 3922
f 3924 3983 3982
f 3925 3866 3870
f 3925 3866 3923
f 3813 3925 3984
f 3813 3924 3871
f 3983 3924 3813
f 3925 3812 3866
f 3812 3925 3813
f 3815 3928 3763
f 3815 3985 3928
f 3985 3816 3928
f 3985 3986 3816
f 3927 3926 3814
f 3987 3927 3814
f 3987 3814 3988
f 3989 3987 3988
f 3989 3988 3990
f 3990 3988 3814
f 3814 3929 3990
f 3816 3986 3872
f 3872 3986 3874
f 3991 3874 3986
f 3933 3876 3874
f 3935 3770 3932
f 3929 3930 3931
f 3935 3931 3878
f 3932 3933 3936
f 3935 3936 3825
f 3825 3879 3935
f 3933 3939 3936
f 3939 3937 3936
f 3938 3932 3879
f 3992 3882 3993
f 3993 3883 3882
f 3882 3883 3993
f 3882 3886 3942
f 3942 3886 3941
f 3994 3943 3944
f 3947 3994 3943
f 3945 3995 3996
f 3891 3943 3994
f 3944 3891 3994
f 3891 3944 3947
f 3947 3944 3891
f 3943 3891 3947
f 3996 3946 3945
f 3944 3947 3841
f 3946 3996 3948
f 3997 3948 3996
f 3997 3998 3948
f 3999 3997 3996
f 3999 3998 3997
f 3841 3949 3898
f 3951 3950 3898
f 3950 3841 3898
f 3950 4000 3951
f 4000 3950 3951
f 3998 3895 3948
f 3998 4000 3895
f 4000 3950 3895
f 3952 3953 4001
f 4002 3899 3952
f 4001 4002 3952
f 4002 4003 3899
f 3899 4003 4004
f 3954 3849 3961
f 3962 3954 3961
f 3957 3956 3899
f 3899 3956 3957
f 4004 4005 3899
f 4005 3956 3957
f 4005 3957 3899
f 4005 3965 3956
f 3908 3966 3971
f 3966 3908 4006
f 4007 3967 3971
f 4008 3967 4007
f 3797 3968 4009
f 3958 4010 3959
f 3659 3797 4009
f 3659 4009 3958
f 3958 4009 4010
f 3962 3961 3856
f 3803 4011 3846
f 3963 4011 3803
f 3846 4011 3962
f 3972 4012 3908
f 4013 3967 4008
f 4013 3974 3967
f 4014 4015 3968
f 4016 4014 3968
f 4017 4014 4016
f 3975 4016 3970
f 4016 3968 3970
f 3970 3906 4018
f 4018 3906 3976
f 3959 3976 3902
f 4018 3976 3959
f 3913 3973 3972
f 3973 4012 3972
f 3855 3975 3970
f 4019 3977 4020
f 4021 4020 4022
f 4021 4022 4023
f 3977 4019 4020
f 4020 3977 3920
f 4020 3920 4022
f 4022 3920 3977
f 4022 3977 4023
f 4022 3977 3980
f 4020 3921 3977
f 3979 3921 4020
f 4020 4024 4025
f 3979 4020 4025
f 3922 3982 3980
f 3981 3978 3979
f 3925 3981 3984
f 3984 3981 3979
f 3982 3983 3980
f 3983 3813 3984
f 4026 3985 4027
f 4027 3985 3815
f 3985 4026 3986
f 4028 3815 3987
f 3815 3927 3987
f 3989 3931 4029
f 4030 4031 4032
f 3989 3990 3931
f 3990 3929 3931
f 4032 3874 3991
f 4032 3933 3874
f 4031 3933 4032
f 4031 3935 3933
f 3933 4033 4034
f 3933 3935 4033
f 3935 4031 4033
f 4033 3939 4034
f 3936 3933 3932
f 3933 3935 3932
f 3933 3936 3935
f 4034 3939 3933
f 3935 3932 4035
f 3935 3879 3932
f 4035 3932 4036
f 3932 3992 4036
f 3932 3938 3992
f 4036 3992 4035
f 3938 3882 3992
f 4037 3992 3993
f 4037 3993 3882
f 3882 3942 4037
f 3942 3941 3940
f 4037 3942 3940
f 3940 4038 3941
f 3940 3941 4038
f 4039 3943 3994
f 4039 3994 4040
f 4041 3943 4039
f 3943 4041 3945
f 3995 3945 4041
f 3995 4042 4043
f 4042 3999 4043
f 4042 4044 3999
f 3947 3944 3994
f 4045 3994 3944
f 4045 4046 4047
f 3995 4043 3996
f 3996 4043 3999
f 4044 4048 3999
f 4000 3998 3999
f 4001 4049 4002
f 4002 4005 4050
f 4046 3944 3841
f 3944 4046 4045
f 4046 3841 3950
f 4051 4046 4000
f 4051 4047 4046
f 4052 4053 4054
f 3953 4052 4001
f 4052 3953 3903
f 4055 4052 3953
f 4055 3953 4052
f 4052 3953 4053
f 4002 4005 4003
f 4056 4005 4002
f 4056 4002 4049
f 4005 4056 4049
f 4000 4046 3950
f 4053 3953 3954
f 3953 3903 3954
f 4057 3954 3962
f 4053 3954 4058
f 3954 4057 4058
f 4011 3963 4057
f 4005 4004 4003
f 3859 3965 3963
f 4059 3966 4006
f 4059 4006 4060
f 4008 4007 3971
f 3971 3966 4008
f 4008 4007 4061
f 4008 4061 4062
f 4010 4009 4063
f 4063 4009 4064
f 4064 4065 4063
f 4010 4066 3959
f 4011 4057 3962
f 4012 4067 4006
f 4006 4067 4060
f 4013 4008 4062
f 4007 4008 3966
f 4006 3908 4012
f 4062 3974 4013
f 4009 3968 4064
f 4064 3968 4015
f 4014 4017 4015
f 4064 4015 4017
f 4064 4017 4015
f 4016 4018 4015
f 4015 3970 4018
f 4015 3975 3970
f 3975 4015 4018
f 3959 4018 4015
f 4018 3959 4015
f 4062 3973 3974
f 4062 4012 3973
f 4016 3975 4018
f 4016 4015 4017
f 3977 4022 4023
f 4023 4022 4021
f 4025 4024 4020
f 4019 4020 4021
f 4019 4025 4020
f 4022 3980 4068
f 4021 4022 4068
f 3979 4025 4069
f 4070 3984 4071
f 4069 4072 3979
f 3979 4072 3984
f 4025 4024 4069
f 4072 4069 4024
f 4072 4024 4073
f 4073 3984 4072
f 4068 3980 4074
f 3980 3983 4074
f 4070 4074 3983
f 3984 4070 3983
f 4075 4076 4026
f 4028 4027 3815
f 4028 4026 4027
f 4077 3987 3989
f 4078 3989 4029
f 4026 4079 3986
f 3986 4079 3991
f 3931 4080 4029
f 4030 4032 3991
f 4033 4031 4030
f 4079 4030 3991
f 4081 3931 3935
f 3935 4035 4081
f 3931 4081 4080
f 4081 4082 4080
f 4034 3939 4033
f 4033 4030 4079
f 4081 4035 3992
f 3992 4035 4081
f 4035 4082 4081
f 4083 4038 4084
f 4085 3939 4034
f 4085 4034 4033
f 4085 4038 3939
f 4038 3940 3939
f 4037 4086 4038
f 4037 4038 4086
f 4038 3992 4037
f 4035 3992 4083
f 4083 3992 4038
f 4086 4083 4038
f 4038 4083 4086
f 4038 4037 3940
f 4087 4088 4041
f 4041 4088 4087
f 4089 4041 4090
f 4041 4039 4090
f 4039 4040 4090
f 4091 4040 4090
f 4091 4090 4040
f 4091 4090 4040
f 4044 4042 4092
f 4093 4044 4092
f 4093 4094 4044
f 4095 4096 4055
f 4040 3994 4091
f 3994 4045 4091
f 4045 4047 4091
f 4047 4097 4091
f 4047 4051 4097
f 4097 4051 4098
f 4094 4048 4044
f 4048 4094 3999
f 4051 4000 3999
f 4094 4051 3999
f 4094 4098 4051
f 4096 4052 4055
f 4095 4052 4096
f 4001 4052 4095
f 4099 4055 4052
f 4100 4099 4052
f 4096 4055 4099
f 4100 4096 4099
f 4005 4049 4050
f 4049 4005 4050
f 4050 4005 4049
f 4050 3965 4005
f 4101 4102 4061
f 4102 4101 4061
f 4053 4058 4054
f 4054 4058 4053
f 4058 4100 4054
f 4052 3903 3953
f 4054 4053 4058
f 4100 4052 4054
f 4058 4054 4100
f 4100 4054 4058
f 4057 4103 4058
f 4104 3963 3965
f 4104 3965 4103
f 3963 4104 4103
f 4002 4050 4005
f 4101 4061 4007
f 4101 4007 4067
f 4007 4105 4061
f 4007 4061 4105
f 4101 4106 4061
f 4061 4106 4101
f 4106 4067 4007
f 4007 3966 4106
f 4106 3966 4059
f 4106 4059 4060
f 4067 4106 4060
f 4061 4106 4062
f 4106 4061 4062
f 4061 4012 4062
f 4061 4101 4012
f 4012 4101 4067
f 4010 4063 4065
f 4107 4065 4064
f 4107 4064 4063
f 4107 4063 4065
f 4108 4065 4063
f 4109 4108 4063
f 4064 4109 4063
f 4063 4109 4064
f 4109 4110 4108
f 4109 4015 4018
f 3959 4015 4109
f 4110 4109 4108
f 4064 4109 4063
f 4015 3959 4109
f 4064 4015 4109
f 4111 4019 4021
f 4021 4112 4111
f 4023 4113 4112
f 4113 4023 4021
f 4025 4019 4024
f 4021 4023 4112
f 4068 4071 4021
f 4024 4019 4114
f 4024 4114 4073
f 4114 4024 4073
f 4114 4073 4024
f 4114 4019 4115
f 4068 4074 4071
f 4071 4074 4070
f 3984 4073 4071
f 4075 4026 4028
f 4116 4075 4028
f 4117 4075 4118
f 4119 4116 4120
f 4120 4116 4028
f 4076 4075 4117
f 4076 4117 4121
f 4118 4122 4117
f 4122 4075 4117
f 4075 4122 4117
f 3987 4077 4028
f 4120 4028 4123
f 4119 4120 4123
f 4079 4026 4076
f 4076 4121 4079
f 4121 4124 4079
f 4078 4077 3989
f 4028 4077 4078
f 4125 4078 4029
f 4125 4126 4078
f 4029 4080 4082
f 4082 4126 4029
f 4126 4125 4029
f 4085 4033 4079
f 4082 4083 4084
f 4127 4084 4082
f 4128 4127 4082
f 4082 4127 4128
f 4129 4038 4085
f 4128 4038 4129
f 4035 4083 4082
f 4038 4128 4083
f 4083 4082 4038
f 4128 4082 4083
f 4084 4038 4082
f 4041 4087 4130
f 3995 4130 4092
f 4087 4131 4130
f 4130 4131 4092
f 4131 4132 4092
f 4132 4133 4092
f 4134 4135 4090
f 4041 4130 3995
f 3995 4092 4042
f 4136 4094 4093
f 4096 4137 4095
f 4095 4137 4138
f 4139 4096 4095
f 4140 4091 4098
f 4098 4091 4097
f 4090 4091 4140
f 4090 4140 4134
f 4098 4094 4136
f 4141 4098 4136
f 4001 4138 4049
f 4095 4055 4096
f 4095 4138 4001
f 4142 4095 4096
f 4139 4095 4142
f 4142 4096 4143
f 4143 4096 4144
f 4138 4145 4049
f 4145 4146 4049
f 4050 4049 4147
f 4146 4148 4049
f 4049 4148 4147
f 4147 4148 4149
f 4149 4050 4147
f 4150 4151 4152
f 4102 4150 4152
f 4152 4153 4102
f 4154 4155 4066
f 4100 4058 4156
f 4100 4156 4144
f 4156 4058 4103
f 4096 4100 4144
f 4149 4103 4157
f 4103 4149 4158
f 4103 3965 4157
f 4050 4149 3965
f 4102 4101 4150
f 4150 4101 4159
f 4160 4102 4153
f 4161 4101 4160
f 4065 4154 4010
f 4010 4162 4066
f 4155 3959 4066
f 4155 4163 3959
f 4149 3963 4103
f 4103 4057 4149
f 3963 4149 4057
f 4101 4067 4159
f 4161 4159 4067
f 4161 4067 4101
f 4160 4061 4101
f 4160 4101 4061
f 4102 4160 4101
f 4065 4164 4165
f 4166 4165 4164
f 4163 4110 4108
f 4166 4164 4108
f 4163 4109 4018
f 3959 4163 4018
f 4163 4108 4109
f 4164 4065 4108
f 4111 4112 4113
f 4113 4021 4112
f 4167 4115 4019
f 4073 4168 4071
f 4071 4169 4021
f 4169 4112 4021
f 4071 4112 4169
f 4073 4114 4170
f 4170 4114 4115
f 4171 4118 4075
f 4118 4172 4122
f 4171 4075 4116
f 4171 4116 4119
f 4121 4117 4122
f 4172 4121 4122
f 4172 4124 4121
f 4173 4124 4172
f 4028 4078 4123
f 4174 4123 4078
f 4124 4085 4079
f 4085 4124 4175
f 4126 4174 4078
f 4126 4176 4174
f 4129 4085 4175
f 4177 4082 4084
f 4129 4177 4082
f 4177 4127 4082
f 4126 4082 4177
f 4129 4082 4128
f 4084 4127 4177
f 4178 4041 4089
f 4179 4178 4089
f 4135 4089 4090
f 4087 4178 4131
f 4178 4180 4131
f 4087 4041 4178
f 4092 4133 4093
f 4181 4132 4131
f 4181 4133 4132
f 4182 4181 4131
f 4133 4181 4183
f 4133 4183 4181
f 4137 4139 4184
f 4184 4139 4137
f 4184 4185 4139
f 4139 4185 4186
f 4141 4136 4093
f 4187 4141 4093
f 4141 4188 4098
f 4188 4140 4098
f 4141 4187 4188
f 4139 4138 4137
f 4137 4096 4139
f 4138 4189 4145
f 4189 4138 4139
f 4189 4139 4186
f 4146 4145 4189
f 4148 4146 4189
f 4189 4186 4190
f 4190 4148 4189
f 4148 4190 4191
f 4190 4148 4191
f 4189 4148 4190
f 4192 4189 4190
f 4192 4157 4189
f 4157 4148 4189
f 4142 4143 4193
f 4193 4143 4144
f 4193 4156 4142
f 4156 4193 4144
f 4156 4158 4139
f 4149 4157 4158
f 4150 4194 4151
f 4195 4194 4150
f 4196 4197 4150
f 4151 4194 4152
f 4197 4195 4150
f 4198 4197 4196
f 4152 4160 4153
f 4199 4162 4155
f 4155 4154 4199
f 4158 4156 4103
f 4196 4150 4159
f 4196 4159 4161
f 4196 4161 4160
f 4154 4066 4162
f 4162 4010 4154
f 4154 4065 4200
f 4200 4165 4166
f 4065 4165 4200
f 4166 4108 4110
f 4163 4155 4110
f 4110 4155 4162
f 4200 4166 4110
f 4019 4111 4167
f 4201 4111 4113
f 4112 4201 4113
f 4201 4112 4168
f 4170 4202 4168
f 4168 4112 4071
f 4168 4071 4203
f 4203 4071 4168
f 4170 4168 4073
f 4171 4203 4118
f 4118 4203 4204
f 4118 4204 4205
f 4171 4119 4203
f 4204 4203 4119
f 4206 4173 4172
f 4174 4119 4123
f 4207 4119 4174
f 4207 4174 4176
f 4176 4208 4207
f 4173 4175 4124
f 4129 4175 4208
f 4126 4177 4176
f 4208 4176 4129
f 4177 4129 4176
f 4135 4179 4089
f 4134 4140 4135
f 4182 4209 4181
f 4209 4183 4181
f 4181 4183 4209
f 4139 4185 4184
f 4210 4186 4185
f 4135 4140 4211
f 4140 4188 4211
f 4211 4188 4212
f 4188 4187 4212
f 4093 4181 4209
f 4093 4133 4181
f 4142 4185 4139
f 4185 4142 4213
f 4213 4139 4214
f 4186 4210 4190
f 4190 4210 4192
f 4215 4157 4192
f 4213 4142 4156
f 4156 4139 4213
f 4214 4139 4158
f 4157 3965 4149
f 4157 4214 4158
f 4157 4149 4148
f 4154 4216 4199
f 4216 4154 4217
f 4154 4162 4217
f 4217 4162 4154
f 4217 4154 4218
f 4219 4216 4220
f 4216 4219 4199
f 4160 4221 4196
f 4194 4160 4152
f 4221 4160 4194
f 4196 4222 4198
f 4196 4221 4222
f 4223 4218 4154
f 4224 4218 4223
f 4154 4225 4223
f 4110 4223 4200
f 4226 4223 4225
f 4200 4223 4225
f 4223 4226 4225
f 4220 4223 4110
f 4219 4162 4199
f 4219 4110 4162
f 4219 4223 4110
f 4225 4154 4200
f 4227 4167 4228
f 4167 4111 4227
f 4227 4228 4167
f 4229 4111 4230
f 4227 4111 4229
f 4229 4230 4227
f 4227 4230 4111
f 4227 4111 4231
f 4231 4229 4111
f 4227 4202 4167
f 4201 4168 4111
f 4231 4168 4205
f 4111 4168 4231
f 4168 4231 4205
f 4232 4231 4168
f 4202 4115 4167
f 4202 4170 4115
f 4118 4202 4233
f 4202 4234 4168
f 4232 4168 4234
f 4234 4233 4202
f 4204 4235 4205
f 4236 4235 4204
f 4118 4233 4172
f 4172 4233 4206
f 4236 4204 4207
f 4206 4237 4173
f 4238 4237 4239
f 4239 4173 4238
f 4207 4204 4119
f 4240 4241 4242
f 4173 4237 4238
f 4239 4241 4173
f 4176 4208 4240
f 4241 4240 4208
f 4242 4176 4240
f 4207 4208 4176
f 4207 4176 4242
f 4241 4175 4173
f 4241 4208 4175
f 4179 4180 4178
f 4179 4243 4180
f 4180 4182 4131
f 4135 4244 4179
f 4245 4179 4244
f 4245 4244 4135
f 4245 4135 4211
f 4246 4247 4185
f 4185 4247 4210
f 4246 4185 4248
f 4248 4185 4249
f 4250 4249 4185
f 4247 4251 4210
f 4251 4252 4210
f 4253 4212 4187
f 4093 4253 4187
f 4254 4093 4209
f 4253 4093 4254
f 4255 4256 4185
f 4246 4185 4184
f 4184 4185 4246
f 4185 4256 4250
f 4210 4215 4192
f 4252 4257 4210
f 4210 4257 4252
f 4215 4210 4252
f 4258 4215 4252
f 4197 4259 4260
f 4255 4185 4213
f 4256 4255 4213
f 4256 4213 4214
f 4157 4261 4214
f 4215 4261 4157
f 4262 4197 4198
f 4260 4194 4195
f 4195 4197 4260
f 4263 4194 4260
f 4263 4221 4194
f 4224 4216 4217
f 4264 4216 4224
f 4264 4220 4216
f 4264 4265 4220
f 4198 4222 4263
f 4221 4263 4222
f 4218 4224 4217
f 4218 4226 4224
f 4218 4224 4226
f 4224 4218 4266
f 4224 4266 4218
f 4265 4219 4220
f 4110 4219 4220
f 4267 4220 4219
f 4226 4224 4223
f 4219 4110 4223
f 4223 4220 4226
f 4229 4228 4227
f 4227 4268 4269
f 4229 4227 4231
f 4229 4231 4270
f 4229 4231 4111
f 4234 4270 4231
f 4234 4231 4232
f 4234 4202 4227
f 4234 4170 4202
f 4202 4170 4234
f 4202 4118 4271
f 4271 4118 4205
f 4233 4234 4272
f 4235 4271 4205
f 4234 4271 4232
f 4202 4271 4234
f 4236 4271 4235
f 4233 4272 4206
f 4206 4272 4273
f 4206 4273 4237
f 4237 4236 4239
f 4273 4236 4237
f 4236 4241 4239
f 4236 4242 4241
f 4274 4236 4239
f 4274 4207 4242
f 4182 4275 4276
f 4275 4277 4276
f 4275 4179 4278
f 4277 4275 4278
f 4182 4279 4209
f 4243 4182 4180
f 4243 4275 4182
f 4275 4243 4179
f 4245 4211 4179
f 4211 4278 4179
f 4278 4211 4280
f 4279 4254 4209
f 4281 4279 4209
f 4209 4279 4281
f 4282 4254 4279
f 4282 4283 4254
f 4247 4284 4251
f 4284 4285 4251
f 4286 4211 4212
f 4254 4283 4253
f 4253 4286 4212
f 4283 4286 4253
f 4251 4285 4252
f 4252 4285 4258
f 4258 4285 4261
f 4249 4250 4256
f 4287 4249 4256
f 4256 4214 4261
f 4261 4215 4258
f 4262 4288 4197
f 4289 4263 4259
f 4290 4259 4197
f 4290 4289 4259
f 4291 4264 4224
f 4292 4291 4224
f 4197 4262 4198
f 4293 4197 4198
f 4263 4293 4198
f 4263 4294 4293
f 4293 4289 4295
f 4294 4289 4293
f 4259 4263 4260
f 4263 4289 4294
f 4296 4297 4224
f 4220 4298 4299
f 4265 4264 4219
f 4267 4219 4264
f 4298 4267 4264
f 4298 4220 4267
f 4296 4220 4299
f 4220 4224 4226
f 4220 4296 4224
f 4228 4229 4300
f 4301 4229 4270
f 4270 4302 4301
f 4268 4227 4228
f 4227 4269 4234
f 4234 4269 4303
f 4303 4304 4234
f 4304 4272 4234
f 4305 4234 4232
f 4306 4304 4303
f 4305 4270 4234
f 4302 4270 4305
f 4307 4272 4304
f 4304 4306 4308
f 4271 4236 4305
f 4305 4232 4271
f 4273 4272 4307
f 4273 4307 4309
f 4310 4309 4307
f 4274 4309 4310
f 4236 4311 4312
f 4312 4311 4274
f 4312 4305 4236
f 4273 4274 4239
f 4273 4239 4236
f 4309 4274 4273
f 4311 4236 4207
f 4207 4274 4311
f 4236 4274 4242
f 4313 4276 4314
f 4315 4279 4182
f 4276 4315 4182
f 4276 4313 4315
f 4316 4282 4246
f 4246 4282 4315
f 4246 4315 4313
f 4211 4286 4280
f 4315 4282 4279
f 4280 4286 4283
f 4282 4246 4248
f 4284 4317 4285
f 4318 4284 4247
f 4284 4285 4317
f 4285 4284 4319
f 4288 4320 4294
f 4321 4248 4287
f 4287 4248 4249
f 4282 4248 4321
f 4287 4282 4321
f 4256 4322 4287
f 4287 4322 4323
f 4322 4256 4261
f 4319 4261 4285
f 4197 4288 4294
f 4197 4294 4290
f 4294 4324 4290
f 4294 4289 4324
f 4262 4197 4293
f 4262 4293 4295
f 4289 4262 4295
f 4294 4262 4289
f 4324 4289 4290
f 4325 4292 4326
f 4325 4291 4292
f 4292 4224 4326
f 4326 4224 4297
f 4327 4326 4297
f 4328 4296 4329
f 4298 4327 4296
f 4291 4325 4264
f 4264 4325 4265
f 4265 4325 4264
f 4298 4264 4325
f 4297 4328 4327
f 4328 4297 4296
f 4299 4298 4296
f 4325 4298 4267
f 4325 4267 4298
f 4327 4298 4325
f 4300 4268 4228
f 4268 4300 4330
f 4331 4300 4332
f 4332 4300 4333
f 4332 4333 4300
f 4306 4268 4334
f 4229 4301 4300
f 4332 4300 4301
f 4302 4332 4301
f 4335 4332 4302
f 4269 4268 4306
f 4303 4269 4306
f 4308 4306 4334
f 4305 4335 4302
f 4304 4308 4336
f 4337 4310 4307
f 4337 4307 4304
f 4304 4336 4337
f 4335 4305 4312
f 4337 4335 4312
f 4274 4337 4312
f 4274 4312 4337
f 4338 4337 4336
f 4337 4338 4310
f 4310 4338 4337
f 4310 4337 4274
f 4274 4337 4312
f 4276 4277 4339
f 4339 4340 4276
f 4340 4339 4276
f 4339 4314 4276
f 4314 4341 4313
f 4313 4341 4342
f 4342 4343 4313
f 4247 4313 4343
f 4318 4247 4343
f 4278 4280 4344
f 4277 4278 4344
f 4283 4344 4280
f 4283 4316 4344
f 4313 4316 4246
f 4316 4246 4282
f 4313 4247 4316
f 4246 4316 4247
f 4318 4317 4284
f 4345 4318 4343
f 4345 4319 4318
f 4316 4283 4282
f 4282 4246 4316
f 4323 4322 4346
f 4316 4246 4347
f 4347 4246 4282
f 4347 4282 4348
f 4348 4282 4323
f 4317 4318 4284
f 4284 4318 4319
f 4322 4349 4346
f 4350 4351 4288
f 4294 4320 4288
f 4352 4353 4326
f 4323 4282 4287
f 4261 4349 4322
f 4354 4262 4294
f 4354 4288 4262
f 4262 4354 4294
f 4262 4294 4354
f 4294 4355 4354
f 4289 4294 4320
f 4294 4289 4320
f 4356 4327 4353
f 4356 4326 4327
f 4327 4329 4353
f 4353 4325 4326
f 4357 4353 4329
f 4353 4358 4325
f 4329 4327 4328
f 4327 4329 4296
f 4327 4359 4329
f 4327 4360 4359
f 4358 4298 4325
f 4325 4298 4358
f 4357 4360 4327
f 4300 4361 4330
f 4362 4330 4361
f 4332 4361 4331
f 4300 4331 4361
f 4268 4330 4362
f 4363 4268 4362
f 4334 4268 4363
f 4308 4334 4364
f 4364 4334 4363
f 4363 4308 4364
f 4365 4336 4308
f 4366 4335 4337
f 4366 4367 4335
f 4368 4338 4336
f 4337 4338 4366
f 4339 4341 4314
f 4339 4341 4340
f 4339 4369 4341
f 4369 4339 4277
f 4369 4277 4370
f 4341 4371 4342
f 4344 4372 4277
f 4372 4344 4373
f 4277 4372 4370
f 4343 4374 4345
f 4344 4375 4373
f 4316 4375 4344
f 4375 4316 4347
f 4375 4347 4373
f 4373 4347 4376
f 4348 4323 4349
f 4376 4347 4348
f 4349 4323 4346
f 4348 4349 4376
f 4377 4346 4319
f 4345 4377 4319
f 4378 4379 4288
f 4288 4379 4380
f 4288 4351 4378
f 4379 4381 4380
f 4381 4378 4351
f 4378 4381 4379
f 4379 4380 4381
f 4379 4381 4380
f 4350 4288 4382
f 4350 4382 4383
f 4382 4380 4381
f 4384 4379 4356
f 4379 4385 4326
f 4326 4385 4386
f 4261 4319 4346
f 4354 4387 4288
f 4388 4387 4354
f 4387 4382 4288
f 4382 4387 4388
f 4382 4388 4354
f 4355 4382 4354
f 4380 4294 4288
f 4294 4380 4355
f 4380 4382 4355
f 4389 4384 4356
f 4357 4389 4356
f 4386 4352 4326
f 4386 4353 4352
f 4379 4326 4356
f 4385 4353 4386
f 4353 4357 4356
f 4386 4357 4327
f 4357 4329 4359
f 4358 4360 4357
f 4360 4358 4359
f 4358 4357 4359
f 4385 4358 4353
f 4385 4325 4358
f 4386 4327 4325
f 4361 4332 4390
f 4390 4332 4391
f 4362 4361 4363
f 4392 4390 4391
f 4391 4332 4393
f 4365 4308 4363
f 4393 4332 4335
f 4368 4336 4365
f 4339 4340 4341
f 4372 4394 4370
f 4372 4373 4395
f 4371 4396 4342
f 4396 4343 4342
f 4396 4397 4343
f 4397 4377 4343
f 4398 4397 4396
f 4395 4373 4349
f 4349 4373 4376
f 4346 4349 4261
f 4343 4377 4374
f 4374 4377 4345
f 4397 4374 4377
f 4397 4377 4374
f 4346 4377 4397
f 4399 4400 4350
f 4351 4350 4381
f 4381 4350 4401
f 4400 4288 4350
f 4350 4288 4400
f 4401 4350 4400
f 4401 4350 4381
f 4402 4403 4401
f 4403 4350 4401
f 4350 4382 4381
f 4382 4350 4383
f 4350 4403 4381
f 4350 4381 4403
f 4404 4385 4384
f 4404 4384 4402
f 4405 4402 4384
f 4406 4407 4384
f 4384 4407 4405
f 4385 4379 4384
f 4385 4408 4409
f 4389 4357 4406
f 4384 4406 4357
f 4389 4406 4384
f 4384 4357 4386
f 4386 4325 4384
f 4384 4325 4385
f 4410 4361 4392
f 4411 4392 4391
f 4412 4392 4411
f 4361 4390 4392
f 4413 4363 4361
f 4411 4391 4412
f 4414 4412 4391
f 4415 4365 4363
f 4414 4393 4335
f 4414 4391 4393
f 4416 4414 4335
f 4417 4368 4365
f 4335 4418 4416
f 4418 4414 4416
f 4414 4418 4419
f 4338 4368 4420
f 4420 4367 4338
f 4367 4366 4338
f 4418 4367 4366
f 4367 4418 4335
f 4367 4418 4366
f 4419 4418 4367
f 4420 4419 4367
f 4421 4341 4422
f 4422 4341 4369
f 4369 4370 4394
f 4341 4421 4422
f 4422 4398 4341
f 4341 4398 4423
f 4341 4423 4371
f 4423 4396 4371
f 4423 4398 4396
f 4397 4398 4424
f 4397 4424 4398
f 4397 4398 4425
f 4425 4426 4397
f 4425 4427 4426
f 4394 4372 4428
f 4428 4372 4395
f 4428 4423 4429
f 4395 4423 4428
f 4427 4349 4346
f 4427 4395 4349
f 4426 4427 4397
f 4427 4346 4397
f 4430 4400 4401
f 4400 4402 4401
f 4431 4402 4400
f 4346 4349 4427
f 4349 4346 4427
f 4430 4401 4400
f 4399 4403 4432
f 4431 4399 4432
f 4431 4400 4399
f 4431 4403 4402
f 4432 4403 4431
f 4404 4408 4385
f 4402 4408 4404
f 4350 4403 4399
f 4409 4384 4433
f 4405 4407 4402
f 4409 4433 4384
f 4384 4433 4406
f 4433 4407 4406
f 4433 4384 4385
f 4392 4434 4410
f 4361 4410 4413
f 4435 4392 4412
f 4434 4435 4436
f 4436 4435 4412
f 4434 4392 4435
f 4437 4413 4410
f 4438 4363 4413
f 4415 4363 4438
f 4436 4412 4439
f 4439 4412 4414
f 4417 4365 4415
f 4440 4368 4417
f 4439 4414 4416
f 4414 4439 4416
f 4420 4414 4419
f 4420 4368 4440
f 4422 4441 4442
f 4443 4442 4441
f 4369 4394 4444
f 4441 4422 4369
f 4444 4441 4369
f 4443 4398 4422
f 4442 4443 4422
f 4394 4428 4444
f 4445 4430 4400
f 4446 4445 4400
f 4431 4430 4447
f 4430 4431 4447
f 4423 4395 4427
f 4429 4423 4427
f 4431 4400 4430
f 4446 4400 4431
f 4431 4448 4446
f 4448 4431 4430
f 4449 4408 4450
f 4408 4402 4450
f 4408 4449 4409
f 4446 4431 4432
f 4432 4431 4446
f 4450 4402 4407
f 4450 4407 4449
f 4409 4433 4385
f 4409 4407 4433
f 4451 4413 4437
f 4438 4413 4451
f 4415 4438 4451
f 4452 4410 4453
f 4437 4410 4452
f 4437 4452 4451
f 4452 4415 4451
f 4415 4452 4437
f 4454 4434 4436
f 4410 4434 4453
f 4453 4434 4454
f 4417 4415 4437
f 4437 4455 4417
f 4455 4440 4417
f 4440 4436 4414
f 4436 4439 4456
f 4436 4456 4439
f 4456 4436 4440
f 4454 4436 4457
f 4436 4456 4457
f 4458 4456 4440
f 4455 4458 4440
f 4436 4439 4414
f 4440 4414 4420
f 4441 4459 4443
f 4460 4459 4443
f 4459 4460 4443
f 4460 4443 4459
f 4398 4443 4425
f 4460 4461 4425
f 4460 4425 4443
f 4461 4462 4425
f 4445 4463 4464
f 4465 4466 4463
f 4466 4463 4445
f 4463 4466 4445
f 4463 4445 4465
f 4466 4465 4463
f 4429 4444 4428
f 4444 4429 4467
f 4468 4467 4429
f 4468 4429 4427
f 4469 4445 4470
f 4471 4445 4469
f 4446 4470 4445
f 4445 4464 4430
f 4430 4464 4448
f 4464 4472 4448
f 4473 4474 4449
f 4448 4473 4449
f 4475 4474 4473
f 4475 4476 4474
f 4475 4477 4476
f 4469 4470 4478
f 4446 4478 4470
f 4472 4446 4448
f 4472 4478 4446
f 4472 4469 4478
f 4449 4477 4448
f 4449 4476 4477
f 4479 4448 4477
f 4449 4476 4409
f 4476 4449 4409
f 4474 4476 4449
f 4407 4476 4449
f 4407 4449 4476
f 4449 4407 4409
f 4480 4452 4453
f 4452 4480 4481
f 4480 4482 4481
f 4455 4437 4452
f 4481 4455 4452
f 4483 4455 4481
f 4454 4457 4453
f 4483 4482 4480
f 4480 4453 4483
f 4483 4453 4457
f 4483 4456 4455
f 4456 4483 4457
f 4455 4456 4458
f 4459 4484 4460
f 4459 4441 4484
f 4484 4441 4485
f 4486 4441 4444
f 4486 4444 4467
f 4462 4487 4488
f 4461 4487 4462
f 4489 4490 4465
f 4486 4467 4444
f 4467 4486 4444
f 4468 4427 4425
f 4468 4425 4462
f 4488 4468 4462
f 4462 4467 4488
f 4468 4488 4467
f 4462 4468 4488
f 4467 4462 4486
f 4462 4488 4468
f 4445 4471 4465
f 4489 4465 4471
f 4489 4471 4491
f 4465 4464 4463
f 4490 4492 4465
f 4493 4494 4464
f 4465 4471 4464
f 4448 4493 4464
f 4492 4495 4496
f 4464 4492 4496
f 4494 4492 4464
f 4471 4465 4497
f 4493 4448 4479
f 4495 4492 4494
f 4464 4475 4473
f 4496 4495 4464
f 4475 4464 4495
f 4495 4479 4475
f 4496 4495 4464
f 4464 4495 4496
f 4471 4469 4472
f 4493 4498 4471
f 4464 4471 4472
f 4479 4477 4499
f 4464 4473 4448
f 4477 4476 4475
f 4475 4476 4477
f 4475 4499 4477
f 4479 4499 4475
f 4481 4482 4483
f 4500 4485 4501
f 4502 4503 4504
f 4460 4484 4500
f 4500 4484 4460
f 4485 4441 4503
f 4485 4500 4484
f 4502 4485 4503
f 4501 4460 4484
f 4484 4500 4501
f 4505 4490 4506
f 4497 4505 4506
f 4507 4502 4486
f 4504 4503 4441
f 4504 4441 4486
f 4504 4486 4502
f 4508 4502 4507
f 4487 4461 4460
f 4507 4488 4487
f 4487 4460 4501
f 4497 4490 4489
f 4490 4505 4465
f 4506 4490 4497
f 4497 4489 4509
f 4505 4497 4465
f 4490 4465 4492
f 4486 4462 4507
f 4507 4462 4488
f 4509 4491 4510
f 4510 4491 4511
f 4510 4511 4509
f 4509 4511 4510
f 4491 4498 4511
f 4509 4489 4491
f 4510 4493 4497
f 4497 4493 4471
f 4498 4493 4510
f 4511 4498 4510
f 4509 4510 4497
f 4505 4494 4493
f 4494 4512 4493
f 4512 4513 4493
f 4495 4494 4479
f 4495 4479 4494
f 4493 4495 4494
f 4493 4479 4495
f 4493 4512 4479
f 4479 4512 4514
f 4498 4491 4471
f 4479 4499 4493
f 4493 4499 4479
f 4479 4512 4493
f 4514 4512 4479
f 4515 4485 4502
f 4516 4501 4485
f 4517 4518 4485
f 4518 4516 4485
f 4501 4516 4519
f 4503 4515 4502
f 4515 4503 4502
f 4520 4515 4502
f 4521 4520 4502
f 4519 4487 4501
f 4501 4519 4522
f 4519 4501 4522
f 4487 4519 4507
f 4522 4506 4497
f 4497 4506 4523
f 4522 4524 4506
f 4505 4497 4525
f 4497 4523 4525
f 4523 4506 4524
f 4525 4494 4505
f 4525 4523 4526
f 4527 4497 4509
f 4522 4497 4527
f 4527 4528 4509
f 4493 4529 4505
f 4497 4505 4529
f 4497 4513 4509
f 4529 4493 4513
f 4497 4529 4513
f 4494 4525 4530
f 4529 4494 4530
f 4529 4512 4494
f 4529 4530 4512
f 4529 4531 4512
f 4530 4532 4512
f 4532 4529 4512
f 4533 4485 4515
f 4516 4518 4517
f 4485 4533 4517
f 4522 4519 4516
f 4524 4522 4516
f 4534 4524 4516
f 4517 4534 4516
f 4535 4523 4524
f 4536 4523 4535
f 4534 4535 4524
f 4537 4535 4534
f 4533 4515 4520
f 4520 4521 4533
f 4521 4502 4508
f 4519 4508 4507
f 4519 4522 4527
f 4519 4527 4538
f 4528 4538 4527
f 4539 4529 4530
f 4526 4539 4530
f 4532 4529 4539
f 4526 4530 4525
f 4536 4526 4523
f 4527 4509 4528
f 4540 4527 4509
f 4513 4540 4509
f 4540 4529 4541
f 4529 4540 4513
f 4540 4528 4527
f 4540 4541 4538
f 4512 4529 4513
f 4512 4531 4529
f 4541 4529 4513
f 4541 4513 4529
f 4532 4542 4529
f 4532 4530 4529
f 4518 4517 4543
f 4543 4517 4518
f 4517 4533 4544
f 4545 4543 4517
f 4543 4534 4517
f 4546 4544 4533
f 4547 4546 4533
f 4547 4533 4548
f 4521 4548 4533
f 4535 4537 4549
f 4549 4526 4535
f 4526 4536 4535
f 4549 4550 4526
f 4537 4550 4549
f 4550 4539 4526
f 4550 4551 4539
f 4548 4521 4552
f 4521 4508 4548
f 4519 4548 4508
f 4548 4519 4538
f 4548 4552 4521
f 4553 4548 4538
f 4554 4542 4538
f 4538 4542 4555
f 4538 4528 4540
f 4554 4538 4541
f 4541 4542 4554
f 4529 4532 4541
f 4532 4542 4541
f 4529 4542 4532
f 4556 4544 4546
f 4556 4546 4547
f 4557 4556 4547
f 4545 4517 4544
f 4545 4544 4556
f 4543 4545 4551
f 4534 4543 4551
f 4537 4534 4551
f 4551 4550 4537
f 4558 4551 4545
f 4537 4550 4551
f 4551 4550 4537
f 4548 4559 4547
f 4559 4548 4553
f 4555 4553 4538
f 4560 4532 4539
f 4545 4561 4558
f 4558 4561 4562
f 4556 4557 4562
f 4545 4556 4562
f 4561 4545 4562
f 4563 4551 4558
f 4563 4564 4551
f 4551 4564 4563
f 4539 4551 4563
f 4560 4539 4563
f 4557 4547 4559
f 4565 4557 4559
f 4565 4559 4555
f 4557 4565 4566
f 4559 4553 4565
f 4555 4565 4553
f 4559 4565 4555
f 4565 4542 4532
f 4565 4555 4542
f 4567 4558 4562
f 4563 4558 4567
f 4557 4566 4567
f 4557 4567 4562
f 4567 4566 4568
f 4567 4568 4563
f 4566 4569 4568
f 4568 4569 4570
f 4563 4568 4570
f 4569 4566 4565
f 4570 4569 4565
f 4560 4565 4532
f 4560 4563 4565
f 4563 4570 4565
