# RV Anterior Papillary (FMA7260)
# BodyParts3D, (c) The Database Center for Life Science licensed under CC Attribution-Share Alike 2.1 Japan
# Licence: https://creativecommons.org/licenses/by-sa/2.1/jp/
# Modified from the original: see README.md in this repository.
# Units: millimetres. +X = patient left, +Y = posterior, +Z = superior.
# Origin: centroid of the heart wall.
o RV_Anterior_Papillary
v -3.6362 -31.5362 -26.2346
v -3.6191 -31.8382 -26.2445
v -3.8256 -31.8372 -25.9446
v -3.8661 -31.5352 -25.9346
v -3.8177 -31.2372 -25.9246
v -4.0715 -31.2452 -25.3246
v -4.0118 -31.5382 -25.6345
v -4.0760 -31.5542 -25.3346
v -3.8089 -32.1892 -25.6546
v -3.7130 -32.4652 -25.3645
v -3.8892 -32.1552 -25.3546
v -3.9526 -31.8412 -25.6445
v -3.6298 -32.4902 -24.7645
v -3.8898 -32.1662 -25.0546
v -3.8107 -32.1802 -24.7545
v -4.0140 -31.8482 -25.3446
v -4.0098 -31.8592 -25.0446
v -3.9261 -31.8742 -24.7445
v -3.6709 -32.1982 -24.4546
v -4.0550 -31.5562 -25.0346
v -3.9713 -31.5712 -24.7346
v -3.7911 -31.8502 -24.4446
v -3.7777 -31.5942 -24.3745
v -3.9867 -31.2392 -25.6245
v -4.0393 -31.2572 -25.0246
v -3.9322 -31.2732 -24.7246
v -3.6334 -30.9472 -25.9146
v -3.8353 -30.9462 -25.6145
v -3.9154 -30.9532 -25.3146
v -3.8738 -30.9652 -25.0145
v -3.7457 -30.9832 -24.6946
v -3.7613 -31.2822 -24.4246
v -3.5125 -30.6632 -25.6046
v 1.7711 -35.9182 -29.3845
v 4.0146 -37.6782 -30.0346
v -2.3779 -33.5462 -26.6046
v -1.8083 -34.1412 -26.0246
v -1.5100 -34.1822 -25.4246
v -2.3829 -33.6402 -25.1046
v 4.0137 -37.6942 -29.4346
v 3.7594 -36.8152 -27.6046
v -2.0750 -33.4992 -24.5045
v -3.5365 -32.1422 -26.2545
v -3.5222 -32.4522 -26.0145
v -3.7103 -32.1432 -25.9546
v -3.3611 -31.8412 -26.5446
v -3.2972 -32.1442 -26.5546
v -3.4744 -31.5392 -26.4046
v -3.4588 -31.2422 -26.3146
v -2.7872 -33.0722 -26.5846
v -2.9610 -33.2082 -25.9945
v -3.1772 -32.4512 -26.5646
v -3.1899 -31.8442 -26.7146
v -3.0080 -32.1492 -26.8546
v -3.1743 -31.5452 -26.6746
v -3.1588 -31.2492 -26.5746
v -2.0531 -33.0802 -27.4546
v -2.2749 -32.1662 -27.4546
v -2.8899 -31.8502 -26.9746
v -2.8743 -31.5532 -26.9146
v -1.9589 -31.2842 -27.3845
v -2.0692 -33.3872 -27.2445
v 1.7316 -35.6052 -29.6746
v -3.2260 -32.5312 -24.2046
v -3.4943 -31.9202 -24.0846
v -3.4788 -31.6222 -24.0145
v -3.5307 -31.3152 -24.1245
v -3.2461 -32.9162 -24.7846
v -3.4665 -32.5092 -24.4646
v -3.1955 -31.9492 -23.8446
v -3.2306 -31.6422 -23.8346
v -2.8801 -31.6642 -23.7046
v -3.1637 -31.3442 -23.8546
v -2.9651 -33.2852 -25.3945
v -2.7961 -32.8552 -24.1746
v -2.9267 -32.5542 -23.9945
v -2.9113 -32.2602 -23.8246
v -2.8958 -31.9632 -23.7346
v -2.8643 -31.3632 -23.7545
v -2.7460 -33.1472 -24.4945
v -2.6119 -32.2792 -23.7346
v -2.5963 -31.9812 -23.6746
v -2.5648 -31.3812 -23.7046
v -2.3585 -33.1762 -24.2545
v -2.3433 -32.8862 -23.9646
v -2.3279 -32.5922 -23.8046
v -2.3124 -32.2952 -23.7146
v -2.0612 -33.2342 -24.1946
v -2.0438 -32.9022 -23.9446
v -2.0283 -32.6072 -23.8246
v -1.9971 -32.0112 -23.7046
v -1.1601 -33.2382 -24.2645
v -1.4289 -32.6342 -23.9446
v -1.9496 -31.1062 -23.8845
v -1.3819 -31.7372 -23.8945
v -1.3500 -31.1292 -24.1345
v -3.1434 -30.9552 -26.4046
v -3.1206 -30.5212 -25.9046
v -2.5233 -30.5872 -26.5045
v -2.8132 -30.3882 -25.9346
v -2.5411 -30.9282 -26.8146
v -2.2154 -30.4442 -26.4945
v -2.2035 -30.2172 -25.8845
v -1.9436 -30.9902 -27.1946
v -2.2282 -30.6892 -26.7846
v -1.6173 -30.4982 -26.7946
v -1.6088 -30.3352 -26.4945
v 2.7614 -32.9282 -30.4046
v -1.3260 -30.6712 -27.1046
v -1.6035 -30.2342 -25.8845
v -1.3139 -30.4392 -26.7146
v -1.0106 -30.3852 -26.4945
v -3.4404 -30.8902 -24.4146
v -3.4304 -30.7002 -24.6846
v -3.4225 -30.5492 -25.3046
v -3.4243 -30.5832 -25.0045
v -3.2369 -31.0302 -24.1145
v -3.1314 -30.7272 -24.3645
v -3.0225 -30.3892 -25.5946
v -3.1204 -30.5162 -24.6946
v -2.8484 -31.0582 -23.8945
v -2.8358 -30.8192 -24.1046
v -2.8228 -30.5702 -24.4046
v -3.0429 -30.4092 -24.9945
v -2.8223 -30.4312 -24.6946
v -2.8086 -30.3002 -25.2946
v -2.8107 -30.3392 -24.9945
v -2.5508 -31.1122 -23.8146
v -2.5327 -30.7682 -24.0846
v -2.2182 -30.4982 -24.3945
v -2.2113 -30.3662 -24.6946
v -2.2036 -30.2192 -25.2846
v -2.2332 -30.7842 -24.0646
v -1.6059 -30.2792 -25.2846
v -1.3334 -30.8122 -24.4046
v -1.6158 -30.4682 -24.6946
v -1.3067 -30.3032 -25.5846
v -1.0145 -30.4602 -25.2946
v 0.3950 -43.6892 -31.7545
v 1.2039 -45.4522 -29.4146
v 0.1592 -43.5772 -31.4546
v -0.0377 -42.9452 -32.0346
v 0.4491 -44.2242 -30.5746
v -0.2109 -41.6832 -33.4846
v -0.0958 -42.3522 -31.7146
v -0.2363 -40.8222 -32.2545
v -0.0873 -41.4732 -31.0746
v -0.0917 -40.5722 -31.0446
v 0.0267 -42.9692 -31.4346
v 0.2341 -43.3122 -30.5446
v 0.1668 -42.3122 -33.2445
v 0.0072 -42.0892 -30.8046
v 0.0889 -41.5132 -30.1846
v 0.2486 -40.7512 -30.4546
v 0.2238 -41.2242 -30.0446
v 0.5328 -41.0602 -30.1646
v 1.0470 -42.7142 -28.1145
v -0.3200 -39.8232 -34.9246
v -0.3077 -38.6022 -35.4846
v -0.2542 -38.8802 -36.2046
v -0.1488 -38.2572 -36.9746
v 0.0789 -38.2582 -37.3046
v -0.2301 -39.4962 -35.8146
v -0.2589 -38.6572 -33.9846
v -0.1964 -38.3602 -33.9746
v -0.2540 -38.0252 -34.8645
v -0.1201 -39.9492 -31.6245
v 0.1376 -37.1362 -35.0746
v 1.4800 -40.1842 -35.9046
v 0.3100 -39.5802 -31.6145
v 0.4327 -37.2382 -34.8346
v 0.6083 -39.6192 -31.6145
v 0.6327 -39.1532 -32.1946
v 0.4751 -36.4292 -38.6046
v 0.7593 -36.7382 -38.8046
v 0.4362 -37.0352 -38.4246
v 0.1106 -37.3392 -37.8346
v -0.2476 -37.9942 -35.7645
v 0.0946 -37.9572 -37.5646
v -0.0199 -36.7842 -36.3146
v 0.4111 -37.6502 -37.9945
v 0.1519 -36.4612 -37.2046
v 0.3341 -35.5812 -36.8745
v 0.3949 -37.9602 -37.7046
v 0.5599 -35.8402 -38.3845
v 0.0701 -36.4992 -36.0045
v 0.4695 -36.5362 -35.5446
v 0.8248 -35.5332 -38.9746
v 0.5341 -35.3032 -36.5145
v 0.7995 -34.6732 -37.7445
v 0.5495 -35.0102 -36.8546
v 0.8173 -35.6312 -36.1546
v 0.8709 -34.6092 -36.8446
v 1.0415 -34.0852 -37.7246
v 1.7679 -34.6892 -30.1445
v 1.4079 -35.8262 -26.9746
v 2.4151 -33.8042 -30.6245
v 2.3596 -34.8632 -26.0346
v -1.1135 -32.3482 -23.9945
v -0.9077 -31.7532 -24.1345
v -1.0501 -31.1382 -24.3246
v 1.8069 -33.9462 -25.6546
v 0.4179 -31.7882 -25.1245
v 1.8084 -33.3442 -25.6846
v 1.3473 -31.2512 -26.2146
v 0.9758 -31.6672 -20.8246
v 1.0125 -31.9072 -20.5346
v 0.9144 -31.6742 -20.5246
v 1.0807 -31.9932 -20.2445
v 0.9373 -31.6862 -20.2246
v -0.1311 -30.7992 -27.4046
v 1.3619 -30.9722 -27.1046
v 1.3605 -30.9992 -27.4046
v 1.3554 -31.0962 -26.5145
v -1.0301 -30.7572 -24.7046
v 1.0997 -31.3622 -21.1145
v 1.1168 -31.6632 -21.1245
v 0.9353 -31.3642 -20.8146
v 0.8599 -31.3712 -20.5145
v 0.8640 -31.3812 -20.2146
v 0.9431 -31.3962 -19.9146
v 0.9213 -31.0952 -19.9046
v 1.0721 -30.7712 -20.8046
v 0.9568 -30.7752 -20.4945
v 0.9329 -30.7852 -20.1946
v 0.9791 -30.7982 -19.8945
v 1.0847 -30.5282 -20.4846
v 1.2305 -30.4792 -20.7846
v 2.0497 -46.5092 -27.7946
v 1.4669 -45.8522 -28.5246
v 2.0583 -46.3462 -28.2445
v 1.6484 -45.8822 -27.9246
v 2.1729 -46.5312 -27.3446
v 2.3386 -46.7292 -27.6546
v 2.9894 -45.7762 -29.4246
v 2.9418 -46.6842 -27.9546
v 2.1892 -45.9522 -26.7246
v 1.4562 -44.9822 -27.5946
v 2.6616 -46.2992 -26.1345
v 5.7664 -44.3772 -32.0746
v 5.7129 -45.3982 -30.6646
v 7.4469 -40.9732 -36.4546
v 1.0313 -45.2072 -29.1046
v 0.7939 -44.0052 -28.7645
v 0.6086 -42.7942 -28.7246
v 1.3188 -45.5442 -28.5145
v 0.9751 -43.1452 -27.8346
v 1.2760 -44.0752 -27.4546
v 1.2915 -43.7802 -27.3246
v 1.3073 -43.4792 -27.3745
v 1.4928 -44.1042 -26.9646
v 1.5010 -43.8042 -26.9546
v 1.5339 -43.4952 -27.2445
v 1.6087 -43.4592 -27.2445
v 2.0297 -45.0542 -26.3945
v 2.0733 -44.4662 -26.0746
v 1.8953 -43.7242 -26.9546
v 2.0818 -44.1562 -26.3645
v 2.4898 -43.8442 -26.9546
v 2.4241 -45.0982 -25.7246
v 2.4051 -45.6852 -26.1145
v 2.7831 -45.7252 -25.5145
v 2.7228 -45.1292 -25.2746
v 2.7385 -44.8302 -25.2545
v 1.1391 -40.9562 -30.5045
v 2.6951 -39.9272 -36.4646
v 2.9584 -40.6342 -31.3446
v 2.7218 -39.4172 -32.5045
v 3.7537 -42.6562 -28.7946
v 4.6558 -36.9082 -39.7746
v 1.9391 -37.1562 -35.1245
v 3.6984 -37.9802 -34.2545
v 4.0319 -37.3482 -34.8645
v 2.0446 -34.6332 -40.7445
v 1.4810 -34.9252 -40.1546
v 2.3005 -34.0362 -41.0246
v 2.0552 -34.9402 -40.5846
v 1.7394 -35.2332 -40.3246
v 2.3872 -34.3372 -41.1245
v 2.1201 -33.7472 -40.4146
v 2.5920 -33.1612 -40.6946
v 3.3338 -33.1582 -41.8945
v 2.7693 -33.4492 -41.3046
v 1.4235 -35.5292 -39.9746
v 1.2541 -35.2242 -39.8645
v 1.2433 -34.3542 -38.9346
v 1.4719 -33.4862 -38.3046
v 1.6451 -33.1952 -38.2946
v 1.3411 -34.6382 -39.5446
v 1.6123 -33.7622 -39.2146
v 1.7128 -33.1882 -38.5946
v 2.3252 -32.8782 -39.7846
v 1.0456 -34.0962 -37.4246
v 1.3033 -33.7992 -37.7146
v 3.5661 -34.7712 -37.4446
v 2.4770 -32.6242 -38.6746
v 4.4369 -35.3512 -32.3945
v 4.0895 -36.2482 -32.0145
v 3.1728 -36.5442 -30.7746
v 3.4496 -36.9942 -30.6145
v 2.6285 -35.4652 -26.4246
v 3.3032 -32.5772 -41.2645
v 3.3569 -32.0002 -40.6445
v 1.9771 -32.8912 -38.8845
v 1.9368 -32.9002 -38.5846
v 1.8559 -33.0122 -38.2846
v 2.1611 -32.9192 -38.3645
v 2.4913 -32.3512 -39.1646
v 2.2500 -32.6052 -38.8745
v 2.1737 -32.6792 -38.5746
v 3.1252 -31.7202 -39.7046
v 2.7928 -32.3302 -38.9546
v 3.1255 -31.7132 -39.4346
v 3.3921 -32.3592 -39.0346
v 3.4949 -31.4282 -40.0246
v 3.4405 -31.4372 -39.6946
v 3.7540 -31.1862 -39.7146
v 6.0673 -32.9022 -31.0646
v 3.0305 -33.5262 -30.8945
v 1.9178 -31.8302 -26.1646
v 3.5837 -33.1052 -26.5746
v 3.6853 -32.4982 -26.9146
v 4.0177 -31.8862 -28.0346
v 4.0127 -31.9812 -27.7346
v 1.3256 -31.6652 -21.3945
v 1.4455 -31.9702 -21.4346
v 1.2181 -31.9692 -21.1345
v 1.7942 -31.9782 -21.7346
v 1.6160 -32.2802 -21.4546
v 1.3990 -32.2792 -21.1546
v 1.6257 -31.6712 -21.6746
v 1.6561 -32.5922 -21.1646
v 3.6127 -33.8832 -22.4046
v 1.9256 -31.6802 -21.8645
v 3.3065 -33.9932 -21.8046
v 3.6012 -33.2422 -22.6846
v 3.6777 -32.6422 -22.7645
v 1.2932 -32.2832 -20.8845
v 1.2482 -32.2922 -20.5546
v 1.0865 -31.9732 -20.8446
v 1.5760 -32.6192 -20.2746
v 1.2922 -32.3032 -20.2946
v 1.1925 -32.0102 -19.9446
v 1.8613 -32.9072 -20.8745
v 2.7022 -33.5692 -20.5946
v 1.5420 -32.5972 -20.8645
v 1.8697 -32.7462 -19.9646
v 1.6059 -32.0492 -19.4246
v 1.8802 -32.5462 -19.6546
v 1.6212 -31.7562 -19.2246
v 2.6411 -33.2862 -19.9846
v 2.1683 -32.7822 -19.6646
v 2.1841 -32.4802 -19.3546
v 2.2062 -32.0582 -19.0346
v 2.5193 -31.8172 -18.8346
v 2.7906 -32.3722 -19.0446
v 3.0567 -33.0272 -19.4446
v 3.1184 -31.8492 -18.8246
v 5.0348 -35.4072 -21.5546
v 5.6359 -35.4032 -20.9546
v 3.3715 -32.7512 -19.1846
v 3.9708 -32.7812 -19.2246
v 6.0848 -32.5692 -30.1546
v 1.3413 -31.3652 -21.4146
v 1.6570 -31.0742 -21.6145
v 1.6725 -30.7782 -21.4945
v 1.2528 -30.7702 -21.0946
v 1.7001 -30.2512 -21.0746
v 2.2568 -31.0932 -21.9446
v 1.9724 -30.7872 -21.6846
v 1.9878 -30.4942 -21.5045
v 2.0107 -30.0572 -21.0746
v 2.3029 -30.2142 -21.3745
v 2.3154 -29.9742 -21.0646
v 2.5875 -30.5162 -21.7545
v 3.1562 -31.1292 -22.2746
v 3.1963 -30.3622 -21.6846
v 3.5050 -30.2042 -21.3745
v 2.9236 -29.8342 -20.7645
v 5.8070 -32.1372 -23.2146
v 1.3531 -31.1402 -19.2645
v 1.1143 -30.8152 -19.5946
v 1.3688 -30.8402 -19.2746
v 1.3252 -30.1942 -20.4746
v 1.1118 -30.5042 -19.8845
v 1.2424 -30.5222 -19.5846
v 1.7120 -30.0232 -20.7746
v 1.2685 -30.2022 -20.1746
v 1.3054 -30.2142 -19.8745
v 1.4516 -30.2322 -19.5746
v 1.6814 -31.1662 -19.0045
v 1.4885 -30.5452 -19.2846
v 1.6838 -30.5622 -19.0946
v 1.6989 -30.2732 -19.2746
v 1.7178 -29.9142 -20.4846
v 1.7187 -29.8962 -19.8645
v 1.7203 -29.8672 -20.1646
v 2.0243 -29.7972 -20.4646
v 1.9515 -31.1852 -18.8546
v 1.9673 -30.8862 -18.8546
v 1.9831 -30.5842 -18.9146
v 1.9991 -30.2792 -19.0646
v 2.0200 -29.8802 -20.7645
v 2.0110 -30.0512 -19.2746
v 2.0197 -29.8842 -19.5646
v 2.0255 -29.7752 -20.1646
v 2.0244 -29.7942 -19.8645
v 2.5505 -31.2222 -18.7146
v 2.2825 -30.6032 -18.8246
v 2.2991 -30.2862 -18.9746
v 2.3148 -29.9862 -19.3046
v 2.3235 -29.8212 -20.7645
v 2.3269 -29.7572 -20.4646
v 2.3280 -29.7342 -20.1546
v 2.3220 -29.8492 -19.5646
v 2.5662 -30.9222 -18.7246
v 2.5820 -30.6202 -18.7946
v 2.9260 -29.7892 -20.1646
v 2.6261 -29.7792 -19.8645
v 2.8501 -31.2382 -18.7146
v 2.8658 -30.9372 -18.7445
v 2.8817 -30.6332 -18.8546
v 2.8978 -30.3262 -19.0546
v 2.9096 -30.1012 -19.2746
v 2.9237 -29.8322 -19.8645
v 2.9185 -29.9322 -19.5646
v 3.4338 -31.5642 -18.8546
v 3.1656 -30.9502 -18.8246
v 3.1833 -30.6112 -18.9846
v 3.2134 -30.0362 -19.5646
v 3.5155 -30.0052 -20.7645
v 3.2216 -29.8802 -20.1646
v 3.4654 -30.9612 -18.9646
v 3.4814 -30.6552 -19.1345
v 3.7932 -30.4372 -19.5846
v 5.0310 -46.9442 -27.9546
v 7.7800 -46.0812 -30.0246
v 3.2023 -47.4442 -26.4746
v 3.4963 -47.5682 -26.4846
v 4.9560 -48.3762 -25.3046
v 3.0420 -46.3392 -25.5346
v 3.1271 -47.2232 -26.1746
v 3.3421 -46.0762 -24.9246
v 3.6384 -46.6922 -24.9546
v 4.6594 -48.3042 -25.3046
v 3.9809 -47.8902 -25.5946
v 3.9383 -47.5982 -25.2846
v 4.1712 -46.1532 -23.9646
v 3.5887 -45.8052 -24.4546
v 4.6624 -48.2472 -25.0045
v 4.7377 -46.8092 -23.7545
v 5.2454 -48.5872 -24.7445
v 4.7278 -47.6702 -24.3845
v 5.2603 -48.3012 -24.3446
v 5.6052 -47.4522 -23.3546
v 4.7694 -46.2052 -23.3845
v 5.6514 -46.5722 -22.8046
v 5.6670 -46.2732 -22.7846
v 4.0095 -43.5082 -27.8446
v 6.3786 -44.1602 -27.2545
v 6.3534 -44.6402 -26.3745
v 3.0063 -45.4532 -25.0246
v 3.0218 -45.1572 -24.9346
v 3.0423 -44.7672 -25.1846
v 3.3051 -45.4832 -24.6445
v 3.6042 -45.5082 -24.3645
v 3.4171 -45.1892 -24.5946
v 4.0005 -45.8422 -24.0145
v 4.5316 -45.0092 -25.1946
v 4.1279 -45.5482 -24.0045
v 4.5023 -45.5692 -23.9646
v 6.3183 -45.3112 -24.5946
v 4.3337 -45.8692 -23.7246
v 4.7851 -45.9052 -23.3845
v 5.6835 -45.9592 -23.1946
v 4.9984 -41.8352 -29.8845
v 4.5076 -39.7342 -32.8146
v 5.1472 -38.9952 -33.6846
v 5.8362 -37.3142 -35.1245
v 8.3096 -35.9742 -37.5746
v 3.7650 -36.7082 -35.5746
v 4.0559 -37.1762 -31.2246
v 4.3133 -37.7102 -30.6445
v 5.8422 -37.1982 -33.2545
v 4.7853 -35.9612 -32.6746
v 5.8095 -37.8232 -32.5346
v 5.1919 -38.1432 -31.0546
v 6.3550 -38.8792 -31.5746
v 5.8740 -36.5922 -33.4646
v 5.1814 -38.3432 -30.3645
v 5.4793 -38.3902 -29.4646
v 4.3127 -37.7212 -28.8346
v 3.7812 -36.4002 -27.2146
v 6.6853 -38.3072 -28.5946
v 7.6146 -37.7732 -28.0846
v 3.5276 -35.5062 -26.6145
v 4.2658 -32.8852 -42.4945
v 5.7322 -33.5662 -42.4146
v 5.9773 -34.6212 -38.3945
v 6.0097 -34.0022 -38.9646
v 4.7680 -34.7672 -32.4146
v 4.7988 -34.1792 -32.0846
v 6.2054 -36.0002 -33.6746
v 7.1362 -35.4362 -34.0145
v 3.8584 -34.9262 -26.5045
v 4.5050 -34.0522 -26.6646
v 5.0730 -34.6792 -26.7946
v 5.6255 -35.6022 -27.0145
v 4.8206 -33.7622 -26.8346
v 5.1144 -33.8882 -23.6746
v 6.0140 -33.9212 -24.0946
v 7.1507 -35.1592 -24.7645
v 5.3828 -34.4992 -23.7946
v 4.7435 -35.2342 -22.4446
v 4.4666 -34.7862 -22.7346
v 4.3075 -34.1702 -23.0145
v 5.0298 -35.5032 -22.1546
v 4.5145 -33.8702 -23.2846
v 4.9454 -34.7932 -23.3346
v 6.2028 -36.0492 -23.6746
v 6.2351 -35.4342 -24.1245
v 6.4754 -36.5802 -23.0946
v 9.7334 -37.4672 -21.9146
v 5.6913 -34.3462 -20.0446
v 6.0197 -35.2442 -20.6445
v 4.6112 -32.0252 -42.4446
v 5.2008 -32.0132 -43.0446
v 4.5971 -32.2952 -42.6646
v 4.8170 -32.6042 -42.7645
v 6.4278 -31.7572 -43.6145
v 3.9659 -32.8752 -42.3346
v 4.0314 -31.6252 -41.2346
v 3.9814 -32.5792 -42.2246
v 4.3807 -30.6922 -40.3046
v 4.2816 -32.5832 -42.5646
v 4.6836 -31.1372 -41.5145
v 5.8798 -30.7492 -42.4046
v 6.7619 -31.1732 -43.6145
v 3.7397 -31.4582 -39.5246
v 4.3391 -31.4852 -39.6646
v 4.3712 -30.8742 -39.9945
v 5.1610 -33.0002 -39.1746
v 5.4135 -30.9172 -40.3046
v 4.8553 -33.1012 -31.0746
v 7.1976 -34.2652 -33.2046
v 6.3501 -33.2382 -31.6846
v 5.2012 -32.2332 -28.3446
v 6.3946 -32.5582 -29.2545
v 4.8943 -32.3562 -27.7545
v 5.1684 -32.8582 -27.4146
v 4.9027 -32.1952 -28.0446
v 5.4882 -32.4892 -28.0546
v 7.0445 -33.2242 -28.3745
v 6.6196 -33.8292 -27.6046
v 3.6404 -33.3532 -19.5646
v 4.8700 -32.8202 -19.4746
v 5.1306 -32.2262 -19.6445
v 6.0064 -34.0652 -19.9646
v 6.6216 -33.7922 -20.0946
v 4.9961 -30.4152 -40.8945
v 6.2264 -29.8672 -41.1646
v 4.9868 -30.5922 -40.3645
v 6.2277 -29.8422 -41.4646
v 7.5868 -32.5712 -22.9546
v 4.3920 -30.4772 -21.0846
v 6.5850 -33.6472 -24.1946
v 4.0653 -30.9772 -19.3845
v 3.8081 -30.1542 -20.1746
v 4.8709 -31.3022 -19.9046
v 10.0976 -34.1732 -23.0045
v 7.6859 -32.5662 -22.3446
v 6.1291 -48.9202 -24.1245
v 6.0692 -48.9422 -24.4246
v 7.6032 -49.4552 -23.5346
v 6.1699 -48.6682 -23.8146
v 7.0214 -49.0912 -23.5246
v 7.6062 -49.3972 -23.8346
v 7.7032 -47.5462 -27.3745
v 7.3011 -48.1682 -22.5946
v 6.2315 -46.9662 -22.5546
v 6.2499 -46.6162 -22.4346
v 5.9665 -46.2902 -22.7246
v 6.2723 -46.1882 -22.8246
v 6.7195 -46.9482 -22.2545
v 7.1167 -47.2722 -22.1546
v 7.1322 -46.9762 -22.0546
v 6.8928 -46.6562 -22.2445
v 8.3140 -47.3552 -21.5946
v 8.1646 -44.4742 -32.3645
v 7.8492 -44.7612 -26.3745
v 8.1268 -45.1962 -25.4945
v 7.1980 -45.7202 -23.6846
v 5.9720 -46.1862 -22.8246
v 7.1757 -46.1462 -22.8246
v 8.0912 -45.8752 -22.8146
v 6.4997 -41.8492 -30.1846
v 6.2332 -41.2012 -31.0546
v 6.5324 -41.2252 -30.8945
v 7.3575 -42.6792 -29.3046
v 7.1235 -41.5822 -30.1646
v 7.9468 -42.8982 -29.0145
v 7.9216 -43.3782 -28.4246
v 7.9647 -42.5562 -29.3446
v 8.2822 -42.2742 -29.2946
v 6.3089 -39.7572 -33.1046
v 6.3443 -39.0822 -33.6846
v 5.8130 -37.7562 -34.5446
v 6.6152 -39.6452 -33.2246
v 6.9349 -39.2762 -33.3945
v 6.6762 -38.4802 -33.6646
v 7.2224 -39.3812 -33.0946
v 6.2614 -40.6642 -31.9446
v 6.5491 -40.9062 -31.4446
v 6.5397 -41.0862 -31.0546
v 6.8619 -40.6252 -31.3346
v 6.8280 -40.6452 -30.7346
v 6.8255 -40.3342 -31.0246
v 6.8948 -40.0422 -32.8146
v 7.0462 -39.6722 -33.1046
v 6.8643 -39.4142 -31.5946
v 7.2118 -39.7252 -31.8246
v 6.6182 -39.7222 -31.0045
v 6.4326 -39.4132 -30.9945
v 5.7758 -38.7882 -30.6746
v 7.2282 -39.4132 -32.1846
v 7.1875 -40.1902 -32.5246
v 7.4379 -40.0242 -32.2146
v 7.2003 -39.9442 -32.8146
v 7.4079 -39.7012 -32.8046
v 7.1256 -39.0862 -32.7846
v 6.3334 -37.8122 -33.6445
v 7.4822 -39.7152 -32.5045
v 7.3393 -39.3972 -32.7946
v 7.3294 -39.4072 -32.4945
v 6.0450 -39.0602 -30.0846
v 6.3255 -39.4412 -30.6946
v 6.3279 -39.3952 -30.0946
v 6.2207 -38.8532 -29.4746
v 6.7870 -40.3532 -30.4246
v 6.6550 -38.8862 -29.2046
v 6.9475 -40.9622 -30.4446
v 6.7641 -40.3412 -30.7246
v 6.6534 -40.0352 -30.7146
v 7.1728 -40.4692 -29.8346
v 6.9243 -39.4802 -29.4945
v 7.4046 -41.0072 -29.8446
v 7.8678 -38.6732 -28.5045
v 7.7905 -40.1482 -29.1846
v 8.1363 -39.2812 -28.7046
v 8.7703 -38.6492 -39.0646
v 6.1308 -37.4242 -34.8246
v 6.1228 -37.5762 -34.5346
v 6.2858 -37.1982 -33.9246
v 6.0528 -36.8962 -33.6145
v 6.3337 -36.6002 -33.8945
v 6.3128 -37.4902 -34.2346
v 6.6206 -37.1742 -35.1145
v 6.4390 -37.2752 -34.5246
v 6.5314 -36.9012 -34.2046
v 6.7488 -37.0952 -34.8146
v 7.0631 -36.8312 -34.8046
v 6.7743 -36.6092 -34.3146
v 7.0541 -37.0022 -35.1145
v 7.3898 -36.3292 -34.6445
v 7.9898 -36.3442 -35.1145
v 8.2783 -36.5712 -35.6946
v 5.9083 -38.2582 -28.8546
v 7.9297 -37.4912 -28.0145
v 8.5604 -36.9222 -28.0346
v 7.8987 -38.0842 -28.2046
v 7.5500 -36.9892 -24.6046
v 7.3459 -37.1662 -24.0145
v 8.8734 -38.2492 -24.9446
v 8.6285 -38.2572 -24.3446
v 7.6717 -36.6832 -24.9346
v 8.5905 -38.2762 -23.7445
v 7.0542 -37.0002 -22.8046
v 9.0900 -38.2802 -22.8446
v 7.2706 -37.0482 -22.5045
v 7.3607 -36.7732 -21.8945
v 6.2021 -36.0642 -21.5746
v 8.3650 -34.9172 -42.1046
v 6.7115 -32.0762 -43.5145
v 6.6091 -34.0292 -39.0746
v 8.6418 -35.3692 -38.1946
v 7.2889 -32.5212 -40.2346
v 8.9737 -34.7672 -38.7046
v 6.8053 -36.0182 -34.0846
v 7.7668 -34.8682 -34.0145
v 6.2563 -35.0282 -27.1646
v 6.2245 -34.4242 -27.2146
v 9.2229 -35.7452 -28.3046
v 7.4192 -35.7682 -24.9346
v 9.7554 -37.0492 -26.2046
v 9.5024 -36.1442 -25.9146
v 7.6810 -36.5052 -21.4546
v 11.4988 -38.1752 -22.3945
v 7.0431 -31.4802 -43.8446
v 7.3588 -31.1892 -44.0346
v 7.6426 -31.5052 -44.0346
v 7.6585 -31.2022 -44.1245
v 8.2578 -31.2312 -44.2046
v 9.0326 -33.6442 -43.0946
v 6.3738 -32.7872 -39.8745
v 6.8634 -29.7512 -41.4646
v 9.0381 -33.5382 -33.1846
v 9.6422 -33.4762 -33.1846
v 11.7408 -33.5572 -31.9846
v 6.9721 -32.8352 -28.9646
v 10.5464 -33.4192 -30.7746
v 8.9708 -34.8232 -28.5246
v 12.9974 -38.2422 -22.7445
v 13.0241 -37.6392 -22.8146
v 13.6483 -37.2852 -23.4046
v 7.9893 -30.6232 -43.9846
v 7.1043 -30.3122 -42.9546
v 8.0051 -30.9172 -44.2046
v 8.6346 -29.7732 -43.4746
v 7.1413 -29.6062 -42.0546
v 7.7582 -29.3002 -42.0446
v 8.6749 -29.0052 -42.3346
v 8.3684 -29.1202 -42.3446
v 10.1238 -47.2162 -28.2746
v 10.9026 -49.5522 -23.5346
v 8.7921 -49.6962 -23.2445
v 7.9226 -49.0922 -22.9146
v 8.4017 -49.4172 -22.9346
v 8.5518 -48.5502 -22.1546
v 9.0904 -49.7372 -22.9446
v 9.0659 -49.4622 -22.6345
v 9.4346 -48.9012 -22.0246
v 9.9206 -49.5172 -22.3346
v 9.2851 -46.0232 -30.3246
v 13.4591 -46.6292 -29.4346
v 8.8973 -47.6912 -21.4546
v 8.6292 -47.0732 -21.5145
v 7.9061 -46.7202 -21.9446
v 8.0813 -46.0632 -22.5145
v 8.3843 -46.0132 -22.5145
v 8.9489 -46.7062 -21.9346
v 9.2250 -47.1702 -21.3546
v 10.4476 -46.7702 -22.2346
v 10.1603 -46.5192 -22.4846
v 9.8112 -47.4492 -21.1445
v 9.2121 -47.4152 -21.2246
v 9.7955 -47.7482 -21.1746
v 10.3790 -48.0792 -21.1846
v 7.8659 -44.4412 -26.8745
v 8.1601 -44.5602 -26.6646
v 8.1712 -44.3492 -26.9646
v 8.4751 -44.4812 -26.6646
v 8.4527 -44.7082 -26.3745
v 8.4902 -43.9942 -27.2445
v 8.8806 -44.5122 -26.3645
v 8.7802 -44.1932 -26.7645
v 9.0792 -44.2202 -26.4246
v 9.2656 -43.9322 -26.3446
v 9.0389 -43.5992 -26.9346
v 8.7222 -45.2992 -25.1946
v 8.4338 -45.0702 -25.7846
v 9.0207 -45.3342 -24.8945
v 8.7816 -45.5022 -23.6946
v 9.0405 -44.9572 -25.7846
v 9.0302 -45.1532 -25.4446
v 9.3340 -45.1782 -25.1846
v 9.7406 -45.2422 -23.9846
v 9.3374 -45.0252 -25.4846
v 9.5374 -44.5682 -25.7645
v 9.7992 -44.9032 -25.1746
v 9.6770 -44.2762 -25.7246
v 10.2371 -45.0542 -23.9846
v 10.0652 -44.6162 -25.1646
v 9.9182 -45.4062 -23.3945
v 9.8929 -45.8902 -22.8645
v 9.1696 -42.4952 -35.0045
v 8.3166 -41.9762 -29.2846
v 8.6986 -42.9282 -28.4146
v 8.6774 -42.6162 -28.7046
v 8.5789 -42.3012 -28.9746
v 8.5190 -41.6972 -28.9746
v 8.7118 -42.3182 -28.6946
v 8.5140 -43.5382 -27.8745
v 9.0441 -42.0672 -27.7846
v 9.0012 -41.4532 -28.0646
v 8.6568 -40.8152 -28.6046
v 9.6040 -42.7592 -26.0045
v 9.3699 -41.4942 -27.4646
v 9.5616 -42.1362 -26.5846
v 10.6448 -41.9762 -24.1746
v 10.0999 -41.8952 -25.6746
v 14.3700 -40.7112 -37.9346
v 9.0031 -39.9382 -28.4146
v 9.6332 -39.3812 -28.1145
v 9.2628 -40.7172 -28.0346
v 9.5962 -40.0862 -28.0145
v 9.8599 -40.7872 -27.4346
v 10.4996 -40.0452 -27.5946
v 10.5475 -39.1312 -28.0145
v 8.8131 -37.8332 -28.1646
v 9.6311 -39.4202 -24.0846
v 10.1497 -39.8692 -23.5045
v 10.0203 -39.8312 -24.3945
v 10.1941 -40.1432 -24.1145
v 9.9854 -38.3922 -22.5246
v 8.5838 -36.4752 -36.8945
v 8.4417 -36.6272 -36.2946
v 8.8860 -36.4402 -36.5946
v 8.8880 -36.4022 -36.8845
v 8.8945 -36.2792 -37.1846
v 8.8894 -36.3762 -36.2846
v 9.0346 -36.0682 -35.9746
v 9.1973 -36.2332 -36.8845
v 9.3447 -36.0632 -36.5746
v 8.4667 -38.7102 -28.3446
v 9.4437 -37.2632 -28.2046
v 10.0905 -36.3872 -28.4346
v 10.2953 -38.2102 -28.1946
v 10.6109 -37.9212 -28.3346
v 9.0134 -37.0242 -25.8046
v 8.8238 -37.6272 -25.4646
v 11.1598 -38.9112 -26.6245
v 9.7134 -37.6512 -26.1245
v 10.8114 -39.8272 -25.7146
v 10.0371 -39.5112 -24.9846
v 9.9117 -34.0672 -42.9446
v 9.6508 -33.3132 -43.3845
v 10.7427 -33.7942 -43.3945
v 11.6454 -35.3782 -42.4246
v 9.2519 -35.1912 -38.3446
v 10.1880 -34.5262 -38.8346
v 9.8491 -35.2612 -38.0446
v 9.8607 -35.0402 -38.3446
v 10.1590 -35.0802 -38.0446
v 11.0978 -34.3632 -38.6145
v 8.9051 -36.0772 -37.4746
v 8.6053 -36.0642 -35.4546
v 9.2017 -36.1502 -37.1846
v 10.4809 -34.6692 -36.5246
v 10.2054 -35.1662 -37.7445
v 9.5821 -34.6232 -35.1345
v 10.4648 -34.9762 -37.4346
v 8.6666 -34.8952 -34.5846
v 8.9970 -34.3232 -34.2545
v 9.5996 -34.2892 -34.7146
v 10.2048 -34.2062 -35.3146
v 10.2189 -33.9372 -34.7046
v 10.2061 -34.1812 -29.6046
v 10.9897 -36.4252 -28.6946
v 12.4069 -38.0442 -27.5145
v 10.4170 -35.8892 -25.9646
v 11.6214 -35.8352 -25.7545
v 9.4272 -31.8462 -44.2346
v 10.0241 -31.9212 -44.3146
v 9.1730 -30.9652 -44.5846
v 10.0879 -30.7042 -44.8146
v 11.1518 -33.3322 -40.0145
v 11.5350 -31.7532 -41.2246
v 9.6193 -33.9122 -34.1046
v 10.5311 -33.7132 -33.7946
v 8.4352 -33.5782 -28.9146
v 8.4517 -33.2642 -29.2746
v 10.8305 -33.7312 -30.4846
v 10.4885 -34.5242 -24.2146
v 11.1994 -35.1312 -23.0346
v 11.9428 -35.4372 -23.9446
v 8.8528 -30.9512 -44.5045
v 8.5891 -30.6412 -44.3745
v 9.8085 -29.5212 -43.8546
v 9.2837 -28.8532 -42.6245
v 9.1888 -30.6632 -44.6445
v 9.8878 -28.7892 -42.9246
v 9.8907 -30.3942 -44.7846
v 10.4190 -30.1192 -44.7746
v 10.4117 -29.5422 -44.1546
v 11.0990 -28.6082 -43.2146
v 9.5793 -28.9442 -42.3346
v 11.3444 -29.6572 -42.2445
v 11.4057 -28.4872 -42.9146
v 10.0590 -28.6752 -42.6245
v 10.8018 -28.5472 -42.9146
v 10.5849 -49.8822 -22.6445
v 10.3329 -48.9582 -21.7645
v 10.8888 -49.8142 -22.3446
v 10.9165 -49.2862 -21.8546
v 11.0114 -49.8642 -22.6445
v 11.4841 -49.9202 -22.3446
v 11.5003 -49.6122 -21.9846
v 11.5308 -49.0292 -21.5346
v 13.2919 -49.8192 -22.0446
v 12.7290 -49.0952 -21.4246
v 13.2910 -49.8372 -22.3446
v 10.4204 -47.2882 -21.3546
v 10.4599 -46.5352 -22.4746
v 10.7279 -47.1532 -21.3546
v 10.7528 -46.6782 -22.2346
v 11.0650 -46.4532 -22.2246
v 10.7098 -47.4982 -21.0846
v 10.3928 -47.8152 -21.0746
v 10.9472 -48.7012 -21.4246
v 10.9935 -47.8172 -20.9846
v 11.8765 -48.1652 -20.9646
v 11.3086 -47.5382 -20.8446
v 11.0251 -47.2152 -21.0546
v 11.5373 -47.2522 -20.7545
v 11.3402 -46.9352 -20.9446
v 11.3614 -46.5302 -21.3246
v 11.6080 -47.5572 -20.7545
v 11.9231 -47.2752 -20.6746
v 11.6394 -46.9572 -20.7746
v 11.6555 -46.6512 -20.9546
v 12.1915 -47.8872 -20.7946
v 11.9389 -46.9742 -20.7246
v 11.9549 -46.6692 -20.8845
v 12.5224 -47.3062 -20.7146
v 12.8379 -47.0162 -20.8546
v 10.5453 -44.9052 -32.0846
v 12.9442 -44.9882 -32.0746
v 10.5576 -44.6702 -24.3645
v 10.5738 -44.3622 -24.6046
v 10.6787 -43.7692 -24.5346
v 10.8571 -44.6882 -23.9646
v 11.1877 -44.1122 -24.0746
v 10.4761 -46.2262 -22.7346
v 10.4921 -45.9202 -22.8945
v 10.4662 -45.3012 -23.3845
v 10.7665 -46.4162 -22.5246
v 11.0473 -46.2632 -22.5246
v 11.0946 -45.8882 -22.8046
v 11.1354 -45.1092 -23.3845
v 11.6991 -45.8192 -22.2046
v 11.7540 -44.7712 -23.2645
v 11.7411 -44.1562 -23.6445
v 12.0367 -45.1082 -22.6546
v 12.3682 -44.5162 -22.9046
v 12.3521 -44.8232 -22.6746
v 12.3033 -45.7542 -21.7846
v 11.6718 -46.3392 -21.3046
v 11.9712 -46.3592 -21.1646
v 12.2707 -46.3762 -21.1445
v 12.4801 -42.3802 -35.5946
v 10.4837 -41.6462 -24.7645
v 11.0162 -41.6532 -23.5646
v 10.6434 -41.3752 -24.1546
v 10.7910 -41.6942 -23.8645
v 11.2346 -43.2162 -23.9746
v 11.5183 -43.5352 -23.8845
v 11.8333 -43.2572 -23.7046
v 11.5650 -42.6452 -23.6245
v 11.3431 -41.1462 -23.1646
v 11.9265 -41.4782 -23.1345
v 12.1170 -43.5772 -23.5846
v 12.4635 -42.6962 -23.4846
v 12.4162 -43.5992 -23.3945
v 12.7474 -43.0122 -23.4846
v 12.5076 -41.8552 -23.2645
v 10.2172 -41.2692 -26.5546
v 10.8571 -40.7022 -26.5246
v 10.8368 -40.3802 -27.1145
v 11.1468 -39.1602 -28.1046
v 11.5512 -39.8172 -27.0946
v 11.1025 -40.0062 -27.4046
v 11.3395 -39.8272 -26.4945
v 11.0829 -40.4242 -26.2146
v 11.7295 -39.5052 -27.6946
v 11.7383 -39.3382 -27.9846
v 11.7287 -39.5222 -27.2146
v 11.7371 -39.2262 -27.0746
v 11.9436 -39.2272 -27.3745
v 12.3583 -38.9722 -27.9646
v 10.4278 -40.4742 -23.8246
v 10.4948 -40.1372 -24.9646
v 10.6275 -41.0532 -24.7445
v 10.6894 -41.0362 -25.3446
v 10.5537 -40.7602 -24.4346
v 10.6820 -41.0882 -23.8446
v 10.6999 -40.7472 -25.0346
v 11.0959 -40.1312 -26.0346
v 10.5583 -40.4912 -23.5246
v 10.8616 -40.5182 -23.2246
v 10.7602 -40.8042 -23.4846
v 11.0593 -40.8302 -23.1946
v 11.3743 -40.5522 -23.0045
v 12.0047 -39.9872 -22.9146
v 11.9578 -40.8832 -23.0246
v 12.5415 -41.2092 -23.1546
v 13.8340 -39.4742 -23.1345
v 11.4029 -37.0442 -28.8046
v 12.2048 -36.1702 -29.2346
v 12.1397 -38.5842 -28.8546
v 12.4101 -37.9832 -29.2445
v 12.6716 -38.7272 -28.8546
v 13.6093 -38.0302 -29.7246
v 13.9120 -37.1342 -30.0045
v 11.4916 -38.3132 -27.0446
v 10.8790 -38.5382 -28.2746
v 12.0757 -38.6312 -27.4046
v 13.0591 -37.0652 -26.9945
v 12.9723 -38.7202 -28.5546
v 12.6779 -38.6052 -27.9546
v 12.9914 -38.3572 -28.0346
v 10.9172 -34.5922 -38.0246
v 11.4260 -33.8322 -39.4945
v 12.0255 -33.8582 -38.5946
v 11.4196 -33.9552 -36.7946
v 11.4068 -34.1992 -37.7046
v 12.9039 -34.2932 -34.7046
v 13.1985 -34.4042 -35.6145
v 12.0170 -34.0202 -33.7946
v 11.9369 -35.5492 -29.3945
v 12.5206 -35.8762 -29.5145
v 12.5367 -35.5692 -29.7246
v 12.8045 -36.1902 -29.5346
v 12.8205 -35.8862 -29.6846
v 11.3457 -35.3652 -25.1646
v 11.6499 -35.2922 -24.5346
v 12.8104 -36.0772 -25.4646
v 13.4012 -36.2702 -24.8645
v 13.9745 -36.7952 -24.2846
v 11.5865 -30.7702 -45.1846
v 13.4006 -30.5482 -45.6546
v 13.8107 -32.2162 -41.5346
v 12.0508 -33.3752 -40.0846
v 14.1952 -32.5822 -41.2445
v 12.0293 -33.7852 -39.1946
v 12.9533 -33.3522 -38.8745
v 12.6422 -33.5542 -37.9846
v 12.6541 -33.3272 -40.0746
v 12.9554 -33.3112 -39.7746
v 13.5692 -33.0632 -39.4646
v 11.4287 -33.7812 -35.5946
v 12.0325 -33.7252 -36.4945
v 12.0270 -33.8302 -35.7046
v 12.9413 -33.5812 -37.6846
v 13.2092 -34.2002 -33.8046
v 14.1094 -34.2202 -33.5045
v 11.6024 -30.4672 -45.2746
v 11.9178 -30.1812 -45.3146
v 11.6425 -29.7012 -44.7545
v 12.0012 -28.5882 -43.5145
v 12.5476 -29.6272 -44.9146
v 13.4163 -30.2492 -45.6345
v 12.1957 -30.6102 -42.0846
v 12.5589 -29.4122 -42.4945
v 12.3140 -28.3532 -43.2046
v 12.6088 -28.4612 -43.5145
v 12.3072 -28.4842 -42.8745
v 13.8167 -28.3412 -43.5045
v 14.0946 -28.7712 -44.1145
v 13.8146 -28.3802 -43.2046
v 15.4840 -48.1172 -26.1746
v 14.4986 -49.7232 -22.0346
v 13.9121 -49.4502 -21.6546
v 14.2731 -48.2932 -20.8845
v 13.0747 -48.2302 -20.8845
v 13.1057 -47.6392 -20.6546
v 13.1215 -47.3382 -20.6946
v 13.4322 -47.1412 -20.7445
v 13.4462 -46.8752 -21.0346
v 13.1538 -46.7222 -21.1646
v 13.7047 -47.6752 -20.5246
v 13.6703 -47.3752 -20.4546
v 14.0197 -47.3952 -20.3845
v 13.7364 -47.0702 -20.6646
v 13.7475 -46.8582 -21.0346
v 14.8263 -49.2012 -21.5346
v 13.9631 -47.0902 -20.4446
v 14.3870 -46.8012 -20.7346
v 14.3349 -47.1132 -20.3346
v 14.3692 -46.4592 -21.9146
v 15.4717 -48.3512 -21.0246
v 14.6345 -47.1292 -20.3146
v 12.5945 -45.9302 -21.6046
v 12.6515 -44.8422 -22.5946
v 12.6676 -44.5342 -22.8246
v 12.8864 -46.0932 -21.5646
v 13.2671 -44.5602 -22.9746
v 13.3149 -43.6482 -23.3346
v 13.8509 -44.8842 -23.1746
v 13.7778 -46.2802 -21.9146
v 13.5829 -44.2652 -23.2846
v 14.1671 -44.5842 -23.6445
v 14.4512 -44.8952 -23.7746
v 14.7673 -44.5962 -24.2046
v 13.9305 -43.3662 -23.7346
v 14.7351 -45.2102 -23.7645
v 14.7513 -44.9012 -24.0446
v 14.6555 -46.7292 -20.7246
v 19.1468 -41.2802 -37.9446
v 14.7989 -43.9932 -24.2846
v 14.8616 -42.7952 -24.2545
v 15.0829 -44.3052 -24.4046
v 14.0715 -42.1662 -23.8745
v 13.4720 -40.6492 -23.3745
v 14.9081 -41.9082 -23.9146
v 12.7315 -43.3152 -23.4046
v 13.0784 -42.4272 -23.5145
v 13.0470 -43.0282 -23.4846
v 13.6623 -42.7522 -23.6946
v 14.3555 -40.9892 -23.5746
v 15.0170 -39.8302 -23.3146
v 15.5536 -41.0562 -23.4446
v 14.4648 -38.9032 -23.2146
v 13.2935 -38.3252 -29.4046
v 13.5806 -38.5782 -28.8546
v 13.2808 -38.5652 -29.1546
v 13.5888 -38.4212 -29.4446
v 13.8795 -38.6062 -29.1546
v 13.5872 -38.4522 -28.5446
v 14.1862 -38.4872 -28.8446
v 14.2091 -38.0492 -30.0646
v 14.1856 -38.4982 -29.7445
v 13.6064 -38.0862 -28.1145
v 15.4046 -38.1682 -28.5346
v 14.5566 -37.1522 -30.4646
v 14.4196 -36.2282 -30.8745
v 13.7044 -36.2162 -30.1546
v 15.0688 -38.8422 -30.3546
v 15.0232 -37.1612 -30.9046
v 15.0641 -38.9322 -30.0646
v 15.3750 -38.7332 -29.4546
v 15.0358 -38.3732 -30.6445
v 13.3711 -36.8432 -26.6946
v 16.0118 -38.0462 -28.2246
v 14.2766 -36.7622 -26.0846
v 15.4432 -37.4302 -26.7046
v 14.5751 -36.7982 -25.4846
v 15.0802 -38.6252 -23.4846
v 15.9003 -40.1732 -23.4446
v 16.4727 -34.9842 -43.7545
v 14.0886 -34.6162 -36.5145
v 14.1089 -34.2292 -37.4046
v 13.5254 -33.8992 -37.3945
v 15.0721 -34.8522 -36.8246
v 15.2636 -35.1252 -36.2346
v 14.6707 -34.9742 -35.6245
v 15.5655 -35.0962 -36.8346
v 16.1519 -35.3732 -36.2445
v 15.2640 -35.1172 -35.6345
v 15.6149 -34.1552 -38.3046
v 14.6959 -34.4932 -34.1145
v 14.6760 -34.8732 -35.0246
v 14.7019 -34.3782 -33.5045
v 14.9962 -34.4952 -33.8146
v 15.5799 -34.8232 -34.7246
v 15.3053 -34.6792 -33.5145
v 14.6962 -34.4882 -32.9146
v 14.9857 -34.6952 -32.9146
v 14.3860 -34.6752 -32.2746
v 13.7205 -35.9082 -30.3945
v 14.9699 -34.9972 -32.5346
v 14.7185 -34.6802 -32.6145
v 14.1105 -34.1992 -32.9046
v 14.3983 -34.4402 -32.6046
v 15.8544 -35.3172 -33.3046
v 15.5664 -37.7202 -24.3146
v 14.9598 -37.0672 -24.8945
v 16.1961 -37.7222 -25.2146
v 14.8512 -31.5302 -45.5446
v 14.1767 -32.9352 -39.4646
v 15.4064 -32.4012 -41.5446
v 14.8289 -31.9552 -41.9246
v 15.0897 -32.7122 -40.3546
v 15.7761 -31.0792 -42.6145
v 13.2565 -33.2982 -38.5746
v 13.5449 -33.5262 -38.0646
v 14.7717 -33.0462 -39.4646
v 14.2996 -30.5902 -45.7946
v 14.3152 -30.2932 -45.7246
v 14.0366 -29.8782 -45.3546
v 16.6329 -31.9262 -45.4746
v 16.3335 -31.9072 -45.5546
v 14.3890 -28.8842 -43.1345
v 14.3758 -29.1372 -44.4846
v 14.9567 -29.5172 -43.0846
v 14.6093 -29.7412 -44.7545
v 15.8239 -30.1662 -43.0145
v 14.9665 -29.3302 -43.5346
v 14.5840 -28.8812 -43.5246
v 14.6805 -29.0552 -43.2246
v 14.1155 -28.3712 -43.5045
v 14.4085 -28.5122 -43.5045
v 15.4084 -49.5582 -22.3246
v 15.4207 -49.3252 -21.7146
v 14.8111 -49.4932 -21.7746
v 15.7102 -49.5332 -21.9646
v 17.2114 -49.5482 -21.4246
v 16.6167 -49.4332 -21.4246
v 15.5490 -46.8762 -20.3346
v 14.9498 -46.8452 -20.3346
v 15.5334 -47.1732 -20.4046
v 16.7215 -48.1352 -20.4746
v 16.4318 -47.2292 -20.1746
v 15.8485 -46.8942 -20.2846
v 16.4473 -46.9312 -20.1046
v 16.7310 -47.2512 -19.9945
v 16.7467 -46.9522 -19.9546
v 17.6112 -47.6522 -19.2545
v 17.0457 -46.9782 -19.6746
v 15.0380 -45.1612 -23.9746
v 15.0511 -44.9122 -24.1946
v 15.0671 -44.6062 -24.3546
v 15.3507 -44.9282 -24.1846
v 15.3667 -44.6232 -24.3346
v 15.3825 -44.3202 -24.4046
v 15.6660 -44.6432 -24.2046
v 15.6501 -44.9472 -24.0746
v 15.9493 -44.9702 -23.8645
v 17.4092 -43.5632 -23.3146
v 15.3015 -45.8662 -23.0646
v 15.0125 -45.6492 -23.3945
v 15.3116 -45.6742 -23.3945
v 15.3224 -45.4672 -23.6846
v 15.6136 -45.6432 -23.3945
v 15.6257 -45.4132 -23.6846
v 16.1903 -46.1052 -22.2046
v 17.9885 -46.1852 -21.0045
v 17.4927 -44.1812 -22.9646
v 14.9553 -46.7412 -20.4246
v 15.4905 -46.5592 -20.7246
v 15.9993 -46.5962 -20.4246
v 15.8758 -46.3732 -21.3146
v 16.9732 -46.3152 -21.3146
v 17.0624 -46.6602 -20.1846
v 15.1300 -43.4072 -24.3745
v 15.1613 -42.8102 -24.2846
v 15.1768 -42.5142 -24.1946
v 15.4296 -43.4222 -24.3645
v 15.4608 -42.8272 -24.2346
v 16.1060 -41.9812 -23.6345
v 15.6976 -44.0402 -24.2946
v 15.7290 -43.4412 -24.2746
v 16.3588 -42.8882 -23.8446
v 16.6425 -43.2072 -23.7545
v 16.9888 -42.3312 -23.5246
v 17.5563 -42.9672 -23.3845
v 17.4275 -39.6932 -31.5846
v 16.2295 -39.6242 -31.0246
v 16.5289 -39.6422 -30.9646
v 15.9357 -39.4982 -30.9846
v 17.1063 -39.3302 -32.1746
v 17.1348 -39.5462 -31.8845
v 17.4333 -39.5832 -30.9846
v 17.4471 -39.3192 -32.9846
v 17.0335 -39.0152 -32.4646
v 17.7293 -39.6672 -32.7846
v 17.5985 -39.6562 -32.1846
v 18.0305 -39.6522 -30.9846
v 16.2344 -39.5312 -30.6846
v 17.1490 -39.2752 -30.3745
v 15.8688 -40.7732 -23.4146
v 16.4211 -41.7002 -23.5246
v 16.4525 -41.1022 -23.5045
v 16.7996 -40.2102 -23.7246
v 17.3514 -41.1452 -23.6145
v 17.0202 -41.7322 -23.5045
v 18.4865 -42.4152 -23.3745
v 19.0401 -37.5842 -41.9945
v 17.6759 -39.2962 -33.9746
v 17.6828 -38.9862 -34.2645
v 16.8909 -38.4672 -32.7445
v 16.6263 -37.4722 -33.0145
v 17.8285 -37.7732 -34.7846
v 16.1385 -35.6272 -33.4446
v 16.0256 -37.7822 -31.8146
v 15.5797 -38.9912 -30.9646
v 16.5392 -39.0102 -31.8645
v 16.6508 -38.7052 -32.1546
v 16.8364 -39.0152 -32.1646
v 16.2805 -38.6512 -29.4546
v 16.5885 -38.5062 -29.1445
v 16.9041 -38.2162 -27.9346
v 17.1804 -38.6762 -29.1445
v 16.9092 -38.1202 -27.3246
v 16.6192 -37.9202 -26.4246
v 17.2037 -38.2312 -26.7346
v 17.2031 -38.2432 -26.1345
v 17.4920 -38.4632 -27.6445
v 17.7484 -38.6722 -26.1445
v 15.7402 -37.4952 -24.9046
v 17.4337 -39.5762 -24.0746
v 17.4686 -38.9092 -24.6546
v 16.3210 -37.8772 -24.9246
v 17.2334 -38.3662 -25.5346
v 19.1427 -35.6262 -43.7445
v 15.8795 -34.8372 -37.7246
v 16.2109 -34.2472 -38.6345
v 16.7627 -35.1822 -38.5246
v 17.0373 -35.6742 -38.3546
v 17.0949 -34.5752 -39.1846
v 17.4269 -33.9722 -39.7246
v 17.0269 -35.8732 -37.7545
v 17.6257 -35.9112 -38.3546
v 17.9439 -35.5722 -39.5446
v 17.9636 -35.1952 -39.9446
v 16.4565 -35.2922 -35.6345
v 17.6185 -36.0482 -36.8645
v 17.3213 -35.9882 -37.4646
v 18.2199 -36.0392 -37.7645
v 15.5682 -35.0452 -35.3246
v 15.8777 -34.8732 -34.4246
v 15.7178 -35.0012 -33.5246
v 16.1653 -35.1162 -34.1345
v 16.1548 -35.3162 -33.7645
v 18.4615 -37.1602 -36.0746
v 16.7526 -35.3752 -35.3346
v 18.2831 -36.5322 -36.5746
v 17.7678 -33.1992 -45.1445
v 17.3393 -32.2752 -45.1345
v 17.2813 -31.0192 -43.2946
v 18.7300 -32.0362 -42.7246
v 16.2626 -32.6452 -41.5446
v 16.3110 -32.3362 -41.8645
v 17.5258 -32.0862 -42.2445
v 15.9612 -33.2792 -40.1746
v 17.0437 -32.6862 -41.5446
v 16.8718 -33.1002 -40.6646
v 18.4249 -32.1272 -42.4146
v 17.4855 -32.8542 -40.9546
v 17.8017 -32.5532 -41.8446
v 16.8461 -33.5902 -39.7746
v 17.8031 -33.0572 -40.6546
v 17.7922 -32.7342 -41.2946
v 17.7853 -32.8652 -40.9546
v 18.3598 -32.7442 -41.8446
v 16.6526 -30.5012 -43.2746
v 17.2314 -30.8422 -42.9846
v 17.2180 -49.4232 -21.1145
v 17.2310 -49.1762 -20.8146
v 17.8124 -49.5462 -20.5246
v 19.0049 -49.7192 -19.6245
v 18.9431 -49.4942 -19.3146
v 20.2064 -49.7242 -19.0246
v 23.9223 -47.6062 -24.0446
v 17.8681 -47.3472 -18.9446
v 17.7313 -48.8092 -19.8945
v 17.9437 -47.0412 -19.2246
v 18.4486 -48.8702 -19.2445
v 18.5101 -47.6972 -18.4846
v 19.3626 -48.6262 -18.3845
v 19.0558 -47.4412 -18.0446
v 18.5384 -47.1562 -18.6345
v 19.4078 -47.7652 -17.8945
v 19.4387 -47.1742 -18.0346
v 18.2634 -46.6712 -20.1245
v 19.2083 -45.8392 -21.1046
v 19.4807 -46.3732 -20.4046
v 20.0766 -46.4672 -19.8046
v 18.4227 -43.6322 -22.8446
v 27.8017 -42.3682 -36.4646
v 18.1552 -43.0042 -23.2146
v 17.8874 -42.3832 -23.3945
v 19.6205 -43.7062 -22.5346
v 19.0377 -43.3632 -22.8845
v 19.0537 -43.0562 -23.0746
v 19.3489 -43.1572 -22.9945
v 19.3694 -42.7652 -23.2846
v 19.4014 -42.1552 -23.5846
v 19.9311 -43.5122 -22.7046
v 20.5704 -42.7772 -23.5846
v 21.3255 -39.8342 -39.9846
v 18.0257 -39.7442 -33.9846
v 17.8048 -39.6142 -33.6846
v 18.0200 -39.8532 -33.6946
v 18.0179 -39.8912 -33.3945
v 18.3491 -39.3042 -34.7545
v 17.8310 -39.2942 -34.2746
v 18.3241 -39.7822 -34.2846
v 18.3164 -39.9282 -34.0646
v 18.3115 -40.0232 -33.6946
v 18.6163 -39.9392 -34.2046
v 18.6130 -40.0012 -33.6946
v 18.6301 -39.6752 -34.5846
v 19.2379 -39.5422 -34.8745
v 19.8250 -39.8042 -34.2846
v 18.9245 -39.7902 -33.0846
v 19.5274 -39.7502 -34.5846
v 20.4338 -39.6512 -34.8845
v 18.0254 -39.7482 -31.5846
v 18.0218 -39.8192 -32.7846
v 18.3180 -39.8992 -33.0946
v 18.3213 -39.8342 -32.7846
v 18.6182 -39.9022 -31.2946
v 19.8801 -40.0542 -32.7946
v 19.1997 -40.2712 -31.3046
v 18.9064 -40.1342 -30.9945
v 19.1933 -40.3932 -31.0045
v 19.7712 -40.8312 -31.3246
v 19.4882 -40.6972 -31.0145
v 19.7672 -40.9072 -31.0246
v 18.6151 -39.9622 -30.3945
v 18.6147 -39.9692 -29.7946
v 18.9147 -39.9772 -29.1946
v 18.9385 -39.5232 -27.9746
v 19.7672 -40.9082 -30.7246
v 20.0742 -40.7802 -30.1145
v 20.9829 -40.6382 -29.5145
v 19.0697 -39.9322 -26.4846
v 18.9391 -39.5112 -27.3745
v 18.0556 -39.1722 -25.2645
v 19.5195 -40.5662 -26.2046
v 19.7801 -40.6612 -26.5145
v 20.0797 -40.6762 -26.8146
v 20.4075 -40.1542 -27.9945
v 18.2824 -40.5782 -24.0246
v 18.6540 -40.2842 -24.3945
v 19.1946 -40.3672 -25.3046
v 20.0567 -41.1152 -24.4246
v 19.9856 -41.5752 -23.8446
v 20.0487 -41.2682 -24.1245
v 19.3460 -37.4792 -36.8745
v 19.0782 -36.8572 -37.0746
v 18.9623 -38.7112 -35.4546
v 20.5429 -36.8982 -38.0846
v 19.9011 -38.3512 -36.3346
v 19.9297 -37.8072 -36.9646
v 18.0652 -38.9902 -34.7146
v 18.4130 -38.0862 -35.3246
v 19.2179 -34.1912 -44.7645
v 20.3843 -34.8652 -44.4246
v 20.6194 -36.1102 -43.5346
v 20.6678 -35.1872 -44.2246
v 18.8794 -34.9182 -40.6445
v 18.8905 -34.3052 -41.0045
v 18.2797 -34.8972 -40.3546
v 19.2003 -34.5272 -41.0045
v 20.9493 -35.5482 -40.4446
v 20.9771 -35.0172 -40.9546
v 19.8268 -34.0372 -41.4746
v 17.9743 -34.5892 -40.1145
v 18.0270 -33.9872 -40.2046
v 18.2472 -35.5162 -39.8446
v 18.2339 -35.7712 -39.2545
v 18.2637 -35.2032 -40.1746
v 18.5436 -35.5932 -39.8446
v 19.4436 -35.6172 -39.8446
v 18.5542 -35.3912 -40.1345
v 19.4316 -35.8472 -38.3546
v 19.7374 -35.7432 -38.9446
v 20.0214 -36.0562 -38.3546
v 19.4118 -36.2232 -37.7645
v 20.0103 -36.2672 -38.1345
v 20.0293 -35.9052 -38.6546
v 18.5049 -36.3332 -37.1746
v 18.8203 -36.0472 -37.7545
v 18.0877 -32.8292 -41.2545
v 18.0589 -33.3772 -40.5045
v 18.4749 -33.9932 -40.6946
v 18.5162 -33.3852 -40.9646
v 18.6759 -33.0692 -41.6445
v 18.9436 -33.6942 -41.3546
v 18.9580 -33.4182 -41.5746
v 18.9532 -33.0762 -41.8546
v 19.2463 -33.6492 -41.5746
v 20.7795 -33.7722 -41.8745
v 21.0381 -33.8522 -42.1846
v 19.6074 -49.6872 -19.0246
v 20.8066 -49.7342 -18.4246
v 20.6189 -49.3242 -18.1046
v 21.3528 -49.6632 -18.1145
v 21.4117 -49.6532 -18.4146
v 21.5608 -49.6742 -18.1145
v 19.9294 -49.2762 -18.4446
v 20.2594 -48.7112 -17.9046
v 20.2508 -47.8242 -17.4546
v 20.0791 -47.5152 -17.4446
v 20.2766 -47.2252 -17.4346
v 20.8581 -48.7522 -17.6345
v 22.0329 -49.2642 -19.6046
v 21.7256 -49.3962 -17.6946
v 21.2038 -47.8882 -17.0646
v 21.5342 -47.3152 -16.7445
v 22.0151 -49.6042 -17.8146
v 19.8418 -44.9542 -21.5546
v 21.3804 -44.5192 -22.1445
v 21.3674 -44.7662 -21.2445
v 21.9638 -44.8502 -22.1546
v 19.7946 -46.1162 -20.6946
v 19.8234 -45.5672 -21.1946
v 20.0932 -46.1512 -20.3945
v 20.7530 -45.0262 -20.8745
v 20.4780 -44.5402 -21.5446
v 21.0619 -44.8632 -20.9546
v 20.7887 -44.3442 -21.8346
v 21.3220 -45.6332 -19.4746
v 21.9264 -45.5642 -18.8745
v 22.5494 -45.1412 -21.5646
v 21.8727 -46.7192 -17.1145
v 22.4641 -46.7682 -16.6046
v 21.8831 -46.3902 -17.9446
v 21.8494 -47.0342 -16.6746
v 21.9561 -42.4952 -26.2746
v 22.3082 -41.8922 -26.8546
v 21.2569 -41.8582 -26.2545
v 22.0375 -43.4442 -23.9046
v 20.7740 -41.9062 -24.1546
v 22.0521 -43.1652 -24.4546
v 20.9384 -41.9052 -24.4546
v 21.3474 -42.1842 -25.6646
v 22.0558 -43.0952 -24.7946
v 22.3550 -43.1192 -26.2246
v 19.9526 -43.1012 -23.1445
v 20.8390 -43.3842 -23.3046
v 20.5219 -43.7022 -22.7146
v 21.6948 -44.2512 -23.0346
v 21.6766 -44.5992 -22.4446
v 21.9250 -44.7322 -22.4446
v 22.2647 -44.8412 -22.4546
v 21.9772 -44.5952 -22.7445
v 25.7757 -40.9022 -38.8146
v 20.1278 -39.7582 -34.5846
v 21.2878 -40.0762 -34.2946
v 21.6256 -39.8402 -34.8845
v 22.1984 -40.3742 -34.3046
v 21.2719 -40.8572 -32.8246
v 23.4434 -39.5482 -35.7746
v 20.0644 -40.9682 -31.3246
v 21.5655 -40.9862 -32.5246
v 20.0636 -40.9842 -30.7246
v 21.2634 -41.0192 -30.7246
v 21.2682 -40.9272 -30.1245
v 22.1517 -41.2662 -31.0346
v 23.9304 -41.7192 -30.1445
v 20.3582 -41.0952 -26.5246
v 20.6738 -40.8042 -27.1145
v 22.7523 -41.2702 -28.3246
v 22.1572 -41.1612 -27.7246
v 22.4360 -41.5722 -27.1345
v 20.5870 -36.7292 -42.9945
v 21.0014 -36.4442 -43.1746
v 22.3523 -37.4382 -42.5446
v 21.7075 -38.2762 -41.7346
v 22.5179 -37.1452 -42.5946
v 20.8524 -37.3962 -37.8046
v 21.7445 -37.5712 -37.8246
v 21.1722 -37.0262 -38.3945
v 21.6768 -38.8632 -36.0546
v 20.2234 -37.9342 -36.9246
v 20.9673 -35.2042 -44.2046
v 20.9170 -36.1642 -43.4646
v 20.8704 -34.9042 -44.0246
v 21.2240 -36.0382 -43.1546
v 21.4303 -36.1762 -42.8645
v 21.2505 -35.5322 -43.8146
v 21.2838 -34.8982 -43.4146
v 21.2341 -35.8442 -43.4646
v 21.4113 -35.5542 -43.4446
v 21.9695 -35.0252 -42.2246
v 21.5649 -35.2652 -43.3346
v 21.5776 -35.0232 -43.1245
v 21.5470 -35.6072 -40.4446
v 21.8940 -34.7192 -42.2545
v 22.1951 -34.7042 -41.3046
v 21.6132 -34.3442 -41.5946
v 22.1697 -35.1902 -41.9246
v 23.0742 -35.1272 -40.9646
v 21.6196 -34.2222 -41.8945
v 21.9084 -34.4442 -41.5546
v 20.3104 -36.2742 -38.3945
v 20.6297 -35.9132 -39.8546
v 20.9034 -36.4232 -38.9646
v 21.2025 -36.4472 -39.2746
v 21.2220 -36.0762 -39.8546
v 24.7632 -48.7572 -18.9846
v 23.8448 -49.0852 -18.6946
v 22.0145 -49.6152 -18.1145
v 22.3861 -48.2572 -16.8745
v 22.8395 -49.4512 -17.8046
v 22.6547 -48.8642 -17.1245
v 22.9389 -49.1742 -17.2846
v 22.6841 -48.3032 -16.8645
v 22.9699 -48.5822 -17.0746
v 22.7412 -47.2132 -16.5246
v 23.5371 -49.2232 -17.7946
v 23.2983 -49.1852 -17.4945
v 24.2981 -48.6162 -18.0746
v 22.4326 -47.3712 -16.5145
v 25.8700 -44.8352 -32.0446
v 22.2583 -44.9642 -22.1546
v 22.8560 -45.0232 -22.1546
v 23.7366 -45.4172 -20.6646
v 24.3424 -45.3212 -20.9646
v 25.8581 -45.0622 -21.2545
v 22.8455 -45.2242 -19.7645
v 22.8417 -45.2962 -19.1646
v 23.7265 -45.6102 -19.1746
v 23.1378 -45.3772 -19.1646
v 24.3160 -45.8262 -18.5746
v 22.2107 -45.8722 -18.2846
v 22.7767 -46.5352 -16.8046
v 22.5306 -45.4992 -18.5946
v 22.7974 -46.1402 -17.8546
v 22.8199 -45.7112 -18.2746
v 23.1344 -45.4442 -18.8645
v 23.7096 -45.9312 -18.2846
v 24.0062 -46.0042 -17.9846
v 23.3886 -46.3242 -17.0946
v 22.7623 -46.8122 -16.5145
v 23.6791 -46.5132 -17.1145
v 23.3634 -46.8052 -16.8845
v 23.7227 -45.6812 -18.8745
v 23.9953 -46.2132 -17.5646
v 25.5270 -45.6482 -18.8346
v 22.4481 -47.0732 -16.4446
v 22.3711 -42.8112 -26.4746
v 22.3871 -42.5062 -26.6145
v 22.6551 -43.1242 -26.5246
v 22.6417 -43.3802 -26.3046
v 22.6711 -42.8202 -26.6646
v 22.7028 -42.2142 -26.8346
v 23.2546 -43.1502 -26.6946
v 23.2705 -42.8462 -26.7946
v 23.5290 -43.6452 -26.3046
v 23.3182 -41.9372 -27.1046
v 25.0680 -42.9402 -26.8046
v 22.6311 -43.5822 -24.2046
v 22.6932 -43.8292 -23.6145
v 22.3408 -43.3892 -25.4046
v 22.3414 -43.3772 -24.8046
v 22.6334 -43.5382 -26.0045
v 22.9223 -43.7572 -25.4146
v 22.9261 -43.6852 -26.0145
v 23.5211 -43.7972 -24.5145
v 23.5154 -43.9062 -25.4146
v 23.5209 -43.8012 -26.0145
v 23.5224 -43.7712 -23.9146
v 25.3248 -43.7732 -26.0145
v 24.7191 -43.8662 -23.9146
v 22.2876 -44.4042 -23.0346
v 25.6014 -44.2282 -22.4246
v 25.9081 -44.1072 -22.7146
v 25.8492 -39.4992 -40.4346
v 22.4770 -40.7912 -33.4146
v 24.0201 -40.0072 -35.1846
v 24.9109 -40.2062 -34.5946
v 23.6777 -40.8082 -33.1145
v 24.9199 -40.0352 -35.1846
v 24.9450 -39.5552 -36.0646
v 23.6425 -41.4802 -32.0446
v 22.4696 -41.1222 -31.9246
v 23.0336 -41.6352 -31.3446
v 23.3265 -41.7782 -31.0446
v 23.9297 -41.7322 -31.6445
v 23.9246 -41.8292 -31.0946
v 23.3281 -41.7462 -30.7445
v 23.9304 -41.7192 -28.9446
v 24.8170 -41.9992 -29.2545
v 23.9359 -41.6132 -28.3346
v 24.5237 -41.8632 -30.1445
v 23.3413 -41.4952 -27.7346
v 24.5326 -41.6932 -28.0446
v 28.0430 -42.4722 -27.4646
v 25.7223 -41.9202 -27.7445
v 23.2348 -37.7952 -42.2645
v 23.7909 -38.6492 -41.4446
v 22.9668 -37.1772 -42.3446
v 22.7168 -36.5652 -42.2746
v 24.4005 -38.4822 -41.5646
v 23.7161 -37.8292 -42.0145
v 23.8489 -37.5412 -41.8446
v 24.4162 -38.1812 -41.5946
v 24.4908 -37.0002 -41.0846
v 23.2079 -38.3092 -37.5346
v 24.1138 -38.2192 -37.8246
v 24.0783 -38.8962 -36.9446
v 24.9755 -38.9732 -36.9746
v 23.3278 -36.0202 -41.5846
v 22.8777 -35.1042 -41.3246
v 23.3687 -35.2412 -41.0246
v 23.5953 -36.6482 -41.6746
v 23.9671 -36.0722 -41.0546
v 26.5917 -38.3642 -39.6245
v 24.2660 -35.8082 -40.4446
v 24.2214 -36.1672 -39.8546
v 25.6804 -36.9872 -39.2846
v 26.8351 -37.8842 -38.7046
v 29.0889 -46.4682 -24.2946
v 26.4276 -47.7642 -19.8446
v 24.8617 -48.6252 -18.6746
v 26.8987 -47.7682 -20.4446
v 27.5874 -45.0252 -31.1546
v 25.5343 -45.5082 -19.1646
v 26.8237 -45.0622 -20.3446
v 26.4430 -45.3662 -19.6746
v 27.3885 -44.7602 -21.2346
v 25.5109 -45.9542 -18.6445
v 26.7430 -45.3732 -19.9146
v 25.8269 -45.6562 -19.0446
v 28.9828 -42.7612 -35.5746
v 25.9807 -43.2962 -26.5946
v 26.8400 -43.5232 -26.2946
v 27.4679 -43.0062 -26.8845
v 25.4008 -42.3222 -27.1646
v 27.7535 -43.2882 -26.5846
v 26.2121 -44.0392 -25.1145
v 25.6106 -44.0522 -24.5145
v 25.9122 -44.0292 -23.6145
v 26.8020 -44.2472 -24.2246
v 26.4735 -44.7832 -21.5446
v 27.6869 -44.5602 -21.8346
v 27.2923 -40.6242 -39.1046
v 27.0454 -39.6032 -39.6646
v 27.6131 -40.2362 -39.1946
v 25.5163 -40.1182 -35.1846
v 26.4358 -39.7702 -35.7746
v 25.4991 -40.4482 -34.5946
v 25.7792 -40.8352 -34.0145
v 26.6967 -40.5252 -34.5946
v 27.2363 -41.6932 -31.9346
v 26.6318 -41.7642 -31.0446
v 25.4250 -41.8612 -30.7445
v 25.1134 -42.0742 -29.5546
v 26.8974 -42.4272 -29.2645
v 25.7209 -41.9482 -30.4446
v 25.7110 -42.1362 -28.9546
v 27.1951 -42.4792 -29.5646
v 27.2011 -42.3642 -28.9546
v 27.5133 -42.1392 -28.3546
v 27.3886 -38.7872 -37.2346
v 27.2273 -47.5982 -21.0346
v 27.6174 -47.1842 -21.0246
v 28.3824 -44.4242 -32.3346
v 30.6991 -44.4062 -31.4246
v 30.0105 -46.0792 -25.7846
v 28.1542 -47.1072 -22.2146
v 27.8480 -47.2172 -21.3246
v 28.1585 -47.0252 -21.9146
v 27.8653 -46.8872 -21.2846
v 27.8602 -45.6852 -21.2645
v 28.4632 -46.8862 -22.2146
v 28.5770 -44.7712 -22.6946
v 27.4348 -45.3842 -20.6546
v 27.7465 -45.0792 -21.2445
v 28.7360 -41.7382 -37.3346
v 29.0169 -42.2092 -36.4546
v 29.4044 -42.5502 -35.8645
v 29.5868 -42.6992 -35.5746
v 27.7950 -42.4972 -29.2645
v 27.8042 -42.3212 -30.1546
v 27.7955 -42.4872 -29.5646
v 28.0983 -42.4422 -29.5646
v 28.0992 -42.4252 -28.9046
v 28.6978 -42.4672 -28.6646
v 28.3573 -43.2312 -26.5846
v 28.0640 -43.0962 -26.8546
v 28.6798 -42.8102 -27.3546
v 28.6964 -42.4932 -28.0646
v 28.1058 -42.2992 -27.7545
v 28.6920 -42.5782 -27.7645
v 28.1093 -42.2322 -28.0546
v 29.2825 -42.7742 -27.4646
v 28.9864 -42.6922 -27.7645
v 28.9949 -42.5312 -28.3645
v 28.9914 -42.5972 -28.0646
v 29.2927 -42.5802 -28.0646
v 27.3974 -44.3512 -23.3246
v 28.3115 -44.1052 -23.0145
v 28.6240 -43.8752 -23.6046
v 28.9424 -43.5312 -24.7946
v 29.8792 -42.8522 -27.4746
v 28.9278 -43.8102 -23.9046
v 29.3934 -43.8382 -24.8046
v 28.9116 -44.1182 -23.6145
v 27.6812 -44.6682 -21.5346
v 28.2460 -44.7732 -22.1345
v 28.2935 -44.4482 -22.4246
v 28.5931 -44.4652 -22.8745
v 28.6093 -44.1562 -23.1445
v 27.0656 -44.9492 -20.6445
v 27.3690 -44.8932 -20.9446
v 27.6366 -40.5412 -39.1046
v 27.5359 -39.3352 -39.0546
v 28.3143 -39.7072 -38.1746
v 28.4516 -40.9152 -38.2146
v 28.8089 -40.3462 -37.5946
v 28.9532 -41.5742 -37.3346
v 28.5608 -39.4832 -36.3645
v 29.4866 -40.8062 -34.3046
v 29.2663 -40.7102 -36.7046
v 29.1823 -41.5962 -37.0346
v 28.8590 -40.9582 -37.6145
v 29.0146 -40.6762 -37.3046
v 29.7201 -41.3662 -35.8246
v 29.3273 -41.9192 -36.6046
v 29.3395 -41.0142 -36.7146
v 29.6261 -41.9512 -36.1445
v 28.2038 -40.4282 -34.5746
v 28.2537 -39.4752 -36.1145
v 28.1473 -41.5052 -32.2246
v 28.8181 -40.1702 -34.8845
v 29.1044 -40.4412 -34.2946
v 29.1112 -40.3102 -34.8845
v 28.8328 -39.8922 -35.4746
v 29.3911 -40.7022 -33.7046
v 27.8265 -41.8952 -31.3446
v 28.4333 -41.7822 -31.3346
v 29.3577 -41.3402 -31.9246
v 29.3745 -41.0192 -32.8146
v 28.4070 -42.2832 -29.8546
v 29.6277 -41.9202 -29.8446
v 29.0026 -42.3832 -28.9546
v 29.6019 -42.4122 -28.3546
v 27.4596 -38.4622 -38.1245
v 27.9710 -39.1382 -36.7346
v 27.6951 -38.6712 -37.5346
v 28.5419 -39.7092 -37.5646
v 28.2671 -39.2202 -36.6546
v 28.1961 -39.1432 -36.9546
v 28.4823 -39.4582 -36.9646
v 30.6628 -45.0972 -29.0446
v 30.9790 -44.7962 -29.9346
v 30.9681 -45.3172 -27.8546
v 31.0612 -45.3332 -27.5546
v 31.1554 -44.9952 -28.7445
v 31.0774 -45.0232 -27.8446
v 30.9833 -45.0282 -27.5446
v 30.2847 -44.7442 -26.0346
v 30.3174 -45.9552 -25.8246
v 29.5195 -46.2682 -24.2846
v 29.7698 -45.9702 -24.5746
v 29.6007 -45.9722 -24.2746
v 30.4951 -45.6552 -26.0646
v 29.4912 -42.2442 -36.1546
v 30.2058 -42.3032 -35.5546
v 29.9510 -42.5892 -35.5646
v 30.1803 -42.8412 -34.9746
v 30.4650 -43.1392 -34.3845
v 30.1882 -42.6902 -35.2645
v 30.6575 -42.9692 -34.3745
v 30.4911 -42.6422 -34.8745
v 30.3273 -42.3192 -35.2545
v 30.7706 -42.9962 -33.7746
v 29.7163 -41.1702 -32.8146
v 30.9223 -43.3252 -33.1846
v 30.8761 -43.3122 -33.4846
v 30.7469 -43.9372 -32.6046
v 30.7164 -44.0752 -32.3146
v 30.7813 -44.2702 -31.7246
v 30.0621 -42.1832 -30.1445
v 31.0595 -43.6642 -32.2946
v 31.0055 -44.2902 -31.5045
v 31.0158 -44.0932 -32.0145
v 31.0385 -43.6602 -32.5946
v 31.1416 -43.9792 -32.0145
v 31.1498 -44.0002 -31.4146
v 31.1136 -44.3092 -31.1245
v 30.9913 -44.5622 -30.5346
v 31.1779 -44.6542 -29.9346
v 31.2115 -44.3452 -30.2246
v 30.0297 -42.5342 -28.6546
v 29.5915 -42.6112 -27.7645
v 29.8952 -42.5482 -28.0646
v 29.6628 -41.2492 -32.2146
v 29.9149 -42.1722 -29.2445
f 1 2 3
f 4 1 3
f 5 1 4
f 6 7 8
f 9 10 11
f 12 9 11
f 10 13 14
f 11 10 14
f 14 13 15
f 3 9 12
f 11 16 12
f 11 14 16
f 14 17 16
f 14 15 17
f 15 18 17
f 15 19 18
f 3 12 4
f 12 7 4
f 7 16 8
f 7 12 16
f 8 20 6
f 8 16 20
f 16 17 20
f 17 18 20
f 18 21 20
f 18 22 21
f 22 23 21
f 4 7 5
f 7 24 5
f 7 6 24
f 25 6 20
f 20 21 25
f 21 26 25
f 21 23 26
f 27 5 28
f 28 5 24
f 29 24 6
f 29 28 24
f 6 25 29
f 25 30 29
f 25 26 30
f 26 31 30
f 32 31 26
f 26 23 32
f 27 28 33
f 33 28 29
f 34 35 36
f 36 35 37
f 38 39 37
f 40 38 37
f 38 41 42
f 43 44 45
f 46 47 43
f 2 46 43
f 2 45 3
f 2 43 45
f 48 46 2
f 1 48 2
f 49 48 1
f 1 5 49
f 50 51 44
f 50 44 52
f 52 43 47
f 52 44 43
f 53 54 47
f 46 53 47
f 55 53 46
f 48 55 46
f 56 55 48
f 48 49 56
f 52 47 54
f 57 52 54
f 57 54 58
f 59 58 54
f 53 59 54
f 60 59 53
f 55 60 53
f 60 55 56
f 36 51 50
f 52 57 50
f 59 60 58
f 56 61 60
f 37 51 36
f 60 61 58
f 50 57 62
f 50 62 36
f 36 62 34
f 62 57 63
f 9 45 44
f 10 9 44
f 13 19 15
f 45 9 3
f 18 19 22
f 19 64 65
f 19 65 22
f 22 65 23
f 65 66 23
f 23 66 67
f 51 10 44
f 13 10 68
f 68 69 13
f 68 64 69
f 69 19 13
f 69 64 19
f 64 70 65
f 66 65 71
f 70 72 71
f 65 70 71
f 73 66 71
f 73 67 66
f 71 72 73
f 51 74 10
f 68 10 74
f 75 76 64
f 76 77 64
f 70 64 77
f 70 77 78
f 78 72 70
f 73 72 79
f 39 68 74
f 80 68 39
f 80 64 68
f 80 75 64
f 77 76 81
f 81 82 77
f 82 78 77
f 82 72 78
f 82 83 72
f 83 79 72
f 74 51 37
f 39 74 37
f 42 80 39
f 80 42 84
f 84 75 80
f 85 75 84
f 85 76 75
f 86 76 85
f 86 87 76
f 87 81 76
f 87 82 81
f 42 39 38
f 42 88 84
f 88 85 84
f 85 88 89
f 89 86 85
f 86 89 90
f 90 87 86
f 90 91 87
f 91 82 87
f 91 83 82
f 41 88 42
f 92 88 41
f 89 88 92
f 92 93 89
f 89 93 90
f 93 91 90
f 91 94 83
f 95 94 91
f 95 96 94
f 27 49 5
f 97 49 27
f 97 56 49
f 97 27 98
f 99 98 100
f 99 97 98
f 101 61 56
f 56 97 101
f 101 97 99
f 99 100 102
f 102 100 103
f 61 101 104
f 101 105 104
f 99 105 101
f 102 105 99
f 106 105 102
f 106 104 105
f 106 102 107
f 107 102 103
f 61 104 108
f 104 109 108
f 109 104 106
f 107 103 110
f 106 111 109
f 111 106 107
f 112 111 107
f 107 110 112
f 32 113 31
f 32 67 113
f 32 23 67
f 114 30 31
f 31 113 114
f 33 29 115
f 29 30 116
f 115 29 116
f 116 30 114
f 117 113 67
f 117 67 73
f 113 118 114
f 113 117 118
f 98 27 33
f 98 33 119
f 119 33 115
f 116 114 120
f 114 118 120
f 121 117 73
f 73 79 121
f 118 122 123
f 122 118 117
f 121 122 117
f 119 100 98
f 124 119 115
f 116 124 115
f 120 124 116
f 125 124 120
f 125 120 123
f 123 120 118
f 100 119 103
f 119 124 126
f 103 119 126
f 126 124 127
f 124 125 127
f 128 121 79
f 83 128 79
f 122 129 123
f 129 122 121
f 129 121 128
f 125 130 131
f 123 130 125
f 123 129 130
f 103 126 132
f 126 127 132
f 132 127 131
f 131 127 125
f 133 129 128
f 133 130 129
f 128 83 94
f 94 133 128
f 110 103 132
f 134 132 131
f 94 96 133
f 135 130 133
f 96 135 133
f 110 132 134
f 134 131 136
f 136 131 130
f 135 136 130
f 112 110 137
f 137 110 134
f 136 138 134
f 139 140 141
f 141 142 139
f 140 143 141
f 144 142 145
f 145 146 144
f 145 147 146
f 147 148 146
f 142 141 149
f 150 149 141
f 142 149 145
f 151 142 144
f 139 142 151
f 149 150 152
f 149 152 145
f 145 152 147
f 152 153 147
f 147 153 148
f 154 148 155
f 155 148 153
f 150 153 152
f 156 154 155
f 157 156 155
f 158 159 160
f 161 160 159
f 162 163 160
f 163 158 160
f 162 160 161
f 163 144 158
f 158 144 164
f 158 164 159
f 165 166 164
f 164 167 165
f 151 144 163
f 167 168 165
f 163 169 151
f 148 167 146
f 144 146 164
f 146 167 164
f 170 168 167
f 167 154 170
f 168 170 171
f 172 170 154
f 172 173 170
f 170 173 171
f 167 148 154
f 174 175 176
f 176 177 174
f 161 159 178
f 179 162 161
f 161 178 180
f 177 181 179
f 179 161 177
f 177 161 180
f 180 182 177
f 183 182 180
f 184 162 179
f 184 179 181
f 181 177 176
f 177 182 174
f 174 182 185
f 182 183 185
f 159 166 178
f 159 164 166
f 166 180 178
f 166 186 180
f 165 186 166
f 165 168 186
f 186 168 187
f 168 171 187
f 174 185 188
f 180 186 183
f 187 189 186
f 190 183 191
f 183 186 189
f 191 183 189
f 192 189 187
f 191 189 193
f 193 189 192
f 190 185 183
f 194 190 191
f 63 57 195
f 195 57 58
f 37 35 40
f 34 62 63
f 41 38 196
f 196 38 40
f 58 61 197
f 197 61 108
f 92 198 93
f 198 199 93
f 199 91 93
f 199 95 91
f 199 200 95
f 200 201 96
f 200 96 95
f 199 202 200
f 198 202 199
f 203 201 200
f 203 202 204
f 203 200 202
f 203 205 201
f 206 207 208
f 207 209 210
f 208 207 210
f 112 211 111
f 211 109 111
f 211 112 212
f 212 213 211
f 212 138 214
f 138 205 214
f 201 215 135
f 135 215 136
f 201 135 96
f 112 137 212
f 212 137 138
f 137 134 138
f 215 138 136
f 205 215 201
f 215 205 138
f 216 217 206
f 218 216 206
f 206 208 218
f 208 219 218
f 208 210 219
f 210 220 219
f 210 221 220
f 221 222 220
f 218 219 223
f 219 224 223
f 219 220 224
f 220 225 224
f 220 222 225
f 222 226 225
f 223 224 227
f 228 223 227
f 227 224 225
f 229 230 231
f 230 229 232
f 232 229 233
f 229 231 234
f 231 235 236
f 234 231 236
f 234 233 229
f 232 237 238
f 232 233 237
f 233 239 237
f 240 140 139
f 241 140 240
f 242 240 139
f 140 243 143
f 143 150 141
f 143 244 150
f 244 245 150
f 243 244 143
f 230 246 243
f 140 230 243
f 231 230 140
f 235 231 140
f 247 245 244
f 244 248 247
f 248 249 247
f 247 249 250
f 246 244 243
f 246 238 244
f 244 238 248
f 248 251 249
f 251 252 249
f 250 249 253
f 254 253 252
f 252 253 249
f 230 232 246
f 232 238 246
f 248 238 251
f 238 255 251
f 255 256 251
f 256 252 251
f 257 254 252
f 252 256 258
f 258 257 252
f 255 238 237
f 254 257 259
f 259 257 258
f 255 260 256
f 261 237 239
f 239 262 261
f 261 255 237
f 255 261 260
f 261 262 260
f 260 262 263
f 256 260 263
f 263 264 256
f 256 264 258
f 169 242 151
f 242 139 151
f 150 245 153
f 155 153 245
f 265 156 157
f 155 245 157
f 247 157 245
f 254 247 250
f 254 157 247
f 250 253 254
f 162 169 163
f 169 162 266
f 169 266 242
f 265 172 154
f 267 172 265
f 268 173 172
f 268 172 267
f 269 267 265
f 265 154 156
f 181 176 175
f 270 181 175
f 192 187 271
f 184 181 266
f 266 162 184
f 266 181 270
f 171 271 187
f 173 268 171
f 268 271 171
f 271 268 272
f 271 272 273
f 274 275 276
f 274 277 278
f 279 277 274
f 276 279 274
f 278 277 270
f 276 280 281
f 270 277 279
f 282 279 276
f 276 283 282
f 276 281 283
f 284 175 174
f 285 284 174
f 188 285 174
f 185 190 188
f 190 286 188
f 286 190 194
f 286 194 287
f 287 194 288
f 275 284 285
f 289 280 275
f 275 285 289
f 188 289 285
f 290 280 289
f 290 289 286
f 289 188 286
f 287 290 286
f 275 278 284
f 274 278 275
f 280 276 275
f 290 287 291
f 175 284 270
f 270 284 278
f 280 292 281
f 290 292 280
f 191 293 194
f 191 193 293
f 288 194 294
f 294 194 293
f 294 293 193
f 271 193 192
f 271 294 193
f 295 296 271
f 195 297 298
f 195 58 197
f 63 299 34
f 197 297 195
f 34 299 300
f 300 35 34
f 298 63 195
f 298 299 63
f 41 301 92
f 92 301 198
f 281 302 283
f 303 302 281
f 282 283 302
f 290 291 304
f 288 291 287
f 304 291 305
f 291 288 306
f 305 291 306
f 288 294 306
f 304 292 290
f 305 306 307
f 307 306 294
f 308 304 309
f 304 305 310
f 309 304 310
f 305 307 310
f 303 281 292
f 292 304 308
f 309 310 296
f 296 310 307
f 292 308 311
f 309 296 308
f 311 303 292
f 312 308 296
f 311 308 313
f 308 312 313
f 312 296 314
f 314 313 312
f 303 311 315
f 315 311 316
f 311 313 316
f 315 316 317
f 271 307 294
f 296 307 271
f 109 211 318
f 197 108 319
f 211 213 318
f 204 320 203
f 320 205 203
f 321 320 204
f 322 320 321
f 322 205 320
f 323 214 205
f 321 204 202
f 205 324 323
f 325 326 327
f 217 325 327
f 328 329 326
f 330 327 326
f 330 326 329
f 331 328 326
f 326 325 331
f 330 329 332
f 333 329 328
f 328 331 334
f 335 329 333
f 332 329 335
f 336 328 334
f 336 333 328
f 336 334 337
f 338 339 340
f 341 342 339
f 327 338 340
f 339 207 340
f 342 209 339
f 339 209 207
f 209 342 343
f 217 340 206
f 217 327 340
f 207 206 340
f 209 221 210
f 209 343 221
f 344 345 341
f 346 344 341
f 346 339 338
f 346 338 330
f 341 339 346
f 341 347 342
f 330 338 327
f 342 348 343
f 342 349 348
f 342 347 349
f 348 221 343
f 348 350 221
f 346 332 344
f 332 346 330
f 347 341 345
f 349 350 348
f 335 345 344
f 344 332 335
f 347 345 351
f 351 352 347
f 352 349 347
f 352 353 349
f 349 353 350
f 350 353 354
f 355 350 354
f 354 353 356
f 354 356 355
f 352 357 353
f 356 353 357
f 355 356 358
f 351 345 359
f 351 360 357
f 357 352 351
f 356 357 361
f 356 361 358
f 362 358 361
f 363 213 323
f 323 212 214
f 212 323 213
f 364 325 217
f 216 364 217
f 364 365 331
f 325 364 331
f 366 365 364
f 364 367 366
f 216 367 364
f 368 367 228
f 368 366 367
f 331 365 334
f 369 334 365
f 365 370 369
f 365 366 370
f 368 371 366
f 366 371 370
f 371 368 372
f 337 334 369
f 373 371 372
f 374 373 372
f 370 375 369
f 370 371 375
f 371 373 375
f 376 337 369
f 369 375 376
f 377 376 375
f 377 375 373
f 378 377 373
f 378 373 374
f 378 374 379
f 380 376 377
f 377 378 380
f 221 381 222
f 216 223 367
f 218 223 216
f 226 222 382
f 222 383 382
f 222 381 383
f 228 367 223
f 384 228 227
f 226 385 225
f 226 382 385
f 382 386 385
f 383 386 382
f 387 228 384
f 227 388 384
f 225 388 227
f 225 385 388
f 385 389 388
f 390 389 386
f 386 389 385
f 350 381 221
f 381 350 391
f 391 383 381
f 383 392 386
f 392 383 393
f 393 383 391
f 368 228 387
f 390 392 394
f 390 386 392
f 392 393 394
f 387 384 395
f 388 395 384
f 389 394 396
f 389 390 394
f 395 388 397
f 398 395 397
f 388 389 396
f 397 388 396
f 391 350 399
f 399 400 391
f 400 401 393
f 391 400 393
f 394 393 402
f 393 401 402
f 372 387 403
f 372 368 387
f 387 395 403
f 394 404 405
f 394 402 404
f 403 395 398
f 398 397 406
f 406 397 407
f 397 396 407
f 396 394 405
f 396 405 407
f 355 399 350
f 355 408 399
f 408 400 399
f 409 401 400
f 402 401 410
f 410 401 409
f 404 411 405
f 402 410 404
f 404 410 411
f 374 372 403
f 412 374 403
f 412 403 413
f 403 398 413
f 413 398 414
f 398 406 414
f 414 406 407
f 407 405 415
f 411 415 405
f 416 400 408
f 416 417 400
f 417 409 400
f 417 410 409
f 374 412 379
f 412 413 379
f 379 413 418
f 413 414 418
f 418 414 419
f 414 407 419
f 419 407 415
f 358 420 355
f 420 408 355
f 420 421 408
f 421 416 408
f 421 422 416
f 422 417 416
f 423 410 422
f 422 410 417
f 410 423 424
f 410 424 411
f 418 419 425
f 425 419 426
f 419 415 426
f 426 415 411
f 424 426 411
f 427 420 358
f 427 428 420
f 428 421 420
f 428 422 421
f 422 429 423
f 428 429 422
f 424 430 426
f 430 424 423
f 429 430 423
f 431 379 432
f 379 418 432
f 432 418 425
f 426 430 425
f 362 427 358
f 433 428 427
f 434 429 433
f 433 429 428
f 379 431 378
f 432 425 430
f 434 435 430
f 434 430 429
f 436 241 437
f 436 236 235
f 233 234 438
f 438 234 439
f 234 236 439
f 436 440 439
f 436 439 236
f 239 441 262
f 233 438 442
f 233 442 239
f 442 441 239
f 441 443 262
f 441 444 443
f 439 445 438
f 442 438 446
f 446 438 445
f 442 446 447
f 441 442 444
f 442 447 444
f 448 449 444
f 450 446 445
f 439 440 445
f 450 447 446
f 444 451 448
f 445 452 450
f 447 450 453
f 453 444 447
f 440 452 445
f 454 450 452
f 453 450 454
f 454 455 453
f 453 451 444
f 453 455 451
f 451 456 448
f 451 457 456
f 456 457 458
f 140 241 235
f 241 436 235
f 459 259 460
f 461 460 259
f 462 463 263
f 262 462 263
f 264 263 463
f 264 463 464
f 264 464 258
f 258 464 259
f 262 443 462
f 443 465 462
f 462 465 463
f 444 449 443
f 449 466 465
f 443 449 465
f 463 465 467
f 465 466 467
f 463 467 464
f 449 468 466
f 467 469 464
f 464 469 259
f 461 259 469
f 466 468 470
f 466 470 467
f 469 467 471
f 472 469 471
f 448 473 468
f 449 448 468
f 468 473 470
f 473 448 456
f 471 470 473
f 471 467 470
f 473 456 474
f 473 474 471
f 458 474 456
f 471 474 475
f 458 475 474
f 157 269 265
f 476 267 269
f 157 254 459
f 459 254 259
f 459 269 157
f 476 269 459
f 272 477 478
f 268 477 272
f 268 267 477
f 479 480 481
f 273 481 271
f 272 478 273
f 479 481 273
f 298 482 299
f 482 483 300
f 482 298 484
f 484 298 485
f 486 487 482
f 483 482 487
f 486 482 484
f 486 488 487
f 484 485 489
f 482 300 299
f 35 300 483
f 483 490 35
f 490 40 35
f 491 492 40
f 483 487 490
f 490 491 40
f 301 41 493
f 492 196 40
f 41 196 492
f 41 492 494
f 494 493 41
f 493 495 496
f 279 497 498
f 498 270 279
f 499 500 295
f 271 481 295
f 480 295 481
f 499 295 480
f 298 297 485
f 197 501 297
f 197 319 501
f 502 501 319
f 297 501 503
f 501 502 504
f 496 198 301
f 505 202 198
f 506 202 505
f 493 496 301
f 496 505 198
f 507 506 505
f 496 508 505
f 509 506 507
f 505 508 507
f 510 511 512
f 513 510 512
f 335 514 345
f 515 514 335
f 515 335 333
f 516 515 333
f 514 517 345
f 517 359 345
f 518 513 519
f 519 516 518
f 515 516 519
f 520 515 519
f 519 513 521
f 510 513 518
f 515 520 514
f 514 520 522
f 514 522 517
f 520 519 521
f 351 359 360
f 523 524 525
f 526 527 528
f 529 528 527
f 529 527 530
f 498 529 530
f 279 282 531
f 279 531 497
f 532 303 315
f 533 531 282
f 302 533 282
f 532 302 303
f 534 532 315
f 535 497 531
f 531 533 535
f 526 535 533
f 532 526 533
f 533 302 532
f 532 534 536
f 529 497 535
f 526 528 535
f 535 528 529
f 498 497 529
f 526 536 527
f 532 536 526
f 537 527 536
f 527 537 538
f 295 314 296
f 313 539 316
f 314 539 313
f 539 317 316
f 540 539 314
f 317 534 315
f 541 317 539
f 500 542 295
f 542 314 295
f 540 541 539
f 542 540 314
f 542 543 540
f 319 108 502
f 544 502 108
f 544 545 502
f 318 546 544
f 363 318 213
f 544 108 109
f 109 318 544
f 547 548 323
f 506 321 202
f 322 324 205
f 323 324 549
f 322 549 324
f 322 550 549
f 547 323 551
f 549 551 323
f 509 321 506
f 509 550 321
f 550 322 321
f 549 552 551
f 552 549 550
f 553 552 550
f 547 551 552
f 554 553 550
f 337 376 510
f 511 510 376
f 516 333 336
f 337 518 336
f 516 336 518
f 337 510 518
f 555 357 360
f 361 357 555
f 361 555 362
f 556 557 427
f 525 555 360
f 555 525 524
f 524 362 555
f 558 362 524
f 558 559 362
f 559 556 362
f 559 557 556
f 560 536 534
f 560 534 561
f 562 561 534
f 560 537 536
f 543 562 541
f 563 537 560
f 560 561 563
f 543 561 562
f 541 534 317
f 540 543 541
f 562 534 541
f 564 380 378
f 378 565 564
f 380 566 376
f 556 427 362
f 433 567 434
f 567 435 434
f 378 431 565
f 568 565 431
f 432 430 568
f 430 435 568
f 432 568 431
f 569 435 567
f 435 570 568
f 427 557 433
f 569 570 435
f 557 567 433
f 557 569 567
f 571 568 570
f 568 571 565
f 572 452 573
f 573 574 572
f 575 572 576
f 576 572 574
f 574 573 577
f 440 436 578
f 578 436 437
f 573 440 578
f 573 452 440
f 572 454 452
f 454 575 455
f 455 457 451
f 454 572 575
f 575 579 455
f 455 579 580
f 457 455 580
f 457 580 581
f 581 582 457
f 582 458 457
f 583 582 581
f 584 581 580
f 579 575 576
f 579 585 580
f 584 580 585
f 585 586 584
f 584 587 581
f 587 584 586
f 583 581 587
f 586 585 588
f 589 241 240
f 590 461 591
f 461 590 460
f 461 469 472
f 592 472 475
f 472 592 591
f 472 591 461
f 471 475 472
f 475 458 593
f 582 593 458
f 593 583 475
f 583 593 582
f 475 583 592
f 583 587 594
f 592 583 594
f 594 595 592
f 589 240 242
f 596 597 476
f 596 598 597
f 476 599 596
f 598 596 600
f 601 599 602
f 596 599 603
f 596 603 600
f 599 601 603
f 600 603 604
f 459 460 476
f 460 599 476
f 602 599 460
f 266 270 242
f 478 605 606
f 273 478 606
f 273 606 607
f 606 608 609
f 610 606 609
f 611 610 609
f 267 476 597
f 267 612 477
f 605 478 477
f 597 612 267
f 612 605 477
f 613 597 614
f 613 612 597
f 605 608 606
f 613 614 615
f 614 616 615
f 617 615 616
f 605 618 608
f 605 612 618
f 612 613 618
f 618 619 608
f 620 621 622
f 620 622 623
f 608 619 609
f 623 488 620
f 624 488 623
f 620 488 625
f 626 618 613
f 627 626 613
f 619 628 629
f 619 618 628
f 618 626 628
f 621 617 622
f 619 629 611
f 621 620 625
f 619 611 609
f 630 610 611
f 631 610 630
f 625 631 630
f 615 627 613
f 615 617 627
f 626 629 628
f 626 627 629
f 627 632 629
f 627 621 632
f 617 621 627
f 611 629 633
f 629 632 633
f 632 634 633
f 632 625 634
f 632 621 625
f 633 630 611
f 634 630 633
f 625 630 634
f 624 635 490
f 636 635 624
f 623 636 624
f 637 635 636
f 637 638 635
f 598 614 597
f 639 637 636
f 638 637 640
f 598 641 614
f 598 600 641
f 614 641 616
f 616 642 617
f 616 639 642
f 642 643 617
f 642 639 643
f 636 622 643
f 622 617 643
f 639 636 643
f 644 637 639
f 622 636 623
f 640 637 645
f 641 600 646
f 641 639 616
f 639 641 644
f 641 646 644
f 644 645 637
f 645 647 640
f 646 648 644
f 648 649 645
f 644 648 645
f 645 649 647
f 650 242 270
f 273 607 479
f 485 503 489
f 479 607 651
f 607 652 651
f 653 631 484
f 654 484 489
f 654 653 484
f 654 489 655
f 489 503 655
f 610 631 607
f 607 656 652
f 607 631 656
f 479 651 657
f 652 656 658
f 652 658 651
f 651 658 657
f 659 658 656
f 656 653 659
f 653 656 631
f 653 654 659
f 654 655 659
f 607 606 610
f 658 660 657
f 661 660 658
f 658 659 661
f 662 661 659
f 659 655 662
f 661 663 660
f 663 657 660
f 661 662 664
f 661 664 665
f 666 661 665
f 666 663 661
f 488 624 487
f 484 631 486
f 488 486 625
f 486 631 625
f 490 487 624
f 635 491 490
f 638 491 635
f 667 491 638
f 667 492 491
f 667 494 492
f 640 667 638
f 494 667 640
f 495 508 496
f 493 494 495
f 668 669 508
f 495 668 508
f 494 640 647
f 495 647 670
f 495 494 647
f 670 668 495
f 520 671 672
f 673 674 672
f 672 671 673
f 671 521 675
f 522 520 672
f 676 677 522
f 676 678 679
f 679 677 676
f 680 681 679
f 674 676 522
f 672 674 522
f 680 679 678
f 270 498 682
f 498 683 682
f 684 500 499
f 685 684 499
f 684 685 686
f 685 687 686
f 297 503 485
f 503 501 504
f 662 655 688
f 655 503 688
f 662 688 664
f 664 688 504
f 688 503 504
f 664 504 689
f 504 502 689
f 689 502 545
f 690 507 508
f 669 690 508
f 691 507 690
f 507 691 509
f 690 692 691
f 669 692 690
f 512 521 513
f 512 693 521
f 671 520 521
f 512 694 693
f 695 694 512
f 693 675 521
f 522 677 517
f 517 677 359
f 360 359 681
f 677 679 359
f 679 681 359
f 680 360 681
f 696 360 680
f 697 524 523
f 696 525 360
f 696 523 525
f 527 538 530
f 498 530 683
f 698 683 530
f 538 698 530
f 699 700 698
f 698 538 699
f 698 682 683
f 701 700 699
f 702 700 701
f 698 703 682
f 703 698 700
f 704 705 543
f 705 704 686
f 542 704 543
f 704 542 500
f 500 684 704
f 704 684 686
f 546 545 544
f 546 318 706
f 706 545 546
f 706 318 363
f 706 363 707
f 708 707 363
f 363 323 548
f 547 552 548
f 708 363 548
f 548 552 709
f 553 709 552
f 709 710 548
f 509 554 550
f 691 554 509
f 692 554 691
f 711 554 692
f 511 695 512
f 511 566 695
f 566 511 376
f 571 570 564
f 524 697 558
f 697 712 558
f 712 559 558
f 713 557 559
f 714 557 713
f 714 569 557
f 715 538 716
f 716 538 537
f 715 699 538
f 717 701 699
f 699 715 717
f 715 716 718
f 716 719 718
f 702 701 717
f 563 561 705
f 705 561 543
f 719 537 563
f 719 563 705
f 716 537 719
f 705 720 719
f 720 705 721
f 722 718 719
f 719 720 722
f 565 571 564
f 723 577 573
f 724 725 723
f 576 574 726
f 723 725 577
f 577 725 574
f 726 574 727
f 726 727 728
f 725 729 574
f 574 729 727
f 727 729 730
f 730 728 727
f 730 731 728
f 729 732 730
f 731 730 732
f 733 723 437
f 723 578 437
f 733 734 723
f 578 723 573
f 726 579 576
f 585 579 735
f 588 585 735
f 728 579 726
f 735 579 728
f 736 586 588
f 586 737 587
f 737 586 736
f 738 737 739
f 738 587 737
f 736 739 737
f 740 739 736
f 736 741 740
f 741 742 740
f 742 743 740
f 742 741 744
f 588 735 745
f 745 736 588
f 731 735 728
f 746 735 731
f 746 745 735
f 745 741 736
f 747 746 731
f 744 745 746
f 744 741 745
f 589 437 241
f 589 733 437
f 460 590 748
f 460 748 602
f 748 749 750
f 590 749 748
f 748 750 602
f 749 751 750
f 751 749 752
f 749 590 752
f 751 753 750
f 751 752 754
f 753 751 755
f 751 754 755
f 755 754 756
f 756 757 758
f 755 756 758
f 759 591 592
f 590 591 760
f 760 591 759
f 759 592 761
f 752 590 760
f 592 762 761
f 752 760 763
f 760 764 763
f 760 759 764
f 764 759 761
f 752 763 754
f 765 764 761
f 761 762 766
f 767 763 764
f 765 767 764
f 754 763 768
f 763 767 768
f 756 768 757
f 756 754 768
f 765 761 766
f 767 765 769
f 767 769 768
f 768 770 757
f 769 765 771
f 771 765 766
f 768 769 772
f 768 772 770
f 594 587 738
f 594 738 595
f 592 595 762
f 595 773 762
f 773 595 739
f 595 738 739
f 740 774 739
f 773 739 774
f 743 774 740
f 771 766 773
f 766 762 773
f 775 589 242
f 601 604 603
f 601 602 604
f 776 600 604
f 604 777 778
f 604 602 777
f 604 778 779
f 604 779 776
f 779 780 776
f 779 778 781
f 780 779 781
f 602 750 782
f 750 753 782
f 602 782 777
f 758 782 753
f 758 777 782
f 778 777 781
f 777 783 781
f 783 780 781
f 783 784 780
f 780 784 785
f 755 758 753
f 777 758 786
f 783 787 784
f 783 777 786
f 786 788 783
f 783 788 787
f 757 786 758
f 770 789 757
f 757 789 786
f 788 786 790
f 242 650 791
f 776 646 600
f 648 792 649
f 785 648 646
f 785 776 780
f 646 776 785
f 648 785 792
f 792 793 649
f 794 784 787
f 785 784 794
f 792 785 794
f 794 795 792
f 793 792 795
f 796 794 787
f 796 787 788
f 796 795 794
f 795 797 793
f 796 797 795
f 798 793 797
f 798 799 793
f 800 801 676
f 802 803 800
f 800 803 801
f 801 678 676
f 801 804 678
f 479 805 480
f 479 657 806
f 666 806 663
f 806 657 663
f 806 805 479
f 807 805 806
f 805 808 809
f 808 805 807
f 807 806 810
f 811 810 666
f 810 806 666
f 808 812 809
f 807 812 808
f 813 812 807
f 810 813 807
f 814 670 647
f 668 670 814
f 793 814 649
f 814 647 649
f 799 669 668
f 814 799 668
f 815 669 799
f 814 793 799
f 816 669 815
f 817 815 799
f 816 815 817
f 818 816 817
f 819 820 675
f 671 675 820
f 693 819 675
f 673 802 674
f 673 671 820
f 821 820 822
f 822 819 694
f 822 820 819
f 674 802 800
f 676 674 800
f 823 820 821
f 673 820 823
f 823 824 673
f 824 802 673
f 804 696 680
f 680 678 804
f 523 696 804
f 523 804 697
f 703 825 682
f 825 703 826
f 825 826 827
f 682 828 270
f 828 682 825
f 685 829 687
f 829 830 687
f 829 831 832
f 832 830 829
f 686 687 830
f 831 833 832
f 830 832 834
f 480 685 499
f 685 835 829
f 480 835 685
f 480 805 809
f 480 809 835
f 811 666 836
f 835 809 837
f 809 812 837
f 813 810 811
f 829 835 831
f 838 813 811
f 835 837 831
f 831 837 839
f 831 839 833
f 811 840 838
f 812 839 837
f 841 839 812
f 813 841 812
f 838 841 813
f 665 689 842
f 664 689 665
f 689 545 843
f 666 665 836
f 665 842 836
f 689 843 842
f 842 843 844
f 840 811 836
f 836 842 840
f 840 842 844
f 838 840 845
f 840 844 845
f 844 846 845
f 847 554 711
f 816 711 692
f 848 711 816
f 816 692 669
f 849 694 695
f 694 819 693
f 850 566 380
f 566 850 695
f 380 851 850
f 564 851 380
f 826 703 700
f 700 702 826
f 826 702 852
f 852 853 826
f 853 852 854
f 855 853 854
f 686 856 857
f 686 830 856
f 706 843 545
f 844 843 858
f 843 706 858
f 858 706 707
f 859 858 707
f 846 844 858
f 846 858 859
f 859 707 708
f 860 553 554
f 710 709 861
f 861 709 553
f 860 861 553
f 548 710 708
f 847 860 554
f 860 862 861
f 862 710 861
f 847 862 860
f 863 564 570
f 569 864 570
f 714 864 569
f 863 570 865
f 864 865 570
f 702 717 866
f 715 867 717
f 717 867 866
f 715 718 867
f 852 702 866
f 868 718 869
f 718 722 869
f 866 854 852
f 854 866 870
f 870 866 867
f 870 867 718
f 870 718 868
f 871 868 869
f 855 854 870
f 855 870 872
f 872 870 873
f 873 870 868
f 874 873 868
f 871 874 868
f 875 874 871
f 721 722 720
f 876 869 721
f 869 722 721
f 705 876 721
f 857 705 686
f 857 876 705
f 877 876 857
f 878 876 877
f 876 878 879
f 871 869 879
f 871 879 880
f 871 880 875
f 876 879 869
f 881 729 725
f 882 731 732
f 732 729 881
f 883 732 881
f 732 883 884
f 882 732 884
f 725 724 881
f 881 724 885
f 885 883 881
f 885 886 883
f 887 884 883
f 887 883 886
f 884 887 888
f 886 885 724
f 889 887 886
f 887 889 890
f 888 887 890
f 724 891 886
f 734 724 723
f 742 744 892
f 743 742 893
f 742 892 894
f 742 895 893
f 742 894 895
f 894 896 895
f 897 744 746
f 747 731 882
f 746 747 898
f 898 897 746
f 892 744 897
f 899 747 882
f 900 898 747
f 900 897 898
f 892 897 894
f 884 899 882
f 899 901 747
f 901 900 747
f 902 897 900
f 902 903 897
f 894 897 903
f 899 884 888
f 902 904 903
f 905 903 904
f 894 903 905
f 894 905 906
f 888 901 899
f 907 900 901
f 902 900 907
f 907 908 904
f 902 907 904
f 909 905 904
f 904 908 909
f 906 905 910
f 910 905 909
f 911 908 907
f 912 909 908
f 913 909 912
f 913 910 909
f 911 907 901
f 914 908 911
f 912 915 913
f 589 916 733
f 917 734 733
f 916 917 733
f 769 918 772
f 769 771 918
f 770 772 919
f 772 918 919
f 920 770 919
f 921 919 918
f 919 922 920
f 919 921 922
f 743 923 774
f 893 923 743
f 774 923 924
f 773 925 771
f 925 773 774
f 925 774 924
f 771 925 921
f 771 921 918
f 926 923 893
f 895 926 893
f 923 926 924
f 926 896 927
f 926 895 896
f 926 927 928
f 928 924 926
f 924 929 925
f 928 929 924
f 925 929 921
f 896 894 930
f 921 929 931
f 929 928 931
f 921 931 932
f 932 922 921
f 927 930 933
f 927 896 930
f 928 927 933
f 928 933 931
f 932 931 934
f 931 933 934
f 933 930 935
f 930 936 935
f 933 935 934
f 906 930 894
f 906 910 937
f 930 906 937
f 938 937 910
f 913 938 910
f 939 938 913
f 915 939 913
f 936 937 938
f 939 936 938
f 936 930 937
f 940 589 775
f 940 775 791
f 589 940 916
f 916 940 917
f 786 941 790
f 920 942 770
f 770 942 789
f 789 941 786
f 789 943 941
f 789 944 943
f 920 945 942
f 944 789 942
f 922 946 920
f 946 947 945
f 920 946 945
f 948 945 947
f 948 949 945
f 932 946 922
f 949 948 950
f 946 932 951
f 951 947 946
f 948 947 952
f 952 950 948
f 953 932 934
f 953 951 932
f 952 947 951
f 952 951 954
f 955 950 952
f 242 791 775
f 788 956 796
f 790 956 788
f 956 790 957
f 796 958 797
f 956 958 796
f 956 957 958
f 959 798 797
f 958 957 960
f 797 958 961
f 797 961 959
f 962 823 821
f 957 963 960
f 958 960 961
f 961 960 964
f 959 961 965
f 962 960 963
f 961 964 965
f 966 964 960
f 960 962 966
f 966 962 967
f 964 966 968
f 964 969 965
f 964 968 969
f 966 967 968
f 970 801 803
f 971 803 802
f 823 971 824
f 971 802 824
f 941 943 972
f 790 963 957
f 790 973 963
f 790 941 973
f 941 972 973
f 943 974 972
f 943 975 974
f 976 963 973
f 976 973 972
f 972 974 976
f 974 975 970
f 976 974 803
f 970 803 974
f 971 976 803
f 943 944 975
f 971 977 976
f 977 963 976
f 823 962 977
f 977 971 823
f 977 962 963
f 970 978 801
f 978 979 801
f 979 804 801
f 975 980 970
f 970 980 978
f 978 980 979
f 944 942 975
f 975 942 980
f 942 981 980
f 980 981 979
f 942 945 949
f 981 942 949
f 981 949 982
f 982 979 981
f 804 979 982
f 950 982 949
f 804 982 983
f 984 982 950
f 984 983 982
f 950 985 984
f 985 983 984
f 955 985 950
f 986 697 983
f 270 828 650
f 987 848 818
f 987 988 848
f 989 990 818
f 990 987 818
f 991 989 965
f 992 990 989
f 993 988 990
f 990 988 987
f 798 817 799
f 822 994 821
f 798 995 817
f 995 818 817
f 694 849 994
f 822 694 994
f 848 816 818
f 959 995 798
f 962 821 994
f 989 995 959
f 994 996 967
f 962 994 967
f 989 818 995
f 996 994 849
f 965 989 959
f 996 969 968
f 967 996 968
f 969 996 849
f 849 850 997
f 969 998 965
f 999 998 969
f 965 998 991
f 849 1000 999
f 969 849 999
f 697 986 712
f 697 804 983
f 828 825 827
f 833 834 832
f 1001 834 833
f 830 834 1002
f 1001 1003 834
f 1001 833 839
f 841 1001 839
f 845 1004 838
f 841 838 1004
f 1005 1001 841
f 1005 841 1004
f 1006 1007 1008
f 848 1009 711
f 1009 847 711
f 862 847 1009
f 988 1009 848
f 1009 1010 1011
f 988 1010 1009
f 1011 862 1009
f 1012 1010 988
f 1012 1013 1010
f 1013 1011 1010
f 997 850 851
f 695 850 849
f 1014 564 863
f 564 1014 851
f 1015 1014 863
f 1016 851 1014
f 1016 1015 1017
f 1015 865 1017
f 1015 1016 1014
f 865 864 1017
f 713 559 712
f 865 1015 863
f 714 1018 864
f 827 826 853
f 827 853 1019
f 1019 1020 827
f 856 1021 857
f 856 1022 1023
f 1023 1021 856
f 1002 856 830
f 1001 1005 1003
f 1022 856 1002
f 1002 834 1024
f 1024 834 1003
f 1025 1024 1003
f 1026 1025 1003
f 1022 1002 1027
f 1028 1024 1025
f 1027 1002 1024
f 1023 1022 1027
f 1024 1028 1027
f 1028 1025 1029
f 845 846 1004
f 1004 846 1030
f 1003 1005 1004
f 1004 1030 1031
f 1030 1032 1031
f 1004 1026 1003
f 1026 1004 1031
f 1033 1031 1032
f 1026 1031 1033
f 859 1030 846
f 1030 859 1032
f 1008 859 708
f 859 1008 1032
f 1007 1032 1008
f 1034 1008 708
f 1035 1034 708
f 1019 855 1036
f 1036 1020 1019
f 1020 1036 1037
f 855 872 1036
f 1036 872 1037
f 872 873 1037
f 874 1038 873
f 1039 874 875
f 1037 873 1038
f 1019 853 855
f 1039 1038 874
f 1040 1037 1038
f 1040 1038 1039
f 1041 1037 1040
f 1042 877 857
f 1042 1043 877
f 878 880 879
f 1044 1039 875
f 1044 875 878
f 875 880 878
f 1045 1040 1039
f 1044 1045 1039
f 1043 1046 877
f 1046 878 877
f 1046 1044 878
f 1047 1040 1045
f 1047 1045 1044
f 1048 1040 1047
f 1046 1043 1049
f 1049 1044 1046
f 891 889 886
f 724 1050 891
f 891 1051 889
f 890 889 1052
f 1052 1053 890
f 889 1051 1052
f 1050 724 734
f 912 914 915
f 908 914 912
f 890 901 888
f 901 890 1054
f 914 911 1055
f 1055 1056 914
f 914 1056 915
f 1054 911 901
f 1055 911 1054
f 915 1057 1058
f 1057 915 1056
f 915 1058 1059
f 1053 1054 890
f 1060 1055 1054
f 1061 1056 1060
f 1056 1055 1060
f 1060 1062 1061
f 1057 1063 1058
f 1057 1061 1063
f 1057 1056 1061
f 1058 1063 1064
f 1065 1053 1052
f 1060 1054 1053
f 1060 1053 1062
f 1061 1066 1063
f 1066 1061 1062
f 1063 1066 1064
f 1064 1066 1067
f 1068 1066 1062
f 1069 1064 1067
f 1067 1066 1068
f 1053 1070 1071
f 1062 1053 1071
f 1071 1068 1062
f 1071 1067 1068
f 1072 935 936
f 1072 1073 935
f 1074 934 935
f 1073 1074 935
f 1072 1075 1076
f 1076 1073 1072
f 1076 1074 1073
f 1076 1077 1074
f 1078 1076 1079
f 1079 1076 1075
f 1076 1080 1077
f 1078 1081 1080
f 1076 1078 1080
f 1082 1078 1079
f 1082 1083 1081
f 1078 1082 1081
f 1083 1084 1081
f 1079 1085 1082
f 1085 1086 1082
f 1082 1086 1083
f 939 1072 936
f 1059 939 915
f 1075 1072 939
f 1075 939 1059
f 1059 1079 1075
f 1059 1069 1079
f 1059 1064 1069
f 1064 1059 1058
f 1067 1087 1069
f 1087 1067 1071
f 940 1088 917
f 940 791 1088
f 1089 1090 1084
f 1089 1083 1091
f 1083 1089 1084
f 1092 1090 1093
f 1090 1094 1093
f 1074 953 934
f 1095 953 1074
f 1095 951 953
f 1095 954 951
f 955 952 1096
f 1077 1095 1074
f 1077 1097 1095
f 1097 954 1095
f 1097 952 954
f 1097 1096 952
f 1098 1097 1077
f 1080 1084 1077
f 1084 1098 1077
f 1098 1092 1096
f 1098 1096 1097
f 1081 1084 1080
f 1084 1090 1098
f 1098 1090 1092
f 1096 1092 1093
f 1094 1099 1093
f 955 1096 985
f 1096 1093 985
f 985 1093 983
f 983 1093 986
f 986 1093 1099
f 1100 986 1099
f 1094 1101 1099
f 1101 1100 1099
f 1100 1102 986
f 989 991 1103
f 1103 992 989
f 992 993 990
f 998 1104 991
f 991 1105 1103
f 991 1104 1105
f 1103 1105 1106
f 1105 1107 1106
f 1107 1105 1104
f 1104 998 1108
f 1106 992 1103
f 1107 1104 1109
f 1109 1104 1108
f 992 1110 993
f 1106 1107 1111
f 1111 1110 992
f 1111 992 1106
f 1112 1109 1108
f 1113 1109 1112
f 1110 1114 993
f 1114 1115 1116
f 1114 1116 993
f 1117 1110 1111
f 1117 1111 1107
f 1118 1115 1114
f 1119 1117 1107
f 1109 1120 1107
f 1117 1121 1110
f 1113 1120 1109
f 1110 1121 1114
f 998 999 1000
f 1000 1108 998
f 1112 1108 1000
f 1112 1000 849
f 849 997 1112
f 1113 1112 997
f 1113 997 1122
f 1113 1122 1123
f 1122 1016 1123
f 1124 1123 1016
f 1124 1125 1123
f 1125 1124 1126
f 986 1102 712
f 1102 713 712
f 1102 1127 713
f 1127 714 713
f 1127 1102 1128
f 828 827 1129
f 650 828 1129
f 1130 1032 1007
f 1130 1131 1132
f 1130 1133 1131
f 1134 1130 1007
f 1133 1130 1134
f 1007 1135 1134
f 1134 1136 1133
f 1137 1134 1138
f 1134 1135 1138
f 1131 1133 1139
f 1035 1140 1034
f 1135 1007 1006
f 1141 1006 1034
f 1140 1035 1142
f 1006 1141 1135
f 1034 1140 1141
f 1135 1141 1138
f 1140 1142 1143
f 1141 1140 1144
f 1144 1140 1143
f 1145 1146 1147
f 1146 1145 1142
f 1115 1148 1149
f 1115 1150 1148
f 1150 1151 1148
f 1142 1152 1146
f 1152 1153 1146
f 1148 1151 1153
f 1154 1150 1115
f 1147 1151 1150
f 1146 1151 1147
f 1153 1151 1146
f 1011 1148 862
f 1012 988 993
f 1013 1149 1011
f 1149 1148 1011
f 1116 1013 1012
f 1116 1149 1013
f 1116 1012 993
f 1116 1115 1149
f 1122 997 851
f 1016 1122 851
f 1126 1124 1016
f 1017 1126 1016
f 1017 864 1018
f 714 1155 1018
f 1017 1018 1156
f 1017 1156 1126
f 1018 1155 1156
f 1156 1157 1126
f 827 1158 1129
f 1021 1042 857
f 1023 1159 1160
f 1023 1161 1021
f 1160 1161 1023
f 1161 1042 1021
f 1159 1162 1160
f 1042 1161 1163
f 1029 1025 1164
f 1025 1026 1164
f 1028 1023 1027
f 1029 1023 1028
f 1165 1159 1164
f 1164 1159 1029
f 1166 1159 1165
f 1131 1166 1165
f 1023 1029 1159
f 1166 1162 1159
f 1033 1032 1132
f 1026 1033 1164
f 1132 1165 1033
f 1165 1164 1033
f 1032 1130 1132
f 1131 1165 1132
f 1034 1006 1008
f 1152 1142 1035
f 862 1153 710
f 1152 710 1153
f 862 1148 1153
f 708 1152 1035
f 710 1152 708
f 1041 1020 1037
f 1167 1020 1168
f 1020 1041 1168
f 1169 1168 1041
f 1158 1020 1167
f 1158 827 1020
f 1170 1167 1168
f 1167 1171 1158
f 1170 1171 1167
f 1040 1169 1041
f 1042 1172 1043
f 1169 1173 1168
f 1174 1172 1042
f 1168 1175 1170
f 1168 1173 1175
f 1042 1163 1176
f 1176 1174 1042
f 1170 1175 1177
f 1177 1175 1178
f 1178 1179 1177
f 1174 1176 1179
f 1047 1044 1049
f 1169 1040 1048
f 1180 1048 1047
f 1180 1047 1049
f 1172 1049 1043
f 1173 1169 1048
f 1181 1173 1048
f 1181 1048 1180
f 1172 1181 1049
f 1049 1181 1180
f 1173 1181 1175
f 1175 1181 1178
f 1178 1172 1179
f 1179 1172 1174
f 1181 1172 1178
f 1050 1182 891
f 1182 1051 891
f 1183 1184 1051
f 1182 1185 1051
f 1185 1183 1051
f 1182 1186 1185
f 1185 1187 1183
f 1186 1187 1185
f 1051 1184 1052
f 1184 1065 1052
f 1065 1184 1183
f 1186 1182 1050
f 1065 1183 1070
f 1053 1065 1070
f 1188 1189 1071
f 1071 1070 1190
f 1190 1188 1071
f 1187 1070 1183
f 1191 1070 1187
f 1191 1192 1070
f 1192 1190 1070
f 1192 1193 1190
f 1193 1188 1190
f 1194 1193 1192
f 1192 1195 1194
f 1194 1195 1196
f 1195 1191 1197
f 1192 1191 1195
f 1196 1195 1198
f 1086 1199 1200
f 1201 1083 1200
f 1200 1083 1086
f 1201 1091 1083
f 1199 1202 1200
f 1203 1201 1200
f 1202 1203 1200
f 1203 1204 1201
f 1204 1091 1201
f 1205 1203 1202
f 1205 1202 1206
f 1205 1204 1203
f 1207 1205 1206
f 1208 1205 1207
f 1069 1209 1210
f 1079 1069 1210
f 1085 1210 1199
f 1210 1085 1079
f 1199 1086 1085
f 1210 1211 1212
f 1209 1211 1210
f 1199 1212 1202
f 1210 1212 1199
f 1211 1213 1212
f 1213 1211 1209
f 1202 1214 1206
f 1212 1214 1202
f 1213 1214 1212
f 1209 1215 1213
f 1209 1069 1215
f 1214 1213 1216
f 1213 1215 1216
f 1206 1214 1207
f 1214 1216 1207
f 1207 1217 1208
f 1207 1216 1217
f 1087 1071 1218
f 1189 1218 1071
f 1069 1087 1219
f 1219 1087 1218
f 1188 1218 1189
f 1219 1218 1188
f 1220 1219 1188
f 1193 1220 1188
f 1215 1069 1221
f 1221 1069 1219
f 1220 1193 1194
f 1215 1221 1222
f 1221 1219 1220
f 1223 1220 1194
f 1196 1223 1194
f 1222 1221 1220
f 1196 1198 1223
f 1222 1220 1223
f 1215 1222 1216
f 1088 734 917
f 1224 1089 1091
f 1224 1090 1089
f 1224 1225 1090
f 1225 1226 1090
f 1094 1090 1226
f 1204 1224 1091
f 1204 1227 1224
f 1227 1225 1224
f 1227 1228 1225
f 1229 1226 1228
f 1226 1225 1228
f 1229 1094 1226
f 1205 1230 1204
f 1230 1231 1204
f 1231 1227 1204
f 1228 1227 1231
f 1231 1232 1228
f 1228 1232 1229
f 1230 1205 1208
f 1233 1230 1208
f 1231 1230 1233
f 1231 1233 1232
f 1232 1233 1234
f 1234 1229 1232
f 1235 1233 1208
f 1233 1235 1234
f 1236 1237 1238
f 1239 1237 1240
f 1236 1241 1237
f 1237 1241 1240
f 1242 1236 1238
f 1243 1244 1245
f 1240 1245 1244
f 1240 1246 1245
f 1241 1246 1240
f 1236 1242 1247
f 1237 1239 1248
f 1248 1239 1119
f 1238 1237 1248
f 1238 1248 1249
f 1238 1249 1242
f 1249 1247 1242
f 1229 1101 1094
f 1100 1101 1250
f 1250 1128 1100
f 1128 1102 1100
f 1229 1251 1101
f 1251 1250 1101
f 1252 1250 1251
f 1252 1128 1250
f 1128 1252 1253
f 1251 1229 1234
f 1254 1252 1255
f 1255 1252 1251
f 1252 1254 1253
f 1255 1251 1234
f 1256 1254 1255
f 650 1257 791
f 1258 1259 1260
f 1260 1259 1261
f 1259 1262 1261
f 1262 1263 1261
f 1264 1263 1118
f 1261 1263 1264
f 1264 1265 1266
f 1265 1264 1118
f 1261 1264 1267
f 1239 1266 1265
f 1267 1266 1268
f 1264 1266 1267
f 1240 1268 1266
f 1240 1266 1239
f 1244 1267 1268
f 1260 1267 1244
f 1260 1261 1267
f 1240 1244 1268
f 1243 1260 1244
f 1120 1119 1107
f 1265 1121 1117
f 1113 1269 1120
f 1265 1118 1121
f 1121 1118 1114
f 1265 1117 1119
f 1119 1239 1265
f 1119 1120 1248
f 1120 1269 1248
f 1113 1270 1269
f 1270 1113 1123
f 1271 1270 1123
f 1248 1269 1249
f 1249 1269 1270
f 1272 1249 1270
f 1272 1270 1271
f 1247 1249 1272
f 1273 1271 1125
f 1273 1125 1274
f 1123 1125 1271
f 1273 1274 1275
f 1275 1274 1276
f 1274 1157 1276
f 1272 1271 1277
f 1277 1271 1273
f 1275 1277 1273
f 1276 1278 1275
f 1127 1155 714
f 1125 1126 1157
f 1155 1279 1156
f 1279 1157 1156
f 1280 1127 1128
f 1280 1155 1127
f 1280 1281 1155
f 1155 1282 1279
f 1157 1274 1125
f 1279 1282 1157
f 1282 1283 1157
f 1155 1281 1282
f 1280 1128 1253
f 1283 1282 1281
f 1276 1157 1283
f 1276 1283 1278
f 1257 1129 1284
f 1257 650 1129
f 1285 1286 1139
f 1287 1286 1285
f 1288 1287 1285
f 1289 1286 1287
f 1289 1290 1286
f 1288 1291 1292
f 1293 1288 1292
f 1287 1288 1293
f 1293 1294 1287
f 1287 1294 1289
f 1133 1136 1285
f 1133 1285 1139
f 1136 1134 1137
f 1295 1296 1137
f 1136 1288 1285
f 1288 1136 1291
f 1137 1291 1136
f 1291 1137 1296
f 1292 1291 1297
f 1296 1297 1291
f 1298 1292 1297
f 1137 1138 1299
f 1141 1299 1138
f 1299 1141 1144
f 1144 1143 1300
f 1145 1300 1143
f 1301 1145 1147
f 1142 1145 1143
f 1137 1299 1295
f 1295 1299 1144
f 1295 1144 1300
f 1300 1145 1302
f 1263 1303 1154
f 1303 1302 1301
f 1303 1301 1154
f 1145 1301 1302
f 1303 1263 1304
f 1300 1305 1295
f 1305 1296 1295
f 1300 1302 1305
f 1303 1304 1302
f 1306 1296 1305
f 1305 1302 1306
f 1304 1306 1302
f 1147 1150 1301
f 1154 1301 1150
f 1115 1118 1263
f 1263 1154 1115
f 1158 1307 1129
f 1307 1158 1171
f 1170 1307 1171
f 1308 1309 1310
f 1162 1166 1311
f 1311 1160 1162
f 1161 1312 1313
f 1312 1161 1160
f 1163 1313 1176
f 1161 1313 1163
f 1166 1314 1311
f 1311 1312 1160
f 1315 1312 1311
f 1311 1314 1316
f 1315 1311 1316
f 1317 1176 1313
f 1316 1318 1315
f 1319 1312 1315
f 1319 1313 1312
f 1320 1321 1318
f 1318 1322 1315
f 1322 1318 1323
f 1321 1323 1318
f 1319 1315 1322
f 1313 1324 1317
f 1324 1313 1319
f 1320 1131 1139
f 1314 1131 1320
f 1314 1166 1131
f 1286 1320 1139
f 1320 1316 1314
f 1290 1320 1286
f 1318 1316 1320
f 1321 1320 1290
f 1325 1170 1177
f 1325 1177 1179
f 1325 1179 1176
f 1309 1170 1325
f 1325 1176 1326
f 1308 1170 1309
f 1317 1326 1176
f 1326 1309 1325
f 1310 1309 1326
f 1310 1326 1317
f 1187 1186 1327
f 1328 1327 1329
f 1329 1327 1186
f 1186 1330 1329
f 1331 1329 1330
f 1186 1332 1330
f 1186 1050 1333
f 1187 1328 1191
f 1187 1327 1328
f 1197 1334 1195
f 1195 1334 1198
f 1191 1335 1197
f 1328 1335 1191
f 1334 1336 1198
f 1329 1335 1328
f 1337 1197 1335
f 1329 1331 1335
f 1331 1337 1335
f 1338 1337 1339
f 1338 1197 1337
f 1338 1340 1334
f 1197 1338 1334
f 1336 1334 1341
f 1334 1340 1341
f 1331 1339 1337
f 1338 1339 1342
f 1341 1340 1343
f 1338 1342 1340
f 1222 1223 1344
f 1344 1216 1222
f 1223 1198 1344
f 1198 1336 1344
f 1216 1344 1345
f 1345 1344 1346
f 1344 1347 1346
f 1347 1344 1343
f 1344 1336 1343
f 1348 1216 1345
f 1336 1341 1343
f 1088 1349 734
f 1208 1217 1350
f 1351 1234 1235
f 1351 1255 1234
f 1235 1208 1350
f 1350 1351 1235
f 1216 1348 1217
f 1348 1350 1217
f 1256 1351 1350
f 1348 1352 1353
f 1350 1348 1353
f 1354 1350 1353
f 1354 1256 1350
f 1355 1354 1353
f 1352 1355 1353
f 1355 1356 1354
f 1356 1256 1354
f 1256 1356 1357
f 1358 1355 1352
f 1356 1359 1357
f 1360 1088 791
f 1361 1362 1363
f 1363 1362 1364
f 1365 1366 1367
f 1361 1366 1258
f 1367 1366 1361
f 1362 1361 1258
f 1243 1362 1258
f 1368 1361 1369
f 1361 1363 1369
f 1368 1367 1361
f 1364 1369 1363
f 1369 1370 1368
f 1370 1369 1371
f 1367 1370 1372
f 1370 1367 1368
f 1372 1373 1365
f 1372 1365 1367
f 1371 1374 1370
f 1374 1371 1375
f 1372 1376 1373
f 1376 1372 1370
f 1373 1376 1377
f 1376 1370 1374
f 1378 1374 1375
f 1246 1241 1236
f 1362 1243 1245
f 1245 1364 1362
f 1245 1379 1364
f 1245 1246 1379
f 1379 1246 1378
f 1246 1236 1378
f 1247 1378 1236
f 1369 1364 1380
f 1380 1364 1379
f 1380 1379 1381
f 1247 1382 1378
f 1369 1380 1371
f 1371 1380 1375
f 1375 1380 1381
f 1381 1379 1378
f 1375 1381 1378
f 1383 1382 1384
f 1385 1386 1384
f 1385 1384 1382
f 1387 1388 1389
f 1384 1388 1387
f 1384 1387 1383
f 1386 1388 1384
f 1382 1383 1378
f 1247 1272 1390
f 1391 1390 1272
f 1247 1390 1382
f 1272 1392 1391
f 1393 1392 1272
f 1382 1390 1385
f 1386 1385 1390
f 1392 1394 1391
f 1394 1388 1391
f 1388 1386 1390
f 1391 1388 1390
f 1395 1394 1392
f 1388 1394 1389
f 1396 1395 1392
f 1392 1393 1396
f 1278 1397 1398
f 1397 1278 1399
f 1397 1400 1401
f 1401 1402 1397
f 1397 1403 1398
f 1397 1402 1403
f 1253 1254 1280
f 1404 1280 1254
f 1404 1405 1280
f 1405 1399 1281
f 1406 1405 1407
f 1404 1408 1405
f 1254 1408 1404
f 1400 1399 1406
f 1400 1397 1399
f 1405 1406 1399
f 1408 1409 1405
f 1409 1407 1405
f 1351 1256 1255
f 1408 1254 1256
f 1359 1408 1357
f 1408 1256 1357
f 1304 1410 1306
f 1410 1411 1306
f 1412 1410 1304
f 1413 1411 1410
f 1410 1414 1415
f 1414 1410 1412
f 1373 1414 1412
f 1415 1413 1410
f 1259 1258 1366
f 1260 1243 1258
f 1262 1259 1416
f 1262 1304 1263
f 1366 1416 1259
f 1365 1416 1366
f 1416 1417 1262
f 1304 1262 1417
f 1365 1412 1416
f 1416 1412 1417
f 1373 1412 1365
f 1412 1304 1417
f 1277 1393 1272
f 1398 1277 1275
f 1398 1275 1278
f 1393 1277 1398
f 1399 1283 1281
f 1278 1283 1399
f 1405 1281 1280
f 1284 1129 1307
f 1307 1418 1284
f 1419 1284 1418
f 1257 1284 1420
f 1284 1419 1421
f 1284 1421 1420
f 1422 1423 1424
f 1425 1423 1422
f 1426 1427 1422
f 1427 1425 1422
f 1427 1428 1425
f 1294 1429 1289
f 1430 1429 1424
f 1429 1430 1289
f 1294 1293 1431
f 1293 1432 1431
f 1293 1292 1432
f 1431 1433 1294
f 1294 1433 1424
f 1294 1424 1429
f 1431 1432 1434
f 1434 1432 1435
f 1433 1436 1422
f 1436 1433 1431
f 1434 1436 1431
f 1422 1424 1433
f 1434 1435 1436
f 1435 1432 1437
f 1426 1422 1436
f 1435 1437 1438
f 1439 1437 1440
f 1441 1439 1440
f 1438 1437 1442
f 1439 1442 1437
f 1426 1436 1435
f 1432 1292 1298
f 1298 1297 1296
f 1306 1443 1296
f 1437 1432 1298
f 1298 1296 1443
f 1443 1306 1411
f 1437 1298 1444
f 1443 1444 1298
f 1437 1444 1440
f 1440 1444 1443
f 1411 1440 1443
f 1411 1441 1440
f 1413 1441 1411
f 1418 1307 1170
f 1308 1419 1170
f 1419 1418 1170
f 1322 1323 1445
f 1321 1446 1445
f 1321 1445 1323
f 1322 1445 1324
f 1322 1324 1319
f 1447 1424 1423
f 1430 1424 1447
f 1447 1448 1446
f 1448 1445 1446
f 1448 1447 1423
f 1445 1449 1324
f 1450 1448 1423
f 1451 1448 1450
f 1451 1452 1449
f 1448 1451 1449
f 1445 1448 1449
f 1452 1324 1449
f 1452 1317 1324
f 1425 1453 1423
f 1453 1450 1423
f 1453 1451 1450
f 1453 1452 1451
f 1425 1428 1453
f 1428 1452 1453
f 1452 1454 1317
f 1454 1452 1428
f 1455 1308 1310
f 1455 1310 1454
f 1454 1310 1317
f 1430 1446 1290
f 1430 1290 1289
f 1446 1321 1290
f 1430 1447 1446
f 1186 1333 1332
f 1456 1331 1330
f 1456 1330 1332
f 1333 1457 1332
f 1332 1457 1456
f 1456 1457 1458
f 1459 1460 1461
f 1339 1331 1462
f 1342 1339 1463
f 1463 1464 1342
f 1340 1342 1465
f 1342 1464 1465
f 1343 1340 1465
f 1331 1456 1462
f 1463 1339 1462
f 1465 1466 1343
f 1465 1464 1466
f 1462 1456 1458
f 1458 1463 1462
f 1467 1463 1458
f 1464 1463 1467
f 1468 1457 1333
f 1459 1458 1457
f 1467 1458 1469
f 1470 1464 1467
f 1471 1466 1464
f 1457 1468 1460
f 1457 1460 1459
f 1459 1469 1458
f 1470 1467 1469
f 1471 1464 1470
f 1461 1469 1459
f 1461 1472 1469
f 1352 1348 1473
f 1474 1475 1476
f 1345 1477 1478
f 1345 1346 1477
f 1348 1345 1478
f 1478 1473 1348
f 1477 1346 1479
f 1346 1347 1479
f 1478 1479 1480
f 1478 1477 1479
f 1478 1480 1473
f 1481 1482 1483
f 1473 1480 1481
f 1481 1480 1482
f 1480 1479 1484
f 1480 1484 1482
f 1482 1484 1485
f 1476 1475 1486
f 1479 1347 1484
f 1487 1347 1343
f 1343 1466 1488
f 1347 1489 1484
f 1347 1487 1489
f 1484 1489 1485
f 1471 1490 1466
f 1488 1466 1490
f 1491 1492 1493
f 1494 1495 1408
f 1496 1497 1495
f 1498 1497 1499
f 1497 1496 1499
f 1494 1496 1495
f 1491 1498 1500
f 1491 1493 1498
f 1358 1501 1355
f 1356 1501 1359
f 1355 1501 1356
f 1501 1502 1359
f 1481 1352 1473
f 1503 1358 1483
f 1358 1352 1483
f 1481 1483 1352
f 1358 1503 1501
f 1503 1502 1501
f 1483 1474 1503
f 1494 1359 1502
f 1494 1408 1359
f 1503 1504 1502
f 1504 1503 1505
f 1503 1474 1505
f 1506 1507 1508
f 1506 1508 1505
f 1505 1508 1504
f 1476 1506 1505
f 1474 1476 1505
f 1504 1494 1502
f 1475 1483 1482
f 1474 1483 1475
f 1088 1360 1509
f 1088 1509 1349
f 1510 1376 1374
f 1510 1377 1376
f 1374 1378 1511
f 1510 1374 1511
f 1511 1377 1510
f 1512 1377 1511
f 1513 1511 1514
f 1515 1512 1513
f 1513 1512 1511
f 1387 1389 1516
f 1383 1511 1378
f 1387 1514 1511
f 1387 1516 1514
f 1514 1516 1517
f 1511 1383 1387
f 1516 1389 1518
f 1389 1394 1518
f 1395 1518 1394
f 1517 1516 1519
f 1516 1518 1519
f 1519 1518 1520
f 1520 1518 1395
f 1520 1395 1396
f 1521 1519 1520
f 1522 1520 1396
f 1523 1402 1401
f 1400 1523 1401
f 1522 1396 1393
f 1524 1403 1402
f 1403 1522 1393
f 1398 1403 1393
f 1402 1523 1524
f 1403 1525 1522
f 1493 1524 1523
f 1493 1523 1400
f 1403 1526 1525
f 1524 1526 1403
f 1524 1527 1526
f 1492 1524 1493
f 1406 1407 1400
f 1498 1400 1407
f 1407 1409 1495
f 1495 1409 1408
f 1495 1497 1407
f 1498 1493 1400
f 1497 1498 1407
f 1528 1529 1530
f 1360 791 1531
f 1531 791 1257
f 1257 1528 1531
f 1530 1531 1528
f 1532 1530 1529
f 1533 1534 1535
f 1414 1373 1377
f 1536 1414 1377
f 1415 1414 1537
f 1533 1413 1415
f 1537 1533 1415
f 1536 1537 1414
f 1537 1536 1534
f 1534 1533 1537
f 1515 1536 1512
f 1512 1536 1377
f 1257 1420 1528
f 1420 1421 1538
f 1539 1420 1538
f 1419 1308 1421
f 1528 1539 1529
f 1528 1420 1539
f 1540 1538 1421
f 1540 1421 1308
f 1529 1539 1541
f 1529 1541 1542
f 1539 1538 1543
f 1540 1308 1544
f 1308 1455 1544
f 1541 1539 1545
f 1545 1539 1543
f 1545 1543 1546
f 1545 1546 1541
f 1541 1546 1547
f 1538 1546 1543
f 1548 1547 1546
f 1546 1538 1540
f 1540 1544 1546
f 1546 1544 1548
f 1548 1544 1549
f 1548 1549 1547
f 1541 1547 1542
f 1550 1427 1426
f 1544 1455 1551
f 1427 1552 1553
f 1550 1552 1427
f 1549 1544 1551
f 1549 1551 1547
f 1532 1529 1542
f 1554 1542 1547
f 1547 1551 1552
f 1547 1552 1554
f 1555 1552 1550
f 1556 1552 1551
f 1557 1552 1556
f 1413 1558 1441
f 1558 1442 1439
f 1558 1439 1441
f 1559 1435 1438
f 1559 1426 1435
f 1413 1560 1558
f 1560 1442 1558
f 1559 1438 1442
f 1560 1559 1442
f 1560 1535 1561
f 1413 1535 1560
f 1535 1413 1533
f 1560 1561 1559
f 1561 1562 1559
f 1562 1426 1559
f 1534 1561 1535
f 1550 1426 1562
f 1562 1561 1534
f 1428 1427 1454
f 1553 1454 1427
f 1455 1556 1551
f 1556 1455 1454
f 1556 1454 1553
f 1557 1553 1552
f 1556 1553 1557
f 1563 1564 1468
f 1468 1333 1563
f 1468 1565 1460
f 1460 1565 1461
f 1565 1472 1461
f 1566 1470 1469
f 1566 1471 1470
f 1565 1567 1472
f 1469 1568 1566
f 1564 1567 1565
f 1469 1472 1569
f 1569 1568 1469
f 1568 1570 1566
f 1565 1468 1564
f 1472 1567 1569
f 1568 1569 1571
f 1571 1570 1568
f 1572 1570 1571
f 1564 1573 1567
f 1567 1573 1574
f 1569 1567 1574
f 1569 1574 1571
f 1571 1574 1575
f 1574 1573 1575
f 1563 1573 1564
f 1576 1471 1566
f 1576 1566 1570
f 1570 1572 1576
f 1577 1050 734
f 1507 1506 1578
f 1506 1476 1578
f 1579 1578 1486
f 1476 1486 1578
f 1507 1578 1579
f 1579 1486 1580
f 1579 1580 1581
f 1581 1582 1579
f 1486 1475 1583
f 1482 1584 1583
f 1583 1475 1482
f 1486 1583 1580
f 1585 1583 1586
f 1583 1584 1586
f 1580 1583 1585
f 1585 1587 1580
f 1581 1580 1587
f 1488 1487 1343
f 1485 1489 1588
f 1487 1488 1589
f 1485 1588 1590
f 1590 1482 1485
f 1588 1489 1591
f 1591 1592 1588
f 1590 1592 1593
f 1590 1588 1592
f 1590 1584 1482
f 1590 1593 1584
f 1489 1487 1591
f 1593 1592 1594
f 1586 1584 1593
f 1487 1595 1591
f 1595 1487 1596
f 1487 1589 1596
f 1596 1589 1597
f 1575 1598 1599
f 1571 1575 1599
f 1599 1598 1597
f 1598 1596 1597
f 1592 1591 1594
f 1591 1595 1594
f 1593 1600 1585
f 1593 1594 1600
f 1585 1586 1593
f 1596 1598 1601
f 1594 1595 1587
f 1601 1595 1596
f 1585 1600 1587
f 1587 1600 1594
f 1598 1602 1601
f 1602 1595 1601
f 1603 1490 1471
f 1488 1490 1603
f 1471 1576 1603
f 1576 1572 1603
f 1597 1488 1603
f 1597 1589 1488
f 1572 1599 1597
f 1572 1597 1603
f 1572 1571 1599
f 1349 1577 734
f 1604 1605 1491
f 1605 1492 1491
f 1606 1500 1607
f 1500 1604 1491
f 1606 1604 1500
f 1606 1608 1604
f 1608 1605 1604
f 1608 1609 1605
f 1609 1492 1605
f 1607 1610 1606
f 1610 1608 1606
f 1611 1608 1610
f 1611 1609 1608
f 1607 1612 1610
f 1613 1609 1611
f 1611 1614 1613
f 1615 1494 1616
f 1617 1499 1618
f 1496 1618 1499
f 1494 1615 1496
f 1498 1617 1500
f 1499 1617 1498
f 1607 1500 1619
f 1619 1617 1620
f 1500 1617 1619
f 1618 1620 1617
f 1615 1620 1618
f 1496 1615 1618
f 1619 1621 1607
f 1619 1620 1621
f 1622 1620 1615
f 1621 1620 1623
f 1623 1620 1622
f 1624 1612 1621
f 1621 1612 1607
f 1624 1621 1623
f 1622 1615 1625
f 1624 1626 1612
f 1627 1622 1625
f 1627 1623 1622
f 1628 1508 1507
f 1504 1628 1494
f 1628 1504 1508
f 1579 1628 1507
f 1616 1494 1628
f 1579 1616 1628
f 1625 1615 1616
f 1629 1616 1579
f 1579 1582 1629
f 1627 1625 1630
f 1625 1616 1630
f 1360 1631 1509
f 1514 1632 1513
f 1513 1633 1515
f 1513 1632 1633
f 1634 1633 1632
f 1635 1634 1632
f 1636 1633 1634
f 1637 1515 1633
f 1638 1634 1635
f 1637 1633 1636
f 1521 1639 1519
f 1514 1517 1632
f 1632 1517 1635
f 1639 1517 1519
f 1635 1517 1639
f 1640 1521 1641
f 1640 1638 1639
f 1640 1639 1521
f 1638 1635 1639
f 1638 1640 1642
f 1641 1642 1640
f 1641 1643 1642
f 1521 1520 1641
f 1641 1520 1644
f 1644 1520 1522
f 1525 1645 1522
f 1643 1641 1644
f 1643 1644 1522
f 1522 1645 1646
f 1645 1647 1646
f 1643 1522 1648
f 1527 1524 1492
f 1609 1527 1492
f 1609 1613 1527
f 1613 1649 1527
f 1525 1526 1649
f 1526 1527 1649
f 1647 1525 1649
f 1645 1525 1647
f 1650 1647 1649
f 1651 1649 1613
f 1650 1646 1647
f 1649 1652 1650
f 1652 1649 1651
f 1530 1653 1531
f 1532 1653 1530
f 1654 1631 1360
f 1531 1653 1654
f 1654 1360 1531
f 1655 1653 1532
f 1656 1655 1532
f 1657 1654 1653
f 1658 1657 1653
f 1655 1658 1653
f 1658 1655 1659
f 1660 1657 1658
f 1661 1660 1659
f 1659 1660 1658
f 1631 1654 1657
f 1662 1663 1534
f 1662 1534 1536
f 1662 1536 1664
f 1664 1536 1515
f 1515 1637 1664
f 1663 1662 1664
f 1665 1664 1637
f 1664 1665 1663
f 1542 1656 1532
f 1554 1656 1542
f 1666 1554 1552
f 1554 1666 1656
f 1666 1552 1667
f 1666 1667 1668
f 1667 1552 1555
f 1656 1669 1655
f 1666 1669 1656
f 1555 1668 1667
f 1655 1669 1659
f 1670 1666 1668
f 1659 1669 1661
f 1669 1670 1661
f 1666 1670 1669
f 1661 1670 1671
f 1671 1670 1672
f 1672 1670 1668
f 1550 1562 1534
f 1534 1663 1550
f 1663 1673 1550
f 1550 1673 1555
f 1673 1663 1674
f 1672 1555 1673
f 1674 1672 1673
f 1672 1668 1555
f 1671 1672 1675
f 1675 1672 1674
f 1333 1676 1563
f 1598 1575 1677
f 1575 1573 1678
f 1678 1573 1563
f 1678 1563 1679
f 1677 1678 1679
f 1575 1678 1677
f 1050 1680 1333
f 1577 1680 1050
f 1581 1587 1582
f 1587 1681 1682
f 1682 1681 1683
f 1582 1587 1684
f 1683 1685 1686
f 1687 1685 1683
f 1683 1686 1682
f 1602 1598 1685
f 1681 1587 1595
f 1595 1602 1681
f 1685 1598 1677
f 1685 1687 1602
f 1687 1683 1681
f 1687 1681 1602
f 1688 1577 1349
f 1614 1611 1610
f 1610 1612 1689
f 1689 1614 1610
f 1689 1612 1690
f 1614 1691 1692
f 1692 1691 1651
f 1691 1614 1689
f 1689 1690 1693
f 1693 1691 1689
f 1624 1694 1626
f 1694 1624 1623
f 1623 1627 1695
f 1694 1623 1695
f 1695 1627 1696
f 1612 1626 1690
f 1694 1695 1697
f 1697 1695 1696
f 1696 1627 1630
f 1582 1698 1629
f 1630 1616 1629
f 1698 1699 1629
f 1630 1629 1699
f 1696 1630 1699
f 1697 1696 1699
f 1698 1582 1684
f 1509 1631 1700
f 1701 1702 1631
f 1637 1703 1704
f 1705 1634 1638
f 1706 1705 1638
f 1634 1703 1636
f 1705 1703 1634
f 1703 1637 1636
f 1703 1705 1706
f 1703 1707 1704
f 1703 1706 1707
f 1638 1642 1706
f 1642 1643 1708
f 1708 1643 1709
f 1643 1710 1709
f 1706 1642 1708
f 1646 1711 1648
f 1648 1522 1646
f 1711 1646 1712
f 1710 1643 1648
f 1648 1713 1710
f 1712 1646 1714
f 1714 1646 1650
f 1715 1713 1648
f 1709 1710 1713
f 1711 1715 1648
f 1712 1715 1711
f 1709 1713 1715
f 1716 1712 1714
f 1614 1692 1613
f 1692 1651 1613
f 1650 1717 1714
f 1660 1661 1671
f 1657 1701 1631
f 1657 1660 1701
f 1660 1671 1701
f 1665 1637 1704
f 1663 1665 1674
f 1674 1665 1718
f 1665 1704 1718
f 1563 1719 1679
f 1679 1719 1720
f 1679 1720 1677
f 1721 1680 1577
f 1722 1680 1721
f 1680 1723 1333
f 1563 1724 1719
f 1719 1724 1725
f 1676 1724 1563
f 1724 1726 1725
f 1727 1725 1726
f 1728 1727 1729
f 1726 1724 1729
f 1727 1726 1729
f 1729 1730 1728
f 1677 1720 1685
f 1720 1731 1686
f 1685 1720 1686
f 1731 1682 1686
f 1731 1720 1728
f 1732 1731 1728
f 1725 1720 1719
f 1720 1725 1727
f 1727 1728 1720
f 1349 1509 1733
f 1688 1734 1735
f 1349 1734 1688
f 1735 1736 1688
f 1688 1721 1577
f 1715 1712 1737
f 1712 1716 1737
f 1738 1715 1739
f 1739 1715 1737
f 1738 1739 1740
f 1740 1739 1737
f 1716 1741 1737
f 1737 1741 1740
f 1741 1742 1740
f 1690 1743 1693
f 1691 1744 1651
f 1744 1691 1693
f 1693 1743 1744
f 1745 1651 1744
f 1746 1747 1748
f 1749 1747 1746
f 1745 1748 1747
f 1745 1750 1751
f 1744 1750 1745
f 1750 1744 1743
f 1746 1752 1742
f 1746 1753 1752
f 1753 1746 1751
f 1746 1748 1751
f 1748 1745 1751
f 1752 1753 1754
f 1753 1751 1754
f 1754 1751 1750
f 1743 1694 1697
f 1690 1626 1694
f 1697 1755 1743
f 1743 1755 1756
f 1690 1694 1743
f 1743 1756 1757
f 1750 1758 1759
f 1750 1743 1758
f 1743 1757 1758
f 1758 1757 1760
f 1761 1760 1762
f 1759 1758 1761
f 1760 1761 1758
f 1699 1698 1684
f 1699 1755 1697
f 1756 1755 1699
f 1763 1732 1764
f 1763 1764 1699
f 1699 1765 1756
f 1732 1728 1764
f 1765 1699 1764
f 1764 1728 1730
f 1766 1765 1730
f 1730 1765 1764
f 1766 1756 1765
f 1766 1767 1756
f 1757 1756 1767
f 1766 1730 1762
f 1767 1766 1762
f 1757 1762 1760
f 1767 1762 1757
f 1684 1587 1768
f 1682 1768 1587
f 1731 1769 1768
f 1768 1769 1684
f 1731 1768 1682
f 1732 1769 1731
f 1732 1684 1769
f 1684 1732 1763
f 1684 1763 1699
f 1631 1770 1700
f 1631 1702 1770
f 1701 1771 1702
f 1702 1771 1772
f 1700 1770 1733
f 1700 1733 1509
f 1773 1770 1702
f 1702 1772 1773
f 1733 1770 1773
f 1773 1772 1774
f 1773 1775 1733
f 1776 1777 1778
f 1733 1734 1349
f 1733 1775 1779
f 1733 1779 1734
f 1775 1780 1779
f 1773 1780 1775
f 1774 1780 1773
f 1780 1774 1781
f 1781 1774 1778
f 1778 1777 1782
f 1734 1779 1783
f 1780 1784 1779
f 1779 1784 1785
f 1781 1784 1780
f 1784 1781 1778
f 1778 1782 1784
f 1786 1704 1707
f 1786 1787 1704
f 1707 1706 1788
f 1786 1707 1788
f 1789 1787 1786
f 1788 1790 1786
f 1790 1789 1786
f 1789 1791 1792
f 1791 1789 1790
f 1777 1790 1793
f 1791 1777 1792
f 1790 1777 1791
f 1708 1788 1706
f 1788 1708 1794
f 1708 1709 1794
f 1788 1794 1795
f 1794 1738 1795
f 1788 1795 1796
f 1788 1796 1797
f 1790 1788 1797
f 1790 1797 1793
f 1794 1709 1715
f 1794 1715 1738
f 1738 1798 1795
f 1738 1740 1798
f 1742 1741 1749
f 1795 1798 1799
f 1798 1740 1800
f 1795 1799 1796
f 1742 1800 1740
f 1801 1800 1752
f 1799 1798 1800
f 1717 1716 1714
f 1749 1717 1650
f 1652 1749 1650
f 1741 1716 1717
f 1741 1717 1749
f 1749 1652 1747
f 1651 1747 1652
f 1745 1747 1651
f 1749 1746 1742
f 1742 1752 1800
f 1671 1675 1771
f 1671 1771 1701
f 1675 1802 1772
f 1772 1771 1675
f 1704 1803 1718
f 1804 1674 1718
f 1804 1675 1674
f 1803 1804 1718
f 1802 1675 1804
f 1803 1704 1787
f 1772 1802 1805
f 1803 1806 1807
f 1803 1787 1806
f 1807 1802 1804
f 1803 1807 1804
f 1772 1805 1774
f 1805 1808 1778
f 1787 1792 1776
f 1808 1805 1802
f 1807 1808 1802
f 1806 1808 1807
f 1776 1806 1787
f 1778 1774 1805
f 1808 1776 1778
f 1808 1806 1776
f 1776 1792 1777
f 1789 1792 1787
f 1680 1809 1723
f 1680 1810 1809
f 1809 1811 1723
f 1812 1723 1811
f 1811 1809 1813
f 1814 1811 1813
f 1811 1814 1812
f 1812 1814 1815
f 1815 1816 1812
f 1817 1818 1676
f 1818 1724 1676
f 1762 1730 1819
f 1818 1817 1819
f 1729 1724 1818
f 1723 1676 1333
f 1820 1818 1819
f 1818 1820 1729
f 1819 1730 1820
f 1723 1817 1676
f 1762 1819 1821
f 1821 1819 1817
f 1812 1821 1817
f 1812 1817 1723
f 1812 1816 1821
f 1729 1820 1730
f 1822 1823 1824
f 1734 1822 1824
f 1734 1824 1735
f 1825 1826 1688
f 1736 1825 1688
f 1735 1824 1736
f 1736 1827 1825
f 1824 1827 1736
f 1824 1823 1827
f 1828 1826 1825
f 1825 1827 1829
f 1825 1829 1828
f 1830 1829 1827
f 1823 1830 1827
f 1826 1828 1831
f 1828 1829 1831
f 1831 1832 1833
f 1826 1831 1834
f 1834 1831 1833
f 1688 1826 1721
f 1835 1721 1826
f 1836 1722 1721
f 1835 1836 1721
f 1837 1722 1836
f 1833 1838 1839
f 1837 1840 1722
f 1835 1839 1836
f 1836 1841 1837
f 1837 1841 1840
f 1835 1842 1839
f 1835 1826 1834
f 1835 1834 1833
f 1842 1835 1833
f 1841 1836 1839
f 1843 1841 1839
f 1840 1841 1843
f 1844 1840 1843
f 1840 1844 1845
f 1839 1844 1843
f 1838 1844 1839
f 1845 1844 1838
f 1839 1842 1833
f 1846 1680 1722
f 1846 1810 1680
f 1810 1813 1809
f 1722 1840 1846
f 1810 1846 1847
f 1813 1810 1847
f 1846 1840 1845
f 1848 1846 1845
f 1846 1848 1847
f 1847 1848 1813
f 1813 1848 1849
f 1813 1849 1814
f 1848 1845 1838
f 1754 1801 1752
f 1801 1850 1851
f 1801 1754 1850
f 1754 1750 1850
f 1851 1850 1759
f 1750 1759 1850
f 1851 1815 1849
f 1851 1759 1815
f 1815 1814 1849
f 1815 1761 1816
f 1761 1762 1816
f 1759 1761 1815
f 1816 1762 1821
f 1734 1783 1822
f 1822 1783 1785
f 1822 1785 1823
f 1783 1779 1785
f 1785 1784 1782
f 1785 1782 1823
f 1832 1777 1793
f 1829 1777 1832
f 1823 1782 1830
f 1782 1777 1830
f 1829 1832 1831
f 1829 1830 1777
f 1797 1796 1852
f 1852 1832 1797
f 1832 1793 1797
f 1852 1838 1832
f 1838 1833 1832
f 1800 1801 1799
f 1852 1796 1799
f 1838 1799 1853
f 1852 1799 1838
f 1799 1801 1853
f 1849 1848 1853
f 1801 1849 1853
f 1848 1838 1853
f 1851 1849 1801
