# Mitral Valve (FMA7235)
# BodyParts3D, (c) The Database Center for Life Science licensed under CC Attribution-Share Alike 2.1 Japan
# Licence: https://creativecommons.org/licenses/by-sa/2.1/jp/
# Modified from the original: see README.md in this repository.
# Units: millimetres. +X = patient left, +Y = posterior, +Z = superior.
# Origin: centroid of the heart wall.
o Mitral_Valve
v -2.1531 21.8358 -19.3046
v -2.1217 21.6818 -19.2846
v -2.2137 21.7328 -19.1245
v -2.2497 21.8878 -19.1546
v -2.2759 21.7788 -18.9746
v -2.3165 21.9348 -18.9945
v -1.8386 21.1538 -19.3645
v -2.0954 21.4148 -19.0746
v -2.3038 21.8538 -18.6746
v -2.1175 21.7458 -18.3645
v -2.3264 22.0768 -18.4046
v -2.4579 22.3608 -18.6046
v -2.1911 22.1238 -18.1245
v -2.2286 21.6578 -18.7946
v -1.9623 21.1858 -18.8845
v -1.8475 21.5848 -18.2146
v -1.6441 21.8028 -17.8246
v -1.8682 22.1728 -17.7146
v -1.8037 21.1748 -18.5946
v -1.8917 21.3738 -18.4746
v -2.2849 22.6348 -19.3046
v -2.3823 22.5378 -19.1245
v -2.1626 23.0408 -19.4846
v -2.3003 23.2647 -19.2846
v -2.0780 22.6968 -19.5746
v -2.0110 22.2138 -19.5946
v -1.9018 22.9385 -19.7545
v -1.8061 22.4458 -19.8046
v -1.8982 22.0238 -19.6646
v -2.5407 22.8544 -18.5446
v -2.4501 22.7959 -18.0846
v -2.5518 23.0747 -18.2846
v -2.4541 22.9799 -17.9646
v -2.5214 23.2878 -18.0246
v -2.5306 22.9656 -18.7246
v -2.5176 23.2596 -18.7946
v -2.4238 22.4248 -18.3146
v -2.3138 22.4758 -18.0346
v -2.3272 22.8469 -17.8046
v -2.4968 22.7768 -18.8446
v -2.4860 23.0709 -18.9146
v -2.3678 22.2398 -19.0546
v -2.1441 22.5168 -17.7545
v -2.3686 23.1835 -17.7146
v -2.4429 23.4926 -17.7645
v -2.2257 23.3771 -17.4646
v -1.8433 22.7238 -17.3546
v -1.9692 22.8929 -17.3745
v -1.8871 23.2420 -17.1646
v -1.7214 23.2404 -17.0446
v -1.7554 23.5843 -16.9546
v -1.6334 22.9062 -17.1145
v -1.3397 22.7638 -16.9945
v -1.4111 23.0803 -16.8945
v -0.0443 25.2961 -15.2445
v -0.4915 25.4514 -15.5246
v -2.0934 23.4814 -19.5546
v -2.1950 23.6882 -19.4046
v -2.0216 23.9261 -19.6046
v -1.9163 23.7250 -19.7346
v -1.8180 24.3219 -19.7846
v -1.2908 24.9349 -20.1546
v -2.5389 23.8482 -18.2946
v -2.5033 23.9199 -18.6245
v -2.5439 23.6307 -18.5646
v -2.4699 24.2806 -18.4046
v -2.5406 23.5874 -18.0846
v -2.4258 24.4914 -18.1445
v -2.3619 24.7063 -18.5045
v -2.3225 24.6292 -18.8046
v -2.4285 23.5053 -19.0145
v -2.3412 23.9345 -19.1145
v -2.2839 24.4041 -19.0746
v -2.2254 24.0274 -19.3146
v -2.0362 24.5872 -19.4546
v -2.4666 23.7930 -17.8346
v -2.4024 24.2613 -17.7846
v -2.1793 24.0318 -17.3046
v -2.2099 24.3334 -17.3645
v -2.2107 24.6298 -17.4246
v -2.1073 23.7231 -17.2445
v -2.0395 24.5223 -17.1245
v -1.8735 24.2324 -16.9246
v -2.0486 24.9682 -17.2146
v -1.8636 24.8583 -16.9046
v -1.7401 24.7758 -19.7946
v -1.6857 25.0824 -19.7746
v -1.5023 25.3357 -19.9046
v -1.1864 25.5412 -20.1546
v -2.1172 25.1861 -18.9546
v -2.2334 25.1635 -18.4746
v -2.1122 25.4036 -18.6946
v -2.1242 25.5111 -18.2545
v -2.1882 24.6838 -19.1445
v -1.9265 25.5974 -19.0746
v -1.9449 25.9244 -18.3645
v -1.9169 25.8142 -18.8146
v -2.0701 24.7763 -19.3446
v -1.9599 25.2367 -19.3046
v -1.8228 25.5092 -19.3845
v -2.3189 24.8394 -17.9246
v -2.2388 24.8958 -17.6345
v -2.1844 25.1826 -17.7046
v -2.2507 25.1238 -17.9945
v -2.0576 25.3790 -17.4546
v -2.0672 25.6067 -17.8146
v -1.9038 25.8319 -17.4246
v -1.8528 26.1620 -17.9646
v -1.8539 26.0843 -17.6445
v -1.7669 26.1395 -17.3546
v -1.8705 25.3039 -17.0045
v -1.6640 25.7827 -16.8246
v -1.2458 25.5546 -16.2146
v -1.4783 25.8208 -16.5546
v -1.6165 26.0708 -16.8945
v -1.4514 26.1124 -16.6145
v -1.1601 26.1674 -16.2046
v -0.6117 25.7685 -15.5746
v -0.8336 26.3643 -15.8346
v -0.6860 26.0776 -15.6345
v -1.2760 25.8055 -19.9846
v -1.7868 26.1230 -18.7445
v -1.7779 25.8679 -19.1546
v -1.5862 25.9126 -19.5045
v -1.6013 26.3520 -18.9746
v -1.5275 26.2689 -19.2746
v -1.6454 26.4214 -18.6746
v -1.3837 26.5754 -19.2046
v -1.3419 26.7865 -18.9546
v -1.3500 26.1098 -19.7346
v -1.1850 26.6188 -19.5546
v -1.1591 26.3797 -19.8146
v -1.0543 26.3427 -19.9846
v -1.6597 26.4172 -17.4346
v -1.7337 26.3674 -18.3446
v -1.6414 26.5697 -18.0846
v -1.5260 26.7682 -17.8346
v -1.4811 26.8031 -18.3146
v -1.4727 26.3772 -16.8246
v -1.5053 26.6089 -17.1846
v -1.2228 26.4393 -16.4146
v -1.1546 26.7238 -16.4846
v -1.3302 26.7969 -16.9446
v -1.3100 27.0194 -17.3046
v -1.3112 27.0974 -17.6245
v -0.7201 27.3464 -16.2146
v -0.7389 27.5756 -16.5746
v -1.0776 27.2327 -16.9146
v -0.7945 26.8019 -15.9346
v -0.7310 27.0872 -16.0045
v -0.5858 26.8360 -15.6546
v -0.5314 27.1229 -15.7246
v -0.9555 27.0937 -19.3845
v -0.9023 27.3029 -19.1245
v -0.6398 27.4188 -19.4945
v -1.2710 27.1683 -17.9546
v -1.0855 27.3973 -18.1946
v -1.0242 27.3445 -18.6546
v -1.1030 27.3928 -17.5646
v -0.3683 28.0915 -18.7545
v -0.5833 27.9624 -18.3845
v -0.7860 27.6616 -16.8945
v -0.6339 27.9975 -17.4546
v -0.6052 28.0471 -17.7846
v -0.5876 27.6197 -16.2946
v -0.4471 27.4045 -15.8046
v -0.5123 27.8678 -16.5145
v -1.2290 20.3498 -19.2746
v -1.2105 20.3678 -19.1245
v -1.3636 20.4588 -19.2746
v -1.3485 20.4548 -19.1245
v -1.1849 20.4338 -18.9846
v -0.9497 20.1998 -19.2746
v -0.9278 20.2408 -19.1345
v -1.9044 21.0868 -19.0246
v -1.8352 21.0258 -18.8645
v -1.8034 21.6948 -19.6846
v -1.7313 21.1088 -19.4846
v -1.5921 20.7018 -19.1445
v -1.5859 21.1928 -19.6946
v -1.4337 21.2858 -19.8546
v -1.4779 20.8838 -19.6145
v -1.3555 20.7088 -19.6145
v -1.5126 21.7508 -19.9246
v -1.0561 20.8898 -19.9846
v -0.7409 21.0938 -20.2346
v -1.3518 21.8578 -20.0246
v -1.0961 20.4938 -19.7046
v -0.9669 20.3288 -19.6646
v -1.2234 21.3528 -17.9446
v -1.3766 20.8548 -18.5846
v -0.9753 21.0988 -18.0746
v -0.4902 21.1058 -17.8346
v -0.7416 21.3378 -17.6946
v -1.4956 22.1408 -17.4546
v -1.0936 21.8098 -17.4546
v -1.1565 22.1878 -17.2146
v -0.4333 21.8648 -17.0746
v -0.8073 22.2868 -16.9646
v -1.4886 22.8192 -19.9945
v -1.2009 22.7588 -20.0746
v -0.8399 22.2248 -20.1245
v -0.8073 22.8978 -16.6345
v -0.1452 22.3628 -16.6046
v -1.4146 23.2672 -20.0346
v -1.3413 23.7142 -20.0746
v -1.0924 23.2111 -20.0646
v -1.1248 24.1299 -20.1546
v -0.7731 23.3390 -19.9846
v -0.8445 23.9463 -20.0946
v -0.5080 23.0667 -19.8046
v -0.5886 22.5308 -19.9945
v -0.5930 23.3429 -19.8546
v -0.3452 23.3703 -19.5846
v -0.4156 23.9750 -19.7146
v 0.1579 24.2669 -15.5145
v 1.7772 23.6605 -14.9945
v -1.1757 24.7488 -20.2046
v -0.9640 25.1570 -20.3246
v -0.7766 24.3850 -20.1746
v -0.5178 25.0885 -20.3346
v -0.4752 24.3945 -19.9446
v -0.3823 24.8224 -20.0546
v -0.3076 24.8450 -19.9146
v -0.1375 24.2155 -19.1846
v -0.2712 24.4646 -19.5246
v -0.1697 24.6654 -19.2746
v -0.1480 25.2190 -19.5546
v -0.2996 25.7847 -15.3146
v 0.1574 26.6025 -14.8645
v 0.8837 26.6365 -14.2746
v -0.8567 25.7957 -20.3546
v -0.7732 26.2508 -20.3046
v -0.5848 25.6827 -20.4945
v -0.3696 26.0964 -20.5846
v -0.4387 25.6557 -20.5145
v -0.2680 25.7781 -20.5546
v -0.1411 25.4302 -20.2246
v -0.1419 25.6348 -20.4246
v 0.0357 25.7873 -20.3246
v -0.0755 26.0454 -20.6145
v -0.8400 26.6037 -20.0646
v -0.0864 25.4343 -19.9146
v -0.0243 25.7122 -19.3645
v -0.0298 25.6002 -19.1846
v 0.0474 25.9182 -19.1145
v 0.1202 26.2018 -19.1846
v -0.4749 26.5557 -15.4546
v 0.8484 27.5791 -14.2645
v -0.5884 26.4797 -20.3845
v -0.3174 26.3995 -20.5846
v -0.3587 26.9218 -20.3845
v -0.1234 26.6711 -20.6445
v -0.0320 26.3352 -20.6846
v 0.0183 26.6354 -20.6946
v 0.0744 26.9444 -20.6746
v -0.0015 27.2781 -20.4846
v 0.5088 27.6679 -20.6445
v -0.9295 26.8034 -19.7846
v -0.5888 27.0378 -20.0446
v -0.1804 27.6786 -19.9246
v -0.1754 27.1229 -20.4246
v 0.2646 27.8415 -20.3346
v -0.5324 28.0920 -18.1145
v -0.2256 28.3395 -18.5145
v -0.4622 28.0851 -16.8745
v -0.1223 28.5057 -16.8645
v -0.2702 27.8182 -15.9146
v -0.2065 28.0683 -16.1345
v -0.3408 28.1343 -16.5946
v 0.1457 28.0348 -15.4046
v 0.1017 28.2684 -15.7545
v 0.2286 28.6773 -16.1746
v 0.6625 28.8692 -15.5045
v 0.7533 28.7756 -15.1846
v 0.7754 28.2754 -14.6546
v -0.0355 28.2247 -19.2946
v 0.7269 28.6035 -20.1046
v 0.6080 28.1225 -20.4446
v 0.0797 28.7821 -18.1946
v 0.0108 28.4702 -18.8845
v 0.7964 28.9342 -19.7246
v 0.0963 28.8419 -17.2746
v 0.3482 28.9739 -16.5646
v 0.6710 29.4402 -17.0246
v 0.5200 29.3259 -17.5946
v 0.8535 29.6422 -18.0246
v 0.5430 29.0456 -16.1445
v 0.7927 29.4291 -16.4146
v 1.0857 29.6143 -16.0346
v 0.9314 29.2670 -15.6245
v 1.2570 29.3511 -15.0746
v 1.0283 29.8654 -17.6345
v 1.1051 29.9275 -17.1946
v 1.1429 29.8970 -16.7746
v -0.6032 20.0158 -19.4446
v -0.5563 20.0148 -19.6046
v -0.4016 20.3038 -20.0746
v -0.4192 20.0538 -19.8246
v -0.3998 19.9468 -19.4546
v -0.1071 19.8868 -19.4846
v 0.2014 20.7918 -18.0246
v 0.5725 19.9288 -20.3845
v -0.1289 19.8468 -19.6245
v 1.5779 19.4728 -20.2545
v 0.0820 20.7378 -20.5546
v -0.4071 21.3268 -20.3546
v 0.1369 21.0468 -20.5446
v -0.2698 21.8128 -20.1946
v -0.5000 20.7378 -20.2645
v 0.3434 20.5258 -20.6345
v 0.6785 20.7608 -20.7445
v 0.3196 21.1858 -20.4945
v -0.0795 21.4138 -17.3446
v 1.8328 21.4648 -16.6946
v -0.3181 22.7028 -19.7545
v -0.2100 22.1698 -19.9646
v 0.1065 22.3678 -19.5846
v -0.0474 22.7258 -19.4945
v 0.1563 21.7668 -20.0846
v 0.6406 22.2498 -19.1746
v 0.3908 22.7908 -18.9446
v 0.5378 22.4678 -19.0546
v 0.6037 22.6978 -18.8046
v 1.0082 22.3748 -18.7846
v 2.0273 22.7248 -15.4446
v -0.2296 23.0540 -19.5346
v 0.0369 23.7760 -18.9546
v 0.2715 23.9889 -18.5746
v 0.1856 23.1226 -18.9945
v 0.2396 23.4798 -18.7645
v 0.3892 23.1777 -18.7246
v 0.5553 23.8638 -18.2645
v 0.7118 23.1060 -18.4446
v 0.9381 22.7058 -18.5446
v 1.4722 24.2803 -17.2545
v 1.4342 25.1329 -16.9646
v 1.4621 25.0674 -14.4746
v -0.0352 24.5643 -18.9646
v -0.0582 25.0126 -19.0546
v 0.1146 24.7567 -18.7146
v 0.1613 24.4524 -18.6546
v 0.1627 25.2279 -18.6646
v 1.5194 26.2956 -16.6145
v 1.4767 25.6407 -16.7746
v 1.1693 25.6280 -14.4046
v 2.1391 25.6357 -13.7645
v 1.5323 26.9961 -13.6646
v 0.0164 25.6776 -20.1445
v 0.3159 26.2182 -20.3046
v 0.0367 25.7444 -19.8446
v 0.1558 25.6734 -18.7645
v 0.1786 26.3047 -19.3745
v 0.3317 26.2628 -20.0045
v 0.2387 26.5127 -19.1145
v 0.2575 26.2835 -18.7545
v 0.3005 26.5723 -18.8246
v 0.4165 26.4743 -18.5145
v 0.4387 26.7667 -18.5746
v 1.7212 27.2548 -16.3845
v 0.6034 27.3960 -20.7545
v 0.3015 26.4563 -20.6145
v 0.5161 26.8690 -20.7146
v 0.5535 26.7344 -20.6046
v 1.6719 27.9792 -20.5646
v 0.3083 26.5880 -19.2946
v 0.5378 26.8350 -19.5346
v 0.4521 26.9904 -18.9346
v 0.8176 27.0125 -19.9246
v 0.8149 27.5518 -18.9746
v 1.7353 28.1790 -19.6846
v 0.8592 27.4620 -18.0145
v 0.7216 27.4156 -18.2946
v 0.7764 27.6321 -18.6546
v 0.9684 27.9302 -18.5946
v 1.1842 28.2518 -17.7645
v 2.3412 28.4302 -15.6445
v 1.4985 28.5183 -13.8446
v 1.9288 28.9857 -13.5746
v 1.0219 28.0350 -20.7346
v 0.5615 27.9158 -20.5546
v 1.1250 28.5279 -20.5646
v 1.2592 28.4827 -20.6746
v 1.4902 28.1119 -20.7746
v 1.6907 28.3915 -20.7846
v 1.0744 28.1654 -18.1946
v 1.2781 28.4263 -18.2846
v 1.3475 28.3089 -18.7346
v 1.5716 28.6366 -18.5246
v 1.3052 28.5270 -17.8446
v 1.4073 28.4666 -17.3845
v 1.5066 28.7884 -17.9246
v 1.6712 28.9355 -17.2146
v 1.5385 28.8531 -17.6345
v 1.7701 29.0390 -18.0246
v 1.8141 28.9611 -18.3246
v 1.9082 29.2686 -17.6245
v 1.8336 29.2037 -17.2946
v 1.9041 28.8876 -16.6145
v 1.7927 28.9848 -16.9246
v 2.1635 29.3573 -16.4446
v 1.9756 29.2845 -16.8645
v 1.2712 29.1227 -14.7146
v 1.2082 29.5566 -15.5746
v 1.8281 30.0279 -15.1445
v 1.8583 29.2317 -13.8945
v 1.7901 29.5808 -14.4346
v 2.0812 29.6375 -14.0145
v 2.0670 29.8659 -14.3645
v 1.0690 28.8757 -20.2146
v 1.2371 29.4745 -19.5946
v 1.3453 29.4012 -19.8945
v 1.5744 29.2321 -20.3645
v 1.4450 29.2700 -20.1946
v 1.6845 29.6538 -20.0045
v 1.6130 29.3855 -20.2445
v 1.6404 28.9000 -20.6445
v 1.0230 29.5718 -18.8645
v 1.4672 29.7957 -19.3845
v 1.5791 29.7463 -19.6946
v 1.5507 30.0382 -18.9846
v 1.2673 29.9189 -18.5646
v 1.9168 29.9895 -19.7946
v 0.9809 29.6979 -18.3645
v 1.1146 29.8932 -18.1145
v 1.2658 30.1010 -17.4046
v 1.4304 30.2401 -17.7645
v 1.4783 30.3021 -17.4846
v 1.5076 30.2304 -18.2445
v 2.0585 29.3555 -17.8246
v 2.1785 29.0811 -18.7046
v 2.2720 29.3964 -18.1746
v 1.2991 30.1120 -17.1046
v 1.4588 30.1070 -16.3546
v 1.5733 30.3132 -16.7246
v 2.0741 29.4582 -17.3845
v 1.7007 30.0927 -15.6046
v 1.7273 30.3752 -16.3645
v 2.7199 31.1362 -15.8246
v 2.8223 30.8849 -14.8546
v 2.5335 30.0738 -13.8645
v 2.5524 30.4095 -14.4046
v 1.8077 30.0570 -19.4846
v 2.0178 29.8671 -20.0946
v 2.0324 30.3415 -19.2746
v 1.8863 30.3947 -18.7946
v 2.1111 30.5513 -18.8645
v 1.7879 30.5698 -17.5846
v 1.8671 30.5737 -18.0546
v 1.8239 30.4357 -18.4846
v 2.2095 30.7882 -18.3046
v 2.2107 30.8807 -17.8645
v 2.5626 31.1160 -17.9646
v 1.9112 30.6639 -17.0045
v 2.1587 30.8821 -17.2346
v 2.2504 30.9066 -16.6345
v 2.2517 30.9439 -17.5746
v 2.4347 31.0878 -16.8546
v 0.9903 19.7048 -20.4046
v 1.4181 19.5188 -20.3945
v 2.1216 19.6608 -19.7545
v 1.4590 19.9568 -19.2545
v 1.3467 20.4868 -18.2746
v 1.2691 20.2828 -18.6846
v 1.3737 20.1548 -18.9346
v 1.0058 20.8718 -20.7246
v 0.9873 21.0808 -20.5145
v 2.4948 20.1718 -21.4346
v 1.9711 20.1418 -21.2246
v 1.4005 20.6348 -18.0045
v 1.6791 20.5638 -18.3346
v 2.2986 20.9658 -17.2645
v 2.8367 22.1878 -15.5946
v 2.7622 22.4888 -15.3446
v 0.7021 21.5668 -19.9646
v 1.6627 21.4348 -19.7645
v 1.5993 21.7038 -19.3446
v 1.9996 21.0838 -20.3546
v 1.0864 22.0998 -19.0446
v 2.6673 23.0214 -17.1445
v 3.2263 22.7228 -17.1646
v 2.1346 21.8348 -18.8346
v 2.0912 23.3105 -17.2846
v 3.1904 23.5034 -14.3845
v 2.8877 24.2098 -14.0546
v 2.8316 26.4899 -14.9846
v 3.7963 26.2373 -14.1345
v 2.2754 27.2215 -15.5246
v 2.4666 26.9369 -15.2946
v 2.7961 27.3069 -14.8446
v 2.9666 26.8398 -14.7346
v 3.0768 27.3437 -14.5145
v 3.5332 27.0680 -14.0846
v 5.0895 28.4004 -10.1345
v 2.5108 28.0267 -15.2746
v 2.6149 28.6363 -15.2645
v 2.8952 28.1975 -14.7445
v 2.7180 27.7648 -14.9346
v 2.9854 28.7090 -14.7246
v 2.9268 27.7989 -14.6646
v 3.4735 28.0280 -14.0145
v 3.5324 28.7936 -14.0346
v 1.6492 28.1047 -20.7046
v 1.8654 28.1452 -20.1646
v 2.2276 28.7966 -20.7146
v 2.5747 28.9387 -20.5546
v 2.2274 28.8210 -19.2746
v 2.3757 28.8686 -15.7445
v 2.4354 29.3026 -15.8446
v 2.6708 29.2191 -15.3945
v 2.8374 29.1124 -15.0846
v 2.6710 29.6283 -15.6445
v 2.8995 29.5460 -15.1946
v 3.3428 29.3486 -14.4346
v 2.9537 29.9155 -12.9546
v 4.1472 29.7130 -11.1046
v 4.5900 30.4480 -11.0145
v 2.0671 29.5031 -20.4846
v 1.9446 29.5873 -20.3346
v 2.3330 29.3687 -20.6546
v 2.2804 29.1007 -20.7146
v 2.3851 29.6133 -20.5546
v 2.6201 28.8442 -20.2645
v 2.8183 29.0575 -19.8745
v 2.4329 29.0837 -20.6846
v 2.7537 29.0490 -20.4846
v 2.7709 29.2117 -20.5946
v 2.9473 29.1238 -20.2246
v 3.0584 29.3390 -19.5045
v 2.6203 29.5987 -18.2645
v 2.3743 29.7025 -17.4746
v 2.9229 30.0869 -17.4846
v 3.2718 29.9233 -18.4246
v 3.6134 30.4619 -17.5045
v 2.2021 29.5766 -16.8046
v 2.3675 29.6561 -16.3645
v 2.4449 29.8308 -16.8945
v 2.6188 29.9412 -16.3246
v 2.8091 30.1342 -16.7046
v 3.1744 30.3397 -17.1046
v 2.4954 29.7015 -16.0946
v 2.7851 29.9048 -15.7146
v 3.0305 29.9677 -15.3046
v 3.1974 30.2350 -15.3845
v 2.9109 30.1441 -15.9446
v 3.1048 30.3539 -16.3246
v 3.2408 30.4183 -15.8945
v 3.6241 30.6971 -16.3146
v 3.2520 29.8866 -14.8546
v 3.4496 30.2967 -14.9646
v 3.5067 30.5128 -15.3346
v 3.7488 30.5779 -14.9146
v 3.8576 29.9925 -14.0246
v 3.7787 29.4137 -13.8945
v 3.8340 30.2577 -14.2346
v 3.5647 30.7336 -13.0646
v 2.3813 30.1771 -20.0646
v 2.6389 30.0691 -20.3446
v 2.9175 29.9944 -20.4846
v 2.8595 30.3894 -20.1746
v 2.8487 29.6656 -20.6046
v 2.9856 30.2899 -20.3246
v 3.5752 30.2223 -20.4246
v 2.3103 30.3944 -19.6345
v 2.2716 30.5539 -19.1946
v 2.5040 30.5765 -19.5446
v 2.8873 30.9136 -19.3645
v 2.4192 30.7467 -18.9446
v 2.8247 31.0812 -18.7645
v 2.8322 30.7557 -19.6245
v 3.1664 30.9345 -19.6546
v 3.3370 30.5184 -20.2645
v 3.2534 30.7582 -19.9945
v 3.4707 31.0106 -19.8046
v 2.5432 31.0035 -18.4046
v 2.9365 31.3474 -18.0646
v 3.0382 31.2904 -18.5346
v 3.1277 31.1972 -18.9945
v 2.5275 31.1674 -17.3546
v 2.4876 31.1124 -17.6445
v 3.0913 31.5978 -17.0646
v 2.8223 31.3345 -17.7346
v 3.9127 30.8222 -16.6946
v 3.5496 31.9068 -16.1046
v 3.6901 30.7151 -15.7146
v 3.6164 31.4412 -19.1145
v 3.3375 31.5742 -18.1746
v 3.5289 31.5479 -18.6646
v 4.5282 32.0764 -18.7645
v 4.1632 32.1325 -17.9446
v 3.3415 31.6778 -17.7346
v 4.1537 32.3384 -16.9046
v 4.0256 32.2782 -16.5646
v 1.7704 20.0098 -19.2946
v 2.1813 19.8878 -19.5546
v 2.5092 19.4378 -20.0646
v 2.6862 19.5068 -19.9546
v 1.7279 19.9158 -21.0246
v 2.4611 20.6608 -21.1046
v 2.3920 20.8918 -20.6746
v 2.9964 19.6018 -21.5446
v 3.3170 19.8148 -21.7645
v 1.6789 20.2408 -19.0346
v 2.0785 20.0928 -19.4146
v 1.9879 20.6308 -19.1646
v 2.2029 20.8408 -19.4646
v 2.1939 21.1178 -19.6145
v 2.1320 21.2288 -19.3146
v 2.3415 20.9138 -19.7246
v 2.4574 20.7288 -19.7746
v 2.7960 20.0488 -19.7946
v 2.7265 20.6398 -19.9746
v 2.4674 20.9728 -20.0846
v 2.9738 20.2938 -19.9646
v 1.7265 20.4158 -18.9246
v 1.7890 20.6228 -18.6746
v 1.7148 20.6508 -17.9446
v 1.9952 20.8488 -18.9046
v 2.1245 21.0088 -18.8046
v 2.0445 20.7968 -18.4346
v 2.3217 21.0448 -18.5346
v 2.2043 21.2568 -19.0246
v 2.3347 20.8318 -18.1746
v 2.3946 21.2938 -18.7445
v 2.8188 21.1778 -18.3146
v 2.4789 20.7848 -17.5646
v 2.1978 20.7128 -17.8246
v 2.8851 20.8528 -17.3246
v 2.6762 20.7808 -17.7445
v 3.1521 21.0428 -18.0246
v 3.6219 20.8428 -17.5846
v 3.0127 21.3028 -18.3246
v 3.0593 21.8688 -15.8645
v 4.1937 20.3508 -21.5846
v 2.1682 21.0958 -20.2246
v 2.4364 20.9778 -20.3945
v 2.8334 20.8178 -20.7246
v 2.7241 20.8838 -20.4146
v 2.7342 20.8458 -20.2445
v 1.9076 21.6418 -19.2246
v 2.0405 21.5208 -19.2146
v 2.3956 21.5898 -18.8146
v 2.2991 21.4228 -18.9146
v 2.8170 21.9508 -18.3446
v 2.7058 21.4458 -18.5746
v 2.8727 21.7608 -18.4546
v 2.7683 21.5958 -18.5546
v 3.0533 21.5878 -18.4146
v 3.0223 22.0958 -18.0846
v 3.3081 22.4718 -17.4346
v 3.4447 21.9098 -18.1245
v 3.1590 22.2208 -15.4945
v 3.1614 22.8259 -15.0045
v 3.2194 22.4588 -15.3146
v 3.3052 22.8137 -15.0746
v 3.4045 22.5898 -15.2946
v 3.5162 22.9017 -15.2246
v 3.0486 22.9755 -14.8645
v 3.3509 22.9954 -14.9346
v 3.4542 23.3555 -14.5446
v 3.5638 23.2908 -14.8546
v 3.5650 24.0080 -15.7846
v 3.4919 23.6190 -16.1546
v 3.5574 23.2978 -16.4046
v 3.5392 24.3790 -15.5546
v 3.7705 24.0426 -15.5145
v 3.7827 23.4556 -16.0045
v 3.7762 23.6751 -15.7445
v 3.5123 23.5337 -14.2846
v 3.5395 23.6200 -14.1646
v 3.6024 23.8281 -13.9046
v 3.7785 23.6149 -14.8046
v 3.8900 23.7264 -13.9146
v 3.8005 23.5579 -15.5646
v 3.8377 23.6493 -14.5045
v 3.8292 23.6362 -14.3446
v 3.8085 24.4026 -15.2846
v 3.9304 24.6369 -15.0446
v 4.5188 25.6091 -13.9446
v 4.5450 25.0895 -14.3046
v 5.2645 27.0569 -10.6445
v 3.3272 26.5446 -14.4446
v 3.8436 26.9308 -13.8146
v 3.6411 27.5681 -13.8745
v 4.2673 28.5808 -13.1646
v 5.4114 28.6851 -11.9546
v 4.1370 28.6657 -10.9246
v 8.3545 30.1165 -6.7846
v 4.0922 29.0133 -13.4146
v 4.1879 30.0407 -13.6245
v 4.3938 29.7827 -13.2645
v 4.5961 29.2217 -12.8845
v 3.3048 29.5010 -20.3546
v 3.3097 29.4259 -20.1846
v 3.3433 29.4392 -19.8845
v 3.9480 29.9313 -19.2946
v 4.2762 30.5827 -13.9046
v 4.2492 30.3263 -13.6946
v 4.4586 30.2166 -13.3645
v 5.4690 31.3626 -13.1646
v 4.4849 30.6168 -13.6345
v 6.1900 31.3953 -11.9246
v 6.2334 30.4305 -11.3645
v 5.2990 31.4396 -10.9846
v 5.4031 31.8383 -11.3945
v 3.8840 30.1940 -20.3546
v 3.3759 30.6741 -20.1546
v 3.4896 30.5308 -20.2946
v 3.9429 30.5075 -20.3146
v 4.0267 30.0504 -20.2146
v 4.2524 30.4802 -20.2346
v 4.2322 30.0737 -19.9846
v 4.5359 30.2394 -19.7545
v 4.6442 30.4818 -19.9846
v 6.6051 32.1700 -16.5946
v 3.9900 30.9169 -16.1046
v 5.9085 32.0243 -15.6946
v 5.5161 31.7896 -14.6546
v 5.2636 31.4058 -13.7645
v 5.5768 32.4183 -12.1646
v 4.4465 31.8463 -19.1646
v 5.2320 32.0574 -19.3246
v 4.0241 30.8700 -20.1345
v 5.6909 32.1006 -19.3945
v 6.1129 31.9400 -19.4846
v 5.7259 32.7126 -18.6046
v 4.5825 32.5635 -17.1746
v 4.7232 32.5367 -17.6445
v 4.7315 32.7561 -16.4546
v 4.8389 32.8353 -15.8745
v 6.2714 33.4588 -13.1145
v 5.4470 33.0413 -17.2445
v 5.2418 33.0341 -16.7445
v 2.9645 19.0808 -20.9846
v 3.2425 19.1428 -21.3546
v 4.9812 18.9258 -20.4546
v 3.3198 19.6258 -19.9446
v 3.5773 19.4068 -20.0446
v 3.7561 19.5418 -20.0246
v 5.5962 19.2938 -22.5246
v 4.0077 19.5078 -21.9646
v 3.4833 19.9308 -21.8246
v 3.2644 20.2968 -21.5946
v 3.7171 20.2988 -21.6646
v 3.0026 20.5608 -20.1345
v 3.5757 20.6318 -20.6345
v 3.2221 19.9498 -19.9546
v 3.5430 20.1628 -20.1646
v 5.0896 19.5508 -20.4546
v 3.1812 20.8148 -17.3645
v 4.6524 20.9428 -16.6646
v 3.7821 20.7988 -17.4446
v 3.8181 20.8288 -17.1445
v 3.6428 21.2658 -18.0946
v 3.6236 21.0128 -17.8546
v 4.5512 20.6878 -17.2146
v 3.9293 20.8818 -17.6345
v 4.1054 21.2218 -17.9846
v 4.2358 20.9488 -17.7445
v 4.0828 20.7928 -17.4846
v 3.7359 21.3628 -16.3146
v 3.8278 21.5648 -16.0646
v 4.5973 20.7848 -16.9346
v 4.2298 21.6658 -16.0446
v 4.2419 20.4658 -21.3046
v 5.1433 20.3358 -21.2545
v 4.0103 20.5108 -20.6646
v 4.3702 21.8188 -17.9046
v 3.5252 21.5588 -18.2346
v 4.0975 21.5058 -18.1046
v 4.5445 21.8708 -17.7846
v 3.9152 22.8739 -16.6746
v 4.7088 22.3378 -16.9746
v 4.1060 22.9297 -16.4046
v 4.3728 22.6558 -16.3845
v 5.0016 22.1718 -16.8246
v 3.5991 22.1768 -15.6046
v 3.7402 22.9408 -15.5746
v 3.7621 22.4578 -15.6345
v 3.8588 22.8814 -15.7545
v 4.0363 22.2058 -15.8645
v 4.1030 22.7728 -16.0546
v 4.8118 22.0998 -16.4746
v 3.8599 23.1972 -16.2746
v 4.1400 23.9283 -14.4546
v 4.1857 23.7928 -14.1245
v 4.0364 24.1371 -14.9546
v 4.1900 24.1710 -14.7146
v 3.9630 24.1147 -15.0946
v 4.0356 24.4335 -15.0145
v 4.5166 23.9473 -14.1445
v 4.0556 24.2819 -14.9846
v 4.4066 24.3265 -14.5746
v 4.5021 24.1970 -14.4046
v 5.0058 24.1676 -14.2146
v 4.0609 23.7551 -13.7846
v 4.2564 23.8424 -13.5246
v 4.2876 23.9462 -13.3945
v 4.6256 24.5898 -12.6846
v 4.5183 23.7271 -13.7545
v 4.6821 23.6622 -13.5446
v 4.8982 23.8084 -13.1746
v 4.8127 23.6767 -13.7846
v 4.8449 23.6367 -13.4046
v 4.9757 23.8985 -14.0546
v 4.8946 24.4711 -14.3246
v 5.1732 23.3676 -13.5446
v 5.2493 23.7047 -14.0446
v 5.2835 23.9802 -14.1746
v 7.1189 26.6112 -9.7246
v 4.2383 24.6168 -14.7746
v 4.2905 24.7910 -14.6646
v 4.8010 24.8016 -14.3046
v 4.5995 24.6319 -14.4846
v 4.7585 24.6321 -14.3845
v 5.1150 25.3673 -13.6946
v 5.0520 24.9829 -14.0346
v 5.2694 24.6138 -14.1445
v 5.4233 24.6975 -14.0246
v 5.2047 26.1718 -11.2146
v 5.7820 26.6363 -12.3346
v 5.8696 25.7279 -12.9246
v 5.6420 27.4039 -12.0145
v 7.1072 27.9790 -10.6445
v 6.5847 27.0764 -9.7545
v 5.7883 27.9052 -9.8146
v 5.8775 28.0958 -11.5746
v 7.1782 29.1808 -10.1345
v 7.2588 28.6873 -10.1946
v 5.5682 29.6306 -11.8645
v 5.5889 29.1827 -11.7746
v 6.5969 29.4372 -10.7346
v 6.4493 29.7239 -10.9246
v 7.2797 30.8112 -7.8146
v 6.1292 31.1201 -11.8046
v 6.8084 31.1752 -8.5346
v 5.8637 31.2915 -9.9446
v 7.0597 32.8116 -13.2846
v 6.4560 31.6911 -11.8246
v 6.8589 32.2138 -11.9945
v 9.3028 33.2034 -6.9746
v 8.7479 33.7590 -8.9146
v 6.4195 32.8749 -11.4546
v 6.0032 32.1343 -19.3945
v 6.1889 31.4709 -19.4446
v 6.7060 31.6145 -19.1245
v 5.7837 31.9866 -15.3546
v 6.6992 32.3775 -16.0346
v 7.0059 32.8402 -13.8446
v 6.9257 32.5229 -12.6145
v 5.9810 32.6121 -18.9246
v 5.5099 32.8628 -17.9846
v 5.6199 32.8013 -18.2946
v 6.2263 33.3047 -17.7146
v 6.5209 33.3643 -17.9246
v 6.4406 33.1432 -18.3346
v 5.9286 33.2248 -17.5045
v 6.0425 33.4594 -16.7946
v 6.2743 33.4152 -17.4446
v 6.7211 34.0797 -14.2346
v 7.2254 34.4285 -14.3845
v 6.7484 33.7569 -12.7746
v 6.5914 33.9023 -13.7146
v 6.9854 34.0899 -13.1946
v 7.3350 34.4707 -14.8745
v 7.2328 34.3151 -15.6046
v 3.8179 18.8398 -21.2046
v 4.1691 18.8538 -20.7946
v 5.5343 18.3178 -21.4945
v 4.6675 18.5738 -21.4246
v 5.1704 19.0888 -20.3845
v 4.4755 19.3898 -20.2046
v 5.9104 19.3858 -22.6046
v 5.6602 19.6158 -22.4446
v 7.3366 18.0318 -22.8146
v 4.1327 20.1568 -21.8446
v 5.2918 19.9438 -22.1145
v 4.1455 20.3058 -20.4945
v 4.6820 20.8798 -17.7545
v 4.5590 21.1648 -17.9446
v 4.6749 20.7178 -17.5546
v 5.2565 20.4658 -17.4246
v 5.2572 21.0438 -18.0145
v 4.9638 20.6318 -17.5746
v 5.1180 20.7958 -17.8346
v 5.3860 20.4288 -17.5846
v 5.5483 20.7188 -17.9846
v 5.9092 20.4788 -17.0546
v 4.7587 21.3608 -16.3446
v 4.9265 21.4788 -16.3945
v 4.4397 20.4628 -20.8745
v 4.6314 21.6108 -17.9846
v 4.7492 21.4288 -18.0246
v 5.6983 21.5158 -17.8645
v 5.4886 21.3078 -18.0646
v 6.2123 21.4628 -17.6245
v 6.3084 21.0878 -17.1746
v 5.2235 23.3527 -13.7046
v 5.4895 23.1122 -13.6946
v 5.6490 23.0642 -13.5546
v 5.4844 23.2289 -13.9346
v 5.2908 23.4858 -13.2846
v 5.9169 23.4268 -13.0446
v 5.7528 23.1385 -14.1445
v 5.9927 22.6698 -14.0045
v 5.9621 22.7158 -13.8246
v 8.1851 22.9340 -12.4846
v 6.0869 23.4832 -14.4546
v 6.2913 22.9601 -14.5646
v 5.2173 23.7933 -13.0246
v 5.6910 23.7406 -14.2746
v 5.8604 23.8610 -14.3146
v 5.4808 24.2548 -14.2146
v 5.6503 23.4552 -14.1946
v 5.6574 24.3495 -14.1445
v 6.2253 24.1114 -14.1646
v 6.0125 24.4963 -13.9146
v 6.0408 23.9982 -14.2846
v 6.3685 23.4130 -14.5746
v 6.6893 23.4928 -14.5646
v 6.8381 23.7144 -14.3246
v 7.2860 25.4360 -10.5746
v 6.4857 25.7486 -12.5446
v 6.4139 24.7664 -13.4446
v 8.0399 25.9675 -11.5746
v 6.3887 26.4463 -12.0646
v 8.0709 26.6586 -10.9546
v 7.6364 27.4757 -10.6046
v 9.1707 26.8560 -8.0546
v 9.5585 28.4266 -6.5946
v 8.3482 29.0883 -7.1846
v 7.8174 30.5010 -9.4346
v 7.9803 30.0636 -9.2046
v 9.2118 30.0183 -7.9746
v 7.3994 30.5208 -7.6445
v 7.4487 30.2108 -7.6145
v 8.7520 31.7046 -6.4146
v 9.0260 32.2847 -6.4246
v 7.1480 32.2034 -11.4146
v 7.1359 31.9322 -11.0446
v 9.2025 32.8770 -9.0546
v 9.0645 32.4917 -8.8046
v 9.2523 32.1201 -8.2846
v 8.9896 32.6651 -6.8146
v 6.7560 31.5393 -18.8046
v 6.3939 31.7574 -19.4246
v 6.9019 31.8955 -19.1846
v 7.1640 31.8000 -18.7645
v 7.4573 31.9714 -18.3745
v 7.3365 31.9608 -18.0446
v 7.2916 32.5171 -16.4546
v 6.9948 32.7130 -15.2146
v 7.0789 32.8529 -14.6445
v 7.2262 32.7854 -12.6345
v 7.3614 32.9879 -13.0045
v 7.4473 33.0860 -13.1946
v 7.5104 33.0324 -12.7246
v 7.6148 33.1520 -12.9246
v 7.3039 32.7128 -12.2346
v 7.3323 32.4204 -11.4846
v 7.5276 32.9515 -12.4046
v 7.7891 33.0117 -11.9846
v 6.9519 32.1952 -19.1946
v 6.9279 32.7886 -18.9446
v 7.1948 31.9076 -18.9446
v 7.3616 32.6564 -18.9746
v 7.3026 31.9241 -18.8146
v 7.2710 32.1827 -19.0546
v 6.6617 32.9208 -18.7846
v 7.1841 33.1783 -18.6046
v 7.2989 33.0423 -18.7445
v 7.4010 32.8284 -18.8745
v 6.6592 33.5719 -17.5246
v 7.4573 32.8871 -15.4746
v 8.1391 33.2026 -15.3346
v 7.8673 33.1903 -14.9846
v 7.3839 32.9825 -14.8645
v 7.4865 33.1404 -14.1445
v 7.9328 33.3122 -14.5546
v 7.0633 34.2673 -13.7046
v 7.5812 34.5792 -13.3845
v 7.5235 33.1765 -13.8446
v 7.7701 33.2886 -13.1345
v 8.1313 33.4768 -12.9146
v 8.2655 33.5777 -13.2645
v 7.9843 33.3922 -14.1946
v 8.0512 33.4701 -13.6746
v 7.5724 34.2342 -12.2246
v 7.3625 34.2781 -12.8246
v 8.0558 34.7078 -12.5446
v 10.7282 35.7232 -9.8945
v 8.1684 33.4068 -12.4346
v 8.8665 34.5843 -10.6245
v 6.9949 33.5090 -18.0246
v 7.0636 33.2760 -18.4546
v 7.3067 33.5776 -18.0846
v 7.0480 33.6534 -17.7545
v 7.4055 33.4213 -18.3446
v 7.7011 33.3997 -18.4146
v 6.6661 33.7027 -17.0946
v 7.2846 34.1813 -16.3546
v 6.9638 33.7827 -17.3046
v 8.7199 34.7057 -16.6746
v 8.7980 34.5358 -17.1145
v 8.3471 34.0633 -17.7146
v 7.8649 34.5955 -15.7545
v 8.6798 34.9184 -15.9346
v 7.9203 34.8320 -14.2645
v 7.6717 34.6214 -15.1145
v 8.6078 35.0228 -15.3346
v 7.6250 34.6618 -13.8745
v 7.9886 34.8658 -13.6546
v 8.3003 35.0405 -13.8945
v 8.3397 35.0532 -13.5346
v 8.2120 34.9283 -13.0846
v 8.9429 35.2551 -12.4846
v 5.6382 18.3218 -21.9746
v 5.7873 18.2038 -21.8146
v 5.2421 18.7568 -20.6145
v 5.9168 18.4358 -20.9446
v 5.4587 19.0288 -20.4546
v 7.6931 18.5218 -23.1546
v 6.0303 19.8388 -22.2046
v 5.1597 20.2158 -20.8945
v 5.3476 20.1068 -21.8546
v 5.7321 20.1318 -21.1345
v 5.3953 20.2148 -21.5746
v 5.9347 19.9978 -21.9146
v 5.8542 19.8028 -20.8845
v 5.7781 19.9548 -20.9546
v 5.6835 20.2938 -17.4446
v 5.8650 20.9088 -18.2046
v 5.6669 20.2988 -17.6145
v 6.2125 20.0068 -17.7645
v 5.9927 20.2388 -17.3246
v 5.9387 20.3248 -17.9846
v 5.9681 20.5928 -18.1546
v 6.2139 20.2448 -18.1546
v 6.2811 20.1498 -17.3446
v 6.1485 20.8418 -18.3046
v 6.5245 20.4428 -18.4346
v 6.6127 19.7618 -17.9246
v 6.6560 19.8408 -17.6445
v 6.7334 19.8148 -18.3246
v 7.1595 19.8268 -18.6646
v 5.9907 20.8798 -16.9346
v 6.6425 20.4018 -17.2346
v 7.6269 20.1538 -17.6546
v 6.3224 21.2298 -17.2746
v 6.0352 20.1008 -21.4846
v 5.7458 21.0888 -18.1746
v 5.9252 21.2258 -18.1445
v 6.2169 21.1588 -18.1746
v 6.6550 21.0618 -18.2146
v 6.5621 21.2388 -17.9346
v 6.9884 21.0628 -17.9546
v 7.0748 20.9828 -17.7946
v 6.9809 21.7148 -14.6846
v 6.4445 22.2658 -14.1046
v 6.7967 22.0788 -14.1145
v 7.6860 21.8918 -15.5646
v 7.7979 22.1948 -13.5145
v 7.5955 22.8128 -15.0246
v 9.0249 24.2366 -12.7346
v 7.9786 23.8772 -11.6245
v 8.6733 25.6947 -9.4346
v 8.9707 27.4593 -9.7046
v 9.5082 27.4735 -7.3046
v 8.6797 28.9464 -8.9046
v 8.5962 29.2881 -8.8046
v 8.9973 28.2518 -9.1046
v 9.8494 31.0425 -7.2046
v 9.1031 30.3334 -8.0246
v 9.4828 29.5269 -7.9046
v 9.5803 30.8831 -5.4246
v 9.7263 31.6212 -7.4646
v 9.5780 30.3916 -7.4846
v 9.2184 31.4680 -5.8146
v 9.5161 31.7891 -5.5846
v 9.4986 32.3434 -5.8845
v 12.4333 32.6430 -2.8046
v 9.4628 32.4151 -8.2246
v 10.2784 33.0419 -7.6946
v 9.8346 32.1921 -7.6145
v 9.5493 32.7438 -6.1345
v 10.5079 33.6374 -8.3246
v 9.9320 34.2091 -7.5946
v 10.2626 33.4663 -5.9246
v 10.2067 33.9279 -6.6445
v 7.4091 32.0538 -18.8546
v 7.9339 32.3645 -18.5346
v 7.8115 33.2343 -18.5446
v 7.7482 32.9707 -18.7146
v 8.2096 32.4426 -17.8146
v 8.2527 32.5193 -17.5246
v 8.8474 32.8614 -17.8346
v 7.8728 32.4880 -18.7046
v 8.0697 32.6372 -18.6046
v 7.9428 32.9554 -18.6646
v 9.0626 33.1204 -17.9246
v 8.8549 33.2648 -15.9146
v 8.7998 33.5724 -14.8845
v 8.2312 33.3966 -14.7645
v 8.2954 33.5094 -14.3346
v 8.7907 33.7086 -14.3246
v 9.4433 33.9328 -14.2846
v 9.8414 33.7308 -15.5346
v 8.3985 33.6377 -13.5546
v 9.6696 34.1658 -12.5145
v 9.3896 34.0379 -13.5246
v 8.6527 33.7275 -12.7346
v 10.2901 34.3843 -12.7946
v 9.5427 34.4398 -8.8246
v 10.3391 35.3102 -9.4346
v 10.4437 34.8259 -7.9546
v 8.3967 33.7017 -18.1145
v 8.2842 33.8535 -17.9746
v 8.6814 33.5937 -18.1345
v 9.0355 33.5694 -18.0145
v 8.6830 34.1821 -17.6245
v 8.7975 34.0501 -17.7746
v 8.7288 33.7707 -18.0145
v 9.0322 33.7415 -17.9546
v 9.0876 33.9720 -17.8046
v 8.6431 35.2107 -13.8246
v 8.5691 35.1385 -14.4246
v 10.2738 35.7042 -10.9046
v 10.1817 35.8484 -11.8546
v 9.1605 34.2496 -17.5646
v 9.4390 34.6727 -17.0646
v 9.1329 35.0292 -16.1846
v 9.0331 34.7833 -16.7346
v 9.0434 35.1224 -15.7246
v 9.6515 35.5310 -14.9646
v 9.3935 35.5622 -13.0746
v 9.4320 35.5565 -14.0145
v 10.2186 35.9335 -13.1245
v 7.4681 17.5478 -22.2146
v 7.0753 18.1118 -21.0446
v 7.2399 17.7228 -21.7545
v 7.4535 17.8258 -21.3446
v 7.1319 19.5618 -18.4846
v 7.4180 19.3038 -18.2545
v 7.0141 19.5248 -18.0846
v 7.4627 19.3918 -17.9646
v 7.2658 19.4018 -18.4046
v 7.5337 19.2808 -18.5746
v 8.0351 19.1838 -18.0045
v 7.6349 19.4298 -17.8446
v 7.6069 18.8638 -23.0746
v 6.2255 19.4428 -22.6046
v 10.6245 18.1138 -23.7146
v 6.4999 19.7948 -21.1746
v 6.3008 20.0058 -21.3446
v 6.2268 19.9328 -21.9346
v 6.2708 20.0168 -21.6546
v 6.9824 19.4138 -21.1646
v 6.5868 19.9008 -21.3645
v 7.0969 19.6988 -22.0145
v 6.4645 18.8148 -20.7246
v 6.9929 19.8018 -21.7046
v 6.8674 19.7588 -21.3745
v 11.0270 18.2068 -22.3945
v 7.9901 19.4078 -21.7645
v 7.3564 20.2118 -18.8845
v 7.0422 20.2978 -18.7246
v 8.7204 18.9778 -19.2946
v 7.4058 19.4798 -18.6646
v 7.5262 20.3328 -18.9246
v 8.2091 20.0138 -19.1846
v 7.4122 20.4938 -18.8146
v 7.5606 20.4778 -18.8346
v 6.7368 19.6888 -18.0846
v 7.4011 19.7238 -17.6345
v 6.9631 20.4738 -18.6846
v 7.5798 19.8588 -17.6145
v 7.6740 20.5608 -17.8845
v 7.3838 20.5058 -17.6345
v 7.9919 20.9308 -15.4346
v 7.3531 21.3878 -14.9746
v 7.5744 21.3448 -15.3046
v 7.8792 21.2398 -15.5546
v 8.2559 20.8418 -15.6846
v 8.0660 20.8158 -15.2645
v 8.3879 20.7928 -15.8146
v 7.3911 21.4308 -14.6846
v 8.6668 20.8808 -14.7445
v 7.9925 21.7938 -13.9146
v 7.7610 21.0878 -14.9646
v 8.0420 20.9488 -14.9746
v 8.3634 21.4578 -14.2046
v 6.8873 20.8078 -18.5045
v 7.1813 20.7568 -18.5346
v 7.2331 20.8928 -18.2645
v 7.2815 20.9118 -17.9646
v 8.4576 20.3178 -18.7746
v 8.2110 20.4748 -18.4646
v 7.5082 21.6468 -15.3945
v 7.7994 21.7028 -15.6245
v 8.5778 21.1678 -16.0846
v 7.9621 21.8128 -15.7146
v 7.3599 22.4788 -15.2545
v 7.4167 22.7238 -15.1245
v 8.6263 22.0508 -15.6145
v 8.0350 22.4558 -13.1345
v 8.0439 21.9678 -13.7146
v 8.3122 22.3978 -13.3146
v 8.4594 21.8518 -13.9346
v 8.6015 22.1458 -13.9246
v 8.6004 22.5128 -13.6946
v 8.5312 22.5948 -13.3945
v 8.7447 23.0375 -13.3645
v 8.3019 22.8115 -12.6345
v 8.3298 22.8928 -12.4945
v 8.5399 23.0366 -12.1846
v 8.6837 22.9275 -12.5546
v 8.9731 23.0179 -11.9945
v 8.8973 23.1344 -11.8546
v 8.7160 22.9646 -13.0346
v 8.9148 23.7352 -11.2146
v 8.2919 22.9830 -14.5246
v 8.5400 22.7528 -14.6646
v 8.6496 22.5198 -14.9446
v 8.1564 23.5929 -13.8645
v 8.5368 23.0108 -14.2545
v 8.6126 23.4535 -13.6646
v 8.6947 23.7444 -13.3546
v 8.6989 22.7008 -14.5246
v 8.6353 22.9687 -14.1046
v 8.7032 22.7558 -13.9146
v 8.7550 23.3095 -13.5246
v 9.2374 23.1805 -11.6046
v 9.1955 23.5940 -11.2246
v 8.4496 24.9343 -10.3246
v 8.8085 24.5172 -10.5946
v 8.7399 24.8506 -10.3346
v 9.0426 24.2270 -10.8046
v 9.0808 24.3971 -10.7146
v 9.0484 24.9332 -10.4546
v 8.9326 25.6725 -11.3246
v 9.1753 25.3824 -11.4546
v 8.5796 25.3833 -9.8246
v 8.8122 25.1316 -10.1046
v 8.9800 25.2458 -10.1546
v 8.8897 26.0836 -10.9546
v 9.0995 25.6741 -11.1946
v 9.1807 25.9165 -10.8146
v 9.3443 25.1078 -10.8446
v 9.1491 25.4401 -10.2246
v 9.2746 25.4752 -10.6546
v 9.3362 25.3434 -11.3146
v 9.2725 25.6798 -10.4446
v 9.3009 25.8230 -10.4846
v 9.2558 25.6044 -11.0446
v 9.3063 25.9702 -10.5145
v 9.3666 25.3748 -11.0145
v 9.4764 25.1374 -11.2846
v 8.7250 25.3466 -9.8346
v 8.7834 25.5271 -9.5746
v 8.9553 25.5625 -9.4446
v 9.0375 25.4197 -9.8945
v 9.0809 25.4987 -9.6046
v 9.4203 25.5402 -9.3546
v 9.4623 25.6102 -9.0646
v 9.5612 25.6862 -9.7146
v 9.7480 25.5028 -9.0846
v 9.5049 25.8930 -10.0646
v 9.7352 25.9034 -9.8745
v 9.5801 26.0277 -10.1046
v 9.9852 26.2473 -8.0346
v 9.4896 25.6869 -8.9346
v 10.2702 25.5459 -8.5446
v 10.0081 25.4945 -8.8046
v 8.9885 26.4245 -10.5646
v 9.0885 26.1892 -10.6846
v 9.2859 26.2896 -10.4246
v 9.3551 26.1450 -10.4046
v 9.6238 26.5001 -10.0546
v 10.0404 26.6687 -9.6846
v 10.2349 27.9283 -8.4346
v 10.4202 27.7906 -6.4246
v 9.9375 28.6523 -8.0846
v 9.5460 29.0627 -8.1245
v 10.1040 29.4117 -7.3446
v 10.7898 28.7128 -5.2746
v 9.8198 30.0886 -7.2946
v 13.2233 31.0066 -3.9446
v 13.1655 30.3522 -4.1145
v 10.5131 29.6295 -6.8346
v 11.0779 29.6495 -4.4346
v 10.3741 31.3884 -6.7346
v 10.2253 32.6419 -7.4446
v 10.6436 32.4137 -6.8346
v 10.8795 33.1135 -7.0246
v 10.5325 31.8405 -6.6946
v 11.8766 32.6644 -5.6746
v 11.3221 33.0244 -6.4646
v 11.9101 32.1012 -5.3945
v 10.6991 33.2701 -5.1746
v 14.0137 33.4963 -1.5045
v 10.5600 33.3245 -7.6445
v 11.0096 33.3812 -7.1245
v 11.2433 33.6429 -7.1846
v 10.5278 33.9777 -6.2346
v 11.0784 34.0580 -5.5546
v 11.1789 34.3017 -5.7746
v 11.4294 34.1026 -5.1445
v 11.5161 34.3487 -5.3645
v 9.8079 33.5880 -16.1145
v 10.6653 34.4039 -10.6846
v 10.8198 34.0704 -8.9246
v 10.4467 34.4086 -7.0846
v 10.9373 35.4107 -8.4646
v 10.9743 34.4928 -6.4046
v 11.0106 34.7125 -6.7645
v 11.5513 35.2113 -6.9546
v 11.4419 34.7783 -6.2246
v 9.3817 33.7278 -17.7946
v 9.6254 34.2273 -17.4746
v 9.7181 33.4787 -17.3246
v 9.4678 33.4338 -17.6646
v 9.6670 33.3856 -17.1345
v 10.5145 34.5656 -16.8446
v 10.4295 33.9755 -16.7545
v 10.4128 34.2395 -16.9646
v 10.4765 33.9246 -16.2846
v 10.0385 34.2384 -13.5045
v 11.1449 34.6451 -10.8845
v 11.2633 34.4807 -9.5446
v 11.4704 35.8757 -8.7946
v 11.6200 35.7606 -8.1646
v 9.7299 34.6169 -17.1145
v 9.7565 35.1665 -16.2946
v 10.0620 35.1923 -16.3446
v 10.3618 35.1797 -16.3845
v 10.4750 35.5159 -15.8546
v 10.3974 34.9401 -16.6445
v 9.4955 35.2265 -15.9646
v 9.9038 35.5185 -15.4646
v 10.1934 35.5442 -15.6646
v 10.4443 35.7918 -15.1345
v 10.5495 35.9677 -14.4146
v 10.7312 35.7995 -15.3346
v 10.8322 35.6770 -15.6345
v 10.9334 35.9319 -15.0846
v 10.8452 36.0341 -14.6245
v 10.6861 36.1274 -12.1445
v 11.1406 36.3183 -12.2545
v 11.1426 36.2748 -13.6345
v 10.9701 36.0203 -10.4546
v 11.6133 36.4049 -10.7846
v 11.6659 36.3326 -10.1546
v 11.7128 36.2221 -9.5246
v 7.1742 17.8108 -22.5346
v 7.7317 17.5048 -22.5546
v 7.5964 17.7048 -22.7146
v 8.4707 17.5668 -21.4346
v 8.6569 17.7148 -21.3645
v 8.0860 18.9378 -18.5746
v 7.8070 19.0898 -18.5746
v 7.9392 19.0718 -18.7346
v 8.4780 18.7438 -18.8945
v 9.1638 18.5778 -19.3845
v 7.8426 19.1168 -18.2746
v 8.4120 18.8888 -18.3046
v 8.3221 19.0858 -18.0246
v 8.5812 18.9058 -18.1746
v 8.3925 19.3758 -17.8246
v 8.8282 19.2918 -17.9146
v 8.6738 18.7278 -18.4546
v 8.6111 19.0008 -18.0446
v 9.1796 18.3908 -18.9246
v 9.4406 18.5998 -18.2246
v 7.9215 18.0358 -23.0846
v 10.2838 17.9778 -23.8246
v 8.9382 17.9498 -23.4646
v 11.8861 17.5918 -22.4846
v 9.0738 19.0068 -22.4446
v 7.8517 20.4058 -18.8645
v 8.2953 19.6718 -19.2645
v 8.7457 19.7208 -19.4246
v 9.1088 19.9448 -19.2445
v 8.3636 20.2518 -18.0946
v 8.3654 20.3928 -18.3146
v 9.0498 19.8258 -18.1445
v 8.9986 19.4128 -17.9446
v 9.0654 20.0728 -18.4046
v 8.7569 20.6058 -16.3645
v 8.8981 20.3198 -16.8246
v 8.8166 20.2228 -16.6245
v 8.8879 20.6878 -16.5946
v 8.9581 19.7948 -17.0246
v 8.8575 20.0308 -16.7545
v 8.9935 19.6568 -16.9246
v 9.0200 19.6728 -16.6946
v 9.0501 19.7448 -16.5246
v 8.9287 19.8608 -16.4146
v 9.0331 20.0528 -17.2046
v 9.0225 20.2278 -17.1245
v 9.1257 20.5288 -17.1145
v 9.0933 20.3798 -17.1746
v 9.0474 20.7718 -16.7946
v 8.2536 20.7268 -15.5145
v 8.4133 20.6148 -15.2645
v 8.5016 20.6048 -15.8745
v 8.6086 20.6938 -16.0846
v 8.7139 20.3168 -16.2946
v 8.8101 20.9098 -16.3645
v 8.7230 20.1868 -15.9945
v 8.9939 19.9798 -15.9846
v 8.9242 20.2068 -15.5646
v 8.9499 19.8968 -16.2746
v 9.4952 19.9898 -15.5946
v 8.8428 20.9428 -14.6245
v 9.3198 20.4128 -15.0446
v 8.9034 21.1938 -14.4546
v 8.5639 21.6378 -14.1145
v 9.0965 20.7278 -14.7645
v 9.0741 21.3168 -14.4945
v 9.4412 20.9038 -14.6946
v 9.2112 20.8928 -16.8346
v 9.1981 21.3548 -16.3146
v 9.3725 20.9248 -16.8645
v 8.9678 21.6218 -16.0346
v 8.6313 21.4728 -16.0746
v 8.8731 21.2298 -16.2846
v 9.1133 22.0688 -15.3745
v 9.3760 21.4308 -16.2046
v 8.9186 22.3948 -14.6445
v 8.7901 22.5128 -14.8046
v 8.8132 22.0388 -14.2346
v 9.0280 21.9428 -14.5045
v 9.4181 21.7698 -14.8845
v 9.1705 22.0218 -14.7445
v 9.8910 21.5318 -15.8346
v 9.4555 21.8998 -15.0746
v 8.7237 21.7548 -14.1746
v 8.7617 22.3798 -14.1546
v 8.8099 23.0186 -12.7445
v 9.0362 23.0497 -12.4746
v 9.4385 23.0203 -12.3446
v 9.4374 22.9223 -12.1946
v 9.5881 22.8153 -12.0346
v 9.7209 22.8003 -12.2046
v 9.7050 22.9689 -12.3945
v 9.9981 22.7628 -12.4246
v 9.3482 23.0174 -11.7346
v 9.8866 22.6878 -11.8945
v 9.7371 22.9909 -11.6345
v 9.7083 23.1838 -11.4945
v 10.0984 22.9176 -11.7146
v 10.0995 22.7448 -11.7846
v 10.0535 22.5348 -12.0446
v 9.0527 23.2728 -12.8346
v 9.0498 23.5344 -13.0446
v 9.0983 23.8574 -12.9746
v 9.3109 23.4099 -12.7545
v 9.3822 23.6952 -12.8246
v 9.6197 24.1494 -12.4846
v 9.8709 23.8289 -12.6046
v 9.7556 23.2276 -12.5846
v 9.7943 23.5100 -12.6846
v 10.0360 23.9061 -12.4945
v 9.9004 23.1987 -12.6245
v 10.0910 23.4630 -12.6946
v 9.3572 23.6216 -11.1846
v 9.8223 23.8049 -11.4346
v 9.9891 24.0326 -11.6846
v 9.6963 24.4716 -11.3246
v 9.8942 24.3671 -11.6445
v 9.8816 23.3102 -11.5145
v 10.0134 23.4226 -11.6145
v 10.0669 24.0076 -12.3645
v 9.9585 24.1865 -12.2346
v 10.2384 23.9128 -12.0246
v 10.0055 24.2903 -11.9546
v 10.2096 23.6456 -11.8645
v 10.2267 23.9618 -12.2246
v 9.4831 24.2609 -11.0346
v 9.7273 24.6923 -11.6946
v 9.5681 24.8737 -11.2445
v 9.8813 25.4909 -9.2545
v 9.8794 25.6508 -9.5346
v 9.7497 26.0462 -9.9746
v 10.0540 25.8904 -9.7346
v 10.1824 25.3908 -9.1345
v 10.1863 25.6196 -9.4746
v 10.0693 26.0254 -9.8046
v 10.9073 25.0779 -8.9945
v 10.4772 25.4523 -9.3446
v 10.3625 25.8617 -9.6546
v 11.0456 25.0972 -9.1746
v 10.9311 25.5070 -9.4846
v 10.8394 25.9519 -9.6345
v 10.3803 25.3783 -8.6746
v 12.1702 25.9036 -7.0546
v 11.7252 24.9753 -8.3146
v 11.5751 26.6407 -6.6445
v 10.1922 26.3237 -9.7846
v 10.7548 26.2952 -9.5546
v 10.5617 26.1393 -9.6746
v 11.0630 26.0950 -9.5546
v 11.0677 27.9250 -7.7846
v 11.3741 27.5881 -5.7346
v 12.4787 26.7953 -5.5646
v 10.9711 28.9225 -6.8945
v 11.4136 28.4929 -6.8645
v 12.1882 28.2370 -4.4446
v 11.7629 28.9734 -4.2346
v 12.6489 29.0693 -3.2946
v 13.6630 29.9043 -1.7545
v 14.3027 28.5907 -4.2545
v 11.8584 30.4229 -3.3246
v 12.2871 31.4482 -2.6746
v 13.4613 31.3302 -3.7445
v 12.5229 31.8559 -4.7346
v 12.4886 32.1078 -2.5346
v 14.0560 32.1132 -0.7445
v 12.5175 32.4328 -4.9346
v 12.3923 32.9767 -5.3446
v 12.9958 33.0127 -4.8246
v 13.8459 33.0790 -1.3945
v 13.8496 32.5230 -1.1145
v 11.4608 33.3014 -6.5246
v 12.0991 33.7406 -6.2445
v 12.0588 33.4854 -6.0346
v 12.0918 33.9678 -6.6046
v 12.4657 34.0084 -6.2046
v 11.8667 34.3906 -4.9746
v 12.6452 33.7865 -5.7146
v 12.7812 33.5370 -5.3645
v 12.0397 34.1725 -4.4746
v 11.6171 34.5630 -9.1445
v 11.7484 34.7074 -9.5946
v 11.4845 34.3569 -8.6145
v 11.8133 34.5487 -8.7046
v 11.3877 34.0699 -7.9246
v 11.7385 34.3053 -8.0246
v 12.0075 34.5210 -8.2645
v 12.1274 34.7392 -8.9446
v 12.4034 34.4009 -7.2046
v 12.8949 34.6734 -7.3346
v 12.3255 34.7258 -8.5045
v 13.2074 34.8526 -7.5746
v 12.3012 35.5182 -6.5045
v 12.0676 34.1802 -7.1145
v 12.4235 34.2263 -6.7046
v 12.4828 34.1185 -6.3845
v 12.6449 34.4294 -6.9346
v 11.7474 34.6048 -5.4546
v 12.1085 34.7607 -5.2346
v 12.0442 34.9878 -5.7346
v 12.7754 35.2727 -5.2846
v 12.8928 35.7306 -6.1746
v 14.5585 35.2649 -2.8945
v 10.8751 34.1481 -15.6145
v 10.8667 34.2435 -14.7046
v 11.5193 34.5473 -15.6345
v 11.8633 34.6592 -14.3146
v 12.6084 34.9747 -13.5646
v 11.4250 34.7046 -12.7146
v 11.6905 34.8371 -11.8546
v 11.2080 34.6963 -11.2846
v 14.1921 35.4329 -12.3346
v 12.2366 34.8853 -9.6145
v 11.7975 34.8652 -10.8645
v 12.6340 34.8907 -8.7445
v 10.8929 35.3898 -16.0446
v 11.5780 35.0945 -15.9246
v 11.3542 35.3428 -15.9446
v 12.2351 35.1563 -15.2545
v 10.7842 35.5378 -15.8645
v 11.0623 35.8907 -15.2445
v 11.6896 35.9463 -15.1946
v 11.8047 35.8126 -15.3346
v 11.6814 35.4431 -15.7046
v 12.3642 35.4653 -15.1846
v 12.2611 36.6637 -10.8745
v 12.3649 36.5511 -9.6846
v 12.1529 36.5653 -10.2746
v 12.8159 36.7623 -10.1145
v 12.1234 36.1643 -8.4846
v 12.6356 36.4069 -8.4546
v 13.4115 36.7592 -8.7946
v 13.2966 36.5748 -8.1145
v 11.4412 36.0917 -14.8745
v 12.0891 36.5549 -13.8346
v 11.9471 36.2383 -14.6746
v 12.1873 36.6834 -13.0946
v 12.3220 36.4121 -14.2946
v 12.1521 35.9075 -15.0946
v 12.4774 36.7122 -13.3046
v 12.3993 36.7759 -12.6846
v 8.5875 17.4678 -23.0946
v 8.4829 17.2088 -22.2846
v 8.9981 17.2678 -21.7545
v 8.9950 17.1168 -23.0045
v 8.9030 17.6728 -23.3446
v 8.8689 17.0378 -22.6145
v 8.7151 17.1248 -22.7645
v 9.1970 17.0028 -22.3446
v 9.8797 16.7358 -22.6846
v 9.1972 17.4278 -21.5746
v 9.5189 17.5308 -21.5946
v 9.8752 17.0818 -21.8346
v 9.3367 18.8148 -19.5946
v 9.6090 18.2358 -18.9446
v 9.2237 18.4748 -18.6345
v 9.7035 18.4448 -18.3845
v 9.8553 18.0758 -19.2545
v 8.9470 19.1108 -17.9446
v 9.0425 18.8588 -18.0746
v 9.4937 18.7448 -17.9546
v 9.1842 19.1008 -17.8346
v 9.4347 19.0428 -17.5446
v 9.6646 18.7728 -17.8346
v 9.7542 18.5738 -18.1145
v 10.2325 18.1588 -18.7146
v 9.1937 19.3438 -17.4246
v 9.3461 19.2488 -17.2746
v 9.8834 19.0418 -17.6445
v 8.8402 18.2738 -23.4746
v 11.0601 18.3768 -22.9046
v 9.4466 19.9748 -18.9945
v 10.3206 19.3908 -19.9246
v 9.7954 18.9888 -19.8845
v 9.5612 19.3548 -19.8046
v 10.2705 19.1868 -20.0646
v 10.5232 18.9608 -20.2046
v 10.3604 19.8218 -18.7846
v 9.3389 20.0518 -18.6846
v 9.2155 19.4268 -17.7545
v 9.3742 19.8078 -18.0145
v 9.2414 19.7578 -17.6546
v 9.2959 20.0648 -17.6445
v 9.4605 19.9058 -18.2046
v 9.7958 19.9758 -18.5746
v 9.6984 20.0478 -18.1145
v 9.6798 19.9968 -18.2545
v 9.5729 20.0798 -17.9546
v 9.7319 20.1348 -17.9846
v 10.0232 20.0658 -18.0145
v 9.9782 20.1048 -17.7046
v 9.6937 19.4758 -17.2545
v 10.2584 19.0628 -17.9846
v 10.2256 19.5478 -17.9246
v 10.1550 19.8758 -17.8945
v 10.0292 19.9478 -17.6746
v 9.0425 19.5968 -17.1546
v 9.1803 20.4968 -17.2146
v 9.3184 19.6508 -16.7346
v 9.3942 19.8248 -16.6245
v 9.3983 20.5088 -17.3945
v 9.5690 19.5358 -17.0746
v 9.5444 19.9118 -16.8246
v 9.6193 20.2298 -16.7445
v 9.7007 20.3288 -16.9346
v 9.6775 20.3678 -16.7846
v 9.7309 20.4538 -17.0446
v 9.8507 20.6698 -16.7246
v 9.7130 20.4898 -17.2846
v 9.6021 20.6518 -17.1445
v 9.8689 20.1948 -17.3945
v 9.9318 19.8518 -17.4846
v 9.4539 19.9238 -15.8845
v 9.4130 19.9678 -16.3546
v 9.5845 20.1078 -16.4046
v 9.7328 19.8778 -16.0646
v 9.7446 20.0178 -16.2545
v 10.4476 19.5068 -15.9346
v 10.3516 19.6628 -15.6445
v 10.0536 20.2238 -16.5045
v 10.0888 20.5008 -16.6245
v 10.5651 19.4958 -16.2545
v 10.2906 19.9478 -15.2346
v 9.5540 20.7138 -14.7645
v 9.7263 20.8388 -14.7846
v 9.6449 21.2998 -14.8645
v 10.0450 21.0488 -15.0145
v 10.7485 20.8718 -15.3146
v 9.4639 21.2198 -16.4746
v 9.5491 20.9918 -16.7545
v 9.6517 20.7728 -16.8745
v 9.8567 20.9248 -16.6245
v 9.7506 21.1198 -16.4945
v 10.0971 21.2078 -16.2545
v 10.0132 20.8248 -16.6245
v 10.4389 21.2658 -16.0045
v 10.8915 21.1598 -15.8945
v 10.0771 21.5568 -15.5546
v 10.3998 20.5868 -16.7246
v 10.6243 21.2848 -15.7246
v 9.8146 21.7138 -15.3945
v 9.7968 21.6998 -15.5446
v 9.9374 21.3568 -15.0946
v 10.2145 21.2798 -15.2445
v 10.8345 21.1118 -15.5646
v 10.1245 22.4828 -12.2146
v 10.3818 22.2798 -12.3446
v 10.3944 22.5058 -12.6046
v 10.3277 23.1010 -12.7645
v 10.8695 21.8428 -12.4746
v 10.6691 22.0768 -12.1846
v 11.2766 21.6558 -13.0045
v 10.8108 22.0148 -12.1946
v 11.2905 21.5028 -12.6145
v 11.2063 21.7378 -12.3446
v 11.0641 22.2968 -13.0646
v 10.7249 22.8456 -12.9346
v 10.8689 22.2588 -12.0346
v 11.1248 22.2008 -12.1245
v 10.2767 23.6086 -12.6245
v 10.4526 23.6649 -12.5045
v 10.4981 23.2229 -12.7946
v 10.8135 23.2613 -12.7746
v 10.8956 22.9680 -12.9646
v 11.3970 22.5098 -13.2746
v 11.0122 23.2220 -12.4846
v 11.4990 22.8841 -12.9446
v 10.4738 23.5487 -12.1046
v 11.7753 22.5888 -12.7046
v 11.3256 24.8480 -9.0045
v 11.8954 24.5159 -8.8645
v 12.0585 24.4927 -8.7246
v 11.7896 25.2063 -9.5546
v 11.6874 25.5235 -9.5946
v 11.7398 24.6798 -9.1846
v 11.8696 25.6635 -9.5546
v 11.8998 24.9013 -9.4646
v 12.1871 25.6773 -9.4646
v 12.1213 26.2568 -6.6345
v 12.3744 26.0366 -6.7746
v 12.4793 26.3164 -6.2346
v 12.5300 26.4450 -5.9646
v 12.4547 26.2577 -6.3745
v 12.4196 25.8172 -9.2146
v 12.2946 26.5647 -8.4346
v 12.4087 27.3888 -7.2346
v 13.5510 27.5524 -3.8645
v 13.6347 28.3855 -2.9746
v 12.0552 27.8421 -6.9746
v 13.3731 27.7397 -5.8945
v 12.8718 27.4434 -6.6946
v 14.2613 27.8966 -4.9746
v 14.9101 29.2818 -1.0246
v 13.9956 31.4960 -0.7545
v 13.6044 30.6123 -1.4446
v 13.3069 30.6942 -3.8945
v 15.8465 32.0716 -1.7645
v 14.7214 32.6179 -0.1746
v 17.4643 33.0268 2.5954
v 12.9397 33.8030 -5.4446
v 13.1588 34.0641 -5.5346
v 14.7426 33.5058 -3.6245
v 14.2944 34.0618 -1.6646
v 13.0983 34.5692 -6.7246
v 13.1196 34.3184 -6.0546
v 13.3995 34.8113 -7.1245
v 13.7079 34.9634 -7.3645
v 14.1100 34.8307 -6.3046
v 12.7796 34.1663 -6.1245
v 13.6563 34.4222 -5.6846
v 13.7846 34.6271 -6.0546
v 14.3136 34.5033 -5.1746
v 14.1247 34.6732 -5.8046
v 14.3409 34.6941 -2.2746
v 13.2270 35.1408 -9.3446
v 14.5851 35.3092 -8.3346
v 13.8192 35.1230 -8.0346
v 14.5780 34.9984 -6.4046
v 15.0235 35.8195 -3.5446
v 13.6951 36.3749 -6.8945
v 12.6537 35.1113 -14.5246
v 13.6087 35.4038 -13.4846
v 13.4889 36.0310 -14.0646
v 12.4941 35.9663 -14.8446
v 13.6144 35.7251 -13.9646
v 14.0648 35.7756 -13.4746
v 14.5530 37.2802 -10.4646
v 14.4794 36.7913 -7.4046
v 15.9327 36.6415 -4.9446
v 12.6163 36.3628 -14.3246
v 13.0388 36.1606 -14.3446
v 12.4143 36.5896 -13.7046
v 12.5687 36.6311 -13.7645
v 12.8061 36.7882 -13.2046
v 12.8422 36.5485 -13.9346
v 13.7273 36.7912 -13.1846
v 13.4129 36.3293 -13.9646
v 13.2845 36.8562 -13.1345
v 13.1761 36.9289 -12.8246
v 13.4262 37.0643 -12.1145
v 13.8448 37.0496 -12.4846
v 13.7341 37.0729 -12.1646
v 13.6165 37.1171 -11.8446
v 13.8221 37.1665 -11.4146
v 14.5647 36.9893 -8.3845
v 10.2347 16.7748 -22.2846
v 10.6966 16.7328 -22.1846
v 10.0840 17.6988 -23.8046
v 9.9034 17.4498 -23.6546
v 9.7135 17.0758 -23.3845
v 11.1247 16.2988 -23.2346
v 11.2907 16.3288 -23.5746
v 9.7787 17.3158 -21.6846
v 11.6414 16.9098 -22.2246
v 11.0861 17.7888 -20.1946
v 10.5281 17.9368 -19.9146
v 10.5422 18.0698 -20.0045
v 11.1203 18.0648 -20.3246
v 10.4569 18.5248 -20.1145
v 10.3914 17.8368 -19.5946
v 10.2837 17.9138 -19.2846
v 10.9082 17.8438 -19.0446
v 10.8604 17.7358 -19.3246
v 10.9604 17.6058 -19.6245
v 10.2936 18.3318 -18.4046
v 10.4037 18.1888 -18.5846
v 10.3799 18.6868 -18.1746
v 10.5410 18.7948 -18.2746
v 10.4367 18.2998 -18.4546
v 10.5112 18.4688 -18.3546
v 10.7487 18.3748 -18.5246
v 10.8062 18.6998 -18.5045
v 10.5868 19.0878 -18.3246
v 11.1346 18.1158 -18.7946
v 11.0838 17.9038 -18.9346
v 11.0186 19.2898 -15.9646
v 11.0677 19.4068 -15.6946
v 10.8443 19.3448 -16.2645
v 11.1250 19.2028 -16.2746
v 11.8531 18.9118 -16.3146
v 11.7367 19.0468 -16.0145
v 11.4132 19.4888 -15.4446
v 10.9788 19.6108 -15.4146
v 11.6434 19.2218 -15.7346
v 11.8177 19.2728 -15.6145
v 11.8566 19.4208 -15.4846
v 11.4584 19.6748 -15.3246
v 10.6941 17.7298 -23.9546
v 10.6792 18.2698 -23.4446
v 11.0863 18.3408 -22.5846
v 11.0610 18.6708 -20.4346
v 11.1891 18.3388 -20.4346
v 11.5114 18.7198 -20.5946
v 10.4941 19.4308 -18.2445
v 10.3552 19.6378 -18.1145
v 10.7769 19.4738 -18.6046
v 10.7594 19.3248 -18.5246
v 11.0384 19.3618 -18.8546
v 11.1722 19.4278 -19.1445
v 11.4378 19.2218 -19.1946
v 11.0930 20.2838 -16.9146
v 10.9258 20.1668 -16.8546
v 10.6628 20.3768 -16.7846
v 11.4986 20.0418 -17.0246
v 11.9579 20.1048 -17.1245
v 10.8348 20.5018 -16.8146
v 11.3346 19.9298 -16.9446
v 10.8887 19.8868 -16.7445
v 11.4294 20.4508 -16.8945
v 12.2652 19.1538 -17.0045
v 10.8458 19.4868 -16.4846
v 11.1277 19.4168 -16.6046
v 11.1584 19.6978 -15.3046
v 11.4907 19.8358 -15.2746
v 11.8194 20.0608 -15.4346
v 12.0093 20.4358 -15.7046
v 11.4564 20.7028 -15.5846
v 12.0218 20.5658 -15.8046
v 11.7852 21.0978 -13.0646
v 11.6543 21.2258 -13.0646
v 11.7852 21.1978 -13.2346
v 11.5298 21.2958 -12.9146
v 12.1677 21.0758 -13.5746
v 12.5950 20.5578 -13.2146
v 11.0486 21.0958 -15.7445
v 11.5688 20.8568 -16.2346
v 11.6878 20.8578 -16.0946
v 11.3465 20.6948 -16.6245
v 11.3202 20.9998 -15.9146
v 12.1669 20.3388 -16.9746
v 11.8493 21.7528 -13.5446
v 12.2186 21.3438 -13.7246
v 11.8475 21.4628 -13.4546
v 12.2586 21.6278 -13.8146
v 11.7567 22.0848 -13.5145
v 12.1750 21.9738 -13.7246
v 11.5239 21.7848 -12.3046
v 12.4317 22.1168 -12.9646
v 11.7459 21.4158 -12.5045
v 11.9287 22.2098 -13.5446
v 12.6824 20.8568 -12.8645
v 12.8594 20.9888 -12.8546
v 11.3237 22.8481 -13.0646
v 12.0968 22.2798 -13.5145
v 11.6478 22.7858 -12.7846
v 12.5702 22.2078 -13.2545
v 12.1513 24.5621 -9.4246
v 11.9892 24.4884 -9.1746
v 12.2757 24.2432 -9.1646
v 12.6559 23.9705 -9.4646
v 12.7031 23.9204 -9.1546
v 12.4255 24.4805 -9.5946
v 12.9664 23.6564 -9.4446
v 13.4415 23.2739 -9.5846
v 12.7163 24.5360 -9.8346
v 13.0654 23.5689 -9.7445
v 13.1014 24.2619 -10.0846
v 12.3130 24.2816 -8.8645
v 12.2271 24.5056 -8.5946
v 12.4122 25.1125 -7.8246
v 12.8757 24.0082 -8.8845
v 12.6038 24.6915 -8.2246
v 13.2012 24.6673 -8.3246
v 12.9625 24.9150 -8.0846
v 12.3204 24.7933 -9.6546
v 12.1834 25.2733 -9.6846
v 12.2799 25.4284 -9.6245
v 12.5788 25.3753 -9.6046
v 12.5546 24.7294 -9.7746
v 12.5043 25.0473 -9.7846
v 12.6202 24.8626 -9.8246
v 13.1190 25.0568 -9.7746
v 12.7883 24.9679 -9.8546
v 12.8749 24.6396 -9.9546
v 13.2612 24.3675 -10.1946
v 14.1204 24.6912 -9.8346
v 13.1814 25.2643 -9.5145
v 12.9056 25.9206 -8.8446
v 13.1265 25.0270 -8.1746
v 13.2780 25.1198 -8.3446
v 13.4701 24.7389 -8.5145
v 13.2642 25.4374 -8.3246
v 13.4386 25.3379 -8.6345
v 13.2680 25.7329 -8.3845
v 13.2685 25.5306 -9.1245
v 13.3204 25.6306 -8.7846
v 13.1809 25.7433 -8.8446
v 13.2252 25.8287 -8.5546
v 12.5918 25.1998 -7.7146
v 12.8696 25.1352 -7.8745
v 12.7416 25.7739 -7.2346
v 12.9157 26.2935 -6.9146
v 12.9545 26.0332 -7.3246
v 13.0387 26.3149 -7.3945
v 13.1243 25.7151 -7.9046
v 13.1627 26.0047 -7.9646
v 12.4764 25.8714 -6.9945
v 12.5231 26.0224 -6.7946
v 12.8322 26.3421 -5.8246
v 12.9163 26.3189 -6.4546
v 12.9544 26.2557 -5.9746
v 13.1526 26.5059 -6.5246
v 13.4010 26.3228 -6.2146
v 13.7167 26.4634 -6.3546
v 13.6773 26.0687 -6.0746
v 13.0223 26.3933 -5.5546
v 13.2562 26.1506 -5.8446
v 13.2966 26.2093 -5.5546
v 13.3523 26.3717 -5.2846
v 13.7415 26.5351 -4.7545
v 13.5888 25.9784 -5.8546
v 14.1070 25.6275 -5.6946
v 14.3119 25.7240 -5.2846
v 14.1229 26.1631 -4.8845
v 13.9657 26.7354 -4.4046
v 12.6855 26.7393 -7.9046
v 13.1045 26.0575 -8.4346
v 12.7760 26.9717 -7.4246
v 12.9876 26.5848 -7.6046
v 12.8450 26.6913 -7.7645
v 12.8928 26.7996 -7.4846
v 12.9833 26.8391 -7.1946
v 13.1360 26.1223 -8.1445
v 13.0102 26.6512 -7.3146
v 12.8404 27.1432 -7.0846
v 13.2151 27.2709 -6.5446
v 12.9970 27.0751 -6.9346
v 13.0886 26.8911 -6.9146
v 13.0664 26.5987 -6.8446
v 13.2292 27.0852 -6.6646
v 13.6903 27.1489 -6.2746
v 13.1773 26.7628 -6.7445
v 13.2812 26.7713 -6.6445
v 13.7599 26.7527 -6.4246
v 14.1118 27.4228 -5.6245
v 14.4360 26.8976 -6.0446
v 13.9198 27.1393 -4.0446
v 13.9150 27.6526 -3.4746
v 14.0461 27.0375 -4.1345
v 13.9761 27.8511 -3.2146
v 14.0277 27.5030 -3.6145
v 14.4210 27.6934 -3.0946
v 14.3085 27.8453 -2.9546
v 14.2040 27.5678 -3.4945
v 14.4780 29.1991 -3.5846
v 14.5790 28.6260 -3.9346
v 18.7336 30.4264 0.9754
v 14.8811 30.8079 -2.4346
v 16.2047 30.6034 1.4454
v 14.5394 31.0763 -0.2146
v 15.2469 31.1581 0.5654
v 15.1088 31.1392 -2.2146
v 15.0654 31.4388 -2.2946
v 14.3114 31.8429 -0.4146
v 14.4307 32.3018 -0.3745
v 15.6032 31.5261 1.0254
v 14.6533 33.8223 -1.0446
v 17.7729 33.5677 2.4454
v 15.6419 34.1960 -3.4346
v 15.6382 33.3003 -2.6245
v 15.5713 33.9471 -3.2146
v 15.1794 34.6199 -1.2946
v 17.9118 34.0658 2.0055
v 14.4388 34.8637 -6.0446
v 14.6711 34.6832 -5.2645
v 14.9256 34.9881 -5.9846
v 15.4491 34.9342 -5.2746
v 15.8149 35.0775 -5.5145
v 14.3778 34.3599 -4.8446
v 14.6520 34.5381 -4.9246
v 15.1461 34.7121 -4.8745
v 15.5006 34.5243 -4.1046
v 14.9407 35.1911 -2.3146
v 15.2111 35.5820 -2.7445
v 15.8968 35.4981 -1.8945
v 15.7126 35.8056 -2.7146
v 15.3850 34.9932 -1.5646
v 16.0396 35.5870 -9.5246
v 15.1423 35.2689 -7.3146
v 15.3732 35.1689 -6.4046
v 15.8432 36.2021 -3.5946
v 16.1958 36.1196 -3.0045
v 13.9812 35.4546 -12.9246
v 14.5143 35.5716 -12.4146
v 14.3905 35.5986 -12.7046
v 14.2973 35.8055 -13.2046
v 14.6625 35.7347 -12.6245
v 14.5209 35.9729 -13.0145
v 14.6529 35.8493 -12.7946
v 14.8010 35.7458 -12.4846
v 16.2091 36.8975 -5.6546
v 14.1102 36.4292 -13.3146
v 13.8072 36.0462 -13.8046
v 14.1864 36.0859 -13.4046
v 13.8866 37.1181 -12.1946
v 14.2094 36.7779 -12.9346
v 14.3340 36.6342 -12.9746
v 14.5531 36.2759 -13.0346
v 14.2878 36.9863 -12.5346
v 14.6272 37.0272 -12.2746
v 14.5694 36.8513 -12.5446
v 14.6494 36.5872 -12.8046
v 14.7987 36.3036 -12.7645
v 13.9232 37.1516 -11.8945
v 14.2083 37.1467 -12.0846
v 14.8133 37.3216 -10.9746
v 14.9230 37.2574 -11.2846
v 15.0076 37.1315 -11.7346
v 15.2378 36.8637 -12.0145
v 16.2728 37.4264 -8.8745
v 15.5046 37.3810 -10.3046
v 11.0618 16.4638 -22.6445
v 11.1092 16.5698 -22.3645
v 11.5773 16.1928 -23.1245
v 14.6547 15.4818 -23.2445
v 11.5493 16.4868 -22.4046
v 11.2677 16.5868 -23.8146
v 11.6434 17.2178 -24.1946
v 11.1505 17.5268 -19.9446
v 10.8164 17.7328 -19.9346
v 11.4937 17.5608 -20.3046
v 11.4965 17.3668 -19.9546
v 11.5060 17.6798 -20.3845
v 11.7677 17.2688 -20.1245
v 11.9262 17.2138 -19.9846
v 11.7713 17.4728 -20.4346
v 11.6245 18.5308 -20.6646
v 12.2863 18.0678 -20.8845
v 11.4946 17.7308 -19.1046
v 11.4142 18.0418 -18.9246
v 11.5150 17.3848 -19.8046
v 11.8168 18.8268 -19.3046
v 12.5537 17.1638 -19.7545
v 14.9797 16.5548 -20.4246
v 12.3831 17.1368 -19.8745
v 14.6117 16.9498 -20.2046
v 12.0963 18.8478 -16.6445
v 12.3805 18.8568 -16.8645
v 12.6706 18.6648 -16.8446
v 11.9331 19.1408 -15.7545
v 12.1117 19.2218 -15.6445
v 12.3161 18.8868 -16.0646
v 12.2670 18.7688 -16.3446
v 12.2252 19.0768 -15.7846
v 12.7525 18.7788 -16.1046
v 13.0786 18.8368 -16.0045
v 12.7014 18.6478 -16.3745
v 11.8103 17.3348 -24.2545
v 11.4445 17.7558 -24.0646
v 12.0725 18.0858 -22.9846
v 11.9818 18.8158 -20.6445
v 12.3308 18.3588 -20.9446
v 12.7220 18.7228 -20.7346
v 11.7095 19.1358 -19.3845
v 11.6866 19.2358 -19.7645
v 11.9753 19.1488 -19.7946
v 12.9587 18.7678 -20.0045
v 12.3927 18.8168 -19.6345
v 12.6226 19.6458 -17.3246
v 13.5093 19.6108 -17.5746
v 12.5319 19.9808 -17.2846
v 12.5784 20.1698 -17.1546
v 12.5843 20.4248 -16.0446
v 14.2420 19.7318 -16.6145
v 14.1141 19.8978 -16.6445
v 12.8595 19.2018 -15.7746
v 12.3198 19.4898 -15.5546
v 12.4041 20.5858 -16.1345
v 12.1016 19.9918 -15.5546
v 12.1793 20.8058 -13.2046
v 12.8174 20.4488 -13.8346
v 13.0759 20.1598 -13.8146
v 13.0944 20.4838 -14.1746
v 12.6257 21.2148 -14.0145
v 13.3704 20.0048 -13.6646
v 13.3956 20.0688 -13.5246
v 13.2016 20.0978 -13.9746
v 12.6534 20.7378 -12.9446
v 13.6167 20.3088 -13.2746
v 13.5707 20.1268 -13.4146
v 13.1683 20.0788 -17.2146
v 12.8998 20.4298 -16.4846
v 13.0982 20.3028 -16.7946
v 12.4581 21.9058 -13.8346
v 12.5338 21.5478 -13.9846
v 12.7036 21.6688 -14.0246
v 13.1394 21.6028 -14.1345
v 13.3176 21.6808 -14.0246
v 13.1706 21.0458 -14.3845
v 13.3359 21.1598 -14.4546
v 12.4381 22.2378 -13.1046
v 12.5560 22.2198 -13.4146
v 14.8547 20.8688 -14.0746
v 12.5688 22.0918 -13.0746
v 12.6759 22.1168 -13.5646
v 12.8547 21.9868 -13.2445
v 12.9595 21.9968 -13.5746
v 13.8748 22.6618 -10.2846
v 13.7070 22.8728 -10.3046
v 13.8105 22.8198 -10.4646
v 13.2684 23.3471 -9.9046
v 14.0812 23.2951 -10.9146
v 13.8959 23.0661 -10.6846
v 13.2574 23.6135 -10.0946
v 13.6132 23.9312 -10.5045
v 13.9891 23.6442 -10.8246
v 13.9439 22.7618 -10.6245
v 14.0718 23.0005 -10.8546
v 13.5399 24.2928 -10.3346
v 14.0323 22.6008 -10.1445
v 14.9313 21.8648 -10.5746
v 14.4735 23.0075 -9.5145
v 14.4331 23.4887 -9.2346
v 14.4087 24.2599 -9.2846
v 13.5506 25.1471 -8.7046
v 14.3498 24.6368 -9.6946
v 13.6554 25.2290 -8.9546
v 14.4337 24.5567 -9.5346
v 13.9736 26.1325 -6.2746
v 14.3553 25.6404 -6.1946
v 14.2574 26.0658 -6.3745
v 14.6611 25.8203 -6.5045
v 14.5627 26.1434 -6.5145
v 14.8602 25.2083 -6.3346
v 14.7458 25.1168 -5.9846
v 14.6720 25.3159 -5.5546
v 14.4012 26.0061 -4.8845
v 15.2275 24.7706 -5.9746
v 14.7166 25.6976 -5.0246
v 15.3093 25.2253 -5.1546
v 15.1004 25.6588 -4.9446
v 14.2270 26.5443 -4.5145
v 14.4668 26.2766 -4.7046
v 14.6385 26.4005 -4.7346
v 14.7214 26.0537 -4.8346
v 15.1305 25.8165 -4.9146
v 15.2208 26.5124 -5.2146
v 14.0098 26.4110 -6.3945
v 13.9626 26.9513 -6.2746
v 14.0657 26.7197 -6.3645
v 14.4428 26.6841 -6.2846
v 14.9436 26.4480 -6.3046
v 14.4707 27.4892 -5.2246
v 14.5523 27.2358 -5.4846
v 14.6999 27.2520 -5.0446
v 15.0459 26.8255 -5.3146
v 14.9383 26.8954 -5.6245
v 15.5829 26.3709 -5.9146
v 14.2052 27.0932 -4.1646
v 14.3726 27.5547 -3.9846
v 14.3277 27.0118 -4.3246
v 14.3974 27.3718 -4.2545
v 14.5686 26.9006 -4.6445
v 14.5094 27.5737 -4.4746
v 14.5241 27.2397 -4.5546
v 14.5434 27.5521 -4.6245
v 14.5995 27.4526 -4.9246
v 14.5175 27.9388 -4.2445
v 14.4789 27.8401 -4.6746
v 14.6332 27.3126 -4.8346
v 14.8556 26.6325 -4.9346
v 14.3768 27.6242 -3.6846
v 14.5656 27.6522 -3.1046
v 14.7762 27.7350 -2.6846
v 14.5612 27.7755 -3.5946
v 14.7084 27.6802 -3.2445
v 14.7062 27.7881 -3.4446
v 14.5792 27.9984 -3.9546
v 15.0261 27.7770 -3.2946
v 15.0498 28.0362 -3.5045
v 15.0140 27.6543 -3.1646
v 15.0314 27.5283 -2.8346
v 15.3087 27.4856 -3.0346
v 15.4932 27.8519 -3.3446
v 15.3127 27.3916 -2.8446
v 15.5980 27.4273 -3.1046
v 14.9455 27.6235 -2.6846
v 15.3796 27.5225 -2.4146
v 15.4665 27.3052 -2.6846
v 15.3517 27.4413 -2.5446
v 15.9576 28.3176 -1.1145
v 14.4731 28.2427 -4.3046
v 14.4783 28.4251 -4.1846
v 14.6336 28.2852 -4.0246
v 14.9996 28.6564 -3.5446
v 14.7303 28.1595 -3.8346
v 14.9025 28.1727 -3.6746
v 15.2982 28.5228 -3.3945
v 15.4121 28.3131 -3.4246
v 15.8974 28.3047 -3.1546
v 15.6642 27.9748 -3.3745
v 19.3658 29.9427 1.3054
v 18.3321 29.1297 -0.2346
v 16.0716 29.7313 0.5754
v 16.8224 29.9390 1.6654
v 17.7216 30.6868 0.1255
v 16.2482 30.9658 1.6854
v 17.9581 30.5655 3.6854
v 17.5426 31.0116 3.3454
v 18.2330 31.3667 0.6854
v 18.0892 31.9490 0.4254
v 17.7290 32.3738 3.2854
v 17.2901 31.7562 3.0354
v 18.3236 32.7971 0.2054
v 17.4489 33.2792 -0.9246
v 16.1616 33.9803 -2.7146
v 16.3418 34.2696 -2.9346
v 17.0135 34.0134 -2.0446
v 16.9566 34.8466 0.1055
v 15.6417 34.7891 -4.6546
v 16.2678 35.0058 -4.8745
v 16.1712 34.5487 -3.5846
v 16.6144 34.9243 -4.3546
v 16.6711 34.4548 -3.0145
v 17.0465 36.0237 -2.0145
v 16.9010 35.6340 -1.2946
v 16.6152 35.4073 -6.6245
v 16.5218 35.2613 -5.8046
v 16.3431 36.3085 -3.3745
v 16.3093 36.5071 -4.0346
v 16.3776 36.0083 -2.5446
v 16.6876 36.2778 -2.9546
v 16.8156 36.5502 -3.6546
v 15.3574 36.0511 -12.1646
v 15.2709 35.8050 -11.9446
v 15.0515 36.0342 -12.4246
v 15.2368 35.6286 -11.4346
v 15.6167 35.8504 -11.5446
v 15.7075 36.0958 -11.7645
v 15.7568 35.7786 -11.1046
v 16.0459 36.1426 -11.3546
v 16.0769 36.0242 -11.1746
v 16.1258 35.7910 -10.5145
v 15.9620 37.0726 -6.8546
v 16.7491 36.8481 -4.7946
v 16.8496 37.0415 -5.6245
v 17.1961 37.0244 -5.2046
v 17.0744 37.2704 -6.7846
v 16.7795 36.7330 -4.3046
v 17.0947 36.8242 -4.3645
v 14.9864 36.1581 -12.6046
v 14.9226 36.3172 -12.6245
v 14.9672 36.4928 -12.5145
v 14.9969 36.6709 -12.4046
v 15.6233 36.3817 -11.9246
v 15.3191 37.0914 -11.6145
v 15.4253 36.5188 -12.1245
v 15.5080 37.1344 -11.3446
v 15.5941 36.9122 -11.6145
v 16.1064 36.8885 -11.0646
v 15.6481 36.5505 -11.8546
v 16.0412 36.6628 -11.3146
v 16.2678 36.4707 -11.1445
v 15.9471 37.3142 -10.3546
v 16.3585 37.4140 -9.5045
v 16.2121 37.1744 -10.5145
v 16.4447 37.2987 -9.9546
v 16.5126 37.0600 -10.3845
v 16.3803 36.6696 -10.8945
v 16.6892 37.3964 -9.2445
v 11.9600 16.1708 -23.8246
v 11.8182 16.1038 -23.6046
v 13.1366 16.1108 -22.7046
v 12.1285 16.4008 -24.0546
v 12.9607 15.9478 -24.1245
v 13.2797 16.1588 -24.3546
v 12.8833 16.3328 -22.5646
v 13.6543 16.4828 -22.7645
v 12.1954 17.1018 -20.1546
v 12.4600 17.1628 -20.6546
v 12.3498 17.4678 -20.7545
v 12.4656 16.9968 -20.3246
v 12.4837 17.0128 -20.1746
v 12.7536 16.9048 -20.3446
v 13.1890 16.7898 -20.3745
v 13.2987 16.7268 -20.6946
v 12.8822 17.0578 -20.8346
v 13.2566 17.6868 -21.2246
v 12.8058 18.5478 -16.6746
v 13.9370 18.3708 -17.2846
v 13.9299 18.2068 -17.0746
v 13.3832 18.3738 -16.7246
v 14.6453 17.9458 -17.1145
v 14.5059 18.2398 -17.4746
v 14.0143 18.3488 -16.4945
v 13.2106 17.4618 -24.2445
v 12.2896 17.9178 -22.8246
v 12.9079 17.5138 -22.8246
v 12.3596 17.9868 -23.0045
v 13.0133 17.7378 -23.6646
v 12.9100 17.8448 -23.3546
v 13.0153 18.0418 -21.1946
v 12.4537 18.4938 -20.9546
v 14.0824 18.1548 -21.4246
v 13.7534 18.0308 -21.4346
v 15.0443 18.9818 -17.9546
v 12.8401 20.0068 -17.3146
v 16.1340 19.1498 -18.0546
v 15.0444 19.6168 -17.5346
v 14.9267 19.1638 -17.9146
v 15.5422 19.2268 -17.9846
v 13.3347 20.1268 -14.2146
v 15.6363 18.7978 -15.7346
v 13.4622 19.9278 -14.1245
v 13.6100 19.8008 -13.9646
v 13.6248 19.7948 -14.1245
v 13.6846 19.9838 -13.5546
v 15.8176 18.4678 -15.5346
v 13.8923 19.6708 -13.9746
v 13.9448 19.8108 -13.7046
v 16.0477 18.3958 -15.8645
v 14.1244 19.8978 -13.5946
v 13.8657 20.0808 -13.4446
v 14.2066 19.6498 -13.8645
v 14.7465 20.0338 -13.7246
v 14.2121 20.3298 -13.4646
v 13.5127 20.1548 -16.9746
v 13.8368 20.0928 -16.6946
v 13.9495 20.0488 -17.0145
v 13.6110 21.0798 -14.6145
v 14.8981 20.2088 -15.5045
v 15.0272 20.7418 -15.1546
v 13.8961 21.5138 -14.0646
v 14.8273 20.5748 -15.3246
v 14.1107 22.4358 -10.5846
v 14.2828 22.2588 -10.5646
v 14.6496 21.9998 -10.5646
v 14.3645 22.3228 -10.9046
v 14.2619 22.6388 -10.9446
v 14.4854 22.1218 -10.8745
v 14.5296 22.0328 -10.7046
v 14.5996 22.0978 -11.0446
v 14.6281 22.2248 -11.1445
v 14.7700 21.8078 -10.8446
v 14.8148 22.5948 -11.4346
v 14.8644 21.7338 -10.9945
v 14.9031 21.7818 -10.7046
v 15.1832 22.1828 -11.6245
v 14.1473 22.8258 -10.8845
v 14.2557 22.9335 -11.0145
v 14.4768 23.1637 -11.2246
v 14.5082 23.3234 -11.1846
v 15.0345 23.0149 -11.4945
v 14.5877 22.9711 -11.3046
v 15.7170 22.7168 -11.7946
v 15.1475 23.9098 -10.4246
v 14.8967 22.7168 -11.5246
v 14.9983 22.8478 -11.5646
v 15.4294 22.5618 -9.8845
v 15.2938 23.5595 -9.9046
v 14.9822 23.3266 -9.5746
v 15.4384 23.6239 -10.0946
v 15.2725 23.8920 -10.2846
v 15.7757 24.3534 -6.5846
v 15.6650 24.6829 -6.7246
v 16.1708 24.2315 -6.9945
v 15.6643 24.4059 -6.2645
v 15.5063 24.8308 -5.5546
v 16.1436 24.7498 -5.1746
v 16.3446 24.3920 -5.5846
v 15.8154 25.3890 -4.9746
v 15.8807 25.0515 -5.0446
v 16.4506 24.9879 -4.9546
v 15.6124 25.2689 -6.9146
v 15.7579 25.3827 -7.0045
v 15.0184 26.1495 -6.5546
v 15.9687 24.8694 -7.0646
v 16.8717 24.9445 -7.3346
v 15.3677 25.4553 -4.9746
v 15.7538 26.1029 -5.2846
v 15.5658 25.7312 -5.0045
v 16.3151 25.8483 -5.3546
v 15.7589 26.3274 -5.6145
v 16.5710 26.6012 -2.6946
v 16.0981 26.9443 -2.8546
v 16.5582 26.6389 -2.8546
v 15.9384 27.0422 -2.5446
v 15.3580 26.5682 -5.4546
v 16.4003 25.8886 -6.0746
v 16.0086 27.0811 -2.9846
v 15.9192 27.6409 -3.3146
v 16.0893 27.7623 -3.3446
v 16.1213 27.9230 -3.3046
v 16.4651 27.2512 -3.2946
v 16.3904 27.7222 -3.3246
v 16.6989 27.6925 -3.2545
v 17.0542 26.5060 -2.2746
v 16.6085 27.7299 -1.2346
v 17.4185 28.1627 -0.0546
v 18.6472 26.9518 -0.5846
v 16.4420 29.2848 0.4654
v 17.4668 29.2402 1.5654
v 18.1541 30.2353 3.7355
v 17.3246 31.4586 3.1155
v 17.9678 31.2266 3.8555
v 17.9326 31.5290 3.7954
v 18.0557 31.8390 3.8655
v 18.2390 32.9571 3.4354
v 18.5684 32.4481 4.1255
v 18.7758 33.0823 0.3954
v 18.1953 33.5904 2.8054
v 18.2203 34.0493 2.2754
v 18.8184 32.9855 3.9154
v 18.7953 33.3373 0.1554
v 17.4959 34.1860 -1.9945
v 18.6425 33.7323 -0.5045
v 17.1522 34.5416 -2.9546
v 18.1276 34.3775 -2.1245
v 18.7954 33.9596 -0.8845
v 18.0262 34.4201 1.6055
v 17.7389 35.0259 0.4254
v 18.3935 34.6261 1.5055
v 18.3848 35.1896 0.4754
v 18.7140 34.7534 1.4354
v 18.3923 34.4050 1.8655
v 18.7157 34.3043 2.1954
v 17.9093 34.8814 -3.5946
v 16.8960 35.1110 -4.8945
v 17.7209 35.6510 -0.7946
v 17.5458 35.9134 -1.4446
v 18.0756 35.9231 -1.2146
v 18.3741 35.4543 -0.0646
v 16.6692 35.5015 -7.7445
v 17.3194 35.3074 -5.5746
v 18.0457 35.4736 -6.2246
v 17.3328 36.4534 -2.9246
v 17.3169 36.5595 -3.2545
v 17.6396 36.5943 -3.1546
v 17.8386 36.2799 -2.1846
v 18.4667 36.3405 -2.1345
v 16.4076 36.0723 -10.7746
v 16.3307 36.1987 -10.9446
v 17.0044 36.0477 -9.8546
v 16.4549 36.2123 -10.8046
v 16.6649 36.2515 -10.5145
v 16.8061 36.4050 -10.4346
v 17.9547 35.7128 -7.5045
v 17.2888 35.9748 -9.3246
v 17.3740 36.2244 -9.5346
v 17.4874 36.2366 -9.4146
v 17.4847 36.1241 -9.2346
v 17.3037 37.1591 -5.8645
v 17.2909 36.7039 -3.7545
v 17.5936 36.8177 -3.9746
v 18.0019 37.0527 -4.8546
v 17.9332 36.7532 -3.5446
v 18.5373 36.8656 -3.8046
v 18.2585 36.6999 -3.2645
v 16.7931 37.2941 -9.5446
v 16.5752 36.7061 -10.6245
v 16.6757 36.5405 -10.6046
v 16.7633 36.7438 -10.3446
v 17.1141 36.7282 -9.9246
v 17.3132 36.4928 -9.7545
v 16.8872 37.1251 -9.8246
v 17.3021 36.7659 -9.6546
v 17.0734 37.1500 -9.5546
v 17.2970 37.2144 -8.9746
v 17.4273 37.1282 -8.9746
v 17.5408 36.9311 -9.1046
v 17.5013 36.5305 -9.4746
v 17.6598 36.7565 -9.0846
v 17.0840 37.3849 -8.3645
v 17.3576 37.3024 -8.5346
v 18.4960 37.0067 -7.3945
v 17.5478 37.3045 -6.7046
v 17.8347 37.3123 -6.9046
v 17.9051 37.2536 -6.1245
v 17.9560 37.1700 -5.4945
v 14.2387 15.4158 -24.2545
v 14.2372 15.3418 -24.0846
v 13.9672 15.7348 -24.3945
v 13.4875 16.3668 -22.6946
v 13.5177 16.8298 -24.6546
v 14.2003 16.3988 -24.7346
v 13.6765 16.7308 -21.0546
v 13.4636 17.0568 -21.1245
v 14.0142 16.7858 -21.2645
v 14.1929 17.0318 -21.4346
v 13.9879 17.6648 -21.5145
v 14.1372 16.4998 -21.0846
v 14.9873 17.4408 -21.8346
v 14.8525 16.4538 -21.4846
v 15.0111 16.5568 -21.6046
v 15.4801 17.9188 -20.8346
v 15.6138 17.5708 -17.4846
v 15.6065 17.6288 -17.6445
v 14.0732 18.5808 -16.3146
v 14.4624 18.3128 -16.5446
v 14.9244 18.3798 -16.6245
v 14.9831 17.9758 -16.8645
v 18.3429 17.0288 -16.8246
v 13.6894 16.9538 -24.6846
v 13.8843 17.1328 -24.5846
v 14.0602 17.1958 -24.4646
v 14.2318 17.2288 -24.3446
v 13.6395 17.4918 -23.1145
v 13.6348 17.6478 -23.4146
v 16.7760 16.5638 -23.7846
v 14.3226 17.4138 -23.7746
v 14.6407 17.3118 -23.4846
v 14.1870 18.4318 -20.8745
v 14.0783 18.5028 -20.5646
v 14.8243 18.0718 -21.5045
v 14.5827 17.6848 -21.7146
v 14.7701 18.2958 -20.9346
v 14.5084 19.8568 -17.2046
v 14.9401 19.7168 -17.2346
v 14.5303 19.7908 -16.8845
v 14.5899 19.0668 -16.5746
v 14.6669 19.8018 -17.0546
v 14.8003 19.5838 -16.8845
v 15.0643 19.3758 -16.9446
v 16.1066 18.9578 -17.3845
v 15.2501 18.6008 -16.8046
v 15.3564 19.4328 -17.1746
v 15.1814 19.5978 -17.2445
v 15.0596 19.8568 -15.5746
v 16.4972 19.4258 -16.4846
v 14.9062 19.3888 -14.0546
v 14.9713 19.6538 -13.8745
v 14.6475 20.3558 -13.7445
v 15.2997 19.8778 -14.0346
v 15.3723 20.4358 -14.2645
v 15.1398 19.7728 -13.9246
v 16.4147 18.7718 -14.7146
v 16.3388 19.1288 -14.5646
v 15.9064 20.9458 -11.4446
v 16.0669 20.9048 -11.2946
v 15.8088 21.0908 -11.1445
v 16.0928 20.9718 -11.1646
v 15.3829 20.4048 -15.5846
v 15.6810 20.3778 -15.6145
v 15.8543 20.4248 -15.5045
v 14.8353 21.1008 -14.4246
v 15.2495 20.8978 -14.7445
v 15.1364 20.9388 -14.4246
v 15.4731 22.2368 -11.8745
v 15.4026 21.6828 -11.6245
v 15.5063 21.2988 -11.4646
v 15.6104 21.3378 -11.6345
v 15.6749 21.5988 -11.8146
v 15.7469 22.1548 -12.0446
v 15.6351 21.1498 -11.4446
v 16.0016 21.9318 -12.1746
v 16.0306 20.8728 -11.5946
v 14.9896 21.6678 -11.1546
v 15.1198 21.6358 -11.3246
v 15.2726 21.4368 -10.9945
v 15.2531 21.5938 -11.4446
v 15.2768 21.9468 -10.3246
v 15.6943 21.2288 -11.0045
v 15.7531 21.4118 -10.7445
v 16.5051 21.2918 -10.6646
v 15.9880 22.4148 -10.1546
v 16.4374 21.6538 -10.4546
v 15.3834 22.5738 -11.8246
v 15.4948 22.3818 -11.9046
v 15.6636 22.5018 -11.9546
v 16.0895 22.3918 -12.0946
v 17.1138 22.1798 -12.1846
v 15.6641 23.5394 -10.7346
v 15.7750 22.9247 -10.1046
v 16.1932 23.0697 -10.5446
v 15.7012 23.5755 -10.4346
v 16.8649 22.8047 -11.2046
v 16.5434 23.7493 -7.0246
v 16.0806 24.1625 -6.2746
v 16.7194 23.7515 -7.3645
v 16.7381 24.3202 -7.5746
v 17.3564 23.0914 -7.7746
v 17.3057 23.1091 -7.4546
v 17.3709 23.2287 -7.0246
v 16.5646 24.5380 -5.1846
v 16.3165 24.7920 -5.0546
v 16.6538 24.6213 -5.0646
v 17.1289 24.2759 -5.2046
v 16.1246 24.9691 -7.1946
v 16.5625 24.8507 -7.4246
v 17.2107 24.5003 -7.7445
v 19.1035 24.6893 -6.0446
v 17.6537 24.8126 -6.9446
v 16.1755 26.0862 -5.6245
v 17.8815 25.2669 -5.5145
v 16.5860 25.9105 -5.7946
v 18.4379 25.0717 -5.7246
v 17.5141 25.9664 -2.8446
v 18.5769 25.4076 -3.1846
v 18.3529 25.8521 -3.4146
v 17.4817 25.9991 -2.6846
v 17.9700 25.7772 -2.5546
v 17.1910 27.1095 -3.4446
v 18.2619 26.2980 -3.5646
v 18.6727 28.1072 -1.1445
v 19.4944 27.1708 -1.9846
v 19.1234 27.2433 0.2154
v 18.0442 28.4766 1.0354
v 17.9851 28.5550 -1.1445
v 18.7350 29.7687 4.0654
v 18.6794 30.3200 4.4154
v 19.0112 30.6993 4.9054
v 18.9824 30.0029 4.5854
v 19.1813 29.5140 4.3655
v 19.5568 29.5848 4.9154
v 19.2225 30.2183 4.9855
v 18.4832 30.9141 0.9054
v 19.4989 30.8711 2.0055
v 19.4223 31.1806 1.9554
v 18.1850 31.5555 4.0654
v 18.7594 31.3062 4.6854
v 18.5858 31.8877 4.3954
v 19.2726 31.6481 5.1255
v 19.5228 30.7512 5.4454
v 19.4515 31.3644 5.3555
v 19.8131 31.8047 2.2054
v 18.9211 32.3347 4.5254
v 18.9629 32.7334 4.2555
v 19.0539 32.0646 4.7754
v 19.1273 32.3437 4.6854
v 19.2926 32.7372 4.4754
v 19.2404 32.2114 4.8555
v 19.4014 32.1739 4.9955
v 19.5950 32.4764 4.8855
v 19.6129 32.7267 4.6355
v 19.6867 31.8088 5.4054
v 19.8780 32.0741 5.3354
v 19.5835 32.3472 4.9855
v 20.1865 32.0986 2.3555
v 19.1097 33.0865 0.6554
v 19.2868 33.5612 0.0954
v 18.8397 33.4807 3.3954
v 18.6868 33.9591 2.6954
v 19.3390 33.7281 3.2754
v 19.1615 33.2327 3.8655
v 19.6333 33.1457 4.1355
v 20.1075 33.5053 3.6754
v 18.7159 34.5526 1.7854
v 19.1916 34.4965 2.0354
v 19.0312 34.7320 1.5754
v 19.5006 34.7592 1.6255
v 19.1853 34.8801 1.3354
v 19.9655 34.3104 2.4354
v 19.6563 34.0460 2.8454
v 19.0314 34.6894 -2.7846
v 19.5926 35.1517 -4.0446
v 18.7051 35.1190 0.7355
v 18.7225 35.3867 0.2054
v 18.9998 35.6051 -0.1846
v 19.1709 35.3156 0.4654
v 19.7968 35.1482 0.8855
v 19.6144 35.6814 -0.2946
v 20.0835 35.4741 0.1554
v 19.1889 35.5299 -5.6245
v 18.8131 36.0029 -1.1746
v 19.4061 36.2530 -1.7846
v 19.0746 36.4405 -2.3446
v 19.7492 35.8929 -0.8246
v 19.6900 36.3465 -2.1546
v 18.0741 36.2328 -8.4046
v 17.7501 36.2998 -8.9846
v 18.0765 35.8934 -7.8645
v 18.8494 36.3795 -7.3046
v 18.9984 36.1245 -6.9746
v 19.3130 35.8045 -6.1646
v 18.6100 36.6470 -7.6445
v 19.0993 36.4416 -6.8945
v 18.8232 36.7155 -7.2246
v 19.1641 36.6488 -6.6345
v 19.2460 36.4865 -6.6145
v 18.2329 37.2161 -5.8546
v 18.7464 37.0945 -5.1245
v 18.6465 37.0117 -4.4746
v 19.1294 36.8969 -4.0546
v 19.1065 36.9555 -4.3745
v 19.4235 36.8459 -4.0846
v 19.5311 36.8746 -4.5646
v 19.3419 36.9362 -5.0246
v 20.0484 36.5657 -3.4945
v 19.6593 36.8288 -4.7346
v 19.0212 36.7576 -3.3845
v 19.3102 36.7789 -3.5846
v 19.6258 36.6602 -3.2946
v 17.8959 36.8210 -8.6646
v 18.4220 36.8284 -7.8146
v 18.1291 37.2636 -6.9346
v 18.3792 37.1291 -7.2545
v 18.5945 37.1375 -6.6646
v 18.6518 36.9338 -7.2445
v 18.8288 36.8970 -6.9546
v 19.7663 36.7470 -5.0346
v 18.2056 37.2455 -6.1646
v 18.5003 37.1990 -6.1946
v 18.9630 37.0549 -5.9246
v 20.0296 36.4890 -5.0246
v 16.5216 14.5818 -24.3945
v 15.1230 15.4828 -23.1546
v 15.0286 15.7468 -23.0346
v 15.1430 16.1558 -21.1345
v 14.9861 16.2218 -21.2846
v 15.0137 15.8118 -24.7645
v 15.4648 16.6938 -23.3645
v 15.3743 17.0578 -21.8945
v 15.4165 17.3458 -21.9646
v 15.4797 17.8648 -17.7946
v 16.0687 17.4808 -17.3745
v 16.3641 17.4398 -17.4046
v 16.3014 17.5068 -18.1245
v 16.2653 17.3868 -17.9945
v 15.7959 18.0708 -18.0346
v 16.7010 17.0878 -17.9945
v 16.3661 18.3038 -17.3546
v 16.3037 17.8738 -17.2346
v 15.0345 18.1868 -16.7146
v 17.3934 17.9078 -15.6345
v 16.2529 18.7278 -14.7246
v 16.0395 16.5188 -24.9046
v 15.3310 17.6888 -21.8845
v 15.3455 18.1088 -20.9746
v 15.4108 17.9588 -21.5646
v 16.6033 17.6508 -21.3546
v 16.2345 17.6258 -21.9246
v 15.6190 18.0258 -21.1445
v 15.6225 19.4478 -17.5846
v 15.7723 19.3338 -17.4246
v 16.1571 18.5688 -18.3346
v 16.0400 19.1148 -17.4246
v 16.0465 19.2558 -17.6046
v 16.5820 18.8298 -17.6245
v 16.0703 18.9098 -18.2645
v 16.7116 19.7268 -16.4046
v 16.5888 19.0928 -16.5246
v 16.4717 20.1138 -14.9346
v 19.3428 17.4938 -16.2846
v 16.3048 20.6888 -11.5946
v 16.3250 20.7178 -11.4446
v 16.9527 20.2928 -12.0646
v 16.8456 20.3748 -11.7545
v 16.8957 20.4988 -11.4846
v 18.6771 19.3418 -13.0346
v 18.5566 19.6038 -13.1546
v 17.1297 20.2558 -11.7746
v 16.3506 20.7838 -11.3146
v 16.9837 20.7718 -11.0846
v 17.4721 20.3178 -11.5246
v 17.1650 20.8708 -10.9846
v 16.4350 20.2738 -15.5546
v 16.0675 20.5258 -15.0946
v 16.3475 20.3798 -15.0946
v 17.2719 19.9218 -15.7445
v 16.9405 19.9348 -16.0145
v 15.8654 20.5558 -14.7545
v 16.4620 21.0768 -12.2046
v 16.8098 21.5538 -12.5946
v 16.4424 21.9668 -12.4046
v 18.0528 21.0778 -13.1646
v 16.9243 21.8588 -12.5546
v 17.4330 21.5348 -10.9846
v 17.3842 22.2688 -11.2046
v 17.6364 23.0920 -7.1946
v 17.5850 22.9589 -7.4646
v 17.7434 22.9622 -7.4246
v 17.9589 22.6428 -7.7645
v 17.9932 22.7678 -7.6345
v 17.0005 22.7028 -11.2046
v 17.3491 23.6500 -8.0446
v 17.4124 23.9353 -8.1145
v 17.8112 23.8924 -8.3246
v 17.8208 23.3147 -8.5045
v 17.6586 22.9430 -8.2046
v 17.7898 23.1094 -7.2146
v 18.6310 21.9268 -9.2445
v 18.4377 22.0308 -8.9346
v 18.2632 23.3002 -8.8745
v 17.9885 23.9639 -8.2046
v 18.1915 23.6197 -8.6245
v 17.7275 23.2792 -6.6245
v 17.6832 23.1935 -6.9146
v 17.8332 23.1883 -6.9346
v 17.9741 23.2283 -7.1145
v 18.6910 23.6233 -5.2846
v 18.5829 23.8045 -5.1546
v 17.3530 24.5405 -4.9646
v 18.6286 24.0150 -5.0646
v 17.7974 24.4690 -4.9846
v 17.5257 24.6659 -4.9846
v 17.8113 24.3759 -7.6546
v 18.0624 24.1421 -7.7946
v 18.2431 24.2984 -7.3845
v 18.2156 24.0848 -7.6445
v 18.7293 24.3196 -6.9945
v 18.2855 24.7992 -5.2545
v 18.4405 24.8974 -5.4046
v 18.4411 25.0171 -5.5546
v 18.3446 25.4661 -2.8546
v 20.2980 24.9867 -3.8745
v 20.5223 24.3828 -3.6546
v 19.5649 24.7562 -3.1746
v 18.9013 26.6003 -0.8546
v 19.2064 26.0342 -1.3945
v 19.0464 27.0447 -0.1946
v 19.1787 26.4792 -0.9246
v 19.1676 26.9516 -0.3446
v 19.2949 26.8998 -0.5045
v 18.2869 26.4478 -3.5746
v 19.8184 26.2499 -3.2246
v 18.7265 26.5667 -3.4546
v 18.7337 26.3803 -3.5746
v 19.3653 27.6933 -1.1546
v 19.3066 27.9940 -0.7445
v 19.1133 28.4037 -0.3446
v 19.1728 27.3628 0.4955
v 19.3529 27.0773 -0.2445
v 19.4688 27.9640 -0.6046
v 19.5215 28.1209 -0.3645
v 19.5863 27.3237 0.9054
v 20.4290 27.8100 3.0055
v 20.7584 28.5365 4.9754
v 20.3770 28.9085 5.1055
v 20.1669 29.3114 5.3555
v 18.8132 28.7281 -0.2146
v 19.7347 29.3993 1.2154
v 19.6996 28.6657 0.4454
v 20.3759 29.2806 1.7654
v 19.8426 29.8174 1.7254
v 19.6529 29.9164 5.2854
v 19.5804 30.2617 5.3855
v 19.9046 30.4591 5.7654
v 19.8493 30.7757 5.7455
v 20.1364 29.8020 5.7154
v 20.0526 30.1372 5.8154
v 20.1587 29.6041 5.6055
v 20.1456 30.6168 5.9154
v 20.0386 30.9266 5.8454
v 20.1750 29.9551 5.8354
v 20.2475 30.2990 5.9554
v 20.3749 29.9683 5.9554
v 20.5624 30.2801 6.0754
v 20.6136 30.5818 6.0654
v 20.3282 30.7574 5.9654
v 20.5076 29.7972 5.9754
v 20.5018 29.9642 6.0154
v 19.3249 30.3163 1.5354
v 20.5908 30.3976 3.1954
v 19.7647 31.2314 5.6454
v 19.8095 31.5231 5.5954
v 20.0205 31.9304 5.4654
v 19.9879 31.6573 5.6155
v 20.1250 31.5052 5.7154
v 20.2961 31.6281 5.6854
v 20.1959 30.9169 5.9054
v 20.3261 31.8972 5.5254
v 20.5466 31.1760 5.9054
v 20.6132 31.7240 5.6255
v 20.6503 32.1153 5.3354
v 21.0438 31.5293 5.6754
v 20.9213 31.8061 5.5055
v 20.6274 31.4651 3.2455
v 20.5596 31.5960 3.0954
v 20.7589 31.1929 3.4955
v 19.9302 32.7944 4.6255
v 20.3966 32.9950 4.3655
v 19.9020 32.3338 5.1255
v 19.9192 32.5831 4.8755
v 20.2331 32.6741 4.8054
v 20.3608 32.1575 5.3254
v 20.3682 32.3775 5.1255
v 20.6873 32.7080 4.6954
v 20.9616 32.3137 5.0454
v 20.9916 32.9388 4.2954
v 19.7510 32.8520 1.3254
v 19.6033 33.3628 0.5254
v 20.3494 32.3455 2.1854
v 20.6868 32.4849 2.1155
v 20.5132 33.5033 0.2054
v 20.4114 33.5878 3.5154
v 20.1160 33.9709 2.9754
v 21.1490 33.5161 3.3755
v 20.7129 33.8824 2.9754
v 20.9465 34.0144 -0.8945
v 20.5647 34.2829 2.3555
v 20.4092 34.8097 1.4554
v 20.8538 34.6271 1.6155
v 21.0056 34.0982 2.4855
v 20.1103 34.8451 -2.9746
v 21.2633 34.1098 -0.9546
v 19.9580 34.8705 1.4254
v 20.5395 35.2849 0.4354
v 20.4021 35.0553 0.9754
v 20.8408 35.0692 0.7555
v 20.8278 35.3016 0.2355
v 20.5246 35.5151 -0.0946
v 20.8497 34.8097 1.2754
v 19.8949 35.3693 -4.4446
v 20.0521 35.5673 -4.7346
v 20.2210 35.5893 -4.5446
v 19.6411 35.8531 -5.7545
v 20.2219 35.7022 -4.7246
v 20.0139 36.1527 -1.6546
v 19.9580 36.4400 -2.6746
v 20.1419 36.2362 -2.0346
v 20.4015 36.2733 -2.5446
v 20.4809 36.0637 -1.7346
v 20.7274 36.0102 -1.9146
v 20.8981 35.8245 -1.4346
v 20.6953 36.1140 -2.3945
v 20.0560 35.8216 -0.6946
v 20.0425 35.9435 -1.0246
v 20.2176 35.6811 -0.3745
v 20.3305 35.9580 -1.2246
v 20.3528 35.7887 -0.7346
v 20.9501 35.5357 -0.4446
v 20.6219 35.8890 -1.2545
v 19.9004 36.0313 -5.5045
v 19.7993 36.7560 -4.7346
v 19.9686 36.6673 -4.4346
v 20.2089 36.2969 -4.8446
v 20.2947 35.9858 -4.7946
v 20.2083 36.1138 -4.9646
v 20.5529 35.9335 -4.1946
v 20.4166 36.2534 -4.2445
v 20.9110 35.7860 -3.2846
v 20.5037 36.3010 -3.3446
v 20.2705 36.4561 -4.1145
v 15.8130 15.0798 -24.6846
v 16.6588 14.8658 -23.5546
v 15.9449 14.9198 -24.6245
v 16.4241 15.1538 -23.3446
v 16.6040 15.2898 -23.3146
v 15.8350 16.0918 -21.7346
v 15.9747 15.8768 -21.5045
v 16.1118 15.9028 -21.7046
v 16.9526 15.5748 -21.9046
v 16.5475 15.6708 -21.5446
v 16.6893 15.8958 -22.0246
v 16.0602 16.0258 -20.9246
v 15.3858 16.3498 -20.5946
v 15.8421 16.3548 -20.6245
v 16.1269 16.2898 -20.7246
v 17.3113 15.5238 -21.3046
v 16.0653 15.8848 -25.0746
v 15.8209 16.2348 -25.0646
v 17.3421 16.3138 -23.8046
v 15.7248 16.3968 -21.8346
v 16.7658 16.4598 -22.2246
v 16.8074 16.7458 -22.3046
v 16.4233 17.1328 -22.2246
v 16.2960 16.4098 -20.7746
v 17.6246 17.4668 -16.8146
v 17.2868 17.9878 -16.8046
v 16.2140 16.5718 -24.7846
v 16.9182 16.6128 -23.9646
v 16.0534 17.5288 -22.0246
v 16.4554 17.2948 -22.1946
v 16.1386 17.7818 -21.6345
v 17.6774 18.0278 -19.0045
v 16.6072 18.6168 -18.5045
v 17.2847 18.2898 -18.8046
v 16.8904 18.5498 -18.6145
v 16.9222 18.6828 -18.5246
v 17.0702 18.6638 -18.5446
v 17.3307 18.4938 -18.7046
v 17.5083 18.5678 -18.5846
v 16.3174 19.1558 -17.7746
v 16.4244 19.0738 -18.0746
v 17.3978 18.4638 -18.0045
v 16.7121 18.9798 -18.0946
v 17.1352 18.6748 -17.9346
v 17.1216 18.7978 -18.2746
v 17.3875 18.6628 -18.4346
v 17.3314 19.1998 -16.9246
v 17.2740 18.8878 -16.9546
v 17.4392 19.0018 -17.0246
v 17.6497 19.2558 -16.8945
v 17.5342 19.5118 -15.4846
v 20.7077 17.6848 -17.2445
v 18.3916 20.5218 -13.3246
v 17.2488 20.1498 -11.9246
v 17.7546 19.8128 -12.3845
v 17.4167 20.1578 -11.7946
v 17.7966 19.8828 -12.0946
v 17.9047 20.0168 -11.8346
v 18.9671 19.1578 -12.8745
v 18.1421 19.9648 -11.8546
v 18.0593 20.2098 -11.5846
v 17.3886 20.5578 -11.2545
v 17.2761 20.7098 -11.1145
v 17.5762 20.6948 -11.1546
v 17.7527 20.8258 -11.1445
v 17.8594 20.6268 -11.2545
v 18.2425 20.3498 -11.5246
v 18.0477 20.5768 -11.3546
v 18.4116 20.4698 -11.5746
v 18.2829 19.2448 -16.6746
v 18.5543 20.6318 -13.4246
v 18.0909 21.2748 -13.0546
v 17.1990 21.9518 -12.4646
v 17.9782 21.9078 -12.2545
v 18.2692 21.3528 -12.9446
v 18.2623 21.7888 -12.2645
v 18.1633 21.9248 -11.9746
v 18.2972 21.7998 -11.9446
v 18.4201 21.7298 -12.1245
v 17.3629 21.0928 -10.9246
v 17.5281 21.2068 -10.9945
v 17.7587 21.8668 -11.3446
v 17.9382 21.0828 -11.2545
v 18.1070 21.7518 -11.6145
v 18.1858 21.8508 -11.8046
v 18.0528 20.8958 -11.3146
v 18.8669 21.0698 -12.0446
v 18.6819 21.4138 -12.0145
v 18.2652 22.6468 -7.7645
v 18.1607 22.8492 -7.6345
v 18.4756 22.2728 -8.0646
v 18.7897 21.7678 -8.6145
v 18.8904 22.1268 -8.2445
v 19.1960 22.2058 -8.3845
v 18.8373 22.6318 -8.1245
v 18.6287 23.0406 -6.3945
v 19.5261 22.7768 -6.1546
v 17.8870 22.0958 -11.9646
v 17.7816 22.1888 -11.6646
v 17.9048 22.1088 -11.8246
v 18.3169 22.8087 -9.0145
v 18.3691 23.1119 -9.0145
v 18.4194 23.3363 -8.9046
v 18.4816 23.5416 -8.6445
v 18.5773 22.7058 -9.2846
v 19.0140 23.1712 -8.7946
v 19.1750 22.7568 -9.5045
v 19.5396 21.8388 -10.3546
v 18.8963 23.2765 -8.6546
v 19.0268 23.1509 -8.6445
v 18.0768 23.2201 -7.4346
v 18.1363 23.4109 -7.3346
v 18.2876 23.7485 -8.3546
v 18.1497 23.9272 -8.0646
v 18.2302 23.8990 -7.7645
v 18.1941 23.1646 -7.5946
v 18.3566 23.3976 -7.8246
v 18.2238 23.6390 -7.5446
v 18.6437 23.2828 -8.1245
v 18.3452 23.1041 -7.7545
v 18.3991 23.6822 -8.2046
v 18.4232 23.9358 -7.4846
v 19.1498 22.9432 -8.5846
v 19.7335 22.0258 -8.8046
v 18.1477 23.2750 -6.9945
v 18.3049 23.2112 -6.8446
v 18.7545 22.9790 -6.5546
v 18.4574 23.2768 -6.9646
v 18.4553 23.1622 -6.7946
v 18.4779 23.5311 -7.1946
v 18.5051 23.7958 -7.3745
v 18.7451 23.0219 -6.7146
v 18.8104 23.7621 -7.3246
v 18.5866 24.1988 -7.2545
v 18.8968 24.1501 -7.1345
v 19.2387 23.5546 -7.2746
v 20.3444 23.6359 -7.0746
v 18.6722 24.3048 -5.1345
v 18.8320 24.4104 -5.2445
v 20.2684 23.0738 -5.3945
v 18.9602 24.2445 -5.2046
v 19.1315 24.4792 -5.4246
v 19.2120 23.9057 -5.1646
v 19.2465 24.1817 -5.2946
v 19.5559 24.3770 -5.5846
v 19.7716 22.9886 -5.6145
v 19.8167 24.0522 -5.4746
v 19.1382 24.7096 -5.7445
v 18.9995 24.6392 -5.4846
v 19.5454 24.5114 -5.9146
v 20.3543 24.0787 -6.2445
v 19.8808 24.2882 -5.7545
v 19.3209 24.9312 -2.8745
v 19.9331 25.5147 -3.8446
v 19.9664 25.6773 -3.7946
v 19.7652 25.2526 -2.0746
v 19.4490 26.3917 -1.1245
v 19.4997 26.7338 -0.9646
v 19.4306 26.7809 -0.8146
v 19.4622 25.8321 -1.5346
v 19.5611 26.1734 -1.3146
v 19.8464 26.3851 -1.5546
v 19.9345 26.0384 -1.6445
v 20.0963 26.1291 -1.8246
v 19.9653 26.6256 -1.7846
v 20.3561 25.0842 -2.1245
v 20.2654 25.6146 -1.9146
v 20.2489 26.3581 -2.0746
v 20.0730 27.0114 0.9054
v 19.9000 27.0753 0.6055
v 20.1833 26.9521 0.5954
v 21.1778 26.3270 0.9054
v 20.9852 27.4938 2.9955
v 20.9189 27.7426 3.4154
v 20.5789 26.0796 -2.9846
v 20.0637 26.6864 -2.1145
v 20.7640 25.9911 -2.5346
v 19.5228 27.6888 -0.8645
v 19.6178 27.2707 -1.2545
v 19.6751 27.1589 -1.7046
v 19.5943 27.3802 -0.8046
v 19.7414 27.0309 -1.5246
v 19.8785 26.8666 -2.1345
v 19.5050 27.2048 -0.2946
v 19.5076 27.1341 -0.5846
v 19.5570 27.2233 0.0055
v 19.5978 27.1781 0.4754
v 19.6147 27.4469 -0.5145
v 19.8367 28.1415 -0.0746
v 19.4633 26.9585 -0.6946
v 19.7897 27.6350 -0.2746
v 19.8669 27.5086 -0.1046
v 19.7176 27.9437 -0.3246
v 19.8112 27.7794 -0.3046
v 19.8889 27.2627 0.1854
v 20.0630 27.4766 0.0354
v 20.1516 27.2333 0.2254
v 20.1625 28.0403 0.0554
v 20.3713 27.4726 0.0654
v 20.5196 27.4491 0.0554
v 20.7759 27.1172 0.1355
v 20.7487 27.8188 0.1754
v 20.1843 27.1023 0.3555
v 20.3040 28.4600 0.7154
v 20.6058 26.8845 0.3555
v 21.4193 27.8455 0.6954
v 21.0093 27.9253 3.9855
v 21.0884 27.7623 3.5454
v 21.3747 27.9285 4.5554
v 21.1308 27.8344 3.8354
v 20.5648 28.9439 5.3755
v 20.3916 29.4890 5.7455
v 20.7871 29.1057 5.7754
v 20.5583 29.4898 5.8755
v 20.8629 28.8140 5.5154
v 21.0509 28.8922 5.7854
v 21.1631 28.6976 5.6554
v 21.2229 28.8950 5.9054
v 21.3315 28.2270 5.1155
v 21.5750 28.4249 5.6554
v 21.4978 28.7075 5.9154
v 20.8639 29.4099 6.0055
v 21.2512 29.0759 6.0254
v 21.3050 29.2441 6.1155
v 21.5782 29.0497 6.1255
v 21.6102 29.2104 6.1654
v 21.3685 28.5756 1.9354
v 21.1203 29.7943 3.4054
v 21.1676 29.4168 3.0254
v 21.4639 28.7921 2.4955
v 21.0158 30.0709 3.5154
v 21.6942 29.9809 4.2154
v 21.4689 29.7907 3.8254
v 21.5121 29.3862 3.4454
v 20.8663 30.2279 6.1454
v 21.0634 29.5986 6.1454
v 21.1002 29.9129 6.1754
v 21.3203 30.1878 6.1554
v 21.0896 30.6705 6.0754
v 21.3821 30.6171 6.0354
v 21.5167 29.5410 6.1854
v 21.5666 29.8406 6.1654
v 21.5073 30.4467 6.0554
v 21.7326 30.2477 6.0154
v 21.5429 30.7242 5.9354
v 21.9072 29.1639 6.1554
v 20.8571 30.5779 3.5854
v 20.7668 30.8898 3.5354
v 20.8639 31.0562 3.6355
v 20.9022 31.3458 3.5654
v 21.1242 30.2705 3.7754
v 21.0888 30.6080 3.8555
v 21.2748 31.3430 3.7854
v 21.2717 30.4633 4.0154
v 21.1961 30.7763 3.9754
v 21.1811 31.0715 3.8954
v 21.3855 30.9274 4.0754
v 21.5195 31.3443 3.9454
v 21.5904 31.2138 4.0954
v 21.6993 30.6428 4.3855
v 21.6802 30.9423 4.3254
v 21.7845 30.3677 4.4354
v 21.1268 30.9504 5.9654
v 21.1597 31.2239 5.8354
v 21.3438 31.6253 5.4554
v 21.3218 31.3708 5.6754
v 21.5726 30.9927 5.7754
v 21.5960 31.2515 5.5654
v 21.5155 32.0477 4.9354
v 21.8404 30.9013 5.5554
v 21.8177 30.6436 5.7654
v 21.4704 31.9383 3.2054
v 20.8202 31.7328 3.1754
v 20.9039 31.6066 3.3555
v 21.1428 31.7257 3.3555
v 21.6248 31.6427 3.7154
v 21.7386 31.4896 4.0354
v 20.9805 32.6515 4.6654
v 21.2799 32.8570 4.2555
v 21.2624 32.4958 4.6954
v 21.7578 31.6855 4.9254
v 21.7839 32.0686 4.5354
v 21.8843 31.8413 4.4054
v 21.9554 32.5333 3.9354
v 21.8577 31.5392 4.3254
v 21.8780 31.7617 3.9554
v 21.6299 32.8488 1.7455
v 21.9666 33.0843 1.6454
v 21.4298 33.0586 3.8954
v 21.5621 32.7878 4.1454
v 21.7153 33.1604 3.5254
v 21.5786 33.7042 2.7754
v 21.9755 32.8915 3.5354
v 21.9798 33.3435 2.8154
v 21.9631 32.6496 3.8154
v 22.0738 32.9555 3.2054
v 21.8315 34.0371 -0.2445
v 21.0041 34.3013 2.1355
v 21.4357 34.1816 2.0754
v 21.2896 34.4312 1.7154
v 21.5817 34.4669 1.3954
v 21.5745 34.2548 1.8154
v 21.7142 33.8839 2.3054
v 21.7091 34.3215 1.5254
v 21.7071 34.6360 0.8755
v 22.0223 34.1721 1.0954
v 20.5712 35.1821 -3.4146
v 21.4981 34.4414 -1.3745
v 21.5124 35.2600 -0.4646
v 21.7794 35.0263 -0.4546
v 21.4929 35.3413 -0.7946
v 21.5951 34.2283 -0.9046
v 21.6939 34.5907 -1.2746
v 21.5855 34.8355 -1.6245
v 21.8051 35.0083 -0.7645
v 21.8334 34.2627 -0.6046
v 21.8811 34.5156 -0.8246
v 21.4188 35.4218 -1.8845
v 21.1223 35.1469 0.3855
v 21.1063 35.3590 -0.1245
v 21.4158 34.8793 0.7154
v 21.3897 35.2358 -0.1345
v 21.4228 34.7186 1.0454
v 21.6887 34.7922 0.5354
v 21.6646 35.0563 -0.1345
v 21.8230 34.6906 0.5254
v 21.8050 34.8796 0.0354
v 22.0207 34.4762 0.4054
v 21.9290 34.7134 0.0354
v 21.9143 34.8021 -0.2545
v 20.5192 35.6431 -4.1345
v 21.2266 35.2794 -2.6046
v 21.3029 35.4845 -2.3446
v 21.1423 35.7578 -1.9146
v 20.9831 35.9142 -2.2445
v 21.1164 35.7962 -2.2346
v 21.2595 35.6376 -2.0646
v 21.4138 35.2042 -2.1445
v 21.2270 35.4757 -0.6345
v 18.2152 13.9058 -24.6445
v 17.5149 15.2898 -21.9046
v 17.5485 15.3028 -21.6046
v 17.5164 15.4358 -22.1345
v 17.4046 15.7378 -22.2445
v 18.3592 14.8818 -21.9346
v 18.0844 15.3028 -22.3346
v 17.5030 15.6668 -21.1746
v 17.2718 16.0378 -21.0746
v 17.7467 15.4088 -21.3446
v 18.2606 15.0198 -21.6445
v 17.8867 15.5918 -21.2445
v 17.9067 16.4928 -18.6546
v 18.0582 16.3908 -18.5045
v 16.4752 16.4058 -24.9446
v 16.6480 15.7748 -25.1746
v 16.6080 15.4898 -25.0846
v 16.7024 16.0808 -25.1646
v 16.5532 16.6118 -24.5346
v 17.1416 16.2108 -24.9945
v 17.6471 15.4388 -25.3046
v 17.4176 16.3388 -24.5946
v 16.8866 16.6128 -24.2746
v 17.8191 15.5628 -25.3346
v 18.4124 15.4688 -25.3546
v 17.8858 15.8558 -25.1746
v 17.9164 15.9548 -25.0546
v 17.4610 16.4178 -24.3146
v 17.3355 16.4818 -24.1546
v 17.4938 16.3958 -24.0045
v 20.4236 14.8458 -24.1046
v 17.8158 16.5358 -22.5646
v 17.2940 16.9628 -22.4046
v 17.4899 16.3038 -22.4346
v 17.5874 16.9108 -22.4346
v 18.4699 17.5138 -19.3546
v 18.6013 16.4328 -19.2346
v 17.9129 16.6318 -18.8346
v 18.1746 16.3728 -18.8246
v 18.8431 17.1098 -19.5145
v 18.2751 16.5748 -18.1946
v 18.6994 17.8668 -17.7346
v 18.7549 17.2548 -17.6546
v 17.9874 18.0748 -17.3046
v 18.8730 17.6308 -18.6145
v 18.7184 16.9758 -17.5346
v 18.7035 17.1068 -16.4246
v 18.9163 17.3108 -16.1846
v 17.4829 17.1048 -22.2946
v 17.3917 17.2928 -22.0145
v 18.0597 16.9268 -22.3346
v 17.7128 17.1048 -21.5546
v 17.2985 17.3618 -21.5446
v 17.1457 17.4548 -21.7046
v 17.7419 18.3228 -18.8745
v 18.3894 17.8648 -19.2445
v 18.0339 18.2578 -18.9046
v 18.3223 18.1688 -18.9246
v 17.9488 18.3048 -18.3246
v 18.4672 18.2358 -17.6345
v 17.9495 18.3848 -18.4546
v 18.3502 18.0558 -18.4646
v 18.3550 18.1758 -18.6245
v 18.5533 18.6578 -17.5145
v 18.2439 18.6188 -17.4846
v 18.2911 18.8178 -17.3546
v 18.6137 18.8518 -17.2545
v 19.7867 18.2528 -16.7445
v 18.6073 19.0378 -16.1546
v 18.7112 19.0828 -16.6946
v 20.1170 18.3998 -13.8046
v 19.1622 19.2428 -12.6145
v 18.9635 19.6158 -12.2046
v 18.8642 19.8258 -12.0346
v 19.4910 19.3188 -12.5246
v 19.1461 19.7558 -12.1546
v 21.2285 18.4868 -13.5646
v 19.4741 19.9798 -12.3146
v 19.4710 21.0078 -9.6345
v 19.8212 21.0158 -9.2146
v 19.2559 21.2708 -9.1946
v 18.5273 21.1668 -13.0946
v 19.1909 20.7708 -13.4146
v 20.0076 19.7648 -14.1946
v 20.6065 19.7708 -14.3246
v 19.2471 20.9358 -13.1445
v 18.5419 21.6408 -12.2746
v 18.8969 21.3258 -12.2545
v 18.9333 21.1858 -12.1646
v 19.1509 20.6828 -12.1746
v 19.1854 20.9588 -12.3046
v 19.5128 20.7048 -12.5145
v 19.6741 20.7638 -13.1746
v 19.4518 20.8638 -12.5446
v 19.4496 20.9638 -12.7146
v 19.1994 21.2098 -9.6345
v 19.3203 21.3068 -10.1145
v 19.4131 21.0228 -9.9346
v 19.5716 20.8828 -9.9246
v 19.7780 20.8188 -10.5646
v 19.9544 21.0238 -10.9046
v 19.8711 21.9908 -10.3645
v 18.9641 21.4438 -9.3446
v 18.9991 21.4668 -9.0446
v 19.3036 21.3798 -8.9146
v 19.7383 21.2598 -8.9546
v 19.9084 21.3458 -8.9246
v 19.9385 21.5038 -8.9046
v 20.9668 20.7378 -9.5145
v 20.7587 22.1508 -6.4945
v 20.0282 22.5218 -6.7846
v 19.8922 22.5218 -6.6245
v 20.1719 22.5598 -6.9346
v 19.9210 23.0117 -7.1646
v 20.8701 22.0978 -6.8146
v 20.5176 22.8274 -5.5246
v 20.8850 22.3798 -5.9446
v 20.7051 22.9886 -5.4646
v 19.6946 22.4068 -9.8146
v 19.1479 23.0516 -8.7846
v 20.4345 22.0238 -9.6746
v 20.1186 22.2158 -9.8346
v 19.4120 23.6809 -7.2846
v 19.8855 23.6988 -7.1746
v 20.4340 23.3801 -7.2545
v 20.1042 23.2647 -7.2946
v 20.9365 22.8122 -7.3645
v 19.6431 23.8140 -5.2746
v 20.2136 23.6849 -5.4646
v 20.3216 23.3766 -5.3845
v 20.2421 23.9516 -5.6345
v 20.8024 23.8067 -5.8945
v 22.3406 22.8595 -7.1846
v 20.6067 23.3118 -5.4746
v 21.0625 23.4808 -5.7946
v 20.6544 24.1815 -3.5145
v 22.0239 23.3545 -3.6846
v 20.7289 24.2568 -2.9246
v 20.7207 24.4361 -2.6546
v 21.0986 24.3954 -2.5446
v 21.2896 24.5568 -2.4446
v 20.5214 25.2193 -2.1046
v 22.2305 23.4102 -3.2645
v 20.6867 25.3333 -2.1746
v 20.8698 24.8597 -4.0446
v 20.9478 25.7302 -3.2746
v 20.4847 25.9858 -2.1846
v 21.5296 25.4794 -3.1445
v 20.6552 26.1471 -2.7046
v 21.1345 25.4900 -2.5446
v 21.1472 26.3338 0.5954
v 21.5541 26.2472 0.2355
v 21.4550 26.6808 0.0354
v 21.9671 25.7612 0.6055
v 22.0094 25.8334 0.8954
v 21.9915 26.1951 1.5854
v 22.2151 25.6133 0.2954
v 21.3678 26.7534 2.0254
v 21.2785 26.9548 2.3054
v 21.3350 27.1218 2.5654
v 21.2823 27.4631 2.9654
v 21.8763 26.3288 1.7355
v 21.7195 26.8652 2.2754
v 22.0486 26.3665 1.8555
v 21.9950 26.7856 2.1155
v 21.5657 27.4661 2.7355
v 21.4043 27.3752 2.8154
v 22.3146 27.3621 4.2355
v 21.9303 27.6077 4.5454
v 21.7547 27.6535 4.2555
v 23.0436 26.9797 4.5254
v 21.9757 27.7002 4.8254
v 22.4683 27.6509 5.2355
v 21.8855 27.8949 5.1055
v 20.8492 27.5862 0.0554
v 21.2256 27.1654 -0.0346
v 21.7515 28.2148 1.8054
v 21.5495 28.5659 2.2254
v 21.6587 28.4934 2.5354
v 21.7617 28.2572 2.2555
v 22.1240 27.6525 1.9054
v 21.8428 27.9469 2.3154
v 22.0719 27.2381 2.0954
v 21.9335 28.0090 1.9754
v 22.0926 27.8409 1.3755
v 21.6843 28.0817 1.3755
v 22.7007 27.2812 0.7154
v 22.2473 27.7046 1.5354
v 21.2180 27.7255 3.3855
v 21.2415 27.7774 3.5254
v 21.3515 27.7984 3.3454
v 21.5282 27.8457 3.0055
v 21.5484 27.9476 3.4454
v 21.6261 28.1601 3.0754
v 21.6476 27.9264 2.7654
v 21.7407 27.9584 3.6055
v 21.6673 28.1881 3.2154
v 21.9313 28.3341 3.3454
v 21.6768 28.5605 2.8254
v 21.9397 28.4723 3.2754
v 21.3125 27.8293 4.1155
v 21.6977 27.8595 4.8354
v 21.8865 27.6326 4.0854
v 22.4551 27.5763 3.7555
v 22.3074 27.4893 3.9554
v 22.2973 28.6167 3.4454
v 22.3916 28.2873 3.4354
v 22.2683 28.0154 5.6454
v 21.8314 28.4958 5.9154
v 22.2109 28.2820 5.9054
v 22.8017 27.6518 5.4955
v 22.4931 28.2498 5.9454
v 21.7932 28.6857 6.0354
v 21.9668 28.6696 6.0754
v 22.4393 28.7529 6.0654
v 22.2307 28.4583 6.0254
v 22.5283 28.4154 6.0154
v 22.7010 28.5408 5.9955
v 22.7885 28.2008 5.9254
v 22.4819 29.0412 5.9955
v 21.5661 29.0539 3.0454
v 21.8736 28.9632 3.3254
v 22.0225 29.3503 3.9955
v 21.8816 28.7786 3.2154
v 21.9521 29.6781 4.2455
v 22.6303 29.2965 4.5454
v 22.3110 29.7445 4.6454
v 22.4814 28.6979 3.6155
v 22.9170 28.9605 4.4254
v 22.0024 30.1810 4.5954
v 22.0832 30.3854 4.8454
v 22.2448 30.0612 4.8954
v 22.1970 30.2878 5.1654
v 22.3832 29.9108 5.0654
v 22.2618 30.0506 5.5154
v 22.5227 29.7280 5.2455
v 22.6607 29.3890 5.6055
v 22.7264 29.3883 4.8254
v 22.1605 29.9703 5.7754
v 22.7596 28.9651 5.8454
v 21.9172 30.6753 4.6554
v 21.9463 30.8459 5.3855
v 22.0247 30.7621 5.0854
v 21.8880 31.3080 4.6754
v 22.0672 32.4420 3.0055
v 22.0719 32.2854 3.6654
v 22.0607 33.5378 1.0654
v 22.1333 33.1360 2.6954
v 22.1312 32.5011 3.2954
v 22.1592 32.8704 2.9054
v 22.1411 32.8033 2.6155
v 22.1421 33.4810 1.5354
v 22.1324 33.7438 1.3254
v 22.0401 34.1064 0.1754
v 22.0969 33.7927 0.8555
v 22.0857 34.1687 0.4654
v 21.9196 34.1699 -0.2846
v 21.9535 34.4252 -0.5045
v 21.9253 34.6912 -0.7146
v 21.9861 34.6379 -0.2445
v 17.9384 14.2398 -24.9246
v 18.0891 13.9658 -24.4846
v 17.9200 14.3258 -23.7645
v 18.1343 14.5418 -23.5346
v 18.3769 14.2488 -23.6546
v 19.2631 14.0418 -23.6245
v 18.2852 15.6938 -22.5346
v 18.0643 15.0538 -22.0846
v 19.0622 14.5378 -21.9546
v 18.6227 14.8378 -22.2746
v 18.6261 14.7538 -22.0946
v 19.2553 14.6098 -21.6946
v 20.1650 14.2828 -22.7046
v 18.0373 15.3348 -21.3645
v 18.4906 15.3128 -21.3845
v 18.5158 16.3188 -18.3945
v 18.4462 16.1698 -18.8146
v 18.7742 16.1348 -18.5446
v 18.7998 16.2848 -18.4246
v 19.6434 15.5768 -19.5646
v 18.4790 14.9858 -25.3845
v 17.8897 16.2578 -24.3346
v 18.3710 15.8628 -24.9346
v 17.9903 16.1338 -24.6345
v 18.1750 16.1488 -24.3546
v 18.3804 15.3078 -25.3945
v 18.4530 15.6528 -25.2146
v 18.4939 15.9338 -24.6646
v 18.6011 15.9708 -24.3745
v 18.0258 16.1558 -24.0246
v 18.4766 15.9348 -24.0446
v 18.4911 16.0938 -22.6846
v 18.7744 16.6618 -22.3845
v 18.6052 16.6438 -22.5045
v 18.5433 16.3968 -22.6946
v 19.0703 15.9778 -22.8146
v 19.1028 16.1458 -22.7746
v 19.2036 16.3028 -22.6746
v 19.0325 16.4748 -22.5346
v 18.3912 16.6658 -21.6546
v 18.1401 16.9938 -21.7445
v 18.6132 16.8138 -18.2846
v 19.3579 16.6728 -19.7246
v 18.8931 17.4098 -19.5346
v 19.4024 16.9638 -19.7746
v 21.5606 16.0628 -19.5946
v 19.5284 17.0978 -19.7946
v 22.0159 14.8658 -19.1046
v 20.6959 15.5528 -18.2246
v 20.3318 15.8278 -17.7746
v 20.5770 16.0368 -17.2346
v 18.4828 18.1278 -18.7846
v 18.5549 17.9168 -19.2146
v 18.5833 18.0648 -18.9346
v 18.9964 17.8448 -18.9546
v 19.4673 17.2868 -19.6946
v 19.5076 17.4358 -19.5546
v 19.8303 17.3648 -19.2746
v 18.8836 18.1218 -17.8645
v 19.0345 18.4508 -17.6946
v 19.3910 17.6728 -18.1145
v 19.1645 18.0508 -17.9846
v 19.2216 18.2938 -17.8446
v 19.2522 18.3928 -17.7146
v 19.1623 18.5898 -17.4346
v 19.5120 18.2178 -17.8645
v 20.3264 17.2758 -18.5446
v 19.5651 18.3628 -17.5946
v 19.9167 18.3798 -17.1846
v 19.9750 18.3148 -17.0246
v 19.7038 18.4398 -17.3246
v 20.0890 18.1548 -17.6245
v 19.8449 19.6548 -14.0946
v 20.7905 18.3268 -14.5045
v 21.4028 17.9178 -13.8845
v 20.3933 19.3748 -12.9746
v 20.1874 20.0418 -12.9146
v 21.0682 19.5388 -11.8645
v 20.9430 19.8568 -11.9146
v 20.9427 19.7978 -11.1245
v 21.9000 19.6178 -10.4446
v 20.8615 20.3228 -9.8346
v 21.0371 20.3828 -9.7146
v 19.7853 20.1218 -13.9746
v 21.1770 19.7688 -14.0946
v 19.9198 20.6418 -13.1846
v 21.9856 18.5868 -15.2846
v 19.8344 20.5878 -12.8046
v 19.6943 20.7938 -13.0246
v 20.2201 20.3148 -13.0546
v 20.7224 19.8578 -13.3546
v 20.4801 20.2108 -13.3346
v 21.2643 21.0538 -11.6046
v 20.9452 20.1528 -11.9746
v 20.1065 21.1178 -11.0646
v 20.8522 20.4998 -11.8845
v 20.8216 21.1188 -11.5546
v 20.7759 21.7768 -10.1345
v 21.4575 21.1828 -9.9546
v 21.5923 21.2878 -10.3046
v 20.4632 21.1928 -9.2246
v 20.2954 21.0748 -9.1746
v 20.7912 21.5278 -9.5746
v 21.1851 21.9748 -6.5246
v 21.4443 22.1408 -7.2545
v 21.0451 22.5048 -7.2846
v 20.7170 22.6268 -5.6646
v 20.9934 22.9288 -5.5346
v 21.2544 22.7158 -5.6145
v 22.4682 21.4748 -6.5946
v 21.5726 22.1268 -5.9846
v 21.2042 22.4798 -5.7046
v 21.9464 22.4108 -5.8046
v 21.6846 22.6228 -5.7346
v 20.8436 23.1438 -7.3446
v 21.2552 22.9106 -7.4046
v 22.3395 23.0940 -6.6145
v 21.3123 23.1507 -7.2545
v 21.6652 22.6748 -7.4846
v 22.2818 22.6768 -7.4446
v 21.7134 23.4209 -6.2946
v 21.7515 23.1710 -6.0045
v 21.2276 24.2096 -3.9346
v 21.8882 23.5627 -3.8645
v 22.0810 24.0123 -4.2346
v 21.6242 23.8419 -3.9246
v 21.8356 24.3610 -4.2346
v 22.1697 23.5630 -4.1046
v 22.1277 24.3070 -4.2746
v 21.2436 24.3564 -2.5546
v 21.3798 24.1738 -2.6846
v 21.5971 24.6379 -2.5646
v 22.5168 23.9568 -2.8845
v 22.9751 24.1297 -3.1846
v 22.6861 23.3248 -3.1546
v 22.7600 25.2203 0.2954
v 22.6617 25.3608 0.5954
v 22.3827 25.5133 0.5954
v 23.5050 24.9462 0.5654
v 22.7598 25.5955 1.1454
v 21.3070 24.7773 -4.1245
v 21.7005 25.3032 -2.9746
v 24.3263 23.6245 -4.0646
v 22.3264 24.7243 -3.0546
v 22.3495 25.6266 0.0854
v 22.6237 25.5451 -0.0846
v 22.5877 26.4099 -0.3945
v 22.3078 26.1874 1.7054
v 22.3454 26.3469 1.7954
v 22.8647 26.0275 1.4354
v 22.5322 26.6053 1.6954
v 22.6892 25.8978 1.4354
v 22.7759 26.3655 1.4955
v 23.1904 25.4485 1.1155
v 23.1148 26.8290 1.0354
v 22.7349 27.1110 1.3254
v 23.2601 26.9705 3.6754
v 22.9909 26.9483 4.0654
v 24.6324 25.9182 3.9154
v 24.5876 25.9363 3.4454
v 24.7337 25.7980 3.6155
v 24.5381 26.0858 4.1954
v 23.0202 27.4389 3.5354
v 23.2834 27.1528 5.0754
v 22.9736 27.6872 5.6255
v 22.8649 27.8639 5.7555
v 23.1534 27.7844 5.7154
v 23.0844 27.5241 5.4855
v 23.4416 27.7244 5.6454
v 23.3385 27.3107 5.3454
v 23.3704 27.4190 5.4654
v 23.7695 27.1666 5.3154
v 23.7235 27.6547 5.5254
v 22.6814 26.8282 -0.1946
v 23.1909 26.4104 -0.4846
v 22.6143 26.5622 -0.3945
v 23.4146 26.5812 -0.0846
v 23.1820 26.8329 0.1954
v 24.0806 25.6122 -0.9046
v 23.6356 26.6235 0.4955
v 22.4986 27.9774 3.5055
v 22.9343 27.8926 3.4254
v 22.6911 28.2447 3.4354
v 22.7557 28.5138 3.6155
v 23.1356 28.1317 3.4855
v 23.1717 28.2682 3.6055
v 23.5508 28.3639 4.1554
v 23.3362 28.7649 4.7154
v 23.8675 28.2520 4.4454
v 23.9542 27.6573 3.3154
v 24.1234 27.6747 3.4454
v 23.3728 27.8122 3.3555
v 23.3301 27.9160 5.7254
v 23.0758 28.1395 5.8555
v 23.2731 28.5256 5.6355
v 23.3772 28.2113 5.6854
v 24.5362 27.3948 4.9454
v 23.6618 28.3685 5.2154
v 23.2990 28.8416 5.0154
v 23.9391 28.2161 4.7455
v 18.7784 13.6708 -24.8246
v 19.1932 13.5708 -24.9846
v 20.0963 12.9978 -24.8645
v 22.7108 11.6808 -24.7946
v 21.3929 12.7228 -23.9046
v 20.3573 13.3668 -23.7445
v 19.1486 14.4228 -25.3645
v 19.3359 14.6818 -25.4646
v 19.7319 14.3138 -25.4546
v 19.3674 13.8108 -25.1846
v 19.5585 13.9928 -23.6445
v 19.3196 14.4698 -22.4446
v 19.1689 14.4538 -22.2645
v 19.5689 14.6238 -21.6445
v 21.2762 15.1508 -22.2946
v 21.3801 13.8048 -21.9945
v 19.6562 15.7078 -19.6546
v 20.5813 15.0348 -19.9446
v 21.2992 15.2448 -19.2746
v 20.8696 14.7408 -19.6245
v 21.0980 14.9638 -19.2645
v 20.9032 16.1168 -17.1646
v 19.9295 14.5888 -25.4846
v 18.6553 15.7468 -24.9546
v 18.8437 15.7868 -24.6746
v 18.9383 15.6208 -24.9646
v 19.1167 15.2058 -25.3645
v 19.5874 15.5038 -24.4146
v 19.3845 15.4728 -24.8446
v 20.8615 14.3108 -25.4146
v 19.7323 15.2628 -24.0846
v 20.2831 15.1328 -22.9846
v 19.4809 15.7428 -22.8845
v 19.5082 15.8968 -22.8845
v 19.5733 16.1608 -22.6946
v 19.4575 16.2928 -22.5546
v 19.8605 16.1468 -22.2645
v 20.1841 15.4548 -23.0045
v 20.2783 15.8308 -22.7246
v 20.1807 15.9758 -22.4346
v 21.3073 15.2678 -22.4346
v 19.7775 16.5628 -19.9146
v 19.8607 16.8568 -19.9446
v 20.0202 17.0388 -19.8446
v 20.3416 16.4238 -20.1445
v 20.1158 16.8028 -20.0045
v 20.7533 15.2708 -20.1546
v 21.2842 15.5808 -20.4846
v 20.4190 16.7838 -20.0045
v 20.4509 16.8928 -19.8745
v 21.3010 16.4168 -19.7445
v 20.2156 17.1258 -19.5846
v 21.1895 16.5138 -19.9046
v 21.7878 15.9578 -19.2445
v 21.6830 16.4748 -19.1046
v 20.8356 16.7628 -17.1145
v 20.6448 18.2318 -14.3346
v 20.9123 17.8748 -14.1145
v 21.4114 17.4928 -14.5646
v 21.5931 17.4878 -14.2846
v 20.5764 17.5808 -18.3446
v 19.7993 18.1218 -17.8845
v 20.5124 17.8458 -17.9246
v 20.5581 17.9408 -17.6445
v 23.3005 15.5568 -19.6846
v 20.0378 18.2858 -17.3346
v 20.1918 18.1208 -17.0446
v 20.4534 18.0198 -17.3046
v 20.4504 17.9108 -17.1546
v 20.8461 17.7418 -17.4846
v 21.9267 18.2738 -15.3246
v 21.2724 19.3908 -14.6445
v 21.0445 19.6738 -14.3645
v 21.7055 19.2598 -14.6846
v 22.2522 18.7458 -14.4546
v 21.1202 19.7148 -13.7046
v 21.5037 19.5058 -14.0846
v 21.6213 18.3588 -13.8546
v 22.1700 18.4748 -13.0246
v 23.2902 17.3188 -13.8645
v 21.3100 20.0068 -12.3645
v 22.1108 18.7808 -13.0846
v 21.3867 19.2578 -11.8446
v 22.0371 19.2558 -11.4746
v 21.9279 18.9458 -12.0145
v 21.9541 19.7688 -10.1746
v 21.8650 20.0238 -9.9846
v 22.0422 20.1558 -9.9746
v 22.0867 20.4468 -10.0346
v 22.3247 19.4308 -10.4646
v 21.4993 20.2688 -12.4546
v 20.9951 20.6118 -11.9846
v 22.4727 19.4188 -13.4546
v 21.0307 20.7778 -11.9146
v 22.0628 20.9268 -11.0646
v 22.5459 20.1668 -12.5145
v 22.5343 20.7348 -10.6245
v 22.1035 20.9868 -10.7746
v 22.0746 22.4388 -7.5746
v 22.7182 21.8358 -7.7346
v 21.7620 22.3488 -7.4846
v 22.1351 21.4768 -6.8546
v 22.2593 21.4038 -7.0145
v 22.3909 21.5018 -7.3845
v 21.7499 22.1988 -5.8745
v 22.0050 21.9918 -6.0246
v 21.9377 22.5638 -5.8246
v 22.4896 22.1278 -6.0045
v 22.5329 22.4178 -6.0646
v 22.4383 22.8578 -6.2445
v 22.6992 21.6958 -6.2046
v 23.5147 22.1658 -6.5145
v 22.5782 23.0247 -3.6946
v 23.3125 22.7848 -3.5846
v 23.3055 22.4168 -4.2846
v 23.8291 22.4138 -3.8945
v 21.9596 22.6248 -7.5145
v 22.1696 23.0590 -6.2146
v 22.0456 23.2152 -6.2946
v 22.1658 23.1812 -6.4546
v 23.8058 22.2218 -6.7445
v 22.3635 23.9436 -4.3446
v 22.6252 23.7668 -4.4746
v 22.3293 23.6991 -4.2645
v 22.5762 23.4333 -4.3945
v 22.5423 23.1583 -4.2645
v 22.2912 23.3867 -4.1145
v 23.1067 23.2425 -4.8645
v 23.2594 23.3562 -4.9446
v 22.7809 23.8306 -4.5646
v 22.8360 24.0643 -4.4146
v 23.3163 23.5562 -4.8446
v 23.4966 23.6481 -4.7346
v 22.5509 23.0270 -4.1546
v 23.3733 22.9808 -3.3246
v 22.6138 24.3860 -4.1445
v 23.8872 23.8205 -4.2046
v 23.0380 23.5290 -3.0546
v 22.9399 23.8527 -3.0646
v 23.3916 24.0153 -3.4046
v 23.4995 23.7069 -3.3246
v 23.3211 23.4613 -3.1546
v 23.6550 24.7083 -0.3346
v 23.8160 24.5269 -0.1646
v 23.0373 25.0565 0.2954
v 23.7048 25.0629 0.8154
v 24.3587 24.6016 0.5154
v 24.8427 24.7383 0.5254
v 23.9110 25.4832 -0.8446
v 24.2183 24.5325 -0.7246
v 23.1165 25.8001 1.2954
v 23.2965 26.0481 1.1355
v 23.7257 26.3454 0.6954
v 23.9156 25.4237 0.8655
v 23.7670 26.4625 0.5554
v 24.2734 25.9007 0.4754
v 24.2304 26.6840 3.1854
v 23.7268 27.2676 3.2555
v 24.4139 26.9548 3.0254
v 24.5905 26.0547 3.2754
v 25.2122 26.4500 2.7154
v 24.7601 26.2453 4.5954
v 23.9987 27.5747 5.3655
v 23.9000 26.1070 -0.5246
v 23.8356 26.3694 -0.1046
v 23.6030 26.6211 0.1854
v 24.5100 25.9397 -0.2645
v 23.3660 26.8435 0.4754
v 23.8803 26.4574 0.1854
v 24.4213 26.0383 0.1954
v 24.4484 27.1364 3.0554
v 24.8916 27.3959 3.8655
v 25.7438 26.7192 2.9654
v 24.2881 27.7464 4.9554
v 22.9671 11.8578 -24.0946
v 20.0506 14.0848 -22.0045
v 20.4308 13.8118 -22.3046
v 20.6203 13.8588 -22.0346
v 20.2235 14.1268 -21.8745
v 21.2792 13.4308 -22.3446
v 21.3944 13.4638 -22.7645
v 21.3920 13.3878 -22.6546
v 20.7384 13.9888 -25.5446
v 24.9798 11.0408 -25.4546
v 20.3910 13.5408 -23.7146
v 21.2402 14.2578 -24.1046
v 20.9807 14.5848 -24.1946
v 21.1105 14.6728 -23.0946
v 20.8648 15.0208 -23.0946
v 21.5290 14.8138 -22.2445
v 20.7137 14.8138 -19.7746
v 20.8581 14.9578 -20.0946
v 21.2761 14.8458 -20.3046
v 22.7544 13.7478 -20.4446
v 20.9843 14.7888 -20.0746
v 22.4806 13.9878 -20.5346
v 22.6471 13.8278 -20.1445
v 21.8693 14.3638 -19.6846
v 22.6282 14.0748 -20.7346
v 21.6641 15.7478 -19.5446
v 21.2311 15.2008 -18.3845
v 22.2824 14.5818 -19.0145
v 21.6500 14.9758 -18.3945
v 21.8217 14.8188 -19.4246
v 21.7618 15.4238 -19.5346
v 20.8066 15.7648 -17.5145
v 21.3222 15.3878 -17.8146
v 22.3283 15.0948 -17.9546
v 21.5758 15.7818 -17.5045
v 22.1251 14.9148 -18.1345
v 20.2470 15.0808 -24.7246
v 20.5650 14.9778 -24.4346
v 20.0357 14.9928 -25.1445
v 20.4789 14.8238 -25.0145
v 21.6598 14.3318 -24.6046
v 21.9165 14.1358 -24.7545
v 20.4343 15.0068 -24.2645
v 20.2176 15.6178 -22.9546
v 21.3976 15.2438 -22.7545
v 20.6319 15.3888 -23.0045
v 20.9524 15.3988 -22.8745
v 21.6911 15.0818 -22.6046
v 21.1566 14.9558 -23.1245
v 20.9604 16.4748 -20.1646
v 21.6867 15.6418 -20.6245
v 20.8732 16.6898 -19.8945
v 24.0631 15.1888 -19.0846
v 21.2305 17.4978 -17.7946
v 24.0586 15.3028 -19.2645
v 23.8701 15.4488 -19.4246
v 21.5902 16.8348 -17.6445
v 21.4086 17.5628 -14.7146
v 21.9902 17.3508 -15.2346
v 23.5610 16.8468 -16.3645
v 23.8033 15.9368 -15.4646
v 23.3782 16.0108 -16.0746
v 21.5815 18.0518 -13.8546
v 22.3206 18.4048 -13.2246
v 23.8719 15.3428 -19.7146
v 21.0751 17.5728 -17.9446
v 23.0879 17.4608 -16.0546
v 22.1251 19.0388 -14.6946
v 22.1519 18.9798 -14.8346
v 23.5182 17.8878 -15.5646
v 22.2673 18.4978 -15.3745
v 22.3135 19.3148 -13.3346
v 22.7111 18.2508 -13.6245
v 22.7437 19.3328 -13.6445
v 22.6413 19.5248 -13.4746
v 22.2790 18.3778 -12.7146
v 22.4474 18.6008 -12.3246
v 22.5462 18.9418 -11.9446
v 22.6687 18.8568 -12.0946
v 23.0254 18.4828 -12.4546
v 22.2380 19.2728 -11.0446
v 22.6068 19.0298 -11.5045
v 22.4173 19.2518 -10.7545
v 22.5708 18.9998 -11.8046
v 22.9161 18.8678 -11.2046
v 22.9823 18.9938 -10.7746
v 22.7212 18.9968 -11.8246
v 22.9134 19.0708 -12.0246
v 23.0391 19.1638 -10.5145
v 23.4600 20.7748 -7.6646
v 23.3704 20.8678 -7.2046
v 23.1094 20.9718 -7.1946
v 23.4711 20.7428 -7.5045
v 23.8941 20.5448 -7.5246
v 23.1842 21.2188 -6.6345
v 23.4041 19.4768 -13.4146
v 23.1191 19.5888 -13.4046
v 23.0207 19.9978 -12.0846
v 22.9757 19.9078 -12.3645
v 22.4683 20.4038 -11.9346
v 23.2434 20.1628 -11.6846
v 23.0662 20.1918 -10.4945
v 23.3529 20.2408 -10.7645
v 23.1404 21.7298 -7.9146
v 23.2064 21.1348 -7.7645
v 22.9576 21.9298 -7.8446
v 23.0830 22.1918 -7.7645
v 23.0601 21.0498 -7.5546
v 23.7201 20.8388 -8.0246
v 23.3304 20.9618 -7.7545
v 23.9300 21.2118 -8.2946
v 23.5920 21.7698 -8.0546
v 23.6051 20.7458 -7.8346
v 24.1272 21.4868 -8.3246
v 23.5225 22.1048 -7.8046
v 23.1328 21.0858 -6.9146
v 22.9543 21.4888 -6.3546
v 22.8913 21.8798 -6.1345
v 23.0025 21.6878 -6.2246
v 23.1768 21.8148 -6.2346
v 23.3395 21.9258 -6.3246
v 24.1665 20.8308 -6.8446
v 24.3748 21.0588 -6.6946
v 24.5430 21.1778 -6.7445
v 24.3716 21.9938 -6.0446
v 24.6404 21.4388 -6.2445
v 23.6017 22.1118 -4.7246
v 23.8702 22.1018 -4.4446
v 24.3991 21.4378 -5.6145
v 23.8228 21.9958 -4.7246
v 24.1823 21.6898 -5.1746
v 24.2571 22.2498 -3.9146
v 24.1109 21.9048 -4.7445
v 23.8852 22.5788 -3.6245
v 23.8037 22.8627 -3.4046
v 23.9788 22.9918 -3.4146
v 24.4913 22.5508 -3.6345
v 24.3213 22.4688 -3.6646
v 23.1469 22.4088 -7.5145
v 24.6528 21.6978 -8.0346
v 24.7540 21.8468 -7.3046
v 24.2165 22.5348 -5.8346
v 24.8756 22.9917 -5.0946
v 24.4868 22.8306 -5.6245
v 23.7779 23.6318 -3.4646
v 24.1928 23.5281 -3.7146
v 23.7424 23.3543 -3.3446
v 24.5905 23.4788 -4.2346
v 24.4976 23.4228 -3.8945
v 24.4551 23.3037 -3.7645
v 24.5781 23.1299 -3.7645
v 24.9751 23.2354 -4.5446
v 24.0478 24.4570 -0.4945
v 24.1203 24.3314 -0.3246
v 24.3390 24.1994 -0.4746
v 24.3532 24.1881 -0.3246
v 24.6312 24.4126 -0.9646
v 25.0402 24.5889 -1.2846
v 24.5140 24.0799 -0.4746
v 24.6024 24.1455 -0.7946
v 25.8040 23.2129 -0.9346
v 25.1662 24.9554 0.3354
v 24.8579 25.7251 3.4554
v 25.0110 25.6342 3.6055
v 25.1197 25.5636 3.2954
v 25.5320 25.2931 3.3054
v 25.2344 25.7223 2.9354
v 25.6434 25.2406 2.9855
v 25.1957 25.6493 3.8954
v 25.3888 25.7208 4.1554
v 26.8492 24.4337 2.6854
v 25.9068 25.3595 3.8555
v 25.5648 25.7834 4.2754
v 25.8691 25.7856 4.2555
v 24.9928 24.9112 -1.2645
v 25.4539 24.9168 -1.2545
v 24.5480 25.9825 0.0354
v 25.6034 25.2846 -0.4246
v 25.6200 25.2327 -0.1846
v 25.4234 25.1701 0.0854
v 24.6984 26.8891 2.9254
v 25.1530 26.0247 2.8454
v 25.7763 26.3111 2.4754
v 25.8887 26.1210 2.4054
v 25.5477 26.6273 2.6954
v 25.2909 26.8227 2.8454
v 25.9766 26.4789 2.6554
v 25.2746 27.1035 4.1854
v 22.7022 11.7868 -25.0546
v 23.1311 11.6918 -25.1946
v 21.4959 12.8928 -23.7846
v 21.9412 12.8228 -23.7946
v 21.8899 12.4888 -23.9246
v 24.0292 11.8568 -23.9346
v 24.2881 12.3248 -22.4646
v 24.8753 12.2218 -22.5346
v 21.8246 13.3698 -22.8845
v 22.3131 13.7008 -23.1546
v 22.1120 13.3088 -22.9646
v 22.6968 13.9578 -19.8745
v 22.4860 14.3478 -19.6145
v 22.9565 14.1498 -19.1746
v 24.0626 13.5808 -19.3546
v 22.5423 12.9348 -25.5646
v 21.0363 13.9438 -25.5446
v 22.9943 12.8758 -25.5346
v 22.7874 13.4908 -25.0446
v 22.6556 13.2598 -25.4446
v 21.5376 14.4178 -24.4546
v 23.1843 13.4268 -24.6245
v 22.0909 14.0818 -24.4546
v 21.5643 14.3228 -24.2846
v 21.4017 14.6178 -23.1445
v 21.7266 14.7258 -23.1445
v 21.9569 14.7168 -22.3845
v 21.6235 14.9468 -23.0346
v 21.9059 14.8168 -23.0446
v 22.1084 14.3348 -23.2346
v 22.1236 14.7948 -22.6046
v 22.1381 14.4918 -23.2146
v 22.2329 14.7748 -22.7645
v 22.1589 14.9168 -20.7645
v 22.6625 14.3498 -20.8645
v 21.6424 14.6828 -19.4546
v 22.1119 14.7618 -19.4846
v 22.1664 15.1798 -19.6546
v 22.2313 15.6138 -19.7545
v 22.2655 14.7468 -19.4546
v 22.2747 14.8718 -19.5746
v 22.4319 14.9738 -19.7046
v 22.6049 14.9878 -19.5346
v 22.5042 15.4188 -19.7545
v 22.5016 15.3038 -19.5846
v 22.5115 15.5348 -19.8745
v 22.5422 14.4458 -19.2346
v 22.9251 15.3798 -20.0546
v 22.8901 14.9528 -18.1946
v 23.6403 15.1828 -18.7246
v 23.4507 15.8288 -15.7346
v 23.9306 15.5058 -15.8845
v 24.6756 15.1508 -16.0646
v 22.1501 15.6658 -20.6245
v 22.3231 15.7078 -20.5045
v 23.1852 14.8308 -21.0546
v 22.8999 15.4228 -20.3645
v 22.9746 15.4988 -19.7746
v 23.8965 16.4148 -15.3645
v 24.1243 17.0938 -15.6345
v 24.2851 17.1778 -15.8446
v 23.3725 18.0388 -12.7946
v 22.9030 18.0268 -12.8745
v 24.9805 16.5138 -13.9246
v 23.6887 17.2958 -14.4146
v 24.4371 17.4408 -13.3346
v 23.7224 18.2968 -12.8046
v 23.5261 18.8318 -12.6445
v 24.1928 18.0428 -12.2746
v 23.6802 18.4838 -12.0446
v 23.9486 18.3928 -12.2545
v 23.9348 18.1488 -11.9846
v 23.4222 18.5338 -11.6646
v 23.4751 18.5218 -11.3645
v 24.0945 18.4658 -10.9746
v 23.6798 18.3718 -11.8645
v 24.4511 18.6628 -10.8146
v 24.2024 17.9068 -11.9546
v 22.9297 18.0938 -15.6846
v 23.1865 17.8988 -15.8346
v 23.2139 17.9888 -15.7246
v 23.5524 17.5308 -16.1245
v 23.4735 17.7998 -15.8546
v 22.9301 18.7818 -13.8745
v 22.8471 19.1288 -13.7846
v 23.0893 18.8868 -13.9945
v 23.0234 19.2638 -13.7846
v 24.0432 17.7838 -14.7545
v 24.1685 18.0728 -14.7746
v 23.3524 19.3418 -13.6946
v 23.6838 19.3288 -13.4246
v 24.1833 18.4448 -14.5145
v 23.7259 19.0238 -13.9846
v 24.0624 19.0448 -13.7246
v 24.3384 18.8718 -13.7246
v 24.0923 19.0308 -13.4146
v 22.9615 19.0278 -12.1746
v 22.9917 18.8388 -12.2946
v 23.2176 19.6538 -12.6546
v 23.3309 19.5558 -12.3446
v 23.2915 19.0858 -12.3745
v 23.3159 19.1528 -12.2545
v 23.4021 19.6258 -12.2146
v 23.4607 19.3178 -12.6046
v 23.6520 19.3598 -12.3046
v 23.4426 19.5128 -13.1046
v 23.5578 18.6588 -12.0446
v 23.7250 18.8868 -12.2846
v 23.3121 19.0068 -12.0446
v 23.9792 19.4498 -12.2545
v 24.0389 18.5028 -13.0446
v 24.1203 18.6288 -12.4746
v 24.1969 19.0808 -12.4945
v 23.9604 18.9678 -13.1046
v 24.2726 19.3948 -12.2846
v 23.0191 18.8658 -11.6846
v 23.3276 19.9268 -11.9546
v 23.7570 19.7718 -11.9846
v 25.1199 19.2418 -11.2346
v 24.9690 19.1508 -11.0646
v 24.4279 20.4628 -8.5045
v 24.9577 19.8568 -8.7645
v 25.0885 19.9468 -8.9546
v 25.1403 20.3868 -7.0446
v 24.6851 20.4738 -7.1546
v 25.1703 19.6228 -8.4346
v 25.1991 20.2018 -9.1245
v 24.7483 20.6858 -6.8945
v 24.7795 20.8148 -6.8146
v 25.0546 20.6238 -6.7946
v 23.6717 19.9998 -11.7146
v 23.7188 20.1038 -11.4346
v 23.7528 20.1198 -11.1245
v 24.3855 19.7288 -11.7545
v 24.3350 19.6018 -12.0246
v 25.1204 19.3868 -11.4746
v 24.4675 19.7528 -11.4646
v 24.8622 21.3958 -8.4646
v 24.4787 21.0498 -8.6345
v 25.4150 20.6168 -9.2046
v 25.4720 20.8518 -9.0546
v 24.7054 21.2868 -6.8446
v 24.7387 21.5608 -6.9746
v 24.7514 21.6918 -7.0746
v 24.9261 21.0168 -6.5346
v 24.9137 21.4668 -6.6046
v 25.0534 21.5518 -6.8246
v 25.1511 21.6868 -7.6345
v 24.2249 22.3638 -5.8945
v 24.7551 21.1408 -6.1145
v 24.5952 21.5298 -5.3546
v 24.8627 21.4178 -5.5446
v 24.6323 21.6778 -5.2445
v 24.7118 21.8648 -6.3745
v 24.7743 21.1308 -5.9146
v 25.0620 21.0378 -5.9346
v 25.0313 21.5368 -5.5946
v 24.8611 21.9368 -5.3246
v 24.3918 22.4798 -5.9546
v 25.0045 20.9098 -6.2746
v 25.1338 21.3318 -5.7346
v 24.3238 22.0028 -4.3346
v 24.4903 22.0028 -4.2046
v 24.3848 21.8238 -4.9246
v 24.4086 21.8788 -4.7846
v 24.7089 21.9078 -4.8945
v 24.7943 21.9828 -5.1746
v 25.2741 21.7698 -5.1145
v 25.0126 22.2028 -5.4046
v 25.2771 21.5268 -4.6746
v 25.8438 21.2808 -4.7046
v 25.0617 21.7878 -4.2346
v 25.0497 22.3128 -5.5946
v 24.5438 22.1488 -3.9346
v 24.9170 22.4508 -3.7846
v 24.8328 22.0648 -3.9546
v 24.9772 22.8775 -3.9246
v 25.3357 22.3398 -3.9945
v 25.1407 22.0688 -3.9446
v 26.4966 21.4148 -4.5346
v 24.7200 22.5838 -5.9146
v 24.8068 22.3628 -6.1846
v 24.9224 22.2348 -6.3346
v 25.0175 22.4358 -5.7445
v 24.7947 22.7658 -5.4945
v 25.0718 22.2248 -6.3446
v 25.0983 22.2968 -6.2146
v 25.2144 23.0288 -4.8446
v 24.9881 22.8399 -5.2346
v 25.1124 23.1757 -4.5446
v 25.0861 22.5908 -5.3446
v 25.1267 22.7578 -5.2346
v 25.1603 22.8776 -5.1046
v 24.7376 23.3472 -4.0646
v 25.2684 22.9334 -4.1546
v 25.0581 23.2203 -4.3945
v 26.0651 22.4258 -4.4846
v 26.3805 23.6090 -1.9446
v 25.6398 24.4254 -1.5946
v 25.9815 23.6619 0.0254
v 26.2815 23.4347 -0.1245
v 26.4303 23.6035 0.0254
v 26.7923 23.9912 -0.0846
v 26.3472 24.7186 2.6954
v 26.5474 24.7329 2.2254
v 26.0744 25.1751 2.4754
v 26.2650 25.2550 2.2754
v 27.4199 24.2145 2.6454
v 27.2176 24.5632 3.0654
v 26.1975 25.2860 3.8254
v 26.0100 25.7508 4.1954
v 26.2538 25.5110 3.9955
v 26.2871 25.6737 4.0454
v 26.4970 25.2716 3.7854
v 26.6699 25.3961 3.7754
v 26.9691 25.4644 3.5954
v 25.2484 24.6896 -1.3845
v 26.6843 24.6278 -0.7445
v 25.7576 25.0944 -0.0946
v 26.1604 24.9728 -0.4346
v 26.0260 24.8794 -0.1046
v 26.4328 24.6388 -0.2046
v 26.4357 24.7955 -0.4346
v 26.6425 25.5989 1.9955
v 26.3702 25.5207 2.1454
v 26.2824 25.8602 2.2154
v 26.5719 25.8256 2.1055
v 26.7233 25.8295 2.0854
v 26.0005 25.6323 2.3855
v 26.0939 26.3494 2.5254
v 26.1729 26.0547 2.3054
v 26.6377 26.0557 2.3555
v 26.6841 26.1550 2.6454
v 26.8711 26.1223 3.0254
v 26.5512 26.3050 2.9354
v 26.9214 25.9348 2.3454
v 27.3195 25.8054 2.6255
v 26.4806 26.1967 3.7455
v 26.8497 25.8013 3.6255
v 27.2251 25.6660 3.2854
v 26.7595 26.1301 3.4054
v 27.3991 25.7137 2.9454
v 23.2873 11.3938 -24.6646
v 23.3997 11.3478 -24.9746
v 22.0629 12.6478 -23.8046
v 22.3313 12.4458 -23.8346
v 23.0451 12.1738 -23.8745
v 22.6539 12.7448 -22.6946
v 23.8359 12.3668 -22.4746
v 25.0085 11.5498 -23.0746
v 22.3833 13.1118 -22.9646
v 23.3780 12.4368 -22.5746
v 23.9894 12.9258 -23.4046
v 23.1606 13.6638 -20.8146
v 23.1894 13.9318 -20.9846
v 23.4380 13.5878 -20.9646
v 28.6281 10.8938 -22.4945
v 22.7528 13.7918 -20.5346
v 22.9724 13.6238 -20.4546
v 24.0150 13.0968 -20.4846
v 23.6915 13.5388 -19.9146
v 22.8037 14.2428 -19.3246
v 23.3034 13.3198 -24.7746
v 22.7818 13.6558 -24.4646
v 23.0591 13.4928 -24.4646
v 23.9463 12.7838 -25.0546
v 22.3685 13.8688 -24.3745
v 22.8231 14.0648 -23.2746
v 22.3279 14.6118 -23.0546
v 22.4207 14.5958 -22.6046
v 26.1906 12.0908 -22.9146
v 22.5248 14.1088 -23.2645
v 22.7116 14.2558 -23.1846
v 23.1964 14.1538 -22.7645
v 23.2759 13.9928 -23.2146
v 23.0866 14.2478 -21.0346
v 22.8454 14.6028 -21.0045
v 23.2727 14.5048 -21.1445
v 23.5110 14.1458 -21.1946
v 23.8477 14.3828 -21.2946
v 23.1150 15.1598 -20.8046
v 23.1947 15.2708 -20.2246
v 23.6238 14.7378 -21.0946
v 23.4810 15.1678 -20.2445
v 23.3020 15.1908 -20.5346
v 24.3376 14.4658 -21.1345
v 24.5058 14.4768 -21.0145
v 24.0299 14.9078 -20.4146
v 22.7168 14.8858 -19.7645
v 26.1767 12.8248 -19.8446
v 23.7828 15.8708 -16.4046
v 24.2562 15.4218 -16.6846
v 23.8861 15.5558 -16.3546
v 24.4469 15.0518 -16.6345
v 24.1999 15.2068 -16.3246
v 23.6517 16.5118 -16.4146
v 23.5574 15.7458 -16.0346
v 24.1959 16.3428 -16.7846
v 23.9451 15.4158 -16.1746
v 24.3392 15.6428 -15.7046
v 24.7588 14.9088 -16.3346
v 24.4762 15.0358 -16.3246
v 24.5093 15.7648 -15.7445
v 24.6714 15.8738 -15.8446
v 24.3997 16.2888 -14.7246
v 24.2201 16.4348 -14.4246
v 24.2033 16.5718 -14.1445
v 24.4319 16.2928 -14.4246
v 24.6645 16.0408 -14.7046
v 24.7122 16.1488 -14.4346
v 24.6270 16.3778 -14.1546
v 24.2791 16.4998 -14.7645
v 25.1157 15.7728 -15.3346
v 24.4343 16.7918 -13.7545
v 22.6791 15.5218 -20.5145
v 23.8355 16.7658 -16.5346
v 24.3618 16.4578 -16.8546
v 23.8410 17.4418 -16.1345
v 23.9172 17.1518 -16.3945
v 24.1241 17.3158 -16.1546
v 25.6669 15.8658 -16.5546
v 24.3205 17.0328 -16.4246
v 24.7619 16.8078 -16.4446
v 25.1686 16.4408 -16.4246
v 24.2094 17.3058 -16.0045
v 23.7851 16.9698 -14.4146
v 24.2341 16.8068 -14.8146
v 27.1143 14.6308 -16.9146
v 24.9462 17.1878 -15.3845
v 24.9368 17.8998 -13.7146
v 24.7090 18.2758 -13.5846
v 25.5081 17.1038 -12.7746
v 24.5390 18.5178 -12.6746
v 24.7093 18.4458 -10.9146
v 26.6418 17.4448 -11.2645
v 25.3804 17.1188 -15.5145
v 24.2684 18.7208 -14.1546
v 24.4356 18.7248 -14.0246
v 24.6033 18.6248 -13.7146
v 24.5386 18.6988 -13.8745
v 24.3433 18.6918 -13.3845
v 24.7243 18.4238 -13.6846
v 24.7109 18.5478 -14.0246
v 24.9605 18.1818 -13.8246
v 24.9922 18.2888 -14.0045
v 25.1011 18.1238 -13.9746
v 24.4496 18.8548 -12.6245
v 24.6398 19.0338 -12.5646
v 24.8258 19.1528 -12.4446
v 28.5896 16.3068 -14.1946
v 25.3609 18.1608 -13.0045
v 28.9598 16.5848 -14.0446
v 25.2844 19.0988 -12.3645
v 25.0644 19.4318 -11.7846
v 25.7608 19.0468 -12.1046
v 24.9538 19.3798 -12.0646
v 25.9375 19.0078 -11.8146
v 24.5058 18.9698 -10.8046
v 24.9344 18.8748 -10.9346
v 25.2671 19.6088 -8.9546
v 25.3971 19.4388 -8.8845
v 25.5476 19.3298 -8.7346
v 25.4298 19.8308 -9.2246
v 25.4705 20.1158 -9.3146
v 25.6802 19.3298 -9.2146
v 25.9137 19.0678 -9.1946
v 25.9330 19.3758 -9.5145
v 25.7434 20.0328 -9.4945
v 25.9457 19.0698 -8.8845
v 25.0145 19.6958 -8.5846
v 25.0860 20.7168 -6.6445
v 25.1092 20.7658 -6.5045
v 26.2981 19.5748 -7.8046
v 26.8509 19.3418 -7.9846
v 25.1827 20.9318 -6.0746
v 25.5665 20.6918 -6.3945
v 26.7891 19.6858 -7.6846
v 25.3830 20.4558 -9.2445
v 25.8248 20.3408 -9.4546
v 25.7654 20.7958 -9.0846
v 26.1706 20.5838 -9.2445
v 25.4398 21.5998 -7.6646
v 25.8268 21.3718 -7.9746
v 26.1328 20.9188 -8.6946
v 25.0563 21.6288 -7.1445
v 25.4292 21.9048 -6.7946
v 25.6520 21.6938 -7.2445
v 25.7744 21.6158 -7.4146
v 25.9065 21.6298 -7.2645
v 25.9784 21.6468 -6.9746
v 25.3716 22.1058 -6.2146
v 26.3149 21.2978 -7.0946
v 26.3272 21.0138 -6.9746
v 25.9675 21.4638 -6.6245
v 25.5297 21.1858 -6.1046
v 25.9195 21.0298 -6.5045
v 27.0648 19.9208 -7.8346
v 26.8385 21.6318 -6.0246
v 25.6669 22.4398 -5.3945
v 26.4601 21.2478 -4.6046
v 27.1236 20.4888 -5.7946
v 26.9149 21.3038 -4.7445
v 26.5802 21.9888 -4.6846
v 26.6128 22.2618 -4.8346
v 27.1979 22.2268 -2.0045
v 27.5002 22.0718 -1.8546
v 26.4838 22.8193 -1.0946
v 26.6986 22.5538 -1.5346
v 27.0862 22.5158 -2.1646
v 26.8391 22.8608 -0.6946
v 26.7495 23.0600 -0.4146
v 26.5236 23.3569 -0.1345
v 26.9244 23.1158 -0.2946
v 26.8299 23.3517 -0.1245
v 26.5757 23.5755 -0.0045
v 27.0365 22.9617 -0.4346
v 27.2251 23.0933 -0.3146
v 27.4025 23.2260 -0.2946
v 27.8129 22.4158 -0.8945
v 25.5610 22.6288 -5.2545
v 25.7367 22.6968 -5.1546
v 27.0435 21.8738 -5.9346
v 26.4051 22.3328 -5.4746
v 25.9053 22.7098 -5.0246
v 26.2696 22.4958 -4.7146
v 26.0671 22.6778 -4.8845
v 27.2804 22.0308 -5.3845
v 26.2904 23.9451 -1.8945
v 26.7634 24.0055 -1.8645
v 27.5991 24.0225 -1.2046
v 26.6055 23.7328 0.0254
v 26.8275 24.2681 -0.2046
v 26.8450 24.5221 -0.4346
v 26.8903 23.6675 -0.0746
v 27.0211 23.9342 -0.1746
v 27.2135 23.8841 -0.2645
v 27.3688 23.9828 -0.4146
v 27.1003 24.4064 -0.7545
v 27.9151 23.9061 -0.9146
v 26.9054 24.7424 1.8354
v 27.1867 24.3466 1.6554
v 27.1817 24.1021 1.9354
v 27.0656 24.1797 2.2455
v 27.7227 23.6769 1.7954
v 27.4891 24.5312 1.3054
v 27.0272 25.1616 1.7054
v 27.5733 24.1863 1.2254
v 27.2958 24.0399 1.7455
v 27.6539 23.7022 1.3354
v 27.6749 24.7881 1.1954
v 27.7848 24.4144 1.0055
v 27.5325 24.6271 3.0454
v 28.6188 23.0911 1.3254
v 27.4592 24.9888 3.2054
v 27.6169 24.4207 2.8855
v 28.6722 23.2377 1.5954
v 27.7116 24.1477 2.6255
v 28.2654 24.7190 2.5854
v 26.8094 25.5527 1.9054
v 27.0547 25.3154 1.7154
v 27.9106 25.1106 1.4554
v 27.7329 25.0368 1.3454
v 29.0510 24.5593 1.5654
v 27.2573 25.5159 3.3354
v 23.5481 11.2258 -24.8146
v 24.8148 10.5088 -24.6846
v 24.0864 11.2708 -24.1245
v 23.8377 11.5198 -23.9945
v 23.5831 11.7718 -23.9146
v 23.8837 11.7308 -23.9046
v 24.4177 11.3228 -23.9746
v 24.0018 11.5498 -23.9346
v 25.0396 11.4788 -25.5446
v 23.3191 12.8488 -25.4446
v 23.7532 12.7128 -25.3246
v 25.1475 11.6428 -25.4446
v 24.7613 12.3998 -24.4646
v 24.6836 12.4578 -24.7846
v 24.7040 12.2918 -24.3046
v 24.5699 12.8118 -23.5145
v 24.0349 13.2178 -23.4546
v 25.4436 11.3268 -22.9346
v 26.9669 11.4698 -21.7645
v 26.1678 11.8768 -21.2946
v 25.8172 12.6198 -20.0145
v 25.3559 14.4968 -17.2645
v 25.0974 14.5678 -16.9346
v 24.9641 14.6858 -16.9346
v 24.9746 14.6498 -16.7746
v 25.2529 14.4928 -16.7846
v 26.0337 13.9768 -17.2445
v 24.2200 13.3628 -23.3845
v 24.5073 13.2518 -23.3745
v 24.2559 13.4828 -23.2346
v 23.7862 13.7318 -22.7645
v 23.5999 13.9308 -22.9346
v 24.0142 13.6738 -22.9346
v 24.6296 13.7418 -21.5446
v 24.1626 14.4098 -21.2545
v 24.4012 14.1168 -21.4146
v 24.4987 14.2908 -21.2746
v 25.4705 13.4138 -21.7346
v 25.2393 13.7488 -21.5746
v 25.2735 13.8728 -21.4546
v 24.8125 14.7808 -20.0346
v 25.7446 13.8358 -19.7946
v 24.9820 14.6178 -19.6046
v 24.9801 14.8958 -17.1345
v 24.9714 15.8028 -17.2545
v 25.9387 14.1398 -16.9546
v 26.2086 14.5208 -17.9446
v 24.6205 15.5728 -15.8246
v 24.9780 15.1448 -16.0946
v 25.6304 15.5878 -16.4446
v 26.2628 14.1838 -16.8546
v 25.4284 15.1938 -16.2545
v 25.7896 15.1168 -15.5946
v 25.1744 15.6258 -15.0045
v 24.9127 16.2708 -14.1746
v 24.9414 15.8748 -14.7146
v 25.0275 15.7578 -15.1646
v 25.7938 15.5208 -14.7545
v 26.9682 15.9508 -13.0045
v 26.5562 16.2228 -13.0045
v 25.9333 16.7078 -12.8645
v 25.3923 15.6958 -17.4446
v 25.0389 16.1298 -17.1546
v 25.7074 15.7348 -17.4246
v 26.2231 16.1898 -16.1646
v 26.6570 16.0928 -16.2445
v 25.9775 17.3508 -14.7146
v 25.7888 17.3048 -14.3645
v 25.9941 16.9378 -14.4746
v 26.6871 15.4798 -14.9246
v 25.8178 17.2998 -13.0646
v 27.3137 16.6098 -13.7246
v 26.9633 16.1278 -13.3446
v 26.4743 18.2518 -11.2746
v 27.0537 18.4008 -11.8446
v 26.5004 18.5238 -11.4846
v 26.0198 19.9548 -9.6445
v 26.1860 18.8708 -9.1846
v 26.3036 18.8558 -9.5045
v 26.1381 19.1368 -8.6145
v 26.4640 18.7108 -9.1946
v 26.7730 18.5548 -9.8246
v 26.5656 18.5928 -9.4945
v 27.6778 18.5648 -10.5246
v 27.1543 18.5668 -10.1846
v 26.7015 18.7128 -9.8546
v 27.1187 20.2078 -7.9046
v 27.1795 20.4278 -5.6345
v 26.8935 20.6508 -5.3346
v 27.2572 20.3778 -5.7946
v 27.2554 20.4858 -5.9945
v 27.6092 20.5088 -6.3346
v 27.0636 20.7368 -5.0646
v 26.7140 21.0468 -4.7746
v 27.1357 20.9168 -4.9146
v 27.3205 20.4788 -5.3546
v 27.3826 20.6818 -5.0946
v 27.5601 20.8148 -5.0846
v 27.4944 20.5278 -5.2346
v 26.2518 20.3288 -9.5145
v 27.2371 19.9608 -9.7246
v 27.3416 20.2378 -9.1846
v 27.4870 19.1018 -10.3546
v 26.7651 19.9358 -9.8146
v 27.9796 19.2938 -10.3046
v 26.3995 21.1668 -8.0145
v 26.7768 20.8738 -8.3146
v 26.8158 20.9228 -8.0145
v 28.2503 19.5678 -9.6345
v 26.9436 20.7168 -7.8346
v 26.4703 21.0938 -7.2046
v 26.5617 21.1368 -7.8745
v 26.4948 21.1968 -7.4146
v 26.5947 21.0308 -7.3945
v 26.8290 20.7788 -7.6445
v 26.7790 20.9288 -7.7046
v 27.3447 21.1808 -6.2946
v 27.1881 21.9428 -5.8146
v 27.5688 21.5618 -6.2445
v 27.3998 21.4878 -6.2746
v 27.8995 21.0268 -6.5946
v 28.0069 21.4648 -6.2846
v 27.4081 21.7648 -5.1846
v 27.0270 21.1128 -4.8146
v 27.4681 21.1478 -5.0546
v 27.9210 21.3118 -5.3845
v 27.5178 21.8428 -5.3745
v 27.5489 21.8038 -5.3645
v 27.5290 21.8828 -5.6946
v 27.6501 21.7898 -5.8446
v 28.1235 21.6168 -2.4646
v 27.3407 22.1198 -1.9945
v 27.4664 22.1228 -2.2645
v 27.8593 21.8588 -2.4746
v 28.1892 22.1168 -1.1846
v 28.9723 21.6158 -1.6546
v 27.5840 22.6928 -0.6046
v 28.1530 22.5358 -0.7645
v 28.2473 22.2948 -0.9246
v 28.3718 22.9195 -0.7645
v 28.3427 22.7238 -0.7246
v 28.0914 23.2968 0.4254
v 28.0989 23.1696 0.6155
v 28.6705 22.4738 -0.0946
v 28.8060 22.7468 0.7555
v 28.4090 22.7899 -0.1946
v 28.4752 22.8714 -0.4646
v 26.9805 22.1448 -5.5145
v 28.2759 21.8588 -2.8745
v 28.2457 22.6208 -2.9646
v 28.3969 22.9504 -2.7946
v 28.5464 23.5057 -1.5446
v 27.9026 23.9287 -1.0746
v 29.0711 23.1895 -1.8546
v 27.4909 23.8075 -0.4146
v 27.6430 23.9013 -0.5846
v 27.9031 23.6867 -0.6646
v 28.5669 23.3379 -1.0646
v 28.5508 23.2019 -0.9846
v 28.0160 23.9727 0.6055
v 27.7592 23.7912 0.9855
v 28.1579 24.3691 0.6554
v 27.9186 24.5756 0.9454
v 28.8415 23.3653 -0.7746
v 28.2337 24.6664 0.8855
v 29.0657 23.9363 -0.2046
v 28.7896 24.4539 0.6954
v 29.0767 23.4970 -0.8346
v 28.6539 24.0727 0.0254
v 29.1767 23.4390 1.7054
v 28.3482 24.0405 2.4054
v 28.7347 23.4453 1.8555
v 28.8715 23.8795 2.0554
v 28.6216 24.2891 2.3054
v 28.2942 24.9861 2.4154
v 28.4148 24.8202 2.3755
v 28.6746 24.7048 2.1255
v 29.0553 24.4240 1.8354
v 29.0220 24.1500 1.9754
v 24.9236 10.4388 -24.9945
v 25.5319 10.0528 -24.6846
v 24.3804 10.7368 -24.8246
v 26.3097 10.8508 -24.1245
v 25.4317 11.4848 -23.3146
v 25.2122 12.0958 -23.5045
v 25.9456 11.4088 -22.6646
v 24.9095 12.1608 -25.0546
v 25.1130 12.1968 -24.6245
v 24.8524 11.9898 -25.3246
v 25.1199 12.1368 -24.4646
v 24.7107 12.9508 -23.4945
v 25.1077 12.4098 -23.5646
v 25.2046 12.8698 -23.3945
v 24.7870 13.1038 -23.3845
v 25.1660 12.7218 -23.5246
v 25.4812 12.7008 -23.3945
v 25.7948 11.5108 -24.2846
v 25.2457 12.8448 -22.9546
v 25.5341 12.7308 -23.2545
v 26.0617 12.3348 -23.0846
v 27.0747 12.3048 -22.1245
v 27.9372 12.0388 -20.7346
v 26.5408 13.8308 -18.0145
v 25.6194 14.2338 -17.2445
v 26.0085 14.0208 -17.5546
v 26.5787 14.2528 -16.8745
v 26.2777 13.8018 -17.5546
v 26.5540 13.6318 -17.5546
v 27.5771 13.8038 -16.8246
v 26.9551 14.2508 -16.1946
v 28.2572 13.2898 -16.7846
v 26.2027 13.2338 -21.7545
v 25.8916 13.7588 -21.2046
v 26.2622 13.4208 -21.4945
v 26.9132 13.3168 -20.9446
v 26.2196 13.7238 -20.9346
v 25.1126 14.5568 -19.7146
v 26.5443 13.4528 -20.3046
v 26.2553 14.8158 -17.9846
v 25.8172 15.5658 -17.5546
v 26.5372 14.7458 -18.1046
v 26.3842 15.4628 -17.1546
v 26.3118 15.3768 -16.9046
v 26.2489 15.4258 -17.5846
v 26.2724 15.1078 -16.7445
v 27.1838 14.8258 -17.9046
v 25.9863 15.6608 -14.6046
v 27.1256 14.4648 -15.6445
v 26.8626 14.9138 -15.2445
v 27.0890 15.8548 -13.1546
v 27.3628 15.8768 -13.4945
v 27.6735 15.6218 -13.0246
v 27.2481 16.7698 -11.6646
v 27.0045 16.1888 -16.0045
v 27.6752 15.2508 -16.8246
v 27.1266 15.5128 -16.6445
v 26.6861 16.6638 -15.4446
v 26.9703 16.4098 -15.4246
v 27.3145 15.8848 -15.4546
v 27.6174 16.6848 -13.8745
v 27.0262 17.9828 -11.4046
v 27.1822 18.0828 -11.5446
v 27.1307 17.6688 -11.3546
v 27.3091 17.9148 -11.5145
v 27.4545 16.9668 -11.4846
v 27.8386 17.4998 -11.6245
v 27.6018 17.9728 -11.7445
v 27.5144 17.2818 -11.4346
v 27.7303 17.8078 -11.7046
v 27.4911 17.9298 -9.7846
v 27.1817 18.1528 -9.9446
v 28.2470 17.3528 -10.3845
v 27.2128 18.0868 -9.7846
v 27.0504 18.3238 -9.9646
v 27.8854 18.1268 -9.2645
v 28.2427 18.3448 -9.1345
v 28.7586 17.4238 -12.9546
v 27.3304 18.1708 -11.7445
v 27.9970 17.9628 -12.3446
v 27.8792 17.9728 -12.0246
v 28.0099 17.8938 -10.6245
v 28.7219 18.6258 -10.8845
v 28.9300 18.2258 -11.1646
v 27.6609 19.2358 -10.3346
v 27.3750 19.7968 -8.1646
v 28.3459 18.9488 -9.1445
v 28.1389 19.4688 -9.0646
v 28.1462 19.5908 -9.1946
v 27.5231 20.3948 -6.2146
v 27.9136 20.1288 -6.4346
v 28.1760 19.7708 -6.2545
v 27.8683 20.2128 -5.5346
v 27.9892 20.6908 -6.6445
v 28.4800 19.6178 -6.2645
v 28.2640 20.6098 -6.8046
v 29.1629 19.3398 -6.3446
v 28.2999 19.6958 -6.4146
v 28.4396 19.8198 -6.7445
v 28.4959 20.2408 -6.9046
v 28.0915 20.5138 -5.3546
v 28.2539 20.6238 -5.4546
v 28.2010 20.3148 -5.4446
v 28.5903 20.0518 -5.6846
v 29.0377 20.0968 -5.8645
v 28.2483 21.5488 -2.6245
v 28.9058 21.1238 -2.9546
v 28.5229 21.3668 -2.6245
v 29.1879 20.9798 -2.9446
v 28.2092 19.5048 -9.9246
v 29.2679 19.6958 -7.4046
v 28.0901 21.2228 -6.5546
v 28.4605 21.3658 -6.1746
v 28.1503 20.7978 -6.7445
v 28.3188 20.9168 -6.7946
v 28.6133 21.2728 -6.0246
v 28.3859 21.1828 -6.5946
v 28.9636 21.0118 -6.6345
v 28.6056 21.1068 -5.8246
v 28.9826 20.7088 -5.9446
v 29.0118 20.9768 -6.1145
v 28.6025 20.8508 -6.8945
v 29.4064 20.8398 -6.5045
v 28.5123 21.4958 -2.9446
v 29.2375 21.1128 -3.4446
v 28.8307 21.2538 -3.1046
v 28.6424 22.0148 -1.0746
v 28.9755 22.0138 -0.8146
v 29.1883 21.7348 -1.2445
v 29.4024 21.4648 -1.6846
v 28.5267 22.5308 -0.5546
v 28.6125 22.4028 -0.5346
v 28.9068 22.2468 -0.3845
v 28.8330 22.4458 0.0454
v 29.0770 22.2708 -0.2645
v 29.1191 22.3408 0.0254
v 29.3778 22.2648 -0.3046
v 29.2706 21.9698 -0.8446
v 29.3984 22.2318 -0.6046
v 29.4058 22.2408 0.0055
v 29.4827 21.6868 -1.2746
v 29.3532 22.4758 0.5854
v 29.9724 21.9938 -0.0145
v 29.5503 22.5748 0.8454
v 28.9653 23.1800 1.5754
v 29.3473 22.9186 1.2654
v 29.2760 23.2287 1.5354
v 29.7326 22.6798 0.9554
v 29.6471 22.9331 1.1754
v 29.9563 21.6458 -4.0246
v 28.5463 22.6458 -3.0546
v 28.9701 23.3120 -1.5546
v 29.0014 23.3097 -1.2545
v 30.2901 22.2018 -3.2046
v 29.3806 23.1363 -1.7346
v 29.4707 23.3168 -1.1646
v 29.6851 23.0492 -1.6046
v 29.0183 23.8000 -0.4346
v 29.2580 23.5956 -0.7346
v 29.4291 23.6290 -0.6145
v 29.6236 23.7071 -0.3446
v 29.6359 23.3071 -1.0346
v 29.2382 23.7564 1.7654
v 29.8642 23.5319 1.2154
v 29.5470 23.9534 1.4754
v 25.7612 9.8788 -24.8346
v 25.7234 9.9488 -25.0045
v 25.4972 10.3848 -25.2746
v 26.4737 9.4918 -24.6946
v 25.5663 10.9368 -25.5346
v 26.0959 10.4098 -25.4446
v 25.8671 10.8958 -25.5145
v 26.1763 10.8678 -25.4346
v 25.6980 11.2508 -25.4346
v 25.6736 11.4258 -25.3146
v 27.9776 9.6988 -25.2946
v 26.1031 10.4498 -23.9646
v 26.2956 11.3038 -23.5346
v 26.8776 11.1928 -23.6445
v 26.6467 10.0568 -23.9746
v 26.1198 11.5368 -22.6746
v 26.9465 10.5958 -22.8346
v 27.2051 10.7468 -22.6946
v 27.6520 10.6798 -22.6946
v 26.7609 12.0778 -20.3446
v 25.9955 12.6868 -19.8845
v 27.9755 11.4008 -20.7746
v 26.8341 11.0038 -24.4546
v 27.2972 10.7058 -24.7645
v 26.8954 10.9968 -24.6245
v 26.2405 11.9158 -23.6145
v 27.5698 11.2708 -23.5346
v 27.8239 11.2118 -23.4046
v 26.1900 12.2898 -23.2545
v 26.4358 12.9138 -21.9246
v 26.3126 13.5478 -21.2146
v 27.0105 13.1698 -21.2346
v 26.8765 12.7998 -21.9146
v 27.1835 12.8348 -20.4846
v 27.3276 12.9168 -20.7046
v 26.5317 13.6948 -17.8745
v 26.9904 13.4118 -18.1846
v 27.0863 13.6638 -18.3745
v 27.1882 13.3428 -18.3546
v 27.2644 13.9088 -18.5446
v 27.3139 13.0818 -18.1546
v 27.3598 13.5808 -18.5546
v 27.8638 12.7228 -18.1546
v 27.2576 13.2918 -17.5746
v 27.1269 13.9658 -17.0846
v 27.8649 13.2128 -17.4945
v 27.0603 14.4618 -17.0045
v 27.2057 14.3338 -16.8645
v 26.8125 14.4728 -16.4646
v 27.4178 13.9438 -17.1245
v 27.5208 13.7178 -17.2246
v 28.0215 13.4368 -16.7846
v 27.4157 14.5688 -18.1846
v 27.8233 13.7618 -18.8146
v 28.2170 14.1578 -18.2146
v 27.2195 14.8528 -17.6046
v 26.8956 15.0428 -17.2846
v 26.8304 14.9458 -17.0846
v 27.3048 14.6748 -17.2645
v 27.4121 14.6918 -17.1245
v 27.7381 14.4958 -17.9046
v 27.6134 15.0028 -17.0045
v 27.4995 14.6008 -17.4346
v 27.6272 14.5498 -17.5946
v 28.6521 14.4008 -16.3146
v 27.2310 15.3098 -15.3046
v 28.7572 13.7458 -16.3346
v 28.9338 14.4348 -16.6046
v 27.5340 14.5758 -15.5746
v 27.3175 14.9688 -15.3745
v 27.3552 15.7228 -13.3146
v 28.4397 15.2968 -13.9546
v 27.6281 15.5298 -13.3146
v 27.7567 15.4858 -13.4746
v 27.9085 15.3858 -13.3246
v 28.7064 14.8788 -13.6345
v 29.4131 14.5598 -13.6646
v 28.1633 15.3748 -13.7946
v 28.1887 16.2078 -11.9846
v 30.6744 14.5028 -13.2046
v 28.4002 16.4368 -11.8046
v 27.7457 16.9118 -11.5346
v 28.1075 16.4898 -11.7645
v 28.6241 16.0928 -12.0246
v 28.4585 16.7498 -11.7645
v 27.3983 15.8998 -16.1546
v 28.9455 14.2018 -17.5746
v 27.4417 15.9788 -15.8645
v 28.5218 14.8588 -16.8546
v 28.8076 14.6448 -16.6946
v 27.8788 17.8958 -11.8945
v 27.9165 17.0338 -11.5646
v 28.5007 17.0378 -11.8446
v 28.3979 17.3538 -11.8845
v 28.2864 17.7738 -12.1846
v 28.5500 17.4478 -12.0546
v 28.5597 17.6488 -12.5145
v 28.4669 17.6998 -12.3546
v 28.6896 17.5488 -12.3546
v 28.7832 17.0068 -10.5446
v 28.9035 17.1538 -11.1046
v 28.8861 16.8978 -10.8446
v 29.0985 17.5358 -11.3346
v 30.8496 15.5258 -11.7545
v 28.6305 17.4778 -9.8446
v 28.8068 17.5428 -9.7346
v 28.9808 17.6358 -9.6846
v 29.2896 17.7188 -9.7946
v 29.5516 16.8908 -10.3146
v 28.5213 17.6438 -12.6546
v 29.3229 17.1618 -12.9746
v 29.3983 17.6058 -11.5145
v 29.0500 18.6968 -10.7946
v 28.4432 19.2618 -10.2146
v 28.9680 18.3958 -11.0846
v 28.5118 19.1758 -9.4046
v 28.5202 19.3548 -9.6245
v 28.6316 19.3018 -9.9346
v 29.2568 19.1238 -7.1946
v 28.5593 19.5298 -6.5846
v 28.5592 19.6238 -6.7445
v 28.8360 19.3498 -6.5646
v 29.3344 18.9638 -7.0145
v 30.2471 18.3208 -7.4746
v 28.8150 20.4508 -7.1345
v 30.2122 19.3868 -8.1145
v 30.3297 18.4308 -8.1245
v 30.6555 19.4248 -8.3346
v 29.2030 19.4708 -6.1746
v 29.7867 19.4048 -6.3446
v 31.0790 17.9358 -7.6646
v 29.6910 20.6258 -3.4046
v 29.7628 20.6548 -3.7246
v 30.4422 20.1328 -4.1846
v 29.8336 20.9458 -2.5646
v 29.7727 21.1988 -2.0946
v 30.1656 20.5738 -3.1646
v 30.1300 20.9108 -2.5946
v 29.9461 21.2778 -2.0246
v 30.3784 20.7608 -2.8945
v 30.4230 20.9408 -2.7746
v 29.2311 20.3358 -7.3546
v 29.2878 20.5738 -7.2046
v 29.2490 20.9018 -6.6546
v 29.3449 20.7458 -6.9446
v 29.9023 20.1388 -6.4546
v 29.7878 20.4628 -6.4746
v 30.0653 20.4578 -6.9846
v 30.1784 20.3718 -7.1345
v 29.8066 20.5948 -6.6646
v 30.8499 21.0368 -4.7146
v 30.3390 21.9418 -3.7746
v 30.1327 21.4718 -2.0346
v 30.6707 20.8188 -3.1245
v 29.6366 21.7158 -1.3146
v 29.6045 21.5978 -1.4346
v 29.8039 21.8328 -1.3745
v 30.0423 22.2408 -1.4746
v 30.0505 22.5708 -1.3945
v 30.1820 22.4428 -1.8546
v 30.3451 22.2448 -1.2746
v 30.5219 21.5678 -1.3845
v 30.2839 21.8168 -1.1445
v 29.6551 22.1018 -0.3046
v 29.5475 22.1638 -0.1546
v 29.5837 22.3128 -0.8046
v 29.6571 22.2218 -0.4846
v 29.7822 22.3858 -1.0346
v 29.8576 22.0038 -0.6245
v 29.9175 22.1188 -0.7545
v 30.1505 21.6948 -0.7545
v 29.9849 21.9468 -0.7846
v 29.9861 22.4688 -1.2046
v 29.9553 22.3998 -0.8645
v 30.3156 21.5938 -0.7545
v 30.3813 21.8068 -0.1946
v 30.2805 21.6778 -1.0746
v 30.5174 21.4378 -1.2146
v 30.9313 21.1788 -1.2146
v 30.4157 21.9078 -0.0246
v 30.6784 21.7768 -0.2246
v 30.5942 22.0118 0.0454
v 30.3777 22.3238 0.3855
v 30.0512 22.7996 0.8755
v 29.9814 23.1667 1.0654
v 30.3158 22.7028 0.6355
v 30.8731 21.9678 -0.1445
v 30.6361 22.9155 0.4154
v 30.9397 22.2938 -0.0446
v 30.1001 22.6048 -1.8745
v 30.8033 21.8008 -3.5045
v 30.0054 22.7268 -1.4246
v 29.7265 23.1146 -1.3146
v 29.8556 23.4508 -0.6245
v 30.1688 23.4224 -0.5145
v 29.9258 23.1635 -0.9446
v 30.0069 22.8651 -1.1445
v 30.1818 22.9209 -1.0246
v 30.2954 22.7538 -1.1245
v 30.6306 22.8963 -1.0846
v 30.6924 23.0994 -0.8246
v 30.5039 23.4346 -0.2545
v 30.3286 23.1979 0.7555
v 30.5446 23.4955 0.0354
v 30.1883 23.7171 0.6654
v 30.7905 23.0127 0.2654
v 30.3614 23.3403 0.7154
v 30.4378 23.4480 0.5654
v 30.8050 23.2710 0.0554
v 26.7293 9.3658 -24.8645
v 26.3163 9.6888 -25.0646
v 28.0436 8.6798 -24.4346
v 26.7773 9.8658 -25.3446
v 27.5471 9.1848 -24.1646
v 26.7494 9.5998 -25.1746
v 26.8837 9.4438 -25.0946
v 27.1703 9.1058 -24.7146
v 27.0406 9.5448 -25.2246
v 27.3686 9.7688 -25.3845
v 27.7750 9.4448 -23.8745
v 27.9515 9.5768 -23.8645
v 27.0133 10.4788 -23.2846
v 28.0743 9.8518 -23.1445
v 26.8170 10.1498 -25.4346
v 26.5672 10.5208 -24.0346
v 26.7604 10.9008 -24.2846
v 27.4226 10.8008 -23.6345
v 27.3870 10.5238 -23.5145
v 27.3223 11.1218 -23.6646
v 27.5611 10.5818 -24.4646
v 27.7185 10.7528 -23.6546
v 26.9934 11.3708 -22.8246
v 27.8176 10.7938 -22.7645
v 27.7011 10.1718 -22.8546
v 27.1687 10.5798 -22.7645
v 27.8461 11.0608 -22.9346
v 27.4758 10.5488 -22.7046
v 27.6760 10.3558 -22.7346
v 27.9612 10.8578 -21.4846
v 28.5964 10.6228 -22.3446
v 28.5842 10.4018 -22.0946
v 28.0700 11.1648 -20.9446
v 28.7454 12.0828 -18.9146
v 30.3234 10.8418 -19.3346
v 27.0142 11.7458 -23.2545
v 27.9801 11.1418 -23.2545
v 27.1021 12.9838 -21.5145
v 27.6073 12.5368 -21.8046
v 27.4252 12.9148 -21.2346
v 27.2592 12.4478 -22.0546
v 27.4384 12.5218 -21.9246
v 28.0488 12.3568 -21.6646
v 27.5465 12.3408 -22.0646
v 27.3701 12.2558 -22.1445
v 28.6841 11.2028 -22.4746
v 29.4097 10.9888 -22.4945
v 28.0899 12.4198 -21.3745
v 27.5880 12.7828 -20.9246
v 28.1466 12.3608 -21.2146
v 28.7510 11.7938 -21.3346
v 27.9105 13.4218 -18.8745
v 28.3291 13.3108 -19.0846
v 28.5591 12.9378 -19.1946
v 29.2664 12.7678 -19.4646
v 28.5098 13.4478 -19.0446
v 27.8450 12.7018 -18.3046
v 27.9707 13.0158 -17.6145
v 29.2735 11.8588 -19.3546
v 27.7779 12.7608 -18.4646
v 29.4439 12.0918 -19.5746
v 28.1992 12.8988 -17.6245
v 27.7424 13.7108 -17.1145
v 27.9055 13.5348 -17.1046
v 27.9100 13.4988 -17.2445
v 28.0997 13.3518 -16.9346
v 28.1436 13.0578 -17.4945
v 28.3081 13.0438 -17.3645
v 28.1984 13.2138 -17.2246
v 28.4895 13.0358 -17.0746
v 28.9068 12.7998 -17.0846
v 28.8261 14.9138 -14.0145
v 28.9564 14.7448 -13.9446
v 28.8285 14.7928 -13.7846
v 27.8603 13.9268 -18.7346
v 28.2955 13.8108 -18.7645
v 28.0282 14.3118 -17.7545
v 28.5575 14.0268 -18.0746
v 28.6323 13.8348 -18.5045
v 29.2696 13.7438 -18.1145
v 27.7805 14.4618 -17.4446
v 28.2223 14.3898 -17.4846
v 28.3122 14.1928 -17.7645
v 28.4260 15.1648 -13.8645
v 29.0538 15.5688 -14.3845
v 28.5576 14.9998 -13.7946
v 29.3492 14.7628 -14.3146
v 29.1031 15.8678 -14.4146
v 29.2271 14.6638 -14.1546
v 29.6825 16.4168 -12.4046
v 29.3906 16.1988 -12.1946
v 30.1017 16.1458 -12.6245
v 28.8304 16.3438 -11.9346
v 29.1564 16.5648 -12.1046
v 29.1927 15.9228 -12.1646
v 30.6508 15.0638 -12.8945
v 29.1750 16.2158 -14.3046
v 29.2773 15.9958 -14.4246
v 29.3888 15.8038 -14.5045
v 29.8800 16.4748 -13.8346
v 29.3657 16.8608 -13.5346
v 29.0897 17.3028 -12.5145
v 29.2166 17.2478 -12.6746
v 29.3566 17.0668 -12.4945
v 29.4885 17.0488 -12.6646
v 29.6015 17.0068 -12.9846
v 29.9507 16.4838 -12.6046
v 29.7445 16.6858 -12.5446
v 30.0125 16.7278 -12.9846
v 29.7525 16.8088 -12.6746
v 29.1283 17.1408 -12.3246
v 29.3311 16.8088 -12.2846
v 29.6594 16.4728 -11.5346
v 29.9921 17.6238 -11.7246
v 29.0211 16.7918 -10.8346
v 29.0137 16.8478 -11.0045
v 31.1397 17.5228 -8.8146
v 30.0265 18.5538 -7.8046
v 29.8377 18.9868 -6.6245
v 30.7343 18.3418 -7.2346
v 30.5193 18.6868 -6.9346
v 29.6482 18.0738 -11.3645
v 30.0550 17.8728 -11.5346
v 29.6480 18.5548 -10.6946
v 30.1844 18.2108 -10.8446
v 30.1420 18.1388 -11.1345
v 30.2764 17.6978 -10.5746
v 30.8184 19.1998 -8.5145
v 30.6935 18.8148 -6.9446
v 30.0894 19.4778 -6.4945
v 29.8924 19.2038 -6.4646
v 30.3094 20.0108 -6.7445
v 29.9917 18.9938 -6.6345
v 30.0633 19.1598 -6.5446
v 30.3379 19.2458 -6.6646
v 30.3841 19.5398 -6.7146
v 30.7699 19.2638 -6.9746
v 30.9449 19.5068 -7.1546
v 30.7117 19.8748 -7.0646
v 31.0832 19.8608 -4.9346
v 31.0789 19.6528 -4.6245
v 30.2231 20.6328 -4.1846
v 30.5545 20.3468 -3.4646
v 31.1472 19.7928 -4.1946
v 30.5909 20.4728 -3.3246
v 30.6687 20.6388 -3.2346
v 31.6384 19.9598 -4.1646
v 31.3634 20.7718 -2.2746
v 31.3901 20.7388 -1.9646
v 31.5958 20.6538 -2.5946
v 31.7333 20.4298 -2.5646
v 31.4583 20.8788 -1.5346
v 31.8417 20.6358 -1.8546
v 31.6665 21.0518 -1.2946
v 31.0083 21.3778 -0.8046
v 30.2216 20.0728 -7.6946
v 30.5055 20.1628 -7.2846
v 30.5587 20.0988 -7.4346
v 31.5771 19.3648 -8.1946
v 30.0563 20.2358 -6.6046
v 30.0688 20.3668 -6.7046
v 30.4570 20.0978 -6.9346
v 31.3295 20.5448 -5.1746
v 31.1626 21.1248 -4.8046
v 31.3684 21.2818 -4.5546
v 31.0066 21.5728 -4.1046
v 31.3903 20.8608 -5.1145
v 31.1811 21.3688 -3.7746
v 31.4064 21.3248 -4.2545
v 30.8151 21.7088 -3.2246
v 30.7247 21.4748 -2.9546
v 30.9542 20.8628 -3.4246
v 31.2894 21.2378 -2.2946
v 30.8736 22.0508 -1.7545
v 31.7307 21.3848 -2.7046
v 31.7238 21.2918 -1.1445
v 31.2824 22.6518 -0.2846
v 31.8053 22.1108 -0.9246
v 32.1479 21.3008 -1.4945
v 31.2173 22.3018 -1.8146
v 31.3140 22.6338 -1.4346
v 31.7474 22.5048 -1.4646
v 32.1479 22.2618 -1.6245
v 32.3993 21.9928 -1.7046
v 28.0136 8.6908 -24.7445
v 27.6131 9.3078 -25.2046
v 29.2247 8.1888 -24.0246
v 28.0283 8.9688 -25.0646
v 28.0555 9.2328 -25.2445
v 29.1780 8.0878 -24.3146
v 28.4847 9.0268 -25.1846
v 28.4473 8.6348 -24.8945
v 28.3764 9.3348 -25.2746
v 28.3172 9.6828 -25.1546
v 28.6865 9.3088 -25.1846
v 28.7097 8.6768 -23.9046
v 27.9285 9.9918 -23.3046
v 27.9377 10.1418 -23.4646
v 28.2148 9.9528 -23.4346
v 28.3500 9.7978 -23.3446
v 29.7544 8.9958 -23.2146
v 28.5053 9.8968 -23.4846
v 28.3743 10.0578 -23.5446
v 28.6668 10.0048 -23.5846
v 28.6585 9.1828 -23.7746
v 27.8977 10.3318 -22.6946
v 28.3511 9.9428 -22.7346
v 28.9274 9.3968 -23.0045
v 28.7787 10.0658 -22.6145
v 28.6938 10.5208 -22.7146
v 28.6481 9.7428 -22.7346
v 28.9078 9.9008 -22.5646
v 28.1105 10.6748 -21.7746
v 28.8595 10.1898 -22.0346
v 28.3921 10.0098 -24.7746
v 28.3748 10.1448 -24.4846
v 28.8544 9.8638 -24.4945
v 27.9700 10.4138 -23.6145
v 27.9324 11.0328 -23.5346
v 28.1494 9.9638 -24.0846
v 28.0262 10.2738 -24.3146
v 28.0174 10.7098 -23.6445
v 28.2086 10.8628 -23.5346
v 28.5175 10.8048 -23.4146
v 28.2891 10.5128 -23.6546
v 28.5905 10.4728 -23.6345
v 28.9490 10.4388 -23.5446
v 28.7309 9.9408 -24.3446
v 27.9646 10.7688 -22.7846
v 28.2590 10.7188 -22.8046
v 28.5413 10.5378 -22.7346
v 28.5535 10.8338 -23.1145
v 28.5550 10.6708 -22.8246
v 28.9116 10.8268 -22.6046
v 28.6986 10.5818 -22.7746
v 29.3047 9.9618 -21.7946
v 28.7209 10.6828 -21.2445
v 29.2779 10.4418 -21.3745
v 29.7068 10.3468 -21.5045
v 29.5085 11.0148 -21.5846
v 29.6091 10.6708 -21.5145
v 30.1629 10.6628 -22.0646
v 29.9704 10.7018 -22.5145
v 30.1915 11.0248 -19.6646
v 29.6203 11.7508 -19.5946
v 30.6525 11.4638 -20.1546
v 28.8622 13.5648 -18.7946
v 30.3810 12.2468 -19.6546
v 29.5939 13.7178 -17.8945
v 29.7670 12.4778 -17.1046
v 29.5575 12.8818 -16.8446
v 30.1719 13.1548 -17.2846
v 29.6849 13.7638 -17.0946
v 29.6893 13.8528 -17.2645
v 29.8362 12.8078 -16.9846
v 29.9355 13.5258 -17.2346
v 30.4535 12.1638 -17.3346
v 29.9440 13.6258 -17.4046
v 30.0255 14.1388 -14.4346
v 30.8237 13.6538 -14.7846
v 30.4267 13.7988 -14.4246
v 29.6263 14.4118 -14.3146
v 30.7257 14.1528 -13.6046
v 29.7857 14.2358 -13.9546
v 30.0451 14.0578 -14.1046
v 30.4695 13.8688 -14.1245
v 30.4090 13.1858 -17.9945
v 30.5754 13.9988 -14.7946
v 31.3256 14.2288 -15.3246
v 31.2333 14.5608 -15.2946
v 29.6916 14.9578 -14.5946
v 30.7612 15.7258 -14.4146
v 30.1219 15.6968 -14.6345
v 30.3109 15.6298 -12.6946
v 31.2930 15.4908 -13.3246
v 30.1629 15.9798 -11.7545
v 30.8786 15.3908 -12.0346
v 30.8040 15.6338 -12.3745
v 31.9670 15.0758 -12.0346
v 32.1430 15.2058 -12.0246
v 30.0146 16.5978 -12.7445
v 30.4060 16.3338 -12.9546
v 30.3786 16.4658 -13.4446
v 32.1980 15.1398 -14.3346
v 30.7683 16.3878 -12.5045
v 30.5829 16.9398 -12.2645
v 31.0637 17.0738 -12.2746
v 30.7636 17.0838 -12.2346
v 31.9000 15.5288 -13.4346
v 31.3135 15.7328 -12.9446
v 31.2416 17.1498 -12.1646
v 30.8665 17.4588 -11.8645
v 31.1524 17.3508 -11.8845
v 30.6811 16.6458 -10.8246
v 30.4279 17.7908 -10.7445
v 30.8636 16.8978 -10.9546
v 31.1724 17.0918 -11.2545
v 30.8920 17.4828 -11.0946
v 30.8214 17.6418 -11.1345
v 30.9548 17.5848 -11.2846
v 31.0866 16.5148 -11.1145
v 31.2018 17.3598 -11.4246
v 31.0707 17.6908 -8.8046
v 31.1889 17.3908 -8.6445
v 31.4652 17.2198 -8.6445
v 31.6593 17.2978 -8.3745
v 31.5591 17.0498 -8.9346
v 32.7059 16.6478 -9.0045
v 31.7500 17.5888 -7.9846
v 30.9998 18.1968 -7.3845
v 31.0753 18.5358 -7.2246
v 31.4552 18.2538 -7.5145
v 31.3476 18.4518 -7.4046
v 31.1032 18.6898 -7.2146
v 32.0398 17.5608 -8.0946
v 31.7496 18.3148 -7.7246
v 30.4005 17.9548 -11.2846
v 30.4392 17.9198 -10.8546
v 30.3036 18.1048 -10.9945
v 30.6818 17.8188 -11.2946
v 31.2049 18.5658 -8.9746
v 30.9439 19.3768 -8.4146
v 32.3477 18.4038 -9.4945
v 31.9713 18.1138 -9.6846
v 32.8968 18.1458 -9.6646
v 31.3444 19.3668 -7.4945
v 31.7366 19.2148 -7.8845
v 31.3264 19.2278 -7.4346
v 31.8564 19.2148 -8.2046
v 31.5292 18.7018 -7.5546
v 31.8133 18.9068 -7.8246
v 32.0684 18.8308 -5.5145
v 31.7940 19.3898 -4.6646
v 31.9133 18.9078 -5.6646
v 31.9189 19.0498 -5.8446
v 32.0453 18.8438 -5.9746
v 31.4402 19.7348 -4.2246
v 32.1410 19.6148 -4.6445
v 32.2185 20.0678 -4.6546
v 31.9729 20.3338 -3.0446
v 32.7093 19.8458 -3.9846
v 32.4466 19.8328 -3.5446
v 32.2650 19.9878 -3.0045
v 32.5897 20.1028 -2.6145
v 32.5330 19.9338 -2.8745
v 33.3462 20.2248 -4.6046
v 32.4730 20.6428 -2.0946
v 31.9940 20.8428 -5.1646
v 32.0918 20.0958 -5.9246
v 31.9047 20.5608 -5.5546
v 32.5012 19.2728 -6.5045
v 32.5884 20.3008 -5.9046
v 31.8912 20.9998 -4.8745
v 32.2982 20.7538 -5.0346
v 32.4918 19.9518 -6.2846
v 32.6597 20.4608 -5.4846
v 32.2876 20.5088 -4.7246
v 32.9985 20.7068 -4.1046
v 31.9306 21.6638 -2.7246
v 33.4170 20.6458 -4.3945
v 32.1272 21.8528 -2.6145
v 33.3580 20.9438 -3.9846
v 32.5444 21.7228 -2.8046
v 32.5932 21.8378 -2.5246
v 32.7544 21.8008 -2.3845
v 32.8302 20.5058 -2.4446
v 32.9224 20.9818 -2.3446
v 32.5367 21.4778 -1.8146
v 32.3859 21.8608 -1.6145
v 29.5910 7.9358 -24.5045
v 29.0501 8.6668 -25.0346
v 29.3106 8.2308 -24.7445
v 30.4774 7.3778 -23.8745
v 30.3101 7.4798 -24.1846
v 29.6181 8.3118 -24.8645
v 29.6267 8.2908 -23.6445
v 30.3962 7.6328 -23.6046
v 28.7536 8.8548 -23.7846
v 29.8047 8.5988 -23.5446
v 28.9367 8.9668 -25.1546
v 28.7731 9.6358 -24.8945
v 29.4035 8.9308 -25.0246
v 29.2687 9.6068 -24.4945
v 29.0034 9.5318 -23.9746
v 29.0746 9.6538 -23.4945
v 29.4074 9.8858 -23.6245
v 29.0106 9.7928 -24.3446
v 29.4279 9.5568 -24.3546
v 29.8101 9.5268 -23.5746
v 29.8645 9.8338 -23.5546
v 28.9426 10.0878 -22.5446
v 28.9912 10.1208 -22.2445
v 29.1009 10.0238 -21.9346
v 29.7440 9.2848 -22.3246
v 29.2768 9.5568 -22.4746
v 29.3694 9.7018 -22.2046
v 30.7774 8.3318 -22.5746
v 30.0336 8.7208 -23.0145
v 29.3661 10.1628 -21.5346
v 29.5541 9.7168 -21.9246
v 29.9048 9.8138 -21.6546
v 29.6789 10.1918 -21.5145
v 29.7203 9.7138 -21.7946
v 30.2033 9.7698 -21.6546
v 29.9874 10.2748 -21.6345
v 29.3119 10.2278 -23.5546
v 29.0127 10.2558 -23.6245
v 29.3562 10.3588 -23.4346
v 29.7718 10.1108 -23.4346
v 30.0454 9.9218 -23.4346
v 29.1021 10.5718 -23.2946
v 28.9796 10.6558 -23.1345
v 29.0082 10.6358 -22.8246
v 29.1401 10.6148 -22.9945
v 29.2861 10.5828 -23.0045
v 29.3080 10.6238 -22.8645
v 29.4887 10.7078 -22.7346
v 29.6014 10.5678 -22.8945
v 29.8417 10.6788 -22.6445
v 29.8326 10.3068 -23.1846
v 30.1946 10.3938 -22.7846
v 30.0524 10.6698 -21.8945
v 30.0213 10.5498 -21.7645
v 30.2661 10.1998 -21.7746
v 30.4715 11.2138 -20.0045
v 31.2069 10.1088 -19.9246
v 30.5760 10.8998 -19.9546
v 30.7476 11.1348 -20.1646
v 30.7380 11.4458 -17.8246
v 32.2651 10.0748 -18.5145
v 30.6691 11.7698 -17.5546
v 30.2089 12.2078 -19.7746
v 30.8675 12.6368 -18.5646
v 30.9153 12.7458 -18.2846
v 30.6817 12.9908 -17.9945
v 30.9818 12.7128 -17.9746
v 31.1875 12.5478 -18.2846
v 29.9968 13.5808 -17.5646
v 31.0089 12.0118 -17.6345
v 30.6908 12.8348 -17.6445
v 30.4417 13.1928 -17.6946
v 30.7633 12.6728 -17.6245
v 32.3396 11.3198 -18.4046
v 30.7877 13.5898 -14.4246
v 31.0896 13.3928 -14.7346
v 31.1049 13.3898 -14.5746
v 31.1284 13.4418 -14.4346
v 31.7770 13.2478 -15.2346
v 31.3640 13.2558 -14.8046
v 31.5306 13.2088 -14.5946
v 31.1887 14.1168 -13.5045
v 32.0735 13.3928 -14.0946
v 32.2504 13.4618 -13.9846
v 31.5087 14.1758 -13.4746
v 30.9282 14.9868 -13.0446
v 31.4886 14.3388 -15.4146
v 31.7703 14.8838 -13.6046
v 31.4426 15.5808 -13.5045
v 31.8312 15.3958 -13.8745
v 30.7970 16.1308 -13.2746
v 31.8222 15.1868 -13.6145
v 31.9027 14.5018 -13.1646
v 32.0317 14.2898 -13.0446
v 31.0208 15.5568 -11.6245
v 31.8774 14.7488 -12.3446
v 33.1454 15.5948 -10.3845
v 32.3093 16.4348 -9.5246
v 33.2543 15.9018 -9.8446
v 32.2705 16.7628 -8.9646
v 31.8723 15.1908 -14.6145
v 32.2150 15.6298 -13.5145
v 32.8897 15.3078 -13.8546
v 31.7834 16.8418 -12.3246
v 31.9437 16.6568 -11.9446
v 32.7906 15.7528 -12.5946
v 31.5305 16.6648 -11.5145
v 32.8416 15.8698 -12.7246
v 32.0725 16.6508 -12.1746
v 32.0965 16.6658 -9.8546
v 32.7396 16.8588 -10.6046
v 32.1000 17.8758 -8.0446
v 32.6743 17.9758 -8.5746
v 32.7462 16.8028 -8.8745
v 33.0802 17.0358 -8.9945
v 32.7320 18.2048 -6.9246
v 33.0818 17.8768 -7.4346
v 32.7977 18.0228 -6.9945
v 32.2795 18.5408 -5.9446
v 32.7696 18.0978 -6.3845
v 32.8440 17.9038 -6.8146
v 33.5080 17.1338 -7.9846
v 34.5972 16.4498 -8.1445
v 32.0187 18.3258 -9.5846
v 32.0632 18.4878 -9.4246
v 32.4745 17.7598 -10.1445
v 32.7839 17.8118 -10.1946
v 32.9684 18.3088 -9.2445
v 32.8914 18.3258 -8.9346
v 33.6045 18.4488 -7.9746
v 32.8943 19.9608 -5.3446
v 32.6727 18.7308 -5.4246
v 32.8470 18.8558 -5.4246
v 32.7726 19.2168 -5.2746
v 33.5757 18.2448 -6.2346
v 33.3421 19.3088 -5.8346
v 33.2494 19.8128 -5.7445
v 33.1522 19.1858 -4.5145
v 33.1705 19.0928 -4.1746
v 33.9469 18.5478 -4.6345
v 33.6558 19.0938 -3.9246
v 32.7958 19.9858 -6.3346
v 32.9943 20.0938 -6.0746
v 33.1121 19.9778 -6.2246
v 32.8990 20.2538 -5.7846
v 34.0685 20.2748 -4.8745
v 33.8829 20.6298 -4.3046
v 33.2889 21.1748 -3.5646
v 33.0960 21.4808 -2.9846
v 33.2505 21.3988 -2.8346
v 33.5653 20.7128 -3.0746
v 33.4541 21.1648 -3.4246
v 33.7166 20.8048 -3.2445
v 33.6091 21.0028 -3.1345
v 33.2327 21.1808 -2.6245
v 33.8300 20.8628 -3.7246
v 33.9198 20.2238 -3.6046
v 31.1792 7.2768 -24.3146
v 30.2024 8.0928 -24.7645
v 30.0685 8.2498 -24.8446
v 30.2946 8.2258 -24.8046
v 31.0751 7.7018 -24.5546
v 30.2539 8.2528 -23.4146
v 30.1055 8.5578 -23.5346
v 30.1872 8.0978 -23.4446
v 30.5223 8.2218 -23.3745
v 30.2497 7.9218 -23.4945
v 30.3445 8.0888 -23.3945
v 31.0280 7.0228 -23.8745
v 30.8711 7.1518 -23.7246
v 30.8794 8.2168 -22.8745
v 31.1941 8.5748 -21.9146
v 30.8597 8.8298 -21.9146
v 30.0231 8.8068 -24.7445
v 29.9522 9.1318 -24.4945
v 30.7614 8.4868 -24.4646
v 32.1605 7.5398 -24.1445
v 31.1717 7.8478 -24.5346
v 30.9047 8.6408 -23.3346
v 30.5828 8.7828 -23.7346
v 30.2630 9.4688 -23.5346
v 30.6588 9.4378 -23.4146
v 30.4889 9.7558 -23.3046
v 30.7212 8.8058 -23.9046
v 30.4005 8.9748 -24.2146
v 30.8205 8.6718 -24.2046
v 31.4457 8.2868 -23.4346
v 31.0707 8.7558 -23.4046
v 30.4423 10.1378 -22.9246
v 30.9593 9.6638 -23.0446
v 31.6036 9.0308 -23.1546
v 30.6334 10.1958 -22.6445
v 30.4378 9.4038 -21.7346
v 30.7783 9.6468 -21.8146
v 30.4198 10.2968 -21.9246
v 31.0375 9.7228 -21.9846
v 31.1893 9.4128 -21.8845
v 30.9766 9.0038 -21.7746
v 31.1531 9.1348 -21.7645
v 31.3781 9.6288 -22.1646
v 31.9144 9.5488 -20.2146
v 31.2163 10.2928 -20.1345
v 32.1306 9.6028 -20.5045
v 31.3422 10.5368 -20.3446
v 32.3230 9.3138 -19.6345
v 32.1914 9.2398 -20.0246
v 31.6595 10.7548 -18.1145
v 30.2467 10.5318 -22.5145
v 30.3591 10.3798 -22.6546
v 30.3608 10.5108 -22.3645
v 30.7932 10.1498 -22.5045
v 30.2860 10.5828 -22.2246
v 31.5462 10.6308 -20.4746
v 31.9050 10.0938 -20.5446
v 30.8525 11.6768 -20.0546
v 31.2493 11.5818 -19.9346
v 31.6474 12.0078 -18.8446
v 31.7693 10.9548 -20.3446
v 32.1153 11.4488 -19.3046
v 31.9385 10.9718 -20.2146
v 31.6131 11.2378 -17.8945
v 31.4962 11.4208 -17.8446
v 31.3248 11.2978 -17.8146
v 31.7752 11.3468 -17.9846
v 32.1276 10.7998 -18.1046
v 32.2146 12.7578 -15.0646
v 32.4369 12.6298 -15.2246
v 33.4222 12.1558 -15.2545
v 32.4624 11.3918 -18.6746
v 32.3199 11.5298 -18.8346
v 31.7001 13.2288 -14.4746
v 31.8984 12.9588 -15.0646
v 32.4953 13.2358 -15.6746
v 34.4270 12.5428 -16.5446
v 32.4423 12.7898 -15.4346
v 32.1371 14.4708 -13.8046
v 32.2150 14.0038 -13.7545
v 32.2550 14.2888 -13.8446
v 32.4777 13.7628 -13.7645
v 32.4161 14.3958 -13.9446
v 32.5894 13.0178 -14.3945
v 32.8036 13.2058 -14.1245
v 32.4256 13.9958 -13.6546
v 32.5039 13.8328 -13.6345
v 32.7712 13.6018 -13.6245
v 32.2697 14.0738 -13.3446
v 32.1093 14.4178 -13.3945
v 32.2036 14.1808 -15.6345
v 33.1341 14.1708 -15.4945
v 32.2515 15.1798 -13.8845
v 32.2030 14.7468 -13.6345
v 32.9825 14.6478 -14.8046
v 32.3986 15.1548 -13.9046
v 32.7883 14.9448 -14.2246
v 32.4525 15.3728 -13.7445
v 33.0408 15.3558 -12.7946
v 33.3998 15.2088 -13.1946
v 33.0127 15.6568 -12.8645
v 33.2020 15.5538 -13.1746
v 32.9714 14.2728 -12.8146
v 32.8557 15.8818 -10.7046
v 32.8510 15.7628 -10.5546
v 33.5545 14.9268 -11.2246
v 33.0964 15.4778 -10.6646
v 33.3165 16.1078 -9.5946
v 33.7282 15.9658 -9.8146
v 35.0716 14.8178 -11.1746
v 32.6646 16.0928 -12.9046
v 32.7565 15.9098 -13.1946
v 33.2972 15.1118 -14.0246
v 33.2392 15.4178 -13.6145
v 33.0293 15.7318 -13.1946
v 34.7245 14.7588 -12.9446
v 33.0185 16.9118 -10.8645
v 33.1851 17.0278 -10.9246
v 34.6787 15.2738 -12.7746
v 33.8003 17.0648 -10.9546
v 33.3365 17.5768 -10.3845
v 33.5506 16.7178 -11.3046
v 34.0510 16.1798 -10.0246
v 33.9971 17.1608 -10.6946
v 33.2160 17.9138 -9.1546
v 33.6718 17.2738 -9.5946
v 34.0588 16.4238 -8.9945
v 34.4963 15.7778 -9.4646
v 33.0964 17.6788 -6.9546
v 34.8946 16.4218 -8.1846
v 33.4946 18.7348 -4.8845
v 33.7552 18.4848 -4.9046
v 34.3046 17.8848 -5.9846
v 34.5509 17.5868 -6.0646
v 34.5977 17.6888 -5.7746
v 34.5460 17.7528 -6.3845
v 34.8917 17.6378 -5.8046
v 33.4410 17.8548 -9.8346
v 33.6494 17.5468 -10.2645
v 33.1037 18.2038 -9.2445
v 33.7105 17.6378 -9.8246
v 33.8129 17.5258 -10.1245
v 33.0890 18.1088 -9.0646
v 33.7208 18.9958 -7.5646
v 33.9124 18.6278 -8.0546
v 34.3029 18.4098 -8.3546
v 34.2380 18.1988 -8.6245
v 34.1928 18.9678 -7.3945
v 34.1233 18.8228 -6.7346
v 34.2788 18.3178 -6.9546
v 34.3493 18.8998 -7.2445
v 34.2811 18.6858 -4.5946
v 34.8749 19.2978 -4.9246
v 34.3235 20.0478 -4.0846
v 35.2361 19.1298 -5.4046
v 35.5734 18.1288 -7.4346
v 35.4170 18.6598 -6.8845
v 34.2821 20.3778 -4.4546
v 34.1864 20.5208 -4.1445
v 35.3549 18.9378 -6.4646
v 34.3133 20.3538 -4.1145
v 34.6064 20.0418 -4.5846
v 35.4238 19.0828 -6.0446
v 34.4931 20.0878 -4.8945
v 35.4409 19.0238 -5.7246
v 33.9463 20.5438 -3.5446
v 33.0532 5.6938 -23.2545
v 32.0170 6.6098 -23.9746
v 32.4646 6.6418 -22.9146
v 32.1910 6.9888 -22.9346
v 31.2621 7.1578 -23.3146
v 32.5974 6.4958 -24.0946
v 31.1892 8.2738 -23.3945
v 31.4498 7.5228 -23.1145
v 31.5449 7.8328 -23.1946
v 31.4937 8.1278 -24.1846
v 32.0622 7.9738 -23.4546
v 31.8544 8.0988 -23.6046
v 32.7471 7.3058 -23.8645
v 31.9533 7.9628 -23.9046
v 31.8510 7.5438 -22.7146
v 31.4820 7.9968 -23.0646
v 32.1536 7.3368 -22.3945
v 31.8885 7.6298 -23.0446
v 32.1149 7.3958 -22.8745
v 32.1206 7.3278 -22.7046
v 33.0105 6.8008 -22.0946
v 32.2029 8.0678 -21.6646
v 31.3694 8.6298 -21.7846
v 32.6546 8.0078 -21.6345
v 32.0072 8.8268 -21.8745
v 31.4091 8.3608 -23.9046
v 31.4986 8.5478 -23.3546
v 33.0971 7.7518 -23.0846
v 31.8010 9.1318 -22.8945
v 33.0930 8.3718 -22.4446
v 32.0261 9.2048 -22.3246
v 34.3896 7.1608 -22.6746
v 31.4254 8.9388 -21.7645
v 31.3453 9.5128 -22.0246
v 31.7576 9.2808 -22.0846
v 31.7336 9.0208 -21.8845
v 32.7004 8.4128 -21.8745
v 32.1628 8.9258 -22.0145
v 33.2404 8.2698 -22.1345
v 32.5652 9.6278 -20.7746
v 31.6898 10.5998 -20.5145
v 32.3599 10.1498 -20.6746
v 33.0319 9.3578 -18.7746
v 32.4363 10.1058 -18.3945
v 33.4704 9.2058 -18.7246
v 32.7798 10.3218 -18.3945
v 33.3871 9.5518 -18.6245
v 32.2920 10.5188 -20.4746
v 32.8725 10.2588 -20.3446
v 32.5104 11.1368 -19.4046
v 32.4225 11.3478 -19.1245
v 32.6948 11.1498 -19.1145
v 32.9207 10.8528 -19.3945
v 34.0793 9.3588 -19.0045
v 36.1783 10.7228 -15.7946
v 34.0836 13.1038 -16.3645
v 34.0641 11.9308 -16.0746
v 33.2207 13.4758 -13.5045
v 35.6406 11.6168 -15.0946
v 33.9758 14.4808 -11.9646
v 33.7304 14.7418 -11.6746
v 34.0702 14.4288 -12.1245
v 34.2513 14.1648 -12.0946
v 35.2146 13.1668 -12.9446
v 35.1728 13.1808 -13.4046
v 34.3076 13.3598 -16.1046
v 33.9706 14.4418 -14.7445
v 33.3519 14.7848 -14.4246
v 33.7004 14.8868 -14.1846
v 35.8347 11.8868 -15.1546
v 33.7527 14.9858 -13.9046
v 33.8901 14.8448 -13.7645
v 34.9793 13.7098 -14.5746
v 33.4399 15.1578 -11.4146
v 33.6840 15.0458 -11.7346
v 33.8156 14.6918 -11.8346
v 35.0167 14.0068 -13.3046
v 35.4213 13.0658 -13.7346
v 34.8892 14.0788 -11.6946
v 34.8346 14.4068 -11.2946
v 35.4492 15.4528 -11.5446
v 35.2775 14.7188 -10.4945
v 34.3228 16.1508 -8.8146
v 34.4301 15.9228 -9.5546
v 34.4501 16.2158 -9.6245
v 34.5982 15.8238 -9.8645
v 34.8794 16.3318 -10.1746
v 37.2111 13.2518 -11.5346
v 34.9719 15.2748 -12.9046
v 35.3534 15.7858 -11.5145
v 34.4178 16.7998 -10.4546
v 34.2761 17.0088 -10.6946
v 35.6821 15.4618 -12.2645
v 34.1664 16.9168 -10.1245
v 34.3062 16.9908 -10.3745
v 34.4952 17.3498 -9.4146
v 36.0660 15.1128 -11.9346
v 34.6386 17.4748 -9.4546
v 36.1651 15.3478 -11.8446
v 34.9024 17.3928 -9.6345
v 35.0802 16.6188 -8.1946
v 34.5520 17.5098 -7.3945
v 35.1535 17.4038 -8.1245
v 34.8018 18.1998 -7.6145
v 35.1189 17.8898 -8.0646
v 37.1860 15.8598 -8.7545
v 36.2521 16.0738 -7.7846
v 34.8558 17.7088 -9.2246
v 34.6116 18.3648 -8.2545
v 35.2168 17.7888 -8.8346
v 35.1415 17.6008 -9.2445
v 34.7977 18.3888 -7.9746
v 35.2039 17.3258 -9.6546
v 35.6981 17.2868 -9.2545
v 35.1445 17.9988 -8.2445
v 35.9945 17.2588 -8.2046
v 36.1423 17.9838 -7.6145
v 35.5959 18.6308 -5.9746
v 35.5474 18.8148 -5.8845
v 35.5606 18.9328 -6.0346
v 35.8642 18.5178 -6.7545
v 33.0105 5.9198 -22.9846
v 32.4348 6.1278 -23.5646
v 32.4830 6.7948 -24.2146
v 32.9945 5.7278 -23.4046
v 33.7334 5.8958 -23.9446
v 32.4766 7.0058 -22.6846
v 32.6924 6.8908 -22.3745
v 32.4083 6.9828 -22.8246
v 32.7770 6.6708 -22.6546
v 33.1971 6.3458 -22.4846
v 33.7424 6.4388 -21.8046
v 33.3741 6.8988 -21.7046
v 33.3321 7.1388 -21.5946
v 32.7199 7.5638 -23.4546
v 32.3524 7.1208 -24.2346
v 33.4112 7.1978 -23.3246
v 34.1949 7.0778 -22.9346
v 33.3478 7.5928 -21.6345
v 32.7716 8.6598 -20.1345
v 32.8610 8.5738 -20.4446
v 33.6365 7.7068 -20.5145
v 33.6282 7.7728 -20.7046
v 33.9037 7.5048 -20.3546
v 33.8475 8.8078 -18.8446
v 33.8836 8.9658 -18.8146
v 33.2574 8.1508 -21.9646
v 33.6025 8.7648 -21.1345
v 33.7141 8.9128 -21.1046
v 33.2253 9.8018 -20.6046
v 33.7215 9.7568 -20.1746
v 33.7348 10.1408 -19.2046
v 33.5942 10.3108 -19.3745
v 33.4774 10.4328 -19.2246
v 33.8038 10.0248 -19.6546
v 34.3880 9.4788 -19.6145
v 33.8058 9.4408 -18.8346
v 33.5504 10.2298 -19.6646
v 33.4342 10.4548 -19.3845
v 33.7843 11.8668 -15.7146
v 33.9210 11.7718 -15.7046
v 34.5605 11.3998 -16.0246
v 35.3903 11.0088 -16.4945
v 34.3396 11.5438 -15.7146
v 34.7916 12.0138 -16.5746
v 34.5945 12.6598 -16.6046
v 34.6288 12.8238 -16.5446
v 34.8206 12.9638 -16.4046
v 35.1106 12.2248 -16.7946
v 35.0240 13.1058 -16.1546
v 35.1662 13.5298 -15.4945
v 35.3052 12.9748 -13.2246
v 35.1727 13.0978 -13.2246
v 35.6354 13.4368 -12.2846
v 35.1034 14.2808 -11.4446
v 35.3390 14.0288 -11.7046
v 35.5178 14.1638 -11.6846
v 35.2782 14.4098 -11.4546
v 35.5525 13.6808 -12.0145
v 35.5479 14.3218 -11.6546
v 35.1400 13.6888 -15.2146
v 35.2379 13.5938 -14.8945
v 34.9990 14.6498 -13.2346
v 35.7240 14.0828 -13.9846
v 35.7921 13.6898 -14.1445
v 36.0699 14.2738 -13.9246
v 35.4483 14.5138 -11.5646
v 35.6237 14.5968 -11.7645
v 34.8030 15.7178 -10.1846
v 35.3246 14.8238 -10.9945
v 35.2587 14.6988 -10.6445
v 35.1481 14.8628 -10.5145
v 35.6915 14.1788 -11.5045
v 35.8905 15.0298 -11.7346
v 37.1493 13.0488 -11.7946
v 37.5367 13.2278 -11.7346
v 35.8874 16.0218 -8.2346
v 36.4986 15.1128 -9.0546
v 35.7809 16.0838 -7.9246
v 35.6850 16.2398 -7.6345
v 35.2364 15.9898 -11.5446
v 35.9480 15.2208 -12.2545
v 36.1210 15.7468 -11.4646
v 36.9844 14.9838 -12.1946
v 38.5895 13.2408 -12.9846
v 36.8386 15.7748 -10.6345
v 35.5532 17.4908 -8.8146
v 37.4305 14.8358 -12.0646
v 36.2215 17.1698 -8.4346
v 36.5485 16.6948 -8.9146
v 37.2685 16.1568 -8.7645
v 36.4636 17.6848 -7.4346
v 36.1654 17.5498 -8.1445
v 36.4588 17.4948 -8.1646
v 35.9365 18.4308 -6.5946
v 33.9561 5.2008 -23.5846
v 33.7395 5.2438 -23.4046
v 34.7813 4.4508 -23.2246
v 34.8428 4.5458 -22.7946
v 34.5044 5.1008 -22.5546
v 33.4204 5.8068 -23.8546
v 33.7823 6.1678 -23.9246
v 34.1347 6.2958 -23.6946
v 34.2501 5.2388 -23.7645
v 34.1399 5.5438 -23.8546
v 34.0377 5.8608 -23.8945
v 34.2264 6.0108 -23.8046
v 34.9788 5.0488 -22.1445
v 33.7544 6.5868 -21.6846
v 33.5649 6.9508 -21.5846
v 33.6022 7.2578 -21.5746
v 33.8521 6.9168 -21.5446
v 33.8203 6.7498 -21.5746
v 36.2711 4.2968 -21.8845
v 34.0455 7.2968 -21.7946
v 35.1017 6.3508 -21.8346
v 35.1152 6.4828 -21.9246
v 35.1796 6.6938 -21.6546
v 34.4932 6.9298 -21.0946
v 34.5483 7.2698 -21.3246
v 35.7698 5.3058 -21.2246
v 36.6942 4.9388 -20.3446
v 34.7844 7.4558 -19.3546
v 33.9203 7.7428 -22.2746
v 34.1698 7.4978 -22.4046
v 35.1957 6.4958 -22.6445
v 33.5192 7.8278 -21.8546
v 33.7127 7.8918 -22.1145
v 33.9283 7.5908 -21.9346
v 34.0819 8.5178 -21.2246
v 34.3345 7.8238 -21.3645
v 35.0857 7.0238 -21.6345
v 35.3432 6.8048 -21.7346
v 35.6612 6.8528 -21.7046
v 35.6508 6.1928 -22.1746
v 33.7858 7.9868 -21.0246
v 34.6044 8.0168 -19.0746
v 34.5362 8.4978 -19.0646
v 34.1809 9.0398 -18.9746
v 34.3722 8.3858 -18.9846
v 34.9222 8.2368 -19.2645
v 35.1986 8.1468 -19.4746
v 34.4820 9.2228 -19.3246
v 33.8168 9.0268 -20.9846
v 34.0901 8.8358 -20.9846
v 34.1479 9.0118 -20.7146
v 35.1345 8.3978 -20.4146
v 35.2234 8.5058 -19.8346
v 35.9323 7.6678 -20.3645
v 35.8128 10.5198 -16.3246
v 35.3578 10.8948 -16.3446
v 36.0620 10.3668 -16.3246
v 35.7772 10.5858 -16.4846
v 36.2667 11.1808 -17.1846
v 35.6359 12.5588 -13.7645
v 35.4679 12.7638 -13.6646
v 36.0480 12.1128 -14.0646
v 36.1165 12.1368 -13.9246
v 34.9263 12.7788 -16.5546
v 35.0289 12.5728 -16.6946
v 35.2194 12.7098 -16.5646
v 35.1076 12.8658 -16.4246
v 35.4235 12.8558 -16.3146
v 36.7440 11.3828 -17.3546
v 35.7364 12.8248 -16.1946
v 35.9633 12.5348 -16.4746
v 36.0184 12.6928 -16.2046
v 35.9035 12.3448 -16.7346
v 35.3672 13.1718 -15.9046
v 35.5613 13.2498 -15.6445
v 35.3499 13.5378 -15.2146
v 36.0826 12.6848 -15.5746
v 35.9500 12.9278 -15.7846
v 36.3688 12.5248 -16.0646
v 35.8742 13.3418 -14.2545
v 35.7650 12.6168 -14.0946
v 36.0567 13.5938 -14.3845
v 35.2377 13.0218 -13.3745
v 35.6316 13.9998 -11.7846
v 35.8098 13.9708 -11.4945
v 36.0930 13.3648 -12.1746
v 35.9034 13.7988 -11.7846
v 35.9636 13.8848 -11.3446
v 36.1461 13.5088 -11.9046
v 37.2281 11.9188 -13.5746
v 37.2173 14.1508 -10.0246
v 36.7989 14.7578 -9.1746
v 36.8308 14.6538 -9.4646
v 36.5723 15.0648 -9.2046
v 35.9887 13.9638 -14.1846
v 36.0366 14.1568 -14.0446
v 36.6351 13.5348 -14.6145
v 36.8091 14.0678 -13.8246
v 36.4910 14.5458 -13.2645
v 36.9903 14.5418 -12.8745
v 35.8163 15.1508 -11.9246
v 35.9623 14.4678 -12.0846
v 35.7848 14.5338 -11.9246
v 35.8484 14.4438 -11.9146
v 35.9311 14.8528 -11.7946
v 35.9839 14.4598 -12.1046
v 36.1863 15.0078 -12.5446
v 36.2448 15.0818 -12.1046
v 36.4623 14.8348 -12.5546
v 36.6444 14.9148 -12.4046
v 37.0964 15.7928 -9.7445
v 36.6901 15.9638 -9.2846
v 36.8790 16.0488 -9.4646
v 37.4068 14.0468 -10.3446
v 36.6087 15.3548 -9.2746
v 37.5582 14.6168 -10.4746
v 37.5304 15.2448 -10.3146
v 36.6660 14.8788 -9.1746
v 36.7019 14.9498 -8.9546
v 37.0659 15.2298 -8.8645
v 37.2836 14.2798 -9.6046
v 37.4557 14.3768 -9.5846
v 37.7928 14.6608 -9.7545
v 37.6466 15.6548 -9.3346
v 37.1065 15.9608 -9.6946
v 36.8215 16.6208 -9.1145
v 36.8674 16.7938 -8.9646
v 36.9166 16.9408 -8.7346
v 36.9726 16.6228 -9.1345
v 37.0035 16.7238 -9.0045
v 37.0528 16.3598 -9.4046
v 37.1672 16.2218 -9.5446
v 37.3875 16.3638 -9.1345
v 37.3149 16.2008 -9.5546
v 37.4694 16.1998 -9.1145
v 34.6413 4.7508 -23.6046
v 35.6398 4.4138 -23.7445
v 35.8848 3.9708 -23.5846
v 35.4694 4.1138 -23.4046
v 35.9155 4.8228 -21.7645
v 35.2875 5.5648 -21.6846
v 35.6054 5.3768 -21.6846
v 34.8451 5.8958 -23.5446
v 34.6236 5.6438 -23.7846
v 35.1420 6.3468 -22.9146
v 35.0286 6.2098 -21.1646
v 34.9240 6.1068 -21.6646
v 35.2078 6.0398 -21.7645
v 35.4567 5.6968 -21.7445
v 35.2591 6.1188 -21.4046
v 35.5246 6.2528 -22.0145
v 35.3388 6.4948 -21.7346
v 35.3718 5.8178 -21.2846
v 35.4607 6.0298 -21.6546
v 35.5586 6.3748 -21.8945
v 35.6014 6.5878 -21.8346
v 36.6705 4.4078 -21.1646
v 35.5279 6.6008 -19.6145
v 35.5834 6.8408 -19.4846
v 35.6356 7.1438 -19.4846
v 35.7742 7.3908 -19.6646
v 35.4193 7.6488 -19.4646
v 35.8066 6.4468 -19.6245
v 36.5762 5.7488 -19.8845
v 35.9095 7.0618 -19.6546
v 36.0747 7.2868 -19.9146
v 37.4753 5.6528 -21.3845
v 37.1287 5.6698 -21.8046
v 34.9542 7.9348 -19.2046
v 35.4651 8.0528 -19.6946
v 35.9559 7.6648 -20.2146
v 36.0838 7.4128 -20.0346
v 36.0429 10.3438 -16.4746
v 36.4215 10.0828 -16.4646
v 36.7321 9.9078 -16.4746
v 36.8869 10.0728 -16.2246
v 36.2347 10.9378 -15.6145
v 36.9838 10.2458 -16.0846
v 36.8554 11.1908 -17.4346
v 38.2611 9.9168 -17.9846
v 37.3588 9.5968 -17.2746
v 37.8907 10.5998 -16.7846
v 37.0174 11.7498 -16.2946
v 36.9158 11.6478 -16.1345
v 36.4104 11.0678 -15.6145
v 36.9293 10.7478 -15.9746
v 37.0620 11.0638 -15.2246
v 36.5833 11.5568 -14.7645
v 36.5936 11.6838 -14.8745
v 36.7191 11.3768 -14.7746
v 36.9649 11.3888 -15.2246
v 36.9192 12.1608 -15.2846
v 38.1550 9.8158 -15.8845
v 36.8613 11.3168 -14.6345
v 36.3044 12.5508 -14.6846
v 37.5901 10.5568 -15.1846
v 37.9209 11.9878 -12.9146
v 36.5194 11.7348 -17.1546
v 36.7257 11.8948 -16.9046
v 36.5502 12.3178 -16.3546
v 37.2508 11.6388 -16.6145
v 36.7198 12.5468 -15.0946
v 36.9847 12.4508 -15.3346
v 37.2555 12.3648 -15.5346
v 37.5767 11.7688 -15.8645
v 36.5679 13.2618 -14.8046
v 37.3047 12.5908 -15.4346
v 37.2390 12.9248 -15.1546
v 37.8597 12.8548 -14.9546
v 37.7744 12.5998 -15.3446
v 37.9879 13.6678 -13.5946
v 37.6903 13.7598 -10.7146
v 37.6399 13.6398 -10.5946
v 37.7815 13.4068 -10.7246
v 37.8230 13.4728 -10.4346
v 38.2841 12.8728 -11.4546
v 38.1225 12.9728 -11.1345
v 37.3427 13.9808 -10.0045
v 38.0189 13.6508 -10.3146
v 37.9156 14.3128 -12.1746
v 38.5896 13.4438 -13.3246
v 38.7988 13.6018 -11.9945
v 37.6706 15.2358 -10.4146
v 37.3378 15.7018 -9.9746
v 37.7375 15.5168 -10.2445
v 37.9070 15.5368 -10.1145
v 37.7486 15.7498 -9.5246
v 38.3611 14.9528 -10.5145
v 38.4504 14.7568 -10.9546
v 38.3893 14.5588 -11.2146
v 38.1329 15.2398 -10.3945
v 38.2822 13.5518 -10.5646
v 38.0938 14.7978 -10.0346
v 38.1406 15.0918 -10.0746
v 37.3961 15.9448 -9.8246
v 37.6899 15.9078 -9.5446
v 37.4898 16.0468 -9.0846
v 35.4864 4.0148 -23.0746
v 36.0221 3.6668 -23.2346
v 36.8555 3.0788 -23.0646
v 36.6232 3.3328 -22.7746
v 36.4240 3.5538 -23.5946
v 36.5373 3.5568 -22.5045
v 35.6875 4.7098 -23.7746
v 36.0255 4.8378 -23.6846
v 36.1027 5.0168 -23.5346
v 36.3884 4.4528 -23.7645
v 36.8413 4.4098 -23.6646
v 36.3487 4.1348 -23.8146
v 35.7336 5.5228 -21.7346
v 35.7414 5.3618 -21.3945
v 35.9613 5.0248 -21.6546
v 36.2309 4.7108 -21.4746
v 36.4697 4.3858 -21.5946
v 36.3830 5.5698 -19.9746
v 36.6732 5.4718 -19.9646
v 36.7046 5.6318 -19.9346
v 36.7296 5.7818 -19.9346
v 36.9997 4.8578 -20.2146
v 36.7876 5.2848 -20.0246
v 36.8683 5.7438 -20.0145
v 36.2745 5.6348 -22.6046
v 36.4711 5.2478 -23.0145
v 36.8486 5.3318 -22.4746
v 36.6291 5.6718 -22.2046
v 35.9553 6.1058 -22.0446
v 36.4179 6.0678 -21.9446
v 37.3089 5.9548 -20.8146
v 37.3582 5.8768 -21.1145
v 37.2012 5.6348 -20.2645
v 37.3494 5.8348 -20.6345
v 38.3553 9.5868 -17.9945
v 37.0820 9.5668 -16.9146
v 37.2433 9.5038 -17.0746
v 37.3511 9.3178 -16.8945
v 37.6067 9.2488 -17.2746
v 39.9977 7.9508 -18.6046
v 37.5082 9.1968 -16.8945
v 37.7320 9.0488 -17.2046
v 37.7621 9.0378 -16.8945
v 37.2360 9.4518 -16.7545
v 37.4022 9.4488 -16.6245
v 37.8493 9.3698 -16.6046
v 37.9343 9.0758 -16.7746
v 37.9019 9.6778 -16.5946
v 37.9064 10.2978 -15.9546
v 38.5128 9.4958 -16.3246
v 38.8786 9.9868 -15.0946
v 38.2113 10.9478 -14.2746
v 37.5900 11.0328 -17.4646
v 37.4091 10.9368 -17.5646
v 37.6977 10.8488 -17.5946
v 38.0862 10.5248 -17.7346
v 37.9794 10.8928 -17.3346
v 37.4231 11.3008 -16.5646
v 37.3072 11.4948 -16.5346
v 37.1678 11.7188 -16.7746
v 38.1679 10.6108 -17.0846
v 38.1800 10.7098 -17.3146
v 37.5318 11.4768 -15.8146
v 38.6450 10.4788 -16.6946
v 37.8204 11.5288 -16.0646
v 38.6933 10.7758 -16.7246
v 37.9844 11.6408 -16.1445
v 38.8670 10.9028 -16.7346
v 38.7385 11.0248 -13.7445
v 38.2884 11.6298 -13.1946
v 37.9765 12.1618 -12.6646
v 39.1381 10.7748 -13.9046
v 38.4941 11.8398 -13.0346
v 38.5874 12.1378 -13.0346
v 38.0616 12.5158 -12.4346
v 37.9297 12.5638 -12.3146
v 38.8464 12.1828 -11.6946
v 38.5798 12.4188 -11.7046
v 39.0969 11.7458 -12.4046
v 38.3512 12.6978 -11.4246
v 38.5419 12.7508 -11.1445
v 38.9141 12.4568 -11.4945
v 37.8793 11.8428 -16.0246
v 37.9344 12.0728 -15.8745
v 38.1114 12.1418 -15.7645
v 38.1534 11.7288 -16.1445
v 38.3112 12.2588 -15.5045
v 38.6760 11.8818 -15.7846
v 38.8610 12.8638 -14.1646
v 38.5882 12.5758 -14.8346
v 38.6825 13.2668 -13.6046
v 39.3691 12.1208 -13.9246
v 39.1972 12.9458 -12.5346
v 38.4860 12.7768 -11.7246
v 39.3561 13.0508 -12.6546
v 38.0833 13.3008 -10.5846
v 38.9769 12.7768 -11.4246
v 39.0128 13.7518 -11.2346
v 38.8288 13.9908 -10.9945
v 39.0354 13.8978 -11.2545
v 39.2758 13.4768 -11.5646
v 39.1604 13.8388 -11.4246
v 38.6212 14.3018 -11.4945
v 38.7326 14.1638 -11.6445
v 38.7685 14.2788 -11.5145
v 38.8511 14.0328 -11.7846
v 38.8211 14.2948 -11.0346
v 39.0807 13.7608 -12.0646
v 39.1198 13.8878 -11.9046
v 39.1803 13.9028 -11.8046
v 36.5758 3.6468 -23.7645
v 37.2486 2.7858 -23.2146
v 37.4113 3.3108 -23.9945
v 36.8433 3.4438 -23.7946
v 37.3623 2.7488 -23.5346
v 37.2893 2.8468 -22.9246
v 37.4970 3.3928 -21.8246
v 36.9156 4.1288 -21.2846
v 37.7832 3.6648 -20.9945
v 37.1783 4.3488 -20.5946
v 37.3190 3.6428 -23.9646
v 37.3201 4.2818 -23.5446
v 37.6769 3.8518 -23.8146
v 37.2071 4.9128 -22.7346
v 38.5369 4.5298 -21.4446
v 36.9648 4.7298 -20.3446
v 37.3039 4.8498 -20.2246
v 37.3539 5.1498 -20.2445
v 37.5266 4.4658 -20.3845
v 37.6979 4.5898 -20.4146
v 39.0959 3.4148 -21.2046
v 37.2096 5.4118 -22.0746
v 38.0560 4.9118 -21.9246
v 38.0121 8.7978 -17.0346
v 38.1172 8.7028 -17.3346
v 38.4002 8.4708 -17.1746
v 38.3800 8.5938 -17.5746
v 38.5735 8.5288 -17.0746
v 38.2103 8.9478 -16.8446
v 38.7497 8.6588 -17.0646
v 38.7187 8.4998 -17.1046
v 38.6092 8.3858 -17.6445
v 38.8919 8.0398 -17.6145
v 38.7906 8.1598 -17.3146
v 38.9714 8.2738 -17.2346
v 40.0163 7.5338 -17.7346
v 39.5355 8.1348 -17.4746
v 39.2680 9.0548 -18.3546
v 39.2792 9.3868 -17.6046
v 38.5275 9.6298 -16.4046
v 40.0265 7.9308 -16.8246
v 40.3460 7.4618 -17.3845
v 39.8629 8.1358 -17.2645
v 39.4354 10.1568 -14.4346
v 38.3665 10.3808 -17.7346
v 38.3304 10.5358 -17.3046
v 38.4438 10.3678 -17.2846
v 38.4743 10.1978 -17.8645
v 39.0263 9.8648 -17.7246
v 38.7213 9.9368 -18.0045
v 38.5890 10.2368 -17.7346
v 38.8410 10.0458 -17.7346
v 39.7661 9.0608 -18.2645
v 38.6991 11.4478 -16.3146
v 39.5632 10.5838 -16.8645
v 38.9147 10.3898 -16.8945
v 40.0224 9.2718 -17.6245
v 40.4673 8.5038 -17.9546
v 39.0628 11.2818 -16.3246
v 39.2225 10.4718 -17.0145
v 39.6812 11.4348 -15.6746
v 39.7568 10.2338 -14.4146
v 39.4409 10.8368 -14.0346
v 40.5248 10.7138 -15.1846
v 39.2170 12.6288 -13.8546
v 39.5931 11.0618 -12.9446
v 39.6000 11.1938 -13.1046
v 39.7066 10.9178 -13.0846
v 39.7614 10.8968 -12.9346
v 39.7496 10.9938 -12.7946
v 39.2726 11.5238 -12.3845
v 39.1591 11.6688 -12.2445
v 39.1790 11.9978 -12.6046
v 39.2893 11.5988 -12.2445
v 39.5192 11.9068 -12.1145
v 39.7535 11.4838 -12.4446
v 39.3452 11.8998 -15.2645
v 39.7618 11.6588 -15.2645
v 39.2000 12.4198 -14.5846
v 39.0591 12.8388 -13.7246
v 39.1578 12.7248 -14.0246
v 39.4203 13.3208 -12.4846
v 39.8833 13.0128 -12.4846
v 39.4076 13.5668 -11.7645
v 40.9964 10.5728 -14.8346
v 39.5369 13.1888 -12.6145
v 40.2622 12.1008 -12.8046
v 40.0423 12.7508 -12.9146
v 39.8697 12.7228 -13.0546
v 40.5787 12.0888 -13.3046
v 39.2661 13.6388 -11.5446
v 37.7695 2.4448 -23.5246
v 38.3221 2.1028 -23.5246
v 37.8008 2.4418 -23.2146
v 37.9866 2.4638 -22.9346
v 38.5038 2.0978 -23.2445
v 38.4477 2.0398 -23.6846
v 38.4382 2.0968 -23.8745
v 38.3895 2.2238 -24.0246
v 38.4181 2.6998 -22.1145
v 37.5144 2.9948 -23.9546
v 37.8434 3.2198 -24.1046
v 38.5074 2.7608 -24.3146
v 38.0225 3.3558 -24.0846
v 38.9546 3.3148 -23.8745
v 38.7518 3.1778 -24.1345
v 38.1464 3.2768 -21.2746
v 38.2552 3.6318 -20.8146
v 38.5630 3.0358 -21.2846
v 38.3102 3.2578 -21.1445
v 38.4305 3.7608 -20.8246
v 38.5078 3.4048 -20.9546
v 39.0433 3.1108 -21.2046
v 37.9912 3.8298 -23.6946
v 38.5323 4.3768 -22.3446
v 39.2014 3.9108 -22.4945
v 38.7133 4.3608 -22.0446
v 38.2303 4.8568 -21.6345
v 38.7560 4.0928 -21.1846
v 38.8734 4.2438 -21.7846
v 38.9402 4.1288 -21.5746
v 39.1047 8.0738 -17.3446
v 40.4141 8.3108 -18.1445
v 40.4547 7.3758 -18.7746
v 39.7403 7.3788 -17.9046
v 39.8401 7.4218 -17.7645
v 40.1839 7.6518 -17.7846
v 40.3467 6.9078 -18.1946
v 39.9481 7.2398 -17.8945
v 40.4769 7.3278 -17.3745
v 41.2513 7.6278 -16.3046
v 41.0301 7.9568 -16.0346
v 40.0949 9.1438 -15.2346
v 39.5895 8.9978 -18.3945
v 39.8715 8.8618 -18.3945
v 39.7020 8.8078 -18.4646
v 40.0476 8.2508 -18.6245
v 40.1104 8.5458 -18.5145
v 39.9193 8.8908 -17.9846
v 40.0874 9.5948 -17.5346
v 40.1917 9.2238 -15.1145
v 40.2903 9.3898 -15.0045
v 40.6996 9.1008 -15.3146
v 40.6453 9.5898 -15.2545
v 40.4861 9.7628 -13.9746
v 40.3873 9.9408 -13.7445
v 40.3999 9.9128 -14.0546
v 41.0871 8.9558 -15.0246
v 40.6445 9.5038 -14.3046
v 40.6078 9.6078 -14.0145
v 41.4016 8.6478 -15.4646
v 39.8341 10.7608 -13.0746
v 40.1658 10.2668 -13.4746
v 40.0812 10.4998 -13.2046
v 40.2668 10.6268 -13.1046
v 40.2245 10.4498 -13.2146
v 40.2765 10.1038 -13.6046
v 40.4451 10.1168 -13.4846
v 40.6416 10.3368 -13.4346
v 40.9279 10.5548 -13.6445
v 40.2782 9.7318 -17.4046
v 39.9298 10.7018 -16.4846
v 40.4703 9.7558 -17.2846
v 40.2607 11.1688 -15.5446
v 40.8135 10.3458 -16.2146
v 40.7466 10.6088 -15.4945
v 40.6785 10.7688 -15.5145
v 41.1604 10.6848 -14.9146
v 40.5318 11.9838 -13.1245
v 40.3272 12.1558 -13.5946
v 41.6752 10.5458 -14.5246
v 38.8535 1.8318 -23.8546
v 38.8862 1.8388 -23.5446
v 39.3107 2.0268 -22.7146
v 39.4740 1.5558 -24.1846
v 38.7669 2.3208 -22.5546
v 39.0255 2.5138 -21.8546
v 39.6855 2.0938 -22.1646
v 40.5329 1.6108 -22.6445
v 39.2203 2.5968 -21.5946
v 39.2878 2.1168 -24.5646
v 39.1318 2.0168 -24.4246
v 39.5915 2.1918 -24.7146
v 39.9063 2.2848 -24.7846
v 40.1332 3.2898 -22.7946
v 39.8861 3.1538 -21.8046
v 39.6495 3.5938 -22.0646
v 42.2066 1.2688 -23.0346
v 40.5680 6.7628 -18.5045
v 40.8875 6.5178 -18.1846
v 40.4842 6.8948 -18.0546
v 40.8289 6.4888 -18.4846
v 40.4532 7.0878 -18.6746
v 41.7333 5.9828 -19.2445
v 40.9826 6.3958 -18.6345
v 40.9807 6.3888 -18.3246
v 40.3838 7.1218 -17.9246
v 40.8129 6.8638 -17.7846
v 40.6829 7.0038 -17.7946
v 41.3333 6.4118 -17.9146
v 40.3958 7.6968 -18.7746
v 40.5704 7.8248 -18.7746
v 40.3436 8.2028 -18.6445
v 40.7969 7.4478 -18.9146
v 40.3851 8.3648 -18.5145
v 40.6524 8.1328 -18.5045
v 41.6543 6.4348 -19.3546
v 40.7200 7.8038 -18.7746
v 40.8998 7.8748 -18.6345
v 41.0139 7.7338 -18.7746
v 40.9220 7.9178 -18.4945
v 40.2887 7.3958 -17.8246
v 40.5071 7.8388 -18.1046
v 40.4767 7.7098 -18.0145
v 40.6092 7.1508 -17.6646
v 40.4826 7.9128 -17.8146
v 40.8112 7.9338 -18.1746
v 40.8265 7.7838 -18.1445
v 40.9901 8.1898 -18.2946
v 41.7273 7.0908 -16.7246
v 41.3222 7.8928 -16.0646
v 41.3818 8.2068 -16.0145
v 41.0624 8.8048 -15.6646
v 41.0517 8.8488 -14.8446
v 41.4138 8.3488 -15.4046
v 41.3546 8.3798 -15.0946
v 40.8287 9.2768 -14.2846
v 41.5098 8.3028 -14.9446
v 41.6148 7.9478 -15.6546
v 41.7051 7.9068 -15.3446
v 41.4292 8.5628 -14.6746
v 41.1030 9.0928 -14.2846
v 41.4027 9.0778 -14.3146
v 41.5078 8.8758 -14.4446
v 41.5722 8.5098 -14.6846
v 41.6115 8.6728 -14.5746
v 40.3355 9.5608 -17.5246
v 40.5497 8.9398 -17.8845
v 41.2092 8.4988 -18.1746
v 41.3799 8.5438 -18.0746
v 41.1609 8.2978 -18.3046
v 42.0699 8.5948 -17.4046
v 40.9520 9.7808 -16.8845
v 41.4117 9.6168 -16.6046
v 41.1533 9.5438 -15.7846
v 41.2117 9.8148 -15.9146
v 41.6688 9.2888 -16.5346
v 40.8793 10.4028 -15.6145
v 41.8998 8.7948 -16.4945
v 40.8324 9.2528 -14.5846
v 40.8156 9.7668 -13.7545
v 41.0571 9.5238 -13.9646
v 41.1876 9.4498 -14.0646
v 41.2240 9.6398 -14.0246
v 41.9498 9.8328 -14.7346
v 41.8635 10.1738 -14.6546
v 40.8505 9.9318 -13.6946
v 41.7170 8.5688 -17.8146
v 40.7511 10.6218 -15.8046
v 40.9899 10.3058 -15.9246
v 41.9615 9.6328 -15.7545
v 41.9067 9.4028 -15.9046
v 41.2624 10.4858 -15.0746
v 41.6121 9.3418 -15.6946
v 41.5614 10.4678 -15.1145
v 41.5903 10.5558 -14.9746
v 41.6152 10.6168 -14.8446
v 41.3009 11.1208 -14.2846
v 41.8098 10.2158 -15.2445
v 41.8861 10.2908 -14.8046
v 39.5410 1.4908 -24.0246
v 39.6695 1.4468 -24.1946
v 39.9431 1.3648 -24.3645
v 40.5239 1.1068 -24.2346
v 41.0312 0.9978 -24.9046
v 41.4837 1.1338 -25.3645
v 39.9728 1.9978 -22.1846
v 42.1289 0.9058 -23.1846
v 40.4512 2.0628 -22.1046
v 41.2396 1.4848 -25.3446
v 40.7289 1.9288 -25.1145
v 41.5900 1.7088 -25.2946
v 42.0221 1.5718 -25.3246
v 40.0932 3.2338 -23.0946
v 42.3889 1.6408 -23.3745
v 41.4892 5.9638 -18.6145
v 41.1415 6.3498 -18.1846
v 41.2550 6.2048 -18.3246
v 42.1782 5.5258 -18.6145
v 42.4013 6.1748 -17.5446
v 42.3792 6.6158 -17.0246
v 42.0965 6.7438 -17.0145
v 41.9042 7.1958 -16.6646
v 41.8749 7.0688 -16.7346
v 42.0064 6.9898 -16.8146
v 42.1939 7.0438 -16.4646
v 42.3525 6.9188 -16.3046
v 42.1276 7.2228 -16.0346
v 42.4019 7.0378 -16.0346
v 42.2888 7.1858 -15.8945
v 42.2038 7.1528 -16.6546
v 42.3485 7.3758 -15.6345
v 41.1613 7.7108 -18.7946
v 41.2211 7.9008 -18.5346
v 42.7650 6.1428 -19.8945
v 41.5732 7.5438 -18.9646
v 41.3765 7.9318 -18.5646
v 41.5103 7.2868 -19.1445
v 41.6144 8.0558 -18.4646
v 42.0821 7.1218 -19.2545
v 42.0395 7.5308 -18.8745
v 42.9356 7.2588 -18.6345
v 42.5617 8.0578 -17.6746
v 41.4593 7.8518 -16.1546
v 41.6889 8.3988 -16.3246
v 41.5932 7.8068 -16.2645
v 41.9003 7.9988 -16.5746
v 41.9709 8.3038 -16.4046
v 41.8604 8.5228 -16.3546
v 41.9034 7.5308 -15.7545
v 41.6617 8.0528 -15.8346
v 42.1143 7.6008 -16.7946
v 42.2982 7.5838 -16.7545
v 42.2882 7.7288 -16.8046
v 41.9528 7.6498 -15.4846
v 41.8686 7.8858 -15.2146
v 41.9807 7.7318 -15.3446
v 42.0901 8.1788 -15.0446
v 42.2368 7.5318 -15.4945
v 42.2919 7.7638 -15.3546
v 42.3239 7.9238 -15.3146
v 42.2795 8.2698 -15.1946
v 42.2649 9.2278 -15.1046
v 41.9226 8.7328 -14.7846
v 42.9011 7.6898 -15.9346
v 41.8687 9.0738 -14.6946
v 42.3114 8.3998 -17.2445
v 41.7424 8.7048 -16.3246
v 42.1480 8.6108 -17.1145
v 41.8980 8.9148 -16.6445
v 42.2765 8.5188 -16.7645
v 42.2538 8.9808 -16.2746
v 42.5052 8.2568 -17.0746
v 42.8476 8.3278 -16.8446
v 42.1354 9.6818 -15.6445
v 42.0529 9.9278 -15.3745
v 42.1835 9.7918 -15.3645
v 42.2690 9.5658 -15.6345
v 42.2727 9.6388 -15.3446
v 42.4593 9.1358 -16.0346
v 42.7182 8.8288 -15.8446
v 42.9827 8.2678 -16.0746
v 42.7004 8.8348 -16.1546
v 41.9427 10.1328 -14.7846
v 41.0586 0.8578 -24.5746
v 42.1490 0.5648 -25.3745
v 41.3211 0.8078 -24.9046
v 42.4399 0.6208 -25.6145
v 41.9075 1.0308 -25.5246
v 41.5015 0.6868 -24.4446
v 42.9965 0.1728 -23.9246
v 41.4124 1.6098 -25.3645
v 41.5558 2.3378 -23.7246
v 42.5167 1.6988 -23.7246
v 42.4969 5.4248 -19.8046
v 42.4229 5.8968 -19.8246
v 42.7736 5.3248 -20.0546
v 44.0425 4.3018 -20.9346
v 44.4362 4.1878 -21.1746
v 43.2553 4.3848 -19.6046
v 42.9595 5.3888 -18.2346
v 43.1607 4.5498 -19.3146
v 42.5910 6.3548 -17.1546
v 43.0932 5.7568 -17.5546
v 42.6717 6.4478 -16.8745
v 43.1489 5.9248 -17.2946
v 43.2882 5.3578 -17.9646
v 42.4441 6.7328 -16.5946
v 42.5446 6.9838 -16.0446
v 42.8985 6.6288 -16.4646
v 42.7476 6.6388 -16.4546
v 43.4470 5.8798 -17.3046
v 43.6644 6.1858 -17.1946
v 42.6195 7.2748 -15.8046
v 42.9055 6.6798 -19.4346
v 43.3793 6.6108 -19.1746
v 43.0234 7.9068 -17.3945
v 42.7404 8.0318 -17.3845
v 43.2795 7.7528 -17.3945
v 43.1397 8.1568 -16.6946
v 43.2101 7.9358 -17.1145
v 43.9882 6.8118 -18.0646
v 43.7698 6.4828 -17.1846
v 43.1591 7.5748 -16.2545
v 43.9899 6.6698 -17.5746
v 44.4626 6.0818 -18.4446
v 42.7682 0.8448 -25.7746
v 42.5997 0.7258 -25.7246
v 42.3348 0.9328 -25.6746
v 41.9581 1.3318 -25.5446
v 42.4220 0.3698 -25.3645
v 42.6991 0.1438 -25.2645
v 42.5693 0.4568 -25.5646
v 42.7929 0.5128 -23.5045
v 42.8536 0.7828 -23.3645
v 42.4194 0.8828 -23.2146
v 43.4452 0.9088 -23.7746
v 43.5513 0.5978 -23.7046
v 42.9007 1.0778 -23.4046
v 43.4212 -0.0142 -23.9446
v 43.6061 0.0958 -23.8146
v 42.5911 1.3418 -25.3546
v 43.7280 4.1338 -20.5346
v 43.8865 3.8418 -20.3546
v 43.8786 3.8238 -20.0346
v 43.7803 3.9648 -19.7445
v 43.8938 4.6778 -18.3645
v 44.6743 4.0538 -18.6445
v 43.4541 5.3528 -17.8246
v 43.9903 5.0118 -17.9945
v 43.7750 5.3768 -17.7246
v 44.1718 5.1508 -17.9446
v 43.9739 4.8178 -20.7746
v 43.9515 5.3298 -20.3745
v 43.6803 6.0178 -19.7146
v 44.4462 5.7768 -19.3046
v 44.3745 5.1318 -20.3945
v 43.8361 6.9098 -18.2246
v 44.1331 5.6778 -17.7246
v 44.2054 5.9698 -17.7545
v 44.3413 5.2718 -17.9945
v 44.6289 5.3218 -18.2545
v 44.4286 5.8608 -18.0746
v 44.4777 5.9658 -18.2645
v 44.6282 5.7748 -19.0145
v 43.4115 -0.2432 -25.1245
v 43.2540 -0.0742 -25.4546
v 43.6857 -0.3212 -25.3046
v 43.6808 -0.1812 -25.5846
v 43.8537 -0.4182 -24.9945
v 44.1747 -0.0362 -24.0145
v 43.9701 -0.2742 -24.1145
v 42.9928 0.3528 -25.7346
v 43.0084 0.4888 -25.8146
v 43.2641 0.1558 -25.7445
v 43.5409 -0.0332 -25.7046
v 43.4419 0.3998 -25.9146
v 43.3598 0.7488 -25.8046
v 43.7138 0.2038 -25.9146
v 43.7902 0.5958 -25.8246
v 43.9641 0.4968 -25.8346
v 44.1703 0.6978 -25.2846
v 44.1365 0.6708 -24.3446
v 44.3646 3.4608 -20.6445
v 44.9612 2.9928 -20.6245
v 44.3622 3.5508 -20.8146
v 44.6322 3.2308 -20.6345
v 44.7507 3.2478 -20.9945
v 44.8819 3.1978 -21.1245
v 45.0175 2.9918 -20.9446
v 45.0099 3.5868 -19.0546
v 45.1812 3.6178 -18.9346
v 45.0957 3.8908 -18.7346
v 44.1054 3.7368 -20.6546
v 44.2732 3.9298 -21.0446
v 44.3734 3.7568 -21.0546
v 44.4955 3.5818 -21.0646
v 44.6867 3.9578 -21.3246
v 44.4679 4.3478 -21.1345
v 44.7711 4.1048 -21.3046
v 45.1606 4.0618 -21.3546
v 44.8017 3.6198 -21.3645
v 44.7632 3.4898 -21.2746
v 45.0563 3.5488 -21.5045
v 44.8994 3.4478 -21.3745
v 44.9595 4.7418 -18.5246
v 44.9945 5.0178 -18.6445
v 45.0204 4.2488 -18.5846
v 45.0437 5.2478 -18.9646
v 44.7715 5.4008 -18.4846
v 44.5406 4.6448 -20.9246
v 45.4483 3.9678 -21.3745
v 45.7320 3.8468 -21.3845
v 45.2824 4.8318 -19.9846
v 45.0995 5.2058 -19.4246
v 45.6926 4.5478 -19.9846
v 44.7730 5.6268 -18.8546
v 43.9909 -0.4302 -25.1345
v 44.0290 -0.4662 -24.7046
v 44.0654 -0.4352 -24.4046
v 43.9778 -0.2272 -25.5946
v 43.9798 -0.3712 -25.3346
v 44.1316 -0.2432 -25.5646
v 44.3284 -0.4812 -24.7445
v 44.3668 -0.4362 -24.4446
v 44.2941 -0.3932 -25.2246
v 44.3018 -0.4472 -25.0546
v 44.6923 -0.2722 -24.6846
v 44.6577 -0.2312 -24.5346
v 44.7440 -0.2032 -25.0145
v 44.3111 -0.0782 -24.1046
v 44.4434 -0.1262 -24.2246
v 44.0156 0.1648 -25.8845
v 44.3122 0.0058 -25.7146
v 44.3608 0.6448 -24.8346
v 44.3378 0.3188 -25.6946
v 44.4228 0.4728 -25.4246
v 44.4820 0.5518 -24.9846
v 44.4650 -0.1222 -25.5045
v 44.6046 0.4138 -25.1345
v 44.5400 0.1708 -25.5346
v 44.6608 0.0368 -25.3645
v 44.6978 0.1878 -25.2445
v 44.6816 0.3228 -24.8146
v 44.7219 0.2428 -25.1145
v 44.2198 0.2558 -24.0646
v 44.3688 0.3448 -24.2545
v 45.1474 2.9578 -21.1145
v 45.3013 2.7658 -20.7846
v 45.3184 2.7748 -20.6345
v 45.2830 2.8558 -21.1046
v 45.4212 2.9098 -21.3446
v 45.2889 3.0688 -21.4046
v 45.5691 2.6448 -20.9446
v 45.6004 2.6418 -20.6445
v 45.6623 2.7388 -20.2046
v 45.7124 2.9658 -21.5746
v 45.7034 2.8408 -21.4546
v 45.4323 3.0318 -21.4746
v 45.8608 2.5778 -20.9746
v 45.9490 2.6388 -20.2246
v 45.7011 2.7258 -21.2846
v 45.9080 2.5758 -20.5145
v 46.0230 2.5478 -20.8346
v 46.0755 2.5818 -20.3845
v 45.7322 2.8908 -19.7846
v 45.4080 3.3278 -19.2146
v 45.6729 3.1858 -19.3745
v 45.8971 2.9158 -19.7146
v 45.9451 3.0948 -19.5446
v 45.7178 3.3658 -19.2445
v 46.1379 3.2178 -19.6046
v 46.0974 2.6218 -20.2445
v 46.1851 2.8928 -19.8446
v 46.2738 3.3258 -19.7146
v 46.0153 3.4318 -19.4346
v 45.4463 3.6268 -18.9746
v 45.0813 3.6988 -21.5145
v 45.3674 3.6358 -21.5946
v 45.4830 3.4498 -21.6445
v 45.8946 3.2168 -21.7146
v 45.7755 3.3968 -21.6946
v 46.0788 3.3598 -21.6546
v 46.0455 3.1978 -21.7046
v 46.1526 3.6328 -21.4046
v 46.1792 3.7048 -21.2645
v 46.4513 3.7638 -20.3845
v 46.0862 4.0978 -19.8645
v 45.8436 4.2278 -19.4746
v 45.6879 4.0178 -19.1445
v 46.1810 3.8028 -19.7346
v 45.3759 3.8178 -18.8645
v 45.7765 3.6818 -19.1846
v 46.1741 2.5498 -20.8546
v 46.1502 2.6618 -21.2746
v 46.1506 2.7738 -21.4546
v 46.3450 2.5778 -20.7346
v 46.5279 2.6878 -20.6245
v 46.4893 2.6408 -20.9246
v 46.4821 2.6588 -21.0846
v 46.4887 2.8838 -21.4446
v 46.7706 2.9398 -21.0246
v 46.7888 2.9718 -20.8845
v 46.4002 3.2688 -19.8745
v 46.5040 2.8658 -20.1946
v 46.4212 2.9148 -20.0446
v 46.4172 3.0988 -19.9246
v 46.6635 2.9508 -20.3945
v 46.7501 3.0518 -20.5746
v 46.1781 3.0388 -21.6345
v 46.4548 3.5298 -21.2645
v 46.4262 3.4448 -21.3945
v 46.5029 3.6408 -20.9846
v 46.5171 3.0268 -21.4746
v 46.6712 3.0418 -21.3146
v 46.7603 3.3088 -20.7946
v 46.7303 3.3488 -20.6445
v 46.6855 3.4348 -20.9646
v 46.4716 3.3858 -19.9945
f 1 2 3
f 4 1 3
f 4 5 6
f 4 3 5
f 2 7 8
f 8 3 2
f 9 10 11
f 11 12 9
f 11 10 13
f 5 3 14
f 9 14 10
f 14 9 5
f 9 6 5
f 8 15 14
f 14 15 10
f 14 3 8
f 16 13 10
f 17 13 16
f 17 18 13
f 15 19 20
f 10 15 20
f 20 16 10
f 21 6 22
f 23 21 22
f 24 23 22
f 21 1 6
f 23 25 21
f 4 6 1
f 21 26 1
f 25 26 21
f 25 27 28
f 26 25 28
f 2 1 29
f 29 1 26
f 29 26 28
f 30 31 32
f 32 33 34
f 30 32 35
f 35 32 36
f 30 12 37
f 37 38 31
f 37 31 30
f 31 33 32
f 31 39 33
f 35 40 30
f 41 22 40
f 40 35 41
f 24 22 41
f 41 35 36
f 11 37 12
f 11 13 38
f 37 11 38
f 40 12 30
f 40 42 12
f 38 39 31
f 22 42 40
f 42 6 9
f 9 12 42
f 13 43 38
f 6 42 22
f 33 39 44
f 34 33 44
f 44 45 34
f 39 43 44
f 43 46 44
f 44 46 45
f 38 43 39
f 43 47 48
f 48 46 43
f 46 48 49
f 18 43 13
f 18 47 43
f 47 49 48
f 47 50 49
f 51 49 50
f 52 50 47
f 53 52 47
f 52 53 54
f 50 52 54
f 50 55 51
f 54 55 50
f 55 56 51
f 23 24 57
f 24 58 57
f 59 57 58
f 27 25 23
f 57 27 23
f 59 60 57
f 61 60 59
f 60 27 57
f 61 27 60
f 27 61 62
f 63 64 65
f 66 64 63
f 63 67 66
f 66 67 68
f 66 68 69
f 32 65 36
f 63 34 67
f 63 65 34
f 65 32 34
f 64 66 70
f 66 69 70
f 41 36 71
f 36 65 71
f 71 65 72
f 65 64 72
f 64 73 72
f 64 70 73
f 24 71 58
f 41 71 24
f 71 72 58
f 58 72 74
f 72 73 74
f 58 74 59
f 59 74 75
f 76 77 67
f 67 77 68
f 34 45 67
f 45 76 67
f 77 78 79
f 79 80 77
f 46 76 45
f 77 76 78
f 76 81 78
f 79 78 82
f 78 83 82
f 80 79 82
f 80 82 84
f 81 46 49
f 76 46 81
f 49 51 81
f 83 78 81
f 82 85 84
f 82 83 85
f 51 83 81
f 51 56 83
f 75 61 59
f 86 61 75
f 86 87 88
f 86 62 61
f 89 86 88
f 70 69 90
f 69 91 90
f 90 91 92
f 93 92 91
f 73 70 94
f 70 90 94
f 92 95 90
f 93 96 92
f 97 95 92
f 92 96 97
f 73 75 74
f 75 94 98
f 73 94 75
f 94 99 98
f 94 90 99
f 95 99 90
f 99 95 100
f 75 98 86
f 86 98 87
f 98 99 87
f 99 100 87
f 77 101 68
f 77 102 101
f 68 101 69
f 102 77 80
f 80 84 102
f 102 103 101
f 102 84 103
f 69 104 91
f 101 104 69
f 101 103 104
f 84 105 103
f 105 106 103
f 104 93 91
f 104 103 106
f 105 107 106
f 104 106 93
f 106 108 93
f 93 108 96
f 106 107 109
f 107 110 109
f 105 84 111
f 84 85 111
f 105 110 107
f 105 112 110
f 85 113 114
f 111 85 114
f 112 111 114
f 105 111 112
f 112 115 110
f 113 85 83
f 116 112 114
f 115 112 116
f 114 117 116
f 113 83 118
f 114 113 117
f 83 56 118
f 113 119 117
f 113 118 120
f 113 120 119
f 89 88 121
f 122 97 96
f 97 122 123
f 123 100 95
f 123 124 100
f 95 97 123
f 123 122 125
f 125 126 123
f 127 125 122
f 87 100 124
f 123 126 124
f 125 128 126
f 128 125 129
f 121 88 87
f 87 124 121
f 130 124 126
f 131 130 126
f 128 131 126
f 121 124 130
f 132 133 130
f 130 131 132
f 106 109 108
f 110 134 109
f 96 108 135
f 108 136 135
f 136 108 109
f 96 135 122
f 122 135 127
f 109 137 136
f 127 135 138
f 135 136 138
f 138 136 137
f 125 127 129
f 138 129 127
f 115 116 139
f 110 115 134
f 115 140 134
f 115 139 140
f 134 137 109
f 134 140 137
f 117 141 116
f 116 141 139
f 141 142 139
f 139 142 143
f 143 140 139
f 140 144 137
f 140 143 144
f 137 144 145
f 146 147 142
f 147 148 142
f 144 143 148
f 143 142 148
f 141 149 142
f 141 117 149
f 149 150 142
f 142 150 146
f 117 119 149
f 119 151 149
f 149 152 150
f 149 151 152
f 131 128 153
f 153 128 129
f 153 129 154
f 155 153 154
f 138 137 156
f 156 137 145
f 138 156 157
f 158 138 157
f 157 156 159
f 129 158 154
f 158 129 138
f 160 154 158
f 158 157 161
f 159 156 145
f 144 159 145
f 148 159 144
f 148 147 162
f 162 159 148
f 159 162 163
f 164 159 163
f 159 164 157
f 146 165 147
f 146 166 165
f 146 150 166
f 167 147 165
f 162 147 167
f 168 169 170
f 170 169 171
f 169 172 171
f 173 174 169
f 168 173 169
f 174 172 169
f 168 170 173
f 175 176 15
f 15 8 175
f 7 2 177
f 7 178 8
f 178 179 175
f 179 176 175
f 8 178 175
f 180 178 7
f 180 7 177
f 177 181 180
f 170 171 179
f 179 178 170
f 171 176 179
f 182 183 170
f 178 182 170
f 182 178 180
f 182 180 181
f 181 177 184
f 185 182 181
f 181 186 185
f 184 186 181
f 183 182 185
f 187 186 184
f 188 173 183
f 173 170 183
f 188 183 185
f 173 188 189
f 19 15 176
f 17 16 20
f 20 19 176
f 190 17 20
f 191 20 176
f 191 190 20
f 191 176 171
f 171 172 191
f 192 190 191
f 192 191 172
f 172 193 192
f 193 194 192
f 47 18 195
f 195 18 17
f 17 196 195
f 196 197 195
f 196 17 190
f 196 198 197
f 198 199 197
f 196 190 194
f 190 192 194
f 198 196 194
f 2 29 177
f 184 177 29
f 28 27 200
f 29 28 187
f 29 187 184
f 28 200 187
f 201 187 200
f 202 187 201
f 47 195 197
f 197 53 47
f 53 203 54
f 197 199 53
f 53 199 203
f 204 203 199
f 198 204 199
f 27 205 200
f 205 27 206
f 201 200 205
f 201 205 207
f 207 205 206
f 207 206 208
f 202 201 207
f 209 207 210
f 210 207 208
f 211 212 207
f 207 212 202
f 207 209 211
f 209 213 211
f 211 213 214
f 213 209 210
f 210 215 213
f 216 54 203
f 55 54 216
f 217 216 203
f 27 62 218
f 86 89 62
f 218 206 27
f 208 206 218
f 208 218 219
f 218 62 219
f 210 208 220
f 220 208 221
f 210 220 222
f 220 223 222
f 222 223 224
f 221 223 220
f 222 215 210
f 225 215 226
f 225 226 227
f 226 215 222
f 222 224 227
f 222 227 226
f 227 224 228
f 55 229 56
f 118 56 229
f 118 230 120
f 229 230 118
f 231 229 55
f 133 89 121
f 219 62 89
f 89 133 232
f 89 232 219
f 133 233 232
f 234 219 232
f 221 208 219
f 221 219 234
f 234 232 235
f 235 232 233
f 236 221 234
f 236 234 235
f 236 223 221
f 237 236 235
f 223 236 238
f 239 238 236
f 238 239 240
f 239 236 237
f 239 237 240
f 240 237 241
f 241 237 235
f 121 130 133
f 242 133 132
f 223 238 224
f 224 238 243
f 224 243 228
f 228 243 244
f 228 245 227
f 228 244 245
f 245 244 246
f 244 247 246
f 119 248 151
f 152 166 150
f 120 248 119
f 120 230 248
f 248 230 249
f 248 249 151
f 230 229 231
f 242 233 133
f 233 242 250
f 251 233 250
f 251 235 233
f 242 252 250
f 251 250 253
f 250 252 253
f 253 235 251
f 241 235 254
f 254 235 255
f 255 235 253
f 255 253 256
f 256 253 252
f 256 252 257
f 256 257 258
f 259 131 153
f 259 132 131
f 259 242 132
f 153 260 259
f 155 260 153
f 260 242 259
f 261 260 155
f 242 260 252
f 252 260 257
f 257 260 261
f 252 257 262
f 257 261 263
f 257 252 262
f 257 263 258
f 160 158 161
f 161 157 264
f 264 265 161
f 266 163 162
f 157 164 264
f 266 267 163
f 166 268 165
f 165 269 167
f 167 266 162
f 270 266 167
f 165 268 269
f 167 269 270
f 266 270 267
f 166 271 268
f 268 272 269
f 271 272 268
f 270 269 273
f 272 273 269
f 274 273 272
f 152 271 166
f 275 272 271
f 272 275 274
f 152 276 271
f 271 276 275
f 152 151 249
f 261 155 277
f 278 263 261
f 263 278 279
f 160 161 265
f 265 264 280
f 155 154 277
f 277 154 160
f 265 281 160
f 280 281 265
f 281 277 160
f 282 277 281
f 277 282 261
f 283 164 163
f 267 283 163
f 280 264 164
f 284 283 267
f 283 280 164
f 284 285 283
f 280 286 287
f 283 286 280
f 270 273 267
f 273 284 267
f 284 273 288
f 284 288 289
f 285 286 283
f 289 285 284
f 288 290 289
f 274 288 273
f 274 291 288
f 275 292 274
f 291 274 292
f 291 290 288
f 287 286 293
f 285 294 286
f 295 294 285
f 285 289 295
f 294 293 286
f 289 290 295
f 173 296 174
f 297 173 189
f 296 173 297
f 189 298 299
f 299 297 189
f 296 297 300
f 296 300 301
f 300 297 299
f 299 301 300
f 301 302 296
f 303 299 298
f 304 301 299
f 299 303 304
f 305 301 304
f 296 302 174
f 306 307 308
f 308 307 309
f 306 310 311
f 306 298 310
f 311 310 306
f 312 306 308
f 308 313 312
f 309 313 308
f 310 188 185
f 307 186 187
f 189 188 298
f 298 188 310
f 306 310 186
f 310 185 186
f 306 186 307
f 303 298 306
f 174 193 172
f 174 302 193
f 302 314 193
f 314 194 193
f 194 314 198
f 314 302 315
f 187 202 307
f 212 211 316
f 317 309 202
f 317 202 212
f 317 212 316
f 317 316 318
f 318 316 319
f 309 307 202
f 309 317 320
f 320 317 318
f 309 320 313
f 318 321 320
f 318 319 322
f 323 321 318
f 323 318 322
f 322 324 323
f 321 323 325
f 325 323 324
f 204 217 203
f 204 198 326
f 326 217 204
f 213 215 214
f 316 211 327
f 327 211 214
f 319 316 327
f 214 215 225
f 214 225 328
f 328 225 329
f 319 330 322
f 327 330 319
f 214 330 327
f 330 331 332
f 330 214 331
f 214 328 331
f 331 328 329
f 322 330 332
f 322 332 324
f 332 333 334
f 331 333 332
f 331 329 333
f 334 324 332
f 335 325 324
f 334 335 324
f 334 333 336
f 333 329 337
f 336 333 337
f 216 217 338
f 225 227 339
f 227 340 339
f 339 340 341
f 225 339 342
f 342 339 341
f 340 245 343
f 340 343 341
f 341 343 344
f 225 342 329
f 342 341 344
f 342 344 329
f 329 344 345
f 337 329 345
f 55 216 338
f 55 346 231
f 55 338 346
f 338 347 346
f 347 348 346
f 238 240 349
f 350 349 240
f 240 241 239
f 240 241 350
f 240 239 241
f 245 340 227
f 238 349 243
f 243 349 351
f 243 351 244
f 246 352 245
f 350 351 349
f 353 351 354
f 353 244 351
f 244 353 247
f 247 353 355
f 354 351 350
f 245 352 343
f 352 246 356
f 246 247 356
f 247 357 356
f 356 357 358
f 358 357 359
f 247 355 357
f 360 343 352
f 356 358 352
f 343 360 344
f 358 360 352
f 346 348 231
f 231 348 230
f 230 348 249
f 255 256 361
f 362 241 254
f 255 362 254
f 241 362 350
f 363 362 255
f 361 363 255
f 363 350 362
f 364 350 363
f 363 365 364
f 353 366 355
f 366 353 354
f 367 366 354
f 366 367 368
f 354 350 364
f 354 364 369
f 367 354 369
f 370 367 369
f 369 371 370
f 369 364 371
f 355 368 357
f 357 368 359
f 366 368 355
f 372 360 358
f 359 372 358
f 370 368 367
f 373 359 368
f 368 370 374
f 368 374 373
f 375 374 370
f 374 375 373
f 359 373 372
f 373 376 372
f 372 377 360
f 152 378 276
f 378 379 276
f 256 258 361
f 380 361 258
f 261 282 278
f 258 263 381
f 263 279 381
f 258 381 380
f 382 381 279
f 382 279 278
f 381 383 380
f 381 382 383
f 380 383 361
f 363 361 384
f 384 361 385
f 385 361 383
f 375 386 373
f 386 375 387
f 388 375 370
f 375 388 387
f 388 370 371
f 388 389 387
f 371 389 388
f 386 376 373
f 386 390 376
f 387 390 386
f 376 390 391
f 376 391 372
f 387 392 390
f 387 389 392
f 391 390 393
f 394 390 392
f 390 394 393
f 389 395 392
f 396 395 389
f 395 397 392
f 397 394 392
f 394 397 398
f 372 391 377
f 377 391 399
f 391 393 400
f 391 400 399
f 394 398 393
f 400 401 399
f 393 398 402
f 400 393 402
f 400 402 401
f 276 403 275
f 403 292 275
f 292 404 291
f 291 404 290
f 292 405 404
f 276 406 403
f 292 403 407
f 406 407 403
f 292 407 405
f 379 406 276
f 406 408 407
f 409 405 407
f 408 409 407
f 410 278 282
f 382 278 410
f 411 412 282
f 410 282 412
f 382 410 413
f 414 410 412
f 413 410 414
f 414 412 415
f 416 414 415
f 417 383 382
f 417 382 413
f 413 414 416
f 418 282 281
f 281 280 418
f 418 411 282
f 419 411 418
f 420 411 419
f 421 418 422
f 412 411 420
f 421 419 418
f 420 415 412
f 420 423 415
f 418 280 424
f 280 287 424
f 424 287 425
f 425 287 293
f 425 422 424
f 418 424 422
f 293 426 427
f 425 293 427
f 428 427 426
f 422 425 429
f 429 425 427
f 395 430 397
f 389 431 396
f 396 432 395
f 431 432 396
f 432 430 395
f 433 294 295
f 294 426 293
f 426 294 433
f 434 295 290
f 435 433 295
f 434 435 295
f 433 428 426
f 435 428 433
f 430 436 397
f 436 398 397
f 398 436 402
f 404 437 290
f 437 434 290
f 437 404 405
f 437 438 434
f 438 435 434
f 437 439 438
f 439 437 440
f 408 441 409
f 409 441 442
f 442 405 409
f 405 440 437
f 443 419 421
f 420 419 443
f 415 423 444
f 443 423 420
f 445 443 421
f 446 445 421
f 445 446 447
f 427 428 448
f 429 427 449
f 427 448 449
f 446 421 422
f 450 446 422
f 429 450 422
f 449 450 429
f 450 449 451
f 451 449 452
f 452 449 448
f 447 446 450
f 447 450 451
f 453 451 452
f 448 428 454
f 435 454 428
f 448 454 455
f 435 438 456
f 456 454 435
f 457 448 455
f 454 456 458
f 452 448 457
f 455 454 458
f 439 456 438
f 304 459 460
f 459 304 303
f 461 301 305
f 461 462 301
f 460 305 304
f 301 463 302
f 301 464 463
f 301 462 465
f 312 313 466
f 313 467 466
f 468 311 306
f 468 306 312
f 468 469 311
f 466 468 312
f 302 463 470
f 465 464 301
f 464 470 463
f 464 471 470
f 302 470 472
f 315 302 472
f 314 473 474
f 314 315 473
f 475 313 320
f 475 320 321
f 475 467 313
f 475 476 467
f 477 476 475
f 467 476 478
f 479 475 321
f 325 479 321
f 335 480 325
f 477 475 479
f 481 479 325
f 480 481 325
f 479 481 482
f 482 477 479
f 480 335 483
f 474 198 314
f 198 474 326
f 484 326 474
f 484 217 326
f 483 335 334
f 334 336 483
f 484 485 217
f 485 338 217
f 338 485 347
f 336 337 486
f 337 345 486
f 336 486 487
f 483 336 487
f 344 360 488
f 489 345 344
f 489 344 488
f 345 489 486
f 490 489 488
f 489 490 491
f 486 489 491
f 491 492 493
f 348 347 494
f 360 495 488
f 495 360 377
f 495 377 496
f 496 497 495
f 495 497 498
f 497 496 499
f 490 488 498
f 495 498 488
f 490 498 500
f 500 498 497
f 490 500 492
f 491 490 492
f 492 500 501
f 497 501 500
f 502 501 497
f 503 365 363
f 384 503 363
f 385 503 384
f 504 371 364
f 503 385 505
f 504 364 365
f 505 506 503
f 365 503 506
f 371 507 389
f 507 431 389
f 377 399 508
f 399 509 508
f 401 509 399
f 508 496 377
f 496 508 510
f 496 510 511
f 508 509 510
f 510 509 512
f 510 512 513
f 496 511 499
f 499 511 514
f 511 513 514
f 510 513 511
f 497 499 502
f 514 502 499
f 379 515 406
f 441 408 515
f 515 408 406
f 152 516 378
f 516 379 378
f 379 517 515
f 417 413 518
f 518 413 519
f 519 413 416
f 415 519 416
f 383 417 520
f 383 521 385
f 521 383 520
f 518 522 417
f 505 385 521
f 523 504 365
f 523 365 506
f 504 523 524
f 521 525 505
f 525 521 520
f 523 506 526
f 506 505 525
f 506 525 520
f 520 527 506
f 506 527 526
f 524 523 528
f 526 528 523
f 504 507 371
f 524 507 504
f 529 431 507
f 530 431 529
f 524 529 507
f 432 531 430
f 431 530 432
f 532 432 530
f 533 532 530
f 534 532 533
f 530 529 533
f 402 535 401
f 535 536 401
f 436 430 531
f 436 531 402
f 537 402 531
f 535 402 537
f 532 531 432
f 535 538 536
f 537 538 535
f 539 537 531
f 538 537 539
f 532 539 531
f 534 540 532
f 539 532 540
f 509 401 541
f 401 536 541
f 509 541 512
f 542 512 541
f 541 536 538
f 512 542 543
f 542 544 543
f 541 538 545
f 542 541 545
f 539 546 538
f 544 542 545
f 545 538 546
f 545 546 547
f 544 545 547
f 547 546 548
f 442 440 405
f 513 512 543
f 513 543 549
f 543 550 549
f 550 543 544
f 513 549 514
f 544 551 550
f 544 547 551
f 550 551 552
f 553 554 514
f 549 553 514
f 553 549 555
f 549 550 555
f 555 550 552
f 441 515 556
f 441 556 442
f 556 440 442
f 519 415 444
f 557 519 444
f 522 518 519
f 558 522 519
f 558 519 557
f 520 417 522
f 559 522 558
f 560 558 557
f 561 520 522
f 559 561 522
f 558 562 559
f 562 558 560
f 527 520 561
f 559 563 561
f 562 563 559
f 423 443 564
f 445 564 443
f 565 564 445
f 447 565 445
f 423 557 444
f 564 557 423
f 566 564 565
f 566 565 567
f 567 565 568
f 569 567 568
f 560 557 564
f 564 566 570
f 567 570 566
f 560 564 570
f 571 570 567
f 562 572 563
f 572 562 560
f 560 570 573
f 573 571 574
f 573 570 571
f 575 447 451
f 453 575 451
f 568 565 447
f 575 568 447
f 575 569 568
f 575 453 576
f 575 577 569
f 576 577 575
f 567 569 578
f 579 455 458
f 452 457 580
f 453 452 580
f 457 455 579
f 580 457 579
f 579 458 581
f 582 453 580
f 579 582 580
f 576 453 582
f 582 579 581
f 583 540 534
f 584 456 439
f 584 458 456
f 458 584 581
f 539 540 546
f 540 548 546
f 548 585 547
f 585 551 547
f 567 578 586
f 586 571 567
f 577 578 569
f 587 577 576
f 588 586 578
f 578 577 588
f 589 586 588
f 588 577 587
f 588 587 590
f 591 576 582
f 581 591 582
f 587 576 591
f 581 592 591
f 592 581 593
f 590 587 591
f 593 581 584
f 594 462 595
f 595 462 461
f 596 461 305
f 597 595 461
f 596 597 461
f 598 306 311
f 598 311 469
f 598 303 306
f 468 466 599
f 599 466 467
f 599 467 600
f 598 469 601
f 303 598 601
f 602 469 468
f 594 465 462
f 603 465 594
f 603 594 604
f 594 595 604
f 605 604 606
f 607 608 606
f 609 607 606
f 610 604 611
f 604 610 606
f 606 610 609
f 595 611 604
f 612 610 611
f 612 609 610
f 612 613 609
f 612 611 614
f 464 465 603
f 603 615 464
f 615 616 464
f 616 471 464
f 471 617 470
f 615 603 605
f 615 618 616
f 618 619 616
f 604 605 603
f 471 616 620
f 471 620 617
f 605 618 615
f 620 616 619
f 605 606 618
f 621 620 619
f 622 619 618
f 620 621 623
f 624 619 622
f 621 619 624
f 618 606 622
f 622 606 608
f 621 625 623
f 624 625 621
f 617 626 470
f 626 472 470
f 627 626 617
f 617 620 623
f 627 617 623
f 628 472 626
f 623 629 627
f 629 626 627
f 630 623 625
f 629 628 626
f 623 630 629
f 630 631 629
f 632 630 625
f 315 633 473
f 600 467 478
f 599 600 634
f 476 477 607
f 607 477 608
f 607 635 476
f 478 476 635
f 600 478 635
f 636 635 613
f 635 607 613
f 609 613 607
f 600 635 636
f 637 600 636
f 637 636 638
f 639 638 613
f 613 638 636
f 639 613 612
f 482 640 477
f 640 608 477
f 640 641 608
f 641 640 482
f 641 622 608
f 642 641 482
f 624 622 643
f 622 641 643
f 643 641 642
f 624 643 642
f 644 642 482
f 624 645 625
f 642 645 624
f 642 644 646
f 647 625 645
f 642 647 645
f 625 647 648
f 647 642 646
f 647 646 648
f 648 632 625
f 482 481 649
f 649 481 650
f 644 482 649
f 648 646 644
f 644 651 648
f 649 651 644
f 652 474 473
f 633 652 473
f 653 652 654
f 655 653 654
f 654 656 655
f 656 657 655
f 474 652 658
f 658 484 474
f 658 652 653
f 655 659 653
f 653 659 658
f 659 484 658
f 659 660 484
f 655 657 659
f 657 661 659
f 660 659 661
f 480 483 662
f 480 662 663
f 664 481 480
f 664 480 663
f 483 665 662
f 665 483 487
f 662 665 666
f 667 663 662
f 668 667 662
f 662 666 668
f 660 669 484
f 484 669 670
f 670 671 484
f 672 660 661
f 670 673 671
f 657 674 661
f 661 674 672
f 674 668 672
f 675 676 660
f 660 670 669
f 660 676 670
f 676 673 670
f 666 665 677
f 671 485 484
f 665 487 678
f 678 487 679
f 665 678 677
f 679 680 678
f 485 681 347
f 682 486 491
f 682 491 493
f 487 486 682
f 682 493 683
f 493 684 683
f 487 682 683
f 681 494 347
f 501 502 685
f 501 684 492
f 685 686 501
f 492 684 493
f 501 686 684
f 348 687 249
f 348 494 687
f 494 688 687
f 514 554 502
f 554 689 502
f 502 689 685
f 554 690 691
f 554 691 689
f 692 685 689
f 689 691 692
f 249 516 152
f 379 516 517
f 527 693 526
f 526 694 528
f 693 694 526
f 695 524 528
f 524 695 529
f 528 694 695
f 695 696 529
f 696 533 529
f 697 555 552
f 554 553 690
f 555 698 553
f 697 698 555
f 690 553 698
f 690 698 699
f 697 552 700
f 699 691 690
f 701 699 698
f 698 697 701
f 701 697 700
f 701 700 702
f 691 699 703
f 515 517 704
f 705 515 704
f 706 561 563
f 527 561 706
f 572 560 707
f 707 560 573
f 574 707 573
f 708 563 572
f 708 572 707
f 563 708 707
f 706 563 709
f 527 710 693
f 706 710 527
f 709 711 706
f 694 693 712
f 710 712 693
f 712 713 694
f 710 706 711
f 710 714 712
f 713 712 714
f 710 711 714
f 696 534 533
f 534 715 583
f 540 583 548
f 548 716 585
f 583 716 548
f 717 583 715
f 717 716 583
f 717 585 716
f 585 552 551
f 552 585 718
f 700 552 719
f 515 705 556
f 705 440 556
f 720 440 705
f 571 586 574
f 721 722 574
f 574 586 721
f 707 574 722
f 723 709 563
f 563 707 723
f 707 724 723
f 724 707 722
f 725 711 709
f 723 725 709
f 588 590 589
f 721 586 589
f 726 721 589
f 727 590 591
f 592 727 591
f 728 590 727
f 590 728 589
f 592 593 729
f 593 584 730
f 731 439 440
f 727 732 728
f 727 592 729
f 729 593 730
f 732 727 733
f 729 733 727
f 305 460 734
f 460 459 734
f 735 734 459
f 303 601 735
f 459 303 735
f 736 596 305
f 736 597 596
f 595 597 611
f 611 597 737
f 597 736 738
f 738 737 597
f 739 737 738
f 602 740 741
f 602 601 469
f 602 468 742
f 743 468 599
f 742 468 743
f 741 601 602
f 602 742 740
f 744 743 599
f 745 612 614
f 745 639 612
f 745 746 638
f 747 614 611
f 614 746 745
f 747 748 614
f 614 748 746
f 739 747 737
f 747 611 737
f 739 748 747
f 749 748 739
f 631 750 629
f 629 750 628
f 751 472 628
f 751 315 472
f 631 752 750
f 752 753 750
f 750 753 628
f 753 751 628
f 630 632 754
f 755 631 630
f 630 754 755
f 752 756 753
f 631 755 757
f 631 757 752
f 758 755 754
f 755 758 757
f 757 759 760
f 752 757 760
f 752 760 756
f 759 757 758
f 751 761 315
f 633 315 761
f 762 652 633
f 762 633 761
f 751 753 763
f 761 751 762
f 763 753 756
f 652 762 764
f 637 634 600
f 634 637 765
f 765 637 766
f 766 637 767
f 745 638 639
f 638 746 767
f 638 767 637
f 649 650 768
f 769 754 632
f 648 769 632
f 768 651 649
f 770 754 769
f 769 648 651
f 768 650 771
f 758 754 770
f 770 769 651
f 651 768 770
f 650 481 772
f 650 772 773
f 773 772 774
f 774 775 776
f 777 654 652
f 654 777 656
f 656 778 657
f 778 674 657
f 777 652 764
f 779 777 764
f 777 779 656
f 780 779 781
f 656 779 778
f 778 779 780
f 778 780 674
f 781 779 764
f 782 780 781
f 783 782 781
f 782 775 774
f 783 775 782
f 481 664 772
f 784 772 664
f 772 784 774
f 784 664 663
f 784 663 667
f 667 668 674
f 784 667 780
f 780 667 674
f 784 780 782
f 774 784 782
f 675 660 672
f 675 672 785
f 676 675 785
f 676 786 673
f 672 787 788
f 668 666 789
f 668 789 672
f 787 672 789
f 789 666 677
f 789 677 790
f 786 676 785
f 791 786 785
f 785 672 788
f 792 787 789
f 787 792 788
f 792 789 790
f 792 785 788
f 793 785 792
f 785 794 791
f 793 794 785
f 793 791 794
f 793 795 791
f 673 796 671
f 671 797 798
f 798 799 671
f 671 799 485
f 796 797 671
f 786 796 673
f 791 800 786
f 786 800 796
f 800 801 796
f 796 801 797
f 801 798 797
f 799 798 802
f 802 798 801
f 803 804 800
f 800 804 801
f 801 804 802
f 791 803 800
f 805 803 791
f 805 791 795
f 806 795 793
f 804 803 807
f 802 804 807
f 803 805 808
f 805 795 809
f 809 795 806
f 810 799 802
f 677 678 790
f 790 678 811
f 811 678 812
f 812 678 680
f 792 790 811
f 792 811 812
f 812 680 813
f 793 792 812
f 793 812 814
f 812 813 814
f 793 814 815
f 813 815 814
f 816 680 679
f 815 806 793
f 815 813 806
f 817 813 680
f 816 817 680
f 806 813 818
f 813 817 818
f 819 818 817
f 816 819 817
f 485 799 820
f 820 681 485
f 799 810 820
f 679 821 816
f 816 821 822
f 487 821 679
f 821 487 823
f 824 821 823
f 681 825 826
f 681 826 494
f 820 825 681
f 686 827 684
f 683 684 827
f 487 683 823
f 823 683 827
f 827 686 828
f 823 827 829
f 691 830 692
f 692 831 685
f 830 831 692
f 685 831 686
f 831 832 686
f 832 831 830
f 830 703 833
f 249 834 516
f 249 687 834
f 699 835 703
f 699 701 835
f 703 830 691
f 516 836 517
f 704 517 837
f 836 837 517
f 713 695 694
f 695 713 696
f 534 696 715
f 719 552 718
f 718 838 719
f 835 701 702
f 702 700 839
f 839 700 840
f 704 841 705
f 837 841 704
f 842 705 841
f 843 720 705
f 842 843 705
f 724 844 723
f 844 725 723
f 711 845 714
f 846 713 714
f 845 846 714
f 847 585 717
f 718 585 847
f 848 717 715
f 849 838 718
f 849 718 847
f 440 720 731
f 719 850 700
f 722 721 726
f 722 726 851
f 724 851 844
f 851 724 722
f 589 728 852
f 853 726 589
f 853 589 852
f 728 732 852
f 854 853 852
f 853 854 855
f 856 726 853
f 855 856 853
f 852 732 857
f 857 732 858
f 732 733 858
f 852 857 854
f 854 857 859
f 859 857 858
f 730 584 860
f 729 730 861
f 861 730 860
f 720 862 731
f 731 863 439
f 584 439 863
f 731 864 863
f 731 862 864
f 860 584 863
f 843 862 720
f 865 733 729
f 733 865 866
f 867 734 735
f 734 867 305
f 305 868 736
f 869 867 870
f 869 868 867
f 867 868 305
f 738 736 871
f 738 871 872
f 739 738 872
f 873 742 874
f 735 601 875
f 875 601 741
f 740 742 873
f 742 743 744
f 744 599 634
f 874 742 876
f 742 744 876
f 876 744 634
f 877 876 634
f 878 767 746
f 878 746 748
f 872 749 739
f 760 759 879
f 879 759 880
f 880 759 758
f 880 758 770
f 881 756 760
f 881 760 879
f 881 882 756
f 883 879 880
f 881 879 884
f 884 882 881
f 885 879 883
f 879 885 884
f 886 884 885
f 886 882 884
f 887 885 883
f 888 762 751
f 762 888 889
f 889 764 762
f 889 890 764
f 882 763 756
f 888 890 889
f 882 751 763
f 766 767 891
f 892 770 768
f 893 770 892
f 768 771 892
f 893 880 770
f 883 880 893
f 771 894 892
f 894 771 773
f 895 893 892
f 895 892 894
f 893 895 883
f 771 650 773
f 773 774 776
f 775 783 776
f 776 896 773
f 897 776 783
f 890 897 783
f 894 773 896
f 764 890 781
f 781 890 783
f 807 898 899
f 899 900 807
f 901 899 898
f 902 900 903
f 904 899 901
f 899 905 906
f 905 899 904
f 900 899 906
f 907 903 900
f 908 909 904
f 807 803 898
f 900 902 807
f 807 902 802
f 802 902 910
f 898 803 808
f 805 809 808
f 911 808 809
f 911 809 912
f 809 913 912
f 806 913 809
f 913 806 818
f 898 808 914
f 914 808 911
f 818 915 913
f 914 904 901
f 901 898 914
f 916 913 915
f 915 917 916
f 908 904 914
f 908 914 911
f 908 911 912
f 918 912 913
f 918 913 916
f 912 919 908
f 918 920 919
f 918 919 912
f 920 918 916
f 916 921 920
f 922 802 910
f 903 910 902
f 903 922 910
f 922 810 802
f 822 819 816
f 818 819 915
f 917 915 819
f 923 819 822
f 923 924 819
f 924 917 819
f 916 917 924
f 923 925 924
f 822 821 926
f 822 926 923
f 824 926 821
f 927 923 926
f 820 810 825
f 927 926 928
f 929 825 810
f 826 825 930
f 824 823 829
f 829 827 828
f 931 688 494
f 826 931 494
f 833 832 830
f 703 932 833
f 832 828 686
f 832 933 828
f 833 933 832
f 833 932 933
f 829 828 934
f 687 935 834
f 687 688 936
f 936 935 687
f 936 688 935
f 835 932 703
f 516 834 836
f 836 834 937
f 937 834 935
f 836 937 938
f 839 840 939
f 702 839 940
f 839 939 940
f 939 941 940
f 942 702 940
f 941 942 940
f 835 702 943
f 702 942 943
f 938 837 836
f 938 944 837
f 837 944 841
f 846 945 713
f 946 845 711
f 725 946 711
f 945 696 713
f 947 845 946
f 947 846 845
f 846 948 945
f 696 949 950
f 945 949 696
f 949 945 948
f 950 715 696
f 715 951 848
f 951 715 950
f 848 952 717
f 952 953 717
f 717 953 847
f 847 953 849
f 719 838 850
f 838 954 850
f 838 955 954
f 838 956 955
f 955 957 954
f 958 955 956
f 957 955 958
f 840 700 850
f 959 840 850
f 960 840 959
f 840 960 939
f 850 954 959
f 959 954 961
f 954 957 961
f 961 962 959
f 959 962 960
f 957 958 961
f 962 961 958
f 939 960 941
f 946 725 963
f 964 844 851
f 946 963 947
f 964 725 844
f 947 965 846
f 846 965 948
f 964 966 725
f 967 948 965
f 965 947 968
f 968 947 963
f 966 963 725
f 851 726 856
f 969 851 856
f 851 969 964
f 964 969 970
f 970 971 964
f 948 967 949
f 964 972 966
f 972 964 971
f 973 854 859
f 974 952 848
f 974 848 951
f 975 976 974
f 977 952 974
f 953 952 977
f 978 953 977
f 849 953 978
f 977 974 976
f 979 977 976
f 978 977 979
f 864 980 863
f 864 981 980
f 849 956 838
f 849 978 982
f 849 982 956
f 983 958 956
f 956 982 983
f 984 983 985
f 986 978 979
f 982 987 983
f 983 987 985
f 862 843 988
f 862 989 864
f 862 988 989
f 864 989 981
f 989 988 990
f 989 990 981
f 991 990 988
f 958 992 962
f 983 984 958
f 992 958 984
f 843 842 988
f 993 991 988
f 842 993 988
f 994 856 855
f 969 856 995
f 995 856 994
f 970 969 995
f 996 994 997
f 970 995 998
f 998 995 996
f 995 994 996
f 999 971 970
f 970 998 999
f 855 854 973
f 1000 859 858
f 973 859 1000
f 997 855 973
f 1001 1000 858
f 997 973 1002
f 1000 1002 973
f 1002 1000 1001
f 994 855 997
f 997 1002 1003
f 996 997 1004
f 1004 997 1003
f 998 996 1005
f 1005 996 1004
f 866 858 733
f 1001 858 866
f 866 1006 1001
f 1007 1002 1001
f 1007 1001 1006
f 861 865 729
f 865 861 1008
f 1009 1006 866
f 866 865 1009
f 1009 865 1008
f 1010 1006 1009
f 860 863 980
f 980 861 860
f 861 1011 1008
f 861 980 1011
f 980 981 1011
f 1012 1011 981
f 1008 1011 1012
f 1008 1012 1013
f 1013 1012 1014
f 1012 1015 1014
f 1012 981 1015
f 990 1015 981
f 1015 990 1016
f 1017 867 735
f 1018 869 870
f 870 1017 1018
f 870 867 1017
f 868 1019 736
f 868 1020 1019
f 869 1020 868
f 871 736 1019
f 1019 1021 871
f 871 1021 872
f 1020 1021 1019
f 877 874 876
f 873 874 877
f 1022 875 741
f 1023 873 877
f 891 1024 766
f 877 634 1025
f 1026 766 1024
f 1027 1028 1025
f 1023 877 1025
f 1023 1025 1028
f 878 1029 1030
f 748 1029 878
f 1030 1024 878
f 1024 767 878
f 1024 891 767
f 1030 1026 1024
f 1029 748 749
f 1021 749 872
f 1029 749 1021
f 1031 882 886
f 1032 887 883
f 1033 1031 886
f 1033 886 885
f 1033 885 887
f 1031 1033 1034
f 1034 1035 1031
f 1031 1035 882
f 1034 1033 1036
f 1037 1036 887
f 1036 1033 887
f 1037 887 1032
f 1038 1036 1037
f 1039 1035 1034
f 1040 1037 1032
f 1041 1037 1040
f 1036 1042 1034
f 1042 1043 1034
f 1043 1039 1034
f 1042 1036 1044
f 1045 1038 1041
f 1045 1044 1038
f 1044 1036 1038
f 1038 1037 1041
f 888 1046 890
f 890 1046 897
f 751 882 1035
f 1035 888 751
f 888 1047 1046
f 1048 897 1046
f 1047 1048 1046
f 1035 1039 888
f 1048 1049 897
f 1039 1047 888
f 1025 634 765
f 1025 765 1027
f 1027 765 766
f 1027 766 1026
f 1028 1027 1050
f 1050 1027 1026
f 1032 883 1051
f 1051 883 895
f 1051 895 1052
f 895 894 1052
f 1032 1051 1052
f 1053 1032 1052
f 1053 1052 894
f 1054 1053 894
f 896 1055 894
f 1055 896 1056
f 1054 1040 1032
f 1054 1032 1053
f 1054 894 1055
f 1040 1054 1041
f 1049 776 897
f 1049 896 776
f 1049 1056 896
f 1057 1056 1049
f 1058 905 904
f 1059 1058 1060
f 909 919 1061
f 1058 1059 906
f 905 1058 906
f 1059 900 906
f 1060 900 1059
f 900 1060 1062
f 908 919 909
f 921 1063 920
f 1064 921 916
f 1065 922 903
f 1064 916 924
f 925 1064 924
f 1066 929 922
f 927 925 923
f 929 810 922
f 928 1067 927
f 930 825 1068
f 1068 825 929
f 928 926 824
f 1069 829 1070
f 824 829 1069
f 928 824 1071
f 1071 1067 928
f 824 1069 1071
f 930 931 826
f 1070 829 934
f 828 933 934
f 932 1072 933
f 934 933 1073
f 933 1072 1073
f 1070 934 1074
f 935 688 1075
f 1072 932 1076
f 932 835 1076
f 1072 1077 1073
f 1078 937 935
f 1078 935 1075
f 1078 1079 937
f 937 1079 1080
f 1078 1075 1079
f 1079 1081 1080
f 835 943 1076
f 943 942 1082
f 942 941 1083
f 1083 1082 942
f 1082 1084 943
f 1076 943 1084
f 1085 944 938
f 938 937 1080
f 938 1080 1085
f 941 960 962
f 1086 941 962
f 842 841 1087
f 841 944 1085
f 1088 841 1085
f 841 1089 1087
f 967 965 1090
f 968 1090 965
f 966 968 963
f 1091 967 1090
f 1092 1093 972
f 1094 950 949
f 1095 950 1094
f 972 1093 966
f 1096 967 1091
f 967 1096 949
f 949 1096 1094
f 1097 1091 1090
f 968 1097 1090
f 1091 1097 1098
f 966 1097 968
f 1097 966 1093
f 1099 1098 1097
f 1093 1099 1097
f 1098 1100 1091
f 1095 951 950
f 951 1095 1101
f 1094 1096 1095
f 975 974 951
f 1101 975 951
f 1101 1102 975
f 1103 976 975
f 979 976 1103
f 1104 979 1103
f 1102 1103 975
f 1103 1105 1104
f 1103 1102 1105
f 1102 1106 1105
f 1107 1102 1101
f 982 978 986
f 987 982 986
f 1104 987 986
f 1108 985 987
f 985 1108 1109
f 979 1104 986
f 1104 1108 987
f 1108 1104 1110
f 1110 1109 1108
f 1104 1105 1110
f 984 1111 992
f 1111 984 985
f 1109 1111 985
f 1109 1110 1112
f 1113 842 1087
f 842 1113 993
f 1113 1114 993
f 1113 1115 1114
f 1087 1115 1113
f 1092 972 971
f 971 999 1092
f 1116 1092 999
f 1117 998 1005
f 1117 999 998
f 1092 1099 1093
f 1116 999 1117
f 1118 1099 1092
f 1116 1118 1092
f 1118 1119 1099
f 1119 1100 1098
f 1099 1119 1098
f 1120 1005 1004
f 1116 1117 1121
f 1005 1121 1117
f 1005 1120 1121
f 1116 1122 1118
f 1116 1121 1122
f 1118 1122 1123
f 1118 1123 1119
f 1123 1122 1124
f 1124 1122 1121
f 1002 1007 1003
f 1013 1014 1125
f 1009 1008 1126
f 1008 1013 1126
f 1126 1013 1125
f 1105 1106 1110
f 1014 1015 1016
f 991 1016 990
f 1127 1128 1016
f 991 993 1114
f 1129 1120 1130
f 1120 1004 1130
f 1131 1003 1007
f 1004 1003 1132
f 1130 1004 1132
f 1132 1003 1131
f 1007 1006 1010
f 1010 1009 1126
f 1133 1007 1010
f 1133 1131 1007
f 1133 1010 1134
f 1125 1014 1135
f 1136 1125 1135
f 1126 1125 1136
f 1010 1126 1134
f 1134 1126 1136
f 1014 1016 1135
f 1136 1135 1137
f 1135 1016 1128
f 1017 735 875
f 869 1018 1138
f 1020 1139 1021
f 1140 1020 869
f 1138 1140 869
f 1141 1139 1020
f 1142 1143 1144
f 1143 1145 1144
f 1142 1146 1143
f 1146 1147 1143
f 1148 1149 1145
f 1022 741 740
f 1022 740 873
f 873 1150 1022
f 1150 873 1151
f 1151 873 1150
f 1152 873 1023
f 1153 1030 1029
f 1026 1153 1154
f 1030 1153 1026
f 1023 1028 1155
f 1050 1156 1028
f 1156 1050 1154
f 1050 1026 1154
f 1157 1153 1029
f 1023 1155 1152
f 1155 1028 1156
f 1156 1154 1158
f 1153 1158 1154
f 1029 1021 1157
f 1152 1155 1159
f 1159 1155 1158
f 1155 1156 1158
f 1160 1157 1021
f 1159 1158 1161
f 1162 1153 1157
f 1162 1158 1153
f 1162 1161 1158
f 1163 1162 1157
f 1162 1164 1161
f 1165 1045 1166
f 1167 1168 1045
f 1165 1169 1170
f 1169 1165 1171
f 1172 1169 1171
f 1147 1146 1168
f 1144 1043 1042
f 1166 1045 1041
f 1044 1173 1042
f 1042 1173 1144
f 1145 1043 1144
f 1149 1043 1145
f 1149 1039 1043
f 1174 1039 1149
f 1040 1166 1041
f 1044 1142 1173
f 1173 1142 1144
f 1175 1166 1040
f 1040 1041 1175
f 1142 1044 1045
f 1166 1175 1165
f 1168 1142 1045
f 1146 1142 1168
f 1176 1047 1174
f 1176 1048 1047
f 1177 1057 1178
f 1048 1177 1178
f 1048 1178 1049
f 1039 1174 1047
f 1057 1049 1178
f 1179 1180 1181
f 1182 1183 1179
f 1181 1182 1179
f 1180 1179 1184
f 1185 1183 1182
f 1180 1186 1058
f 1187 1188 1186
f 1189 1186 1180
f 1190 1186 1189
f 1184 1189 1180
f 1191 1188 1187
f 1192 1041 1054
f 1192 1054 1055
f 1041 1192 1175
f 1175 1192 1193
f 1192 1055 1056
f 1171 1175 1193
f 1193 1192 1194
f 1194 1192 1056
f 1195 1056 1057
f 1165 1175 1171
f 1171 1193 1194
f 1194 1056 1195
f 1177 1195 1057
f 1196 1171 1194
f 1194 1195 1177
f 1196 1194 1197
f 1177 1197 1194
f 1198 1182 1181
f 1199 1182 1198
f 1061 1199 1198
f 1182 1199 1200
f 1201 1200 1199
f 1201 1199 1061
f 1182 1200 1185
f 1180 1058 1198
f 1186 1060 1058
f 1198 1058 904
f 1061 919 1202
f 1181 1180 1198
f 1188 1060 1186
f 919 1203 1202
f 904 909 1198
f 909 1061 1198
f 1201 1061 1202
f 1063 1204 1203
f 1188 1062 1060
f 907 900 1062
f 907 1062 1205
f 1062 1188 1206
f 1206 1205 1062
f 1191 1206 1188
f 1206 1207 1205
f 1206 1208 1207
f 1207 1208 1209
f 1210 1207 1209
f 1211 1207 1210
f 1211 1210 1212
f 903 907 1065
f 1213 907 1205
f 1213 1214 907
f 1207 1213 1205
f 1214 1215 907
f 1213 1207 1211
f 1213 1216 1214
f 1214 1216 1215
f 1216 1217 1215
f 1217 1218 1215
f 1219 1213 1211
f 1211 1212 1219
f 1216 1213 1219
f 907 1215 1065
f 1218 1220 1215
f 919 920 1203
f 920 1063 1203
f 1063 1221 1204
f 1221 1222 1204
f 1222 1223 1204
f 921 1224 1063
f 921 1064 1224
f 1224 1221 1063
f 1222 1221 1225
f 1221 1226 1225
f 1221 1224 1226
f 1226 1224 1227
f 1228 1225 1229
f 1230 1229 1212
f 1225 1228 1222
f 1226 1229 1225
f 1212 1229 1226
f 1226 1231 1212
f 1227 1231 1226
f 1224 1064 1227
f 1220 1065 1215
f 1232 1220 1218
f 1220 1232 1233
f 922 1065 1234
f 1235 1236 1234
f 1234 1065 1220
f 1220 1235 1234
f 1220 1233 1235
f 1235 1233 1237
f 1235 1237 1238
f 1236 1235 1238
f 1238 1239 1236
f 925 1240 1064
f 1241 1064 1240
f 1234 1242 922
f 1236 1239 1243
f 1244 1243 1239
f 1245 1246 1240
f 1246 1241 1240
f 1247 1246 1245
f 1244 1239 1248
f 1249 1244 1250
f 1241 1246 1251
f 1249 1250 1252
f 1247 1253 1250
f 1250 1253 1252
f 1247 1254 1246
f 1253 1247 1255
f 1250 1248 1256
f 1248 1250 1244
f 1251 1256 1257
f 1251 1254 1256
f 1256 1254 1247
f 1250 1256 1247
f 1254 1251 1246
f 1066 922 1242
f 1236 1243 1234
f 1234 1243 1242
f 1242 1243 1258
f 1242 1258 1259
f 1066 1242 1259
f 1259 1260 1066
f 1244 1261 1258
f 1244 1258 1243
f 1259 1258 1261
f 1262 1259 1261
f 1262 1260 1259
f 1261 1244 1249
f 1262 1263 1260
f 1263 1264 1260
f 1260 1264 1066
f 1252 1261 1249
f 1262 1261 1263
f 1261 1265 1263
f 1261 1252 1253
f 1263 1266 1264
f 1265 1261 1267
f 1267 1261 1253
f 1265 1267 1268
f 1269 1267 1253
f 1267 1269 1268
f 1270 929 1066
f 1270 1066 1271
f 1271 1066 1264
f 1271 1272 1270
f 1264 1273 1271
f 1272 1271 1273
f 1245 925 927
f 1274 1245 927
f 1245 1240 925
f 1274 1275 1245
f 1247 1245 1275
f 1276 1275 1274
f 1253 1255 1277
f 1255 1247 1275
f 1277 1255 1275
f 1276 1277 1275
f 1067 1274 927
f 1276 1274 1278
f 1274 1067 1278
f 1279 1067 1280
f 1253 1277 1269
f 1277 1276 1278
f 1068 1281 930
f 1071 1069 1282
f 1280 1067 1071
f 1282 1280 1071
f 1283 1282 1069
f 1282 1283 1284
f 1281 1285 930
f 1285 931 930
f 1283 1069 1070
f 1283 1070 1074
f 1074 934 1286
f 1073 1077 934
f 934 1077 1286
f 1074 1286 1284
f 1074 1284 1283
f 1286 1077 1287
f 1287 1288 1286
f 1289 1284 1286
f 1289 1286 1288
f 1285 1290 931
f 688 931 1290
f 1077 1072 1287
f 1076 1291 1072
f 1291 1287 1072
f 1084 1082 1292
f 1084 1292 1293
f 1293 1292 1294
f 1076 1084 1295
f 1084 1293 1295
f 1076 1295 1291
f 1296 1295 1293
f 1296 1293 1297
f 1295 1298 1291
f 1296 1298 1295
f 1299 1088 1085
f 1085 1080 1299
f 1081 1300 1080
f 1080 1300 1299
f 1082 1083 1292
f 1083 941 1301
f 941 1086 1301
f 1292 1083 1294
f 1083 1301 1294
f 1294 1301 1302
f 1302 1301 1303
f 1301 1086 1303
f 841 1088 1089
f 1089 1088 1304
f 1293 1294 1297
f 1088 1305 1304
f 1088 1299 1305
f 1305 1306 1304
f 1307 1305 1299
f 1308 1306 1305
f 1096 1091 1100
f 1095 1309 1101
f 1309 1107 1101
f 1309 1095 1096
f 1310 992 1111
f 1109 1310 1111
f 1311 962 992
f 1311 992 1310
f 1086 962 1311
f 1312 1115 1087
f 1115 1313 1114
f 1087 1089 1312
f 1089 1304 1314
f 1115 1312 1315
f 1115 1315 1316
f 1089 1314 1312
f 1312 1314 1315
f 1314 1317 1315
f 1315 1317 1316
f 1304 1306 1314
f 1314 1306 1317
f 1129 1124 1121
f 1121 1120 1129
f 1119 1123 1318
f 1123 1124 1318
f 1319 1124 1129
f 1096 1100 1320
f 1119 1321 1100
f 1320 1100 1321
f 1318 1321 1119
f 1318 1124 1319
f 1320 1322 1096
f 1319 1323 1318
f 1322 1320 1324
f 1325 1321 1318
f 1323 1325 1318
f 1321 1324 1320
f 1326 1096 1322
f 1326 1322 1324
f 1096 1326 1309
f 1321 1325 1324
f 1107 1106 1102
f 1106 1327 1110
f 1327 1112 1110
f 1016 991 1127
f 1109 1328 1310
f 1311 1310 1329
f 991 1114 1313
f 991 1313 1330
f 1330 1313 1331
f 1115 1316 1313
f 1129 1332 1319
f 1130 1132 1333
f 1131 1333 1132
f 1130 1333 1334
f 1332 1129 1130
f 1332 1130 1335
f 1335 1130 1334
f 1334 1333 1336
f 1332 1337 1319
f 1335 1337 1332
f 1335 1334 1336
f 1337 1323 1319
f 1131 1133 1338
f 1338 1133 1339
f 1134 1339 1133
f 1338 1339 1340
f 1338 1333 1131
f 1340 1333 1338
f 1333 1340 1336
f 1339 1134 1341
f 1134 1342 1341
f 1340 1339 1341
f 1343 1340 1341
f 1336 1340 1344
f 1344 1340 1343
f 1134 1136 1342
f 1342 1136 1137
f 1343 1341 1345
f 1341 1342 1346
f 1346 1345 1341
f 1347 1137 1135
f 1128 1347 1135
f 1348 1137 1347
f 1349 1137 1348
f 1128 1127 1350
f 1128 1350 1351
f 1347 1128 1351
f 1352 1351 1350
f 1127 991 1350
f 1350 991 1353
f 1352 1350 1353
f 1353 991 1330
f 1342 1137 1349
f 875 1354 1017
f 1017 1354 1355
f 1355 1018 1017
f 1355 1138 1018
f 1356 1354 875
f 1355 1354 1356
f 1140 1141 1020
f 1141 1357 1139
f 1139 1357 1358
f 1358 1021 1139
f 1359 1360 1361
f 1359 1361 1362
f 1362 1361 1360
f 1167 1363 1360
f 1363 1362 1360
f 1145 1143 1364
f 1364 1148 1145
f 1143 1147 1360
f 1143 1360 1364
f 1359 1364 1360
f 1365 1148 1364
f 1365 1364 1359
f 1365 1366 1148
f 1359 1362 1365
f 1367 1366 1365
f 1366 1368 1148
f 1368 1366 1369
f 1362 1370 1365
f 1370 1367 1365
f 1366 1367 1371
f 1369 1366 1371
f 1372 1370 1362
f 1370 1373 1367
f 1367 1373 1371
f 1374 875 1022
f 1150 873 1375
f 1376 1374 1022
f 873 1152 1375
f 1377 1163 1157
f 1163 1164 1162
f 1160 1377 1157
f 1378 1152 1159
f 1378 1159 1161
f 1378 1161 1164
f 1360 1147 1168
f 1360 1168 1167
f 1379 1169 1172
f 1167 1045 1380
f 1045 1165 1380
f 1170 1169 1379
f 1381 1380 1165
f 1381 1165 1170
f 1381 1170 1379
f 1382 1381 1379
f 1148 1174 1149
f 1368 1174 1148
f 1368 1176 1174
f 1172 1171 1379
f 1368 1048 1176
f 1196 1379 1171
f 1382 1379 1196
f 1177 1383 1384
f 1177 1384 1197
f 1385 1048 1368
f 1383 1177 1048
f 1385 1383 1048
f 1369 1386 1368
f 1386 1385 1368
f 1387 1384 1383
f 1385 1387 1383
f 1388 1389 1390
f 1391 1389 1388
f 1389 1392 1393
f 1393 1390 1389
f 1394 1395 1393
f 1392 1394 1393
f 1396 1393 1395
f 1396 1397 1393
f 1389 1398 1392
f 1399 1398 1389
f 1400 1401 1399
f 1389 1400 1399
f 1389 1391 1400
f 1391 1402 1400
f 1184 1179 1403
f 1184 1403 1404
f 1183 1403 1179
f 1403 1183 1185
f 1405 1185 1406
f 1405 1403 1185
f 1406 1185 1200
f 1388 1407 1406
f 1408 1388 1406
f 1200 1408 1406
f 1405 1409 1403
f 1403 1409 1404
f 1407 1409 1406
f 1409 1405 1406
f 1397 1410 1409
f 1397 1407 1390
f 1407 1397 1409
f 1409 1411 1404
f 1390 1407 1388
f 1388 1408 1391
f 1397 1412 1410
f 1397 1390 1393
f 1410 1411 1409
f 1391 1408 1402
f 1396 1412 1397
f 1413 1411 1410
f 1184 1404 1189
f 1190 1189 1404
f 1187 1186 1190
f 1190 1404 1187
f 1187 1414 1191
f 1187 1404 1415
f 1416 1191 1414
f 1191 1416 1417
f 1187 1415 1418
f 1414 1187 1418
f 1416 1419 1417
f 1416 1414 1418
f 1411 1415 1404
f 1416 1418 1420
f 1420 1419 1416
f 1400 1402 1421
f 1421 1402 1422
f 1423 1421 1422
f 1203 1204 1424
f 1425 1200 1201
f 1201 1202 1425
f 1202 1203 1424
f 1425 1202 1424
f 1425 1426 1200
f 1425 1422 1426
f 1425 1424 1422
f 1204 1427 1424
f 1426 1402 1408
f 1200 1426 1408
f 1422 1402 1426
f 1422 1424 1428
f 1223 1427 1204
f 1429 1430 1228
f 1431 1419 1432
f 1430 1427 1223
f 1419 1433 1432
f 1432 1433 1434
f 1434 1427 1429
f 1427 1430 1429
f 1435 1424 1427
f 1434 1436 1427
f 1433 1436 1434
f 1435 1427 1436
f 1417 1206 1191
f 1206 1417 1208
f 1209 1208 1437
f 1209 1438 1210
f 1210 1438 1230
f 1438 1228 1230
f 1212 1210 1230
f 1417 1437 1208
f 1437 1431 1209
f 1209 1431 1438
f 1429 1438 1431
f 1429 1228 1438
f 1417 1419 1437
f 1437 1419 1431
f 1432 1434 1429
f 1431 1432 1429
f 1216 1219 1439
f 1440 1216 1439
f 1216 1440 1217
f 1440 1441 1217
f 1441 1442 1217
f 1443 1442 1444
f 1444 1442 1445
f 1444 1445 1446
f 1218 1217 1232
f 1442 1232 1217
f 1443 1447 1442
f 1442 1447 1232
f 1233 1232 1447
f 1443 1448 1447
f 1447 1449 1450
f 1233 1447 1450
f 1449 1451 1450
f 1448 1443 1444
f 1447 1448 1452
f 1452 1449 1447
f 1452 1451 1449
f 1453 1448 1444
f 1223 1222 1430
f 1228 1430 1222
f 1230 1228 1229
f 1212 1231 1219
f 1439 1219 1454
f 1219 1231 1455
f 1227 1456 1231
f 1231 1456 1455
f 1439 1454 1440
f 1454 1219 1455
f 1454 1455 1457
f 1455 1456 1458
f 1456 1227 1064
f 1456 1064 1458
f 1454 1457 1440
f 1458 1457 1455
f 1459 1458 1064
f 1441 1440 1457
f 1458 1459 1460
f 1441 1457 1461
f 1461 1445 1441
f 1462 1457 1458
f 1460 1462 1458
f 1463 1460 1459
f 1445 1442 1441
f 1464 1445 1461
f 1461 1457 1462
f 1446 1445 1464
f 1464 1461 1462
f 1464 1462 1465
f 1465 1462 1460
f 1237 1233 1466
f 1466 1233 1450
f 1467 1468 1469
f 1468 1470 1469
f 1451 1471 1450
f 1450 1471 1466
f 1472 1468 1467
f 1471 1472 1467
f 1473 1463 1459
f 1474 1473 1459
f 1475 1476 1470
f 1475 1470 1468
f 1472 1477 1468
f 1477 1475 1468
f 1478 1476 1475
f 1451 1472 1471
f 1478 1473 1474
f 1237 1466 1238
f 1238 1479 1239
f 1469 1239 1479
f 1466 1471 1238
f 1471 1467 1479
f 1238 1471 1479
f 1479 1467 1469
f 1241 1459 1064
f 1474 1459 1241
f 1480 1241 1251
f 1257 1480 1251
f 1476 1474 1241
f 1480 1476 1241
f 1480 1469 1470
f 1480 1257 1469
f 1480 1470 1476
f 1476 1478 1474
f 1256 1248 1481
f 1257 1256 1481
f 1239 1469 1248
f 1248 1469 1481
f 1257 1481 1469
f 1482 1266 1263
f 1263 1265 1482
f 1265 1483 1482
f 1268 1269 1484
f 1485 1483 1265
f 1485 1265 1268
f 1485 1268 1484
f 1482 1486 1266
f 1486 1482 1483
f 1485 1487 1483
f 1485 1484 1488
f 1487 1486 1483
f 1486 1489 1273
f 1489 1486 1490
f 1490 1486 1487
f 1490 1487 1491
f 1491 1487 1485
f 1491 1485 1488
f 1490 1492 1489
f 1492 1490 1493
f 1491 1493 1490
f 1494 1493 1491
f 1266 1273 1264
f 1273 1266 1486
f 1495 1272 1273
f 1496 1270 1272
f 1489 1495 1273
f 1497 1272 1495
f 1270 1496 1498
f 1269 1277 1484
f 1484 1277 1278
f 1278 1067 1279
f 1278 1499 1484
f 1499 1278 1279
f 1279 1500 1499
f 1499 1488 1484
f 1499 1491 1488
f 1501 1491 1499
f 1501 1499 1500
f 1491 1501 1494
f 1502 1501 1500
f 1280 1500 1279
f 1500 1280 1503
f 1270 1068 929
f 1270 1281 1068
f 1270 1498 1281
f 1504 1281 1498
f 1505 1504 1498
f 1503 1280 1282
f 1285 1281 1504
f 1506 1282 1284
f 1507 1503 1282
f 1507 1282 1506
f 1285 1504 1508
f 1508 1509 1285
f 1285 1509 1290
f 1509 1510 1290
f 1290 1510 1511
f 1289 1506 1284
f 1289 1512 1506
f 1290 1513 688
f 1513 1514 688
f 1291 1515 1287
f 1516 1515 1291
f 1075 1517 1079
f 1079 1517 1081
f 1514 1075 688
f 1514 1517 1075
f 1514 1518 1517
f 1516 1291 1298
f 1298 1296 1519
f 1520 1519 1296
f 1521 1519 1520
f 1081 1522 1300
f 1523 1081 1517
f 1297 1294 1524
f 1302 1524 1294
f 1302 1525 1524
f 1525 1302 1303
f 1297 1524 1526
f 1525 1526 1524
f 1525 1303 1527
f 1528 1525 1527
f 1307 1308 1305
f 1529 1308 1307
f 1297 1520 1296
f 1297 1526 1520
f 1526 1525 1530
f 1530 1525 1528
f 1520 1526 1531
f 1531 1526 1530
f 1299 1532 1307
f 1307 1532 1529
f 1299 1300 1532
f 1311 1329 1533
f 1310 1534 1329
f 1311 1533 1535
f 1533 1536 1535
f 1537 1303 1086
f 1311 1537 1086
f 1535 1538 1537
f 1535 1537 1311
f 1538 1535 1539
f 1535 1536 1539
f 1533 1540 1536
f 1539 1541 1538
f 1539 1542 1541
f 1539 1536 1543
f 1543 1542 1539
f 1543 1544 1542
f 1317 1545 1316
f 1537 1546 1303
f 1303 1546 1527
f 1538 1546 1537
f 1541 1546 1538
f 1527 1547 1548
f 1527 1546 1547
f 1547 1546 1541
f 1549 1548 1547
f 1541 1549 1547
f 1308 1529 1550
f 1529 1551 1550
f 1308 1550 1306
f 1317 1306 1550
f 1550 1552 1317
f 1551 1552 1550
f 1317 1552 1545
f 1551 1553 1552
f 1552 1553 1545
f 1554 1545 1553
f 1548 1528 1527
f 1551 1529 1532
f 1551 1555 1553
f 1107 1309 1556
f 1309 1326 1556
f 1556 1557 1107
f 1558 1326 1324
f 1556 1326 1558
f 1557 1106 1107
f 1557 1327 1106
f 1559 1557 1556
f 1559 1560 1557
f 1112 1327 1561
f 1562 1112 1561
f 1327 1557 1561
f 1563 1109 1112
f 1112 1562 1563
f 1564 1562 1561
f 1328 1109 1563
f 1310 1328 1534
f 1328 1565 1534
f 1328 1566 1565
f 1563 1566 1328
f 1562 1566 1563
f 1329 1534 1533
f 1534 1540 1533
f 1540 1534 1565
f 1536 1540 1543
f 1540 1567 1543
f 1331 1313 1316
f 1331 1316 1545
f 1331 1545 1554
f 1337 1335 1568
f 1325 1323 1569
f 1323 1337 1569
f 1569 1337 1570
f 1324 1325 1571
f 1325 1569 1571
f 1572 1568 1335
f 1335 1336 1572
f 1572 1336 1344
f 1344 1343 1573
f 1574 1572 1344
f 1574 1344 1573
f 1570 1337 1568
f 1568 1572 1574
f 1575 1568 1574
f 1571 1558 1324
f 1575 1570 1568
f 1569 1570 1576
f 1576 1570 1575
f 1577 1576 1575
f 1348 1347 1578
f 1347 1351 1578
f 1353 1579 1352
f 1352 1580 1351
f 1579 1580 1352
f 1578 1351 1580
f 1580 1581 1578
f 1581 1580 1579
f 1331 1582 1330
f 1582 1331 1554
f 1582 1353 1330
f 1582 1554 1583
f 1353 1583 1579
f 1582 1583 1353
f 1584 1583 1585
f 1579 1583 1584
f 1573 1343 1345
f 1346 1342 1349
f 1573 1345 1586
f 1586 1345 1346
f 1586 1346 1587
f 1587 1346 1349
f 1586 1587 1588
f 1587 1349 1589
f 1573 1586 1574
f 1586 1588 1574
f 1590 1588 1587
f 1591 1575 1574
f 1591 1574 1588
f 1589 1349 1348
f 1587 1589 1592
f 1348 1578 1593
f 1589 1348 1593
f 875 1594 1356
f 1138 1595 1140
f 1595 1596 1140
f 1594 1597 1356
f 1597 1355 1356
f 1374 1594 875
f 1598 1594 1374
f 1599 1595 1138
f 1355 1597 1600
f 1138 1600 1599
f 1138 1355 1600
f 1599 1601 1595
f 1595 1601 1596
f 1599 1600 1597
f 1597 1602 1599
f 1602 1601 1599
f 1160 1021 1358
f 1596 1141 1140
f 1596 1357 1141
f 1357 1603 1358
f 1358 1603 1604
f 1604 1160 1358
f 1596 1603 1357
f 1605 1603 1596
f 1603 1605 1604
f 1606 1363 1167
f 1607 1608 1372
f 1372 1362 1607
f 1362 1363 1607
f 1607 1609 1608
f 1610 1372 1607
f 1608 1370 1372
f 1608 1373 1370
f 1371 1611 1369
f 1373 1612 1371
f 1612 1611 1371
f 1373 1613 1612
f 1612 1614 1611
f 1613 1614 1612
f 1613 1615 1614
f 1609 1373 1608
f 1616 1615 1613
f 1609 1617 1373
f 1613 1373 1617
f 1616 1613 1617
f 1607 1618 1609
f 1619 1614 1615
f 1619 1615 1620
f 1619 1620 1394
f 1615 1616 1620
f 1620 1616 1621
f 1598 1374 1376
f 1622 1022 1150
f 1150 1375 1622
f 1622 1376 1022
f 1164 1623 1378
f 1382 1196 1624
f 1196 1197 1624
f 1606 1167 1380
f 1625 1381 1382
f 1626 1380 1627
f 1627 1380 1381
f 1625 1382 1624
f 1606 1380 1626
f 1626 1627 1628
f 1627 1381 1628
f 1629 1626 1628
f 1381 1625 1628
f 1625 1624 1630
f 1611 1386 1369
f 1384 1631 1197
f 1611 1614 1386
f 1631 1624 1197
f 1631 1384 1387
f 1614 1632 1386
f 1633 1386 1632
f 1385 1386 1633
f 1632 1634 1633
f 1634 1635 1633
f 1636 1385 1633
f 1385 1636 1387
f 1631 1387 1636
f 1624 1631 1637
f 1637 1631 1636
f 1638 1639 1633
f 1639 1636 1633
f 1640 1638 1633
f 1641 1638 1640
f 1641 1640 1635
f 1636 1639 1637
f 1639 1638 1641
f 1624 1637 1630
f 1637 1639 1630
f 1639 1641 1630
f 1630 1641 1642
f 1643 1642 1641
f 1644 1621 1645
f 1646 1644 1645
f 1647 1643 1648
f 1647 1642 1643
f 1647 1630 1642
f 1619 1394 1649
f 1649 1394 1392
f 1395 1412 1396
f 1392 1398 1649
f 1398 1399 1401
f 1401 1400 1650
f 1619 1649 1632
f 1394 1651 1395
f 1652 1395 1651
f 1652 1412 1395
f 1632 1649 1634
f 1634 1398 1635
f 1649 1398 1634
f 1401 1635 1398
f 1653 1635 1401
f 1401 1650 1653
f 1619 1632 1614
f 1654 1652 1651
f 1654 1394 1620
f 1394 1654 1651
f 1652 1654 1655
f 1656 1652 1655
f 1633 1635 1640
f 1656 1657 1658
f 1635 1653 1643
f 1657 1659 1658
f 1658 1659 1660
f 1661 1643 1653
f 1653 1662 1661
f 1654 1620 1644
f 1620 1621 1644
f 1654 1644 1655
f 1644 1657 1655
f 1655 1657 1656
f 1643 1641 1635
f 1643 1661 1663
f 1663 1661 1657
f 1657 1661 1659
f 1662 1659 1661
f 1664 1663 1657
f 1644 1664 1657
f 1648 1663 1664
f 1643 1663 1648
f 1646 1648 1664
f 1644 1646 1664
f 1665 1413 1410
f 1666 1665 1412
f 1412 1665 1410
f 1652 1666 1412
f 1667 1666 1652
f 1667 1652 1656
f 1668 1413 1665
f 1669 1665 1666
f 1669 1668 1665
f 1667 1669 1666
f 1656 1658 1667
f 1667 1658 1669
f 1668 1670 1413
f 1413 1670 1671
f 1672 1669 1658
f 1672 1658 1673
f 1673 1658 1660
f 1674 1670 1668
f 1675 1418 1415
f 1418 1676 1420
f 1413 1415 1411
f 1677 1420 1676
f 1677 1419 1420
f 1677 1678 1419
f 1413 1675 1415
f 1679 1678 1677
f 1677 1680 1679
f 1650 1400 1662
f 1400 1423 1662
f 1421 1423 1400
f 1423 1422 1681
f 1650 1662 1653
f 1653 1662 1423
f 1423 1681 1682
f 1653 1423 1662
f 1682 1683 1423
f 1683 1662 1423
f 1683 1682 1684
f 1683 1659 1662
f 1683 1684 1660
f 1659 1683 1660
f 1681 1422 1428
f 1682 1681 1685
f 1435 1428 1424
f 1682 1685 1684
f 1685 1681 1686
f 1681 1428 1686
f 1428 1435 1686
f 1687 1660 1684
f 1687 1684 1685
f 1687 1685 1686
f 1687 1673 1660
f 1688 1686 1435
f 1688 1435 1689
f 1689 1435 1690
f 1691 1673 1687
f 1689 1690 1692
f 1419 1678 1433
f 1693 1433 1678
f 1693 1436 1433
f 1694 1435 1436
f 1693 1694 1436
f 1679 1695 1678
f 1695 1693 1678
f 1696 1695 1679
f 1696 1693 1695
f 1435 1694 1690
f 1693 1690 1694
f 1680 1696 1679
f 1693 1696 1690
f 1696 1697 1690
f 1680 1697 1696
f 1697 1692 1690
f 1698 1444 1446
f 1698 1699 1453
f 1699 1446 1700
f 1699 1698 1446
f 1700 1446 1701
f 1453 1699 1702
f 1453 1702 1703
f 1699 1700 1704
f 1704 1700 1701
f 1702 1705 1703
f 1702 1706 1705
f 1702 1699 1706
f 1706 1707 1705
f 1708 1704 1701
f 1701 1709 1708
f 1444 1698 1453
f 1698 1448 1453
f 1452 1448 1698
f 1451 1452 1710
f 1698 1710 1452
f 1711 1451 1710
f 1703 1698 1453
f 1710 1698 1703
f 1710 1703 1705
f 1705 1711 1710
f 1712 1465 1460
f 1712 1460 1463
f 1713 1712 1463
f 1701 1446 1464
f 1701 1464 1465
f 1714 1701 1465
f 1714 1465 1712
f 1715 1714 1712
f 1712 1713 1715
f 1709 1701 1716
f 1716 1701 1714
f 1715 1716 1714
f 1717 1709 1716
f 1718 1719 1715
f 1472 1720 1477
f 1720 1475 1477
f 1473 1713 1463
f 1478 1713 1473
f 1720 1713 1475
f 1713 1478 1475
f 1451 1711 1472
f 1720 1472 1721
f 1720 1718 1713
f 1718 1715 1713
f 1711 1721 1472
f 1721 1718 1720
f 1489 1722 1723
f 1723 1495 1489
f 1724 1495 1723
f 1724 1497 1495
f 1493 1725 1492
f 1725 1493 1494
f 1502 1726 1494
f 1727 1722 1492
f 1726 1725 1494
f 1502 1728 1726
f 1729 1492 1725
f 1728 1502 1730
f 1728 1725 1726
f 1497 1496 1272
f 1722 1489 1492
f 1722 1727 1723
f 1731 1498 1496
f 1732 1731 1496
f 1733 1498 1731
f 1733 1734 1498
f 1734 1505 1498
f 1732 1735 1731
f 1731 1735 1733
f 1502 1494 1501
f 1500 1736 1502
f 1500 1503 1737
f 1730 1502 1736
f 1500 1737 1736
f 1503 1738 1737
f 1739 1508 1504
f 1739 1504 1505
f 1739 1740 1508
f 1741 1503 1507
f 1738 1503 1741
f 1742 1741 1507
f 1743 1738 1741
f 1742 1743 1741
f 1507 1506 1512
f 1742 1507 1744
f 1744 1507 1512
f 1510 1509 1508
f 1508 1740 1510
f 1510 1740 1745
f 1510 1745 1511
f 1290 1746 1513
f 1746 1514 1513
f 1290 1511 1747
f 1747 1746 1290
f 1748 1288 1287
f 1516 1749 1515
f 1518 1523 1517
f 1518 1514 1746
f 1298 1519 1516
f 1516 1519 1749
f 1523 1522 1081
f 1523 1750 1522
f 1750 1751 1522
f 1751 1300 1522
f 1521 1520 1531
f 1530 1752 1531
f 1530 1753 1752
f 1528 1753 1530
f 1754 1521 1531
f 1531 1752 1754
f 1532 1300 1755
f 1541 1542 1549
f 1756 1548 1549
f 1549 1542 1756
f 1548 1756 1757
f 1542 1758 1756
f 1544 1758 1542
f 1544 1759 1758
f 1758 1760 1756
f 1761 1528 1548
f 1528 1761 1753
f 1761 1757 1753
f 1548 1757 1761
f 1757 1762 1753
f 1757 1763 1762
f 1756 1763 1757
f 1764 1753 1762
f 1763 1765 1762
f 1764 1762 1765
f 1763 1756 1760
f 1532 1766 1551
f 1551 1766 1555
f 1564 1566 1562
f 1767 1565 1566
f 1565 1767 1567
f 1566 1564 1767
f 1767 1564 1768
f 1567 1544 1543
f 1540 1565 1567
f 1567 1767 1769
f 1567 1769 1544
f 1767 1768 1769
f 1544 1769 1759
f 1758 1759 1760
f 1759 1769 1770
f 1759 1770 1760
f 1554 1555 1771
f 1554 1771 1772
f 1554 1553 1555
f 1569 1577 1571
f 1577 1569 1576
f 1773 1556 1558
f 1556 1773 1559
f 1559 1774 1560
f 1773 1774 1559
f 1773 1558 1571
f 1577 1775 1571
f 1577 1776 1775
f 1777 1773 1571
f 1775 1777 1571
f 1557 1560 1561
f 1773 1778 1774
f 1777 1778 1773
f 1561 1560 1564
f 1581 1579 1584
f 1581 1584 1779
f 1583 1554 1772
f 1585 1583 1772
f 1772 1780 1585
f 1585 1780 1584
f 1772 1781 1780
f 1591 1588 1776
f 1577 1575 1591
f 1577 1591 1776
f 1782 1588 1590
f 1776 1588 1783
f 1782 1783 1588
f 1775 1776 1783
f 1784 1587 1592
f 1784 1592 1785
f 1785 1590 1587
f 1784 1785 1587
f 1785 1592 1786
f 1785 1782 1590
f 1787 1782 1785
f 1785 1786 1787
f 1783 1782 1788
f 1788 1782 1787
f 1789 1783 1788
f 1775 1783 1789
f 1790 1788 1787
f 1589 1593 1791
f 1791 1593 1792
f 1593 1578 1792
f 1592 1589 1791
f 1786 1592 1791
f 1786 1791 1787
f 1787 1791 1790
f 1790 1791 1793
f 1793 1791 1792
f 1793 1792 1794
f 1792 1578 1795
f 1795 1578 1796
f 1578 1581 1779
f 1584 1797 1779
f 1602 1798 1601
f 1799 1596 1798
f 1800 1801 1376
f 1801 1598 1376
f 1802 1594 1598
f 1801 1802 1598
f 1803 1602 1597
f 1597 1802 1804
f 1803 1597 1804
f 1802 1597 1594
f 1596 1601 1798
f 1604 1605 1805
f 1806 1604 1805
f 1806 1160 1604
f 1596 1799 1605
f 1807 1808 1809
f 1810 1809 1811
f 1610 1607 1372
f 1809 1363 1606
f 1610 1607 1363
f 1811 1606 1626
f 1809 1606 1811
f 1610 1812 1813
f 1607 1610 1813
f 1812 1808 1813
f 1813 1618 1607
f 1814 1618 1813
f 1610 1363 1809
f 1815 1813 1808
f 1808 1812 1610
f 1808 1610 1809
f 1816 1815 1808
f 1815 1814 1813
f 1609 1817 1617
f 1817 1616 1617
f 1618 1818 1609
f 1609 1818 1817
f 1817 1819 1616
f 1819 1621 1616
f 1645 1621 1819
f 1645 1819 1820
f 1814 1818 1618
f 1817 1818 1821
f 1822 1817 1821
f 1817 1822 1819
f 1814 1821 1818
f 1821 1823 1822
f 1820 1822 1824
f 1819 1822 1820
f 1825 1820 1824
f 1826 1821 1827
f 1827 1821 1814
f 1826 1824 1823
f 1826 1823 1821
f 1823 1824 1822
f 1828 1671 1670
f 1829 1671 1828
f 1670 1674 1830
f 1830 1828 1670
f 1830 1831 1832
f 1828 1830 1832
f 1833 1828 1832
f 1833 1829 1828
f 1829 1834 1835
f 1836 1829 1833
f 1836 1834 1829
f 1836 1837 1834
f 1834 1837 1838
f 1839 1834 1838
f 1376 1622 1800
f 1800 1622 1375
f 1840 1800 1375
f 1841 1152 1378
f 1841 1378 1623
f 1164 1842 1623
f 1842 1164 1163
f 1843 1811 1626
f 1844 1811 1843
f 1843 1629 1845
f 1629 1628 1845
f 1843 1626 1629
f 1646 1645 1846
f 1847 1646 1846
f 1646 1847 1648
f 1648 1847 1647
f 1647 1847 1846
f 1647 1846 1630
f 1846 1645 1825
f 1820 1825 1645
f 1846 1848 1630
f 1825 1849 1846
f 1849 1848 1846
f 1850 1825 1824
f 1825 1850 1849
f 1849 1850 1848
f 1850 1851 1848
f 1848 1851 1630
f 1852 1851 1850
f 1853 1854 1855
f 1856 1854 1853
f 1857 1856 1853
f 1857 1853 1858
f 1859 1860 1854
f 1854 1856 1859
f 1861 1857 1858
f 1862 1860 1859
f 1671 1675 1413
f 1674 1668 1669
f 1669 1672 1860
f 1855 1672 1673
f 1675 1671 1829
f 1863 1674 1669
f 1860 1672 1855
f 1673 1691 1855
f 1829 1835 1675
f 1854 1860 1855
f 1691 1858 1855
f 1830 1674 1863
f 1863 1669 1860
f 1855 1858 1853
f 1831 1830 1863
f 1831 1863 1864
f 1864 1863 1860
f 1834 1865 1835
f 1418 1675 1865
f 1676 1866 1677
f 1865 1676 1418
f 1675 1835 1865
f 1867 1677 1866
f 1868 1869 1677
f 1839 1865 1834
f 1676 1865 1839
f 1839 1866 1676
f 1868 1677 1867
f 1870 1869 1868
f 1871 1872 1873
f 1874 1872 1871
f 1873 1875 1871
f 1876 1874 1871
f 1691 1687 1858
f 1689 1692 1877
f 1878 1688 1879
f 1879 1688 1689
f 1687 1861 1858
f 1861 1687 1686
f 1880 1861 1686
f 1880 1686 1688
f 1879 1689 1881
f 1877 1881 1689
f 1880 1688 1878
f 1879 1881 1877
f 1882 1861 1880
f 1880 1878 1882
f 1869 1870 1879
f 1870 1881 1879
f 1877 1697 1680
f 1877 1692 1697
f 1869 1877 1680
f 1869 1879 1877
f 1869 1680 1677
f 1883 1884 1885
f 1886 1884 1883
f 1886 1883 1887
f 1884 1875 1885
f 1887 1888 1886
f 1717 1708 1709
f 1706 1699 1704
f 1705 1707 1889
f 1889 1711 1705
f 1706 1704 1874
f 1885 1704 1708
f 1890 1721 1711
f 1872 1704 1885
f 1874 1704 1872
f 1885 1708 1883
f 1708 1887 1883
f 1708 1717 1887
f 1874 1707 1706
f 1891 1707 1874
f 1707 1891 1889
f 1887 1717 1892
f 1893 1891 1874
f 1891 1893 1889
f 1873 1872 1885
f 1888 1887 1892
f 1889 1893 1894
f 1873 1885 1875
f 1894 1711 1889
f 1892 1895 1896
f 1892 1896 1888
f 1895 1717 1716
f 1895 1716 1715
f 1719 1895 1715
f 1721 1897 1718
f 1897 1719 1718
f 1897 1721 1898
f 1897 1898 1719
f 1892 1717 1895
f 1896 1895 1719
f 1899 1900 1727
f 1899 1901 1900
f 1899 1902 1901
f 1903 1901 1902
f 1899 1904 1902
f 1905 1906 1903
f 1903 1902 1905
f 1907 1902 1904
f 1902 1908 1905
f 1902 1907 1909
f 1723 1900 1901
f 1901 1910 1723
f 1910 1724 1723
f 1900 1723 1727
f 1724 1911 1497
f 1903 1910 1901
f 1911 1724 1910
f 1911 1912 1497
f 1903 1913 1910
f 1913 1911 1910
f 1914 1911 1913
f 1914 1912 1911
f 1913 1903 1906
f 1914 1915 1916
f 1729 1727 1492
f 1917 1729 1725
f 1725 1728 1918
f 1919 1728 1730
f 1899 1727 1729
f 1917 1725 1918
f 1918 1728 1919
f 1917 1904 1899
f 1899 1729 1917
f 1919 1920 1918
f 1730 1920 1919
f 1921 1904 1917
f 1921 1917 1918
f 1920 1922 1918
f 1918 1923 1921
f 1918 1922 1923
f 1924 1922 1920
f 1904 1921 1907
f 1922 1925 1923
f 1924 1925 1922
f 1907 1921 1926
f 1926 1921 1923
f 1909 1907 1926
f 1926 1923 1927
f 1927 1923 1925
f 1928 1924 1929
f 1924 1920 1929
f 1736 1920 1730
f 1920 1736 1929
f 1736 1737 1930
f 1929 1736 1930
f 1916 1915 1931
f 1932 1931 1933
f 1934 1932 1935
f 1935 1936 1934
f 1937 1929 1930
f 1935 1938 1936
f 1937 1930 1939
f 1938 1937 1939
f 1938 1939 1940
f 1936 1938 1940
f 1497 1912 1496
f 1496 1912 1941
f 1942 1941 1914
f 1914 1941 1912
f 1942 1943 1941
f 1944 1943 1945
f 1914 1916 1942
f 1946 1945 1947
f 1943 1942 1945
f 1945 1942 1947
f 1947 1948 1946
f 1931 1942 1916
f 1934 1942 1931
f 1947 1942 1934
f 1936 1947 1934
f 1936 1948 1947
f 1931 1932 1934
f 1496 1941 1949
f 1732 1496 1949
f 1949 1950 1732
f 1950 1735 1732
f 1941 1943 1949
f 1943 1950 1949
f 1733 1951 1734
f 1944 1950 1943
f 1735 1950 1944
f 1733 1735 1952
f 1953 1733 1952
f 1733 1953 1951
f 1944 1952 1735
f 1954 1953 1952
f 1955 1956 1957
f 1958 1505 1734
f 1958 1734 1951
f 1953 1959 1951
f 1960 1951 1959
f 1959 1953 1955
f 1960 1958 1951
f 1960 1961 1958
f 1962 1958 1961
f 1505 1958 1962
f 1963 1964 1959
f 1959 1964 1960
f 1963 1959 1955
f 1963 1955 1957
f 1960 1965 1961
f 1962 1961 1966
f 1966 1961 1965
f 1966 1967 1962
f 1967 1739 1962
f 1737 1968 1930
f 1930 1968 1939
f 1969 1939 1968
f 1939 1969 1940
f 1738 1968 1737
f 1970 1968 1738
f 1971 1972 1973
f 1970 1972 1968
f 1973 1972 1970
f 1974 1973 1970
f 1969 1972 1975
f 1972 1969 1968
f 1971 1975 1972
f 1971 1973 1976
f 1974 1976 1973
f 1975 1948 1936
f 1948 1975 1971
f 1946 1948 1971
f 1969 1936 1940
f 1975 1936 1969
f 1977 1970 1738
f 1743 1977 1738
f 1978 1743 1742
f 1977 1974 1970
f 1974 1977 1979
f 1974 1979 1980
f 1979 1977 1743
f 1978 1979 1743
f 1976 1944 1946
f 1944 1976 1981
f 1952 1944 1981
f 1952 1981 1954
f 1981 1976 1980
f 1976 1974 1980
f 1979 1978 1982
f 1978 1742 1983
f 1944 1945 1946
f 1946 1971 1976
f 1980 1984 1981
f 1954 1984 1985
f 1954 1981 1984
f 1984 1980 1979
f 1984 1979 1982
f 1984 1982 1985
f 1985 1982 1978
f 1954 1955 1953
f 1956 1955 1954
f 1985 1956 1954
f 1985 1978 1983
f 1985 1986 1956
f 1983 1742 1987
f 1987 1742 1744
f 1987 1988 1983
f 1962 1739 1505
f 1739 1989 1990
f 1967 1989 1739
f 1967 1991 1989
f 1992 1739 1990
f 1992 1740 1739
f 1989 1993 1990
f 1994 1995 1990
f 1995 1992 1990
f 1995 1740 1992
f 1990 1993 1996
f 1996 1994 1990
f 1745 1740 1995
f 1997 1998 1512
f 1997 1512 1289
f 1288 1748 1999
f 1748 2000 1999
f 1289 1288 1999
f 1511 2001 1747
f 2002 1746 1747
f 1747 2001 2002
f 2001 2003 2002
f 2002 2003 1746
f 1748 1287 2000
f 2000 1287 2004
f 1515 2004 1287
f 2004 1515 2005
f 1749 2005 1515
f 2006 1518 1746
f 2006 2007 1518
f 1523 1518 2007
f 2006 2008 2007
f 2007 1750 1523
f 2006 1746 2008
f 2008 1750 2007
f 1300 2009 1755
f 1751 2009 1300
f 2010 2009 1751
f 1752 2011 1754
f 1752 1753 2011
f 1521 1754 1519
f 2012 1519 1754
f 2012 1754 2013
f 2011 2013 1754
f 1532 1755 1766
f 2009 2014 1755
f 2009 2010 2014
f 2014 2010 2015
f 1760 1765 1763
f 2016 2017 1765
f 1765 1760 2016
f 2017 2016 2018
f 2017 2018 2019
f 2018 2020 2019
f 1764 2021 1753
f 2017 1764 1765
f 2021 2011 1753
f 1764 2022 2021
f 2017 2022 1764
f 2022 2017 2023
f 2022 2024 2021
f 2022 2023 2024
f 2017 2019 2023
f 1555 1766 2025
f 1555 2025 2026
f 2026 2025 2027
f 2026 2027 2028
f 1755 2014 1766
f 1766 2014 2029
f 2025 1766 2029
f 2025 2029 2027
f 1564 2030 1768
f 1769 2031 1770
f 2031 1769 1768
f 1768 2030 2031
f 1760 1770 2016
f 2016 1770 2018
f 1770 2032 2018
f 1770 2031 2032
f 2018 2032 2020
f 1772 1771 1781
f 1771 2033 1781
f 1771 1555 2026
f 1771 2026 2028
f 2033 1771 2028
f 2033 2028 2034
f 1564 1560 1774
f 1774 2035 1564
f 2035 1774 1778
f 2035 2036 1564
f 2037 2036 2035
f 2038 2035 1778
f 2035 2038 2037
f 2037 2039 2036
f 2038 2040 2041
f 2039 2037 2038
f 2039 2042 2036
f 2039 2038 2041
f 1584 1780 1797
f 2043 1780 1781
f 2044 1789 1788
f 2045 1777 1775
f 2045 1775 1789
f 2045 1778 1777
f 1778 2045 2046
f 1789 2044 2045
f 2045 2044 2046
f 2046 2044 2040
f 2046 2038 1778
f 2040 2038 2046
f 1790 1793 1788
f 1794 2047 1793
f 1788 1793 2048
f 2049 2050 2044
f 2044 1788 2048
f 2048 1793 2051
f 2051 1793 2052
f 2040 2044 2050
f 2049 2044 2048
f 2053 2048 2051
f 2052 2053 2051
f 2054 2050 2049
f 2054 2049 2048
f 2054 2048 2053
f 2041 2040 2050
f 2055 2050 2054
f 1795 1794 1792
f 1794 1795 2056
f 2047 1794 2056
f 2056 1795 1796
f 1793 2047 2057
f 2047 2056 2057
f 2057 2056 2058
f 2058 2056 1796
f 1793 2057 2052
f 2057 2058 2059
f 2057 2059 2060
f 2061 2053 2052
f 2052 2057 2060
f 1578 1779 1796
f 2058 1796 1779
f 1779 1797 2062
f 2059 2058 2063
f 1779 2063 2058
f 1602 1799 1798
f 2064 1799 1602
f 2064 2065 1799
f 1602 2066 2064
f 2066 2067 2064
f 2067 2065 2064
f 2067 2068 2065
f 1602 1803 2066
f 2069 1802 1801
f 2069 1804 1802
f 2070 2069 1801
f 1800 2070 1801
f 1806 2065 2068
f 1806 1377 1160
f 1799 1805 1605
f 1806 1805 1799
f 2065 1806 1799
f 1807 2071 2072
f 2072 1808 1807
f 1844 1810 1811
f 1810 1807 1809
f 1807 2073 2074
f 2074 2071 1807
f 2073 1807 2075
f 2075 1807 1810
f 2075 1810 1844
f 2076 2077 2074
f 2078 2074 2073
f 2078 2073 2075
f 2075 1844 2079
f 2080 2078 2075
f 2074 2078 2077
f 2076 2074 2077
f 2080 2075 2079
f 2072 1816 1808
f 1827 1814 1815
f 2072 2071 1816
f 2071 1815 1816
f 2071 1827 1815
f 1827 2081 2082
f 1827 2082 1826
f 1824 1826 2082
f 2074 2083 2071
f 2084 1850 2082
f 2071 2083 1827
f 2074 2077 2083
f 2083 2085 1827
f 1827 2085 2081
f 2081 2085 2086
f 2087 2083 2077
f 2087 2085 2083
f 2086 2088 2081
f 2081 2088 2082
f 1824 2082 1850
f 2089 1831 1864
f 1864 1862 2090
f 2090 2089 1864
f 2089 2090 2091
f 1833 2092 1836
f 1836 2092 1837
f 1837 2092 2093
f 2093 1838 1837
f 2094 2092 1833
f 2095 1833 1832
f 1832 1831 2089
f 2094 2096 2092
f 2093 2092 2096
f 2095 2094 1833
f 2097 2096 2094
f 2089 2095 1832
f 2097 2098 2096
f 2098 2093 2096
f 2095 2099 2094
f 2099 2097 2094
f 1800 1840 2100
f 1840 1375 2100
f 2100 1375 2101
f 1375 1152 2101
f 1152 1841 2101
f 1623 1842 2102
f 1163 2102 1842
f 2079 1844 1843
f 2103 1628 1625
f 2079 1843 1845
f 1628 2103 1845
f 2080 2079 2104
f 1845 2104 2079
f 2103 1625 2105
f 1625 1630 2105
f 2106 1852 2084
f 2106 1851 1852
f 2107 2105 1630
f 2107 1630 1851
f 2108 2107 1851
f 2108 1851 2106
f 2109 2108 2106
f 2107 2108 2105
f 2110 2106 2084
f 2110 2109 2106
f 2084 1852 1850
f 1862 1864 1860
f 2111 1859 1856
f 1862 1859 2111
f 2112 2111 1856
f 1856 1857 2113
f 1856 2113 2112
f 2113 1882 2114
f 2113 1857 1882
f 2115 1870 1868
f 2116 2117 1868
f 2117 2115 1868
f 2118 2119 2093
f 2117 2120 2115
f 1839 1838 1866
f 2121 1867 1838
f 1838 1867 1866
f 2121 1868 1867
f 1838 2093 2119
f 2118 1838 2119
f 2118 2121 1838
f 2118 2116 2121
f 2116 1868 2121
f 2122 1871 2123
f 2123 1871 1875
f 2122 2123 2124
f 2125 1875 2126
f 2127 2128 2124
f 2129 2124 2123
f 2123 1875 2125
f 1871 2122 1876
f 1876 2122 2124
f 2130 1874 1876
f 1874 2130 1893
f 2124 2128 1876
f 1893 2130 2131
f 1893 2131 1894
f 2128 2130 1876
f 2132 2130 2128
f 2130 2132 2131
f 1857 1861 1882
f 2114 1882 2133
f 2120 1879 1870
f 1879 1881 1870
f 1878 1879 2134
f 2134 1879 2120
f 2115 2120 1870
f 2133 1882 1878
f 2135 1878 2134
f 2133 1878 2135
f 1888 2136 1886
f 1886 2137 2126
f 1884 1886 2126
f 2137 1886 2138
f 1886 2136 2138
f 2139 2136 2140
f 2126 1875 1884
f 2136 2139 2138
f 2141 2126 2137
f 2137 2138 2142
f 2142 2138 2139
f 2125 2126 2141
f 2142 2141 2137
f 1890 2143 1721
f 2144 1896 1898
f 1896 1719 1898
f 1721 2143 1898
f 1890 1711 2145
f 1888 1896 2136
f 2146 2143 1890
f 2146 1898 2143
f 2136 2147 2140
f 1896 2147 2136
f 2147 1896 2144
f 2145 2148 1890
f 2148 2146 1890
f 2149 2140 2147
f 1898 2148 2147
f 2148 1898 2146
f 2147 2144 1898
f 2148 2149 2147
f 2150 2151 2152
f 2151 2150 2153
f 1909 2154 2155
f 2151 2156 2155
f 2154 2157 2158
f 2155 2159 2152
f 2152 2151 2155
f 2154 2160 2155
f 2158 2157 2161
f 2156 1902 1909
f 2153 1906 1908
f 1908 1906 1905
f 2153 1908 1902
f 2153 1902 2156
f 1927 2157 1909
f 2150 2162 1906
f 2153 2150 1906
f 2154 1909 2157
f 2162 2163 1906
f 2151 2153 2156
f 2156 1909 2155
f 2157 1927 2161
f 1914 1913 2163
f 2164 2165 1914
f 1914 2165 1915
f 2163 1913 1906
f 1914 2163 2164
f 2166 2167 1933
f 1927 1925 2161
f 2161 1925 1924
f 1928 2161 1924
f 1937 1928 1929
f 1927 1909 1926
f 1928 1937 2168
f 1915 2165 1933
f 1915 1933 1931
f 2167 1932 1933
f 1935 1932 2167
f 2167 2169 1935
f 1938 1935 2169
f 2170 1938 2169
f 2170 2169 2167
f 2168 1938 2170
f 1938 2168 1937
f 1957 1956 2171
f 2172 1963 1957
f 1957 2171 2173
f 1957 2173 2172
f 2174 2173 2175
f 2172 2176 2177
f 2173 2176 2172
f 2178 1965 1960
f 2172 1964 1963
f 1964 2172 2177
f 1964 2178 1960
f 1965 2179 1966
f 2177 2180 1964
f 2181 2179 1965
f 2180 2178 1964
f 2182 1965 2178
f 2181 1965 2182
f 2183 2179 2181
f 2179 1967 1966
f 1967 2179 2184
f 2184 2179 2185
f 2185 2186 2184
f 2179 2187 2185
f 2187 2186 2185
f 2187 2179 2183
f 2188 2187 2183
f 2189 2186 2187
f 2190 1956 1986
f 2191 1986 1985
f 2191 1985 1983
f 2173 2171 2190
f 2190 2171 1956
f 1986 2192 2190
f 1986 2191 2192
f 2175 2173 2190
f 2175 2190 2192
f 2193 2175 2192
f 2193 2192 2191
f 2194 2175 2193
f 1988 2191 1983
f 1987 1744 2195
f 2191 1988 2193
f 2195 2196 1987
f 1988 1987 2196
f 2196 2194 1988
f 2196 2197 2198
f 1988 2194 2193
f 2199 2194 2196
f 2200 2194 2199
f 2199 2196 2198
f 1967 2201 1991
f 2201 1989 1991
f 2201 2202 1989
f 1967 2203 2201
f 2201 2204 2202
f 2184 2205 2203
f 1967 2184 2203
f 2201 2203 2204
f 2206 2207 2208
f 2207 2206 2204
f 2204 2206 2202
f 2195 2208 2209
f 2210 2202 2206
f 2206 2208 2211
f 2206 2211 2210
f 2205 2184 2186
f 2205 2207 2203
f 2203 2207 2204
f 2208 2207 2212
f 2209 2208 2212
f 2209 2196 2195
f 2186 2213 2205
f 2197 2213 2198
f 2213 2197 2205
f 2205 2197 2207
f 2207 2197 2212
f 2197 2196 2209
f 2197 2209 2212
f 2213 2186 2189
f 2198 2213 2189
f 1993 1989 2202
f 2202 2214 1993
f 1993 2214 1996
f 1996 2215 1994
f 1994 2215 1995
f 2216 1995 2215
f 2214 2202 2217
f 2216 1745 1995
f 1996 2218 2215
f 1996 2214 2217
f 2219 1996 2217
f 1996 2219 2218
f 2202 2210 2220
f 2202 2220 2217
f 2221 2218 2219
f 2217 2222 2219
f 2223 2215 2218
f 2221 2223 2218
f 2222 2221 2219
f 2224 2215 2223
f 2223 2225 2224
f 2223 2221 2226
f 2221 2222 2226
f 2227 2224 2225
f 2228 2225 2223
f 2224 2229 2215
f 2229 2216 2215
f 2229 2230 2216
f 2216 2230 1745
f 2231 2229 2227
f 2229 2224 2227
f 2231 2232 2229
f 2232 2230 2229
f 2233 1745 2230
f 1512 2234 1744
f 2234 1512 2235
f 2195 1744 2211
f 1744 2210 2211
f 2234 2210 1744
f 2220 2210 2234
f 2234 2236 2220
f 2234 2235 2236
f 2211 2208 2195
f 1998 2235 1512
f 2235 1998 2236
f 2237 1998 1997
f 2220 2236 2217
f 2217 2236 2238
f 2238 2239 2217
f 2217 2239 2222
f 2236 1998 2237
f 2237 2239 2238
f 2236 2237 2238
f 2226 2222 2239
f 2237 2240 2239
f 2226 2239 2241
f 2239 2240 2241
f 2242 2241 2240
f 2241 2243 2226
f 1997 2244 2245
f 2240 2237 1997
f 2240 1997 2245
f 2242 2240 2245
f 1511 1745 2246
f 2246 2001 1511
f 2246 2247 2001
f 1997 1289 2244
f 1289 1999 2244
f 1999 2000 2248
f 1746 2003 2008
f 2249 2008 2003
f 2001 2249 2003
f 2001 2250 2249
f 2249 2251 2008
f 2004 2248 2000
f 2004 2005 1749
f 2248 2004 2252
f 2253 2252 2004
f 1749 2253 2004
f 2254 1751 1750
f 1750 2008 2255
f 2255 2254 1750
f 1749 1519 2256
f 1519 2012 2256
f 2012 2257 2256
f 2013 2258 2012
f 2013 2011 2258
f 2258 2257 2012
f 2011 2259 2258
f 2260 2257 2258
f 2258 2259 2260
f 2015 2029 2014
f 2261 2029 2015
f 2019 2262 2023
f 2019 2263 2262
f 2021 2024 2011
f 2023 2262 2024
f 2011 2024 2264
f 2024 2262 2264
f 2262 2263 2265
f 2262 2265 2264
f 2264 2259 2011
f 2259 2264 2266
f 2264 2265 2266
f 2267 2027 2268
f 2029 2261 2027
f 2027 2261 2268
f 2031 2269 2032
f 2032 2269 2270
f 2019 2020 2263
f 2032 2270 2020
f 2020 2270 2263
f 2033 2271 2272
f 1781 2033 2272
f 2033 2034 2271
f 2027 2273 2028
f 2034 2273 2274
f 2034 2028 2273
f 2034 2274 2271
f 2274 2273 2267
f 2271 2274 2275
f 2273 2027 2267
f 2042 2276 2277
f 2042 2277 2036
f 2042 2039 2041
f 2042 2041 2278
f 2042 2278 2276
f 2279 1564 2036
f 2277 2279 2036
f 2279 2030 1564
f 2280 2279 2277
f 2280 2277 2281
f 2279 2282 2030
f 2279 2280 2282
f 2283 2280 2281
f 2282 2280 2284
f 2284 2280 2283
f 2282 2284 2285
f 2282 2285 2030
f 1780 2043 2286
f 1797 1780 2286
f 2043 1781 2287
f 2287 2288 2043
f 2043 2288 2286
f 2288 2287 2289
f 2286 2288 2290
f 2272 2271 2275
f 1781 2291 2287
f 1781 2272 2291
f 2272 2275 2291
f 2287 2291 2292
f 2050 2293 2041
f 2055 2293 2050
f 2293 2055 2294
f 2294 2055 2295
f 2055 2054 2053
f 2295 2055 2053
f 2053 2061 2296
f 2295 2053 2296
f 2293 2278 2041
f 2294 2295 2293
f 2293 2295 2278
f 2295 2276 2278
f 2276 2295 2297
f 2061 2052 2060
f 2298 2060 2059
f 2295 2296 2299
f 2299 2296 2061
f 2060 2298 2061
f 2298 2059 2300
f 2277 2276 2281
f 2295 2299 2297
f 2297 2299 2061
f 2301 2061 2298
f 2300 2301 2298
f 2301 2300 2302
f 2297 2281 2276
f 2297 2061 2303
f 2303 2061 2301
f 2303 2301 2304
f 2304 2301 2302
f 2281 2297 2283
f 2297 2303 2304
f 2284 2283 2305
f 2283 2297 2305
f 2305 2297 2304
f 1779 2062 2063
f 2300 2059 2306
f 2059 2063 2306
f 2306 2063 2307
f 2302 2300 2308
f 2300 2306 2308
f 2308 2306 2309
f 2306 2307 2309
f 2308 2310 2302
f 2302 2310 2311
f 2308 2309 2310
f 2063 2062 2307
f 2062 2312 2307
f 1797 2286 2062
f 1804 2313 2314
f 2314 1803 1804
f 2314 2066 1803
f 2315 2068 2067
f 1806 2068 2315
f 2314 2067 2066
f 2100 2070 1800
f 2069 2316 2313
f 1804 2069 2313
f 2316 2069 2070
f 2317 2313 2316
f 2318 2316 2070
f 2319 1806 2315
f 2320 1377 1806
f 2321 2087 2077
f 2078 2322 2077
f 2323 2078 2080
f 2321 2077 2324
f 2324 2325 2321
f 2321 2325 2087
f 2324 2077 2322
f 2323 2322 2078
f 2324 2326 2325
f 2326 2327 2325
f 2328 2326 2324
f 2329 2324 2322
f 2328 2324 2329
f 2329 2322 2323
f 2323 2080 2330
f 2327 2326 2328
f 2327 2087 2325
f 2327 2085 2087
f 2327 2086 2085
f 2088 2084 2082
f 2089 2091 2331
f 2090 2332 2091
f 2332 2090 1862
f 2091 2332 2333
f 2331 2091 2333
f 2334 2331 2333
f 2335 2334 2333
f 2332 1862 2336
f 2331 2095 2089
f 2093 2098 2118
f 2331 2334 2095
f 2095 2334 2099
f 2334 2337 2099
f 2337 2097 2099
f 2098 2097 2337
f 2335 2337 2334
f 2101 1841 2338
f 2339 2102 1163
f 2340 1163 1377
f 2340 2339 1163
f 2339 2341 2102
f 2342 1841 1623
f 2102 2343 1623
f 2338 1841 2342
f 2343 2342 1623
f 2341 2343 2102
f 2344 2080 2104
f 2345 2104 1845
f 2103 2345 1845
f 2346 2345 2103
f 2347 2344 2104
f 2104 2345 2347
f 2346 2103 2105
f 2330 2080 2344
f 2110 2084 2088
f 2348 1862 2111
f 2112 2348 2111
f 2112 2113 2349
f 2349 2133 2350
f 2133 2351 2350
f 2352 2348 2112
f 2112 2349 2353
f 2349 2350 2353
f 2129 2127 2124
f 2129 2123 2354
f 2123 2125 2354
f 2354 2127 2129
f 2355 2354 2125
f 2354 2356 2127
f 2127 2356 2357
f 2357 2128 2127
f 2355 2125 2141
f 2357 2356 2358
f 2357 2359 2128
f 2132 2128 2359
f 2358 2354 2355
f 2358 2356 2354
f 2358 2360 2357
f 2357 2360 2361
f 2362 2357 2361
f 2362 2359 2357
f 2363 2358 2355
f 2359 2362 2364
f 2364 2365 2359
f 2363 2360 2358
f 2366 2362 2361
f 2366 2364 2362
f 2359 2365 2132
f 2365 2131 2132
f 2365 1894 2131
f 2367 2368 2365
f 2368 1894 2365
f 2368 1711 1894
f 2349 2113 2114
f 2133 2349 2114
f 2351 2133 2369
f 2133 2135 2369
f 2369 2135 2134
f 2120 2369 2134
f 2370 2369 2120
f 2117 2370 2120
f 2351 2369 2371
f 2141 2142 2372
f 2141 2372 2373
f 2372 2142 2139
f 2374 2139 2140
f 2374 2140 2375
f 2376 2372 2139
f 2376 2139 2374
f 2375 2140 2149
f 2372 2376 2373
f 2159 2150 2152
f 2377 2378 2150
f 2159 2377 2150
f 2378 2379 2150
f 2159 2380 2378
f 2377 2159 2378
f 2381 2380 2159
f 2380 2382 2378
f 2378 2382 2383
f 2380 2384 2382
f 2384 2379 2383
f 2382 2384 2383
f 2378 2383 2379
f 2384 2380 2385
f 2385 2380 2381
f 2386 2379 2384
f 2385 2381 2387
f 2384 2388 2386
f 2379 2386 2389
f 2389 2163 2379
f 2390 2385 2387
f 2162 2150 2379
f 2163 2162 2379
f 2159 2155 2391
f 2160 2392 2391
f 2155 2160 2391
f 2154 2392 2160
f 2392 2381 2391
f 2381 2159 2391
f 2393 2392 2154
f 2154 2158 2393
f 2394 2158 2161
f 2393 2158 2394
f 2395 2394 2161
f 2381 2392 2396
f 2392 2393 2396
f 2393 2394 2396
f 2395 2396 2394
f 2395 2161 2397
f 2161 1928 2397
f 2396 2387 2381
f 1928 2398 2397
f 2399 2387 2396
f 2387 2399 2390
f 2399 2396 2400
f 2396 2395 2400
f 2164 2401 2165
f 2402 2166 2403
f 2170 2166 2404
f 2402 2404 2166
f 2405 2170 2404
f 2165 2403 1933
f 1933 2403 2166
f 2406 2407 2408
f 2409 2410 2180
f 2411 2410 2412
f 2412 2410 2409
f 2413 2414 2415
f 2398 1928 2168
f 2168 2405 2398
f 2170 2405 2168
f 2170 2167 2166
f 2177 2406 2409
f 2180 2177 2409
f 2406 2177 2176
f 2174 2416 2176
f 2173 2174 2176
f 2407 2406 2176
f 2417 2174 2175
f 2418 2417 2175
f 2416 2419 2407
f 2176 2416 2407
f 2174 2417 2416
f 2408 2407 2419
f 2417 2418 2420
f 2410 2182 2178
f 2183 2181 2182
f 2180 2410 2178
f 2182 2410 2411
f 2183 2182 2421
f 2188 2183 2421
f 2422 2189 2423
f 2182 2411 2414
f 2182 2414 2421
f 2188 2421 2423
f 2421 2414 2413
f 2423 2421 2413
f 2422 2423 2424
f 2424 2425 2422
f 2423 2187 2188
f 2423 2189 2187
f 2426 2427 2428
f 2231 2427 2426
f 2426 2429 2231
f 2418 2175 2194
f 2199 2198 2200
f 2189 2430 2198
f 2430 2200 2198
f 2422 2425 2189
f 2430 2425 2200
f 2425 2430 2189
f 2194 2200 2431
f 2431 2200 2425
f 2228 2227 2225
f 2432 2227 2228
f 2226 2433 2223
f 2433 2226 2243
f 2433 2228 2223
f 2434 2433 2243
f 2243 2435 2434
f 2427 2227 2432
f 2436 2228 2433
f 2435 2437 2434
f 2436 2432 2228
f 2433 2437 2436
f 2437 2433 2434
f 2428 2427 2432
f 2437 2438 2436
f 2231 2429 2232
f 2232 2429 2230
f 2230 2429 2439
f 2427 2231 2227
f 2440 2233 2230
f 2439 2440 2230
f 2441 2233 2440
f 2442 2441 2440
f 2441 2443 2233
f 2243 2241 2435
f 2435 2241 2242
f 2242 2437 2435
f 2438 2437 2242
f 2443 1745 2233
f 2246 1745 2443
f 2443 2247 2246
f 2443 2444 2247
f 2001 2445 2250
f 2250 2251 2249
f 2008 2251 2446
f 2446 2255 2008
f 2446 2251 2447
f 2446 2448 2255
f 2448 2449 2255
f 2251 2250 2447
f 2447 2448 2446
f 2253 1749 2256
f 2450 1751 2254
f 2254 2255 2449
f 2254 2451 2450
f 2256 2257 2452
f 2453 2454 2010
f 2010 1751 2450
f 2010 2450 2453
f 2450 2455 2453
f 2260 2456 2257
f 2260 2259 2266
f 2260 2266 2457
f 2257 2456 2452
f 2260 2458 2456
f 2260 2457 2458
f 2457 2459 2460
f 2457 2461 2458
f 2457 2460 2461
f 2261 2462 2463
f 2462 2464 2463
f 2464 2465 2463
f 2465 2464 2466
f 2015 2010 2454
f 2261 2015 2462
f 2467 2015 2454
f 2462 2015 2467
f 2467 2454 2468
f 2467 2464 2462
f 2469 2265 2470
f 2265 2459 2266
f 2266 2459 2457
f 2459 2469 2460
f 2265 2469 2459
f 2268 2261 2463
f 2268 2471 2472
f 2268 2463 2471
f 2472 2471 2473
f 2471 2463 2474
f 2471 2474 2473
f 2463 2465 2474
f 2031 2030 2475
f 2475 2269 2031
f 2269 2476 2270
f 2269 2475 2477
f 2477 2476 2269
f 2263 2270 2470
f 2270 2476 2470
f 2470 2476 2469
f 2470 2265 2263
f 2267 2478 2274
f 2274 2479 2275
f 2479 2274 2478
f 2479 2478 2480
f 2478 2481 2480
f 2481 2482 2480
f 2478 2267 2481
f 2267 2472 2481
f 2267 2268 2472
f 2472 2473 2481
f 2481 2473 2482
f 2483 2284 2484
f 2284 2483 2285
f 2285 2483 2485
f 2485 2483 2486
f 2486 2487 2485
f 2485 2487 2488
f 2030 2285 2489
f 2485 2490 2285
f 2285 2490 2489
f 2485 2488 2491
f 2485 2491 2490
f 2491 2492 2490
f 2490 2492 2493
f 2475 2030 2489
f 2489 2477 2475
f 2288 2289 2494
f 2291 2275 2495
f 2291 2495 2292
f 2287 2292 2289
f 2292 2495 2496
f 2289 2496 2497
f 2496 2289 2292
f 2496 2498 2499
f 2275 2479 2495
f 2480 2495 2479
f 2496 2495 2480
f 2480 2498 2496
f 2480 2500 2498
f 2480 2482 2500
f 2484 2284 2305
f 2305 2304 2311
f 2484 2305 2311
f 2311 2304 2302
f 2501 2310 2309
f 2483 2484 2486
f 2484 2311 2502
f 2484 2502 2486
f 2502 2311 2310
f 2486 2502 2503
f 2486 2503 2487
f 2487 2504 2488
f 2487 2503 2504
f 2502 2504 2503
f 2504 2502 2310
f 2488 2504 2505
f 2506 2491 2488
f 2506 2488 2505
f 2309 2307 2501
f 2501 2307 2312
f 2504 2310 2507
f 2507 2310 2501
f 2505 2507 2508
f 2505 2504 2507
f 2509 2507 2501
f 2509 2501 2510
f 2508 2507 2509
f 2508 2509 2510
f 2508 2506 2505
f 2508 2511 2512
f 2510 2511 2508
f 2506 2508 2513
f 2512 2513 2508
f 2513 2492 2491
f 2506 2513 2491
f 2514 2513 2512
f 2511 2514 2512
f 2510 2501 2312
f 2312 2062 2515
f 2312 2515 2516
f 2510 2312 2516
f 2511 2510 2517
f 2510 2516 2517
f 2062 2286 2290
f 2518 2062 2290
f 2519 2518 2520
f 2515 2062 2519
f 2062 2518 2519
f 2290 2288 2494
f 2290 2494 2518
f 2518 2494 2520
f 2494 2289 2521
f 2289 2497 2521
f 2494 2521 2520
f 2313 2522 2314
f 2313 2317 2522
f 2523 2314 2522
f 2317 2524 2522
f 2319 2315 2525
f 2526 2318 2070
f 2317 2316 2318
f 2527 2318 2526
f 2070 2100 2526
f 2524 2317 2318
f 2319 2525 1806
f 2525 2320 1806
f 2320 2340 1377
f 2329 2528 2328
f 2529 2329 2323
f 2529 2323 2330
f 2329 2529 2530
f 2530 2529 2531
f 2531 2529 2330
f 2531 2330 2532
f 2528 2329 2530
f 2533 2328 2528
f 2534 2531 2532
f 2528 2535 2533
f 2535 2528 2530
f 2535 2530 2536
f 2536 2530 2531
f 2088 2537 2110
f 2333 2332 2336
f 2333 2336 2335
f 2335 2336 2538
f 2336 2539 2538
f 2098 2337 2540
f 2098 2540 2118
f 2541 2540 2337
f 2542 2540 2541
f 2540 2542 2118
f 2337 2543 2541
f 2544 2366 2361
f 2360 2544 2361
f 2100 2101 2545
f 2545 2101 2338
f 2526 2100 2545
f 2338 2546 2545
f 2546 2338 2547
f 2547 2338 2548
f 2341 2339 2549
f 2549 2339 2340
f 2342 2343 2550
f 2343 2341 2550
f 2551 2549 2340
f 2338 2342 2552
f 2552 2342 2550
f 2548 2338 2552
f 2553 2550 2341
f 2553 2341 2549
f 2553 2549 2551
f 2532 2330 2344
f 2554 2105 2108
f 2554 2108 2555
f 2347 2345 2346
f 2346 2105 2556
f 2556 2105 2554
f 2534 2532 2557
f 2557 2532 2344
f 2344 2347 2557
f 2557 2347 2346
f 2558 2556 2554
f 2555 2558 2554
f 2555 2108 2109
f 2110 2555 2109
f 2348 2336 1862
f 2352 2112 2353
f 2559 2351 2371
f 2559 2560 2351
f 2117 2561 2371
f 2562 2116 2118
f 2116 2561 2117
f 2560 2559 2563
f 2559 2561 2563
f 2564 2116 2562
f 2564 2561 2116
f 2564 2563 2561
f 2565 2564 2562
f 2565 2560 2563
f 2565 2563 2564
f 2566 2562 2567
f 2567 2562 2118
f 2568 2564 2565
f 2568 2565 2564
f 2569 2560 2565
f 2568 2569 2565
f 2355 2141 2570
f 2141 2373 2570
f 2571 2570 2373
f 2366 2572 2364
f 2364 2572 2573
f 2364 2573 2365
f 2574 1711 2368
f 2145 1711 2574
f 2367 2574 2368
f 2573 2367 2365
f 2575 2574 2367
f 2575 2576 2574
f 2576 2145 2574
f 2367 2573 2577
f 2577 2575 2367
f 2572 2578 2573
f 2578 2579 2573
f 2577 2573 2579
f 2580 2581 2582
f 2581 2583 2582
f 2371 2369 2370
f 2117 2371 2370
f 2559 2371 2561
f 2571 2376 2584
f 2571 2373 2376
f 2376 2374 2584
f 2584 2374 2585
f 2585 2374 2586
f 2375 2149 2145
f 2148 2145 2149
f 2587 2375 2145
f 2588 2375 2587
f 2576 2589 2145
f 2374 2375 2586
f 2586 2375 2588
f 2588 2587 2589
f 2589 2587 2145
f 2590 2591 2390
f 2592 2591 2593
f 2593 2591 2594
f 2591 2590 2594
f 2594 2590 2595
f 2596 2592 2593
f 2580 2596 2593
f 2597 2593 2594
f 2597 2594 2595
f 2598 2580 2593
f 2384 2599 2388
f 2599 2389 2388
f 2388 2389 2386
f 2599 2384 2600
f 2599 2601 2389
f 2600 2385 2390
f 2600 2384 2385
f 2599 2600 2601
f 2591 2602 2600
f 2389 2603 2163
f 2600 2390 2591
f 2601 2600 2592
f 2591 2592 2602
f 2592 2600 2602
f 2604 2389 2601
f 2605 2389 2604
f 2592 2596 2580
f 2580 2601 2592
f 2605 2603 2389
f 2601 2580 2582
f 2582 2604 2601
f 2604 2583 2605
f 2605 2606 2603
f 2583 2604 2582
f 2605 2583 2606
f 2603 2606 2164
f 2164 2163 2603
f 2401 2403 2165
f 2401 2607 2403
f 2164 2606 2608
f 2608 2401 2164
f 2609 2390 2399
f 2590 2390 2610
f 2390 2609 2610
f 2611 2610 2609
f 2611 2609 2395
f 2397 2611 2395
f 2610 2595 2590
f 2612 2611 2397
f 2611 2595 2610
f 2597 2595 2611
f 2399 2400 2609
f 2400 2395 2609
f 2397 2398 2613
f 2614 2613 2398
f 2612 2397 2613
f 2402 2403 2615
f 2616 2404 2402
f 2616 2402 2615
f 2404 2617 2405
f 2614 2398 2405
f 2405 2617 2614
f 2607 2615 2403
f 2616 2618 2617
f 2617 2618 2614
f 2616 2617 2404
f 2406 2408 2619
f 2409 2406 2619
f 2409 2619 2620
f 2619 2408 2621
f 2621 2408 2622
f 2623 2624 2619
f 2619 2624 2620
f 2624 2625 2620
f 2623 2619 2621
f 2620 2412 2409
f 2626 2411 2412
f 2414 2411 2627
f 2627 2411 2626
f 2414 2627 2415
f 2628 2627 2626
f 2412 2629 2626
f 2626 2629 2628
f 2415 2627 2628
f 2423 2415 2628
f 2416 2630 2419
f 2417 2630 2416
f 2194 2420 2418
f 2630 2417 2631
f 2631 2417 2420
f 2408 2419 2622
f 2622 2419 2630
f 2194 2431 2420
f 2622 2630 2631
f 2631 2420 2632
f 2431 2633 2634
f 2634 2420 2431
f 2423 2413 2415
f 2425 2424 2635
f 2636 2635 2424
f 2423 2636 2424
f 2637 2635 2638
f 2638 2635 2636
f 2633 2431 2638
f 2638 2431 2637
f 2639 2428 2432
f 2640 2639 2432
f 2640 2432 2641
f 2639 2426 2428
f 2426 2639 2642
f 2429 2426 2642
f 2643 2439 2429
f 2643 2442 2439
f 2642 2643 2429
f 2425 2637 2431
f 2637 2425 2635
f 2438 2644 2436
f 2432 2436 2641
f 2645 2641 2436
f 2645 2436 2644
f 2242 2646 2438
f 2646 2647 2438
f 2442 2440 2439
f 2648 2649 2441
f 2442 2648 2441
f 2649 2443 2441
f 2242 2245 2650
f 2646 2242 2650
f 2649 2444 2443
f 2651 2247 2444
f 2250 2445 2652
f 2247 2651 2445
f 2445 2001 2247
f 2652 2653 2250
f 2445 2654 2652
f 2651 2654 2445
f 2651 2655 2654
f 2655 2656 2654
f 2654 2657 2652
f 1999 2248 2658
f 2248 2252 2658
f 1999 2658 2659
f 2659 2658 2660
f 2250 2653 2447
f 2448 2447 2661
f 2449 2448 2661
f 2662 2663 2661
f 2661 2663 2449
f 2662 2447 2653
f 2661 2447 2662
f 2662 2664 2663
f 2665 2662 2653
f 2665 2666 2662
f 2662 2666 2664
f 2253 2660 2252
f 2252 2660 2658
f 2660 2253 2667
f 2449 2451 2254
f 2449 2663 2451
f 2663 2668 2451
f 2450 2451 2455
f 2668 2669 2451
f 2455 2451 2669
f 2663 2670 2668
f 2664 2670 2663
f 2668 2670 2671
f 2668 2671 2669
f 2671 2672 2669
f 2664 2673 2670
f 2670 2673 2671
f 2674 2673 2664
f 2671 2673 2674
f 2672 2671 2675
f 2672 2675 2676
f 2677 2678 2674
f 2664 2677 2674
f 2671 2674 2679
f 2671 2679 2675
f 2253 2256 2667
f 2256 2452 2680
f 2256 2680 2667
f 2681 2680 2452
f 2456 2681 2452
f 2682 2681 2456
f 2455 2683 2453
f 2454 2453 2683
f 2684 2454 2683
f 2684 2468 2454
f 2684 2683 2685
f 2669 2672 2455
f 2686 2683 2455
f 2686 2455 2672
f 2683 2686 2685
f 2686 2687 2685
f 2687 2688 2685
f 2686 2672 2687
f 2672 2676 2687
f 2682 2456 2458
f 2458 2461 2682
f 2464 2467 2689
f 2464 2689 2466
f 2467 2468 2689
f 2690 2689 2468
f 2691 2466 2689
f 2691 2689 2690
f 2691 2692 2693
f 2690 2692 2691
f 2693 2466 2691
f 2690 2694 2692
f 2685 2468 2684
f 2468 2685 2690
f 2690 2685 2695
f 2469 2696 2460
f 2697 2696 2469
f 2461 2460 2696
f 2465 2466 2698
f 2698 2699 2465
f 2474 2699 2700
f 2474 2465 2699
f 2699 2698 2701
f 2698 2693 2701
f 2701 2700 2699
f 2693 2692 2702
f 2693 2702 2701
f 2700 2701 2703
f 2701 2702 2704
f 2701 2704 2703
f 2698 2466 2693
f 2477 2697 2476
f 2705 2697 2477
f 2705 2477 2489
f 2476 2697 2469
f 2482 2706 2707
f 2482 2707 2708
f 2706 2709 2707
f 2710 2708 2707
f 2482 2473 2706
f 2474 2700 2473
f 2473 2700 2706
f 2700 2703 2706
f 2703 2709 2706
f 2490 2493 2711
f 2492 2712 2493
f 2493 2712 2711
f 2713 2489 2490
f 2713 2490 2711
f 2711 2714 2715
f 2713 2711 2716
f 2715 2716 2711
f 2714 2717 2718
f 2714 2718 2715
f 2718 2717 2719
f 2718 2720 2721
f 2719 2720 2718
f 2489 2713 2705
f 2722 2521 2723
f 2497 2499 2724
f 2497 2496 2499
f 2497 2724 2521
f 2724 2723 2521
f 2499 2725 2724
f 2725 2726 2724
f 2726 2723 2724
f 2726 2725 2727
f 2723 2726 2728
f 2728 2726 2727
f 2728 2729 2723
f 2730 2728 2727
f 2729 2728 2731
f 2499 2498 2500
f 2500 2732 2499
f 2708 2732 2500
f 2499 2732 2725
f 2733 2725 2732
f 2732 2734 2733
f 2733 2727 2725
f 2482 2708 2500
f 2708 2710 2732
f 2513 2514 2492
f 2492 2514 2712
f 2511 2735 2514
f 2735 2511 2736
f 2736 2511 2517
f 2514 2735 2736
f 2712 2714 2711
f 2712 2514 2717
f 2712 2717 2714
f 2717 2514 2736
f 2516 2515 2737
f 2515 2519 2737
f 2517 2516 2738
f 2738 2516 2739
f 2739 2516 2737
f 2736 2517 2717
f 2717 2517 2740
f 2517 2738 2740
f 2740 2738 2739
f 2740 2719 2717
f 2739 2741 2740
f 2742 2741 2739
f 2741 2719 2740
f 2719 2741 2720
f 2520 2722 2743
f 2722 2520 2521
f 2737 2519 2743
f 2519 2520 2743
f 2737 2743 2744
f 2722 2744 2743
f 2737 2744 2739
f 2739 2744 2745
f 2723 2729 2744
f 2745 2742 2739
f 2744 2729 2745
f 2741 2742 2746
f 2745 2729 2742
f 2746 2720 2741
f 2744 2722 2723
f 2747 2523 2522
f 2067 2748 2315
f 2749 2315 2748
f 2749 2525 2315
f 2320 2525 2749
f 2750 2327 2328
f 2328 2751 2750
f 2328 2533 2751
f 2533 2536 2751
f 2527 2524 2318
f 2524 2527 2752
f 2320 2753 2340
f 2753 2551 2340
f 2531 2534 2754
f 2754 2534 2755
f 2536 2533 2535
f 2335 2543 2337
f 2539 2336 2756
f 2538 2757 2335
f 2757 2543 2335
f 2758 2543 2757
f 2759 2760 2756
f 2760 2539 2756
f 2759 2756 2761
f 2762 2757 2538
f 2762 2539 2760
f 2762 2538 2539
f 2763 2567 2764
f 2541 2543 2765
f 2541 2765 2542
f 2765 2118 2542
f 2758 2765 2543
f 2567 2118 2765
f 2764 2567 2765
f 2567 2763 2566
f 2766 2572 2366
f 2766 2366 2544
f 2766 2767 2572
f 2766 2578 2767
f 2767 2578 2572
f 2768 2545 2546
f 2547 2768 2546
f 2547 2548 2768
f 2553 2552 2550
f 2755 2534 2557
f 2769 2755 2557
f 2537 2555 2110
f 2557 2346 2769
f 2769 2346 2556
f 2555 2537 2770
f 2770 2558 2555
f 2769 2556 2771
f 2771 2556 2558
f 2770 2537 2772
f 2773 2769 2771
f 2770 2774 2558
f 2775 2350 2351
f 2775 2351 2560
f 2775 2560 2568
f 2568 2560 2569
f 2761 2756 2336
f 2761 2336 2348
f 2568 2776 2775
f 2777 2761 2348
f 2778 2776 2568
f 2779 2776 2778
f 2776 2779 2775
f 2566 2763 2780
f 2348 2352 2781
f 2566 2780 2778
f 2781 2352 2353
f 2350 2781 2353
f 2779 2778 2780
f 2350 2775 2779
f 2566 2565 2562
f 2778 2565 2566
f 2778 2568 2565
f 2571 2584 2782
f 2570 2571 2783
f 2579 2575 2577
f 2784 2576 2575
f 2575 2579 2784
f 2578 2785 2579
f 2598 2581 2580
f 2786 2787 2581
f 2598 2786 2581
f 2598 2788 2786
f 2788 2789 2786
f 2786 2789 2787
f 2789 2790 2787
f 2788 2598 2791
f 2791 2598 2792
f 2788 2793 2789
f 2793 2790 2789
f 2794 2581 2787
f 2794 2583 2581
f 2794 2795 2583
f 2795 2606 2583
f 2790 2794 2787
f 2790 2795 2794
f 2796 2795 2790
f 2606 2795 2797
f 2584 2585 2782
f 2782 2585 2586
f 2586 2588 2798
f 2798 2588 2799
f 2800 2801 2799
f 2799 2801 2798
f 2802 2782 2586
f 2802 2586 2798
f 2803 2589 2576
f 2784 2803 2576
f 2589 2803 2588
f 2799 2588 2803
f 2800 2803 2784
f 2803 2800 2799
f 2593 2597 2804
f 2597 2805 2804
f 2805 2597 2806
f 2807 2805 2806
f 2598 2593 2804
f 2807 2806 2808
f 2792 2598 2804
f 2792 2804 2805
f 2606 2797 2608
f 2607 2809 2615
f 2809 2810 2615
f 2401 2608 2607
f 2811 2812 2813
f 2814 2812 2624
f 2813 2812 2815
f 2597 2611 2612
f 2806 2597 2612
f 2808 2612 2613
f 2808 2806 2612
f 2616 2615 2810
f 2614 2618 2613
f 2616 2816 2618
f 2816 2616 2810
f 2621 2622 2817
f 2622 2818 2817
f 2818 2622 2819
f 2812 2625 2624
f 2621 2817 2820
f 2818 2820 2817
f 2812 2811 2625
f 2623 2621 2821
f 2621 2820 2821
f 2813 2822 2811
f 2821 2823 2824
f 2623 2821 2824
f 2818 2819 2825
f 2826 2827 2819
f 2625 2412 2620
f 2828 2412 2625
f 2811 2829 2625
f 2625 2829 2828
f 2811 2822 2829
f 2822 2830 2829
f 2829 2830 2828
f 2822 2831 2830
f 2832 2833 2629
f 2629 2833 2834
f 2828 2629 2412
f 2835 2834 2833
f 2836 2834 2835
f 2628 2629 2834
f 2836 2837 2834
f 2837 2628 2834
f 2632 2819 2622
f 2631 2632 2622
f 2819 2632 2826
f 2420 2826 2632
f 2420 2838 2826
f 2826 2838 2839
f 2839 2840 2841
f 2838 2840 2839
f 2634 2838 2420
f 2633 2842 2634
f 2840 2838 2634
f 2840 2634 2842
f 2423 2837 2636
f 2843 2636 2837
f 2843 2844 2636
f 2636 2845 2638
f 2845 2636 2844
f 2837 2423 2628
f 2639 2640 2846
f 2641 2847 2848
f 2640 2641 2848
f 2847 2641 2645
f 2846 2640 2849
f 2639 2846 2642
f 2846 2643 2642
f 2643 2850 2442
f 2851 2850 2643
f 2852 2442 2850
f 2852 2850 2853
f 2853 2854 2852
f 2855 2854 2853
f 2856 2645 2644
f 2438 2856 2644
f 2857 2858 2438
f 2859 2856 2438
f 2858 2859 2438
f 2857 2438 2647
f 2860 2647 2646
f 2860 2646 2861
f 2646 2862 2861
f 2863 2649 2648
f 2442 2852 2648
f 2854 2648 2852
f 2855 2864 2854
f 2864 2648 2854
f 2862 2865 2861
f 2865 2862 2866
f 2867 2649 2863
f 2649 2867 2868
f 2868 2869 2649
f 2444 2649 2869
f 2870 2655 2444
f 2870 2444 2869
f 2870 2656 2655
f 2871 2656 2870
f 2872 2650 2245
f 2862 2650 2872
f 2646 2650 2862
f 2873 2872 2245
f 2873 2245 2244
f 2874 2872 2873
f 2874 2862 2872
f 2875 2873 2876
f 2444 2655 2651
f 2656 2657 2654
f 2657 2656 2877
f 2877 2878 2657
f 2657 2653 2652
f 2657 2878 2653
f 2653 2878 2665
f 2665 2878 2879
f 2879 2880 2665
f 2877 2881 2878
f 2878 2882 2879
f 2881 2882 2878
f 2656 2871 2877
f 2883 2877 2871
f 2883 2881 2877
f 2879 2884 2880
f 2884 2885 2880
f 2881 2886 2882
f 2882 2886 2879
f 2886 2887 2879
f 2879 2887 2884
f 2886 2881 2883
f 2886 2883 2888
f 2887 2889 2884
f 2889 2890 2891
f 2884 2889 2891
f 2888 2883 2892
f 2892 2893 2888
f 2886 2888 2893
f 2889 2887 2893
f 2887 2886 2893
f 1999 2894 2244
f 1999 2659 2894
f 2895 2894 2659
f 2876 2244 2894
f 2873 2244 2876
f 2677 2664 2666
f 2665 2880 2896
f 2896 2666 2665
f 2677 2666 2897
f 2677 2898 2678
f 2896 2897 2666
f 2897 2899 2677
f 2885 2897 2896
f 2885 2899 2897
f 2898 2677 2899
f 2880 2885 2896
f 2899 2885 2900
f 2901 2899 2900
f 2901 2898 2899
f 2884 2902 2885
f 2902 2900 2885
f 2902 2901 2900
f 2903 2898 2901
f 2891 2890 2902
f 2884 2891 2902
f 2904 2902 2890
f 2904 2901 2902
f 2905 2903 2901
f 2905 2906 2903
f 2904 2905 2901
f 2907 2908 2905
f 2908 2906 2905
f 2660 2667 2909
f 2909 2667 2910
f 2667 2680 2910
f 2660 2909 2911
f 2674 2678 2679
f 2912 2687 2676
f 2912 2913 2687
f 2678 2914 2679
f 2914 2675 2679
f 2915 2675 2914
f 2915 2676 2675
f 2915 2912 2676
f 2915 2916 2912
f 2914 2916 2915
f 2916 2913 2912
f 2903 2917 2678
f 2918 2914 2678
f 2917 2918 2678
f 2916 2914 2918
f 2918 2919 2916
f 2906 2918 2917
f 2906 2920 2918
f 2920 2919 2918
f 2919 2921 2913
f 2678 2898 2903
f 2917 2903 2906
f 2681 2922 2680
f 2922 2681 2923
f 2924 2680 2922
f 2923 2925 2922
f 2925 2923 2926
f 2922 2925 2924
f 2687 2913 2688
f 2688 2695 2685
f 2927 2928 2688
f 2913 2927 2688
f 2929 2930 2927
f 2930 2928 2927
f 2913 2916 2919
f 2461 2931 2682
f 2461 2696 2931
f 2681 2682 2923
f 2926 2923 2682
f 2682 2931 2926
f 2694 2932 2933
f 2933 2932 2934
f 2690 2695 2694
f 2688 2928 2695
f 2694 2695 2928
f 2928 2932 2694
f 2928 2930 2932
f 2935 2932 2930
f 2696 2936 2931
f 2931 2936 2937
f 2692 2938 2702
f 2702 2939 2704
f 2702 2940 2939
f 2939 2940 2941
f 2941 2942 2939
f 2943 2704 2939
f 2942 2943 2939
f 2694 2938 2692
f 2694 2933 2938
f 2938 2933 2940
f 2940 2702 2938
f 2934 2944 2933
f 2944 2940 2933
f 2944 2941 2940
f 2697 2705 2945
f 2946 2945 2705
f 2945 2946 2947
f 2946 2948 2949
f 2947 2946 2949
f 2936 2696 2697
f 2945 2936 2697
f 2707 2950 2710
f 2951 2710 2952
f 2953 2952 2954
f 2951 2952 2953
f 2953 2954 2955
f 2955 2954 2956
f 2953 2955 2957
f 2709 2703 2958
f 2959 2707 2709
f 2950 2707 2959
f 2703 2960 2958
f 2709 2958 2959
f 2959 2961 2950
f 2952 2710 2950
f 2962 2958 2960
f 2958 2962 2959
f 2954 2950 2961
f 2954 2952 2950
f 2961 2959 2962
f 2963 2964 2962
f 2964 2961 2962
f 2961 2964 2954
f 2956 2954 2964
f 2960 2703 2704
f 2704 2943 2960
f 2960 2943 2962
f 2716 2715 2948
f 2948 2715 2965
f 2965 2715 2718
f 2721 2720 2746
f 2713 2716 2705
f 2718 2721 2746
f 2716 2948 2705
f 2946 2705 2948
f 2742 2729 2731
f 2730 2731 2728
f 2742 2731 2966
f 2967 2731 2730
f 2731 2967 2966
f 2746 2742 2966
f 2965 2718 2746
f 2966 2968 2746
f 2965 2949 2948
f 2949 2965 2969
f 2965 2970 2969
f 2970 2965 2746
f 2969 2970 2968
f 2969 2968 2966
f 2968 2970 2746
f 2969 2947 2949
f 2947 2969 2971
f 2969 2972 2973
f 2966 2972 2969
f 2727 2733 2734
f 2727 2734 2730
f 2967 2974 2975
f 2730 2974 2967
f 2975 2974 2966
f 2966 2967 2975
f 2972 2974 2973
f 2974 2972 2966
f 2732 2710 2734
f 2710 2951 2734
f 2951 2730 2734
f 2953 2730 2951
f 2974 2730 2957
f 2730 2953 2957
f 2523 2747 2314
f 2976 2522 2524
f 2752 2976 2524
f 2314 2747 2977
f 2978 2522 2976
f 2979 2748 2067
f 2980 2748 2979
f 2980 2749 2748
f 2320 2749 2980
f 2314 2977 2067
f 2977 2979 2067
f 2536 2981 2982
f 2751 2536 2982
f 2983 2982 2981
f 2984 2983 2981
f 2985 2982 2984
f 2982 2983 2984
f 2986 2984 2981
f 2086 2327 2987
f 2987 2988 2086
f 2982 2750 2751
f 2988 2987 2989
f 2086 2988 2989
f 2750 2987 2327
f 2989 2987 2990
f 2991 2987 2750
f 2750 2985 2991
f 2750 2982 2985
f 2992 2752 2527
f 2992 2527 2526
f 2993 2992 2526
f 2993 2526 2545
f 2993 2545 2768
f 2976 2752 2992
f 2994 2551 2753
f 2754 2536 2531
f 2995 2536 2754
f 2981 2536 2995
f 2986 2981 2995
f 2986 2995 2996
f 2996 2995 2754
f 2997 2754 2755
f 2997 2755 2998
f 2997 2996 2754
f 2537 2088 2999
f 2989 2088 2086
f 2989 2990 2999
f 2989 2999 2088
f 2762 2758 2757
f 3000 2360 2363
f 3000 2363 2355
f 2360 3000 2544
f 3001 2355 2570
f 3002 2768 2548
f 3003 2553 2551
f 2769 3004 2755
f 2773 3004 2769
f 2998 2755 3005
f 3004 3005 2755
f 3005 3004 2773
f 3006 2773 2771
f 3006 2771 2558
f 2772 2774 2770
f 3006 2558 2774
f 2773 3006 2772
f 2772 3006 2774
f 3007 3008 3009
f 3009 3008 3010
f 3010 3008 3011
f 3012 3010 3011
f 3009 3010 3013
f 3010 3012 3013
f 3013 3012 3014
f 2350 2779 3015
f 2780 3015 2779
f 3007 2761 2777
f 3007 2777 3008
f 3008 2777 2348
f 2781 3008 2348
f 3008 2781 3011
f 2781 2350 3011
f 2350 3016 3011
f 2780 3016 3015
f 3015 3016 2350
f 2780 2763 3017
f 3016 3018 3011
f 3019 2780 3017
f 3019 3018 2780
f 3018 3016 2780
f 3011 3018 3019
f 3019 3020 3011
f 3012 3021 3014
f 3011 3021 3012
f 3021 3011 3020
f 2571 2782 3022
f 3001 2570 2783
f 3001 2783 3023
f 2571 3023 2783
f 3024 3023 2571
f 2571 3022 3024
f 3022 2782 3025
f 3026 2784 2579
f 2801 2784 3026
f 3027 2579 2785
f 2792 2805 3028
f 3029 2793 2788
f 2796 2790 2793
f 2788 2791 3030
f 3030 3029 2788
f 3029 3031 2793
f 3031 2796 2793
f 3030 3032 3029
f 3032 3031 3029
f 3033 3031 3032
f 3033 2796 3031
f 3030 2791 3034
f 3034 3032 3030
f 3035 3036 3033
f 3032 3035 3033
f 2796 3037 2795
f 2797 2795 3038
f 2795 3037 3038
f 3038 3037 3039
f 3039 2797 3038
f 3039 3040 2797
f 3037 3041 3039
f 3039 3041 3040
f 3041 3037 2796
f 2796 3033 3036
f 3036 3041 2796
f 3041 3036 3042
f 3041 3042 3043
f 3042 3044 3043
f 2802 2798 2801
f 2800 2784 2801
f 2801 3045 2802
f 2782 2802 3045
f 2807 3046 2805
f 3028 2805 3046
f 2807 2808 3047
f 3048 3047 2808
f 3048 3049 3050
f 3047 3048 3050
f 3051 3050 3049
f 3052 3053 3054
f 2797 3055 2608
f 3055 3056 2608
f 2608 3056 2607
f 2607 3056 2809
f 3040 3055 2797
f 3057 2810 2809
f 3055 3040 3056
f 3058 3056 3040
f 3058 2809 3056
f 3059 2809 3058
f 3059 3057 2809
f 3059 3060 3057
f 3041 3061 3040
f 3040 3061 3058
f 3061 3059 3058
f 3053 3060 3059
f 3041 3043 3061
f 3062 3059 3061
f 3063 3059 3062
f 3054 3059 3063
f 3054 3053 3059
f 2623 2814 2624
f 2812 2814 2815
f 2814 2623 2824
f 2815 2814 3064
f 2815 3064 3065
f 3066 2814 3067
f 3064 2814 3066
f 3064 3066 3068
f 3069 3064 3068
f 3064 3069 3070
f 3071 3072 2828
f 2808 2613 3048
f 3049 3048 2613
f 2613 2618 3049
f 3049 2618 3073
f 3073 3051 3049
f 3051 3073 3052
f 3052 3054 3051
f 2810 3074 2816
f 2816 3074 2618
f 3057 3074 2810
f 3073 2618 3075
f 3074 3075 2618
f 3060 3075 3074
f 3060 3074 3057
f 3075 3060 3052
f 3052 3073 3075
f 3060 3053 3052
f 2823 2820 3076
f 2818 3077 3076
f 2820 2818 3076
f 3077 2825 3078
f 3077 2818 2825
f 2825 2827 3078
f 3078 2827 3079
f 3076 3077 3080
f 3081 3078 3079
f 3080 3077 3078
f 3082 3080 3078
f 3076 3080 3083
f 3081 3084 3085
f 3079 3084 3081
f 2823 2821 2820
f 3065 2813 2815
f 3086 2813 3065
f 2822 2813 2831
f 2831 2813 3086
f 3087 2831 3086
f 2825 2819 2827
f 2827 2826 3088
f 3089 2826 2839
f 3089 3088 2826
f 3089 2839 3090
f 2839 2841 3090
f 3065 3091 3086
f 3086 3091 3092
f 3087 3086 3093
f 3090 3086 3092
f 3086 3090 3093
f 3093 3090 2841
f 3064 3091 3065
f 3094 3092 3095
f 3095 3092 3091
f 3096 3092 3094
f 3092 3096 3090
f 3088 3079 2827
f 3088 3089 3096
f 3096 3089 3090
f 2841 3097 3093
f 3091 3064 3095
f 3070 3094 3095
f 3096 3079 3088
f 3095 3064 3070
f 3094 3079 3096
f 3094 3084 3079
f 3085 3094 3098
f 3085 3084 3094
f 3099 3098 3094
f 3099 3094 3070
f 3087 3100 2831
f 2831 3100 2830
f 2830 3100 3101
f 3101 2828 2830
f 3087 3101 3100
f 3101 3102 2828
f 3102 3071 2828
f 3101 3087 3103
f 3104 3101 3103
f 3105 3103 3087
f 3105 3087 3093
f 3106 3105 3093
f 3093 3097 3106
f 3104 3103 3107
f 3101 3104 3107
f 3102 3101 3107
f 3105 3107 3103
f 3106 3108 3105
f 3097 3108 3106
f 3109 3108 3097
f 3108 3109 3110
f 3111 3105 3108
f 3111 3107 3105
f 3112 3110 2842
f 3113 2836 2835
f 3113 2843 2837
f 3113 3114 2843
f 3114 2844 2843
f 3115 2833 2832
f 3115 2835 2833
f 2835 3116 3113
f 3116 3114 3113
f 3114 3116 3117
f 2828 3072 2629
f 3118 3116 2835
f 3119 3117 3116
f 3119 3120 3117
f 3072 3121 2629
f 2629 3121 2832
f 3119 3116 3118
f 3122 3120 3119
f 2835 3115 3118
f 3113 2837 2836
f 2840 3097 2841
f 3109 3097 2840
f 2842 3109 2840
f 3110 3109 2842
f 2842 2633 3112
f 2638 2845 3123
f 2845 2844 3123
f 3114 3124 2844
f 2638 3125 2633
f 3125 2638 3123
f 3124 3123 2844
f 3117 3124 3114
f 3124 3117 3123
f 3123 3117 3120
f 3126 2633 3125
f 3123 3127 3125
f 2849 3128 2846
f 2645 2856 3129
f 3129 2847 2645
f 2856 3130 3129
f 2849 2640 2848
f 3128 2643 2846
f 3131 2643 3128
f 3131 2851 2643
f 2853 2850 2851
f 3132 3133 2853
f 3134 2853 3133
f 2853 2851 3135
f 3136 2853 3135
f 2853 3136 3132
f 3136 3137 3132
f 2851 3131 3135
f 3135 3138 3136
f 3137 3138 3139
f 3136 3138 3137
f 3140 3137 3139
f 3135 3131 3141
f 3142 3138 3135
f 3142 3139 3138
f 3141 3142 3135
f 3139 3143 3140
f 2853 3134 2855
f 3144 3145 3146
f 3146 3147 3144
f 3147 2868 3144
f 3148 3149 2868
f 3130 2856 2859
f 2859 2858 3130
f 2857 2647 3150
f 3151 3143 3152
f 2860 3153 3154
f 2861 3153 2860
f 2647 2860 3155
f 3133 3154 3156
f 2860 3154 3155
f 3157 3133 3132
f 3133 3157 3154
f 3158 3155 3157
f 3154 3157 3155
f 3155 3158 2647
f 3137 3140 3157
f 3132 3137 3157
f 3151 3157 3140
f 3157 3151 3158
f 3143 3151 3140
f 3159 2864 2855
f 2855 3160 3159
f 2864 3161 2648
f 2648 3161 3162
f 3163 3159 3160
f 2864 3159 3161
f 3154 3153 3156
f 2861 3163 3153
f 2865 3163 2861
f 3164 2866 2862
f 2855 3134 3165
f 3165 3134 3133
f 2855 3165 3160
f 3160 3165 3133
f 3160 3133 3156
f 3163 3160 3156
f 3159 3163 3166
f 3159 3166 3167
f 3163 3156 3153
f 3163 2865 3168
f 3163 3168 3169
f 3168 2865 2866
f 3168 2866 3164
f 3169 3168 3164
f 3159 3167 3170
f 3159 3170 3161
f 3170 3167 3171
f 3169 3166 3163
f 3166 3169 3167
f 3170 3171 3172
f 3161 3170 3172
f 3173 3169 3164
f 3174 3172 3171
f 3167 3174 3171
f 3174 3167 3173
f 3173 3167 3169
f 3172 3174 3175
f 3176 3172 3175
f 3175 3174 3173
f 3177 3175 3173
f 3162 2863 2648
f 3145 2867 3162
f 3162 2867 2863
f 3161 3145 3162
f 2867 3145 3144
f 3144 2868 2867
f 3172 3145 3161
f 3178 3145 3172
f 3145 3178 3146
f 3179 3177 3173
f 3180 3146 3178
f 3180 3178 3172
f 3177 3179 3181
f 3176 3180 3172
f 3149 3182 2868
f 3149 3183 3182
f 3182 2869 2868
f 3182 3184 2869
f 3183 3185 3182
f 3186 2871 2870
f 2871 3187 2883
f 3188 2871 3186
f 3188 3187 2871
f 3188 3189 3187
f 3190 3188 3186
f 2869 3186 2870
f 3190 3186 2869
f 3191 3188 3190
f 3191 3189 3188
f 3191 3190 3192
f 3191 3192 3193
f 3190 2869 3194
f 3194 2869 3184
f 3194 3195 3190
f 3195 3192 3190
f 3196 3193 3192
f 3189 3191 3197
f 3198 3191 3193
f 3198 3197 3191
f 3197 3198 3199
f 3198 3193 3196
f 3200 3199 3198
f 3201 3199 3200
f 2874 3164 2862
f 3173 3164 2874
f 2875 2874 2873
f 3179 3173 2874
f 3179 2874 2875
f 3202 3179 2875
f 3181 3179 3202
f 2876 3203 2875
f 3204 2875 3203
f 3205 3202 2875
f 3205 2875 3204
f 3206 3207 3208
f 3204 3203 3209
f 3206 3208 3203
f 3187 3189 2883
f 3189 2892 2883
f 2890 2889 3210
f 2889 2893 3210
f 3189 3197 2892
f 3211 2893 2892
f 2893 3211 3212
f 3210 2893 3212
f 3211 2892 3197
f 3213 3214 3210
f 3211 3197 3199
f 3199 3213 3211
f 3213 3212 3211
f 3213 3210 3212
f 3213 3215 3214
f 3213 3216 3217
f 3213 3199 3216
f 3218 3215 3213
f 3201 3216 3199
f 3219 3218 3213
f 3219 3220 3218
f 3221 3216 3201
f 3217 3219 3213
f 2894 3203 2876
f 3222 2895 2659
f 2894 2895 3206
f 3206 3203 2894
f 2659 2660 2911
f 3222 2659 3223
f 2911 3223 2659
f 3223 2911 3224
f 3225 3224 2911
f 2909 3225 2911
f 3206 2895 3222
f 3226 3222 3227
f 3224 3222 3223
f 3225 3228 3224
f 3206 3222 3226
f 3226 3227 3229
f 3227 3222 3230
f 3230 3224 3231
f 3222 3224 3230
f 3231 3224 3228
f 3207 3206 3226
f 3226 3229 3207
f 3229 3227 3230
f 3230 3231 3232
f 3231 3228 3233
f 3233 3232 3231
f 3233 3234 3232
f 3230 3235 3229
f 3232 3235 3230
f 3232 3234 3236
f 3207 3229 3237
f 3229 3235 3237
f 3232 3236 3235
f 2907 2904 2890
f 2907 2905 2904
f 2890 3238 2907
f 3238 3239 2907
f 2908 2907 3240
f 3214 2890 3210
f 3214 3238 2890
f 3241 2907 3239
f 3240 2907 3241
f 3215 3238 3214
f 3215 3220 3238
f 3220 3239 3238
f 3220 3241 3239
f 3218 3220 3215
f 3242 3243 3241
f 3242 3241 3220
f 3243 3244 3240
f 3243 3240 3241
f 3245 3242 3246
f 3246 3242 3220
f 3245 3243 3242
f 3245 3244 3243
f 3219 3246 3220
f 2925 3247 2924
f 2909 2680 3248
f 2910 2680 2909
f 3249 2909 3248
f 2924 3248 2680
f 3249 3225 2909
f 3250 3248 2924
f 3250 3225 3249
f 3248 3250 3249
f 3247 3250 2924
f 3250 3228 3225
f 3247 3228 3250
f 3228 3247 3251
f 3234 3233 3252
f 3228 3252 3233
f 3251 3252 3228
f 3253 2919 2920
f 2921 2919 3253
f 3254 2921 3253
f 2920 3255 3253
f 3255 3254 3253
f 3244 3255 2920
f 3245 3256 3244
f 3257 3256 3258
f 3256 3257 3244
f 3257 3259 3244
f 3260 3236 3252
f 3236 3234 3252
f 3252 3261 3260
f 2908 2920 2906
f 3244 2920 2908
f 3240 3244 2908
f 2925 3262 3247
f 2925 2926 3262
f 3262 3263 3247
f 2929 2927 2921
f 2921 3264 2929
f 3264 3265 3266
f 3266 2929 3264
f 3266 3267 2929
f 3265 3268 3266
f 3268 3269 3266
f 3269 3267 3266
f 3247 3263 3251
f 3270 3268 3265
f 3271 3269 3268
f 2921 2927 2913
f 3264 2921 3254
f 3254 3255 3265
f 3254 3265 3264
f 3244 3265 3255
f 3259 3265 3244
f 3259 3270 3265
f 2926 2931 2937
f 2926 2937 3262
f 2937 3263 3262
f 2937 3272 3263
f 3273 2934 2932
f 3274 3275 3273
f 3273 3275 2934
f 2934 3275 3276
f 3274 3267 3277
f 3274 3277 3275
f 3275 3277 3276
f 3277 3267 3278
f 3278 3279 3277
f 3279 3276 3277
f 3279 3280 3276
f 3269 3279 3278
f 2929 2935 2930
f 2935 3273 2932
f 3267 2935 2929
f 2935 3267 3274
f 3274 3273 2935
f 3269 3278 3267
f 3281 3279 3269
f 3282 2937 2936
f 2937 3282 3283
f 3284 3285 3286
f 2937 3283 3287
f 3288 3283 3289
f 3286 3285 3290
f 3287 3291 3272
f 3292 3291 3288
f 3291 3287 3288
f 3287 3283 3288
f 3289 3290 3288
f 3293 3290 3289
f 3294 2942 2941
f 2944 3294 2941
f 3295 2942 3294
f 3295 2943 2942
f 3294 3296 3297
f 3296 3294 2944
f 3297 3295 3294
f 3296 2944 3298
f 3296 3280 3299
f 3280 3296 3298
f 3299 3297 3296
f 3300 3284 3297
f 3299 3300 3297
f 3300 3285 3284
f 3280 3301 3299
f 3299 3301 3302
f 3302 3300 3299
f 3300 3302 3285
f 3303 3301 3280
f 3303 3302 3301
f 3304 3305 3302
f 3305 3285 3302
f 3298 2944 2934
f 2934 3276 3298
f 3276 3280 3298
f 2936 2945 3282
f 2947 3282 2945
f 3282 2947 3306
f 2971 3307 3306
f 3307 2971 2973
f 3307 2973 3308
f 3309 2955 2956
f 3309 3310 2955
f 2957 3310 2974
f 2955 3310 2957
f 2974 3310 3311
f 3310 3309 3311
f 3283 3282 3306
f 3283 3306 3289
f 3289 3306 3307
f 3308 3311 3312
f 3309 3312 3311
f 3286 3312 3309
f 2973 2974 3308
f 3311 3308 2974
f 3307 3313 3289
f 3308 3313 3307
f 3313 3308 3289
f 3289 3308 3293
f 3312 3293 3308
f 2963 3314 2964
f 2956 2964 3314
f 3314 3286 2956
f 2956 3286 3309
f 3284 3286 3314
f 3290 3293 3312
f 3286 3290 3312
f 2943 2963 2962
f 3295 2963 2943
f 3314 2963 3297
f 3297 2963 3295
f 3284 3314 3297
f 2971 3306 2947
f 2971 2969 2973
f 2978 2747 2522
f 2747 2978 3315
f 2753 2320 2980
f 2985 2984 3316
f 2985 3316 3317
f 2984 2986 3318
f 3318 2986 3319
f 3320 3317 3316
f 3316 2984 3318
f 3321 3318 3319
f 3317 2991 2985
f 3322 2990 2987
f 3323 2990 3322
f 2991 3322 2987
f 2991 3324 3322
f 2991 3317 3324
f 3324 3317 3325
f 3322 3324 3326
f 3326 3323 3322
f 3327 2762 2760
f 2762 3327 3328
f 3328 2758 2762
f 3329 2993 2768
f 2768 3002 3329
f 3330 2992 2993
f 2976 2992 3331
f 3330 3331 2992
f 2993 3332 3330
f 2993 3329 3332
f 3333 3334 3329
f 3335 3331 3330
f 3334 3333 3336
f 3337 3336 3333
f 3338 3335 3330
f 3338 3330 3332
f 3339 3338 3332
f 3334 3332 3329
f 3340 3332 3334
f 3341 3334 3336
f 3336 3337 3342
f 3343 3003 3344
f 3344 3003 2551
f 2994 3344 2551
f 3345 2994 2753
f 3342 3337 3343
f 3346 2997 2998
f 2998 3347 3346
f 3348 2996 2997
f 3319 2986 2996
f 3346 3348 2997
f 3349 3346 3347
f 3319 2996 3348
f 3323 2999 2990
f 2537 2999 3323
f 2759 2761 3350
f 3351 2759 3350
f 3327 2760 2759
f 3327 2759 3352
f 3352 2759 3351
f 3353 3327 3352
f 3354 3351 3350
f 2758 3355 2765
f 3356 3357 3358
f 2765 3355 2764
f 3359 2763 2764
f 3360 3000 3357
f 3000 2355 3001
f 3357 3000 3001
f 3357 3001 3358
f 3001 3023 3358
f 2766 2544 3361
f 3361 2578 2766
f 3362 2785 2578
f 2548 2552 3333
f 3329 3002 3333
f 3002 2548 3333
f 3333 2552 3337
f 2552 2553 3003
f 3337 2552 3003
f 3003 3343 3337
f 3005 2773 3363
f 3347 2998 3005
f 3364 3363 2773
f 3364 2773 2772
f 3347 3005 3363
f 3365 3363 3364
f 3349 3347 3363
f 2772 3366 3367
f 2537 3366 2772
f 3364 2772 3368
f 3368 2772 3367
f 3364 3368 3367
f 3367 3366 3364
f 3365 3364 3368
f 3365 3368 3364
f 3350 2761 3007
f 3013 3007 3009
f 3369 3007 3013
f 3369 3013 3014
f 3350 3007 3370
f 3370 3007 3369
f 3371 3370 3369
f 3371 3369 3014
f 3371 3014 3369
f 3372 3371 3369
f 3019 3017 3021
f 3021 3020 3019
f 3021 3017 3373
f 3369 3014 3021
f 3359 3017 2763
f 3023 3374 3358
f 3373 3375 3021
f 3021 3375 3369
f 3359 3376 3017
f 3376 3373 3017
f 3376 3375 3373
f 3374 3356 3358
f 3377 3375 3376
f 3375 3377 3369
f 3378 3379 3380
f 3023 3024 3379
f 3022 3025 3024
f 3379 3024 3380
f 3380 3024 3025
f 3380 3025 3381
f 3381 3025 2782
f 3023 3379 3374
f 3045 3381 2782
f 3378 3380 3381
f 3027 3382 2579
f 3382 3026 2579
f 3382 3383 3026
f 3383 2801 3026
f 2801 3384 3045
f 3384 2801 3383
f 2791 3385 3034
f 3385 2791 2792
f 3032 3386 3035
f 3035 3387 3388
f 3388 3036 3035
f 3034 3386 3032
f 3386 3387 3035
f 3389 3387 3386
f 3390 3388 3387
f 3390 3387 3389
f 3388 3390 3044
f 3390 3391 3044
f 3392 3044 3391
f 3042 3036 3388
f 3042 3388 3044
f 3044 3392 3043
f 3393 3394 3395
f 3046 2807 3047
f 3396 3046 3047
f 3396 3047 3050
f 3397 3046 3396
f 3046 3398 3028
f 3046 3397 3399
f 3397 3400 3399
f 3054 3401 3051
f 3400 3396 3050
f 3063 3402 3054
f 3054 3402 3401
f 3396 3400 3397
f 3402 3063 3403
f 3403 3063 3062
f 3050 3051 3400
f 3051 3402 3400
f 3051 3401 3402
f 3062 3404 3405
f 3403 3062 3405
f 3405 3402 3403
f 3405 3404 3406
f 3407 3400 3402
f 3408 3405 3406
f 3408 3409 3405
f 3407 3402 3409
f 3409 3402 3405
f 3404 3392 3406
f 3043 3392 3061
f 3404 3061 3392
f 3061 3404 3062
f 3410 3393 3395
f 2823 3076 3411
f 3410 3412 3413
f 3410 3413 3393
f 3412 3410 3411
f 3412 3411 3414
f 3412 3414 3413
f 3411 3076 3415
f 3416 3083 3082
f 3417 3418 2814
f 2824 3417 2814
f 3418 3067 2814
f 2824 3411 3417
f 3418 3419 3067
f 2824 2823 3411
f 3410 3395 3417
f 3417 3395 3418
f 3417 3411 3410
f 3419 3418 3395
f 3067 3420 3421
f 3069 3421 3422
f 3070 3069 3099
f 3420 3067 3419
f 3099 3069 3422
f 3394 3419 3395
f 3394 3420 3419
f 3423 3098 3099
f 3067 3068 3066
f 3068 3067 3421
f 3068 3421 3069
f 3102 3424 3071
f 3424 3072 3071
f 3425 3102 3107
f 3425 3426 3102
f 3424 3102 3426
f 3427 3425 3107
f 3107 3428 3427
f 3426 3425 3429
f 3425 3427 3429
f 2832 3121 3430
f 3431 3121 3072
f 3115 3430 3432
f 3082 3433 3416
f 3085 3434 3081
f 3083 3080 3082
f 3078 3433 3082
f 3435 3081 3434
f 3436 3433 3078
f 3081 3436 3078
f 3434 3098 3435
f 3435 3436 3081
f 3098 3434 3085
f 3437 3111 3108
f 3438 3437 3108
f 3438 3108 3110
f 3438 3110 3112
f 3428 3107 3111
f 3438 3439 3437
f 3439 3438 3112
f 3440 3428 3111
f 3440 3111 3437
f 3441 3428 3440
f 3439 3440 3437
f 3442 3119 3118
f 3442 3122 3119
f 3115 2832 3430
f 3443 3122 3442
f 3444 3442 3118
f 3444 3443 3442
f 3443 3445 3122
f 3445 3120 3122
f 3445 3127 3120
f 3445 3446 3127
f 3447 3112 2633
f 3446 3445 3127
f 3115 3444 3118
f 3448 3443 3444
f 3448 3444 3115
f 3449 3443 3448
f 2849 2848 3450
f 2849 3450 3451
f 3128 2849 3451
f 3452 3128 3451
f 3128 3452 3453
f 3453 3131 3128
f 3131 3453 3454
f 3141 3131 3454
f 3455 3141 3454
f 3141 3455 3456
f 3452 3454 3453
f 3454 3452 3457
f 3456 3455 3458
f 3127 3123 3120
f 3126 3125 3445
f 3127 3445 3125
f 3447 2633 3126
f 3459 2847 3129
f 2857 3460 2858
f 3129 3130 3459
f 3461 3152 3143
f 3142 3141 3456
f 3142 3456 3458
f 3458 3461 3142
f 3460 2857 3150
f 3460 3150 3462
f 3462 3150 3463
f 3464 3461 3458
f 3464 3152 3461
f 3152 3462 3463
f 3142 3461 3139
f 3461 3143 3139
f 3147 3146 3465
f 3465 3146 3180
f 3466 3180 3467
f 3147 3465 3468
f 3465 3180 3466
f 3469 3470 3147
f 3468 3465 3471
f 2868 3147 3472
f 3472 3473 2868
f 3148 2868 3473
f 3473 3474 3148
f 3148 3474 3475
f 3476 3473 3472
f 3147 3476 3472
f 3473 3477 3474
f 3476 3147 3470
f 3473 3476 3478
f 3477 3473 3478
f 3477 3478 3479
f 3477 3479 3480
f 3481 3475 3474
f 3477 3481 3474
f 3477 3480 3481
f 3482 3483 3484
f 3483 3485 3486
f 3487 3488 3486
f 3485 3487 3486
f 3158 3151 3152
f 3158 3463 2647
f 3152 3463 3158
f 3463 3150 2647
f 3489 3175 3177
f 3489 3176 3175
f 3490 3467 3176
f 3490 3176 3489
f 3490 3489 3177
f 3467 3180 3176
f 3491 3492 3493
f 3494 3491 3493
f 3495 3496 3497
f 3495 3498 3496
f 3491 3494 3498
f 3491 3499 3500
f 3202 3491 3500
f 3479 3497 3480
f 3181 3500 3501
f 3501 3500 3499
f 3502 3491 3498
f 3502 3498 3495
f 3475 3149 3148
f 3475 3503 3149
f 3503 3504 3149
f 3149 3504 3183
f 3505 3503 3475
f 3504 3503 3505
f 3506 3505 3475
f 3505 3507 3504
f 3506 3508 3505
f 3508 3507 3505
f 3481 3480 3475
f 3506 3475 3509
f 3509 3508 3506
f 3507 3510 3504
f 3507 3508 3511
f 3508 3509 3494
f 3511 3508 3512
f 3494 3493 3508
f 3508 3493 3513
f 3480 3509 3475
f 3496 3509 3480
f 3496 3494 3509
f 3511 3512 3510
f 3511 3510 3507
f 3512 3508 3514
f 3508 3513 3514
f 3480 3497 3496
f 3496 3498 3494
f 3182 3515 3184
f 3504 3185 3183
f 3182 3185 3515
f 3483 3184 3515
f 3504 3515 3185
f 3516 3184 3483
f 3484 3483 3515
f 3516 3483 3486
f 3510 3517 3515
f 3504 3510 3515
f 3484 3517 3482
f 3484 3515 3517
f 3510 3518 3517
f 3518 3510 3512
f 3519 3517 3518
f 3519 3482 3517
f 3512 3514 3520
f 3521 3512 3520
f 3196 3192 3195
f 3522 3523 3195
f 3523 3196 3195
f 3194 3184 3516
f 3195 3194 3488
f 3516 3488 3194
f 3522 3195 3488
f 3524 3523 3522
f 3488 3516 3486
f 3522 3488 3487
f 3487 3525 3522
f 3526 3524 3522
f 3527 3198 3196
f 3201 3200 3221
f 3527 3196 3523
f 3527 3200 3198
f 3528 3527 3523
f 3200 3527 3528
f 3528 3221 3200
f 3528 3529 3221
f 3523 3524 3528
f 3530 3528 3524
f 3528 3530 3529
f 3530 3524 3526
f 3531 3530 3526
f 3529 3530 3531
f 3531 3532 3529
f 3533 3531 3526
f 3532 3534 3529
f 3500 3181 3202
f 3205 3492 3202
f 3491 3202 3492
f 3205 3535 3493
f 3535 3209 3536
f 3204 3535 3205
f 3209 3535 3204
f 3205 3493 3492
f 3493 3535 3513
f 3513 3535 3536
f 3537 3536 3209
f 3538 3536 3514
f 3538 3513 3536
f 3513 3538 3514
f 3208 3209 3203
f 3209 3208 3537
f 3539 3537 3208
f 3207 3539 3208
f 3539 3540 3537
f 3540 3539 3541
f 3514 3536 3520
f 3536 3542 3520
f 3537 3542 3536
f 3521 3520 3542
f 3543 3537 3540
f 3539 3207 3544
f 3544 3545 3546
f 3544 3546 3541
f 3545 3547 3546
f 3541 3539 3544
f 3541 3546 3548
f 3548 3546 3547
f 3548 3549 3550
f 3547 3549 3548
f 3550 3549 3551
f 3552 3540 3541
f 3548 3552 3541
f 3217 3216 3221
f 3529 3217 3221
f 3529 3219 3217
f 3219 3553 3246
f 3534 3553 3219
f 3534 3219 3529
f 3534 3554 3553
f 3551 3553 3554
f 3551 3549 3553
f 3237 3235 3555
f 3256 3556 3557
f 3236 3555 3235
f 3555 3236 3558
f 3256 3245 3556
f 3557 3558 3256
f 3236 3260 3558
f 3558 3260 3258
f 3558 3258 3256
f 3207 3237 3544
f 3237 3555 3544
f 3544 3555 3545
f 3545 3555 3557
f 3557 3556 3549
f 3557 3549 3547
f 3558 3557 3555
f 3545 3557 3547
f 3553 3245 3246
f 3556 3553 3549
f 3553 3556 3245
f 3252 3251 3261
f 3251 3559 3261
f 3261 3559 3560
f 3260 3261 3258
f 3261 3560 3258
f 3560 3270 3258
f 3258 3270 3259
f 3257 3258 3259
f 3559 3263 3561
f 3263 3559 3251
f 3270 3271 3268
f 3271 3562 3269
f 3562 3281 3269
f 3560 3559 3563
f 3560 3563 3270
f 3563 3271 3270
f 3559 3564 3563
f 3559 3565 3564
f 3271 3563 3564
f 3559 3561 3565
f 3565 3561 3566
f 3565 3566 3564
f 3566 3567 3564
f 3564 3567 3562
f 3564 3562 3271
f 3281 3562 3567
f 3272 3561 3263
f 2937 3287 3272
f 3561 3272 3568
f 3561 3568 3569
f 3561 3569 3566
f 3566 3569 3570
f 3569 3568 3570
f 3281 3280 3279
f 3566 3570 3567
f 3570 3303 3567
f 3567 3303 3281
f 3272 3291 3571
f 3571 3291 3572
f 3291 3292 3572
f 3572 3292 3573
f 3292 3290 3573
f 3573 3572 3574
f 3290 3292 3288
f 3290 3572 3573
f 3285 3572 3290
f 3568 3272 3571
f 3303 3280 3281
f 3571 3572 3568
f 3572 3573 3571
f 3573 3574 3571
f 3571 3574 3568
f 3304 3568 3574
f 3303 3568 3304
f 3302 3303 3304
f 3305 3574 3572
f 3574 3305 3304
f 3572 3285 3305
f 3568 3571 3570
f 3568 3572 3571
f 3568 3570 3571
f 3303 3570 3568
f 3575 2978 2976
f 2747 3576 2977
f 2978 3575 3315
f 2747 3315 3576
f 3331 3575 2976
f 3576 3577 2977
f 2979 2977 3578
f 3578 2980 2979
f 3578 2753 2980
f 3345 2753 3578
f 3577 3579 2977
f 3578 2977 3579
f 3578 3579 3580
f 3321 3319 3581
f 3316 3582 3320
f 3320 3325 3317
f 3582 3316 3318
f 3583 3325 3320
f 3582 3318 3584
f 3320 3585 3583
f 3586 3325 3583
f 3585 3582 3584
f 3585 3320 3582
f 3584 3318 3321
f 3587 3321 3581
f 3325 3588 3324
f 3324 3588 3326
f 3589 3326 3588
f 3589 3323 3326
f 3325 3586 3588
f 3588 3586 3589
f 3328 3327 3353
f 3328 3355 2758
f 3590 3355 3328
f 3591 3328 3353
f 3591 3592 3328
f 3328 3592 3590
f 3590 3592 3593
f 3351 3594 3352
f 3594 3353 3352
f 3591 3353 3594
f 3595 3331 3335
f 3332 3340 3339
f 3340 3334 3341
f 3336 3342 3596
f 3597 3341 3598
f 3341 3336 3598
f 3598 3596 3599
f 3596 3598 3336
f 3600 3335 3338
f 3341 3601 3340
f 3601 3341 3597
f 3602 3597 3598
f 3595 3335 3600
f 3339 3600 3338
f 3602 3598 3599
f 3601 3339 3340
f 3603 3602 3599
f 3604 3344 2994
f 3344 3604 3342
f 3344 3342 3343
f 3604 3599 3342
f 3342 3599 3596
f 3605 3604 2994
f 3603 3599 3604
f 3605 3603 3604
f 3581 3319 3348
f 3606 3348 3346
f 3581 3348 3606
f 3365 3607 3608
f 3609 3606 3346
f 3609 3346 3349
f 3610 3606 3609
f 3349 3608 3609
f 3610 3609 3611
f 3612 3611 3609
f 3613 3609 3608
f 3613 3612 3609
f 3613 3608 3607
f 3323 3614 2537
f 3614 3366 2537
f 3615 3366 3614
f 3365 3615 3607
f 2764 3590 3616
f 3590 3593 3616
f 3617 3351 3354
f 3618 3354 3350
f 3619 3617 3354
f 3354 3618 3619
f 3616 3620 3359
f 3619 3618 3621
f 3616 3359 2764
f 3360 3622 3000
f 3000 3622 3623
f 3590 2764 3355
f 3623 2544 3000
f 3623 3624 2544
f 2544 3624 3361
f 2578 3361 3362
f 3625 3361 3624
f 3625 3362 3361
f 3608 3349 3363
f 3608 3363 3365
f 3615 3364 3366
f 3615 3365 3364
f 3372 3369 3626
f 3377 3626 3369
f 3627 3370 3371
f 3627 3371 3372
f 3626 3628 3372
f 3627 3372 3628
f 3628 3626 3359
f 3627 3628 3629
f 3359 3629 3628
f 3618 3350 3370
f 3370 3630 3618
f 3630 3370 3627
f 3631 3630 3627
f 3621 3618 3630
f 3632 3629 3359
f 3629 3631 3627
f 3359 3626 3376
f 3356 3374 3633
f 3633 3374 3379
f 3626 3377 3376
f 3633 3379 3378
f 3634 3633 3378
f 3633 3635 3356
f 3357 3356 3635
f 3636 3635 3633
f 3637 3633 3634
f 3637 3634 3638
f 3634 3639 3638
f 3633 3637 3636
f 3640 3637 3638
f 3635 3636 3641
f 3636 3637 3640
f 3640 3638 3642
f 3638 3639 3642
f 3640 3641 3636
f 3381 3045 3384
f 3384 3383 3643
f 3381 3634 3378
f 3643 3383 3644
f 3634 3381 3639
f 3384 3639 3381
f 3645 3384 3643
f 3639 3384 3645
f 3645 3642 3639
f 3646 3642 3645
f 3644 3383 3382
f 3647 3648 2792
f 2792 3028 3647
f 3398 3647 3028
f 3649 3389 3386
f 3649 3390 3389
f 3650 3392 3391
f 3650 3651 3392
f 3652 3414 3653
f 3413 3414 3652
f 3413 3652 3654
f 3654 3393 3413
f 3655 3393 3654
f 3393 3655 3656
f 3394 3393 3656
f 3394 3656 3657
f 3421 3394 3657
f 3423 3421 3657
f 3407 3399 3400
f 3046 3658 3398
f 3658 3046 3399
f 3399 3407 3659
f 3659 3407 3660
f 3398 3658 3661
f 3409 3406 3662
f 3408 3406 3409
f 3407 3409 3663
f 3392 3651 3406
f 3651 3662 3406
f 3407 3663 3660
f 3409 3662 3660
f 3409 3660 3663
f 3664 3651 3665
f 3664 3660 3662
f 3664 3662 3651
f 3666 3664 3665
f 3666 3660 3664
f 3667 3416 3436
f 3415 3668 3653
f 3415 3669 3670
f 3083 3416 3671
f 3671 3416 3667
f 3667 3436 3672
f 3415 3076 3669
f 3076 3083 3669
f 3414 3411 3653
f 3411 3415 3653
f 3672 3673 3674
f 3394 3421 3420
f 3421 3675 3422
f 3099 3675 3423
f 3422 3675 3099
f 3676 3675 3421
f 3677 3098 3423
f 3677 3435 3098
f 3672 3435 3677
f 3421 3423 3676
f 3423 3675 3676
f 3673 3672 3677
f 3426 3429 3424
f 3424 3431 3072
f 3678 3431 3424
f 3429 3678 3424
f 3679 3427 3680
f 3429 3427 3679
f 3681 3121 3431
f 3681 3430 3121
f 3430 3682 3432
f 3683 3682 3430
f 3684 3685 3431
f 3431 3685 3681
f 3430 3681 3686
f 3430 3686 3683
f 3684 3431 3678
f 3681 3685 3686
f 3687 3688 3686
f 3688 3683 3686
f 3436 3416 3433
f 3435 3672 3436
f 3680 3428 3441
f 3689 3440 3439
f 3680 3427 3428
f 3690 3441 3440
f 3690 3440 3689
f 3691 3447 3126
f 3692 3690 3689
f 3692 3689 3439
f 3112 3692 3439
f 3693 3441 3690
f 3447 3694 3692
f 3692 3112 3447
f 3693 3690 3692
f 3694 3693 3692
f 3432 3682 3115
f 3682 3449 3448
f 3115 3682 3448
f 3449 3445 3443
f 3445 3695 3126
f 3449 3446 3445
f 3445 3446 3695
f 3691 3126 3695
f 3683 3449 3682
f 3695 3446 3449
f 3696 3449 3683
f 3696 3695 3449
f 3457 3452 3451
f 2847 3697 2848
f 3698 3450 2848
f 3698 3451 3450
f 3697 2847 3699
f 3699 2847 3459
f 2848 3697 3700
f 3700 3697 3699
f 3701 3699 3459
f 3698 2848 3700
f 3702 3698 3700
f 3702 3700 3699
f 3703 3699 3701
f 3454 3704 3455
f 3454 3457 3705
f 3454 3705 3704
f 3455 3704 3706
f 3706 3458 3455
f 3707 3708 3706
f 3709 3705 3457
f 3710 3711 3712
f 3713 3714 3711
f 3715 3459 3130
f 3701 3715 3130
f 3715 3701 3459
f 3701 3130 2858
f 3716 3152 3464
f 3462 3717 3460
f 3716 3462 3152
f 3458 3706 3464
f 3706 3718 3464
f 3718 3716 3464
f 3716 3717 3462
f 3718 3706 3708
f 3719 3471 3466
f 3719 3466 3467
f 3720 3719 3467
f 3721 3720 3467
f 3710 3719 3720
f 3471 3465 3466
f 3147 3468 3469
f 3471 3719 3468
f 3468 3719 3712
f 3468 3712 3469
f 3712 3714 3469
f 3470 3469 3714
f 3712 3711 3714
f 3470 3714 3722
f 3712 3719 3710
f 3470 3478 3476
f 3470 3722 3478
f 3478 3722 3723
f 3478 3723 3479
f 3722 3724 3723
f 3725 3723 3724
f 3723 3725 3479
f 3722 3714 3726
f 3724 3722 3726
f 3727 3725 3724
f 3714 3728 3726
f 3727 3729 3725
f 3729 3730 3725
f 3731 3482 3519
f 3482 3732 3483
f 3482 3731 3732
f 3519 3518 3731
f 3732 3733 3483
f 3483 3733 3485
f 3732 3734 3735
f 3735 3733 3732
f 3734 3732 3731
f 3736 3485 3733
f 3731 3518 3737
f 3738 3525 3487
f 3525 3739 3740
f 3485 3738 3487
f 3740 3739 3741
f 3738 3742 3525
f 3739 3525 3742
f 3739 3742 3741
f 3741 3742 3743
f 3742 3738 3744
f 3745 3742 3744
f 3742 3745 3743
f 3746 3745 3744
f 3743 3745 3747
f 3736 3738 3485
f 3745 3746 3747
f 3721 3467 3490
f 3490 3177 3748
f 3748 3749 3490
f 3750 3721 3490
f 3749 3750 3490
f 3751 3749 3748
f 3751 3748 3752
f 3753 3721 3750
f 3748 3177 3181
f 3499 3502 3501
f 3752 3748 3181
f 3752 3181 3501
f 3729 3754 3501
f 3499 3491 3502
f 3495 3497 3730
f 3479 3725 3497
f 3725 3730 3497
f 3501 3502 3495
f 3501 3495 3730
f 3729 3501 3730
f 3755 3518 3512
f 3755 3512 3521
f 3756 3755 3521
f 3756 3521 3757
f 3757 3521 3758
f 3758 3521 3542
f 3518 3755 3737
f 3756 3737 3755
f 3759 3756 3757
f 3758 3759 3757
f 3760 3759 3758
f 3760 3543 3761
f 3543 3760 3758
f 3762 3761 3543
f 3761 3762 3763
f 3764 3756 3759
f 3760 3764 3759
f 3765 3760 3761
f 3764 3766 3756
f 3740 3522 3525
f 3522 3740 3526
f 3740 3533 3526
f 3741 3767 3768
f 3769 3768 3770
f 3741 3743 3767
f 3770 3768 3767
f 3771 3769 3770
f 3747 3767 3743
f 3771 3772 3769
f 3773 3774 3762
f 3762 3774 3763
f 3770 3767 3747
f 3773 3772 3774
f 3533 3532 3531
f 3554 3534 3532
f 3533 3740 3768
f 3768 3532 3533
f 3554 3532 3768
f 3740 3741 3768
f 3768 3769 3554
f 3537 3543 3542
f 3543 3758 3542
f 3769 3772 3551
f 3552 3543 3540
f 3551 3772 3550
f 3548 3550 3552
f 3552 3762 3543
f 3550 3762 3552
f 3772 3773 3550
f 3550 3773 3762
f 3769 3551 3554
f 3775 3776 3777
f 3315 3775 3777
f 3315 3777 3778
f 3778 3576 3315
f 3579 3577 3779
f 3579 3779 3580
f 3580 3779 3780
f 3781 3331 3595
f 3781 3595 3782
f 3783 3781 3782
f 3775 3315 3575
f 3775 3575 3776
f 3784 3575 3331
f 3784 3776 3575
f 3784 3331 3781
f 3785 3578 3580
f 3785 3345 3578
f 3780 3785 3580
f 3786 3584 3321
f 3787 3583 3585
f 3787 3584 3786
f 3787 3585 3584
f 3587 3786 3321
f 3788 3589 3586
f 3589 3789 3323
f 3788 3790 3589
f 3791 3792 3594
f 3791 3594 3351
f 3793 3620 3593
f 3591 3794 3592
f 3593 3592 3795
f 3793 3593 3795
f 3362 3625 3796
f 3797 3782 3595
f 3601 3597 3798
f 3798 3597 3602
f 3339 3595 3600
f 3798 3602 3799
f 3799 3602 3603
f 3797 3595 3339
f 3798 3800 3601
f 3800 3798 3799
f 3801 3797 3339
f 3601 3801 3339
f 3801 3601 3800
f 3799 3603 3802
f 3801 3800 3803
f 3803 3800 3799
f 3804 3797 3801
f 3799 3802 3803
f 3805 2994 3345
f 3805 3605 2994
f 3805 3802 3605
f 3802 3603 3605
f 3587 3581 3806
f 3806 3581 3807
f 3807 3581 3606
f 3807 3606 3610
f 3808 3807 3610
f 3611 3808 3610
f 3611 3612 3809
f 3612 3810 3809
f 3607 3615 3811
f 3810 3612 3613
f 3810 3613 3607
f 3611 3809 3808
f 3607 3809 3810
f 3809 3607 3811
f 3806 3807 3812
f 3809 3813 3808
f 3807 3808 3812
f 3814 3809 3811
f 3323 3789 3614
f 3615 3614 3789
f 3789 3815 3615
f 3816 3617 3619
f 3816 3791 3617
f 3817 3816 3619
f 3817 3619 3621
f 3818 3817 3621
f 3816 3817 3819
f 3820 3819 3817
f 3818 3820 3817
f 3791 3816 3821
f 3821 3816 3822
f 3823 3820 3818
f 3823 3818 3824
f 3351 3617 3791
f 3593 3620 3616
f 3818 3621 3631
f 3825 3632 3359
f 3826 3818 3631
f 3632 3827 3826
f 3632 3826 3631
f 3620 3825 3359
f 3826 3824 3818
f 3632 3825 3827
f 3828 3635 3641
f 3622 3360 3357
f 3357 3635 3828
f 3622 3357 3828
f 3829 3828 3641
f 3362 3796 2785
f 3830 3027 2785
f 3385 2792 3831
f 3385 3831 3832
f 3831 2792 3648
f 3831 3833 3832
f 3832 3034 3385
f 3832 3386 3034
f 3834 3386 3832
f 3834 3649 3386
f 3632 3631 3629
f 3621 3630 3631
f 3835 3641 3640
f 3836 3835 3640
f 3836 3640 3642
f 3836 3642 3646
f 3835 3836 3837
f 3837 3836 3646
f 3837 3646 3838
f 3839 3829 3641
f 3835 3839 3641
f 3646 3645 3840
f 3840 3645 3643
f 3841 3382 3027
f 3644 3382 3841
f 3644 3840 3643
f 3841 3840 3644
f 3842 3840 3841
f 3840 3838 3646
f 3843 3841 3027
f 3843 3842 3841
f 3027 3838 3840
f 3027 3842 3844
f 3027 3842 3843
f 3027 3844 3842
f 3842 3027 3840
f 3647 3845 3648
f 3647 3398 3845
f 3846 3661 3399
f 3399 3847 3846
f 3847 3848 3846
f 3848 3847 3846
f 3651 3650 3665
f 3665 3650 3849
f 3849 3850 3665
f 3849 3851 3850
f 3852 3650 3391
f 3853 3854 3652
f 3853 3652 3653
f 3668 3855 3653
f 3853 3653 3856
f 3856 3653 3855
f 3652 3854 3857
f 3857 3654 3652
f 3858 3654 3859
f 3858 3655 3654
f 3655 3860 3656
f 3657 3656 3860
f 3861 3657 3860
f 3423 3657 3861
f 3862 3423 3861
f 3862 3863 3423
f 3864 3860 3655
f 3658 3399 3661
f 3666 3850 3851
f 3665 3850 3666
f 3666 3851 3660
f 3851 3659 3660
f 3846 3847 3851
f 3847 3399 3851
f 3659 3851 3399
f 3670 3855 3668
f 3865 3855 3866
f 3855 3865 3867
f 3867 3865 3667
f 3670 3669 3866
f 3669 3083 3866
f 3415 3670 3668
f 3866 3083 3868
f 3868 3083 3671
f 3868 3671 3667
f 3670 3866 3855
f 3865 3866 3868
f 3667 3672 3869
f 3667 3865 3868
f 3667 3869 3870
f 3871 3674 3673
f 3674 3871 3672
f 3863 3677 3423
f 3672 3872 3869
f 3872 3672 3871
f 3873 3874 3875
f 3876 3684 3678
f 3429 3876 3678
f 3429 3877 3876
f 3429 3878 3877
f 3878 3429 3679
f 3875 3679 3680
f 3878 3679 3875
f 3874 3878 3875
f 3879 3686 3685
f 3684 3880 3685
f 3879 3685 3880
f 3687 3879 3880
f 3686 3879 3687
f 3687 3881 3688
f 3687 3880 3882
f 3882 3883 3687
f 3883 3881 3687
f 3883 3884 3688
f 3883 3688 3881
f 3684 3885 3880
f 3880 3885 3882
f 3886 3884 3883
f 3457 3887 3888
f 3888 3887 3889
f 3890 3888 3889
f 3875 3441 3693
f 3875 3680 3441
f 3694 3891 3693
f 3873 3875 3693
f 3891 3873 3693
f 3694 3873 3891
f 3696 3683 3688
f 3696 3892 3695
f 3892 3893 3695
f 3691 3695 3894
f 3893 3892 3894
f 3893 3894 3695
f 3884 3696 3688
f 3892 3691 3894
f 3696 3884 3892
f 3884 3691 3892
f 3895 3691 3884
f 3886 3895 3884
f 3896 3897 3898
f 3899 3898 3897
f 3900 3901 3899
f 3897 3902 3899
f 3900 3899 3902
f 3903 3902 3897
f 3897 3904 3903
f 3897 3896 3904
f 3896 3905 3904
f 3906 3904 3905
f 3905 3907 3906
f 3906 3903 3904
f 3451 3698 3901
f 3901 3698 3702
f 3898 3699 3896
f 3896 3699 3703
f 3451 3908 3887
f 3887 3457 3451
f 3908 3451 3901
f 3901 3702 3898
f 3898 3702 3699
f 3900 3908 3901
f 3901 3898 3899
f 3888 3709 3457
f 3909 3709 3888
f 3905 3910 3907
f 3911 3907 3910
f 3717 3911 3460
f 3704 3705 3709
f 3706 3704 3707
f 3912 3707 3704
f 3913 3708 3707
f 3708 3914 3718
f 3912 3913 3707
f 3704 3709 3912
f 3915 3708 3913
f 3914 3708 3915
f 3709 3909 3912
f 3909 3916 3912
f 3916 3915 3913
f 3912 3916 3913
f 3917 3918 3710
f 3710 3918 3919
f 3917 3710 3720
f 3710 3919 3711
f 3919 3713 3711
f 3918 3713 3919
f 3728 3714 3920
f 3921 3920 3714
f 3713 3921 3714
f 3922 3920 3921
f 3701 3896 3703
f 3910 3896 3701
f 3701 2858 3910
f 3905 3896 3910
f 3460 3910 2858
f 3716 3914 3717
f 3911 3910 3460
f 3716 3718 3914
f 3923 3721 3753
f 3720 3721 3923
f 3924 3720 3923
f 3728 3925 3726
f 3926 3927 3727
f 3927 3729 3727
f 3926 3727 3925
f 3728 3920 3925
f 3928 3925 3920
f 3928 3926 3925
f 3927 3754 3729
f 3929 3927 3930
f 3927 3929 3754
f 3930 3926 3928
f 3927 3926 3930
f 3922 3928 3920
f 3726 3925 3724
f 3724 3925 3727
f 3731 3737 3931
f 3932 3933 3931
f 3737 3932 3931
f 3934 3734 3731
f 3934 3731 3931
f 3935 3931 3933
f 3936 3738 3736
f 3936 3744 3738
f 3746 3744 3936
f 3771 3747 3746
f 3747 3771 3937
f 3749 3753 3750
f 3938 3749 3751
f 3938 3751 3939
f 3940 3939 3751
f 3941 3938 3939
f 3754 3942 3501
f 3940 3751 3752
f 3942 3940 3752
f 3501 3942 3752
f 3940 3942 3754
f 3943 3754 3929
f 3943 3940 3754
f 3929 3930 3944
f 3929 3944 3943
f 3941 3939 3943
f 3939 3940 3943
f 3932 3737 3756
f 3932 3756 3766
f 3933 3932 3766
f 3945 3933 3766
f 3764 3945 3766
f 3760 3765 3764
f 3765 3761 3946
f 3761 3763 3946
f 3764 3765 3947
f 3947 3765 3946
f 3771 3770 3937
f 3937 3770 3747
f 3948 3772 3771
f 3948 3946 3772
f 3946 3763 3774
f 3946 3774 3772
f 3949 3779 3577
f 3583 3787 3950
f 3951 3950 3787
f 3951 3952 3950
f 3952 3953 3950
f 3950 3953 3586
f 3954 3952 3951
f 3786 3955 3956
f 3787 3956 3951
f 3952 3954 3953
f 3951 3956 3954
f 3797 3783 3782
f 3784 3781 3783
f 3797 3957 3783
f 3957 3784 3783
f 3958 3784 3957
f 3804 3957 3797
f 3958 3776 3784
f 3959 3785 3780
f 3785 3959 3345
f 3345 3959 3960
f 3960 3961 3345
f 3787 3786 3956
f 3950 3586 3583
f 3953 3788 3586
f 3955 3786 3587
f 3953 3954 3790
f 3587 3806 3962
f 3963 3962 3806
f 3964 3789 3790
f 3788 3953 3790
f 3790 3789 3589
f 3591 3965 3794
f 3594 3792 3965
f 3965 3591 3594
f 3821 3792 3791
f 3966 3792 3821
f 3967 3821 3822
f 3794 3965 3968
f 3792 3969 3970
f 3965 3792 3970
f 3965 3970 3968
f 3969 3966 3967
f 3969 3792 3966
f 3967 3966 3821
f 3968 3971 3794
f 3971 3972 3794
f 3973 3969 3967
f 3972 3592 3794
f 3592 3972 3795
f 3974 3620 3793
f 3975 3976 3977
f 3978 3793 3795
f 3979 3974 3793
f 3980 3624 3981
f 3980 3625 3624
f 3622 3976 3623
f 3977 3981 3624
f 3796 3980 3981
f 3980 3796 3625
f 3975 3977 3624
f 3623 3975 3624
f 3623 3976 3975
f 3982 3796 3981
f 3796 3982 3983
f 2785 3983 3830
f 3977 3984 3981
f 3984 3982 3981
f 3983 2785 3796
f 3803 3802 3985
f 3985 3802 3986
f 3987 3803 3985
f 3803 3987 3801
f 3987 3804 3801
f 3804 3987 3988
f 3986 3989 3985
f 3988 3987 3985
f 3990 3988 3985
f 3990 3985 3989
f 3805 3345 3991
f 3802 3805 3991
f 3986 3802 3991
f 3961 3986 3991
f 3961 3991 3345
f 3815 3811 3615
f 3992 3812 3808
f 3808 3813 3992
f 3813 3809 3814
f 3993 3992 3813
f 3815 3814 3811
f 3814 3993 3813
f 3994 3812 3992
f 3963 3806 3812
f 3995 3994 3992
f 3996 3814 3815
f 3995 3992 3993
f 3994 3963 3812
f 3814 3996 3993
f 3995 3963 3994
f 3963 3995 3997
f 3822 3816 3819
f 3998 3820 3823
f 3998 3823 3824
f 3822 3819 3999
f 3999 3819 3820
f 4000 3998 3824
f 3999 3820 3998
f 4000 3827 3998
f 4000 3824 3826
f 3826 3827 4000
f 4001 4002 3844
f 4003 4002 4001
f 4003 4004 4002
f 4005 3027 3830
f 4005 4001 3027
f 4001 3844 3027
f 3832 3833 3834
f 4006 3833 3831
f 4006 3831 4007
f 3648 4008 4007
f 3831 3648 4007
f 3845 4008 3648
f 3834 4009 3649
f 4010 3833 4006
f 4010 4006 4007
f 3649 4009 4011
f 3649 4011 3390
f 3390 4011 3391
f 4011 3852 3391
f 4012 3854 3853
f 3839 3835 4013
f 3837 3838 4014
f 3027 4014 3838
f 4014 3835 3837
f 3027 4002 4014
f 3027 3844 4002
f 4013 3835 4014
f 4014 4004 4013
f 4002 4004 4014
f 3845 4015 4008
f 3661 3845 3398
f 3846 4016 3848
f 3848 4016 3846
f 4017 3848 4016
f 4017 4016 4018
f 3848 4018 4016
f 3845 3661 4015
f 4019 3661 3846
f 3846 3848 4019
f 4015 3661 4019
f 4017 4019 3848
f 3852 3849 3650
f 3851 3848 3846
f 3849 3848 3851
f 3856 4020 4021
f 4012 3856 4021
f 4020 3867 4022
f 4022 3867 4023
f 3854 4024 3857
f 3859 3857 4024
f 3859 3654 3857
f 3859 4024 4025
f 3856 4012 3853
f 4025 4026 3859
f 3856 3855 4020
f 3855 3867 4020
f 4027 4026 4025
f 4028 4027 4025
f 3858 4029 3655
f 3858 4030 4029
f 4029 4031 3655
f 4026 4032 3859
f 4032 3858 3859
f 4030 3858 4032
f 4033 4034 4031
f 4032 4026 4027
f 4035 4030 4032
f 4029 4030 4033
f 4031 4029 4033
f 4027 4035 4032
f 4035 4033 4030
f 4027 4036 4035
f 4031 3864 3655
f 3860 3864 4037
f 3860 4037 3861
f 3864 4031 4034
f 4037 3864 4034
f 4038 4039 4040
f 4041 4039 4038
f 4042 4043 4039
f 4041 4042 4039
f 4044 3667 3870
f 4023 3867 3667
f 4045 4023 3667
f 4046 4047 3870
f 3869 4048 3870
f 4046 3870 4048
f 4049 4048 3869
f 4046 4048 4049
f 3863 3673 3677
f 4050 3673 3863
f 4050 3871 3673
f 4051 3871 4050
f 4052 4053 3874
f 4052 3874 4054
f 4054 3874 3873
f 4053 3878 3874
f 4054 3873 4055
f 4056 3878 4053
f 4057 4053 4052
f 3877 4056 4038
f 4058 4038 4056
f 4058 4056 4053
f 4057 4058 4053
f 4059 4057 4052
f 4054 4060 4052
f 4060 4054 4055
f 4061 4058 4057
f 4061 4038 4058
f 4059 4052 4062
f 4060 4062 4052
f 4060 4063 4062
f 3877 4040 3876
f 4040 4064 3876
f 4064 4043 3876
f 4043 3684 3876
f 4043 4065 3684
f 4038 4040 3877
f 4056 3877 3878
f 4039 4064 4040
f 4039 4043 4064
f 3882 3885 4066
f 4065 3885 3684
f 3885 4065 4067
f 4066 3885 4067
f 4067 4068 4066
f 3882 4068 3883
f 3882 4066 4068
f 4069 3886 4068
f 3886 3883 4068
f 4065 4043 4070
f 4067 4065 4070
f 4067 4070 4071
f 4071 4068 4067
f 4071 4072 4068
f 4068 4072 4069
f 3886 4069 4072
f 4073 4074 3902
f 3887 4075 3889
f 3889 4076 3890
f 3908 4077 3887
f 3887 4077 4075
f 4077 4078 4075
f 4075 4078 3889
f 4076 3889 4078
f 4079 4078 4077
f 4080 3890 4076
f 3908 3900 4074
f 4079 4081 4078
f 4081 4076 4078
f 3890 4082 3888
f 4082 3909 3888
f 3909 4082 4083
f 3909 4083 4084
f 4083 4085 4084
f 4082 3890 4080
f 4082 4086 4083
f 4080 4086 4082
f 4083 4086 4085
f 4060 4055 4063
f 3694 4055 3873
f 4055 3694 4087
f 3694 3447 4087
f 4063 4055 4087
f 3447 3691 4087
f 4088 4063 4087
f 3691 4088 4087
f 4089 3691 3895
f 3902 3903 4090
f 3900 3902 4074
f 4090 3903 3906
f 4090 3906 3907
f 3907 3911 4091
f 4092 4090 3907
f 4093 3914 3915
f 4093 4094 3914
f 4094 3717 3914
f 4084 3916 3909
f 4095 3915 3916
f 4095 4093 3915
f 4084 4095 3916
f 4084 4094 4095
f 4094 4093 4095
f 3717 4096 3911
f 4097 3717 4094
f 4094 4084 4085
f 4098 4094 4099
f 4098 4097 4094
f 4100 3911 4096
f 3918 3917 4101
f 4101 3917 3720
f 3918 4101 4102
f 3924 4101 3720
f 4102 4101 4103
f 4102 4103 4104
f 4104 3918 4102
f 4103 4101 3924
f 4105 3924 4106
f 4104 4103 4107
f 4104 3713 3918
f 4103 4108 4107
f 4105 4108 3924
f 4108 4103 3924
f 4109 4104 4107
f 4104 4109 3713
f 4110 3928 3922
f 3735 3734 4111
f 3735 4111 4112
f 4113 4112 4111
f 4112 4113 4114
f 4113 4115 4116
f 4113 4116 4114
f 4112 4117 3733
f 3735 4112 3733
f 4117 3736 3733
f 3936 3736 4118
f 4112 4114 4117
f 4118 3736 4117
f 4119 4117 4114
f 4117 4120 4118
f 4119 4120 4117
f 4118 4120 4121
f 4121 4120 4122
f 4106 3924 3923
f 3923 4123 4106
f 3753 4123 3923
f 4124 4123 3753
f 4124 3753 3749
f 3938 4124 3749
f 3941 4125 4126
f 4125 3944 3930
f 3943 3944 4125
f 3943 4125 3941
f 4110 4125 3930
f 3928 4110 3930
f 4125 4127 4126
f 4128 4125 4110
f 4125 4128 4127
f 3935 3933 4129
f 4111 3734 3934
f 4111 3934 4115
f 4115 3934 3931
f 4115 3931 4130
f 4130 3931 3935
f 4115 4113 4111
f 4131 4132 3935
f 4131 3935 4133
f 4133 3935 4134
f 4135 4133 4134
f 4131 4133 4135
f 3936 4121 4122
f 4122 3771 3936
f 4121 3936 4118
f 3746 3936 3771
f 4129 3933 3945
f 3945 3764 4129
f 3947 4129 3764
f 4129 3947 4135
f 4134 3935 4129
f 4134 4129 4135
f 3771 4136 3948
f 3948 4136 3946
f 3949 3577 3576
f 4137 3777 3776
f 4137 3778 3777
f 4138 4137 3776
f 3958 4138 3776
f 4139 3780 3779
f 3780 4139 3959
f 3959 4139 4140
f 3949 4141 3779
f 4141 4139 3779
f 4140 4139 4141
f 4140 4142 3959
f 3790 3954 4143
f 4143 4144 3790
f 3956 3955 4145
f 4145 3955 3587
f 4145 3587 4146
f 4147 3956 4145
f 4147 4145 4146
f 3972 3971 4148
f 3972 4148 4149
f 4150 4151 3977
f 3976 4150 3977
f 4152 3958 3957
f 4153 4152 3957
f 4153 3957 3804
f 4154 4152 4153
f 4154 4153 3804
f 4155 3804 3988
f 3804 4156 4154
f 3989 3961 4157
f 4156 3804 4155
f 4158 3990 3989
f 4159 4158 3989
f 4157 4159 3989
f 4157 3961 3960
f 3960 3959 4142
f 4159 3960 4142
f 4159 4157 3960
f 4159 4160 4157
f 4159 4157 4160
f 4146 3587 3962
f 4146 3962 4161
f 4161 3962 3997
f 4162 4161 3997
f 4163 3789 3964
f 4162 3997 4164
f 3964 3790 4163
f 4163 3996 3789
f 4162 4164 4165
f 4166 4161 4162
f 4165 3996 4167
f 4163 4167 3996
f 4144 4163 3790
f 4168 4166 4162
f 4165 4168 4162
f 4167 4169 4165
f 3970 3969 3973
f 4170 3967 3822
f 4170 3822 3999
f 4171 3973 3967
f 3967 4170 4171
f 3979 3793 3978
f 3972 4149 4172
f 4172 3795 3972
f 3795 4172 3978
f 4172 4149 4173
f 4172 4173 3978
f 4174 3979 3978
f 4175 3979 4174
f 3974 3979 4175
f 4173 4149 4176
f 4177 3978 4173
f 4177 4174 3978
f 3984 3977 4151
f 3976 3622 4176
f 4176 4177 4173
f 4177 4176 3622
f 4177 4178 4174
f 4177 3622 4179
f 4179 3622 3828
f 4178 4175 4174
f 4177 4176 4178
f 4180 4175 4178
f 4181 3828 4180
f 4180 4182 4175
f 4183 3976 4176
f 4176 4177 4178
f 4180 4179 4181
f 4179 3828 4181
f 4182 4180 4184
f 3983 4185 3830
f 3983 3982 4185
f 4185 4186 3830
f 4010 4187 3833
f 3834 3833 4187
f 4187 4188 3834
f 4188 4189 3834
f 3834 4189 4009
f 3989 3986 3961
f 3990 4155 3988
f 3997 3962 3963
f 4164 3997 3995
f 3993 4164 3995
f 3996 3815 3789
f 4164 3993 4165
f 3996 4165 3993
f 4190 3999 3998
f 4191 4190 3998
f 4191 3998 3827
f 4190 4192 3999
f 3825 4193 3827
f 4175 4193 3825
f 4175 4182 4193
f 4184 4193 4182
f 4175 3620 3974
f 4175 3825 3620
f 3829 3839 4194
f 4180 3828 3829
f 3829 4194 4180
f 4001 4005 4186
f 4186 4005 3830
f 3849 3852 4195
f 3849 4195 4196
f 4197 3849 4196
f 4195 3852 4011
f 4198 4199 4200
f 4012 4021 4201
f 4199 4025 4024
f 4199 4198 4025
f 4028 4025 4198
f 4198 4200 4202
f 4198 4203 4204
f 4198 4202 4203
f 4205 4206 4207
f 4208 4206 4205
f 4033 4209 4210
f 4210 4034 4033
f 4211 4037 4034
f 4209 4212 4210
f 4211 4034 4210
f 4212 4209 4206
f 4211 4213 4037
f 4208 4212 4206
f 4208 4214 4212
f 4212 4214 4210
f 4015 4215 4216
f 4217 4216 4215
f 4218 4015 4216
f 4219 4218 4216
f 4217 4018 4216
f 4018 4219 4216
f 4015 4019 4215
f 4215 4019 4217
f 4019 4017 4217
f 4017 4018 4217
f 3848 3849 4197
f 4220 4021 4020
f 4020 4221 4220
f 4020 4022 4221
f 4222 4220 4221
f 4221 4022 4223
f 4220 4222 4224
f 4222 4221 4223
f 4224 4222 4225
f 4222 4223 4225
f 4201 4021 4220
f 4224 4201 4220
f 4226 4044 4227
f 4228 4225 4223
f 4229 4228 4223
f 4223 4226 4229
f 4230 4226 4227
f 4227 4231 4230
f 4232 4231 4227
f 4036 4027 4233
f 4027 4028 4234
f 4027 4234 4233
f 4235 4047 4236
f 4047 4046 4236
f 4237 4238 4233
f 4237 4233 4234
f 4239 4236 4046
f 4028 4198 4234
f 4238 4237 4234
f 4238 4235 4236
f 4240 4235 4238
f 4234 4204 4238
f 4241 4238 4236
f 4242 4235 4240
f 4241 4236 4239
f 4044 4242 4227
f 4206 4243 4207
f 4204 4234 4198
f 4207 4243 4244
f 4244 4243 4245
f 4244 4245 4238
f 4238 4204 4240
f 4246 4241 4239
f 4247 4204 4203
f 4207 4244 4248
f 4249 4244 4238
f 4240 4232 4242
f 4241 4249 4238
f 4249 4241 4246
f 4250 4240 4204
f 4250 4232 4240
f 4251 4249 4246
f 4232 4227 4242
f 4209 4033 4252
f 4033 4035 4252
f 4233 4035 4036
f 4252 4035 4233
f 4245 4252 4233
f 4245 4233 4238
f 4253 4239 4046
f 4252 4245 4243
f 4239 4253 4254
f 4209 4252 4243
f 4246 4239 4254
f 4206 4209 4243
f 4254 4251 4246
f 4051 4050 4255
f 4255 4050 3863
f 4037 4213 3861
f 3861 4213 3862
f 4256 4255 3863
f 4038 4042 4041
f 4042 4038 4061
f 4257 4258 4061
f 4258 4257 4259
f 4260 4261 4262
f 4263 4259 4257
f 4042 4262 4043
f 4262 4261 4043
f 4043 4261 4070
f 4070 4264 4071
f 4261 4264 4070
f 4071 4264 4265
f 4266 4264 4261
f 4266 4265 4264
f 4223 4022 4023
f 4226 4223 4023
f 4045 4226 4023
f 4044 4226 4045
f 4045 3667 4044
f 4242 4044 3870
f 4047 4235 3870
f 4235 4242 3870
f 4253 4046 4049
f 4267 4049 3869
f 3872 4268 3869
f 4269 4268 3872
f 4267 4253 4049
f 4267 3869 4268
f 4254 4253 4267
f 4267 4268 4270
f 4271 4254 4267
f 4272 4269 4051
f 4271 4267 4270
f 4268 4269 4273
f 4273 4269 4272
f 4269 3872 3871
f 4269 3871 4051
f 4272 4051 4255
f 4059 4257 4057
f 4063 4088 4062
f 4257 4061 4057
f 4062 4088 4274
f 4059 4275 4257
f 4059 4062 4275
f 4275 4062 4276
f 4277 4276 4062
f 4062 4274 4277
f 4278 3886 4072
f 4278 3895 3886
f 4279 4280 3895
f 4279 3895 4278
f 4280 4089 3895
f 4265 4278 4071
f 4278 4072 4071
f 4278 4280 4279
f 4265 4281 4278
f 4281 4282 4278
f 4283 4279 4278
f 4278 4282 4283
f 4279 4280 4278
f 4280 4284 4089
f 4073 3902 4285
f 3908 4286 4077
f 4287 4079 4077
f 4286 3908 4074
f 4288 4287 4077
f 4289 4287 4288
f 4290 4074 4073
f 4286 4291 4077
f 4286 4074 4281
f 4292 4077 4291
f 4288 4077 4292
f 4288 4293 4289
f 4294 4289 4293
f 4073 4285 4290
f 4285 4295 4290
f 4286 4281 4296
f 4286 4296 4291
f 4288 4292 4297
f 4288 4297 4293
f 4282 4281 4074
f 4290 4282 4074
f 4296 4292 4291
f 4283 4282 4290
f 4081 4298 4076
f 4076 4298 4080
f 4298 4299 4080
f 4081 4079 4289
f 4300 4081 4289
f 4300 4301 4081
f 4301 4298 4081
f 4301 4299 4298
f 4287 4289 4079
f 4300 4302 4301
f 4302 4299 4301
f 4300 4303 4302
f 4300 4289 4294
f 4294 4303 4300
f 4304 4302 4303
f 4303 4294 4305
f 4299 4302 4306
f 4306 4307 4299
f 4307 4308 4299
f 4306 4302 4304
f 4305 4294 4309
f 4305 4309 4303
f 4304 4303 4309
f 4299 4310 4080
f 4310 4086 4080
f 4311 4086 4310
f 4086 4311 4085
f 4308 4310 4299
f 4308 4312 4310
f 4311 4310 4312
f 4311 4313 4085
f 4314 4313 4311
f 4311 4312 4315
f 4311 4315 4316
f 4316 4314 4311
f 4308 4315 4312
f 4308 4307 4315
f 4088 3691 4284
f 4284 3691 4089
f 3902 4090 4285
f 4285 4090 4295
f 4092 4295 4090
f 4295 4092 4317
f 4318 4295 4317
f 4319 4290 4295
f 4318 4319 4295
f 4305 4320 4321
f 4290 4319 4322
f 4318 4323 4319
f 4323 4322 4319
f 4320 4305 4309
f 4317 4320 4318
f 4321 4320 4317
f 4323 4318 4320
f 4092 3907 4091
f 4091 3911 4100
f 4321 4317 4092
f 4091 4100 4324
f 4321 4092 4091
f 4325 4321 4091
f 4100 4326 4324
f 4305 4321 4327
f 4327 4321 4328
f 4328 4321 4325
f 4091 4329 4325
f 4329 4328 4325
f 4329 4091 4324
f 4327 4309 4305
f 4327 4328 4309
f 4085 4099 4094
f 4097 4098 4099
f 4096 3717 4330
f 4330 3717 4097
f 4085 4313 4099
f 4313 4097 4099
f 4313 4100 4330
f 4313 4330 4097
f 4330 4100 4096
f 4331 4326 4313
f 4326 4100 4313
f 4100 4326 4332
f 4332 4326 4100
f 4333 4313 4314
f 4333 4331 4313
f 4334 4105 4106
f 4335 4334 4106
f 3921 3713 4336
f 4336 3713 4337
f 4337 4338 4336
f 4336 4338 3921
f 4339 4110 3922
f 4114 4116 4340
f 4114 4340 4119
f 4340 4116 4341
f 4116 4115 4342
f 4116 4342 4341
f 4342 4343 4341
f 4344 4120 4119
f 4344 4345 4346
f 4120 4347 4122
f 4344 4346 4120
f 4348 4120 4346
f 4120 4348 4349
f 4347 4120 4349
f 4350 4351 4348
f 4350 4348 4346
f 4351 4349 4348
f 4349 4351 4352
f 4346 4345 4350
f 4106 4123 4353
f 4123 4124 4353
f 4335 4353 4124
f 4106 4353 4335
f 3938 3941 4126
f 3938 4126 4354
f 4355 4126 4127
f 4354 4124 3938
f 4126 4356 4354
f 4355 4356 4126
f 4357 4355 4128
f 4358 4357 4110
f 4358 4355 4357
f 4355 4358 4356
f 4359 4354 4356
f 4359 4356 4358
f 4355 4127 4128
f 4110 4357 4128
f 4360 4361 4362
f 4362 4363 4360
f 4343 4361 4360
f 4364 4360 4363
f 4342 4115 4130
f 4342 4130 3935
f 4365 4342 3935
f 4361 4365 4132
f 4132 4365 3935
f 4132 4131 4135
f 4366 4132 4135
f 4365 4361 4343
f 4342 4365 4343
f 4366 4367 4132
f 4366 4135 3947
f 4362 4361 4132
f 4367 4362 4132
f 4367 4363 4362
f 4367 4366 4363
f 4363 4366 4368
f 4368 4366 4369
f 4370 4371 3946
f 4371 4369 4366
f 3947 4371 4366
f 3946 4371 3947
f 4372 4363 4368
f 4368 4369 4372
f 4372 4369 4373
f 4373 4369 4371
f 4347 4349 4122
f 3771 4122 4349
f 4370 3946 4136
f 4349 4374 3771
f 4374 4136 3771
f 4375 4349 4352
f 4375 4374 4349
f 4375 4376 4374
f 4377 4374 4376
f 4370 4136 4377
f 4377 4136 4374
f 4376 4378 4377
f 4378 4370 4377
f 3778 4379 3949
f 3778 4137 4380
f 3778 3949 3576
f 4140 4141 4381
f 4141 3949 4382
f 4382 4381 4141
f 4383 4381 4382
f 4383 4140 4381
f 4383 4142 4140
f 4383 4382 3949
f 4384 3956 4147
f 4384 3954 3956
f 3954 4385 4143
f 4386 4384 4147
f 4386 4147 4387
f 4146 4387 4147
f 4384 4388 3954
f 4389 4387 4146
f 4388 4385 3954
f 4390 3973 4391
f 4392 4390 4391
f 4393 4392 4391
f 4394 3968 3970
f 4394 3970 3973
f 4395 3971 3968
f 3968 4394 3973
f 4390 3968 3973
f 4395 3968 4390
f 3971 4396 4148
f 4392 4395 4390
f 4396 4397 4148
f 4148 4398 4176
f 4183 4176 4398
f 4183 4398 4150
f 4150 3976 4183
f 4397 4150 4398
f 4398 4148 4397
f 3982 3984 4151
f 4151 4150 4397
f 4158 4399 3990
f 4155 3990 4399
f 4400 4158 4159
f 4158 4400 4401
f 4402 4155 4399
f 4159 4400 4403
f 4400 4159 4403
f 4389 4161 4404
f 4405 4168 4165
f 4167 4406 4169
f 4406 4167 4163
f 4165 4169 4405
f 4161 4166 4404
f 4163 4144 4407
f 4163 4407 4406
f 4166 4408 4404
f 4408 4166 4168
f 4389 4146 4161
f 4404 4408 4409
f 4409 4408 4168
f 4405 4409 4168
f 4406 4410 4169
f 4411 4404 4409
f 4411 4409 4410
f 4409 4405 4410
f 4410 4405 4169
f 4412 3973 4171
f 4412 4171 4413
f 4391 3973 4412
f 4412 4413 4414
f 4414 4413 3999
f 4415 4391 4412
f 4412 4414 4415
f 4192 4414 3999
f 4415 4393 4391
f 4415 4414 4416
f 4414 4192 4416
f 4413 4171 4170
f 4413 4170 3999
f 4417 4192 4190
f 4193 4184 4418
f 4184 4194 4418
f 4419 4192 4417
f 4420 4418 4194
f 4421 4418 4420
f 4417 4422 4419
f 4417 4421 4423
f 4422 4417 4423
f 4423 4421 4424
f 4421 4420 4424
f 4148 4176 4149
f 4177 4425 4178
f 4177 4179 4425
f 4180 4178 4425
f 4425 4179 4180
f 4184 4180 4194
f 4194 3839 4420
f 4185 3982 4426
f 4427 4428 4429
f 4429 4430 4431
f 4429 4428 4430
f 4010 4007 4427
f 4427 4007 4432
f 4429 4433 4010
f 4010 4433 4187
f 4429 4010 4427
f 4433 4188 4187
f 4433 4429 4188
f 4427 4432 4434
f 4429 4435 4188
f 4189 4436 4009
f 4195 4011 4009
f 4435 4429 4431
f 4431 4188 4435
f 4188 4437 4189
f 4438 4188 4431
f 4439 4009 4436
f 4440 4195 4009
f 4441 4442 3854
f 4442 4443 4024
f 3854 4442 4024
f 4441 4444 4442
f 4445 4444 4441
f 4444 4443 4442
f 4444 4445 4446
f 4447 4444 4446
f 4447 4443 4444
f 4448 4449 4441
f 4447 4450 4443
f 3827 4451 4191
f 4190 4191 4417
f 4417 4191 4451
f 4451 3827 4193
f 4417 4451 4421
f 4193 4418 4421
f 4193 4421 4451
f 4420 3839 4013
f 4434 4452 4453
f 4432 4452 4434
f 4453 4452 4015
f 4432 4007 4008
f 4454 4218 4219
f 4008 4452 4432
f 4455 4015 4218
f 4008 4015 4452
f 4218 4454 4455
f 4455 4454 4456
f 4197 4196 4457
f 4458 4455 4456
f 4459 4458 4456
f 4460 4459 4461
f 4461 4459 4456
f 4460 4461 4197
f 4440 4457 4195
f 4457 4196 4195
f 4460 4197 4457
f 4462 4012 4201
f 4462 3854 4012
f 4201 4463 4462
f 4463 4201 4224
f 4462 4441 3854
f 4464 4463 4224
f 4462 4448 4441
f 4224 4465 4464
f 4463 4449 4448
f 4462 4463 4448
f 4464 4449 4463
f 4200 4199 4450
f 4450 4199 4024
f 4443 4450 4024
f 4466 4467 4202
f 4208 4205 4214
f 4468 4205 4469
f 4211 4470 4213
f 4470 4211 4471
f 4456 4219 4018
f 4456 4018 4461
f 4454 4219 4456
f 4461 4018 3848
f 4461 3848 4197
f 4224 4225 4465
f 4465 4225 4472
f 4225 4228 4472
f 4473 4228 4229
f 4226 4473 4229
f 4474 4226 4230
f 4473 4226 4474
f 4232 4475 4231
f 4230 4231 4474
f 4476 4474 4231
f 4475 4477 4478
f 4474 4476 4479
f 4231 4475 4476
f 4467 4478 4477
f 4473 4474 4479
f 4478 4476 4475
f 4466 4480 4467
f 4467 4480 4478
f 4476 4478 4479
f 4481 4480 4482
f 4478 4480 4481
f 4478 4481 4479
f 4207 4248 4205
f 4247 4477 4204
f 4477 4250 4204
f 4477 4232 4250
f 4247 4202 4467
f 4203 4202 4247
f 4469 4205 4248
f 4469 4248 4244
f 4247 4467 4477
f 4483 4244 4249
f 4249 4484 4483
f 4484 4249 4251
f 4475 4232 4477
f 4485 4484 4251
f 4483 4469 4244
f 4486 4483 4484
f 4485 4251 4271
f 4487 4469 4483
f 4483 4486 4487
f 4488 4486 4484
f 4488 4484 4485
f 4488 4485 4489
f 4485 4271 4489
f 4251 4254 4271
f 4490 4273 4272
f 4490 4491 4492
f 4489 4271 4492
f 4489 4492 4491
f 4491 4490 4493
f 4493 4490 4272
f 4494 3862 4213
f 4494 3863 3862
f 4495 4256 4494
f 4256 3863 4494
f 4494 4213 4470
f 4495 4494 4470
f 4471 4495 4470
f 4496 4258 4259
f 4496 4262 4258
f 4262 4497 4498
f 4497 4262 4496
f 4259 4499 4497
f 4496 4259 4497
f 4499 4263 4500
f 4499 4259 4263
f 4497 4501 4502
f 4502 4498 4497
f 4501 4497 4503
f 4503 4497 4499
f 4500 4504 4503
f 4499 4500 4503
f 4502 4505 4498
f 4258 4042 4061
f 4258 4506 4042
f 4042 4506 4262
f 4258 4262 4506
f 4505 4262 4498
f 4261 4260 4266
f 4507 4265 4266
f 4266 4508 4507
f 4266 4260 4509
f 4509 4507 4266
f 4262 4509 4260
f 4510 4507 4509
f 4296 4508 4507
f 4507 4511 4296
f 4266 4507 4508
f 4512 4507 4510
f 4513 4512 4510
f 4492 4271 4270
f 4490 4492 4270
f 4273 4490 4270
f 4268 4273 4270
f 4263 4514 4500
f 4514 4276 4515
f 4516 4276 4277
f 4514 4515 4500
f 4276 4516 4517
f 4263 4257 4275
f 4263 4275 4514
f 4514 4275 4276
f 4277 4274 4088
f 4088 4518 4519
f 4520 4088 4519
f 4516 4277 4520
f 4277 4088 4520
f 4508 4265 4507
f 4281 4265 4508
f 4279 4521 4280
f 4283 4521 4279
f 4280 4521 4284
f 4284 4521 4518
f 4522 4521 4283
f 4523 4518 4521
f 4284 4518 4088
f 4521 4522 4523
f 4524 4518 4523
f 4518 4524 4519
f 4525 4519 4524
f 4525 4522 4526
f 4527 4526 4522
f 4527 4528 4526
f 4525 4524 4523
f 4522 4525 4523
f 4529 4528 4530
f 4508 4296 4281
f 4511 4292 4296
f 4292 4511 4297
f 4283 4290 4522
f 4522 4290 4322
f 4323 4320 4527
f 4527 4309 4294
f 4527 4320 4309
f 4512 4297 4511
f 4512 4511 4507
f 4293 4297 4531
f 4293 4531 4294
f 4297 4512 4513
f 4297 4513 4531
f 4531 4532 4294
f 4322 4527 4522
f 4531 4513 4533
f 4294 4530 4527
f 4527 4530 4528
f 4533 4532 4531
f 4532 4529 4294
f 4529 4530 4294
f 4534 4304 4309
f 4309 4535 4534
f 4315 4307 4536
f 4537 4306 4304
f 4315 4536 4316
f 4538 4314 4316
f 4539 4333 4314
f 4538 4539 4314
f 4539 4540 4333
f 4108 4541 4107
f 4542 4543 4544
f 4107 4541 4544
f 4109 4107 4544
f 4543 4109 4544
f 4108 4105 4545
f 4546 4543 4542
f 4109 4547 3713
f 4337 3713 4547
f 4547 4548 4337
f 4543 4546 4109
f 4546 4547 4109
f 4549 4548 4547
f 4550 4548 4549
f 4551 4548 4550
f 4552 4547 4546
f 4547 4552 4549
f 4549 4552 4553
f 4553 4550 4549
f 4550 4553 4554
f 4542 4555 4546
f 4555 4552 4546
f 4323 4527 4322
f 4556 4309 4328
f 4329 4556 4328
f 4557 4556 4329
f 4324 4557 4329
f 4535 4309 4556
f 4535 4556 4558
f 4558 4556 4557
f 4559 4558 4557
f 4559 4557 4560
f 4557 4324 4560
f 4560 4324 4326
f 4331 4561 4326
f 4559 4560 4562
f 4560 4326 4562
f 4561 4562 4326
f 4561 4563 4562
f 4563 4561 4540
f 4561 4331 4333
f 4540 4561 4333
f 4564 4334 4335
f 4565 4564 4335
f 4565 4124 4566
f 4545 4105 4334
f 4338 4567 3921
f 4568 4110 4339
f 4548 4338 4337
f 4551 4338 4548
f 4551 4567 4338
f 4568 4358 4110
f 4358 4568 4569
f 4570 4339 4567
f 4551 4570 4567
f 4571 4339 4570
f 4571 4568 4339
f 4566 4124 4354
f 4571 4569 4568
f 4551 4550 4570
f 4554 4572 4550
f 4572 4570 4550
f 4572 4571 4570
f 4573 4571 4572
f 4573 4569 4571
f 4566 4354 4574
f 4569 4575 4574
f 4567 3922 3921
f 4567 4339 3922
f 4576 4341 4343
f 4341 4576 4577
f 4578 4579 4340
f 4579 4580 4119
f 4340 4579 4119
f 4340 4341 4578
f 4341 4577 4578
f 4579 4578 4580
f 4576 4581 4577
f 4582 4581 4576
f 4343 4582 4576
f 4583 4584 4577
f 4584 4578 4577
f 4577 4581 4583
f 4584 4585 4578
f 4585 4584 4583
f 4581 4582 4586
f 4581 4587 4583
f 4350 4588 4351
f 4119 4589 4344
f 4588 4590 4351
f 4589 4119 4580
f 4591 4345 4344
f 4345 4591 4588
f 4350 4345 4588
f 4592 4344 4589
f 4593 4591 4344
f 4588 4591 4590
f 4592 4593 4344
f 4352 4351 4590
f 4590 4594 4352
f 4124 4565 4335
f 4569 4359 4358
f 4574 4354 4359
f 4359 4569 4574
f 4364 4595 4360
f 4364 4363 4595
f 4360 4582 4343
f 4360 4596 4582
f 4360 4595 4596
f 4597 4595 4372
f 4597 4372 4373
f 4596 4595 4598
f 4582 4596 4586
f 4598 4586 4596
f 4371 4370 4373
f 4378 4373 4370
f 4595 4363 4372
f 4378 4599 4373
f 4594 4376 4600
f 4375 4352 4600
f 4376 4375 4600
f 4352 4594 4600
f 3778 4380 4601
f 4601 4379 3778
f 4138 4380 4137
f 4601 4602 4379
f 4379 4602 3949
f 4602 4603 3949
f 3949 4604 4605
f 4604 3949 4603
f 4604 4606 4605
f 4607 4604 4603
f 4604 4607 4608
f 4606 4604 4608
f 4609 3958 4152
f 4609 4152 4154
f 4154 4610 4609
f 4611 4612 4610
f 4610 4612 4609
f 4613 4614 4158
f 4606 4383 4605
f 4383 3949 4605
f 4142 4383 4606
f 4615 4400 4159
f 4616 4389 4617
f 4618 4388 4384
f 4384 4386 4618
f 4618 4385 4388
f 4393 4619 4392
f 4619 4620 4395
f 3971 4395 4620
f 4395 4392 4619
f 4620 4396 3971
f 4620 4621 4396
f 4396 4151 4397
f 4621 3982 4151
f 4621 4151 4396
f 4622 4623 4624
f 4624 4623 4625
f 4625 4623 4626
f 4627 4626 4623
f 4154 4156 4610
f 4156 4155 4402
f 4611 4610 4156
f 4402 4611 4156
f 4402 4399 4614
f 4614 4399 4158
f 4613 4158 4401
f 4613 4401 4400
f 4615 4613 4400
f 4617 4389 4404
f 4628 4617 4404
f 4628 4404 4411
f 4629 4617 4628
f 4629 4628 4630
f 4631 4410 4406
f 4410 4169 4632
f 4410 4631 4632
f 4410 4632 4169
f 4628 4411 4630
f 4410 4631 4411
f 4631 4630 4411
f 4632 4631 4410
f 4631 4632 4633
f 4633 4632 4631
f 4629 4630 4631
f 4634 4415 4416
f 4419 4416 4192
f 4635 4416 4419
f 4422 4635 4419
f 4636 4634 4416
f 4636 4416 4635
f 4635 4637 4636
f 4637 4635 4422
f 4638 4634 4636
f 4639 4638 4636
f 4639 4636 4637
f 4640 4639 4637
f 4637 4423 4640
f 4423 4637 4422
f 4424 4013 4641
f 4423 4424 4641
f 4424 4420 4013
f 4004 4641 4013
f 4642 4643 4001
f 4642 4001 4186
f 4643 4003 4001
f 4004 4003 4643
f 4643 4641 4004
f 4185 4642 4186
f 4428 4644 4430
f 4427 4434 4428
f 4431 4430 4625
f 4625 4438 4431
f 4626 4437 4625
f 4625 4437 4438
f 4644 4428 4645
f 4428 4434 4645
f 4624 4625 4430
f 4624 4430 4644
f 4646 4437 4626
f 4645 4647 4644
f 4624 4644 4622
f 4437 4188 4438
f 4436 4189 4648
f 4436 4648 4439
f 4440 4009 4439
f 4648 4440 4439
f 4189 4649 4648
f 4457 4440 4650
f 4437 4646 4189
f 4189 4646 4651
f 4649 4189 4651
f 4649 4652 4648
f 4652 4440 4648
f 4652 4650 4440
f 4449 4653 4654
f 4447 4446 4655
f 4656 4446 4445
f 4654 4656 4445
f 4441 4654 4445
f 4441 4657 4654
f 4654 4446 4656
f 4657 4441 4449
f 4657 4449 4654
f 4655 4446 4654
f 4658 4655 4654
f 4655 4450 4447
f 4200 4450 4655
f 4214 4659 4210
f 4659 4211 4210
f 4660 4214 4661
f 4455 4453 4015
f 4645 4434 4453
f 4662 4645 4453
f 4662 4453 4663
f 4453 4455 4663
f 4664 4662 4663
f 4663 4455 4664
f 4458 4664 4455
f 4465 4472 4665
f 4665 4472 4666
f 4228 4666 4472
f 4667 4479 4481
f 4466 4202 4668
f 4202 4669 4668
f 4668 4669 4482
f 4669 4481 4482
f 4670 4669 4202
f 4667 4481 4669
f 4214 4205 4468
f 4469 4671 4468
f 4672 4671 4469
f 4214 4468 4661
f 4673 4468 4671
f 4661 4468 4673
f 4674 4495 4471
f 4228 4473 4479
f 4482 4480 4466
f 4466 4668 4482
f 4672 4469 4487
f 4493 4272 4675
f 4272 4676 4675
f 4255 4676 4272
f 4676 4255 4256
f 4495 4674 4256
f 4674 4676 4256
f 4504 4677 4503
f 4678 4505 4502
f 4678 4502 4679
f 4679 4501 4503
f 4679 4502 4501
f 4680 4505 4681
f 4503 4682 4679
f 4678 4679 4683
f 4683 4681 4678
f 4678 4681 4505
f 4683 4679 4682
f 4681 4509 4680
f 4503 4677 4684
f 4503 4685 4686
f 4682 4503 4686
f 4680 4262 4505
f 4680 4509 4262
f 4533 4687 4529
f 4688 4689 4537
f 4537 4690 4688
f 4690 4537 4691
f 4691 4537 4692
f 4690 4689 4688
f 4306 4689 4307
f 4693 4307 4689
f 4693 4694 4307
f 4694 4693 4695
f 4696 4693 4689
f 4695 4693 4697
f 4697 4698 4695
f 4699 4693 4696
f 4699 4697 4693
f 4697 4699 4698
f 4504 4500 4515
f 4517 4516 4520
f 4504 4515 4677
f 4276 4700 4515
f 4700 4276 4517
f 4700 4677 4515
f 4701 4700 4517
f 4702 4701 4517
f 4702 4517 4520
f 4677 4700 4703
f 4704 4703 4700
f 4701 4704 4700
f 4704 4701 4705
f 4706 4520 4519
f 4520 4706 4707
f 4702 4520 4707
f 4707 4708 4709
f 4708 4710 4709
f 4529 4532 4533
f 4711 4528 4529
f 4712 4706 4519
f 4712 4519 4525
f 4711 4713 4528
f 4528 4713 4526
f 4525 4526 4712
f 4714 4713 4711
f 4707 4706 4712
f 4710 4715 4711
f 4529 4710 4711
f 4716 4714 4715
f 4711 4715 4714
f 4714 4716 4713
f 4712 4708 4707
f 4716 4708 4712
f 4526 4716 4712
f 4716 4526 4713
f 4529 4687 4710
f 4708 4716 4710
f 4710 4716 4715
f 4717 4537 4304
f 4304 4534 4717
f 4534 4535 4558
f 4718 4558 4559
f 4719 4558 4718
f 4717 4692 4537
f 4720 4534 4558
f 4719 4720 4558
f 4717 4534 4721
f 4534 4720 4721
f 4722 4719 4718
f 4689 4306 4537
f 4536 4307 4694
f 4723 4539 4538
f 4723 4540 4539
f 4694 4724 4536
f 4536 4538 4316
f 4695 4724 4694
f 4724 4538 4536
f 4723 4538 4725
f 4726 4723 4725
f 4698 4724 4695
f 4698 4538 4724
f 4727 4540 4723
f 4540 4727 4563
f 4725 4538 4698
f 4723 4728 4727
f 4718 4563 4729
f 4729 4563 4727
f 4728 4723 4726
f 4730 4718 4729
f 4729 4727 4728
f 4731 4732 4733
f 4734 4733 4545
f 4734 4731 4733
f 4541 4108 4545
f 4544 4541 4732
f 4732 4542 4544
f 4541 4733 4732
f 4733 4541 4545
f 4732 4731 4542
f 4735 4555 4542
f 4542 4736 4735
f 4552 4555 4737
f 4553 4552 4737
f 4738 4553 4737
f 4553 4738 4554
f 4555 4738 4737
f 4738 4555 4739
f 4735 4739 4555
f 4738 4740 4554
f 4741 4738 4739
f 4741 4740 4738
f 4742 4743 4585
f 4744 4585 4743
f 4745 4589 4580
f 4744 4743 4746
f 4743 4747 4746
f 4743 4742 4747
f 4744 4580 4585
f 4748 4559 4562
f 4718 4559 4748
f 4748 4562 4563
f 4718 4748 4563
f 4334 4749 4545
f 4749 4334 4750
f 4334 4564 4750
f 4564 4565 4751
f 4564 4751 4750
f 4752 4565 4566
f 4566 4753 4752
f 4565 4752 4751
f 4751 4752 4754
f 4554 4755 4572
f 4755 4573 4572
f 4573 4575 4569
f 4756 4573 4755
f 4756 4575 4573
f 4755 4554 4757
f 4740 4757 4554
f 4575 4756 4757
f 4757 4756 4755
f 4566 4574 4753
f 4575 4753 4574
f 4758 4575 4757
f 4740 4758 4757
f 4740 4759 4758
f 4752 4753 4758
f 4575 4758 4753
f 4583 4760 4761
f 4762 4760 4587
f 4763 4762 4587
f 4761 4760 4742
f 4742 4585 4761
f 4762 4764 4760
f 4765 4762 4763
f 4764 4762 4765
f 4742 4760 4747
f 4764 4747 4760
f 4766 4765 4767
f 4597 4767 4765
f 4768 4764 4769
f 4764 4765 4769
f 4769 4765 4766
f 4583 4587 4760
f 4581 4586 4587
f 4578 4585 4580
f 4761 4585 4583
f 4587 4586 4763
f 4770 4771 4772
f 4771 4770 4773
f 4592 4772 4593
f 4593 4772 4591
f 4591 4774 4590
f 4594 4590 4774
f 4771 4591 4772
f 4775 4594 4776
f 4594 4775 4376
f 4771 4773 4591
f 4773 4774 4591
f 4774 4777 4776
f 4594 4774 4776
f 4777 4775 4776
f 4777 4774 4778
f 4599 4777 4778
f 4599 4775 4777
f 4773 4779 4774
f 4779 4778 4774
f 4765 4586 4598
f 4595 4597 4598
f 4597 4765 4598
f 4763 4586 4765
f 4767 4597 4373
f 4775 4378 4376
f 4378 4775 4599
f 4780 4380 4138
f 4780 4601 4380
f 4603 4602 4781
f 4782 4602 4601
f 4601 4780 4782
f 4607 4606 4608
f 4142 4606 4607
f 4783 4142 4607
f 4386 4387 4784
f 4784 4387 4785
f 4385 4786 4143
f 4402 4787 4611
f 4787 4402 4614
f 4613 4788 4614
f 4789 4612 4611
f 4787 4789 4611
f 4613 4790 4788
f 4785 4387 4389
f 4617 4791 4616
f 4142 4783 4159
f 4792 4785 4389
f 4792 4389 4616
f 4615 4159 4783
f 4791 4792 4616
f 4793 4791 4794
f 4790 4613 4615
f 4793 4795 4791
f 4795 4792 4791
f 4796 4795 4793
f 4783 4797 4615
f 4797 4790 4615
f 4407 4631 4406
f 4798 4631 4407
f 4786 4144 4143
f 4794 4629 4793
f 4793 4629 4798
f 4796 4793 4799
f 4799 4793 4800
f 4798 4800 4793
f 4415 4634 4638
f 4393 4415 4638
f 4638 4801 4393
f 4642 4185 4802
f 4622 4644 4803
f 4647 4803 4644
f 4623 4622 4804
f 4627 4623 4804
f 4627 4646 4626
f 4804 4622 4805
f 4804 4805 4627
f 4622 4803 4805
f 4651 4806 4649
f 4627 4805 4807
f 4627 4807 4808
f 4809 4810 4653
f 4810 4811 4653
f 4791 4617 4629
f 4794 4791 4629
f 4798 4629 4633
f 4633 4629 4631
f 4798 4633 4631
f 4812 4638 4639
f 4639 4640 4812
f 4813 4640 4423
f 4814 4812 4640
f 4640 4813 4814
f 4815 4816 4641
f 4813 4423 4641
f 4813 4641 4816
f 4817 4818 4815
f 4642 4817 4643
f 4815 4643 4817
f 4643 4815 4641
f 4818 4817 4642
f 4819 4820 4821
f 4645 4819 4647
f 4819 4645 4662
f 4460 4457 4822
f 4662 4820 4819
f 4823 4822 4457
f 4820 4664 4824
f 4806 4825 4652
f 4823 4457 4825
f 4458 4824 4664
f 4459 4460 4822
f 4459 4822 4458
f 4824 4458 4822
f 4822 4826 4824
f 4653 4811 4654
f 4649 4806 4652
f 4652 4825 4650
f 4650 4825 4457
f 4449 4809 4653
f 4200 4655 4658
f 4827 4200 4658
f 4200 4827 4202
f 4658 4654 4828
f 4827 4670 4202
f 4828 4654 4811
f 4827 4658 4828
f 4829 4827 4828
f 4827 4829 4670
f 4659 4673 4830
f 4831 4673 4672
f 4659 4214 4660
f 4660 4661 4673
f 4659 4660 4673
f 4832 4211 4659
f 4833 4211 4832
f 4820 4662 4664
f 4665 4464 4465
f 4834 4666 4228
f 4479 4834 4228
f 4666 4834 4835
f 4836 4665 4666
f 4479 4667 4837
f 4837 4667 4669
f 4838 4837 4669
f 4838 4669 4839
f 4672 4487 4840
f 4487 4486 4840
f 4672 4673 4671
f 4211 4833 4471
f 4841 4842 4674
f 4843 4674 4471
f 4843 4841 4674
f 4843 4844 4841
f 4844 4842 4841
f 4845 4471 4833
f 4846 4844 4843
f 4844 4847 4842
f 4848 4471 4845
f 4848 4843 4471
f 4848 4846 4843
f 4849 4844 4846
f 4850 4851 4852
f 4682 4851 4683
f 4683 4851 4853
f 4853 4681 4683
f 4853 4850 4681
f 4854 4682 4851
f 4851 4682 4854
f 4850 4509 4681
f 4850 4853 4851
f 4855 4509 4850
f 4855 4510 4509
f 4510 4855 4856
f 4857 4488 4489
f 4842 4676 4674
f 4842 4858 4676
f 4858 4675 4676
f 4675 4859 4493
f 4860 4675 4858
f 4860 4859 4675
f 4847 4858 4842
f 4847 4860 4858
f 4491 4493 4859
f 4851 4685 4861
f 4503 4861 4685
f 4861 4503 4684
f 4703 4862 4863
f 4864 4862 4703
f 4862 4864 4705
f 4682 4686 4851
f 4851 4686 4685
f 4703 4684 4677
f 4864 4703 4704
f 4865 4710 4687
f 4865 4866 4710
f 4865 4687 4533
f 4856 4513 4510
f 4856 4533 4513
f 4533 4866 4865
f 4867 4868 4710
f 4867 4710 4866
f 4533 4856 4866
f 4690 4696 4689
f 4869 4690 4691
f 4869 4691 4692
f 4870 4871 4869
f 4871 4690 4869
f 4690 4872 4696
f 4870 4869 4692
f 4873 4870 4692
f 4874 4872 4690
f 4875 4870 4873
f 4690 4871 4874
f 4874 4876 4872
f 4871 4877 4874
f 4877 4871 4870
f 4877 4870 4878
f 4878 4870 4879
f 4872 4699 4696
f 4699 4725 4698
f 4699 4872 4880
f 4880 4881 4699
f 4882 4880 4872
f 4883 4882 4872
f 4882 4884 4880
f 4880 4884 4881
f 4882 4883 4884
f 4885 4886 4887
f 4888 4887 4886
f 4864 4704 4705
f 4889 4701 4702
f 4709 4889 4702
f 4868 4709 4710
f 4702 4707 4709
f 4875 4890 4879
f 4721 4873 4717
f 4730 4722 4718
f 4717 4873 4692
f 4891 4720 4719
f 4721 4720 4891
f 4722 4891 4719
f 4892 4722 4730
f 4873 4721 4893
f 4894 4721 4891
f 4892 4730 4895
f 4875 4873 4893
f 4894 4893 4721
f 4896 4894 4891
f 4896 4891 4722
f 4897 4722 4892
f 4722 4897 4896
f 4879 4870 4875
f 4893 4894 4875
f 4898 4899 4900
f 4901 4875 4894
f 4896 4901 4894
f 4898 4900 4895
f 4897 4892 4902
f 4900 4902 4895
f 4895 4902 4892
f 4728 4726 4898
f 4728 4730 4729
f 4898 4895 4728
f 4895 4730 4728
f 4699 4726 4725
f 4881 4899 4726
f 4699 4881 4726
f 4726 4899 4898
f 4887 4542 4731
f 4731 4545 4749
f 4731 4734 4545
f 4731 4885 4887
f 4887 4736 4542
f 4731 4903 4885
f 4731 4749 4904
f 4904 4903 4731
f 4904 4749 4750
f 4905 4903 4904
f 4905 4885 4903
f 4886 4885 4905
f 4887 4888 4736
f 4906 4735 4736
f 4907 4906 4736
f 4736 4908 4907
f 4909 4908 4736
f 4910 4741 4739
f 4910 4746 4747
f 4741 4910 4740
f 4906 4739 4735
f 4910 4739 4906
f 4910 4906 4911
f 4910 4911 4744
f 4912 4744 4911
f 4912 4911 4906
f 4912 4913 4744
f 4907 4912 4906
f 4912 4914 4913
f 4914 4915 4913
f 4907 4914 4912
f 4914 4916 4915
f 4907 4917 4914
f 4917 4918 4914
f 4918 4916 4914
f 4916 4919 4915
f 4920 4917 4907
f 4744 4746 4910
f 4745 4580 4913
f 4744 4913 4580
f 4921 4589 4745
f 4913 4915 4745
f 4915 4921 4745
f 4915 4922 4921
f 4922 4923 4921
f 4922 4915 4919
f 4592 4589 4923
f 4921 4923 4589
f 4592 4923 4924
f 4592 4924 4772
f 4770 4772 4924
f 4925 4924 4923
f 4770 4924 4926
f 4926 4924 4925
f 4927 4925 4923
f 4927 4928 4925
f 4928 4926 4925
f 4929 4750 4930
f 4750 4929 4930
f 4754 4752 4931
f 4758 4931 4752
f 4758 4932 4931
f 4751 4754 4933
f 4931 4934 4754
f 4933 4754 4934
f 4934 4931 4935
f 4934 4935 4936
f 4764 4759 4747
f 4759 4740 4910
f 4747 4759 4910
f 4768 4758 4759
f 4768 4759 4764
f 4768 4932 4758
f 4768 4937 4938
f 4938 4937 4766
f 4938 4766 4939
f 4931 4932 4935
f 4768 4935 4932
f 4768 4938 4935
f 4935 4938 4939
f 4939 4766 4940
f 4941 4935 4939
f 4937 4768 4769
f 4766 4937 4769
f 4940 4766 4767
f 4940 4767 4373
f 4770 4942 4773
f 4773 4942 4779
f 4943 4944 4779
f 4942 4943 4779
f 4779 4944 4778
f 4770 4926 4942
f 4943 4942 4926
f 4782 4780 4945
f 4945 4781 4782
f 4782 4781 4602
f 4946 4780 4138
f 4946 4138 4947
f 4946 4945 4780
f 4948 4781 4945
f 4949 4950 3958
f 4951 4950 4949
f 4947 4138 3958
f 4950 4947 3958
f 4952 4951 4953
f 4954 4952 4953
f 4955 4952 4954
f 4603 4956 4607
f 4957 4785 4958
f 4957 4784 4785
f 4959 4956 4603
f 4956 4783 4607
f 4385 4618 4786
f 4960 4144 4786
f 4618 4961 4786
f 4407 4144 4960
f 4962 4786 4961
f 4960 4786 4962
f 4962 4963 4960
f 4963 4407 4960
f 4964 4621 4620
f 4964 4965 4621
f 4966 4965 4964
f 4949 3958 4609
f 4954 4612 4789
f 4949 4609 4951
f 4609 4953 4951
f 4953 4609 4612
f 4954 4953 4612
f 4787 4954 4789
f 4790 4967 4788
f 4787 4614 4968
f 4968 4614 4969
f 4614 4788 4969
f 4969 4788 4967
f 4967 4790 4797
f 4958 4785 4792
f 4792 4795 4970
f 4971 4970 4795
f 4796 4971 4795
f 4970 4958 4792
f 4971 4796 4972
f 4407 4800 4798
f 4796 4799 4973
f 4800 4973 4799
f 4972 4796 4973
f 4974 4801 4638
f 4812 4974 4638
f 4975 4816 4976
f 4977 4974 4812
f 4977 4812 4814
f 4621 4965 3982
f 4426 3982 4965
f 4966 4426 4965
f 4426 4966 4802
f 4802 4978 4642
f 4978 4818 4642
f 4979 4818 4978
f 4815 4818 4979
f 4976 4816 4815
f 4802 4185 4426
f 4805 4980 4807
f 4807 4980 4808
f 4980 4805 4803
f 4980 4803 4981
f 4981 4803 4982
f 4982 4803 4647
f 4983 4981 4982
f 4982 4647 4984
f 4985 4808 4981
f 4981 4808 4980
f 4983 4982 4986
f 4985 4987 4808
f 4987 4988 4808
f 4981 4983 4985
f 4984 4986 4982
f 4808 4646 4627
f 4806 4651 4989
f 4651 4646 4990
f 4989 4991 4806
f 4992 4809 4993
f 4651 4990 4989
f 4809 4991 4994
f 4991 4989 4994
f 4646 4808 4988
f 4995 4989 4990
f 4995 4994 4989
f 4988 4990 4646
f 4809 4994 4995
f 4996 4810 4809
f 4975 4814 4813
f 4975 4813 4816
f 4984 4647 4819
f 4997 4824 4826
f 4824 4997 4820
f 4998 4984 4819
f 4819 4821 4998
f 4826 4999 4997
f 4825 4806 4464
f 5000 4822 5001
f 4826 4822 5000
f 5002 4823 4825
f 5001 4822 5002
f 5002 4822 4823
f 4991 4464 4806
f 4992 4993 4464
f 5001 5002 4464
f 4464 5002 4825
f 5003 5001 4464
f 5003 5000 5001
f 4464 4991 4992
f 4464 4836 5004
f 4992 4991 4809
f 4464 5004 5003
f 5005 4826 5000
f 4836 5006 5004
f 4835 5006 4836
f 5007 5003 5004
f 5005 5000 5008
f 5007 5000 5003
f 5007 5008 5000
f 5004 5006 5007
f 4464 4665 4836
f 4809 4449 4993
f 4449 4464 4993
f 5009 5010 5011
f 5012 4839 5009
f 5009 4839 5010
f 4829 5010 4670
f 4829 4828 5013
f 4670 5010 4669
f 4669 5010 4839
f 4829 5014 5010
f 4829 5013 5014
f 5013 5011 5014
f 5014 5011 5010
f 4673 5015 4830
f 4673 4831 5015
f 4672 5016 4831
f 5015 4832 4830
f 5015 5017 4832
f 5017 4831 5016
f 5017 5015 4831
f 5015 5018 5017
f 5017 5018 5019
f 5019 4832 5017
f 5018 5015 5017
f 5019 5018 5017
f 5019 5020 4832
f 5020 5021 4832
f 5016 5022 5017
f 5022 5019 5017
f 5023 4833 4832
f 4832 4659 4830
f 5021 5023 4832
f 5021 5024 5023
f 5025 5026 5027
f 5028 5027 5023
f 5027 5028 5025
f 5023 5024 5028
f 5025 5029 5026
f 4835 4836 4666
f 4837 5030 4834
f 4479 4837 4834
f 5030 4837 4839
f 5031 4835 4834
f 5030 5031 4834
f 4839 5032 5030
f 5012 5032 4839
f 5033 5031 5030
f 5032 5033 5030
f 5012 5034 5032
f 5032 5034 5033
f 4838 4839 4837
f 5027 4833 5023
f 4833 5027 4845
f 4844 4849 4847
f 4849 5035 4847
f 4845 5027 5026
f 4845 5036 4848
f 4848 5036 4846
f 5036 4845 5026
f 5035 4849 4846
f 5036 5037 4846
f 4846 5038 5035
f 5038 5039 5035
f 5029 5036 5026
f 5038 4846 5037
f 5040 5039 5038
f 5041 5042 5043
f 5040 5042 5039
f 5040 5043 5042
f 5037 5036 5029
f 5037 5040 5038
f 4850 4852 5044
f 4861 5045 4851
f 5046 4852 4851
f 5046 4851 5045
f 5045 4861 5047
f 4852 5046 5044
f 5044 5048 5049
f 5044 5049 4850
f 5049 4855 4850
f 5050 4856 4855
f 4855 5049 5050
f 5050 5051 4856
f 5051 5052 4856
f 5048 5053 5049
f 5050 5049 5053
f 5050 5053 5051
f 4857 4489 4491
f 4857 4491 5054
f 5054 4491 4859
f 5041 5055 5054
f 4859 5041 5054
f 5035 4860 4847
f 4860 5039 4859
f 5039 4860 5035
f 4859 5039 5042
f 5042 5041 4859
f 5047 4861 4684
f 5047 4684 5056
f 4684 4703 5056
f 4863 5056 4703
f 5057 4862 4705
f 5057 4705 5058
f 5059 4863 4862
f 4862 5057 5059
f 4705 4701 5058
f 5060 4867 4866
f 5060 5061 4868
f 5058 4701 4889
f 4889 4709 5062
f 4868 5061 4709
f 4889 5062 5058
f 4709 5061 5062
f 5052 4866 4856
f 5060 4868 4867
f 4890 4878 4879
f 5063 5064 5065
f 4878 4890 5063
f 5065 4878 5063
f 5066 5064 5067
f 5067 5068 5066
f 5069 5070 4890
f 5067 5064 5063
f 4890 5070 5071
f 5069 5072 5070
f 5063 4890 5071
f 5064 5066 4877
f 5066 4876 4874
f 4877 5066 4874
f 5064 4877 5065
f 4877 4878 5065
f 5068 4876 5066
f 4876 5073 4872
f 4883 4872 5073
f 5074 4883 5073
f 4883 5074 4884
f 5075 4876 5068
f 5076 5077 5078
f 5077 4904 5078
f 4905 4904 4886
f 4886 4904 5076
f 5076 4888 4886
f 4909 4736 4888
f 5076 4904 5077
f 5079 4888 5076
f 5079 4909 4888
f 5079 5080 4909
f 5081 5076 5078
f 5081 5079 5076
f 5079 5082 5080
f 5083 5080 5082
f 5082 5079 5081
f 5084 5085 5082
f 5082 5085 5083
f 5069 4890 4875
f 5086 5069 5087
f 5069 5086 5072
f 4884 4899 4881
f 4875 4901 5069
f 5087 4901 4896
f 5087 4896 4897
f 4902 5088 4897
f 4901 5087 5069
f 5089 5087 4897
f 5089 4897 5088
f 5090 5091 4899
f 4884 5090 4899
f 5091 4900 4899
f 5089 5088 5092
f 4902 5092 5088
f 5091 4902 4900
f 5092 5093 5089
f 5094 5092 4902
f 5091 5094 4902
f 4904 4750 4929
f 5095 4904 4929
f 4929 4750 5096
f 5097 5085 5098
f 4909 4920 4908
f 4920 4907 4908
f 5099 4920 5100
f 5100 4920 4909
f 4917 4920 5099
f 5080 5100 4909
f 4917 5099 5101
f 5099 5100 5101
f 5083 5100 5080
f 5100 5097 5101
f 5083 5097 5100
f 5102 5101 5097
f 5103 5102 5104
f 5097 5098 5102
f 5105 5106 5107
f 5097 5083 5085
f 5108 4919 5109
f 4916 5108 5109
f 5110 4918 4917
f 5108 4916 5111
f 5109 4919 4916
f 5112 5110 4917
f 4918 5111 4916
f 5110 5111 4918
f 5112 5111 5110
f 5113 5111 5114
f 5113 5108 5111
f 5101 5112 4917
f 5108 5113 5115
f 5108 4922 4919
f 5114 5116 5113
f 5114 5111 5112
f 5102 5112 5101
f 5102 5117 5112
f 5118 5112 5117
f 5115 5113 5116
f 5116 5112 5107
f 5114 5112 5116
f 5112 5118 5107
f 5102 5103 5117
f 5118 5117 5107
f 5115 5119 5108
f 5119 4922 5108
f 4922 5120 4923
f 5121 5116 5107
f 5121 5115 5116
f 5117 5105 5107
f 5103 5105 5117
f 5115 5122 5119
f 5106 5122 5121
f 5122 5115 5121
f 5123 4922 5119
f 5124 5120 5125
f 5106 5121 5107
f 5122 5123 5119
f 5125 5126 5124
f 5127 5128 4928
f 5127 4928 4927
f 5129 5128 5130
f 5130 5128 5127
f 4923 5120 5124
f 5124 4927 4923
f 5126 5131 5127
f 5126 5127 4927
f 5127 5131 5130
f 5124 5126 4927
f 5132 5130 5133
f 4928 5129 4926
f 4928 5128 5129
f 4750 4751 5096
f 4751 4933 5096
f 5134 5135 4936
f 5134 5104 5135
f 4936 5135 4933
f 4936 4933 4934
f 4936 5136 5134
f 5134 5103 5104
f 5134 5136 5103
f 4936 4935 5137
f 5137 4935 4941
f 4941 4939 5138
f 5138 4939 4940
f 5138 4940 5139
f 5137 4941 5140
f 5140 4941 5138
f 5136 5137 5103
f 4936 5137 5136
f 5137 5141 5103
f 5140 5141 5137
f 5141 5140 5142
f 5103 5141 5142
f 5142 5140 5138
f 5142 5138 5139
f 5143 5103 5142
f 5142 5144 5143
f 5142 5139 5145
f 5145 5139 5146
f 5105 5103 5143
f 5144 5142 5145
f 5130 5147 5129
f 5148 4940 4373
f 4373 4599 5148
f 5147 5130 5132
f 5146 5139 4940
f 4940 5148 5146
f 5149 5148 4599
f 5132 5150 5147
f 5147 5150 5151
f 5152 5150 5153
f 5151 5150 5152
f 5149 5153 5148
f 5152 5153 5149
f 4943 4926 5129
f 5129 5147 4943
f 5151 5152 4944
f 5151 4944 4943
f 5149 4778 5152
f 5152 4778 4944
f 5149 4599 4778
f 4943 5147 5151
f 5154 4945 4946
f 5154 4946 5155
f 4948 4945 5154
f 5156 4603 4781
f 4946 4947 5155
f 4950 5157 4947
f 5158 4603 5156
f 5155 5159 5154
f 4947 5157 5159
f 5159 5155 4947
f 5156 4781 4948
f 5160 5154 5159
f 5154 5161 4948
f 5162 5159 5157
f 5161 5154 5160
f 5162 5160 5159
f 5163 5162 5157
f 4959 4603 5158
f 5164 4959 5158
f 5165 4959 5164
f 4386 5166 5167
f 5167 4618 4386
f 5168 5157 4950
f 5168 4950 4951
f 4952 5168 4951
f 5163 5157 5168
f 4968 4969 4967
f 4952 4955 5168
f 4968 4954 4787
f 5169 4783 4956
f 5169 4956 4959
f 5170 4783 5169
f 4783 5170 4797
f 5170 4967 4797
f 5165 5169 4959
f 5166 4784 4957
f 5166 4386 4784
f 5165 5170 5169
f 5171 4957 4958
f 5166 4957 5172
f 5173 5171 4958
f 5173 4958 4970
f 4971 5173 4970
f 5172 4957 5171
f 5174 4967 5170
f 4971 5175 5173
f 5173 5175 5171
f 5176 4407 4963
f 5177 5176 4963
f 4618 5178 4961
f 4961 5178 5179
f 5179 4962 4961
f 5180 5176 5177
f 5181 5179 5178
f 4962 5179 5181
f 5182 5181 5178
f 5182 4963 5181
f 4963 4962 5181
f 4620 5183 4964
f 5184 4619 4393
f 5184 5185 4619
f 4619 5185 4620
f 4966 4964 5186
f 5183 5186 4964
f 5187 5188 4987
f 5176 4800 4407
f 4972 4973 5189
f 5189 4973 4800
f 5176 5189 4800
f 5176 5180 5189
f 4972 5189 5190
f 5180 5190 5189
f 5191 4977 4814
f 4814 4975 5191
f 5191 4975 4976
f 4977 5191 5192
f 5191 4976 5193
f 5194 4801 4974
f 5194 4974 4977
f 5195 5194 4977
f 5191 5196 5192
f 5193 5196 5191
f 5194 5197 5198
f 5194 5198 4801
f 5197 5194 5195
f 4977 5192 5195
f 5199 4393 4801
f 5199 4801 5198
f 5200 5199 5198
f 5200 5198 5197
f 5201 5196 5193
f 5197 5195 5192
f 4815 5193 4976
f 4979 4978 4802
f 5201 4979 5202
f 4979 5201 5193
f 4815 4979 5193
f 5202 5203 5201
f 4802 5204 4979
f 5203 5202 5204
f 5204 5202 4979
f 5205 5206 5207
f 5208 5206 5209
f 4985 5210 4987
f 5211 4988 4987
f 4983 5212 5213
f 5210 4985 5213
f 4985 4983 5213
f 5212 4983 5214
f 5214 4983 4986
f 5205 4986 4984
f 5214 4986 5205
f 4984 4998 5205
f 5213 5212 5187
f 5187 5210 5213
f 5215 5211 4987
f 5207 5214 5205
f 5205 4998 5206
f 5210 5187 4987
f 5206 4998 5209
f 5211 4990 4988
f 4809 5216 5217
f 5216 4809 4995
f 5218 4995 4990
f 4809 5217 5219
f 4809 5219 4996
f 5217 4995 5218
f 5216 4995 5217
f 5219 4811 4996
f 4990 5211 5220
f 5220 5211 5215
f 5220 5221 4990
f 5222 4990 5221
f 5217 5222 5219
f 5222 4811 5219
f 5222 5218 4990
f 5222 5217 5218
f 5221 5220 5215
f 5221 5223 5222
f 5223 4811 5222
f 5224 5221 5215
f 5223 5221 5224
f 5224 4811 5223
f 4811 4810 4996
f 4828 4811 5011
f 5011 5013 4828
f 5225 5226 5227
f 5226 5020 5227
f 4821 5228 4998
f 5228 4821 4820
f 4999 4826 5005
f 5229 5228 4820
f 4820 4997 5229
f 5005 5230 4999
f 4998 5228 5209
f 5209 5228 5229
f 5230 5231 4999
f 4997 4999 5232
f 5232 4999 5231
f 5229 4997 5232
f 5233 5232 5231
f 5005 5008 5230
f 5008 5007 5230
f 5007 5234 5230
f 4835 5007 5006
f 5234 5007 5235
f 5235 5007 4835
f 5031 5235 4835
f 5235 5230 5234
f 5231 5230 5236
f 5236 5230 5235
f 5235 5031 5236
f 5236 5031 5231
f 5016 5237 5022
f 5237 5019 5022
f 5238 5016 4672
f 4672 4840 5238
f 5237 5239 5019
f 5019 5239 5020
f 5239 5237 5225
f 5225 5237 5016
f 5227 5020 5239
f 5225 5227 5239
f 5238 5225 5016
f 5240 5225 5238
f 5241 5238 4840
f 5240 5242 5225
f 5242 5226 5225
f 5243 5244 5245
f 5025 5028 5246
f 5246 5029 5025
f 5029 5246 5247
f 5028 5248 5246
f 5248 5244 5246
f 5244 5247 5246
f 5249 5244 5248
f 5250 4486 4488
f 5241 4840 4486
f 5241 5251 5252
f 4486 5251 5241
f 5251 4486 5250
f 5253 4488 5254
f 4857 5054 5055
f 5055 5041 5043
f 4857 5254 4488
f 5043 5255 5256
f 5256 5055 5043
f 5257 5256 5255
f 5254 4857 5055
f 5258 5256 5257
f 5256 5259 5055
f 5259 5256 5258
f 5260 5243 5245
f 5261 5243 5260
f 5055 5253 5254
f 5259 5258 5262
f 5263 5262 5258
f 5255 5040 5264
f 5255 5043 5040
f 5247 5037 5029
f 5247 5265 5037
f 5265 5040 5037
f 5265 5264 5040
f 5257 5264 5265
f 5257 5255 5264
f 5047 5266 5045
f 5258 5257 5265
f 5244 5243 5247
f 5243 5265 5247
f 5243 5261 5265
f 5261 5263 5265
f 5263 5258 5265
f 4863 5267 5056
f 5268 5048 5044
f 5046 5268 5044
f 5046 5269 5268
f 5046 5045 5269
f 5269 5266 5268
f 5266 5269 5045
f 5270 5068 5271
f 5270 5271 5071
f 5067 5271 5068
f 5272 5075 5273
f 5274 5272 5273
f 5267 4863 5275
f 5276 5267 5275
f 5275 4863 5059
f 5275 5059 5057
f 5277 5275 5057
f 5277 5057 5058
f 5277 5058 5062
f 5061 5278 5062
f 5062 5278 5277
f 5275 5277 5279
f 5277 5278 5279
f 5060 5278 5061
f 5278 5060 4866
f 5052 5280 4866
f 5280 5278 4866
f 5067 5063 5271
f 5271 5063 5071
f 5070 5072 5281
f 5274 5273 5282
f 5075 5272 4876
f 4876 5272 5073
f 4884 5283 5090
f 5073 5272 5284
f 5073 5284 5074
f 5283 5285 5090
f 5286 5284 5272
f 5287 5284 5286
f 5287 5074 5284
f 5074 5283 4884
f 5074 5287 5283
f 5274 5282 5287
f 5274 5287 5286
f 5274 5286 5272
f 5282 5288 5287
f 5289 5285 5283
f 5287 5288 5283
f 5289 5283 5288
f 5290 5289 5288
f 5288 5282 5290
f 5290 5291 5289
f 5289 5291 5285
f 5285 5291 5292
f 5078 5293 5294
f 4904 5295 5078
f 5078 5296 5081
f 5296 5078 5297
f 5296 5297 5298
f 5293 5078 5295
f 5082 5081 5298
f 5298 5084 5082
f 5098 5085 5084
f 5081 5296 5298
f 5299 5084 5298
f 5098 5084 5299
f 5298 5300 5299
f 5106 5123 5122
f 5301 5302 5123
f 5303 5301 5106
f 5123 5106 5301
f 5301 5304 5302
f 5302 5305 5123
f 5303 5304 5301
f 5302 5306 5305
f 5305 5307 5308
f 5087 5089 5309
f 5309 5089 5093
f 5072 5086 5087
f 5072 5087 5309
f 5309 5310 5311
f 5093 5310 5309
f 5311 5310 5292
f 5312 5072 5309
f 5312 5309 5311
f 5313 5091 5090
f 5314 5092 5094
f 5314 5094 5091
f 5285 5313 5090
f 5314 5091 5313
f 5285 5315 5313
f 5315 5314 5313
f 5093 5092 5314
f 5310 5314 5315
f 5314 5310 5093
f 5292 5310 5315
f 5285 5292 5315
f 5095 5316 5295
f 5095 5295 4904
f 5095 4929 5317
f 5317 4929 5096
f 5318 5317 5096
f 5318 5096 5319
f 5320 5095 5317
f 5319 5321 5322
f 5135 5104 5323
f 5102 5324 5323
f 5324 5098 5325
f 5321 5324 5325
f 5323 5321 5135
f 5323 5324 5321
f 5321 5319 5135
f 5098 5299 5325
f 5299 5300 5325
f 5098 5324 5102
f 5102 5323 5104
f 5326 5105 5327
f 5105 5326 5106
f 5105 5143 5327
f 5106 5326 5303
f 5326 5327 5328
f 5123 5120 4922
f 5308 5131 5125
f 5123 5308 5120
f 5120 5308 5125
f 5131 5308 5329
f 5305 5308 5123
f 5131 5329 5133
f 5330 5133 5331
f 5329 5308 5307
f 5329 5332 5133
f 5332 5331 5133
f 5125 5131 5126
f 5131 5133 5130
f 5133 5330 5132
f 4933 5319 5096
f 5135 5319 4933
f 5143 5144 5333
f 5327 5143 5333
f 5334 5144 5145
f 5334 5145 5335
f 5335 5145 5146
f 5333 5144 5334
f 5336 5148 5153
f 5336 5335 5146
f 5148 5336 5146
f 5330 5337 5150
f 5337 5336 5153
f 5337 5153 5150
f 5132 5330 5150
f 5161 5160 5338
f 5161 5156 4948
f 5161 5338 5156
f 5339 5160 5162
f 5340 5158 5156
f 5341 5160 5339
f 5163 5339 5162
f 5342 5341 5339
f 5342 5339 5163
f 5338 5160 5341
f 5343 5340 5156
f 5343 5156 5338
f 5344 5341 5342
f 5338 5341 5345
f 5346 5342 4955
f 4955 5347 5346
f 5345 5341 5344
f 5346 5344 5342
f 5348 5346 5347
f 5349 5164 5158
f 5349 5158 5340
f 5350 5166 5351
f 5350 5167 5166
f 5350 5352 5353
f 5353 5167 5350
f 5352 5350 5351
f 5353 5354 5167
f 5355 5353 5352
f 5356 5357 5355
f 5352 5356 5355
f 5358 5165 5164
f 5359 5182 5178
f 5360 5359 5178
f 5167 5361 4618
f 4618 5361 5178
f 5361 5167 5354
f 5360 5178 5361
f 5360 5362 5363
f 5364 5360 5361
f 5364 5362 5360
f 5364 5365 5362
f 5366 5185 5367
f 5342 5163 5168
f 5168 4955 5342
f 5174 4968 4967
f 4954 4968 5368
f 4968 5174 5369
f 4955 4954 5347
f 5368 5347 4954
f 5369 5368 4968
f 5368 5369 5370
f 5172 5371 5351
f 5166 5172 5351
f 5371 5172 5171
f 5372 5175 4971
f 4972 5372 4971
f 5373 5170 5165
f 5170 5373 5374
f 5175 5371 5171
f 5374 5174 5170
f 5369 5174 5374
f 5375 5175 5372
f 5376 5375 5372
f 5190 5372 4972
f 5190 5376 5372
f 5375 5371 5175
f 5377 5376 5190
f 5378 5371 5375
f 5376 5378 5375
f 5356 5351 5371
f 5356 5352 5351
f 5370 5374 5373
f 5379 5378 5376
f 5376 5380 5379
f 5377 5380 5376
f 5357 5356 5378
f 5378 5356 5371
f 5370 5369 5381
f 5369 5374 5381
f 5381 5374 5370
f 5359 4963 5182
f 5359 5382 4963
f 5382 5177 4963
f 5382 5180 5177
f 5383 5382 5359
f 5180 5382 5383
f 5180 5383 5190
f 5384 5359 5360
f 5384 5383 5359
f 5377 5383 5385
f 5383 5377 5190
f 5363 5185 5184
f 5386 5383 5384
f 5386 5385 5383
f 5387 4393 5199
f 5363 5384 5360
f 5388 5386 5384
f 5363 5388 5384
f 5363 5184 4393
f 5199 5200 5387
f 5388 5363 5386
f 5363 4393 5387
f 4620 5185 5366
f 5366 5183 4620
f 5389 5186 5183
f 5390 5186 5389
f 5186 5390 4966
f 5389 5183 5366
f 4966 5390 5391
f 5391 5392 4966
f 5393 4802 5394
f 5393 5395 5204
f 4802 5393 5204
f 5396 5200 5197
f 5392 4802 4966
f 5394 4802 5392
f 5397 5187 5212
f 5397 5212 5398
f 5212 5214 5398
f 5188 5215 4987
f 5395 5203 5204
f 5203 5395 5201
f 5192 5396 5197
f 5396 5192 5196
f 5196 5395 5396
f 5201 5395 5196
f 5399 5207 5206
f 5206 5208 5399
f 5399 5214 5207
f 5208 5209 5229
f 5208 5229 5400
f 5232 5400 5229
f 5401 5208 5400
f 5401 5400 5402
f 5188 5224 5215
f 5011 4811 5403
f 5224 5403 4811
f 5011 5403 5404
f 5405 5012 5009
f 5406 5407 5012
f 5405 5406 5012
f 5403 5408 5404
f 5405 5409 5406
f 5409 5407 5406
f 5410 5408 5403
f 5409 5411 5407
f 5011 5404 5408
f 5408 5009 5011
f 5405 5009 5408
f 5412 5413 5414
f 5226 5021 5020
f 5242 5415 5226
f 5024 5021 5416
f 5021 5226 5417
f 5416 5021 5417
f 5415 5417 5226
f 5418 5417 5415
f 5415 5412 5418
f 5412 5415 5413
f 5418 5412 5414
f 5418 5419 5417
f 5419 5416 5417
f 5232 5233 5400
f 5402 5400 5233
f 5231 5031 5233
f 5034 5407 5033
f 5233 5031 5402
f 5033 5402 5031
f 5407 5034 5012
f 5402 5033 5420
f 5420 5033 5407
f 5421 5413 5415
f 5422 5238 5423
f 5422 5424 5238
f 5415 5242 5240
f 5423 5238 5241
f 5423 5241 5252
f 5252 5251 5423
f 5415 5240 5421
f 5424 5240 5238
f 5421 5240 5424
f 4488 5425 5426
f 5244 5249 5427
f 5244 5427 5245
f 5245 5427 5428
f 5028 5024 5248
f 5429 5268 5266
f 5429 5048 5268
f 5430 5048 5429
f 5429 5266 5431
f 5429 5431 5430
f 5053 5432 5051
f 5051 5432 5433
f 4488 5251 5250
f 5426 5423 5251
f 5426 5251 4488
f 5425 4488 5253
f 5434 5261 5260
f 5434 5262 5263
f 5434 5263 5261
f 5260 5262 5434
f 5428 5435 5260
f 5245 5428 5260
f 5436 5262 5435
f 5260 5435 5262
f 5259 5436 5055
f 5262 5436 5259
f 5437 5436 5435
f 5047 5056 5438
f 5056 5439 5438
f 5439 5056 5267
f 5431 5047 5438
f 5266 5047 5431
f 5440 5441 5267
f 5442 5438 5439
f 5439 5441 5442
f 5439 5267 5441
f 5443 5431 5438
f 5444 5440 5445
f 5444 5445 5446
f 5447 5052 5051
f 5448 5278 5280
f 5280 5052 5449
f 5447 5449 5052
f 5450 5280 5449
f 5451 5280 5450
f 5280 5451 5448
f 5451 5452 5448
f 5433 5447 5051
f 5451 5453 5452
f 5454 5447 5433
f 5447 5454 5449
f 5446 5453 5455
f 5451 5455 5453
f 5449 5454 5450
f 5450 5455 5451
f 5456 5071 5070
f 5270 5071 5456
f 5270 5457 5068
f 5068 5457 5458
f 5068 5458 5459
f 5460 5457 5270
f 5460 5458 5457
f 5461 5462 5459
f 5273 5075 5463
f 5464 5273 5463
f 5459 5075 5068
f 5462 5463 5075
f 5464 5463 5465
f 5464 5466 5467
f 5464 5465 5466
f 5075 5459 5462
f 5468 5465 5463
f 5468 5463 5462
f 5466 5465 5469
f 5440 5267 5276
f 5440 5276 5275
f 5440 5275 5445
f 5445 5275 5470
f 5471 5278 5448
f 5278 5472 5279
f 5471 5472 5278
f 5470 5275 5279
f 5472 5470 5279
f 5470 5472 5471
f 5452 5471 5448
f 5446 5445 5470
f 5446 5470 5473
f 5452 5473 5471
f 5471 5473 5470
f 5453 5473 5452
f 5473 5453 5446
f 5070 5281 5474
f 5281 5072 5475
f 5474 5456 5070
f 5312 5476 5072
f 5474 5281 5477
f 5477 5281 5475
f 5475 5072 5476
f 5478 5476 5312
f 5273 5467 5282
f 5273 5464 5467
f 5282 5467 5290
f 5291 5479 5292
f 5479 5480 5292
f 5290 5481 5291
f 5479 5291 5481
f 5311 5482 5312
f 5467 5483 5481
f 5290 5467 5481
f 5481 5483 5484
f 5479 5481 5484
f 5480 5482 5292
f 5483 5467 5466
f 5484 5480 5479
f 5483 5466 5469
f 5484 5483 5469
f 5294 5485 5297
f 5485 5486 5297
f 5293 5487 5294
f 5487 5485 5294
f 5488 5487 5293
f 5487 5488 5489
f 5078 5294 5297
f 5298 5297 5300
f 5486 5490 5297
f 5297 5490 5300
f 5490 5486 5491
f 5491 5300 5490
f 5300 5492 5325
f 5491 5492 5300
f 5304 5303 5493
f 5303 5494 5493
f 5304 5493 5495
f 5304 5495 5496
f 5494 5495 5493
f 5497 5306 5498
f 5326 5499 5494
f 5305 5306 5307
f 5304 5496 5302
f 5496 5498 5302
f 5302 5498 5306
f 5497 5500 5307
f 5497 5307 5306
f 5292 5482 5311
f 5295 5316 5293
f 5316 5095 5320
f 5317 5318 5501
f 5316 5488 5293
f 5488 5316 5502
f 5316 5320 5502
f 5502 5320 5503
f 5320 5317 5503
f 5503 5317 5501
f 5488 5502 5504
f 5503 5501 5505
f 5501 5506 5507
f 5504 5502 5508
f 5509 5505 5501
f 5507 5509 5501
f 5318 5319 5322
f 5506 5318 5322
f 5318 5506 5501
f 5506 5322 5321
f 5325 5510 5321
f 5510 5507 5506
f 5510 5506 5321
f 5325 5492 5510
f 5509 5507 5510
f 5326 5494 5303
f 5511 5328 5512
f 5511 5512 5513
f 5512 5514 5513
f 5515 5513 5514
f 5515 5514 5516
f 5328 5499 5326
f 5328 5327 5512
f 5512 5327 5333
f 5514 5333 5334
f 5514 5512 5333
f 5517 5335 5518
f 5337 5518 5336
f 5516 5514 5334
f 5516 5334 5517
f 5519 5520 5332
f 5500 5519 5332
f 5521 5332 5520
f 5500 5332 5329
f 5500 5329 5307
f 5331 5332 5521
f 5521 5522 5331
f 5522 5337 5330
f 5331 5522 5330
f 5517 5334 5335
f 5336 5518 5335
f 5343 5338 5523
f 5345 5524 5525
f 5523 5345 5525
f 5343 5526 5340
f 5527 5526 5343
f 5527 5343 5523
f 5528 5525 5524
f 5529 5349 5340
f 5526 5530 5340
f 5531 5529 5532
f 5344 5524 5345
f 5346 5533 5344
f 5533 5346 5348
f 5523 5338 5345
f 5534 5348 5347
f 5533 5524 5344
f 5348 5535 5533
f 5348 5534 5535
f 5534 5368 5536
f 5368 5370 5536
f 5537 5165 5358
f 5537 5373 5165
f 5349 5531 5164
f 5164 5531 5358
f 5538 5353 5355
f 5357 5539 5538
f 5355 5357 5538
f 5529 5531 5349
f 5373 5537 5370
f 5358 5532 5537
f 5370 5537 5536
f 5370 5536 5540
f 5358 5531 5532
f 5536 5370 5540
f 5354 5353 5538
f 5541 5536 5540
f 5536 5541 5540
f 5539 5542 5538
f 5542 5539 5543
f 5365 5364 5361
f 5363 5362 5544
f 5367 5185 5545
f 5362 5365 5544
f 5365 5545 5544
f 5546 5367 5545
f 5185 5544 5545
f 5361 5547 5365
f 5547 5548 5365
f 5546 5545 5549
f 5548 5545 5365
f 5361 5550 5547
f 5545 5548 5549
f 5547 5549 5548
f 5354 5551 5361
f 5546 5366 5367
f 5389 5552 5390
f 5390 5552 5391
f 5366 5546 5389
f 5546 5549 5553
f 5389 5546 5553
f 5552 5554 5555
f 5391 5552 5555
f 5391 5555 5392
f 5556 5389 5553
f 5556 5552 5389
f 5547 5553 5549
f 5556 5553 5547
f 5554 5552 5556
f 5555 5554 5557
f 5558 5392 5555
f 5555 5557 5558
f 5368 5534 5347
f 5379 5357 5378
f 5539 5357 5379
f 5380 5559 5560
f 5380 5560 5379
f 5559 5380 5561
f 5561 5380 5377
f 5370 5381 5540
f 5540 5381 5370
f 5539 5379 5560
f 5559 5539 5560
f 5562 5559 5561
f 5543 5539 5559
f 5543 5559 5562
f 5563 5543 5562
f 5387 5386 5363
f 5564 5385 5565
f 5386 5565 5385
f 5386 5566 5565
f 5566 5386 5387
f 5385 5564 5377
f 5544 5185 5363
f 5561 5377 5564
f 5564 5565 5567
f 5565 5566 5567
f 5564 5567 5568
f 5568 5567 5569
f 5567 5566 5569
f 5566 5387 5569
f 5387 5570 5569
f 5200 5570 5387
f 5564 5568 5561
f 5561 5568 5571
f 5568 5569 5571
f 5571 5569 5570
f 5572 5570 5200
f 5572 5200 5396
f 5561 5571 5573
f 5573 5571 5572
f 5571 5570 5572
f 5561 5573 5562
f 5573 5563 5562
f 5573 5572 5574
f 5396 5574 5572
f 5575 5395 5393
f 5576 5558 5577
f 5558 5576 5394
f 5392 5558 5394
f 5576 5393 5394
f 5576 5575 5393
f 5395 5575 5576
f 5188 5187 5397
f 5398 5214 5399
f 5398 5578 5397
f 5399 5578 5398
f 5579 5188 5397
f 5580 5397 5578
f 5581 5578 5399
f 5582 5188 5583
f 5582 5224 5188
f 5403 5224 5582
f 5584 5403 5582
f 5410 5403 5584
f 5208 5401 5585
f 5586 5401 5402
f 5586 5402 5420
f 5587 5586 5420
f 5420 5588 5587
f 5589 5590 5588
f 5588 5590 5587
f 5407 5591 5420
f 5411 5591 5407
f 5408 5592 5405
f 5408 5410 5592
f 5411 5409 5405
f 5593 5594 5411
f 5593 5411 5405
f 5594 5591 5411
f 5420 5591 5594
f 5594 5588 5420
f 5595 5405 5592
f 5405 5595 5593
f 5593 5589 5588
f 5594 5593 5588
f 5592 5596 5595
f 5589 5593 5595
f 5418 5414 5597
f 5598 5414 5413
f 5597 5414 5598
f 5597 5598 5599
f 5599 5600 5597
f 5601 5413 5421
f 5601 5421 5422
f 5599 5598 5602
f 5599 5602 5603
f 5599 5603 5600
f 5601 5598 5413
f 5597 5419 5418
f 5419 5597 5600
f 5024 5416 5604
f 5600 5416 5419
f 5604 5416 5605
f 5606 5604 5605
f 5604 5606 5607
f 5600 5605 5416
f 5024 5604 5607
f 5024 5607 5608
f 5421 5424 5422
f 5609 5422 5423
f 5608 5607 5610
f 5024 5249 5248
f 5249 5024 5608
f 5249 5608 5427
f 5608 5428 5427
f 5611 5435 5428
f 5438 5442 5443
f 5612 5613 5611
f 5428 5608 5610
f 5614 5612 5428
f 5612 5611 5428
f 5428 5610 5614
f 5443 5442 5614
f 5615 5616 5430
f 5616 5048 5430
f 5048 5617 5053
f 5615 5431 5443
f 5430 5431 5615
f 5432 5053 5617
f 5618 5432 5617
f 5617 5048 5618
f 5619 5620 5460
f 5620 5621 5622
f 5253 5623 5425
f 5055 5623 5253
f 5623 5055 5436
f 5623 5436 5437
f 5613 5612 5435
f 5611 5613 5435
f 5435 5612 5437
f 5441 5624 5442
f 5441 5625 5624
f 5444 5446 5626
f 5446 5627 5626
f 5440 5625 5441
f 5628 5627 5629
f 5626 5440 5444
f 5628 5629 5433
f 5626 5625 5440
f 5630 5631 5627
f 5628 5630 5627
f 5626 5627 5631
f 5627 5446 5450
f 5450 5446 5455
f 5454 5433 5629
f 5454 5629 5450
f 5627 5450 5629
f 5270 5456 5632
f 5270 5632 5460
f 5633 5632 5456
f 5474 5633 5456
f 5474 5477 5633
f 5620 5458 5460
f 5459 5458 5620
f 5622 5459 5620
f 5622 5461 5459
f 5634 5635 5469
f 5461 5468 5462
f 5461 5636 5468
f 5635 5634 5637
f 5468 5634 5465
f 5465 5634 5469
f 5638 5639 5640
f 5489 5641 5487
f 5641 5489 5638
f 5638 5642 5641
f 5638 5640 5643
f 5642 5638 5643
f 5640 5644 5643
f 5641 5642 5485
f 5487 5641 5485
f 5642 5645 5485
f 5485 5645 5486
f 5477 5475 5646
f 5646 5475 5647
f 5476 5646 5647
f 5648 5477 5646
f 5649 5648 5646
f 5649 5646 5476
f 5649 5476 5478
f 5647 5475 5476
f 5650 5482 5651
f 5312 5650 5478
f 5482 5650 5312
f 5635 5484 5469
f 5482 5480 5484
f 5484 5651 5482
f 5635 5651 5484
f 5504 5489 5488
f 5638 5489 5504
f 5638 5504 5639
f 5639 5504 5652
f 5652 5504 5508
f 5510 5492 5653
f 5654 5655 5486
f 5654 5486 5645
f 5655 5656 5491
f 5655 5491 5486
f 5492 5491 5656
f 5492 5656 5653
f 5655 5657 5656
f 5656 5658 5653
f 5658 5659 5653
f 5656 5657 5658
f 5495 5494 5660
f 5495 5660 5496
f 5661 5496 5660
f 5661 5498 5496
f 5498 5661 5662
f 5662 5663 5498
f 5663 5497 5498
f 5500 5497 5663
f 5664 5665 5666
f 5508 5502 5503
f 5664 5508 5503
f 5664 5503 5505
f 5509 5667 5505
f 5653 5667 5509
f 5653 5509 5510
f 5665 5664 5505
f 5665 5505 5667
f 5659 5667 5653
f 5659 5666 5665
f 5667 5659 5665
f 5499 5328 5511
f 5499 5511 5513
f 5668 5513 5515
f 5668 5515 5669
f 5515 5516 5670
f 5670 5516 5517
f 5670 5517 5671
f 5671 5517 5518
f 5518 5672 5671
f 5673 5520 5519
f 5669 5515 5670
f 5669 5670 5674
f 5670 5671 5674
f 5674 5671 5672
f 5675 5676 5677
f 5673 5675 5677
f 5674 5678 5669
f 5675 5678 5674
f 5672 5675 5674
f 5675 5672 5676
f 5673 5519 5679
f 5521 5520 5677
f 5522 5677 5676
f 5521 5677 5522
f 5337 5522 5676
f 5677 5520 5673
f 5676 5672 5337
f 5672 5518 5337
f 5680 5523 5525
f 5528 5680 5525
f 5681 5680 5528
f 5681 5528 5682
f 5682 5683 5681
f 5523 5680 5527
f 5684 5681 5683
f 5684 5680 5681
f 5529 5340 5530
f 5529 5685 5532
f 5685 5686 5532
f 5529 5687 5685
f 5688 5686 5685
f 5689 5529 5530
f 5689 5687 5529
f 5687 5689 5690
f 5685 5690 5688
f 5685 5687 5690
f 5689 5530 5690
f 5526 5691 5692
f 5526 5527 5691
f 5530 5526 5692
f 5550 5551 5693
f 5551 5354 5693
f 5694 5695 5550
f 5533 5528 5524
f 5696 5535 5534
f 5697 5534 5536
f 5682 5528 5533
f 5534 5697 5696
f 5683 5682 5533
f 5535 5683 5533
f 5535 5696 5683
f 5698 5683 5696
f 5697 5698 5696
f 5699 5700 5683
f 5699 5683 5698
f 5686 5537 5532
f 5701 5354 5538
f 5537 5702 5536
f 5543 5703 5542
f 5704 5703 5543
f 5563 5705 5704
f 5563 5704 5543
f 5702 5537 5686
f 5541 5536 5706
f 5706 5536 5702
f 5542 5701 5538
f 5707 5697 5536
f 5541 5707 5536
f 5706 5707 5541
f 5697 5707 5708
f 5708 5707 5706
f 5354 5701 5693
f 5702 5709 5706
f 5709 5702 5686
f 5710 5701 5542
f 5710 5542 5703
f 5708 5698 5697
f 5704 5710 5703
f 5551 5550 5361
f 5550 5695 5547
f 5695 5556 5547
f 5711 5712 5705
f 5704 5705 5713
f 5712 5713 5705
f 5714 5712 5711
f 5695 5715 5556
f 5556 5715 5554
f 5715 5558 5557
f 5715 5557 5554
f 5577 5558 5715
f 5715 5716 5577
f 5716 5717 5577
f 5718 5717 5716
f 5719 5716 5715
f 5695 5720 5715
f 5715 5720 5721
f 5721 5719 5715
f 5718 5716 5719
f 5718 5722 5717
f 5694 5720 5695
f 5721 5720 5694
f 5723 5724 5725
f 5723 5579 5724
f 5725 5724 5726
f 5583 5579 5727
f 5728 5727 5579
f 5583 5729 5584
f 5711 5563 5573
f 5574 5396 5730
f 5730 5396 5395
f 5705 5563 5711
f 5711 5573 5574
f 5731 5711 5574
f 5730 5731 5574
f 5395 5732 5730
f 5714 5711 5731
f 5731 5730 5732
f 5731 5733 5714
f 5732 5733 5731
f 5733 5732 5722
f 5732 5576 5717
f 5717 5576 5577
f 5732 5395 5576
f 5732 5734 5395
f 5734 5732 5395
f 5722 5732 5717
f 5735 5726 5581
f 5735 5581 5399
f 5736 5725 5726
f 5735 5736 5726
f 5724 5397 5580
f 5724 5579 5397
f 5399 5208 5585
f 5737 5399 5585
f 5585 5401 5737
f 5726 5580 5581
f 5726 5724 5580
f 5580 5578 5581
f 5401 5738 5737
f 5399 5737 5735
f 5401 5739 5738
f 5740 5735 5737
f 5740 5737 5738
f 5741 5738 5739
f 5742 5738 5741
f 5583 5188 5579
f 5584 5582 5583
f 5743 5744 5745
f 5584 5729 5745
f 5746 5592 5744
f 5746 5596 5592
f 5743 5746 5744
f 5747 5743 5745
f 5747 5746 5743
f 5745 5410 5584
f 5744 5410 5745
f 5744 5592 5410
f 5748 5749 5750
f 5589 5751 5590
f 5587 5590 5586
f 5739 5586 5590
f 5401 5586 5739
f 5590 5752 5739
f 5752 5590 5751
f 5596 5589 5595
f 5600 5603 5753
f 5601 5754 5598
f 5754 5602 5598
f 5602 5753 5603
f 5748 5602 5754
f 5750 5753 5602
f 5605 5753 5750
f 5748 5750 5602
f 5755 5601 5422
f 5748 5754 5601
f 5756 5422 5609
f 5756 5755 5422
f 5749 5748 5757
f 5757 5748 5601
f 5753 5605 5600
f 5610 5607 5758
f 5759 5758 5607
f 5607 5606 5759
f 5760 5758 5759
f 5759 5606 5761
f 5759 5762 5760
f 5763 5605 5750
f 5761 5606 5764
f 5759 5761 5765
f 5761 5766 5765
f 5765 5762 5759
f 5763 5606 5605
f 5764 5767 5761
f 5761 5767 5766
f 5615 5768 5616
f 5048 5616 5766
f 5766 5767 5048
f 5048 5767 5618
f 5616 5768 5766
f 5768 5615 5769
f 5768 5765 5766
f 5765 5769 5762
f 5768 5769 5765
f 5770 5609 5423
f 5423 5426 5770
f 5426 5425 5771
f 5772 5437 5612
f 5758 5614 5610
f 5773 5614 5758
f 5771 5425 5623
f 5773 5762 5769
f 5772 5774 5437
f 5760 5762 5758
f 5762 5773 5758
f 5623 5437 5774
f 5774 5772 5775
f 5771 5623 5774
f 5776 5774 5775
f 5625 5776 5775
f 5443 5769 5615
f 5614 5773 5443
f 5772 5612 5614
f 5442 5772 5614
f 5443 5773 5769
f 5772 5777 5775
f 5777 5772 5624
f 5625 5777 5624
f 5775 5777 5625
f 5778 5628 5433
f 5779 5780 5778
f 5779 5781 5780
f 5432 5618 5782
f 5432 5782 5433
f 5778 5780 5628
f 5783 5784 5460
f 5460 5632 5783
f 5784 5785 5786
f 5786 5785 5619
f 5460 5784 5619
f 5619 5621 5620
f 5621 5461 5622
f 5784 5786 5619
f 5787 5461 5621
f 5787 5788 5461
f 5789 5637 5788
f 5626 5790 5791
f 5772 5442 5624
f 5625 5626 5792
f 5626 5791 5792
f 5791 5793 5792
f 5630 5791 5790
f 5793 5791 5794
f 5630 5794 5791
f 5630 5780 5794
f 5780 5781 5794
f 5631 5790 5626
f 5630 5790 5631
f 5628 5780 5630
f 5633 5783 5632
f 5783 5633 5795
f 5795 5633 5796
f 5796 5648 5797
f 5797 5648 5649
f 5796 5798 5795
f 5796 5797 5798
f 5799 5797 5649
f 5799 5649 5800
f 5798 5797 5801
f 5477 5796 5633
f 5648 5796 5477
f 5802 5637 5789
f 5800 5803 5799
f 5468 5637 5634
f 5636 5461 5788
f 5636 5637 5468
f 5635 5637 5804
f 5636 5788 5637
f 5637 5805 5804
f 5637 5802 5805
f 5644 5806 5807
f 5640 5639 5644
f 5644 5639 5806
f 5807 5808 5644
f 5644 5808 5643
f 5643 5808 5642
f 5808 5645 5642
f 5654 5657 5655
f 5654 5645 5809
f 5657 5654 5809
f 5810 5811 5660
f 5810 5812 5813
f 5810 5813 5811
f 5811 5813 5814
f 5814 5662 5811
f 5812 5810 5815
f 5816 5662 5814
f 5663 5662 5816
f 5660 5811 5661
f 5811 5662 5661
f 5800 5649 5478
f 5650 5817 5478
f 5817 5800 5478
f 5818 5800 5817
f 5650 5819 5817
f 5820 5817 5819
f 5818 5803 5800
f 5821 5818 5817
f 5821 5817 5820
f 5635 5822 5651
f 5819 5822 5805
f 5819 5651 5822
f 5651 5819 5650
f 5804 5805 5822
f 5804 5822 5635
f 5820 5819 5805
f 5652 5508 5664
f 5823 5652 5664
f 5666 5823 5664
f 5823 5824 5652
f 5824 5823 5825
f 5825 5823 5666
f 5826 5652 5824
f 5827 5825 5666
f 5825 5826 5824
f 5658 5657 5828
f 5829 5828 5657
f 5830 5666 5659
f 5666 5830 5827
f 5828 5830 5659
f 5660 5494 5815
f 5810 5660 5815
f 5658 5828 5659
f 5815 5494 5499
f 5500 5831 5519
f 5663 5831 5500
f 5832 5833 5831
f 5834 5833 5832
f 5519 5831 5679
f 5831 5833 5679
f 5835 5499 5513
f 5836 5835 5513
f 5837 5668 5669
f 5836 5513 5668
f 5838 5669 5678
f 5669 5838 5837
f 5837 5833 5834
f 5836 5668 5839
f 5837 5838 5840
f 5834 5841 5837
f 5842 5839 5843
f 5839 5668 5843
f 5843 5668 5837
f 5841 5843 5837
f 5842 5843 5841
f 5844 5841 5834
f 5841 5844 5842
f 5679 5845 5673
f 5673 5845 5675
f 5845 5678 5675
f 5838 5845 5840
f 5845 5838 5678
f 5833 5837 5845
f 5679 5833 5845
f 5845 5837 5840
f 5846 5692 5691
f 5691 5527 5847
f 5848 5849 5850
f 5683 5700 5684
f 5527 5680 5847
f 5847 5680 5851
f 5851 5680 5684
f 5688 5852 5686
f 5692 5850 5530
f 5850 5690 5530
f 5852 5709 5686
f 5690 5850 5853
f 5853 5688 5690
f 5854 5852 5688
f 5699 5698 5855
f 5853 5850 5849
f 5854 5688 5853
f 5709 5856 5857
f 5858 5855 5859
f 5550 5693 5860
f 5860 5693 5861
f 5852 5861 5693
f 5854 5861 5852
f 5860 5862 5550
f 5863 5854 5853
f 5694 5550 5862
f 5863 5861 5854
f 5864 5861 5863
f 5864 5860 5861
f 5860 5864 5865
f 5862 5860 5865
f 5863 5849 5864
f 5863 5853 5849
f 5866 5694 5862
f 5867 5868 5694
f 5869 5870 5868
f 5693 5701 5852
f 5852 5701 5710
f 5706 5709 5857
f 5708 5855 5698
f 5708 5871 5859
f 5706 5871 5708
f 5706 5857 5871
f 5709 5852 5872
f 5872 5852 5710
f 5704 5872 5710
f 5859 5855 5708
f 5857 5859 5871
f 5873 5709 5872
f 5873 5872 5704
f 5874 5713 5712
f 5714 5874 5712
f 5873 5704 5713
f 5733 5875 5714
f 5722 5875 5733
f 5875 5722 5876
f 5874 5877 5713
f 5721 5694 5878
f 5879 5718 5719
f 5879 5722 5718
f 5868 5878 5694
f 5878 5719 5721
f 5878 5879 5719
f 5878 5880 5879
f 5879 5880 5722
f 5870 5878 5868
f 5870 5881 5878
f 5881 5880 5878
f 5876 5880 5881
f 5876 5722 5880
f 5869 5882 5870
f 5870 5883 5881
f 5882 5883 5870
f 5884 5876 5883
f 5883 5876 5881
f 5728 5579 5723
f 5885 5736 5886
f 5887 5885 5886
f 5888 5583 5727
f 5889 5729 5583
f 5729 5889 5745
f 5745 5889 5747
f 5890 5889 5888
f 5889 5583 5888
f 5891 5746 5747
f 5889 5890 5892
f 5892 5891 5889
f 5891 5747 5889
f 5886 5736 5735
f 5886 5735 5740
f 5893 5887 5740
f 5740 5887 5886
f 5742 5893 5740
f 5893 5742 5894
f 5742 5740 5738
f 5895 5742 5741
f 5895 5896 5897
f 5896 5895 5741
f 5742 5895 5894
f 5897 5898 5895
f 5898 5894 5895
f 5896 5741 5739
f 5596 5751 5589
f 5739 5752 5896
f 5751 5897 5752
f 5746 5899 5596
f 5752 5897 5896
f 5891 5899 5746
f 5749 5900 5750
f 5609 5770 5901
f 5755 5757 5601
f 5902 5757 5755
f 5756 5902 5755
f 5764 5606 5763
f 5903 5767 5764
f 5750 5764 5763
f 5750 5903 5764
f 5618 5767 5903
f 5904 5618 5903
f 5618 5904 5782
f 5905 5785 5906
f 5907 5908 5905
f 5785 5905 5908
f 5909 5785 5908
f 5910 5908 5907
f 5901 5770 5426
f 5911 5426 5771
f 5911 5771 5912
f 5912 5771 5913
f 5776 5625 5792
f 5771 5774 5913
f 5913 5774 5776
f 5913 5776 5792
f 5913 5792 5914
f 5913 5914 5912
f 5794 5781 5793
f 5914 5792 5793
f 5781 5779 5793
f 5915 5433 5782
f 5916 5914 5793
f 5779 5917 5793
f 5915 5778 5433
f 5793 5917 5916
f 5915 5918 5778
f 5906 5785 5784
f 5906 5919 5920
f 5784 5919 5906
f 5920 5919 5783
f 5920 5921 5906
f 5783 5922 5920
f 5905 5906 5921
f 5920 5905 5921
f 5920 5922 5905
f 5795 5922 5783
f 5907 5905 5910
f 5905 5922 5910
f 5910 5922 5923
f 5919 5784 5783
f 5785 5621 5619
f 5924 5621 5785
f 5924 5925 5621
f 5926 5802 5789
f 5787 5621 5925
f 5788 5787 5925
f 5927 5928 5807
f 5807 5806 5929
f 5806 5930 5929
f 5929 5931 5807
f 5929 5930 5931
f 5930 5932 5931
f 5807 5928 5808
f 5928 5645 5808
f 5809 5645 5933
f 5798 5797 5934
f 5934 5797 5799
f 5798 5801 5797
f 5926 5935 5936
f 5936 5935 5937
f 5938 5803 5937
f 5802 5939 5805
f 5939 5940 5805
f 5821 5820 5940
f 5805 5940 5820
f 5937 5803 5821
f 5926 5936 5939
f 5802 5926 5939
f 5939 5936 5940
f 5937 5821 5940
f 5937 5940 5936
f 5932 5941 5942
f 5942 5941 5943
f 5944 5943 5945
f 5943 5944 5942
f 5806 5639 5930
f 5639 5932 5930
f 5932 5652 5941
f 5639 5652 5932
f 5657 5809 5946
f 5829 5657 5947
f 5946 5947 5657
f 5947 5948 5949
f 5948 5950 5949
f 5951 5831 5952
f 5816 5831 5663
f 5816 5952 5831
f 5821 5803 5818
f 5826 5825 5953
f 5953 5825 5954
f 5941 5652 5943
f 5943 5652 5826
f 5955 5953 5954
f 5945 5943 5826
f 5945 5826 5953
f 5955 5956 5953
f 5955 5954 5957
f 5945 5953 5958
f 5956 5958 5953
f 5959 5955 5957
f 5954 5825 5827
f 5830 5957 5827
f 5827 5957 5954
f 5949 5828 5829
f 5947 5949 5829
f 5830 5828 5949
f 5950 5830 5949
f 5960 5830 5950
f 5830 5960 5957
f 5959 5957 5960
f 5815 5499 5961
f 5835 5961 5499
f 5835 5836 5962
f 5836 5839 5962
f 5831 5963 5832
f 5832 5963 5834
f 5963 5964 5834
f 5844 5964 5965
f 5834 5964 5844
f 5966 5839 5842
f 5844 5965 5842
f 5831 5951 5963
f 5963 5965 5964
f 5842 5965 5966
f 5848 5850 5967
f 5967 5850 5692
f 5846 5691 5968
f 5684 5969 5851
f 5968 5691 5847
f 5968 5847 5851
f 5846 5967 5692
f 5846 5968 5970
f 5971 5851 5969
f 5972 5973 5862
f 5974 5849 5848
f 5864 5974 5972
f 5967 5975 5848
f 5975 5974 5848
f 5972 5974 5975
f 5973 5972 5975
f 5976 5973 5975
f 5976 5866 5973
f 5866 5977 5694
f 5978 5694 5977
f 5694 5978 5979
f 5979 5867 5694
f 5869 5867 5979
f 5858 5699 5855
f 5857 5856 5980
f 5684 5700 5981
f 5700 5699 5981
f 5982 5980 5856
f 5980 5859 5857
f 5982 5856 5709
f 5981 5969 5684
f 5981 5699 5858
f 5858 5859 5980
f 5858 5980 5982
f 5862 5865 5972
f 5866 5862 5973
f 5982 5709 5873
f 5974 5864 5849
f 5864 5972 5865
f 5873 5713 5877
f 5983 5873 5877
f 5869 5868 5867
f 5984 5882 5869
f 5979 5984 5869
f 5728 5723 5985
f 5986 5723 5725
f 5985 5723 5986
f 5985 5986 5987
f 5725 5988 5986
f 5888 5985 5989
f 5985 5727 5728
f 5888 5727 5985
f 5990 5890 5888
f 5890 5990 5892
f 5892 5990 5991
f 5875 5874 5714
f 5876 5884 5875
f 5875 5877 5874
f 5883 5992 5884
f 5882 5992 5883
f 5885 5993 5736
f 5887 5993 5885
f 5893 5994 5887
f 5994 5993 5887
f 5995 5893 5894
f 5995 5894 5996
f 5997 5998 5999
f 5751 5997 5999
f 6000 5998 6001
f 6002 5899 5891
f 5892 6002 5891
f 5997 5596 5899
f 5596 5997 5751
f 5991 6002 5892
f 6003 5996 5894
f 6003 5894 5898
f 5898 5897 6004
f 6004 6003 5898
f 5999 6004 5897
f 6000 5996 6003
f 6003 6004 5998
f 5999 5998 6004
f 5897 5751 5999
f 5998 6000 6003
f 6005 5757 5902
f 6006 6005 5902
f 6007 6006 5902
f 6007 5902 6008
f 6006 6007 6009
f 5749 5757 6005
f 6006 5749 6005
f 5900 5904 5750
f 6009 5749 6006
f 6009 5900 5749
f 5903 5750 5904
f 5911 5901 5426
f 5902 5756 6010
f 6011 5756 5609
f 6011 5609 5901
f 6008 5902 6010
f 6012 6011 5901
f 6012 5901 5911
f 6013 6012 5911
f 5756 6011 6014
f 6013 5911 6015
f 6015 5911 6016
f 6017 5909 6018
f 5908 5910 6018
f 5909 5908 6018
f 5909 5924 5785
f 6019 5924 5909
f 6020 5924 6021
f 6020 6021 6022
f 6020 6022 6023
f 6019 6024 5924
f 6022 6025 6023
f 6020 5925 5924
f 5788 5925 6020
f 6023 5788 6020
f 5912 6016 5911
f 6016 5912 5914
f 6026 5914 5916
f 5778 5918 5779
f 5918 5917 5779
f 5917 5918 6027
f 6028 5795 5798
f 5798 6029 6028
f 5922 5795 6030
f 6030 5795 6028
f 6029 5798 5934
f 6030 6028 6029
f 6031 5934 5799
f 6023 6025 6032
f 5926 6032 6033
f 6034 5932 6035
f 6036 5927 6037
f 6038 6036 6037
f 5789 5788 6023
f 5926 5789 6032
f 6035 6038 6037
f 6035 5932 6039
f 6035 6025 6038
f 6023 6032 5789
f 6035 6039 6025
f 6039 6033 6025
f 5931 6037 5807
f 5931 5932 6034
f 5931 6034 6037
f 6037 5927 5807
f 6037 6034 6035
f 5927 6040 5928
f 6040 5645 5928
f 5933 6041 5809
f 6042 6043 6044
f 5812 6044 5813
f 6044 6045 5813
f 5813 6045 5814
f 6042 6044 5812
f 5812 5815 6042
f 6045 6044 6043
f 6046 5937 5935
f 5937 6046 5938
f 6047 6046 5935
f 6046 6047 5938
f 6039 5932 5942
f 5944 5945 6048
f 5958 6048 5945
f 6049 6048 5958
f 5946 5809 6041
f 5948 5946 6041
f 5947 5946 5948
f 5958 5959 6049
f 6050 6051 6052
f 6049 5959 6053
f 6051 5959 6052
f 5959 6051 6053
f 5815 5961 6042
f 6054 6055 5961
f 6050 6052 5950
f 5948 6050 5950
f 5816 5814 6045
f 6045 5952 5816
f 5963 6056 6057
f 5958 5956 5959
f 5955 5959 5956
f 5959 5960 6052
f 5950 6052 5960
f 5835 6054 5961
f 6058 6054 5835
f 6058 5835 6059
f 5835 5962 6059
f 5962 5839 5966
f 6060 5963 6057
f 6057 5962 5966
f 6060 6057 5966
f 6060 5965 5963
f 5965 6060 5966
f 5970 6061 6062
f 5846 6062 6063
f 5846 5970 6062
f 5967 5846 6064
f 6063 6062 6061
f 6064 6065 5967
f 5851 6066 5968
f 5981 6067 5969
f 5968 6066 6061
f 5971 6066 5851
f 5969 6067 5971
f 6061 5970 5968
f 5981 6068 6067
f 6068 5981 5858
f 6069 6066 5971
f 6070 6069 5971
f 6071 6070 5971
f 6067 6072 6071
f 6067 6071 5971
f 6067 6068 6072
f 5976 5975 5967
f 5976 5967 6065
f 6065 5866 5976
f 6073 5866 6065
f 6073 5977 5866
f 6074 5978 5977
f 6075 5979 5978
f 6075 6076 5979
f 6074 6075 5978
f 6075 6077 6076
f 6078 6075 6074
f 6075 6078 6077
f 6079 5977 6073
f 6074 5977 6079
f 6077 6080 6076
f 6078 6074 6079
f 6078 6081 6077
f 6081 6080 6077
f 6081 6082 6080
f 6083 6084 6085
f 6086 5989 5987
f 5987 5988 6086
f 5989 6087 6088
f 6068 5858 5982
f 5982 5873 5983
f 6068 5982 5983
f 5884 6089 5875
f 5875 6090 5877
f 6089 6090 5875
f 6090 6091 5877
f 6076 5984 5979
f 5984 6092 5882
f 6092 5992 5882
f 6092 5984 6076
f 6093 5884 5992
f 6093 6089 5884
f 6080 6094 6092
f 6080 6092 6076
f 6094 5992 6092
f 6094 6093 5992
f 6095 6096 5993
f 6082 6094 6080
f 6082 6093 6094
f 6097 6096 6098
f 6098 6096 6095
f 6099 6098 6095
f 6089 6093 6100
f 6100 6093 6082
f 6096 6097 6085
f 5986 5988 5987
f 6101 5736 6096
f 6101 5725 5736
f 6096 5736 5993
f 5987 5989 5985
f 6101 5988 5725
f 6101 6096 6085
f 5988 6101 6084
f 6084 6101 6085
f 5990 5888 6102
f 5991 6103 6104
f 5888 5989 6088
f 5990 6102 6105
f 6105 5991 5990
f 6102 5888 6088
f 6103 5991 6105
f 6103 5899 6104
f 6102 6103 6105
f 6106 6103 6102
f 6106 6107 5899
f 6103 6106 5899
f 6107 6108 5899
f 5994 6095 5993
f 5994 5893 6109
f 5994 6109 6095
f 6109 5893 5995
f 6110 6095 6109
f 6110 6099 6095
f 6111 6110 6109
f 6111 6109 5995
f 6110 6111 6112
f 6112 6111 6001
f 6111 5995 5996
f 6104 5899 5991
f 5996 6000 6001
f 5997 6108 6001
f 6001 5998 5997
f 6111 5996 6001
f 6108 5997 5899
f 6113 6001 6108
f 6001 6113 6114
f 6114 6112 6001
f 5991 5899 6002
f 6115 6009 6007
f 6116 6115 6007
f 6116 6007 6008
f 6115 6117 6009
f 6116 6118 6115
f 5900 6009 6117
f 6118 6116 6008
f 6119 6008 6010
f 6119 6010 6014
f 5904 5915 5782
f 6120 6017 6121
f 6120 6122 6017
f 5909 6017 6122
f 5909 6122 6123
f 6011 6124 6125
f 6012 6124 6011
f 6124 6012 6013
f 6010 5756 6014
f 6125 6014 6011
f 6124 6126 6125
f 6126 6124 6127
f 6127 6124 6013
f 6127 6013 6015
f 6128 6127 6015
f 6129 6014 6125
f 6126 6127 6128
f 6126 6129 6125
f 6126 6128 6130
f 6131 6126 6130
f 6132 6131 6130
f 6133 6126 6131
f 6128 6015 6134
f 6015 6016 6134
f 6128 6134 6130
f 6130 6134 6135
f 6016 6135 6134
f 6135 6016 6136
f 5918 6137 6027
f 6136 6138 6135
f 6027 6138 6136
f 6138 6130 6135
f 6137 6139 6027
f 6132 6130 6138
f 6027 6139 6138
f 5922 6140 5923
f 6121 5923 6140
f 6120 6121 6141
f 6121 6140 6141
f 6030 6142 6140
f 6143 6017 6018
f 5910 6121 6143
f 5910 6143 6018
f 6121 5910 5923
f 6121 6017 6143
f 5922 6030 6140
f 6024 6021 5924
f 6024 6144 6021
f 6021 6144 6025
f 6021 6025 6022
f 6025 6145 6038
f 6146 6024 6019
f 6024 6147 6144
f 6145 6144 6147
f 6145 6147 6148
f 6144 6145 6025
f 6147 6149 6148
f 6149 6147 6024
f 5909 6150 6019
f 6019 6150 6146
f 6024 6146 6149
f 6146 6040 6149
f 6040 6146 6150
f 6148 5927 6036
f 6145 6036 6038
f 6148 6040 5927
f 6145 6148 6036
f 6148 6149 6040
f 5933 5645 6040
f 6151 6152 6153
f 6151 6153 6154
f 6016 5914 6026
f 5916 6136 6026
f 6136 6016 6026
f 6136 5917 6027
f 5917 6136 5916
f 6030 6029 6142
f 6155 6029 5934
f 6155 5934 6156
f 6142 6029 6155
f 6155 6156 6157
f 6157 6156 6031
f 5799 5803 6031
f 5934 6031 6156
f 6158 6031 6159
f 6158 6159 6160
f 6025 6033 6032
f 5926 6033 6039
f 6039 6161 5926
f 6161 6047 5935
f 5926 6161 5935
f 6162 6163 6164
f 6163 6033 6164
f 6163 6025 6033
f 6163 6033 6025
f 6033 6163 6039
f 6039 6163 5942
f 6039 6165 6033
f 5942 6161 6039
f 6161 5942 6047
f 6159 5803 5938
f 6162 6164 6166
f 6166 6164 6033
f 6165 6162 6033
f 6163 6162 6165
f 6163 6165 5942
f 6039 5942 6165
f 6031 5803 6159
f 6167 6047 5942
f 5938 6167 6159
f 6047 6167 5938
f 6166 6033 6162
f 5942 6168 6169
f 5942 6169 6167
f 5942 5944 6168
f 6168 5944 6170
f 6159 6167 6169
f 6170 6169 6168
f 6160 6159 6169
f 6160 6169 6170
f 5948 6041 6050
f 6171 6172 6173
f 6174 6151 6154
f 6154 6175 6174
f 6174 6175 6176
f 6177 6172 6171
f 6175 6042 6172
f 6154 6178 6043
f 6178 6179 6043
f 6043 6179 6045
f 6042 6154 6043
f 6179 5952 6045
f 6180 5951 5952
f 6042 6175 6154
f 6154 6153 6178
f 6178 6153 6152
f 6152 6179 6178
f 6181 6179 6152
f 5952 6179 6180
f 6182 6179 6181
f 6180 6183 5951
f 6183 6184 5951
f 5951 6056 5963
f 6170 5944 6048
f 6049 6170 6048
f 6185 6171 6173
f 6058 6055 6054
f 6172 6042 5961
f 6055 6172 5961
f 6186 6055 6058
f 6187 6186 6058
f 6187 6058 6059
f 6187 6059 6188
f 6057 6188 6059
f 6189 6186 6190
f 6186 6187 6190
f 6190 6187 6188
f 6190 6188 6057
f 6173 6055 6185
f 6172 6055 6173
f 6185 6055 6191
f 6055 6186 6191
f 6191 6186 6189
f 6192 6185 6191
f 6191 6190 6193
f 6190 6191 6189
f 6184 6056 5951
f 6194 6185 6192
f 6193 6194 6192
f 6193 6057 6195
f 6056 6195 6057
f 6193 6192 6191
f 6190 6057 6193
f 6057 6059 5962
f 6063 6064 5846
f 6063 6061 6196
f 6196 6061 6069
f 6197 6069 6070
f 6063 6198 6199
f 6198 6063 6196
f 6196 6069 6198
f 6198 6069 6197
f 6073 6065 6064
f 6079 6200 6078
f 6078 6200 6201
f 6202 6201 6200
f 6069 6061 6066
f 6203 6204 6072
f 6072 6204 6071
f 6203 6072 6068
f 6204 6070 6071
f 6068 6205 6203
f 6206 5988 6084
f 6207 6078 6201
f 6086 5988 6206
f 6207 6081 6078
f 6208 6207 6201
f 6208 6081 6207
f 6206 6084 6083
f 6097 6098 6083
f 6209 6208 6201
f 6210 6206 6083
f 6211 6082 6081
f 6211 6100 6082
f 6212 6083 6098
f 6206 6213 6086
f 6213 6206 6210
f 6210 6211 6208
f 6081 6208 6211
f 6083 6211 6210
f 6083 6212 6211
f 6213 6210 6214
f 6214 6210 6208
f 6211 6212 6215
f 6215 6212 6216
f 6212 6099 6216
f 6098 6099 6212
f 6086 6217 5989
f 6087 5989 6217
f 6218 6088 6087
f 6088 6218 6102
f 6219 6102 6218
f 6219 6220 6102
f 6220 6221 6222
f 6218 6223 6219
f 6223 6224 6219
f 6219 6224 6220
f 6225 6226 6221
f 6225 6221 6220
f 6205 6068 5983
f 5877 6205 5983
f 6090 6100 6091
f 6089 6100 6090
f 6091 6205 5877
f 6083 6085 6097
f 6114 6227 6112
f 6227 6228 6112
f 6229 6102 6220
f 6229 6106 6102
f 6222 6229 6220
f 6222 6106 6229
f 6222 6107 6106
f 6221 6107 6222
f 6221 6230 6107
f 6230 6108 6107
f 6230 6113 6108
f 6113 6231 6114
f 6230 6221 6226
f 6232 6113 6230
f 6115 6118 6233
f 6233 6117 6115
f 6234 6235 6117
f 6233 6234 6117
f 6234 6233 6118
f 5900 6117 6235
f 6235 6236 5900
f 5900 6236 6237
f 6237 6236 6238
f 6239 6240 6119
f 6119 6129 6239
f 6008 6119 6241
f 6129 6119 6014
f 6234 6118 6008
f 6008 6241 6234
f 6242 6243 6244
f 6244 5918 5915
f 6237 5904 5900
f 5904 6237 6245
f 5915 5904 6245
f 6245 6246 5915
f 6246 6244 5915
f 6247 6248 6249
f 6247 6250 6248
f 6247 6249 6251
f 6251 6249 6252
f 6247 6253 6250
f 6242 6244 6246
f 6254 6123 6122
f 6120 6141 6249
f 6249 6141 6255
f 6120 6248 6122
f 6248 6120 6249
f 6254 6150 6123
f 6250 6254 6122
f 6250 6122 6248
f 6250 6253 6254
f 6256 6254 6253
f 6123 6150 5909
f 6040 6150 6257
f 6258 6129 6126
f 6133 6258 6126
f 6131 6259 6133
f 6259 6131 6132
f 6138 6260 6132
f 6260 6259 6132
f 6259 6258 6133
f 6244 6137 5918
f 6261 6139 6137
f 6139 6260 6138
f 6243 6261 6137
f 6139 6261 6260
f 6140 6142 6262
f 6243 6137 6244
f 6262 6142 6263
f 6142 6264 6263
f 6262 6263 6252
f 6263 6265 6252
f 6264 6265 6263
f 6141 6140 6255
f 6266 6142 6155
f 6252 6249 6255
f 6262 6252 6255
f 6262 6255 6140
f 6142 6266 6264
f 6266 6267 6264
f 6267 6266 6157
f 6268 6267 6157
f 6158 6269 6157
f 6270 6268 6157
f 6270 6157 6269
f 6271 6269 6158
f 6174 6272 6273
f 6273 6274 6275
f 6272 6276 6274
f 6272 6274 6273
f 6276 6277 6274
f 6181 6152 6151
f 6278 6182 6151
f 6151 6182 6181
f 6151 6174 6273
f 6278 6279 6182
f 6151 6273 6275
f 6151 6275 6278
f 6279 6278 6275
f 6157 6266 6155
f 6158 6157 6031
f 6158 6160 6271
f 6271 6160 6049
f 6049 6160 6170
f 6271 6049 6053
f 6280 6051 6050
f 6281 6051 6280
f 6051 6281 6053
f 6272 6176 6282
f 6176 6283 6282
f 6175 6172 6176
f 6176 6172 6177
f 6177 6171 6284
f 6272 6174 6176
f 6283 6177 6284
f 6180 6182 6279
f 6283 6176 6177
f 6284 6285 6283
f 6279 6183 6180
f 6286 6283 6285
f 6287 6288 6286
f 6289 6290 6283
f 6291 6283 6286
f 6288 6291 6286
f 6279 6292 6183
f 6289 6283 6291
f 6183 6292 6293
f 6179 6182 6180
f 6184 6294 6287
f 6293 6294 6184
f 6183 6293 6184
f 6288 6287 6294
f 6171 6185 6284
f 6295 6284 6185
f 6295 6185 6194
f 6286 6284 6295
f 6286 6295 6194
f 6286 6285 6284
f 6286 6296 6287
f 6194 6296 6286
f 6184 6297 6056
f 6056 6297 6195
f 6194 6193 6195
f 6184 6195 6297
f 6296 6184 6287
f 6296 6195 6184
f 6195 6296 6194
f 6298 6199 6299
f 6298 6299 6300
f 6300 6301 6298
f 6299 6199 6198
f 6299 6198 6302
f 6303 6064 6301
f 6063 6298 6064
f 6298 6301 6064
f 6298 6063 6199
f 6304 6197 6070
f 6204 6304 6070
f 6304 6204 6305
f 6306 6305 6203
f 6305 6307 6304
f 6305 6306 6308
f 6309 6197 6304
f 6079 6073 6064
f 6202 6209 6201
f 6202 6213 6214
f 6310 6209 6202
f 6213 6202 6311
f 6208 6209 6310
f 6310 6202 6214
f 6202 6200 6311
f 6213 6311 6086
f 6311 6200 6312
f 6313 6086 6311
f 6311 6312 6313
f 6313 6312 6200
f 6313 6200 6079
f 6313 6217 6086
f 6079 6314 6313
f 6314 6217 6313
f 6087 6315 6218
f 6218 6315 6223
f 6223 6315 6224
f 6315 6316 6224
f 6316 6317 6224
f 6224 6317 6318
f 6319 6315 6087
f 6315 6319 6320
f 6316 6315 6320
f 6316 6321 6317
f 6321 6318 6317
f 6321 6225 6318
f 6204 6203 6305
f 6306 6203 6205
f 6100 6322 6091
f 6091 6323 6205
f 6323 6091 6322
f 6323 6306 6205
f 6322 6324 6323
f 6100 6324 6322
f 6324 6100 6325
f 6215 6100 6211
f 6110 6216 6099
f 6214 6208 6310
f 6100 6215 6326
f 6327 6215 6216
f 6228 6216 6110
f 6215 6327 6326
f 6228 6327 6216
f 6325 6100 6326
f 6326 6327 6325
f 6228 6325 6327
f 6328 6329 6231
f 6226 6330 6331
f 6331 6328 6231
f 6224 6318 6220
f 6318 6225 6220
f 6112 6228 6110
f 6113 6232 6231
f 6331 6231 6232
f 6114 6329 6227
f 6231 6329 6114
f 6226 6232 6230
f 6331 6232 6226
f 6332 6241 6119
f 6333 6334 6335
f 6334 6333 6234
f 6334 6234 6241
f 6335 6334 6336
f 6336 6334 6241
f 6337 6241 6332
f 6338 6335 6336
f 6338 6339 6340
f 6339 6338 6336
f 6238 6245 6237
f 6234 6333 6235
f 6235 6333 6341
f 6236 6235 6342
f 6236 6342 6238
f 6238 6246 6245
f 6335 6341 6333
f 6341 6342 6235
f 6335 6342 6341
f 6338 6342 6335
f 6343 6246 6238
f 6338 6340 6342
f 6342 6344 6343
f 6238 6342 6343
f 6246 6343 6345
f 6340 6344 6342
f 6346 6347 6247
f 6347 6253 6247
f 6348 6349 6256
f 6347 6256 6253
f 6347 6348 6256
f 6119 6240 6332
f 6350 6129 6259
f 6239 6129 6351
f 6350 6351 6129
f 6240 6239 6351
f 6351 6352 6240
f 6352 6351 6350
f 6353 6240 6352
f 6350 6354 6352
f 6259 6129 6258
f 6355 6243 6242
f 6356 6243 6355
f 6357 6350 6259
f 6356 6261 6243
f 6356 6357 6261
f 6358 6356 6355
f 6358 6355 6242
f 6358 6359 6356
f 6359 6357 6356
f 6354 6357 6359
f 6357 6354 6350
f 6251 6252 6360
f 6252 6265 6360
f 6251 6360 6346
f 6349 6254 6256
f 6361 6346 6360
f 6362 6361 6360
f 6265 6362 6360
f 6247 6251 6346
f 6363 6361 6362
f 6362 6265 6364
f 6362 6364 6363
f 6363 6364 6365
f 6150 6254 6349
f 6349 6366 6150
f 6366 6367 6150
f 6366 6349 6348
f 6257 6368 6040
f 6150 6367 6257
f 6368 6257 6367
f 6366 6369 6367
f 6368 6367 6370
f 6367 6369 6370
f 6370 6371 6372
f 6372 6371 6041
f 6373 5933 6368
f 6368 5933 6040
f 6368 6372 6373
f 6370 6372 6368
f 6374 6375 6376
f 6276 6377 6378
f 6375 6374 6377
f 6377 6374 6379
f 6259 6260 6357
f 6261 6357 6260
f 6265 6264 6380
f 6380 6264 6267
f 6381 6380 6267
f 6268 6381 6267
f 6270 6382 6268
f 6265 6380 6364
f 6381 6268 6382
f 6383 6365 6364
f 6380 6383 6364
f 6383 6380 6381
f 6381 6382 6383
f 6384 6385 6382
f 6384 6382 6270
f 6270 6269 6384
f 6271 6386 6387
f 6384 6269 6387
f 6269 6271 6387
f 6388 6271 6053
f 6041 6371 6389
f 6386 6271 6388
f 6373 6041 5933
f 6041 6373 6372
f 6389 6050 6041
f 6282 6390 6391
f 6391 6390 6375
f 6390 6282 6392
f 6292 6274 6393
f 6277 6393 6274
f 6292 6393 6379
f 6272 6391 6276
f 6379 6393 6378
f 6378 6393 6277
f 6277 6276 6378
f 6272 6282 6391
f 6375 6276 6391
f 6377 6276 6375
f 6378 6377 6379
f 6379 6394 6292
f 6395 6292 6394
f 6292 6395 6396
f 6397 6396 6395
f 6395 6394 6398
f 6395 6399 6397
f 6274 6292 6275
f 6279 6275 6292
f 6388 6053 6281
f 6282 6283 6290
f 6400 6282 6290
f 6401 6282 6400
f 6401 6400 6402
f 6290 6402 6400
f 6289 6402 6290
f 6282 6401 6403
f 6402 6404 6396
f 6397 6399 6396
f 6405 6282 6403
f 6401 6399 6403
f 6399 6402 6396
f 6399 6401 6402
f 6406 6405 6403
f 6407 6406 6403
f 6399 6407 6403
f 6288 6289 6291
f 6292 6396 6293
f 6396 6294 6293
f 6404 6288 6294
f 6396 6404 6294
f 6404 6402 6288
f 6402 6289 6288
f 6302 6198 6408
f 6299 6409 6300
f 6410 6411 6408
f 6411 6302 6408
f 6409 6299 6302
f 6302 6412 6409
f 6300 6409 6413
f 6301 6300 6413
f 6412 6302 6411
f 6079 6064 6303
f 6303 6314 6079
f 6414 6303 6301
f 6414 6314 6303
f 6413 6414 6301
f 6415 6217 6314
f 6415 6314 6414
f 6416 6417 6415
f 6414 6416 6415
f 6408 6198 6197
f 6307 6309 6304
f 6309 6408 6197
f 6408 6309 6410
f 6410 6309 6418
f 6308 6307 6305
f 6309 6307 6418
f 6306 6419 6308
f 6307 6308 6420
f 6308 6419 6420
f 6420 6418 6307
f 6419 6306 6323
f 6421 6419 6323
f 6421 6323 6324
f 6417 6087 6217
f 6417 6217 6415
f 6329 6328 6422
f 6423 6319 6087
f 6320 6319 6424
f 6320 6424 6330
f 6320 6330 6316
f 6321 6330 6225
f 6425 6330 6424
f 6316 6330 6321
f 6423 6087 6417
f 6319 6423 6417
f 6319 6417 6424
f 6426 6424 6417
f 6424 6427 6425
f 6426 6427 6424
f 6422 6328 6331
f 6428 6330 6425
f 6325 6429 6324
f 6429 6325 6228
f 6421 6324 6429
f 6228 6430 6429
f 6227 6430 6228
f 6227 6329 6430
f 6225 6330 6226
f 6339 6431 6340
f 6432 6431 6339
f 6431 6344 6340
f 6433 6431 6432
f 6433 6432 6434
f 6435 6431 6433
f 6431 6435 6436
f 6436 6435 6437
f 6435 6433 6438
f 6439 6433 6434
f 6435 6438 6437
f 6439 6440 6433
f 6433 6440 6441
f 6442 6433 6441
f 6433 6442 6438
f 6438 6443 6437
f 6444 6437 6443
f 6344 6431 6436
f 6241 6339 6336
f 6432 6339 6434
f 6434 6241 6439
f 6434 6339 6241
f 6439 6241 6337
f 6445 6332 6240
f 6445 6240 6332
f 6446 6358 6345
f 6345 6444 6446
f 6437 6444 6345
f 6436 6343 6344
f 6347 6346 6447
f 6346 6361 6447
f 6436 6437 6343
f 6345 6343 6437
f 6345 6358 6246
f 6448 6348 6347
f 6449 6448 6347
f 6449 6347 6450
f 6450 6347 6447
f 6451 6366 6348
f 6353 6352 6354
f 6452 6240 6353
f 6354 6359 6353
f 6452 6453 6454
f 6359 6452 6353
f 6453 6452 6359
f 6240 6455 6332
f 6455 6240 6452
f 6454 6456 6452
f 6446 6456 6454
f 6457 6332 6455
f 6458 6455 6452
f 6458 6457 6455
f 6457 6458 6459
f 6456 6459 6452
f 6452 6459 6458
f 6460 6459 6456
f 6459 6460 6457
f 6246 6358 6242
f 6453 6359 6358
f 6454 6453 6358
f 6446 6454 6358
f 6365 6461 6462
f 6463 6464 6465
f 6361 6463 6465
f 6447 6361 6465
f 6361 6363 6463
f 6466 6462 6461
f 6363 6464 6463
f 6363 6365 6467
f 6385 6466 6461
f 6466 6385 6468
f 6451 6369 6366
f 6369 6469 6470
f 6389 6471 6472
f 6470 6471 6389
f 6370 6470 6371
f 6370 6369 6470
f 6389 6371 6470
f 6473 6376 6474
f 6473 6474 6475
f 6473 6475 6476
f 6476 6477 6473
f 6473 6477 6478
f 6479 6374 6376
f 6374 6479 6379
f 6478 6479 6376
f 6375 6480 6474
f 6376 6375 6474
f 6376 6473 6478
f 6479 6478 6481
f 6479 6482 6379
f 6394 6379 6482
f 6481 6478 6477
f 6479 6481 6477
f 6479 6477 6482
f 6477 6483 6482
f 6461 6365 6383
f 6383 6382 6461
f 6385 6461 6382
f 6384 6484 6385
f 6385 6484 6468
f 6485 6468 6484
f 6484 6384 6387
f 6484 6387 6486
f 6486 6387 6386
f 6485 6484 6486
f 6472 6487 6050
f 6389 6472 6050
f 6388 6281 6487
f 6281 6280 6487
f 6050 6487 6280
f 6486 6388 6488
f 6388 6487 6488
f 6388 6486 6386
f 6487 6472 6488
f 6405 6489 6282
f 6392 6282 6489
f 6390 6480 6375
f 6490 6405 6491
f 6490 6489 6405
f 6390 6492 6480
f 6392 6492 6390
f 6493 6392 6489
f 6394 6482 6494
f 6494 6490 6491
f 6495 6493 6489
f 6495 6392 6493
f 6489 6490 6495
f 6496 6392 6495
f 6495 6490 6497
f 6498 6407 6399
f 6395 6498 6399
f 6398 6491 6498
f 6395 6398 6498
f 6398 6407 6491
f 6498 6491 6407
f 6394 6494 6398
f 6405 6398 6491
f 6494 6491 6398
f 6398 6405 6406
f 6398 6406 6407
f 6499 6500 6501
f 6501 6502 6413
f 6500 6503 6501
f 6501 6503 6502
f 6504 6500 6505
f 6500 6506 6505
f 6502 6507 6413
f 6508 6411 6410
f 6409 6412 6499
f 6501 6413 6409
f 6412 6411 6506
f 6506 6411 6508
f 6509 6410 6418
f 6409 6499 6501
f 6500 6412 6506
f 6500 6499 6412
f 6510 6508 6410
f 6510 6410 6509
f 6511 6509 6418
f 6511 6418 6420
f 6511 6510 6509
f 6512 6513 6511
f 6507 6414 6413
f 6514 6416 6414
f 6507 6514 6414
f 6515 6416 6514
f 6426 6416 6515
f 6514 6507 6516
f 6517 6514 6516
f 6515 6518 6426
f 6518 6427 6426
f 6516 6514 6517
f 6514 6516 6519
f 6519 6515 6514
f 6515 6519 6518
f 6427 6518 6428
f 6519 6516 6520
f 6519 6520 6518
f 6417 6416 6426
f 6428 6425 6427
f 6419 6521 6420
f 6420 6521 6511
f 6512 6511 6521
f 6522 6421 6429
f 6421 6521 6419
f 6521 6421 6522
f 6512 6521 6522
f 6523 6512 6522
f 6523 6522 6524
f 6522 6429 6430
f 6525 6329 6422
f 6422 6331 6526
f 6430 6329 6525
f 6430 6524 6522
f 6525 6524 6430
f 6524 6525 6527
f 6525 6422 6527
f 6528 6422 6526
f 6527 6422 6528
f 6428 6526 6330
f 6526 6331 6330
f 6442 6441 6529
f 6529 6443 6442
f 6442 6443 6438
f 6530 6446 6444
f 6439 6337 6531
f 6441 6440 6532
f 6532 6533 6441
f 6441 6533 6529
f 6443 6534 6444
f 6534 6530 6444
f 6532 6535 6536
f 6532 6440 6535
f 6536 6533 6532
f 6529 6533 6443
f 6537 6448 6449
f 6348 6448 6538
f 6539 6540 6348
f 6541 6542 6543
f 6541 6543 6445
f 6544 6337 6445
f 6544 6445 6543
f 6545 6544 6543
f 6545 6543 6542
f 6332 6457 6541
f 6337 6332 6445
f 6445 6332 6541
f 6456 6446 6546
f 6530 6546 6446
f 6460 6541 6457
f 6542 6541 6460
f 6464 6467 6547
f 6546 6545 6456
f 6545 6542 6460
f 6465 6450 6447
f 6540 6548 6348
f 6548 6549 6469
f 6549 6550 6469
f 6549 6548 6540
f 6540 6550 6549
f 6348 6548 6451
f 6451 6548 6369
f 6369 6548 6469
f 6469 6550 6551
f 6552 6553 6554
f 6474 6555 6554
f 6552 6556 6557
f 6554 6555 6556
f 6556 6552 6554
f 6474 6558 6555
f 6554 6559 6475
f 6475 6559 6476
f 6560 6561 6559
f 6554 6560 6559
f 6561 6476 6559
f 6476 6561 6562
f 6476 6562 6477
f 6563 6561 6560
f 6561 6563 6562
f 6554 6564 6560
f 6562 6563 6560
f 6554 6553 6564
f 6560 6564 6565
f 6560 6565 6562
f 6562 6566 6477
f 6552 6565 6553
f 6553 6565 6564
f 6565 6566 6562
f 6566 6567 6477
f 6568 6547 6467
f 6464 6363 6467
f 6569 6462 6466
f 6462 6467 6365
f 6568 6467 6462
f 6570 6462 6569
f 6570 6568 6462
f 6468 6569 6466
f 6571 6468 6485
f 6569 6468 6571
f 6572 6569 6571
f 6472 6573 6574
f 6471 6573 6472
f 6470 6469 6551
f 6551 6471 6470
f 6488 6574 6485
f 6472 6574 6488
f 6485 6574 6571
f 6474 6554 6475
f 6477 6482 6483
f 6494 6482 6567
f 6492 6392 6575
f 6477 6567 6482
f 6474 6480 6492
f 6567 6576 6494
f 6486 6488 6485
f 6577 6575 6392
f 6577 6392 6496
f 6577 6496 6495
f 6575 6577 6497
f 6495 6497 6577
f 6578 6497 6576
f 6576 6490 6494
f 6497 6490 6576
f 6500 6504 6503
f 6504 6505 6579
f 6504 6579 6580
f 6580 6503 6504
f 6580 6581 6503
f 6579 6505 6582
f 6583 6502 6503
f 6583 6507 6502
f 6583 6584 6507
f 6581 6583 6503
f 6585 6584 6583
f 6585 6583 6581
f 6586 6585 6581
f 6584 6587 6516
f 6587 6584 6585
f 6588 6589 6508
f 6589 6505 6508
f 6510 6590 6508
f 6590 6588 6508
f 6591 6590 6510
f 6510 6513 6591
f 6513 6510 6511
f 6505 6506 6508
f 6592 6523 6527
f 6516 6507 6584
f 6520 6428 6518
f 6526 6428 6593
f 6587 6520 6516
f 6594 6526 6593
f 6526 6594 6528
f 6595 6428 6520
f 6527 6523 6524
f 6527 6528 6594
f 6440 6596 6535
f 6597 6598 6535
f 6599 6596 6535
f 6535 6596 6597
f 6535 6596 6599
f 6600 6601 6596
f 6596 6602 6599
f 6603 6596 6599
f 6603 6597 6596
f 6602 6596 6601
f 6535 6604 6536
f 6598 6604 6535
f 6605 6606 6598
f 6605 6598 6597
f 6607 6605 6597
f 6607 6606 6605
f 6608 6337 6544
f 6531 6337 6608
f 6439 6600 6440
f 6609 6608 6544
f 6610 6609 6544
f 6596 6440 6600
f 6531 6600 6439
f 6531 6608 6611
f 6611 6608 6609
f 6612 6613 6609
f 6600 6531 6614
f 6615 6611 6609
f 6609 6613 6616
f 6615 6617 6611
f 6617 6615 6616
f 6616 6615 6609
f 6616 6613 6618
f 6614 6601 6600
f 6443 6533 6619
f 6619 6534 6443
f 6620 6530 6534
f 6536 6604 6533
f 6619 6533 6604
f 6606 6448 6537
f 6621 6620 6534
f 6622 6537 6449
f 6534 6622 6449
f 6534 6449 6450
f 6534 6450 6623
f 6450 6465 6623
f 6620 6613 6530
f 6622 6619 6598
f 6619 6604 6598
f 6606 6537 6622
f 6534 6619 6622
f 6534 6620 6621
f 6534 6623 6620
f 6620 6621 6613
f 6620 6623 6465
f 6606 6622 6598
f 6620 6465 6624
f 6620 6624 6621
f 6613 6612 6530
f 6624 6621 6625
f 6613 6621 6624
f 6621 6624 6625
f 6613 6624 6618
f 6624 6626 6618
f 6606 6538 6448
f 6538 6539 6348
f 6538 6606 6627
f 6628 6539 6538
f 6540 6539 6628
f 6550 6540 6628
f 6628 6629 6550
f 6629 6630 6550
f 6631 6555 6632
f 6631 6632 6633
f 6634 6631 6633
f 6634 6633 6635
f 6555 6558 6632
f 6633 6636 6637
f 6632 6636 6633
f 6635 6633 6637
f 6638 6634 6635
f 6639 6634 6638
f 6638 6640 6639
f 6640 6638 6641
f 6638 6635 6642
f 6643 6638 6642
f 6643 6641 6638
f 6610 6544 6545
f 6612 6610 6545
f 6609 6610 6612
f 6530 6545 6546
f 6545 6460 6456
f 6644 6547 6568
f 6570 6644 6568
f 6612 6545 6530
f 6465 6464 6626
f 6644 6645 6547
f 6547 6645 6464
f 6645 6626 6464
f 6646 6645 6644
f 6647 6646 6644
f 6644 6570 6647
f 6465 6626 6624
f 6648 6618 6626
f 6648 6626 6645
f 6646 6648 6645
f 6649 6650 6651
f 6652 6471 6551
f 6550 6630 6551
f 6551 6630 6652
f 6652 6573 6471
f 6652 6653 6573
f 6654 6655 6653
f 6573 6653 6655
f 6653 6652 6656
f 6654 6653 6656
f 6556 6552 6557
f 6657 6634 6556
f 6555 6657 6556
f 6552 6556 6634
f 6658 6552 6634
f 6659 6658 6634
f 6657 6555 6631
f 6631 6634 6657
f 6634 6660 6659
f 6658 6659 6661
f 6634 6639 6640
f 6660 6640 6661
f 6660 6634 6640
f 6660 6661 6659
f 6641 6661 6640
f 6641 6662 6576
f 6662 6578 6576
f 6662 6663 6578
f 6552 6664 6565
f 6552 6658 6664
f 6566 6661 6567
f 6566 6565 6661
f 6565 6664 6661
f 6661 6641 6567
f 6658 6661 6664
f 6641 6576 6567
f 6650 6570 6569
f 6572 6650 6569
f 6651 6650 6572
f 6665 6570 6650
f 6574 6573 6655
f 6666 6572 6571
f 6574 6666 6571
f 6666 6667 6572
f 6655 6667 6666
f 6574 6655 6666
f 6667 6651 6572
f 6667 6655 6654
f 6668 6669 6670
f 6474 6492 6558
f 6492 6575 6670
f 6671 6492 6670
f 6558 6492 6671
f 6671 6670 6669
f 6672 6668 6670
f 6575 6673 6670
f 6673 6672 6670
f 6673 6575 6674
f 6575 6675 6674
f 6497 6675 6575
f 6672 6676 6668
f 6675 6673 6674
f 6578 6663 6677
f 6578 6673 6675
f 6677 6673 6578
f 6677 6672 6673
f 6497 6578 6675
f 6678 6582 6679
f 6582 6505 6589
f 6680 6679 6582
f 6680 6681 6679
f 6682 6680 6582
f 6682 6582 6683
f 6683 6582 6589
f 6579 6582 6678
f 6678 6580 6579
f 6678 6681 6580
f 6678 6679 6681
f 6684 6587 6585
f 6586 6684 6585
f 6685 6684 6586
f 6684 6685 6587
f 6587 6685 6686
f 6520 6587 6686
f 6683 6589 6588
f 6591 6513 6512
f 6683 6588 6687
f 6687 6588 6590
f 6590 6688 6687
f 6590 6591 6688
f 6688 6591 6512
f 6689 6688 6512
f 6689 6512 6690
f 6691 6512 6523
f 6523 6592 6691
f 6527 6594 6592
f 6692 6594 6593
f 6428 6595 6692
f 6593 6428 6692
f 6686 6595 6520
f 6602 6693 6599
f 6603 6599 6693
f 6603 6694 6597
f 6694 6607 6597
f 6693 6695 6603
f 6603 6695 6694
f 6601 6693 6602
f 6695 6607 6694
f 6693 6696 6695
f 6695 6696 6607
f 6627 6606 6607
f 6697 6627 6607
f 6696 6697 6607
f 6697 6698 6699
f 6700 6627 6701
f 6699 6627 6697
f 6627 6699 6702
f 6702 6701 6627
f 6703 6704 6705
f 6706 6707 6705
f 6708 6701 6702
f 6699 6698 6702
f 6704 6706 6705
f 6703 6708 6702
f 6705 6707 6709
f 6616 6710 6617
f 6710 6616 6711
f 6616 6618 6711
f 6531 6611 6712
f 6710 6713 6617
f 6710 6711 6714
f 6712 6614 6531
f 6715 6712 6611
f 6715 6611 6617
f 6713 6710 6714
f 6716 6713 6714
f 6714 6711 6716
f 6713 6715 6617
f 6717 6715 6713
f 6718 6717 6713
f 6716 6718 6713
f 6665 6718 6716
f 6719 6665 6720
f 6628 6538 6721
f 6629 6628 6721
f 6629 6722 6630
f 6538 6723 6721
f 6700 6538 6627
f 6723 6538 6700
f 6721 6723 6722
f 6721 6722 6629
f 6723 6724 6722
f 6722 6724 6725
f 6725 6726 6722
f 6703 6705 6636
f 6636 6705 6727
f 6728 6703 6636
f 6728 6725 6724
f 6729 6723 6700
f 6728 6700 6703
f 6723 6729 6724
f 6700 6701 6708
f 6700 6708 6703
f 6728 6730 6700
f 6724 6729 6730
f 6728 6724 6730
f 6700 6731 6729
f 6700 6730 6731
f 6731 6730 6729
f 6632 6558 6636
f 6636 6727 6637
f 6636 6558 6728
f 6558 6671 6728
f 6727 6732 6637
f 6637 6733 6635
f 6728 6671 6725
f 6725 6671 6726
f 6732 6734 6637
f 6733 6637 6734
f 6635 6733 6735
f 6705 6732 6727
f 6709 6732 6705
f 6709 6736 6732
f 6736 6734 6732
f 6734 6736 6737
f 6733 6734 6738
f 6734 6737 6738
f 6738 6739 6733
f 6733 6739 6735
f 6739 6740 6741
f 6735 6739 6741
f 6736 6738 6737
f 6736 6709 6707
f 6738 6742 6739
f 6739 6742 6740
f 6642 6635 6643
f 6635 6735 6643
f 6735 6741 6643
f 6643 6743 6641
f 6643 6741 6743
f 6618 6648 6711
f 6665 6647 6570
f 6711 6648 6716
f 6716 6648 6647
f 6647 6648 6646
f 6665 6716 6647
f 6720 6665 6649
f 6649 6744 6720
f 6650 6649 6665
f 6630 6722 6745
f 6656 6630 6745
f 6651 6654 6746
f 6667 6654 6651
f 6726 6745 6722
f 6726 6656 6745
f 6747 6746 6654
f 6747 6654 6656
f 6746 6656 6748
f 6747 6656 6746
f 6748 6656 6726
f 6748 6726 6749
f 6750 6746 6748
f 6651 6746 6649
f 6751 6748 6749
f 6744 6746 6750
f 6746 6744 6649
f 6751 6750 6748
f 6630 6656 6652
f 6726 6671 6669
f 6752 6753 6754
f 6753 6752 6668
f 6740 6743 6741
f 6749 6669 6668
f 6669 6749 6668
f 6669 6668 6752
f 6755 6669 6752
f 6756 6755 6754
f 6754 6755 6752
f 6726 6669 6749
f 6757 6749 6669
f 6757 6669 6755
f 6749 6757 6751
f 6756 6740 6758
f 6759 6758 6740
f 6760 6751 6757
f 6756 6758 6760
f 6755 6760 6757
f 6760 6755 6756
f 6641 6743 6662
f 6662 6761 6663
f 6662 6754 6761
f 6753 6761 6754
f 6743 6740 6662
f 6754 6662 6756
f 6662 6740 6756
f 6753 6668 6676
f 6663 6761 6677
f 6672 6753 6676
f 6761 6753 6672
f 6677 6761 6672
f 6762 6681 6680
f 6680 6682 6762
f 6763 6682 6683
f 6682 6763 6764
f 6762 6682 6764
f 6765 6763 6683
f 6765 6683 6766
f 6766 6683 6687
f 6767 6586 6681
f 6586 6580 6681
f 6586 6581 6580
f 6681 6762 6767
f 6767 6768 6586
f 6685 6595 6686
f 6687 6688 6769
f 6689 6769 6688
f 6691 6592 6770
f 6592 6771 6770
f 6691 6690 6512
f 6594 6771 6592
f 6594 6692 6771
f 6693 6601 6772
f 6614 6772 6601
f 6772 6614 6773
f 6614 6712 6773
f 6773 6774 6772
f 6773 6775 6774
f 6776 6775 6773
f 6773 6712 6776
f 6693 6777 6696
f 6778 6697 6696
f 6779 6696 6777
f 6779 6778 6696
f 6780 6698 6697
f 6697 6781 6780
f 6782 6780 6781
f 6783 6782 6781
f 6781 6697 6778
f 6781 6778 6784
f 6698 6785 6703
f 6785 6704 6703
f 6703 6702 6698
f 6786 6706 6704
f 6706 6786 6707
f 6782 6704 6785
f 6782 6698 6780
f 6785 6698 6782
f 6786 6704 6787
f 6788 6787 6704
f 6788 6704 6782
f 6782 6783 6788
f 6783 6789 6788
f 6788 6789 6787
f 6790 6787 6789
f 6790 6786 6787
f 6791 6786 6790
f 6707 6786 6791
f 6715 6717 6712
f 6792 6717 6718
f 6719 6792 6718
f 6793 6792 6719
f 6719 6718 6665
f 6794 6720 6795
f 6794 6796 6720
f 6796 6719 6720
f 6720 6744 6795
f 6750 6795 6744
f 6795 6750 6794
f 6797 6758 6759
f 6798 6796 6794
f 6799 6796 6798
f 6797 6799 6798
f 6800 6801 6791
f 6759 6801 6802
f 6799 6797 6803
f 6803 6759 6802
f 6803 6797 6759
f 6802 6801 6800
f 6707 6791 6736
f 6791 6738 6736
f 6791 6742 6738
f 6801 6759 6740
f 6742 6801 6740
f 6791 6801 6742
f 6794 6750 6751
f 6760 6798 6751
f 6760 6797 6798
f 6798 6794 6751
f 6758 6797 6760
f 6804 6805 6806
f 6765 6766 6806
f 6806 6766 6687
f 6806 6687 6807
f 6764 6808 6809
f 6764 6809 6762
f 6810 6808 6763
f 6808 6764 6763
f 6763 6765 6810
f 6805 6765 6806
f 6809 6808 6810
f 6810 6765 6805
f 6586 6811 6685
f 6812 6813 6811
f 6814 6771 6692
f 6811 6586 6768
f 6815 6816 6812
f 6811 6817 6818
f 6811 6818 6812
f 6813 6595 6685
f 6811 6813 6685
f 6812 6595 6813
f 6812 6816 6595
f 6816 6814 6692
f 6595 6816 6692
f 6807 6687 6769
f 6807 6769 6689
f 6690 6807 6689
f 6807 6690 6804
f 6806 6807 6804
f 6804 6690 6819
f 6819 6690 6770
f 6691 6770 6690
f 6820 6821 6693
f 6820 6693 6772
f 6775 6820 6772
f 6693 6821 6777
f 6822 6823 6777
f 6821 6822 6777
f 6823 6779 6777
f 6778 6779 6824
f 6824 6784 6778
f 6825 6824 6779
f 6826 6824 6825
f 6784 6826 6781
f 6824 6826 6784
f 6827 6828 6826
f 6827 6829 6828
f 6712 6830 6776
f 6830 6712 6717
f 6772 6774 6775
f 6717 6792 6831
f 6717 6831 6830
f 6832 6831 6792
f 6832 6833 6834
f 6793 6832 6792
f 6793 6835 6833
f 6826 6783 6781
f 6828 6783 6826
f 6789 6783 6828
f 6790 6789 6828
f 6800 6836 6837
f 6790 6836 6800
f 6800 6837 6802
f 6828 6829 6790
f 6829 6836 6790
f 6829 6838 6836
f 6839 6836 6838
f 6839 6837 6836
f 6840 6837 6839
f 6802 6837 6840
f 6802 6840 6841
f 6803 6802 6841
f 6799 6803 6842
f 6790 6800 6791
f 6793 6719 6835
f 6793 6833 6832
f 6796 6835 6719
f 6799 6835 6796
f 6842 6835 6799
f 6843 6767 6762
f 6762 6809 6843
f 6844 6843 6809
f 6845 6843 6844
f 6844 6846 6845
f 6843 6818 6767
f 6845 6847 6843
f 6768 6817 6811
f 6767 6818 6768
f 6818 6817 6768
f 6818 6848 6812
f 6848 6818 6849
f 6848 6815 6812
f 6810 6805 6850
f 6850 6805 6851
f 6851 6805 6804
f 6844 6852 6853
f 6854 6852 6851
f 6852 6850 6851
f 6855 6851 6804
f 6851 6855 6854
f 6844 6853 6846
f 6852 6856 6853
f 6856 6852 6854
f 6856 6854 6855
f 6857 6856 6855
f 6846 6853 6856
f 6857 6858 6856
f 6850 6809 6810
f 6804 6819 6855
f 6852 6809 6850
f 6844 6809 6852
f 6819 6770 6855
f 6857 6855 6770
f 6857 6770 6859
f 6815 6814 6816
f 6814 6860 6771
f 6861 6822 6821
f 6822 6862 6823
f 6861 6863 6864
f 6822 6864 6862
f 6822 6861 6864
f 6862 6864 6865
f 6864 6863 6865
f 6865 6866 6867
f 6868 6869 6825
f 6825 6869 6870
f 6871 6821 6820
f 6871 6820 6775
f 6871 6775 6872
f 6776 6872 6775
f 6863 6861 6871
f 6871 6861 6821
f 6863 6871 6873
f 6871 6872 6873
f 6872 6776 6873
f 6874 6863 6873
f 6873 6776 6875
f 6876 6877 6776
f 6878 6877 6876
f 6873 6879 6880
f 6874 6873 6880
f 6875 6776 6877
f 6865 6863 6874
f 6879 6873 6875
f 6874 6880 6866
f 6866 6865 6874
f 6879 6881 6882
f 6880 6879 6882
f 6879 6875 6877
f 6878 6879 6877
f 6823 6825 6779
f 6823 6868 6825
f 6826 6825 6827
f 6883 6884 6839
f 6838 6883 6839
f 6825 6829 6827
f 6825 6885 6829
f 6885 6838 6829
f 6885 6883 6838
f 6870 6885 6825
f 6884 6886 6887
f 6776 6830 6876
f 6831 6888 6830
f 6888 6876 6830
f 6878 6876 6888
f 6889 6878 6888
f 6831 6832 6834
f 6888 6831 6834
f 6890 6888 6834
f 6890 6889 6888
f 6834 6833 6891
f 6892 6891 6833
f 6891 6890 6834
f 6891 6892 6893
f 6894 6803 6841
f 6803 6894 6842
f 6835 6842 6833
f 6884 6887 6839
f 6894 6887 6886
f 6841 6887 6894
f 6892 6833 6842
f 6894 6892 6842
f 6894 6886 6892
f 6839 6887 6840
f 6887 6841 6840
f 6895 6896 6847
f 6847 6896 6843
f 6896 6897 6843
f 6818 6843 6897
f 6845 6898 6899
f 6899 6895 6845
f 6845 6895 6847
f 6845 6846 6898
f 6899 6898 6900
f 6895 6901 6896
f 6896 6901 6897
f 6897 6901 6902
f 6899 6903 6895
f 6895 6903 6904
f 6895 6904 6901
f 6902 6901 6905
f 6906 6902 6905
f 6901 6904 6905
f 6904 6907 6905
f 6905 6907 6906
f 6897 6849 6818
f 6849 6897 6902
f 6848 6849 6902
f 6848 6902 6908
f 6908 6902 6909
f 6908 6909 6848
f 6902 6906 6909
f 6856 6910 6846
f 6910 6898 6846
f 6858 6910 6856
f 6910 6911 6898
f 6858 6857 6859
f 6859 6770 6912
f 6771 6912 6770
f 6911 6899 6900
f 6911 6900 6898
f 6913 6910 6858
f 6913 6859 6914
f 6858 6859 6913
f 6914 6859 6915
f 6859 6912 6915
f 6911 6916 6899
f 6899 6916 6903
f 6910 6913 6911
f 6915 6912 6917
f 6914 6918 6913
f 6915 6917 6914
f 6903 6916 6904
f 6918 6916 6911
f 6913 6918 6911
f 6916 6918 6919
f 6918 6920 6919
f 6917 6921 6922
f 6920 6918 6922
f 6922 6918 6917
f 6912 6921 6917
f 6917 6918 6914
f 6916 6907 6904
f 6916 6919 6907
f 6907 6922 6906
f 6906 6922 6921
f 6907 6919 6920
f 6922 6907 6920
f 6848 6923 6815
f 6923 6814 6815
f 6924 6814 6923
f 6924 6860 6814
f 6848 6924 6923
f 6924 6912 6860
f 6860 6912 6771
f 6909 6924 6848
f 6921 6912 6924
f 6924 6909 6921
f 6921 6909 6906
f 6862 6865 6867
f 6925 6867 6866
f 6867 6926 6862
f 6867 6925 6926
f 6862 6927 6823
f 6862 6926 6927
f 6926 6925 6928
f 6928 6925 6929
f 6929 6925 6930
f 6931 6932 6926
f 6926 6932 6927
f 6932 6933 6927
f 6931 6926 6929
f 6926 6928 6929
f 6934 6935 6936
f 6935 6929 6936
f 6937 6932 6931
f 6932 6938 6933
f 6939 6931 6929
f 6937 6931 6939
f 6929 6935 6939
f 6937 6940 6932
f 6932 6940 6938
f 6937 6941 6940
f 6941 6942 6940
f 6940 6942 6938
f 6943 6944 6868
f 6868 6944 6869
f 6823 6933 6868
f 6933 6943 6868
f 6943 6945 6944
f 6823 6927 6933
f 6946 6945 6943
f 6933 6938 6943
f 6946 6947 6945
f 6945 6947 6948
f 6947 6949 6948
f 6942 6950 6938
f 6938 6950 6943
f 6950 6946 6943
f 6950 6951 6946
f 6951 6949 6947
f 6951 6947 6946
f 6949 6952 6953
f 6948 6949 6953
f 6870 6869 6954
f 6869 6944 6954
f 6948 6944 6945
f 6948 6953 6944
f 6925 6866 6880
f 6925 6880 6930
f 6930 6880 6882
f 6930 6882 6881
f 6955 6881 6879
f 6955 6879 6878
f 6955 6956 6881
f 6956 6955 6878
f 6889 6956 6878
f 6929 6930 6936
f 6936 6930 6881
f 6881 6956 6957
f 6890 6956 6889
f 6934 6936 6957
f 6957 6936 6881
f 6957 6956 6890
f 6958 6934 6957
f 6958 6957 6959
f 6959 6957 6890
f 6960 6958 6959
f 6960 6959 6890
f 6961 6934 6958
f 6961 6958 6960
f 6962 6960 6890
f 6963 6962 6890
f 6890 6891 6963
f 6963 6891 6893
f 6964 6893 6892
f 6886 6964 6892
f 6965 6886 6966
f 6886 6965 6964
f 6966 6967 6968
f 6968 6967 6953
f 6968 6965 6966
f 6953 6952 6968
f 6870 6954 6969
f 6870 6969 6885
f 6885 6969 6883
f 6966 6886 6884
f 6954 6967 6969
f 6969 6967 6883
f 6883 6967 6884
f 6967 6966 6884
f 6970 6944 6953
f 6944 6970 6954
f 6954 6970 6967
f 6953 6967 6970
f 6937 6971 6941
f 6971 6942 6941
f 6939 6972 6937
f 6937 6972 6971
f 6939 6935 6973
f 6972 6939 6973
f 6973 6935 6934
f 6974 6942 6971
f 6971 6972 6974
f 6975 6942 6974
f 6972 6976 6974
f 6976 6975 6974
f 6973 6977 6972
f 6977 6973 6978
f 6976 6972 6977
f 6976 6977 6979
f 6976 6979 6980
f 6975 6976 6980
f 6950 6949 6951
f 6949 6981 6952
f 6942 6982 6950
f 6975 6982 6942
f 6982 6983 6950
f 6950 6983 6949
f 6983 6984 6949
f 6984 6983 6981
f 6949 6984 6981
f 6985 6983 6975
f 6983 6982 6975
f 6986 6985 6975
f 6975 6980 6986
f 6973 6934 6987
f 6987 6934 6961
f 6960 6987 6961
f 6960 6962 6963
f 6960 6988 6989
f 6963 6988 6960
f 6990 6988 6963
f 6963 6893 6990
f 6978 6973 6991
f 6991 6973 6987
f 6991 6987 6960
f 6991 6960 6989
f 6964 6990 6893
f 6978 6991 6977
f 6977 6991 6992
f 6993 6986 6980
f 6993 6994 6986
f 6989 6988 6991
f 6991 6988 6992
f 6992 6988 6979
f 6995 6994 6993
f 6995 6979 6988
f 6990 6995 6988
f 6977 6992 6979
f 6980 6979 6993
f 6995 6993 6979
f 6981 6996 6952
f 6952 6996 6968
f 6981 6983 6996
f 6964 6965 6996
f 6996 6965 6968
f 6994 6996 6983
f 6994 6964 6996
f 6990 6964 6995
f 6985 6994 6983
f 6986 6994 6985
f 6964 6994 6995
