# Pulmonary Valve (FMA7246)
# BodyParts3D, (c) The Database Center for Life Science licensed under CC Attribution-Share Alike 2.1 Japan
# Licence: https://creativecommons.org/licenses/by-sa/2.1/jp/
# Modified from the original: see README.md in this repository.
# Units: millimetres. +X = patient left, +Y = posterior, +Z = superior.
# Origin: centroid of the heart wall.
o Pulmonary_Valve
v 16.3299 -7.1002 22.3254
v 15.9617 -6.9252 22.5254
v 16.4140 -6.8142 22.6554
v 16.0172 -6.6402 22.8855
v 15.9453 -7.6222 21.7954
v 15.8703 -7.2202 22.1954
v 16.5522 -7.3872 22.0154
v 15.4948 -7.0542 22.4154
v 15.5552 -6.7572 22.7654
v 15.3960 -7.3572 22.1055
v 16.9538 -6.6282 22.9554
v 16.9481 -6.2132 23.5754
v 17.3258 -6.3962 23.3655
v 16.4803 -6.5492 23.0154
v 15.6732 -5.8512 24.1355
v 16.3449 -6.2182 23.5055
v 15.8093 -6.4162 23.2154
v 16.5040 -5.9022 24.0454
v 17.1108 -5.9132 24.1155
v 17.6995 -6.2102 23.7954
v 18.0357 -6.1562 24.0554
v 17.6867 -5.9592 24.2355
v 18.0578 -5.9432 24.4855
v 16.6395 -5.6142 24.6155
v 17.6127 -5.7112 24.7154
v 18.0637 -5.7482 24.9354
v 16.0194 -5.6192 24.5654
v 16.9296 -5.2592 25.5854
v 17.5968 -5.4442 25.4254
v 16.5398 -9.0572 20.7054
v 15.7165 -8.7532 20.9254
v 16.5106 -8.3572 21.1854
v 16.1484 -7.9312 21.5254
v 15.8902 -9.0972 20.6954
v 15.3118 -7.8872 21.6255
v 15.3922 -9.2612 20.6255
v 15.0162 -10.0752 20.2555
v 14.8691 -9.7002 20.4554
v 15.5556 -9.6172 20.4054
v 18.0204 -8.1472 21.5154
v 17.3503 -7.6792 21.8054
v 17.5980 -7.3022 22.2355
v 16.9306 -7.7942 21.6554
v 17.1679 -7.3872 22.0754
v 16.9732 -8.2342 21.2954
v 17.2619 -8.0122 21.4955
v 17.4117 -8.9952 20.7954
v 17.4444 -8.3462 21.2555
v 16.3957 -7.7392 21.6854
v 16.7777 -6.9942 22.4554
v 16.6404 -8.0192 21.4454
v 18.2858 -7.2752 22.5055
v 18.1843 -6.9042 22.9454
v 18.6687 -7.2452 22.7355
v 18.5009 -6.7062 23.4154
v 18.8205 -6.9382 23.2854
v 17.6717 -7.0292 22.5854
v 18.4064 -7.8692 21.8855
v 17.2549 -7.0982 22.4054
v 17.4317 -6.7372 22.9054
v 17.7867 -6.5192 23.3354
v 18.8588 -6.7052 23.6854
v 19.2856 -6.8802 23.7654
v 18.1726 -6.4862 23.5654
v 18.5378 -6.4762 23.8254
v 18.6571 -6.2062 24.4154
v 19.0473 -6.6002 24.0354
v 19.9175 -6.9642 24.3655
v 19.1786 -6.3342 24.7154
v 18.9133 -6.0792 24.9855
v 19.5464 -6.3612 25.1854
v 18.7995 -5.7822 25.7654
v 20.2398 -6.6582 25.7654
v 20.4401 -6.9422 25.3354
v 19.5876 -6.1832 25.8954
v 16.2944 -11.5442 19.7355
v 15.4480 -10.9782 19.8954
v 16.4535 -10.6262 19.9554
v 18.0882 -9.2992 20.7254
v 17.9032 -9.9402 20.3555
v 17.6251 -9.4152 20.5754
v 16.8503 -9.5442 20.4354
v 17.4451 -10.0582 20.2355
v 16.2449 -9.5902 20.3954
v 16.1872 -10.0882 20.1554
v 16.8250 -10.0632 20.1754
v 17.2564 -10.4652 20.0454
v 18.4607 -8.2952 21.5154
v 17.9156 -8.7022 21.0654
v 18.6372 -8.8802 21.1355
v 17.2624 -9.2192 22.1654
v 17.7292 -9.5802 21.9855
v 17.8471 -9.2552 22.2654
v 18.1592 -9.7392 22.0055
v 17.5993 -10.1642 21.5654
v 18.7614 -7.6262 22.3054
v 19.1000 -8.0802 22.0055
v 19.0086 -8.3742 21.6754
v 19.1325 -7.6102 22.5554
v 19.5846 -7.5562 23.0055
v 19.6788 -7.9352 22.5754
v 19.6462 -8.4062 22.0154
v 19.9644 -8.2062 22.4855
v 19.1311 -7.1792 23.1654
v 18.7912 -9.2882 22.6355
v 19.1549 -9.2802 22.8954
v 18.8128 -9.1262 22.8154
v 19.2286 -9.0072 23.2455
v 17.3745 -8.9002 22.4554
v 18.0785 -8.8552 22.7054
v 17.5970 -8.5112 22.9054
v 18.4659 -8.8192 22.9254
v 18.2701 -8.5012 23.1954
v 18.6853 -8.6782 23.2355
v 18.3818 -9.1052 22.5954
v 18.6894 -9.5952 22.3254
v 18.9872 -8.4972 23.7254
v 19.6542 -8.9842 23.7355
v 19.8761 -7.8202 22.9054
v 19.7871 -7.4422 23.3755
v 20.2958 -7.8042 23.3954
v 20.0426 -7.3082 23.8954
v 20.6918 -7.8152 23.9254
v 20.5726 -7.4652 24.3954
v 21.0702 -7.6602 24.9354
v 20.8552 -7.1762 25.6854
v 21.4790 -7.9062 25.3254
v 21.0434 -7.1862 26.6654
v 21.3777 -7.5872 26.0454
v 16.9465 -11.5042 19.7555
v 17.5636 -11.5022 19.8054
v 17.4682 -12.2132 19.7154
v 17.8020 -11.8282 19.7954
v 18.6264 -9.8722 20.5654
v 18.4613 -10.2522 20.3555
v 17.8602 -10.4792 20.1255
v 18.6922 -10.8312 20.2054
v 18.3739 -11.0882 20.0454
v 19.0483 -11.3212 20.1754
v 19.1164 -10.7522 20.3755
v 17.7892 -11.0512 19.9354
v 17.1824 -11.0412 19.8655
v 18.0285 -11.3732 19.9054
v 18.5621 -11.7172 19.9554
v 19.2949 -9.8592 20.8154
v 18.7863 -9.2552 20.9454
v 19.5825 -9.4022 21.2154
v 19.8311 -9.9602 21.0354
v 18.8884 -10.1702 20.5154
v 19.5259 -10.6912 20.5654
v 18.9661 -10.1202 22.1155
v 18.1454 -10.7342 21.4354
v 18.6963 -10.5652 21.7355
v 18.6696 -11.0862 21.4855
v 19.2013 -10.9392 21.8154
v 19.7081 -10.5772 22.3154
v 19.3103 -8.8712 21.4254
v 20.2954 -8.9132 22.0454
v 19.8242 -8.9892 21.6355
v 20.3262 -9.3672 21.7054
v 20.7812 -9.3102 22.1454
v 21.0125 -9.0352 22.6554
v 20.0890 -9.5292 21.4354
v 20.4450 -10.2642 21.2654
v 20.8046 -9.7722 21.8254
v 21.2449 -9.7322 22.2854
v 19.2004 -9.7172 22.5454
v 19.6848 -9.8702 22.7954
v 19.5024 -9.2912 23.1854
v 19.4594 -10.0182 22.4955
v 20.1236 -9.8322 23.2555
v 19.9235 -9.2742 23.6754
v 19.8201 -10.2592 22.6155
v 20.1603 -10.2782 22.9054
v 20.4355 -8.3752 22.7555
v 21.5614 -9.7792 22.6155
v 20.8787 -8.1442 23.6754
v 20.8860 -8.5682 23.0554
v 21.4822 -9.1372 23.1654
v 21.4852 -8.7012 23.7654
v 21.1202 -8.0342 24.2555
v 20.5713 -9.5952 24.1654
v 21.7325 -8.3972 24.7954
v 21.8929 -8.9442 24.1255
v 22.0475 -8.5032 25.4454
v 22.0505 -8.6872 24.9855
v 21.9003 -8.1852 25.9454
v 22.2947 -8.8182 25.4154
v 22.5169 -8.9752 25.8855
v 21.7603 -7.9162 26.7555
v 19.4681 -11.2482 20.3555
v 19.2148 -11.7092 20.1554
v 19.7918 -11.7762 20.3855
v 19.5883 -12.2012 20.2254
v 18.6132 -12.2252 19.9154
v 19.2568 -12.4732 20.0854
v 19.8558 -12.7902 20.3154
v 19.2911 -13.2642 20.1255
v 18.6652 -12.9762 19.9254
v 20.1341 -10.9962 20.7754
v 20.7642 -11.0422 21.1554
v 20.2265 -11.4412 20.6854
v 20.7109 -11.5942 20.9354
v 20.3910 -12.0972 20.6355
v 21.0021 -12.1602 21.0154
v 21.4802 -10.3062 22.1255
v 21.2533 -10.7012 21.6854
v 21.9607 -11.2312 22.1255
v 21.0998 -11.3122 21.3054
v 20.3696 -11.0732 22.6155
v 20.2838 -10.6812 22.7455
v 19.6931 -11.0842 22.0454
v 20.4959 -10.5482 23.0654
v 20.4688 -11.8032 22.3755
v 21.9575 -9.7902 23.1355
v 22.0150 -9.5362 23.5154
v 22.2932 -9.6272 23.8954
v 22.2446 -9.8722 23.5055
v 22.0073 -10.4662 22.6255
v 22.3989 -10.4832 23.1554
v 22.7376 -10.3172 23.9154
v 20.8862 -10.3212 23.7455
v 22.4298 -9.1912 24.9454
v 22.7406 -9.8812 24.5154
v 22.7686 -9.4732 25.3855
v 22.8731 -9.8412 24.9454
v 23.0246 -10.2112 24.7455
v 23.2086 -10.1682 25.4154
v 23.0908 -9.8162 25.8755
v 20.1652 -12.4892 20.4754
v 20.1015 -13.4132 20.4754
v 19.6788 -13.4902 20.2954
v 20.4316 -13.1432 20.6155
v 20.0392 -14.0332 20.5854
v 20.5749 -12.4862 20.6954
v 21.2688 -11.9632 21.2455
v 21.1771 -12.5592 21.0854
v 21.6632 -12.4662 21.4855
v 21.3991 -13.2062 21.2654
v 21.7481 -13.2152 21.5454
v 21.0383 -13.2112 21.0055
v 20.5525 -13.5652 20.7455
v 21.2706 -13.5862 21.2254
v 20.9981 -13.8042 21.0754
v 21.5675 -11.5392 21.6155
v 22.5366 -11.1682 22.8655
v 22.2923 -11.7742 22.2754
v 22.0373 -12.2012 21.8755
v 22.1385 -12.9322 21.9154
v 22.4318 -12.4592 22.2555
v 22.8050 -11.2172 23.2355
v 22.7091 -11.5162 22.9154
v 23.0758 -11.3172 23.6255
v 23.1952 -10.8032 24.3655
v 22.9888 -11.6062 23.2954
v 22.8856 -11.9142 22.9855
v 23.2552 -11.7122 23.6954
v 23.1609 -12.0092 23.3755
v 23.4616 -10.7212 25.2254
v 23.6234 -11.3242 24.8655
v 23.3445 -11.4642 24.0454
v 23.6585 -11.7722 24.5254
v 23.5197 -11.8742 24.1355
v 21.6572 -13.5462 21.5254
v 21.3695 -13.8572 21.3655
v 22.5655 -12.9072 22.3954
v 21.9878 -13.5972 21.8454
v 22.4279 -13.5782 22.3154
v 22.7935 -13.3022 22.7054
v 22.9704 -12.9082 22.9054
v 22.8367 -12.4612 22.7654
v 23.1164 -12.5512 23.1554
v 23.4199 -12.1232 23.7954
v 23.3137 -12.4352 23.4855
v 13.2055 -7.5122 22.5754
v 14.1580 -6.9692 22.7954
v 13.9864 -7.5582 22.2154
v 13.7076 -8.0192 21.8855
v 14.4769 -7.1642 22.4654
v 14.7141 -6.7572 22.8855
v 14.4948 -6.2782 23.6454
v 14.0581 -6.6092 23.3054
v 13.9188 -6.2892 23.8454
v 13.4089 -6.9002 23.1954
v 15.3728 -5.6552 24.5554
v 14.7938 -5.8562 24.2954
v 15.0530 -6.2882 23.4754
v 15.1606 -5.4132 25.1554
v 15.7071 -5.4362 25.0055
v 14.3398 -5.6622 24.8354
v 14.0300 -5.9422 24.4054
v 13.6968 -5.7932 24.8755
v 13.5984 -5.4902 25.6255
v 14.5929 -5.3272 25.5654
v 15.9192 -5.3032 25.3154
v 16.4451 -5.3512 25.1954
v 16.1967 -5.2112 25.5954
v 16.2918 -5.0972 26.0254
v 15.8100 -5.2042 25.6355
v 15.2460 -5.1832 25.7954
v 14.4474 -4.9852 26.9054
v 15.6567 -5.0472 26.2355
v 15.2935 -4.8672 27.2754
v 16.6703 -5.0722 26.2555
v 15.9985 -4.9502 26.7455
v 16.9337 -4.9942 27.1255
v 15.9085 -4.8682 27.3354
v 17.1794 -4.9932 28.3254
v 17.4639 -5.0942 27.3054
v 13.0236 -9.0782 21.3354
v 13.9548 -8.7492 21.2355
v 13.6009 -9.5552 20.8454
v 12.6055 -8.9472 21.6055
v 13.1040 -8.5292 21.7054
v 14.3173 -8.4592 21.3454
v 14.7184 -7.4292 22.1355
v 14.3018 -9.1952 22.3254
v 14.3904 -8.6592 22.7954
v 13.6964 -8.9952 22.7054
v 14.8230 -7.1192 22.4354
v 15.5218 -8.2302 23.0454
v 15.3797 -7.8522 23.5154
v 14.4554 -8.1512 23.3054
v 14.8942 -8.4882 22.8555
v 15.1522 -7.6252 23.8555
v 14.5734 -7.6002 24.0354
v 16.0610 -7.8302 23.5055
v 15.8033 -7.5842 23.8555
v 16.0478 -7.4132 24.1255
v 16.4735 -7.3332 24.2954
v 16.1981 -7.1072 24.6754
v 17.0155 -6.9862 25.0654
v 15.4513 -7.2032 24.4955
v 15.7076 -6.8312 25.2054
v 16.6311 -6.8312 25.2954
v 16.9316 -6.6522 25.7954
v 17.4957 -6.9002 25.4654
v 16.1363 -6.5602 25.8354
v 16.4264 -6.3932 26.3454
v 17.1981 -6.5132 26.3454
v 17.9413 -5.4592 25.7154
v 17.2948 -5.2502 25.8454
v 18.1489 -5.3882 26.3454
v 17.7498 -5.2682 26.3254
v 18.9794 -5.7412 26.4254
v 17.5024 -5.1792 26.4855
v 17.9315 -6.8652 25.9354
v 18.7612 -5.5642 27.3454
v 18.1604 -5.3082 27.4454
v 18.4856 -5.4532 28.3555
v 19.2145 -5.8102 27.9554
v 14.3195 -9.9242 20.4654
v 14.7043 -9.3452 20.6754
v 14.6301 -10.4112 20.1954
v 14.0629 -10.6562 20.2355
v 13.7523 -10.1702 20.5055
v 12.8140 -9.9992 20.8954
v 13.2615 -11.1172 20.3054
v 14.6855 -8.6332 21.1355
v 15.3758 -9.5082 21.8954
v 15.8866 -9.5742 21.7954
v 15.6732 -9.0322 22.2355
v 15.0684 -9.9992 21.5854
v 15.0074 -9.0902 22.2555
v 14.6820 -9.5792 21.9454
v 14.1755 -10.2672 21.6255
v 14.6959 -10.5632 21.3555
v 15.3971 -10.4632 21.2854
v 16.4598 -8.8902 22.3555
v 16.6604 -8.2812 22.9855
v 16.0741 -8.4912 22.7355
v 16.7400 -8.0012 23.3254
v 16.2995 -8.0982 23.1754
v 15.6041 -8.6232 22.6255
v 17.2127 -8.1102 23.2754
v 17.7827 -8.1642 23.4054
v 17.3466 -7.8022 23.7355
v 17.9389 -7.8512 23.9454
v 16.9212 -7.6592 23.8354
v 17.5339 -7.4752 24.3555
v 17.1746 -7.2902 24.5454
v 16.3494 -7.6692 23.7455
v 18.1701 -7.5082 24.6954
v 18.8975 -7.9252 24.6055
v 18.7606 -7.5952 25.1055
v 17.5663 -7.2502 24.7654
v 18.0214 -7.1922 25.2054
v 19.3710 -5.9462 26.5055
v 19.8569 -6.2852 26.2954
v 18.3542 -7.0332 25.9654
v 19.0668 -7.4672 25.9054
v 18.6633 -7.0892 26.3054
v 18.3320 -6.8712 26.4554
v 17.9815 -6.6762 26.6355
v 18.4556 -6.8422 26.8954
v 19.0737 -7.1522 27.1854
v 19.2052 -7.4202 26.3254
v 19.5349 -7.5092 26.9454
v 19.7906 -6.1742 26.8454
v 20.4590 -6.6602 26.8454
v 20.1791 -6.4392 27.2355
v 19.5818 -6.0522 28.1155
v 19.2004 -7.1642 27.8755
v 20.2499 -6.5492 28.1754
v 19.7801 -6.2482 28.6754
v 20.2630 -6.6322 28.7054
v 15.3686 -11.8342 19.7455
v 14.3493 -13.0372 19.8254
v 14.3934 -11.9212 19.8755
v 13.5713 -11.6852 20.0854
v 13.9669 -11.2572 20.0854
v 14.3897 -10.8782 20.0954
v 14.6807 -11.3982 19.9054
v 15.7914 -11.3982 20.9154
v 15.8668 -10.8212 21.0954
v 15.3098 -11.2992 20.9754
v 15.1937 -10.8882 21.1255
v 15.5378 -11.8812 20.8254
v 15.0897 -12.0182 20.8555
v 14.7602 -11.5242 20.9855
v 16.6863 -9.6622 21.7555
v 16.6919 -10.3892 21.3154
v 16.2250 -10.2732 21.3454
v 16.3618 -10.6602 21.1654
v 16.6533 -10.9242 21.0754
v 16.1598 -11.0832 21.0055
v 18.4866 -8.3632 23.5055
v 18.6795 -8.2522 23.8454
v 19.1713 -8.3972 24.0854
v 19.5467 -8.6202 24.1854
v 19.4393 -8.0682 25.0854
v 20.0841 -8.5812 25.1255
v 19.9501 -8.2482 25.6155
v 19.4437 -7.8762 25.5354
v 20.6317 -8.7752 25.9054
v 19.5085 -7.6702 26.2154
v 19.9824 -7.8922 26.7954
v 20.4830 -8.4592 26.4154
v 20.5239 -6.7722 26.2954
v 20.6870 -6.8712 27.6454
v 21.5326 -7.6752 27.2854
v 20.7154 -7.0062 28.5154
v 21.5529 -7.7542 27.8154
v 19.9323 -7.7632 27.3254
v 20.5020 -8.3062 27.1554
v 20.9348 -8.8952 26.5654
v 15.6421 -13.2102 19.7054
v 15.7136 -12.5982 19.6754
v 16.3455 -12.0302 19.6754
v 16.9098 -12.8792 19.6754
v 16.7086 -13.6992 19.7555
v 16.3821 -11.6702 20.8555
v 16.2475 -12.3192 20.7754
v 16.7646 -12.1322 20.8054
v 16.5174 -12.6192 20.7754
v 16.8983 -12.5522 20.7954
v 16.9605 -12.9462 20.8154
v 15.3510 -12.3152 20.7954
v 15.7102 -13.0752 20.7854
v 16.2580 -13.4332 20.8154
v 17.2824 -10.6642 21.2654
v 17.6360 -11.3962 21.0654
v 18.0655 -11.5622 21.1155
v 18.4578 -11.5052 21.2555
v 17.2281 -11.5512 20.9554
v 17.7295 -11.8392 20.9855
v 18.3053 -11.9112 21.1155
v 17.2581 -11.9722 20.8755
v 17.6704 -12.1532 20.9254
v 17.1887 -12.2982 20.8354
v 20.3932 -9.2572 24.4054
v 21.2114 -10.1522 24.5055
v 20.9140 -9.6572 24.6954
v 20.8922 -9.2622 25.4054
v 21.2661 -9.7322 25.3555
v 21.1483 -9.3802 25.8154
v 21.4867 -9.5162 26.7455
v 21.7473 -10.0032 26.2355
v 22.1106 -8.3562 26.4354
v 21.9300 -8.1172 27.2054
v 22.6301 -9.0152 26.6554
v 22.4607 -8.8372 27.8154
v 21.1541 -9.0552 27.0354
v 21.7678 -9.8492 26.9754
v 18.2401 -13.0712 19.8354
v 17.4455 -13.2492 19.7455
v 17.2410 -14.2982 19.9254
v 17.1847 -13.3992 20.8954
v 16.6623 -14.5082 19.9454
v 18.7996 -12.8192 21.2054
v 19.1917 -12.2312 21.4054
v 18.5113 -12.2492 21.1355
v 18.1680 -12.5352 21.0055
v 18.2396 -13.3002 21.0854
v 18.9599 -13.2352 21.3054
v 17.4020 -12.6532 20.8555
v 17.5680 -12.9912 20.9054
v 17.7345 -13.3912 20.9955
v 18.2199 -13.8842 21.2154
v 17.3771 -13.7892 21.0055
v 18.8886 -11.7212 21.3755
v 19.1598 -11.4772 21.5754
v 19.4820 -12.0072 21.6055
v 19.9561 -12.1722 21.8755
v 19.4697 -12.8122 21.5055
v 20.4963 -12.5622 22.2054
v 20.6135 -10.9572 22.9154
v 20.9184 -10.7732 23.4054
v 20.7149 -11.3862 22.7854
v 20.9299 -11.2492 23.0954
v 21.3391 -11.4902 23.4554
v 20.8045 -11.8282 22.6754
v 20.6629 -12.1802 22.4254
v 21.1329 -11.6162 23.1355
v 21.2187 -10.8392 23.7555
v 21.5603 -10.6702 24.5055
v 21.7971 -11.2422 24.3454
v 21.7219 -11.5172 24.0055
v 21.4759 -10.2712 24.8855
v 21.8179 -10.7852 24.9254
v 21.6914 -10.1992 25.5454
v 22.1254 -10.9002 25.5754
v 22.0887 -10.5112 26.2355
v 22.0016 -10.2412 26.7154
v 22.4476 -11.2422 26.0654
v 22.2887 -10.6942 26.7355
v 23.5160 -10.5272 25.9254
v 23.1141 -9.7152 26.9254
v 22.9360 -9.5182 27.9354
v 23.4654 -10.2982 27.3855
v 23.4895 -10.3712 26.4154
v 22.4555 -8.9882 28.6155
v 18.3951 -13.7712 19.9754
v 17.9900 -14.1372 19.9855
v 18.6130 -14.1442 20.1155
v 18.2206 -14.5022 20.1454
v 18.6655 -14.6752 20.3154
v 17.8500 -14.8442 20.1954
v 18.2968 -15.0162 20.3655
v 18.7712 -15.1752 20.5654
v 18.8359 -13.3812 20.0154
v 19.3788 -14.1522 20.3454
v 19.2382 -14.8492 20.5654
v 20.1051 -14.5582 20.8154
v 20.4651 -14.1062 20.8354
v 18.6794 -14.0332 21.4154
v 19.2645 -13.5412 21.5055
v 20.2958 -12.9832 22.0454
v 19.9952 -13.2202 21.8555
v 20.6448 -12.9932 22.3254
v 19.6152 -13.2462 21.6255
v 19.7209 -13.7272 21.7954
v 20.4206 -13.4422 22.1954
v 20.1184 -13.7482 22.0454
v 19.5548 -13.9602 21.7854
v 20.6712 -13.9542 22.5554
v 20.9521 -13.5972 22.6854
v 19.3987 -14.4252 21.8855
v 20.1614 -14.2262 22.2754
v 21.0810 -12.4112 22.7754
v 21.3256 -11.9952 23.1854
v 20.8379 -12.5802 22.5055
v 21.7877 -12.4762 23.6355
v 21.2309 -12.8402 22.8855
v 20.9834 -13.0142 22.6255
v 21.3499 -13.3052 23.0454
v 21.5870 -13.1422 23.3254
v 20.9791 -13.8672 22.8154
v 21.2712 -13.7902 23.0954
v 21.5318 -11.8692 23.5055
v 21.9131 -11.8982 24.0554
v 21.9913 -11.6192 24.3954
v 22.1532 -11.5452 24.7854
v 22.2546 -11.9732 24.6554
v 22.0822 -12.3042 24.1454
v 22.4828 -11.8782 25.2654
v 22.2328 -12.7732 24.2754
v 22.4089 -12.6412 24.6255
v 22.0803 -13.0982 24.0154
v 22.4988 -12.3492 24.9454
v 21.7781 -13.5222 23.6554
v 22.3016 -13.0642 24.3855
v 22.6147 -13.0622 24.9654
v 23.6558 -11.0982 25.2754
v 23.6676 -10.8972 25.7154
v 23.8661 -11.7012 25.1554
v 23.9470 -11.4772 25.8154
v 24.0706 -11.8912 25.6554
v 22.7653 -12.0222 25.9554
v 23.7597 -10.9212 26.2154
v 23.9823 -11.3842 26.2954
v 24.0883 -11.7102 26.1055
v 23.7442 -10.7922 27.0055
v 24.1514 -11.7122 26.6155
v 24.0043 -11.3372 26.8154
v 24.2744 -11.9762 27.1854
v 23.7685 -10.8502 27.4454
v 23.8759 -11.0862 27.6155
v 20.3239 -15.2322 21.2954
v 20.5247 -14.6022 21.0654
v 19.2801 -15.3002 20.8154
v 19.8838 -15.5882 21.2854
v 20.2374 -15.7812 21.6654
v 21.0522 -14.1352 21.2154
v 21.4071 -14.1142 21.4754
v 21.0908 -14.6022 21.4454
v 21.5947 -14.3292 21.7254
v 22.0556 -14.2182 22.1255
v 21.4303 -14.7852 21.8254
v 21.8995 -14.6832 22.2355
v 20.8842 -15.2312 21.6754
v 21.2266 -15.1962 21.9454
v 21.7020 -15.1012 22.3454
v 22.2958 -14.9302 22.8855
v 21.7786 -15.4082 22.7355
v 20.8175 -15.5872 21.9254
v 21.1538 -15.5452 22.1954
v 22.6329 -13.9892 22.7054
v 23.0809 -13.4802 23.1355
v 22.9304 -14.0722 23.1355
v 23.2437 -13.8542 23.4855
v 23.1298 -14.3942 23.5954
v 22.2681 -14.5652 22.5754
v 22.7372 -14.5822 23.1754
v 21.1358 -14.2772 23.1954
v 21.5470 -14.1112 23.6055
v 23.2480 -13.0352 23.3054
v 23.4415 -12.8892 23.6355
v 23.6271 -12.7872 23.9855
v 23.4013 -13.2122 23.5654
v 23.5916 -13.0742 23.8954
v 23.7835 -13.0212 24.2654
v 23.6721 -13.5832 24.1055
v 23.8351 -13.2932 24.3755
v 23.3708 -14.2472 23.8755
v 23.5953 -14.0802 24.1654
v 23.8011 -13.8932 24.4554
v 22.7767 -12.9882 25.3555
v 22.1425 -13.5182 24.1954
v 22.3782 -13.5792 24.6055
v 23.8217 -12.1852 24.6155
v 24.0278 -12.1172 25.2555
v 23.8818 -12.6622 24.5554
v 24.2986 -12.7832 25.6854
v 24.0349 -12.5982 24.9554
v 23.9694 -13.0262 24.6854
v 24.1300 -13.4272 25.0554
v 24.2245 -13.0372 25.3254
v 24.2808 -13.3942 25.4754
v 24.1790 -13.8882 25.2954
v 24.4735 -12.9992 26.5055
v 24.4494 -13.3882 26.1754
v 24.3102 -12.3182 26.2555
v 24.3325 -12.2112 26.7455
v 22.9080 -15.0292 23.8054
v 22.9863 -14.6442 23.5654
v 22.4181 -15.5102 23.6654
v 23.2408 -14.5252 23.8555
v 23.3175 -14.8322 24.2455
v 23.6769 -14.6082 24.6654
v 23.9970 -14.2822 25.0754
v 13.4077 -6.0952 24.4354
v 12.6541 -6.5192 24.1654
v 12.4947 -6.1402 24.9354
v 11.6998 -6.7702 24.4654
v 12.4541 -6.9212 23.7054
v 11.4526 -7.4102 23.7854
v 12.0329 -7.4992 23.2455
v 11.8230 -6.2542 25.2555
v 12.1894 -6.0302 25.3954
v 12.7682 -5.8282 25.3755
v 12.4785 -5.7282 25.8354
v 12.6356 -5.4692 26.4054
v 14.0217 -5.1362 26.4955
v 13.1664 -5.2452 26.6954
v 13.4622 -4.9652 27.6954
v 14.8723 -4.8412 27.6055
v 12.2957 -5.3452 27.1754
v 13.8892 -4.8232 28.3954
v 14.9989 -4.7782 28.3054
v 11.6763 -8.3482 22.5954
v 12.3447 -8.4702 22.0954
v 11.8722 -8.8822 22.0254
v 11.2235 -8.9852 22.3755
v 10.8411 -8.9122 22.7455
v 11.0714 -8.3302 23.0854
v 12.1639 -7.9282 22.6954
v 12.8113 -7.1622 23.1754
v 11.3158 -7.9702 23.2455
v 12.7364 -8.3032 23.9554
v 12.1656 -8.9122 23.6355
v 12.5628 -8.9422 23.3254
v 12.9569 -7.8162 24.4955
v 13.8714 -7.4642 24.5254
v 13.5196 -7.2952 25.0055
v 13.1946 -7.1562 25.4754
v 12.8178 -7.3682 25.3354
v 13.8014 -8.0072 23.7555
v 14.0186 -6.8102 25.7355
v 15.0354 -6.8732 25.2154
v 14.8188 -6.4662 26.2654
v 14.1177 -7.1342 24.9855
v 14.1554 -6.5542 26.3254
v 13.7732 -6.9892 25.4754
v 13.7102 -6.6892 26.1954
v 13.4920 -6.8632 25.9154
v 13.7368 -6.5182 26.6454
v 14.3252 -6.3342 26.9054
v 15.3839 -6.2422 26.8354
v 15.0100 -6.0462 27.8755
v 16.1762 -4.8292 28.2154
v 15.4320 -4.8192 27.6954
v 16.0977 -6.0992 27.5754
v 15.7738 -5.9872 28.3354
v 16.8413 -6.1212 28.3855
v 16.5414 -4.8892 29.0754
v 17.3196 -5.1152 29.6854
v 16.3959 -4.9282 30.0554
v 11.7524 -10.7072 21.0254
v 11.8059 -9.9102 21.3855
v 11.0997 -10.0622 21.7154
v 11.2371 -10.6802 21.3154
v 11.6071 -11.0942 20.9554
v 10.9065 -10.9962 21.4154
v 12.1793 -9.5762 21.3954
v 11.6883 -9.5262 21.6754
v 11.0457 -9.6252 22.0254
v 10.6729 -9.7722 22.2355
v 13.5508 -8.4312 23.3555
v 13.3736 -9.5022 22.4054
v 12.6176 -10.1552 22.2654
v 13.4131 -10.1902 21.9154
v 12.2774 -9.5042 22.9654
v 14.6544 -7.3572 24.3954
v 15.4985 -6.5852 25.8054
v 16.6767 -6.2722 26.9154
v 17.2275 -6.3482 27.0654
v 17.7458 -6.4622 27.2754
v 17.1537 -6.2472 27.6355
v 17.4644 -6.3012 27.9754
v 18.0343 -6.5412 27.6355
v 19.2561 -5.8762 28.5254
v 18.5303 -5.5152 28.9154
v 17.9023 -5.2272 28.7054
v 18.1637 -6.5622 28.3855
v 17.5893 -6.3262 28.7254
v 16.5024 -6.0272 29.1654
v 18.0440 -6.5142 29.0154
v 19.1143 -5.9112 29.4955
v 18.1753 -5.4392 29.7254
v 18.5719 -5.6952 30.1055
v 19.2802 -6.1992 30.4054
v 18.7269 -6.0022 31.0554
v 19.4649 -6.1722 29.6854
v 12.5132 -10.7712 20.6654
v 12.8468 -11.4932 20.3154
v 13.0750 -12.3322 20.0954
v 12.2839 -11.4922 20.5154
v 12.3815 -12.1832 20.3254
v 11.6683 -11.8102 20.7154
v 11.8893 -12.6542 20.4754
v 12.2650 -12.8282 20.3054
v 11.1873 -11.7532 21.0055
v 13.6451 -10.4812 21.6754
v 13.9430 -10.9672 21.3454
v 13.0181 -10.5362 21.8655
v 13.8342 -10.0702 21.8454
v 12.9899 -11.0592 21.6155
v 13.6539 -11.7372 21.1654
v 12.4016 -10.8412 21.9855
v 11.9690 -10.7402 22.2754
v 12.5754 -11.4342 21.6355
v 12.8019 -11.9922 21.3454
v 18.8231 -6.9272 27.7654
v 18.9557 -7.0182 28.8354
v 19.7333 -7.5632 28.2154
v 19.6419 -7.5662 29.2754
v 20.1039 -6.6882 29.7054
v 19.7774 -6.5282 30.1954
v 20.5324 -7.1562 29.9154
v 20.5288 -6.9602 29.2054
v 20.2114 -6.9922 30.4154
v 13.8139 -12.4512 19.9254
v 12.9603 -12.9762 20.0854
v 12.7153 -12.6682 20.1654
v 13.5562 -12.9602 19.9554
v 13.9951 -13.3692 19.8954
v 13.5138 -13.5502 20.0055
v 12.5081 -13.1372 20.2254
v 14.6299 -12.7042 20.8655
v 14.4755 -12.0432 20.9454
v 13.7872 -12.9382 20.9754
v 12.9110 -13.5762 20.1554
v 14.5517 -13.0472 20.8755
v 13.1157 -12.4902 21.1554
v 13.0155 -13.1242 21.1654
v 13.1978 -13.8562 20.1255
v 20.2913 -8.0632 27.7555
v 20.7065 -8.4842 27.6554
v 20.3621 -8.1722 28.7054
v 20.7675 -8.5842 28.4955
v 20.7183 -8.6622 29.4254
v 20.9840 -7.4692 29.3954
v 21.9474 -8.3832 28.7455
v 21.4745 -8.2242 30.0055
v 20.9336 -7.6422 30.0954
v 20.0854 -8.1632 30.2654
v 15.7690 -13.9272 19.7954
v 15.2642 -13.8412 19.8054
v 14.6068 -13.9032 19.8954
v 15.4311 -14.2482 19.8855
v 14.9336 -14.1562 19.9154
v 14.2871 -14.2122 20.0055
v 13.8114 -14.1062 20.0554
v 14.5187 -13.6322 20.9454
v 14.6393 -14.7312 20.1255
v 14.0092 -14.7752 20.2355
v 15.1357 -12.7832 20.8154
v 15.8788 -13.7552 20.8755
v 15.3293 -13.7072 20.8855
v 15.0327 -13.4262 20.8555
v 15.7244 -14.1892 21.0055
v 15.2340 -14.3762 21.1055
v 21.4410 -9.3822 27.2654
v 21.2554 -9.1092 27.8254
v 21.7198 -9.7342 27.5154
v 21.6652 -9.7062 28.6554
v 22.1291 -8.9632 29.8454
v 22.6435 -9.5142 29.4454
v 21.6712 -9.8422 29.4254
v 22.4520 -9.5502 30.1854
v 16.0283 -14.6412 19.9855
v 16.5260 -14.9302 20.0954
v 15.8776 -15.2702 20.2555
v 15.3147 -14.9392 20.1255
v 15.3310 -15.8242 20.5954
v 16.0965 -16.0072 20.6854
v 15.2148 -15.3362 20.3254
v 17.0527 -14.7182 20.0454
v 17.0664 -14.6582 21.2654
v 17.6367 -14.4172 21.2654
v 16.4953 -14.1272 21.0055
v 15.9440 -14.5612 21.1554
v 16.7576 -14.9592 21.3954
v 17.3588 -14.9802 21.4955
v 16.2618 -15.1492 21.4855
v 15.5136 -14.9902 21.3855
v 22.0341 -10.1992 27.2355
v 22.1002 -10.2672 27.9254
v 22.5004 -10.9202 27.5254
v 22.6388 -11.2482 27.0354
v 22.4342 -10.7992 28.0254
v 22.8104 -11.4922 27.7254
v 22.0230 -10.2682 29.0354
v 22.5617 -11.0882 28.7455
v 23.1451 -9.9892 28.5754
v 23.6780 -10.7212 27.7754
v 23.4446 -10.5902 28.8855
v 23.1635 -10.3352 29.4754
v 22.8367 -9.9492 29.8054
v 23.1476 -10.5032 29.9054
v 16.6149 -15.4362 20.3354
v 17.9480 -15.3442 20.4454
v 18.7584 -15.5912 20.8054
v 17.1307 -15.2322 20.2654
v 18.2241 -15.8432 20.8154
v 17.2523 -15.7162 20.5454
v 17.3042 -16.3042 20.9855
v 18.1502 -16.1912 21.0754
v 16.7461 -16.0992 20.7654
v 17.1590 -15.4912 21.8254
v 18.2208 -15.2292 21.8855
v 18.7263 -14.7312 21.7654
v 18.2979 -14.3982 21.4454
v 19.1681 -14.8062 22.0055
v 19.3536 -15.0202 22.2555
v 17.9951 -14.7562 21.5354
v 18.9106 -15.1582 22.1255
v 18.8232 -15.4912 22.3855
v 17.5608 -15.7712 22.1654
v 18.3474 -15.5902 22.2654
v 18.6904 -15.7732 22.6454
v 19.9784 -14.6612 22.3855
v 20.3428 -14.4352 22.5254
v 20.6728 -14.3862 22.7854
v 22.7272 -11.6802 26.3555
v 22.7931 -12.4792 25.6255
v 22.9654 -12.2052 26.4554
v 22.9713 -12.0112 26.9054
v 23.0760 -12.8772 26.2254
v 23.1727 -12.6242 26.7954
v 24.0413 -11.4082 27.3855
v 24.1335 -11.6902 27.8954
v 23.2506 -12.6482 27.3054
v 23.1467 -12.2582 27.6355
v 22.7520 -11.3872 28.3555
v 23.0296 -11.9572 28.3755
v 23.2613 -12.5312 28.0754
v 23.8618 -11.1852 28.2455
v 23.8046 -11.4232 29.2654
v 24.0233 -11.6672 28.7054
v 23.3653 -10.8292 29.7954
v 24.1840 -12.0742 28.7555
v 23.9891 -11.7832 29.1754
v 24.1451 -12.1972 29.2355
v 18.7042 -15.9612 21.0554
v 18.6086 -16.2852 21.3054
v 17.8989 -16.7712 21.5954
v 19.1907 -15.8712 21.1654
v 19.5629 -16.0842 21.5454
v 20.0702 -16.2402 22.0554
v 20.7157 -15.9042 22.1854
v 19.6272 -16.3782 21.9354
v 19.2392 -16.3622 21.6754
v 18.8885 -16.6102 21.8254
v 19.6438 -16.6192 22.3354
v 20.2591 -16.4642 22.5854
v 19.2786 -16.6282 22.0754
v 20.4327 -14.9722 23.0254
v 20.9342 -14.6912 23.3054
v 21.2076 -15.8272 22.5854
v 20.0944 -15.0122 22.7654
v 20.0953 -15.4502 23.2854
v 20.9129 -16.1372 22.7154
v 19.5827 -15.5042 22.8954
v 20.4108 -15.3852 23.5554
v 20.8427 -15.0192 23.5654
v 20.0487 -15.6722 23.6554
v 22.0477 -13.8362 24.1754
v 21.3661 -14.5472 23.7154
v 21.9040 -14.3142 24.2754
v 21.4220 -14.8322 24.1055
v 21.0212 -15.2322 24.0954
v 21.4552 -15.0912 24.5055
v 20.6238 -15.6432 24.3655
v 21.1645 -15.4062 24.6355
v 21.8685 -14.9272 24.9154
v 22.7062 -13.7502 25.2754
v 22.1512 -14.1732 24.5554
v 22.3703 -14.2162 24.9554
v 22.8768 -13.5242 25.5654
v 22.0991 -14.5452 24.8054
v 22.5488 -14.4292 25.4955
v 22.9729 -14.0682 26.0754
v 22.1509 -15.0472 25.5954
v 22.6558 -14.7772 26.1554
v 23.1804 -13.4602 26.4054
v 23.2444 -13.1152 26.7254
v 23.3343 -13.0972 27.2054
v 23.3573 -13.4632 27.1055
v 22.9229 -14.4432 26.3154
v 23.2703 -13.9972 26.9154
v 23.0861 -14.4232 26.7355
v 24.5074 -12.8422 27.2254
v 24.5526 -13.5242 27.0055
v 24.5078 -13.8522 26.7154
v 24.4762 -12.7362 27.8755
v 24.5520 -13.1582 27.5854
v 24.5705 -13.7732 27.6954
v 24.5409 -13.2972 28.2954
v 23.4429 -13.1912 28.2555
v 24.5359 -14.1572 28.5254
v 24.4350 -12.9492 28.8354
v 21.5439 -16.0072 23.2555
v 21.0748 -16.3322 23.2555
v 21.4340 -16.3482 23.7754
v 20.5643 -16.6102 23.2654
v 20.7703 -16.6522 23.6554
v 22.7274 -15.6602 24.3454
v 22.1502 -16.0722 24.1954
v 22.7316 -15.8872 24.7455
v 22.4224 -16.1812 24.8755
v 23.3713 -15.1142 24.6355
v 23.8451 -14.8102 25.2054
v 24.0489 -14.6202 25.4955
v 23.2124 -15.5832 25.0254
v 23.5271 -15.3022 25.1754
v 23.7598 -15.1452 25.4554
v 23.5740 -15.5832 25.8555
v 23.0733 -15.8582 25.2854
v 22.7131 -16.0882 25.1454
v 23.3330 -15.7312 25.5654
v 24.3255 -13.8362 25.7355
v 24.1603 -14.3212 25.5254
v 24.4196 -13.9932 26.2555
v 24.2945 -14.2692 25.9454
v 24.1060 -14.6912 25.7654
v 24.3111 -14.5102 26.3454
v 23.9189 -15.1212 25.8755
v 24.1730 -14.9272 26.4955
v 24.3737 -14.5942 26.9054
v 23.9981 -15.2232 26.4354
v 23.7964 -15.4152 26.1355
v 24.5447 -13.9202 27.2654
v 24.4623 -14.2692 26.9254
v 24.4980 -14.3232 27.4955
v 24.4135 -14.6522 27.4654
v 10.9471 -6.1542 26.4754
v 10.9391 -6.3462 26.0254
v 10.5676 -6.4842 26.2455
v 11.7148 -5.5452 27.1954
v 12.0619 -5.3072 27.6255
v 11.2710 -5.6892 27.3555
v 11.3989 -5.8172 26.7654
v 11.6036 -5.4352 27.7954
v 10.3040 -6.3272 27.0554
v 10.4939 -6.0942 27.3755
v 11.9271 -5.1782 28.5055
v 12.5304 -4.9552 29.0154
v 13.0131 -4.9092 28.5954
v 12.4613 -5.1092 28.0354
v 10.6883 -5.7002 28.4054
v 11.3441 -5.3762 28.5354
v 9.7476 -8.3692 24.4654
v 10.3312 -8.4072 23.7254
v 10.1543 -9.0382 23.3354
v 9.5541 -9.2012 23.9554
v 11.1541 -7.1812 24.3454
v 10.8319 -7.5062 24.2254
v 10.7299 -8.1722 23.5554
v 10.6075 -7.2652 24.7754
v 10.2800 -7.9002 24.3354
v 10.5643 -6.9692 25.2754
v 9.9677 -7.3662 25.4154
v 9.8736 -7.6772 25.1055
v 9.3659 -8.1912 25.2154
v 11.3750 -6.3932 25.4154
v 11.7613 -6.1102 25.6155
v 10.9083 -6.9212 24.9654
v 11.4579 -6.0772 26.0154
v 10.7039 -6.7082 25.5754
v 10.2915 -6.9122 25.7455
v 12.1554 -7.4842 25.6654
v 11.8612 -7.1782 26.5754
v 11.7137 -7.6302 25.8254
v 10.1446 -6.7382 26.3354
v 9.6502 -7.2422 26.1754
v 11.8244 -5.8532 26.1554
v 11.9549 -5.5902 26.7455
v 12.4314 -6.7652 27.0055
v 13.2616 -6.4272 27.2654
v 12.3993 -6.5352 27.7455
v 13.3430 -6.1222 28.4354
v 12.8572 -5.1312 27.4454
v 12.4744 -6.2242 28.9154
v 14.9564 -4.7542 29.4554
v 14.2285 -4.7712 28.9354
v 13.4885 -4.8142 28.9955
v 12.7847 -4.8842 29.3354
v 13.4154 -4.7992 29.5454
v 14.5732 -4.8152 31.4855
v 15.5446 -4.7862 29.5454
v 15.7794 -4.9702 31.7054
v 10.0354 -10.1062 22.6654
v 10.0721 -10.5602 22.3555
v 9.8124 -10.8282 22.5454
v 9.6499 -10.4992 22.9154
v 10.6854 -8.5412 23.2355
v 10.1478 -9.5162 22.9554
v 9.6980 -9.7222 23.3555
v 11.9903 -8.7422 23.9654
v 12.1284 -8.2782 24.4354
v 12.0994 -9.1972 23.3855
v 11.9169 -9.0762 23.6454
v 11.3864 -8.3062 25.0554
v 11.2335 -8.9682 24.4254
v 11.4896 -9.5112 23.5854
v 10.8511 -9.4172 24.3855
v 10.8565 -8.5702 25.3555
v 12.7724 -7.1362 25.8054
v 11.9879 -7.7542 25.3354
v 11.0048 -8.1112 25.8254
v 13.1940 -6.7532 26.3755
v 14.2170 -6.0332 28.2355
v 13.5853 -5.9832 29.0055
v 15.9912 -5.9532 29.2254
v 14.8452 -5.9072 29.0554
v 14.2299 -5.9072 29.2154
v 16.7104 -5.0922 31.0154
v 16.1614 -5.9932 30.2754
v 15.6116 -5.9772 31.5554
v 16.9390 -6.2202 30.8855
v 17.7708 -5.3972 30.5954
v 17.3688 -5.4012 31.4855
v 16.9372 -5.3102 31.8354
v 16.2665 -5.1202 31.9554
v 17.3422 -5.5102 31.9554
v 10.7907 -10.6002 21.6554
v 10.3951 -10.4862 22.0554
v 10.2950 -10.8372 21.9955
v 10.6862 -11.9942 21.3454
v 10.2801 -11.3672 21.8555
v 10.0354 -11.1052 22.1854
v 10.4357 -12.2562 21.5454
v 9.6307 -11.2802 22.6454
v 11.8355 -9.8952 22.9354
v 11.6613 -10.5332 22.5954
v 11.4399 -10.0192 23.1554
v 11.7372 -10.9532 22.2954
v 11.7732 -11.1682 22.1654
v 11.5591 -11.1222 22.3454
v 11.6739 -11.5162 22.0954
v 11.2576 -11.4182 22.4855
v 10.7977 -10.1632 23.7555
v 10.8852 -10.5512 23.3354
v 11.1293 -10.7942 22.8954
v 10.8967 -11.3122 22.9054
v 10.8190 -10.8592 23.2154
v 11.8643 -9.4342 23.3254
v 17.2901 -6.2432 29.7654
v 18.6672 -6.9222 29.8555
v 17.9446 -6.5572 30.2455
v 18.5157 -6.9932 30.9955
v 17.9538 -5.7152 31.6255
v 17.5848 -6.4872 31.0654
v 18.6348 -6.2492 31.9554
v 19.0231 -6.3682 31.5454
v 18.9634 -6.5012 31.9855
v 11.5932 -12.9472 20.6255
v 12.0322 -13.0562 20.4054
v 11.5549 -13.5392 20.7054
v 11.3299 -13.2172 20.8054
v 11.1195 -12.8852 20.9254
v 10.9559 -13.6082 21.1055
v 10.6822 -12.8002 21.2754
v 11.3007 -13.8032 20.8954
v 11.4429 -12.2912 20.7555
v 12.6508 -12.6602 21.2854
v 12.2773 -11.9652 21.5854
v 10.9801 -12.2232 21.0754
v 11.7981 -11.9082 21.8855
v 12.0446 -12.4522 21.6155
v 12.0689 -11.3952 21.8954
v 11.6761 -12.5562 21.8655
v 11.4423 -12.0042 22.1454
v 11.8519 -12.9112 21.6954
v 11.2642 -12.4532 22.2455
v 11.4291 -12.8152 22.0654
v 11.7084 -13.3372 21.8454
v 12.3109 -13.5482 21.5055
v 11.1247 -12.0742 22.4554
v 19.7252 -6.7022 30.8954
v 19.0238 -7.2812 30.6055
v 19.2316 -6.3712 31.1055
v 19.4926 -7.6972 30.7355
v 19.1605 -7.5982 31.5254
v 19.4546 -7.8732 31.5154
v 18.1166 -6.8712 31.6854
v 18.6867 -7.2082 31.5154
v 19.9958 -7.0392 31.0954
v 20.6145 -7.4762 30.5954
v 20.2175 -7.4562 31.4955
v 19.5222 -6.6952 31.3354
v 19.7909 -7.0342 31.5454
v 19.4625 -6.8282 31.7754
v 19.8656 -7.3132 31.9554
v 19.0435 -6.7762 32.3954
v 20.5118 -8.1072 32.0454
v 19.5353 -7.1082 32.1754
v 19.7768 -7.4652 32.3454
v 12.2084 -13.4322 20.3655
v 12.0631 -13.8602 20.5055
v 12.7565 -14.0092 20.2754
v 12.3552 -14.4192 20.5454
v 11.5447 -14.1142 20.8254
v 12.5675 -15.0792 20.7455
v 13.1050 -14.8142 20.4554
v 11.5836 -14.6522 20.9955
v 13.4476 -13.2602 21.0654
v 13.4348 -13.5522 21.1155
v 13.7434 -13.5342 21.0454
v 12.4581 -13.1202 21.3655
v 12.8501 -13.5652 21.2754
v 13.7745 -13.8472 21.1055
v 13.3166 -14.2442 21.3454
v 12.5832 -13.8382 21.4554
v 12.7519 -14.2442 21.5454
v 12.0658 -13.8072 21.7154
v 12.2200 -14.2222 21.7754
v 21.0246 -7.9102 30.5254
v 21.2652 -9.5442 30.2555
v 20.4326 -8.8242 31.1355
v 20.0316 -8.3852 31.2054
v 19.6944 -8.2782 31.9354
v 21.6907 -8.6442 30.3954
v 20.7674 -8.0322 31.4154
v 21.4316 -8.7682 31.2854
v 21.1760 -8.8432 31.9154
v 12.7744 -15.4592 20.8755
v 12.0174 -15.0692 20.9554
v 12.2153 -15.4562 21.0754
v 13.3755 -14.5392 20.2854
v 14.3770 -14.0532 21.0654
v 14.5284 -15.1352 20.3054
v 14.0836 -15.2912 20.4554
v 14.6202 -14.6922 21.3054
v 13.8158 -14.6182 21.3954
v 13.4372 -15.0642 20.4855
v 14.6202 -15.3052 21.6854
v 13.6532 -15.4382 20.6255
v 13.1986 -15.9592 21.0554
v 13.2784 -14.8832 21.6854
v 13.8122 -15.2332 21.7654
v 22.1409 -9.3802 30.6954
v 21.7587 -10.1582 30.1055
v 21.4615 -10.0242 30.8755
v 20.7813 -9.3922 31.4955
v 20.9559 -9.8872 32.0954
v 22.5928 -10.0692 30.7455
v 22.1132 -9.8142 31.4454
v 21.5099 -9.3742 32.0154
v 15.8159 -16.2532 20.8755
v 14.5030 -15.7652 20.6554
v 14.8843 -15.9812 20.7455
v 14.0726 -15.9112 20.8254
v 15.1658 -16.3112 20.9654
v 14.4540 -16.1282 20.9154
v 14.2664 -16.7392 21.4554
v 13.7078 -16.6262 21.4554
v 14.8391 -17.0002 21.6454
v 16.0157 -16.6852 21.2455
v 16.5651 -15.4652 21.7254
v 15.8805 -15.5462 21.7754
v 15.3448 -15.4802 21.7455
v 16.2110 -15.8432 22.0554
v 15.1160 -15.7272 21.9754
v 15.7016 -15.8112 22.0154
v 14.6291 -15.6722 21.9754
v 15.5701 -16.2242 22.4754
v 15.8970 -16.1942 22.4254
v 14.8656 -15.9422 22.2154
v 22.7795 -10.0872 30.2754
v 22.1178 -10.5802 29.7254
v 23.2065 -10.7832 30.2455
v 22.5262 -11.3442 29.9754
v 22.0314 -10.8702 30.8855
v 22.5557 -11.7472 30.8354
v 21.7504 -10.6792 31.4254
v 23.0846 -11.0142 30.9054
v 22.5540 -10.5532 31.4955
v 22.1214 -10.1452 31.8154
v 16.2445 -16.4382 21.0154
v 16.3614 -16.9612 21.5554
v 15.9212 -17.1092 21.7154
v 16.8129 -16.4812 21.0854
v 17.4344 -16.6712 21.3555
v 16.8566 -16.0492 22.3354
v 16.5222 -16.7102 21.2854
v 16.7877 -16.7972 21.3954
v 16.8772 -17.0972 21.7954
v 16.6678 -16.2692 22.6055
v 16.9945 -16.2092 22.5854
v 16.7767 -16.3972 22.8655
v 16.4097 -17.2372 21.9454
v 17.9227 -15.9732 22.5454
v 18.5120 -16.0052 22.9154
v 17.5017 -16.3652 23.1055
v 18.4830 -16.1942 23.3254
v 18.5643 -16.2992 23.8855
v 15.8126 -16.8232 23.6155
v 22.9458 -11.8372 28.7954
v 23.3491 -12.8272 28.7754
v 23.6249 -11.4572 30.0554
v 23.9440 -11.9062 29.6255
v 24.0743 -12.3732 29.8555
v 23.8435 -11.9592 30.0954
v 23.0958 -12.4272 29.7854
v 24.0005 -12.5272 30.3254
v 22.8748 -12.1952 30.4054
v 23.3149 -13.0302 29.7154
v 23.4617 -13.6362 29.3655
v 23.7681 -12.0982 30.5154
v 23.1017 -12.8452 30.6155
v 23.3282 -13.4032 30.3254
v 23.9251 -12.6622 30.6954
v 23.4729 -11.7452 30.8855
v 23.2136 -11.8222 31.5154
v 23.6815 -12.4072 31.0754
v 17.9047 -17.0212 21.9855
v 16.7302 -17.3932 22.3354
v 18.7275 -16.8472 22.1055
v 18.5191 -17.1262 22.6055
v 16.1014 -17.8082 23.3555
v 19.0919 -16.8512 22.3555
v 19.9656 -16.7832 23.0055
v 19.2037 -15.7692 23.0055
v 19.0113 -15.9912 23.2754
v 19.0040 -16.1502 23.7254
v 18.9657 -17.1542 23.1854
v 19.7399 -17.0252 23.6055
v 15.6114 -18.1042 24.4855
v 19.6434 -15.6862 23.2254
v 20.3445 -16.7952 23.5454
v 19.6193 -15.9952 23.9754
v 19.8823 -16.1012 24.9454
v 20.4184 -15.8452 24.6454
v 21.7397 -15.2142 25.1854
v 21.0309 -15.6942 25.1854
v 21.6315 -15.7662 26.6954
v 22.4405 -15.0772 26.2154
v 22.1427 -15.2602 26.0055
v 21.7170 -15.4102 25.5854
v 22.3755 -15.3252 26.6854
v 22.7068 -15.0632 26.8354
v 21.9622 -15.4892 26.2754
v 22.0393 -15.5892 26.8254
v 22.5408 -15.3082 27.1055
v 22.8314 -14.7712 26.5754
v 22.9884 -14.7452 26.9955
v 23.1797 -14.5422 27.2854
v 23.3297 -14.2932 27.5854
v 23.1893 -14.7822 27.9754
v 22.9636 -14.9392 27.4054
v 22.9484 -15.1522 28.0954
v 23.4079 -13.9572 27.6155
v 24.5255 -13.6912 28.8855
v 23.4540 -14.0222 28.1754
v 23.3351 -14.5282 28.2754
v 23.4228 -14.4532 29.8454
v 24.2577 -12.6882 29.5055
v 24.4059 -13.3822 29.5754
v 24.4803 -14.0972 29.4054
v 24.1673 -12.8882 30.1554
v 24.0894 -13.0332 30.5654
v 24.3140 -13.8752 30.3354
v 24.2380 -13.4062 30.3655
v 20.6970 -16.7992 24.0954
v 22.1121 -16.7242 26.5554
v 22.0249 -16.3702 24.7455
v 22.3769 -16.3522 25.2854
v 21.8457 -16.6082 25.3054
v 22.5952 -16.4012 25.9855
v 22.9032 -16.0992 25.5654
v 23.4183 -15.8402 26.1255
v 23.1111 -16.1362 26.2555
v 23.6015 -15.8502 26.8154
v 22.9716 -16.6762 28.6355
v 24.1178 -15.1552 26.8555
v 23.8541 -15.5252 26.7154
v 23.9195 -15.5802 27.2555
v 23.3747 -16.2572 27.7954
v 23.6977 -15.9852 27.9354
v 24.0108 -15.7172 28.6554
v 24.2649 -15.1322 27.8454
v 24.4828 -14.5352 28.1854
v 24.4428 -14.7202 28.8755
v 24.2862 -15.1702 28.4154
v 24.3506 -14.8442 29.8755
v 24.2830 -15.1952 29.5554
v 8.6384 -8.2462 26.7054
v 8.8348 -7.6322 27.3354
v 9.0213 -7.8192 26.4454
v 9.8603 -6.6512 27.0754
v 10.1039 -6.2982 27.5254
v 9.7408 -6.5322 27.6754
v 9.2200 -7.8172 25.9955
v 9.3155 -7.1062 27.2154
v 9.1354 -7.1282 27.6554
v 10.2323 -6.0322 28.1155
v 10.1438 -5.9472 28.7054
v 10.4363 -5.6562 29.4254
v 10.9973 -5.4272 29.1255
v 9.8126 -6.2102 28.5554
v 9.1423 -6.7402 28.8354
v 11.5595 -5.2062 29.1055
v 11.1883 -5.2452 30.2754
v 12.1223 -5.0002 29.6554
v 10.6364 -5.4772 30.2854
v 12.7402 -4.8632 30.4754
v 11.7726 -5.0562 30.5354
v 12.0684 -4.9972 31.9454
v 13.4362 -4.7982 30.7154
v 12.9560 -4.9012 32.2854
v 13.8454 -4.8262 31.8054
v 9.1688 -8.7932 24.8954
v 8.9047 -9.3462 24.8555
v 8.5810 -9.2152 25.6055
v 9.1943 -10.2472 23.7455
v 8.4038 -10.1582 25.3154
v 9.6253 -7.6232 25.5554
v 9.1363 -8.1402 25.6854
v 10.5423 -8.3742 26.0654
v 10.3659 -8.8772 25.6454
v 9.0419 -8.5162 25.4054
v 10.2096 -8.5092 26.4154
v 10.1161 -9.0012 25.9154
v 8.9151 -8.2072 26.0554
v 8.8602 -8.4712 25.8054
v 8.6272 -8.7302 26.0254
v 8.6698 -8.4822 26.2555
v 9.9504 -8.6512 26.7054
v 9.8352 -9.2902 26.1155
v 11.1068 -7.6082 26.5854
v 10.5102 -8.0052 26.7355
v 10.7998 -7.4952 27.3354
v 10.3679 -7.8612 27.3254
v 10.1260 -8.4242 26.7154
v 10.2556 -7.4692 28.6055
v 10.1070 -8.2022 27.1654
v 9.9267 -8.0222 28.0554
v 11.7876 -6.7592 27.8054
v 11.2112 -7.2032 27.4054
v 11.1275 -6.8342 28.6654
v 10.6985 -7.1962 28.3755
v 11.8802 -6.6032 28.2054
v 12.8836 -6.0552 29.3354
v 12.3922 -6.1472 29.5055
v 12.6971 -6.0352 29.8054
v 11.7988 -6.3332 29.5354
v 11.2850 -6.6002 29.2555
v 12.0225 -6.1732 30.1055
v 11.2089 -6.5302 29.8354
v 13.3320 -5.9302 29.7455
v 13.9627 -5.8452 30.5354
v 13.1057 -5.9082 30.4754
v 12.4441 -6.0182 30.5154
v 12.7221 -5.9322 31.6454
v 14.7892 -5.8552 30.1954
v 14.2297 -4.8772 32.3555
v 13.6700 -4.8932 32.5454
v 13.7958 -5.8722 32.1355
v 15.0401 -4.9262 32.2854
v 15.9948 -5.1562 32.4754
v 15.2856 -5.0922 32.9154
v 14.4757 -4.9502 32.7555
v 15.9479 -5.3332 33.1754
v 14.3984 -5.0932 33.4654
v 13.9387 -4.9462 32.9154
v 9.5348 -10.8722 22.9054
v 9.2429 -10.6882 23.4254
v 9.3676 -11.3142 23.0154
v 8.9073 -10.8172 23.9654
v 8.9412 -11.5502 23.6954
v 8.6821 -11.3442 24.2654
v 10.5099 -10.4502 23.9054
v 10.0195 -9.7832 25.2654
v 10.1426 -10.6012 24.4054
v 10.3981 -10.8092 23.8354
v 10.1803 -11.0492 24.0754
v 9.7941 -10.2642 25.3054
v 9.9591 -11.0542 24.4955
v 10.6035 -9.1272 25.0254
v 10.5420 -9.7182 24.5154
v 10.2963 -9.4242 25.1654
v 10.0479 -9.3702 25.6155
v 9.6877 -9.8222 25.8755
v 16.4728 -5.2892 32.4054
v 16.1105 -6.1502 32.3655
v 16.8919 -5.4682 32.4754
v 16.4367 -5.4062 32.8655
v 16.7849 -6.4482 32.8555
v 15.4145 -6.0562 32.8855
v 17.2718 -5.6972 32.6255
v 16.8362 -5.6102 32.9754
v 16.3825 -5.5352 33.3054
v 17.3448 -6.0232 33.2854
v 16.4644 -5.8092 33.7254
v 9.9188 -11.7502 22.1754
v 10.4500 -11.7672 23.3954
v 10.8344 -12.1262 22.7954
v 10.1576 -13.1022 21.8354
v 9.9202 -12.5522 22.1155
v 9.4798 -11.7122 22.7754
v 10.7072 -12.5412 22.9554
v 9.1114 -12.1462 23.3354
v 9.5792 -12.4012 22.5854
v 9.7893 -13.2532 22.3354
v 9.1565 -12.6352 23.2654
v 10.0961 -12.1922 23.9754
v 9.3702 -13.4852 23.0254
v 10.3732 -13.2202 23.5454
v 10.6549 -10.6342 23.5654
v 10.5684 -11.1212 23.4154
v 10.3144 -11.1492 23.7954
v 10.1202 -11.3722 24.0654
v 9.6171 -11.4212 25.1355
v 9.8561 -11.6732 24.5154
v 18.2970 -7.1822 32.4354
v 17.3784 -6.7122 32.7654
v 17.8995 -7.1242 33.1255
v 16.9685 -6.6072 33.1454
v 18.1977 -6.2102 32.5654
v 18.5317 -6.4582 32.5954
v 18.0563 -6.4442 33.1454
v 18.9475 -6.9342 32.7854
v 18.1072 -6.6932 33.2754
v 18.3961 -7.5082 33.2154
v 17.5241 -6.9582 33.3454
v 17.7005 -6.5402 33.4054
v 17.8174 -6.9752 33.3954
v 17.3220 -6.8922 33.4654
v 17.5327 -6.7032 33.4754
v 10.5313 -13.5142 21.4754
v 11.0701 -14.0512 21.1255
v 10.3243 -13.7472 21.7254
v 10.7488 -14.4072 21.4955
v 10.3314 -14.3082 21.8655
v 9.8670 -14.2872 22.4354
v 10.0574 -14.6322 22.2854
v 10.9702 -12.5082 22.5754
v 11.2296 -12.7602 22.2654
v 11.2965 -13.2352 22.2254
v 11.5994 -13.7402 22.0254
v 10.8339 -13.2122 22.7954
v 11.0967 -13.7452 22.5454
v 11.2890 -13.8062 22.3454
v 11.2140 -14.2032 22.5554
v 10.6662 -14.2462 23.3054
v 18.7799 -7.5672 32.4554
v 19.2535 -7.9032 32.1654
v 19.2995 -7.1232 32.5854
v 20.2651 -8.1292 32.4454
v 19.1508 -7.3172 32.9054
v 19.1675 -8.1172 32.9154
v 11.0972 -14.5992 21.2854
v 11.6888 -15.4302 21.3154
v 10.5726 -14.9022 21.8454
v 10.8230 -15.2072 21.7754
v 11.2931 -15.2702 21.4654
v 11.3875 -15.7732 21.7054
v 11.0971 -15.4952 21.7355
v 10.2769 -14.9572 22.1754
v 10.6397 -15.4232 22.0554
v 12.2926 -14.7402 21.9955
v 11.9732 -14.1992 21.9154
v 11.5122 -14.1292 22.2355
v 11.7662 -14.4312 22.1654
v 11.9441 -14.8312 22.2654
v 12.4051 -15.2302 22.2555
v 11.4432 -14.5052 22.4654
v 11.6156 -14.9082 22.5554
v 11.9023 -15.1892 22.5254
v 12.0367 -15.6642 22.8154
v 11.0621 -14.6642 22.9554
v 11.7263 -15.4002 22.8154
v 20.3641 -9.0102 31.8054
v 20.9275 -8.8662 32.3054
v 20.9619 -9.1262 32.4154
v 20.1145 -9.1262 32.7054
v 20.8203 -9.2682 32.4955
v 21.1210 -10.0652 32.3954
v 12.6544 -15.8952 21.1854
v 12.5730 -16.3012 21.5154
v 11.8921 -15.8132 21.4454
v 11.5092 -16.2572 21.9855
v 11.9285 -16.4012 21.8655
v 10.9646 -15.9602 22.1355
v 13.9775 -15.6872 22.0954
v 12.7156 -14.8822 21.8755
v 13.1967 -15.5972 22.2154
v 13.2060 -16.2492 22.8655
v 12.4338 -15.7822 22.7054
v 21.6568 -10.8932 32.1355
v 21.5644 -9.6202 32.1454
v 22.4172 -10.7022 31.8655
v 22.4462 -10.9662 31.9654
v 22.0614 -10.7982 32.1255
v 12.5568 -16.9712 22.1355
v 13.1178 -16.9732 21.9354
v 14.2826 -16.0012 22.3454
v 13.8205 -17.1632 21.9754
v 14.2210 -16.4192 22.8454
v 13.1433 -17.2852 22.2854
v 14.7841 -16.5042 22.8755
v 15.7191 -16.4062 22.7154
v 14.9290 -16.6722 23.1255
v 13.8908 -16.8272 23.4554
v 15.1365 -16.9172 23.6554
v 16.1110 -16.5032 22.9054
v 14.5568 -16.9032 23.5554
v 22.0336 -11.2912 31.7154
v 22.7710 -11.1742 31.7254
v 22.9410 -11.6292 31.7754
v 22.7598 -12.0312 31.9054
v 22.2152 -11.6672 31.8254
v 22.1503 -11.5252 32.0754
v 21.8529 -11.2682 32.1854
v 22.4378 -11.7932 31.9955
v 22.8044 -12.3822 31.0754
v 15.3718 -17.5732 22.4154
v 14.6269 -17.6122 22.4554
v 14.8659 -17.8712 22.9955
v 15.5503 -17.7862 22.9554
v 15.9062 -16.9412 24.1654
v 15.2508 -17.0582 24.1954
v 14.9844 -18.0302 23.5354
v 16.9695 -16.8782 25.5055
v 22.9613 -12.9132 31.3354
v 23.2124 -13.3372 30.8855
v 22.8087 -12.7562 31.6554
v 23.1212 -13.5422 31.5554
v 22.7397 -12.5922 31.9054
v 23.0405 -13.3912 31.8154
v 23.3318 -13.6552 31.7254
v 23.7614 -12.9202 31.3054
v 23.5673 -12.5772 31.4454
v 23.5927 -12.8432 31.5354
v 23.0263 -12.8612 31.8154
v 23.6904 -13.5802 31.5954
v 13.7878 -18.9142 28.1055
v 18.6667 -17.5732 27.8655
v 20.2674 -16.1772 27.7555
v 18.6008 -16.6822 29.1155
v 21.5638 -15.9272 27.6854
v 22.1260 -15.7072 27.6654
v 22.4002 -16.0972 31.0254
v 22.6797 -15.4982 28.5055
v 21.8817 -16.3972 32.1754
v 23.1974 -15.0342 29.2254
v 23.3370 -14.7732 29.5354
v 23.1669 -15.2362 30.2054
v 22.9839 -15.4482 29.9154
v 23.2900 -14.9572 30.5154
v 22.7248 -15.8122 30.6055
v 23.4060 -13.8702 30.2954
v 23.9934 -13.1912 30.9554
v 24.1628 -13.5352 30.7054
v 24.3464 -14.3732 30.2555
v 24.2217 -14.0302 30.7355
v 24.0931 -13.6432 30.9554
v 23.3401 -13.7192 30.6355
v 24.1019 -14.1822 31.1055
v 24.1599 -14.4012 30.9754
v 24.2649 -14.5092 30.5954
v 23.1977 -14.0562 31.7754
v 23.3536 -14.1892 30.8855
v 23.3641 -14.6162 30.5454
v 23.9716 -13.8182 31.3054
v 24.0403 -14.2912 31.2654
v 23.8899 -13.9192 31.4654
v 24.1362 -14.7002 31.0055
v 23.2478 -14.3002 31.5854
v 23.8060 -14.8252 31.5554
v 23.9550 -14.3952 31.4154
v 23.9874 -14.8932 31.3354
v 23.7867 -13.1862 31.3954
v 22.4479 -16.9462 28.9254
v 23.5529 -16.2682 28.7754
v 23.1423 -16.6722 29.3354
v 24.0980 -15.6272 29.6654
v 23.8892 -15.9422 29.1654
v 23.7792 -16.1252 29.9154
v 23.5824 -16.3152 29.3354
v 23.3929 -16.5422 29.8954
v 23.6799 -16.2372 30.3354
v 23.9312 -15.8782 30.2154
v 24.2720 -14.7532 30.4754
v 24.1207 -15.4212 30.4254
v 24.0167 -15.3472 30.9855
v 23.8717 -15.8262 30.7954
v 8.2395 -8.2602 28.1654
v 7.9922 -9.0322 27.6654
v 8.7359 -7.5362 27.9254
v 9.8384 -6.0452 29.2854
v 9.5175 -6.3192 29.1355
v 10.7313 -7.0312 28.8254
v 10.9268 -6.8332 29.1155
v 10.6387 -6.9422 29.4054
v 8.9317 -6.7422 29.8555
v 9.5834 -6.1912 29.5754
v 9.1931 -6.4162 30.5854
v 10.3353 -7.0422 29.9955
v 9.9539 -7.4572 29.6954
v 8.6196 -7.0402 30.2754
v 9.5255 -8.0222 29.5254
v 9.6864 -7.5322 30.6055
v 10.0075 -5.8312 30.1554
v 11.1217 -6.4542 30.7154
v 11.6757 -6.2242 30.6954
v 10.9865 -6.6982 29.5554
v 10.7767 -6.6942 30.2854
v 9.6312 -6.0582 30.5854
v 10.2291 -5.6692 30.7254
v 11.4067 -6.2502 32.0554
v 10.6908 -6.6272 31.4354
v 9.8111 -5.8702 32.0254
v 10.1483 -7.0632 30.7154
v 10.2113 -6.9392 31.4454
v 11.0272 -6.3982 32.7254
v 10.8829 -5.3422 30.8555
v 10.9891 -5.2872 32.4254
v 11.9234 -6.0982 31.5454
v 10.5151 -5.4782 32.3555
v 11.6406 -6.1672 32.7455
v 12.2611 -5.0242 32.9254
v 11.6219 -5.1342 32.9454
v 13.1812 -5.0012 33.2854
v 12.6264 -5.0152 33.1854
v 12.6848 -5.0942 33.7355
v 12.3030 -5.0852 33.4855
v 12.3123 -6.0022 32.1754
v 11.0088 -5.3382 33.5554
v 12.0568 -5.2562 34.3454
v 13.2624 -5.1062 33.8354
v 13.6459 -5.0432 33.4855
v 13.6042 -5.2062 34.1754
v 8.1133 -9.7702 26.2954
v 8.1814 -10.6772 25.6155
v 7.9339 -10.7532 26.2555
v 7.7437 -10.0182 27.2954
v 9.6511 -9.1642 26.6654
v 9.5029 -9.6532 26.4654
v 8.4565 -8.7022 26.5055
v 8.3133 -9.1462 26.3454
v 9.3725 -9.2922 27.2455
v 8.1737 -9.0312 26.9254
v 9.7182 -8.8232 26.9855
v 9.2241 -10.3822 26.5654
v 7.9838 -9.4322 27.0554
v 8.9454 -9.8802 27.9354
v 8.9382 -10.7162 27.2654
v 9.9213 -8.5512 26.9554
v 9.6992 -8.6012 27.4454
v 9.5355 -8.4402 28.3254
v 9.7232 -7.9862 28.8154
v 9.2485 -8.9672 28.2954
v 14.6279 -5.9542 32.9054
v 12.7427 -5.9402 32.4754
v 12.3778 -6.0002 32.8054
v 12.9008 -5.9582 33.1954
v 15.1719 -5.3302 33.8054
v 14.3756 -5.2972 34.1554
v 15.3316 -5.5292 34.0454
v 14.3349 -5.3942 34.3454
v 14.5252 -6.1012 34.1954
v 14.7351 -6.1272 34.3154
v 13.2283 -5.2972 34.5354
v 14.1116 -6.0642 34.2355
v 13.6602 -5.9712 33.7054
v 15.1461 -5.9942 34.1954
v 15.6402 -5.7942 34.0454
v 13.6450 -5.5252 34.6355
v 16.1068 -5.5772 33.6654
v 8.7524 -12.0542 24.0354
v 8.9381 -12.3232 23.6554
v 8.5265 -12.3092 24.5454
v 9.4723 -11.0602 25.6155
v 8.1979 -11.7122 25.3755
v 9.4899 -11.7102 25.3954
v 9.2011 -11.5092 26.2254
v 7.9207 -11.5652 26.1754
v 16.3530 -6.3582 33.2154
v 15.8686 -6.3202 33.7754
v 15.4367 -6.2612 34.1155
v 16.3962 -6.1602 33.8254
v 16.6579 -6.5602 33.5454
v 16.7220 -6.3922 33.7254
v 16.3986 -6.4202 33.7754
v 16.9675 -6.7012 33.6554
v 15.8466 -6.1402 33.9754
v 16.1489 -6.4242 33.8855
v 10.0537 -12.7322 24.0954
v 8.7231 -12.6402 24.1255
v 8.9224 -13.2162 23.8054
v 9.0038 -13.9642 23.8454
v 8.7767 -13.6422 24.2355
v 8.5122 -13.1472 24.7355
v 9.8020 -12.2512 24.5954
v 9.7065 -11.8832 24.8254
v 9.7894 -12.8672 24.6754
v 9.5725 -12.4332 25.1654
v 9.9905 -13.4422 24.3555
v 9.5610 -13.2072 25.4054
v 9.8074 -13.7052 24.8954
v 9.3790 -14.3282 23.2254
v 9.7163 -14.7642 22.8154
v 9.8939 -15.1332 22.7355
v 9.5693 -14.9562 23.1454
v 9.3191 -14.6982 23.4754
v 9.7362 -15.6472 23.2954
v 10.2913 -14.1862 23.9654
v 10.6231 -14.6262 23.5554
v 10.0284 -14.2662 24.5954
v 10.2496 -14.5442 24.2355
v 8.9112 -14.6852 24.3655
v 10.1825 -15.6802 22.6954
v 10.5182 -15.8812 22.4754
v 10.8649 -16.4042 22.5854
v 10.5019 -16.2212 22.7754
v 11.1456 -15.1742 23.1854
v 10.8299 -14.9602 23.4254
v 10.9968 -15.3672 23.5055
v 11.2672 -15.6592 23.4554
v 11.6356 -15.8372 23.2754
v 11.4252 -16.1182 23.7854
v 10.5596 -15.3282 24.1055
v 10.8681 -15.8762 24.1754
v 11.5818 -16.4912 22.1355
v 11.3331 -16.4682 22.2754
v 12.0194 -16.9522 22.3555
v 12.5805 -17.2842 22.4754
v 11.4149 -16.6962 22.4454
v 11.1735 -16.6692 22.5854
v 11.4295 -17.0162 22.7754
v 12.0431 -17.2662 22.7054
v 11.3834 -17.4352 23.3555
v 10.4330 -16.6442 23.2654
v 10.7960 -16.8262 23.0754
v 11.1155 -17.0842 23.0854
v 12.2111 -16.1132 23.1654
v 12.5581 -16.7282 23.7754
v 11.8227 -16.2772 23.6355
v 11.9900 -16.7772 24.2254
v 13.0356 -16.8332 23.7355
v 12.6437 -17.0002 24.2054
v 11.4526 -16.4292 24.1355
v 12.2231 -17.7572 23.3054
v 13.3288 -17.7732 22.8954
v 13.8769 -18.0472 23.3354
v 13.1956 -17.0082 23.9955
v 12.8054 -17.1742 24.4654
v 13.3576 -18.1072 23.5154
v 12.5212 -18.1222 23.8054
v 13.5653 -18.3182 24.0654
v 14.2916 -18.1162 23.5654
v 13.8531 -18.3902 24.3855
v 13.7076 -17.0902 23.9855
v 14.7208 -17.1002 24.0954
v 13.8717 -17.2162 24.2854
v 14.8166 -17.2202 24.6454
v 13.4850 -17.2092 24.3254
v 13.6511 -17.4082 24.8555
v 12.9819 -17.3502 24.8054
v 15.5002 -17.1422 24.8855
v 13.6716 -17.6742 26.1055
v 13.8829 -18.5192 24.9955
v 13.4902 -18.7862 26.2555
v 22.9252 -15.6122 30.6155
v 22.7672 -15.8882 31.7355
v 22.1685 -16.2832 31.8755
v 22.4497 -16.1732 31.8655
v 23.4565 -14.3512 31.6954
v 23.8840 -15.0102 31.4554
v 23.2036 -15.0972 31.5055
v 23.3660 -14.7082 31.7154
v 23.0922 -15.3962 31.4754
v 23.6516 -14.9792 31.6355
v 23.2457 -14.7922 31.5854
v 23.1073 -15.4202 31.7654
v 23.2955 -15.5922 31.7555
v 23.1266 -15.7522 31.7954
v 22.6289 -16.2272 31.9454
v 22.3703 -17.1102 30.4855
v 22.9271 -16.8772 30.1854
v 23.2874 -16.6462 30.3254
v 23.3781 -16.5462 30.7555
v 22.9276 -16.8912 30.7555
v 22.9948 -16.7722 31.4754
v 23.8345 -15.5632 31.2754
v 23.7292 -16.0912 30.7754
v 23.5844 -16.1522 31.2154
v 23.6093 -15.8082 31.5055
v 23.3606 -16.3052 31.5154
v 23.3165 -16.4922 31.3354
v 23.0210 -16.3902 31.7954
v 9.0377 -6.4872 31.8755
v 9.9135 -5.7902 32.7355
v 9.3203 -6.1982 33.1654
v 9.5452 -6.0472 34.0254
v 9.9125 -5.8172 33.8755
v 10.5720 -5.4832 33.4354
v 10.3120 -5.6312 34.0055
v 10.7729 -5.5192 34.4154
v 11.2512 -5.4202 34.5254
v 7.8071 -9.4642 27.7754
v 7.5245 -9.8092 28.7654
v 7.6340 -9.0992 29.4054
v 7.8146 -8.4612 29.7455
v 8.2941 -7.5172 29.9554
v 7.8851 -8.1302 30.3454
v 8.6626 -7.0742 29.6954
v 9.2187 -8.1442 30.6754
v 9.4506 -7.7712 30.8354
v 9.1299 -8.6552 29.6255
v 9.2383 -7.9722 31.4054
v 8.2379 -7.4762 30.8254
v 8.3780 -7.2302 31.6954
v 8.8539 -8.7992 30.7654
v 9.7156 -7.4352 30.9955
v 9.8410 -7.1942 32.7254
v 9.3722 -7.7192 32.2754
v 10.5007 -6.6722 33.3054
v 11.2900 -6.3032 34.1454
v 10.8759 -6.4732 34.0154
v 11.6854 -5.2582 34.0854
v 12.0646 -6.1032 33.9654
v 11.9314 -6.1842 34.6754
v 12.9901 -5.2402 34.4154
v 12.6179 -5.2492 34.4454
v 12.6237 -5.3862 34.7954
v 12.8843 -5.4202 34.7754
v 12.9078 -5.6882 34.8655
v 12.3658 -5.3282 34.6954
v 11.9658 -5.3762 34.7654
v 12.7681 -5.5452 34.8855
v 12.4531 -6.1342 34.7854
v 12.1634 -5.5722 35.0354
v 11.4889 -5.4842 34.9354
v 11.7276 -5.7222 35.1954
v 12.3557 -5.9432 35.0354
v 12.2925 -6.1702 34.9354
v 7.6891 -11.1042 26.9654
v 7.6406 -10.7492 27.2154
v 7.5593 -11.0892 27.4754
v 7.7160 -11.6052 26.8755
v 7.5839 -11.5512 27.4154
v 8.7468 -10.8632 27.8855
v 7.5214 -10.6312 27.8154
v 7.4797 -10.3832 28.2754
v 7.4773 -11.1952 27.9154
v 9.4027 -8.3132 29.2054
v 8.9566 -9.4952 28.5454
v 8.6341 -10.4132 28.7455
v 8.7383 -9.3682 30.0554
v 8.5429 -9.9232 30.2355
v 13.5270 -6.0522 34.4254
v 14.4375 -5.8582 34.4154
v 14.1741 -6.1082 34.4855
v 13.3256 -5.8322 34.7455
v 13.3987 -6.0202 34.6454
v 8.0672 -12.1772 25.7854
v 8.8722 -11.7322 27.3154
v 9.2750 -12.2162 26.0055
v 7.9295 -12.6922 26.4454
v 8.2101 -13.4032 25.7754
v 7.8815 -12.1852 26.4054
v 7.7074 -12.0932 27.0654
v 8.6036 -11.3822 28.5354
v 8.8592 -12.3342 27.6554
v 9.0413 -12.6052 26.9855
v 8.6376 -14.2062 24.8454
v 9.8037 -14.3202 25.2654
v 9.3147 -13.3222 26.3154
v 9.0237 -12.9332 27.2954
v 9.3468 -13.9162 26.7254
v 8.0753 -13.5492 26.4454
v 9.3100 -15.3172 23.8454
v 9.4878 -16.0002 23.9955
v 10.1989 -15.5662 25.1255
v 9.0055 -15.4712 24.6754
v 9.7967 -15.3132 26.2154
v 8.7573 -15.5632 25.5954
v 9.3809 -16.4942 24.6954
v 9.1343 -16.2332 25.0254
v 10.0864 -16.4502 23.4654
v 10.2354 -16.9162 23.7754
v 10.5965 -17.1002 23.5954
v 9.7256 -16.1752 23.7355
v 9.8435 -16.8002 24.1854
v 9.5967 -16.4932 24.2654
v 10.2590 -17.2362 24.1654
v 9.5624 -16.8922 24.7854
v 10.5579 -15.6592 24.4254
v 10.8393 -16.2722 24.7054
v 11.1352 -16.5462 24.6954
v 10.3604 -15.9772 25.1954
v 10.6017 -16.2882 25.1155
v 10.7906 -16.7272 25.4754
v 10.3859 -16.2902 25.5454
v 11.3279 -17.0282 25.3054
v 10.1737 -15.9592 25.6654
v 10.7910 -17.1492 26.2954
v 10.9269 -17.3502 23.6155
v 10.8109 -17.5212 23.9855
v 12.3297 -17.0682 24.5154
v 11.8414 -17.0162 24.7954
v 11.8402 -17.9182 23.7854
v 11.2175 -17.6742 23.8454
v 12.4519 -17.3072 24.9354
v 11.5044 -17.9602 24.1055
v 10.4826 -17.6452 24.5254
v 11.0562 -17.9222 24.4054
v 11.5467 -18.3942 24.9454
v 9.9583 -17.3422 24.7455
v 11.9035 -17.3502 25.4454
v 12.8474 -17.6212 25.6255
v 12.0310 -17.6102 26.0154
v 11.3483 -17.4372 26.1554
v 12.6975 -18.4552 24.5254
v 11.9695 -18.1302 24.1055
v 12.2797 -18.5442 24.9154
v 13.1580 -18.5392 24.7555
v 12.8178 -18.6342 25.0854
v 13.0930 -18.7082 25.4654
v 13.0237 -17.8062 26.4354
v 13.4810 -17.9272 27.8054
v 15.3558 -17.9612 33.8755
v 15.2517 -18.6842 29.8655
v 18.4805 -17.0702 33.0754
v 20.7612 -17.4192 32.2555
v 21.6963 -17.1042 32.1554
v 20.7477 -17.2552 32.4554
v 21.6718 -16.8682 32.2355
v 20.7025 -16.5662 32.3954
v 22.1731 -16.3912 32.0854
v 21.8737 -17.2242 31.7954
v 22.3617 -17.1222 31.3454
v 22.6203 -16.9892 31.6155
v 18.9714 -17.8172 32.5254
v 22.1872 -17.1352 31.7754
v 22.8557 -16.5482 31.8454
v 8.7920 -6.6722 33.2954
v 7.8982 -7.9722 31.9354
v 8.2536 -7.3352 32.9754
v 8.5921 -6.8862 33.8555
v 8.3255 -7.2352 34.2654
v 8.0915 -7.6062 34.1055
v 9.0927 -6.3892 34.0154
v 9.3288 -6.2432 34.5854
v 8.8949 -6.6062 34.5854
v 8.9264 -6.6562 35.1454
v 10.0770 -5.8062 34.5754
v 10.8500 -5.6192 34.9654
v 10.3160 -5.8782 35.2654
v 10.9356 -5.7212 35.2355
v 9.8145 -5.9372 34.5854
v 10.6327 -5.9362 35.4354
v 9.8385 -5.9712 34.8655
v 9.3728 -6.3062 35.1454
v 9.6614 -6.2112 35.4254
v 9.9280 -6.0852 35.4154
v 10.1681 -6.1062 35.5654
v 10.3603 -6.2132 35.6055
v 9.3211 -6.4712 35.5654
v 10.0348 -6.2422 35.6554
v 7.3967 -9.9032 29.7555
v 7.6029 -8.8242 30.3954
v 7.4271 -9.5352 30.6554
v 7.3488 -10.5022 30.4054
v 7.6583 -8.5372 31.3154
v 8.9252 -8.4172 31.7054
v 8.6657 -9.0342 31.6155
v 7.6196 -8.7302 32.3054
v 8.4911 -9.9422 31.9754
v 8.7228 -8.9392 33.7654
v 7.6633 -8.8142 33.7154
v 9.2499 -7.8262 33.5554
v 9.0244 -8.1852 32.5354
v 8.8091 -8.5772 32.3655
v 9.0091 -8.2322 35.1055
v 7.7733 -8.2852 33.0554
v 10.2475 -6.8422 34.4454
v 9.7013 -7.2882 34.2954
v 11.4806 -6.3282 35.1255
v 10.8709 -6.5412 35.4554
v 10.8586 -6.0082 35.4554
v 10.6302 -6.6582 35.4354
v 10.7978 -6.3452 35.5154
v 9.9089 -7.1252 35.4454
v 11.3676 -5.5642 35.0754
v 11.8011 -5.9292 35.2054
v 12.0921 -6.1942 35.1155
v 11.5787 -5.8692 35.2654
v 11.1229 -6.0332 35.4054
v 7.4119 -10.3222 28.8555
v 7.4110 -10.7372 28.5254
v 7.4797 -11.6522 28.1255
v 7.3621 -10.7022 29.0954
v 7.3878 -11.1412 28.7654
v 7.3833 -11.3732 29.7355
v 7.4476 -11.8532 29.1055
v 8.5046 -10.8072 29.3555
v 8.4562 -10.8812 29.9955
v 8.5162 -11.3402 29.3555
v 8.6114 -12.1292 29.6854
v 8.4452 -10.4672 30.8954
v 8.4967 -11.3702 30.7954
v 8.4899 -9.8432 31.4254
v 7.7625 -13.0422 27.5454
v 7.6313 -12.7902 28.4855
v 7.9319 -14.1012 28.2254
v 8.6994 -12.0742 28.3354
v 8.5996 -11.8652 29.0154
v 8.6978 -12.4512 28.9054
v 8.8498 -13.0592 28.5254
v 8.8204 -13.1862 29.5654
v 7.6870 -13.2022 29.9354
v 9.0794 -13.4252 27.5154
v 9.5781 -15.5482 27.9054
v 8.5298 -15.7862 27.0254
v 8.8940 -12.8032 27.8855
v 8.9369 -16.2692 25.7254
v 8.8303 -16.5262 26.6155
v 9.2922 -16.6472 25.0954
v 10.2846 -16.4972 26.1854
v 10.4460 -16.5702 25.8855
v 9.4049 -17.1832 25.6155
v 9.7932 -17.6322 25.5154
v 9.1547 -16.9252 25.9354
v 9.3984 -17.6202 26.4855
v 9.6557 -17.9102 26.3655
v 9.9450 -18.1902 26.3454
v 9.1587 -17.3452 26.7654
v 10.0507 -16.2282 26.5254
v 10.6115 -17.0802 26.5154
v 9.9005 -16.2272 27.2654
v 10.1654 -16.8092 27.3054
v 10.3977 -17.1262 27.2054
v 10.8351 -17.5412 27.1754
v 10.8207 -18.3132 25.3855
v 10.0860 -17.9112 25.5154
v 10.3882 -18.2372 25.7355
v 11.3752 -18.7502 26.0554
v 10.6777 -18.5952 26.2254
v 10.2747 -18.4392 26.3655
v 10.8711 -18.7342 26.4554
v 12.0020 -17.9602 27.3454
v 11.2774 -17.5832 26.6155
v 11.4415 -17.7962 27.0954
v 12.7850 -17.9922 27.5754
v 11.4147 -17.9532 27.8254
v 11.8840 -18.8752 26.2654
v 11.3245 -18.9802 27.0654
v 12.5820 -19.0282 27.1854
v 12.1707 -19.0082 26.9154
v 12.4559 -18.3312 30.5554
v 14.0265 -17.9312 29.0454
v 16.8190 -18.3482 31.2154
v 20.2083 -17.2932 32.6355
v 20.1331 -17.4902 32.5254
v 19.1134 -17.6592 32.8855
v 16.2770 -18.2142 33.8454
v 7.7855 -8.3192 33.9054
v 8.5065 -7.0202 34.5654
v 8.2572 -7.3812 34.6854
v 8.4664 -7.2052 35.2654
v 8.2856 -7.4642 35.2254
v 8.6826 -7.0292 35.5454
v 7.9765 -7.9152 34.6454
v 8.4386 -7.4102 35.6754
v 8.5580 -7.3212 35.8154
v 8.0755 -7.8242 35.0754
v 8.2930 -7.6572 35.6554
v 8.1099 -7.8692 35.3555
v 7.9559 -8.1142 35.0554
v 9.7737 -6.4982 35.7654
v 9.0715 -7.4472 36.0254
v 9.0159 -6.7692 35.6954
v 9.1949 -6.7602 35.8254
v 9.2378 -7.0122 35.9454
v 8.7481 -7.1092 35.8254
v 8.8873 -7.3412 36.0254
v 7.3779 -10.1262 31.0254
v 7.4663 -11.2842 31.3054
v 7.7141 -9.7962 34.7754
v 8.8888 -8.7572 36.0554
v 8.8411 -9.0252 36.0954
v 7.6800 -9.2772 34.5154
v 7.7487 -8.6292 34.5055
v 9.4070 -7.6132 34.9955
v 9.1625 -7.9932 35.6854
v 9.8743 -7.0932 35.7355
v 9.4160 -7.6442 35.8555
v 9.1411 -7.9772 35.9754
v 8.8328 -9.5532 35.9754
v 8.4913 -10.7542 31.8655
v 8.5697 -11.4882 31.9154
v 7.7647 -13.5702 28.9554
v 7.8602 -13.8242 30.1355
v 7.7884 -13.1352 31.2254
v 8.7021 -12.6532 30.4855
v 8.8842 -13.4872 30.2355
v 8.6891 -12.4442 31.2254
v 8.7742 -12.9552 30.8755
v 7.8294 -10.7552 34.6454
v 8.7968 -12.8482 31.5554
v 8.9534 -13.5852 31.0754
v 8.9657 -12.8972 32.6554
v 8.7968 -12.2452 32.7154
v 8.3830 -15.8622 28.8655
v 9.0589 -14.1432 29.5454
v 9.3528 -15.0762 30.4554
v 8.4580 -16.0252 29.4554
v 8.7646 -16.6742 27.3254
v 8.5198 -16.2082 28.1055
v 8.7518 -16.9062 28.3054
v 8.6018 -16.5282 28.7754
v 9.4885 -15.5992 29.2254
v 9.8414 -16.5032 28.4855
v 9.7840 -16.4442 29.3655
v 9.6545 -16.0432 30.1754
v 9.9748 -16.8822 29.7254
v 9.6037 -18.0422 26.8254
v 9.2261 -17.6292 27.1654
v 9.0996 -17.6162 27.9554
v 9.5746 -18.1502 27.2754
v 9.7044 -18.3982 27.7854
v 9.2906 -17.9122 27.8555
v 10.1296 -16.9732 28.0154
v 10.6339 -17.5332 27.6255
v 10.3491 -17.2982 27.9054
v 10.3403 -17.3972 28.4054
v 10.6142 -17.6392 28.1055
v 10.1192 -17.1072 28.6954
v 10.3480 -17.4842 28.9154
v 10.6203 -17.7302 28.6355
v 9.9417 -16.8112 29.1754
v 10.1379 -17.1992 29.2954
v 10.6468 -17.8132 29.2154
v 10.3756 -17.5582 29.4554
v 10.2278 -18.5642 26.8154
v 9.8757 -18.3742 27.0154
v 11.6683 -18.0652 28.1954
v 10.9663 -17.8292 27.9054
v 10.7778 -17.8122 28.3755
v 11.1802 -17.9822 28.3154
v 10.3963 -18.7982 27.4354
v 10.6080 -18.9662 27.9154
v 11.3479 -19.1772 28.2555
v 10.0251 -18.6492 27.7654
v 12.0085 -18.2242 29.1754
v 11.2011 -18.0722 28.9054
v 10.8097 -17.9252 29.1454
v 11.0342 -18.0792 29.6155
v 11.2566 -18.1792 29.7654
v 11.8935 -19.1442 27.7854
v 11.9519 -19.2432 28.6155
v 12.8071 -19.2592 29.9354
v 11.8624 -19.3522 29.9154
v 11.3892 -19.2422 28.8054
v 12.8404 -18.3742 31.9454
v 14.8542 -18.9302 32.0154
v 16.1156 -18.6762 33.3655
v 15.6566 -18.7612 33.7954
v 8.3667 -7.7462 35.9254
v 8.0495 -8.2322 35.6055
v 8.1298 -8.2602 35.8354
v 8.3904 -8.0702 36.0854
v 8.6928 -7.8022 36.1055
v 8.2463 -8.2502 36.0154
v 7.7431 -8.9712 34.8555
v 7.8412 -8.6252 35.1454
v 7.8387 -9.0522 35.3855
v 7.7529 -9.3722 35.0754
v 7.7886 -10.0642 35.1255
v 7.8358 -9.6872 35.4554
v 7.8973 -10.0562 35.6155
v 8.6290 -8.4112 36.1554
v 8.0429 -8.6552 35.8454
v 8.1386 -8.5542 35.9955
v 8.2768 -8.4472 36.1055
v 8.3444 -8.6702 36.1654
v 8.1764 -8.8092 36.1055
v 7.9062 -9.1342 35.6554
v 8.2454 -9.0302 36.1654
v 8.1657 -9.3682 36.1355
v 8.7591 -9.6462 36.1255
v 8.8647 -9.8122 36.0654
v 7.8770 -9.5332 35.6255
v 8.0620 -9.5292 36.0354
v 7.9157 -9.7832 35.7254
v 8.5884 -9.8082 36.1654
v 8.1742 -9.9052 36.1454
v 8.0238 -10.2682 35.9054
v 8.2668 -10.0982 36.1754
v 8.4954 -10.4372 36.1854
v 8.8288 -10.1602 35.4754
v 8.0162 -10.7662 35.6255
v 8.0534 -11.2092 35.2654
v 8.2586 -12.4412 34.1055
v 8.8578 -10.0702 35.9554
v 8.9303 -10.5242 35.8354
v 8.9927 -10.9492 35.4955
v 8.8406 -10.1112 36.0954
v 8.9221 -10.5762 36.0754
v 9.1260 -11.1952 36.0055
v 7.9347 -13.1522 31.9554
v 9.0879 -12.6812 33.5554
v 9.0274 -16.6422 31.3054
v 8.4945 -15.6522 30.5654
v 9.7515 -15.9642 31.1754
v 8.8256 -17.0492 29.4454
v 8.8520 -16.8872 30.1754
v 8.9066 -17.2982 28.9554
v 8.9838 -17.3982 29.5055
v 10.0684 -16.9622 30.6255
v 8.9858 -17.2782 29.9955
v 9.1209 -17.3632 30.4955
v 9.1765 -17.2712 30.8954
v 10.1155 -16.1572 32.3954
v 10.1110 -16.7822 31.3354
v 9.2271 -17.9062 28.6854
v 9.5753 -18.3352 28.2954
v 9.4795 -18.2562 28.8655
v 9.7645 -18.5562 28.9454
v 10.0583 -18.7662 28.5654
v 9.2257 -17.8752 29.2954
v 9.8200 -18.5922 29.4154
v 9.1800 -17.6552 30.0454
v 9.4688 -18.1652 29.8054
v 10.1660 -17.2432 29.8555
v 10.5718 -17.7702 30.0954
v 10.3495 -17.4782 30.3755
v 10.3214 -17.3282 30.9054
v 10.6449 -17.7992 30.6155
v 9.4810 -18.0132 30.5154
v 9.3285 -17.6532 30.7654
v 9.8598 -18.4862 30.5154
v 10.2500 -18.8802 30.1355
v 10.5759 -17.5052 31.6355
v 11.1662 -18.0812 31.7455
v 10.4659 -17.0022 32.2854
v 10.6582 -19.0802 28.7854
v 10.1045 -18.8212 29.0954
v 10.5549 -19.0712 29.7054
v 11.0260 -19.2392 29.9754
v 10.9245 -18.0372 30.3254
v 11.6581 -19.3752 33.8254
v 12.1343 -18.3472 30.5454
v 11.3564 -18.2342 30.5554
v 12.1050 -18.3952 31.7154
v 11.5137 -18.2792 31.5754
v 12.6350 -19.4292 32.4154
v 12.2737 -19.4852 32.9955
v 14.6310 -18.1362 34.2355
v 15.5444 -18.1002 34.0854
v 15.7238 -17.9232 33.9955
v 14.9883 -18.0882 34.2455
v 15.0731 -18.5482 34.2154
v 14.0534 -19.1492 34.1954
v 13.9881 -19.0262 34.4554
v 16.2382 -18.4992 33.7355
v 8.1328 -10.2462 36.0854
v 8.0899 -10.4922 35.9754
v 8.1705 -11.1902 35.7355
v 8.2114 -11.5892 35.3555
v 8.3500 -11.5842 35.8054
v 8.8132 -12.9852 35.3555
v 8.3620 -11.0812 36.0754
v 9.4854 -14.3152 35.5354
v 10.2520 -15.5342 35.5854
v 9.2423 -11.5902 35.7754
v 9.4929 -12.7442 35.8954
v 9.3311 -11.8142 35.9454
v 9.1321 -14.6282 34.0354
v 9.4698 -12.1572 35.7654
v 10.2004 -13.9712 35.6854
v 9.3357 -17.0202 31.7954
v 10.1218 -16.1032 35.0954
v 10.6373 -15.1432 35.3454
v 10.4813 -15.0582 35.5954
v 9.6081 -17.8012 31.4654
v 9.9241 -17.7092 32.5154
v 10.5399 -16.8382 35.2254
v 10.8693 -15.6212 35.4054
v 11.2884 -16.6902 35.1355
v 10.4296 -15.3762 35.5954
v 10.6916 -15.6732 35.5354
v 11.0636 -16.1322 35.4254
v 9.7714 -18.1572 31.2455
v 12.1329 -18.3012 34.7355
v 11.5859 -19.2562 34.3054
v 11.3460 -18.7452 34.7754
v 10.7834 -17.0592 33.1854
v 11.1630 -17.5792 33.4454
v 11.7375 -17.6182 34.9955
v 10.8679 -17.6052 35.1055
v 11.7555 -19.4342 33.1355
v 12.1874 -18.4252 34.1954
v 12.7025 -18.4922 34.3755
v 13.9146 -18.2632 34.3755
v 12.8439 -18.4822 34.7654
v 14.5410 -18.2432 34.3755
v 14.7187 -18.3452 34.3254
v 14.3232 -18.7192 34.4354
v 13.0528 -19.3412 34.5554
v 12.5947 -18.7432 34.9654
v 13.3813 -19.0672 34.6654
v 10.3313 -15.9882 35.4955
v 11.2685 -16.7502 35.3655
v 10.6302 -15.9982 35.5354
v 10.5401 -16.5932 35.3755
v 10.8140 -16.6322 35.4554
v 11.2946 -18.3152 35.1454
v 11.5977 -17.2392 35.1954
v 11.3518 -17.2142 35.3354
v 11.7256 -17.6722 35.2254
v 10.9977 -17.2672 35.3655
v 11.2509 -17.5752 35.3354
v 11.8089 -18.1362 35.2054
v 11.4302 -18.2142 35.2555
v 11.5055 -19.0972 34.5254
v 12.1991 -18.3002 35.0554
v 11.9379 -19.4502 34.1255
v 11.7435 -19.3742 34.2355
v 12.2731 -19.4752 34.4254
v 12.0467 -19.4372 34.5854
v 11.8582 -19.3552 34.6954
v 12.1189 -19.4102 34.7954
v 11.5344 -18.8842 34.9855
v 11.6508 -18.8062 35.1255
v 11.7051 -19.2322 34.7555
v 12.0615 -19.2322 35.0254
v 11.9128 -19.1042 35.0754
v 12.3461 -18.4372 35.0454
v 12.0046 -18.7602 35.1355
v 12.2555 -19.0632 35.0554
v 12.5708 -19.4142 34.7054
v 12.6151 -19.4562 34.4154
v 2.6085 -13.0272 25.6355
v 2.0709 -12.9932 25.7754
v 2.4834 -12.6842 26.1155
v 3.2244 -12.1632 26.9054
v 3.0535 -11.8722 27.4454
v 3.8710 -11.9392 27.3755
v 4.2171 -11.5192 28.2654
v 4.5191 -11.3392 28.7654
v 4.7384 -11.6042 28.3154
v 5.0654 -11.4202 28.9154
v 2.4874 -14.0332 24.6055
v 2.7512 -13.5952 24.9855
v 3.1340 -13.9972 24.6155
v 2.6876 -14.3462 24.3354
v 2.7139 -14.8052 24.0055
v 2.3912 -15.0672 23.8454
v 2.1890 -14.4982 24.2654
v 1.9630 -13.9832 24.7254
v 2.0810 -13.6582 25.0154
v 3.6850 -13.5832 25.0654
v 3.6012 -13.1912 25.4754
v 4.1092 -13.5052 25.2355
v 3.1048 -13.4232 25.1654
v 3.1166 -13.0952 25.5354
v 3.4982 -12.8222 25.9154
v 3.4873 -14.4332 24.2854
v 3.0018 -12.7402 25.9955
v 2.8485 -13.2942 25.3054
v 2.3300 -13.2372 25.4154
v 1.7149 -13.3612 25.4254
v 4.4731 -13.2522 25.6454
v 4.1433 -13.0332 25.7854
v 4.7029 -13.0982 25.9254
v 4.5999 -12.7292 26.3755
v 5.1344 -12.8242 26.5454
v 4.1492 -12.5932 26.3855
v 4.3356 -12.2962 26.9154
v 4.7546 -12.4182 26.9154
v 3.4836 -12.3952 26.5354
v 3.6924 -12.2632 26.7854
v 2.7382 -12.5012 26.3655
v 4.9004 -12.1182 27.4754
v 5.2244 -12.3442 27.3354
v 5.5851 -12.7712 26.9955
v 5.7677 -12.6732 27.3555
v 4.2716 -11.8882 27.5854
v 5.2171 -11.7322 28.4054
v 5.5984 -12.1362 28.0354
v 6.0548 -12.3222 28.3254
v 5.4807 -11.5972 28.9554
v 6.0092 -11.9432 28.9955
v 5.6456 -11.5192 29.3454
v 6.2801 -12.2312 28.9354
v 3.0286 -15.7752 23.4354
v 2.5451 -15.9252 23.3655
v 2.5560 -15.4212 23.6255
v 3.3082 -16.2982 23.2154
v 2.0514 -15.6002 23.5754
v 1.8406 -15.9962 23.4054
v 1.9809 -16.6542 23.0954
v 2.4980 -16.4672 23.1255
v 2.5860 -17.1562 22.8755
v 3.3544 -15.2652 23.7355
v 3.8112 -14.9042 24.0055
v 3.8137 -15.6602 23.5754
v 3.1970 -14.9022 23.9454
v 2.8831 -15.1542 23.7754
v 3.6324 -16.0342 23.3655
v 5.0089 -14.0222 25.0654
v 5.3874 -13.9972 25.3054
v 5.2975 -14.2892 24.9754
v 5.0544 -14.4582 24.7054
v 3.9292 -14.3342 24.4354
v 4.1739 -13.9192 24.8454
v 4.3549 -14.2542 24.6055
v 4.4302 -13.7342 25.0954
v 4.2384 -14.5772 24.3154
v 4.6523 -14.5112 24.5055
v 4.5372 -15.0772 24.0654
v 4.9511 -15.0112 24.2555
v 3.6097 -14.1032 24.5654
v 4.0581 -14.9592 25.5154
v 4.6104 -15.0332 25.6654
v 4.2821 -14.5682 25.9554
v 4.1994 -15.3292 25.2654
v 4.7708 -15.3932 25.4554
v 5.0124 -15.2252 25.7254
v 4.9443 -13.6082 25.4554
v 5.6054 -13.8572 25.6155
v 5.6671 -14.2742 25.2254
v 6.0716 -14.0242 25.8454
v 5.4244 -13.5212 25.8555
v 5.7704 -13.5342 26.1355
v 5.7779 -13.0932 26.7355
v 5.0759 -14.7192 26.2355
v 6.0973 -13.5692 26.4554
v 5.9620 -12.9932 27.0854
v 6.2269 -13.2882 27.0354
v 6.1328 -12.9082 27.4654
v 6.6171 -13.1192 28.0254
v 6.5906 -12.7172 28.6654
v 6.6716 -12.4922 29.3254
v 6.9585 -13.0062 29.0954
v 7.0511 -14.0072 27.6055
v 3.5272 -17.1362 22.9354
v 3.0825 -16.9932 22.9454
v 3.7263 -16.7162 23.1055
v 3.8324 -17.1412 22.9855
v 3.1839 -17.4222 22.8154
v 3.6653 -17.5372 22.8454
v 3.9129 -17.5912 22.8755
v 4.3991 -17.1962 23.1055
v 2.8940 -18.1972 22.6654
v 3.8641 -17.8932 22.7954
v 4.3956 -15.4302 23.8154
v 4.3555 -16.2112 23.4354
v 4.8138 -15.6032 23.8555
v 4.8068 -16.1082 23.6055
v 4.8929 -16.5472 23.4654
v 5.1876 -16.3182 23.6554
v 5.2830 -16.7532 23.5354
v 4.1474 -16.8862 23.1355
v 5.3458 -14.9672 24.4654
v 5.4564 -14.6502 24.7654
v 5.2234 -15.2972 24.1854
v 5.8639 -15.5702 24.3755
v 5.8538 -15.0932 24.6854
v 5.9541 -14.7882 24.9955
v 6.3411 -15.4872 24.7854
v 5.4764 -15.8512 24.0055
v 6.3408 -15.9622 24.4855
v 3.9591 -15.7512 24.9154
v 4.5232 -15.8122 25.0454
v 5.0416 -15.6812 25.3954
v 5.6366 -15.5172 25.9354
v 4.7836 -16.3572 24.8555
v 5.7851 -16.1352 25.5954
v 5.3035 -16.2242 25.1954
v 5.7863 -16.6232 25.3054
v 5.4033 -16.8992 24.9254
v 6.1471 -14.4332 25.4855
v 6.2986 -14.8032 25.2854
v 6.2087 -15.0952 24.9554
v 6.7109 -14.7952 25.7854
v 6.5591 -15.3472 25.0954
v 6.4343 -14.2692 26.0055
v 6.7272 -14.3442 26.3655
v 6.9734 -15.0092 25.9754
v 7.0787 -15.5172 25.6055
v 7.3555 -15.6102 25.9855
v 5.5911 -15.0812 26.2954
v 5.5309 -14.6622 26.6754
v 5.7209 -14.5552 27.0254
v 5.9725 -15.1782 26.6055
v 5.8487 -15.3842 26.2555
v 6.1682 -15.4282 26.5754
v 5.9899 -15.7662 26.0654
v 6.2254 -16.0952 26.0554
v 6.8392 -14.0832 26.9754
v 7.3997 -15.3712 26.3855
v 7.2376 -14.6932 26.9855
v 7.6440 -15.5022 26.8154
v 7.5029 -14.5012 28.0654
v 4.3193 -17.7782 22.9254
v 5.0248 -17.7312 23.1654
v 4.0951 -18.2272 22.7954
v 4.4838 -18.4352 22.8755
v 5.1864 -18.3912 23.1155
v 4.9884 -19.3562 22.9654
v 5.5762 -19.1442 23.2154
v 4.9854 -16.9862 23.3454
v 5.5674 -16.5362 23.7455
v 5.6570 -16.9782 23.6355
v 5.3667 -17.2022 23.4354
v 5.8638 -17.3352 23.6454
v 5.7993 -17.9052 23.4754
v 6.2236 -17.5822 23.7854
v 6.1423 -18.1662 23.6155
v 6.5548 -17.8562 23.9554
v 5.6988 -18.5122 23.3254
v 5.9547 -16.5002 23.9754
v 6.6840 -15.7482 24.9254
v 6.3080 -16.7492 24.1055
v 6.7942 -16.4112 24.6454
v 7.0136 -16.2692 24.9454
v 6.7659 -16.9332 24.3954
v 7.0001 -16.7752 24.6754
v 6.1517 -17.1192 23.8755
v 6.5184 -17.1082 24.1255
v 6.4903 -17.3852 24.0254
v 6.7452 -17.2022 24.2754
v 7.0659 -17.1982 24.5754
v 6.9379 -17.5812 24.3254
v 7.4079 -17.0172 25.0354
v 6.0206 -16.4652 25.5854
v 6.0863 -17.4242 25.2154
v 6.9991 -15.7972 25.2654
v 7.2921 -15.8712 25.6255
v 7.2139 -16.1502 25.2754
v 7.2197 -16.3882 25.1255
v 7.4819 -16.0092 25.8254
v 7.5365 -15.7582 26.2054
v 7.7600 -16.3462 26.0654
v 7.6039 -16.6582 25.5254
v 7.8673 -16.7672 25.9254
v 8.0043 -16.4772 26.4955
v 7.8808 -16.0752 26.6554
v 8.0045 -15.6122 27.7054
v 8.3419 -16.3682 27.5654
v 6.1300 -18.9712 23.5055
v 6.7855 -18.7382 23.9654
v 6.7053 -19.8672 23.8154
v 6.0524 -20.6442 23.3755
v 7.0384 -19.3482 24.0954
v 7.2863 -17.6592 24.6454
v 7.2085 -18.1712 24.4354
v 7.5174 -18.5542 24.6754
v 7.6592 -17.8742 25.0254
v 7.2154 -18.9542 24.2954
v 7.8645 -18.7392 25.0554
v 8.0212 -18.1702 25.4554
v 7.7862 -17.0492 25.5854
v 8.2896 -17.2952 26.4354
v 8.1244 -17.8622 25.7654
v 8.5978 -18.3732 26.4254
v 1.0247 -12.4202 27.1554
v 0.7288 -12.3132 27.6155
v 1.3019 -12.1202 27.6055
v 0.9672 -12.7712 26.5554
v 0.4563 -12.6342 27.1754
v 1.7258 -11.9452 27.7254
v 1.4361 -11.8452 28.1854
v 2.2807 -11.5222 28.4454
v 2.1416 -11.3532 29.0254
v 0.9612 -11.9552 28.3555
v 1.4731 -11.4722 29.3555
v 2.4143 -11.0682 29.7654
v 2.7235 -11.1482 29.2754
v 2.8630 -11.3312 28.7054
v 3.0413 -10.9492 29.7555
v 3.4212 -10.9192 29.7054
v 3.2063 -10.6832 30.5954
v 3.7781 -10.6782 30.4054
v 3.4087 -10.5172 31.1854
v -0.5152 -15.3042 24.6654
v 0.0005 -14.2252 25.3054
v 0.1405 -14.8032 24.6954
v 1.3680 -13.7722 25.0954
v 0.7743 -13.8032 25.3154
v 1.3564 -13.1082 25.8655
v 1.0335 -14.0472 24.9554
v 0.7142 -14.3152 24.8454
v 0.1225 -13.6692 25.8354
v 0.8229 -13.0202 26.2455
v 0.1440 -13.1182 26.5754
v -0.3796 -13.9992 25.8054
v -0.2417 -13.5362 26.2754
v 1.9266 -12.6722 26.2754
v 2.3258 -12.3782 26.6355
v 1.3559 -12.5662 26.6854
v 1.9767 -12.4262 26.6654
v 1.6346 -12.2522 27.1255
v 1.9382 -14.0552 26.4754
v 1.9147 -13.6442 27.0754
v 1.1683 -14.0572 26.8154
v 2.1599 -11.9982 27.4054
v 2.7442 -11.6872 27.8755
v 2.7816 -13.2252 27.5654
v 1.8715 -13.1752 28.0055
v 2.1067 -13.4232 27.3855
v 3.6103 -11.5092 28.1954
v 4.1347 -11.1832 28.9855
v 3.6221 -11.1292 29.0954
v 3.0655 -11.1082 29.2555
v 2.5946 -12.7672 28.5954
v 3.3576 -12.8402 28.2854
v 3.2633 -12.5172 29.0354
v 3.7979 -12.3672 29.3555
v 4.4248 -11.0172 29.5055
v 4.6089 -10.9162 29.8555
v 4.8931 -11.1312 29.4654
v 5.2406 -11.3302 29.2854
v 4.1155 -10.8312 29.9354
v 5.3216 -11.1052 29.9454
v 4.3569 -10.5332 30.9754
v 4.8459 -10.6242 30.9054
v 4.0716 -10.4162 31.4254
v 3.8715 -11.9642 30.4754
v 4.3974 -12.1992 29.8954
v 4.5711 -11.9232 30.7254
v 5.3024 -10.7522 30.8855
v 4.5292 -10.4472 31.3454
v 5.2961 -10.4152 31.9754
v 4.9311 -10.2642 32.3254
v 4.3291 -10.2482 32.2455
v 5.9517 -10.8282 31.5154
v 5.7750 -10.5442 32.0654
v 6.1681 -10.7472 32.1454
v 5.9193 -10.4902 32.4855
v 6.5847 -10.7922 32.9454
v 5.4835 -10.3342 32.4554
v 0.1943 -16.2082 23.7455
v 0.5699 -16.3742 23.5254
v 0.0275 -16.8582 23.5055
v 1.1596 -15.3682 23.8954
v 0.9594 -15.0552 24.1654
v 1.3321 -14.9802 24.1055
v 1.7003 -15.1542 23.8954
v 1.3406 -15.7042 23.6554
v 1.2560 -14.7292 24.3054
v 0.8004 -15.6772 23.8254
v 0.5793 -15.1402 24.2455
v 0.3746 -15.0762 24.3755
v 0.7430 -14.7612 24.4654
v 0.5925 -15.3692 24.0854
v 0.9678 -16.0242 23.5754
v 0.5952 -15.8552 23.7854
v 0.3922 -15.3012 24.2054
v 0.4009 -15.5352 24.0454
v -0.0528 -15.2082 24.4855
v -0.0113 -15.6422 24.1654
v -0.4040 -16.2482 23.9955
v 1.6623 -14.4642 24.3954
v 1.4415 -14.1752 24.6954
v 1.6814 -14.6872 24.2154
v 1.2516 -14.3332 24.6255
v 2.0489 -15.3352 25.1155
v 2.1390 -14.7982 25.5954
v 1.4156 -14.9232 25.6854
v 2.7001 -15.0492 25.2754
v 2.7303 -14.5042 25.7854
v 1.7442 -14.6552 25.8354
v 1.1399 -15.6202 25.1754
v 1.1520 -14.6842 26.0554
v 0.5866 -14.9272 26.0854
v 1.8969 -15.9452 24.7355
v 1.1707 -16.0742 24.8354
v 0.8313 -16.1252 24.9354
v 3.1077 -14.7092 25.5954
v 3.2053 -14.4022 25.9054
v 3.9139 -14.1432 26.3054
v 3.2661 -13.9412 26.4454
v 3.0068 -14.1292 26.1954
v 3.5752 -14.6172 25.7254
v 2.3483 -14.1792 26.2054
v 2.7594 -13.8712 26.5354
v 2.0551 -14.4062 26.0055
v 2.2173 -13.8422 26.6854
v 1.4806 -14.4152 26.1954
v 4.5445 -13.9442 26.8054
v 3.6388 -13.6782 26.8354
v 3.9820 -13.4492 27.2754
v 4.5342 -13.5232 27.4254
v 3.4989 -13.3522 27.3354
v 4.0527 -12.9922 28.0854
v 3.1424 -13.5962 26.9154
v 4.4091 -13.1802 27.8954
v 2.5958 -13.5372 27.0554
v 4.7140 -12.9962 28.3954
v 4.8435 -13.3342 27.9154
v 5.0409 -13.2182 28.2455
v 4.5100 -12.5472 29.1554
v 5.1146 -12.5702 29.5154
v 6.0254 -11.5492 29.8954
v 6.2897 -11.8342 29.7754
v 4.8613 -12.3192 29.8655
v 5.4429 -12.4162 30.2854
v 5.1116 -12.0112 30.8954
v 5.5813 -12.7442 29.7954
v 5.9449 -12.6062 30.8254
v 6.9763 -11.6162 31.9554
v 7.5717 -12.6672 31.7355
v 7.1852 -12.3512 31.0754
v 6.7937 -11.0942 32.6654
v 6.9526 -10.8932 33.8254
v 7.3202 -11.5562 33.3254
v 1.7553 -17.1052 22.9654
v 1.1466 -17.6432 22.9154
v 1.0704 -16.9412 23.1554
v 1.4594 -17.8832 22.7954
v 0.6388 -17.5832 23.0554
v 0.9344 -18.0942 22.8555
v 0.6312 -18.1082 22.9254
v 0.8452 -18.4372 22.8054
v 1.4921 -16.3192 23.3054
v 1.1297 -16.3822 23.3555
v 1.4683 -16.5912 23.1954
v 2.1526 -17.7922 22.7355
v 1.5451 -16.7342 24.3555
v 1.7259 -16.3322 24.5254
v 1.1807 -16.5532 24.5454
v 2.2324 -16.6472 24.2854
v 1.6561 -17.3922 24.0454
v 1.0050 -16.9552 24.3954
v 1.2582 -17.7422 24.0055
v 3.1802 -15.1502 25.2154
v 3.0620 -15.9652 24.6355
v 3.6617 -15.4952 25.0154
v 3.6703 -15.9742 24.7054
v 3.0485 -16.4702 24.3655
v 2.5687 -15.6352 24.8555
v 2.7379 -16.2292 24.4855
v 2.2430 -16.1452 24.5654
v 2.7170 -16.7432 24.2254
v 3.5594 -14.8602 25.4955
v 5.1129 -13.8112 27.3954
v 4.8551 -14.1852 26.6854
v 5.2514 -13.5202 27.9654
v 5.4428 -13.8432 27.7054
v 5.6284 -13.7472 28.0854
v 5.4576 -13.2062 28.7455
v 5.9285 -14.2392 27.8054
v 6.3201 -14.5012 28.1854
v 6.0185 -13.5722 29.0454
v 7.4139 -13.2992 29.9654
v 7.8134 -14.4242 29.1754
v 6.9057 -14.9522 29.0854
v 6.6921 -13.7812 30.5354
v 7.7472 -11.7042 34.7455
v 8.1297 -13.7792 31.6454
v 1.9474 -18.5012 22.6454
v 2.8427 -19.0432 22.5854
v 1.4043 -18.7242 22.6754
v 1.9433 -19.3072 22.5754
v 0.9627 -19.3972 22.7054
v 1.4022 -19.5312 22.6255
v 2.4927 -17.4362 23.9454
v 3.2615 -17.5602 23.9554
v 3.0389 -18.0072 23.8154
v 3.3452 -18.0092 23.8454
v 3.2847 -18.3242 23.7954
v 4.0432 -18.2152 23.9554
v 3.6827 -17.7302 23.9855
v 2.0711 -18.0582 23.7954
v 2.5380 -18.1752 23.7555
v 2.7150 -18.5492 23.7054
v 1.3758 -18.1512 23.8555
v 2.2740 -18.6702 23.6854
v 2.5242 -18.9822 23.6554
v 4.0899 -16.3902 24.5954
v 3.6539 -16.4822 24.4354
v 4.1882 -17.0672 24.3254
v 4.7302 -17.1532 24.4955
v 3.5901 -17.2912 24.0954
v 3.1794 -16.8642 24.1954
v 4.4014 -17.6672 24.2054
v 4.0054 -17.4682 24.1355
v 6.4183 -15.9852 26.4054
v 6.5583 -15.6912 26.9654
v 6.2596 -14.9462 27.3655
v 6.9057 -15.5722 28.0254
v 7.3426 -16.0822 28.5055
v 7.5917 -15.7952 29.8254
v 7.2442 -14.4682 31.0654
v 8.5460 -16.1152 28.6654
v 3.6134 -18.3732 22.7054
v 3.3380 -19.7702 22.5754
v 2.7921 -19.8932 22.5354
v 1.6620 -19.8322 22.5754
v 2.6634 -21.0912 22.5154
v 3.3468 -20.7562 22.5554
v 4.0578 -19.0622 22.7254
v 4.4450 -19.2722 22.8054
v 4.4203 -19.3182 23.9754
v 3.9468 -19.3632 23.8254
v 3.0266 -18.8122 23.7054
v 3.4418 -18.9892 23.7455
v 3.1808 -19.4812 23.6754
v 3.8962 -20.2132 23.7754
v 5.3322 -17.7162 24.5954
v 4.8429 -18.3592 24.2254
v 5.2544 -19.6332 24.3054
v 6.1582 -17.8872 25.1355
v 5.6323 -18.2712 24.6554
v 6.4895 -17.9162 25.4454
v 6.7357 -17.4992 25.8555
v 6.3919 -18.7642 25.1454
v 6.6130 -16.5882 26.2054
v 6.8491 -16.2382 26.9354
v 6.9231 -16.6662 26.6454
v 6.5474 -17.1152 25.7954
v 6.9361 -17.1352 26.3354
v 7.3615 -17.1692 27.1255
v 7.3701 -17.6492 26.8254
v 7.2866 -16.5232 27.6754
v 7.9928 -17.6252 28.2654
v 8.7194 -17.1362 27.6854
v 8.0812 -16.9592 29.5154
v 4.1899 -19.7562 22.7154
v 5.5532 -20.5082 23.1454
v 4.7466 -19.8252 22.8655
v 5.2160 -22.7272 22.9554
v 4.4623 -22.2292 22.7355
v 4.9141 -21.7962 24.0754
v 5.6230 -19.0732 24.5454
v 6.1602 -19.4672 24.8855
v 5.6942 -20.6302 24.4955
v 6.2255 -21.0302 24.8454
v 7.3756 -19.3712 24.3954
v 7.6202 -19.2002 24.6654
v 6.8647 -18.4422 25.7054
v 6.6345 -19.3872 25.2954
v 7.1379 -19.5752 25.8254
v 7.3135 -18.9382 26.1754
v 6.6045 -20.2132 25.2054
v 7.5942 -19.8182 26.4254
v 8.3345 -18.5042 25.8555
v 7.0961 -18.0422 26.1355
v 7.6950 -18.4772 27.0154
v 7.8556 -18.1602 27.5454
v 8.3219 -18.9382 28.1554
v 8.0610 -19.5602 27.3054
v 8.8501 -18.0202 27.2254
v 8.8527 -18.7512 26.7754
v 9.2121 -18.1282 28.1055
v 9.3133 -18.8022 27.8354
v 9.4711 -18.0552 28.9754
v 6.4888 -22.1912 23.5854
v 5.9582 -22.8832 23.2754
v 7.0631 -19.8662 24.0854
v 7.0431 -21.2272 24.0055
v 7.4221 -20.4102 24.3655
v 6.6044 -21.0212 23.6854
v 7.8188 -21.7592 24.7854
v 7.6508 -19.7112 24.6355
v 8.1680 -18.8542 25.4554
v 8.2031 -19.3532 25.3954
v 8.0101 -19.5392 25.0954
v 8.0404 -20.5222 25.0454
v 8.2367 -19.8612 25.3655
v 8.5249 -20.4872 25.7555
v 8.3150 -21.7112 25.4855
v 8.4212 -18.9682 25.8454
v 8.6953 -18.8532 26.4054
v 8.6002 -19.6482 25.9955
v 9.0658 -19.4082 26.9654
v 9.2316 -20.3652 27.0754
v 9.5115 -19.9662 27.7555
v 9.5525 -18.8022 28.4855
v 9.6075 -19.1772 28.3655
v 9.7357 -18.8972 28.9454
v 6.9231 -22.4032 23.9054
v 8.6775 -21.2152 26.0354
v -0.4750 -13.2832 26.8954
v -0.8398 -13.7162 26.5854
v -1.1151 -13.6322 27.0454
v -1.4633 -14.0832 26.7355
v -1.5907 -13.7482 27.4955
v -0.9737 -13.1722 27.7954
v -1.7743 -14.5762 26.4154
v -2.0036 -14.3352 27.0354
v -0.0830 -12.7882 27.4254
v 0.2788 -12.4502 27.7854
v -0.1520 -13.0112 27.0354
v -0.4981 -13.0562 27.3454
v -0.0549 -12.5092 28.0854
v -1.4573 -13.3512 28.1954
v -0.7724 -12.7792 28.5454
v 0.4072 -12.1842 28.3755
v 0.6727 -11.8632 29.1055
v 0.0860 -12.2572 28.6754
v 0.4340 -11.8262 29.8354
v 1.1237 -11.5332 29.6754
v -0.4153 -12.3522 29.4154
v 1.5913 -11.2212 30.2455
v 2.3731 -10.8352 30.7954
v 1.0722 -11.4502 30.2355
v 1.1045 -11.3312 30.9855
v 3.0315 -10.5282 31.4955
v 2.4237 -10.6982 31.5254
v 1.7368 -10.9882 31.4054
v 2.3469 -10.6342 32.3954
v 3.6005 -10.3292 32.0454
v 3.4947 -10.2322 32.9154
v 4.3534 -10.1342 33.0055
v 3.0607 -10.3742 32.5055
v 4.1337 -10.1002 33.4454
v 4.7026 -10.0982 33.2654
v 3.9274 -10.0962 33.8954
v 4.4599 -10.0582 33.7154
v 4.8949 -10.0452 33.9154
v 4.3603 -10.0432 34.2455
v 5.0544 -10.0312 34.6255
v 5.4139 -10.1012 33.8054
v -2.0979 -16.5782 24.8855
v -1.5572 -15.6362 25.1454
v -1.2957 -16.3222 24.4654
v -1.0951 -14.6802 25.6454
v -0.9139 -15.9752 24.4454
v -1.6492 -14.7622 26.0654
v -1.9245 -15.4682 25.6055
v -1.2113 -14.3502 26.1155
v -2.0554 -15.1292 26.0754
v -2.3062 -16.0792 25.4354
v 0.2283 -14.9042 26.3655
v 0.5534 -14.5112 26.6155
v 0.1245 -14.5882 26.8454
v 1.0324 -14.3342 26.5254
v 0.5420 -14.3032 26.9054
v 0.2205 -14.3552 27.0954
v -0.4283 -15.2352 26.5254
v 0.0983 -15.5752 25.7455
v -0.1625 -14.4692 27.3154
v -0.9620 -15.2862 26.9855
v -1.0374 -15.6182 26.6754
v 1.4785 -13.5702 27.4154
v 0.7621 -14.0352 27.1355
v 1.1639 -13.4422 27.8855
v 0.2120 -14.0682 27.6055
v 0.2194 -13.7572 28.2754
v 0.7343 -13.4012 28.4955
v 0.2483 -13.5062 28.9554
v -0.3614 -14.2832 27.9154
v 2.2141 -12.7312 28.8855
v 1.2820 -13.1652 28.4754
v 0.9335 -13.2102 28.7854
v 2.0718 -12.5852 29.4855
v 1.4847 -12.7802 29.5055
v 2.5715 -12.5052 29.3054
v 3.3427 -12.1072 30.1454
v 2.9133 -12.0672 30.4754
v 2.1469 -12.2762 30.6554
v 2.6836 -12.0342 30.9254
v 1.1130 -12.8042 30.1055
v 4.7463 -11.8332 31.0954
v 4.3398 -11.7032 31.3555
v 3.1709 -11.9382 30.7555
v 3.8811 -11.6882 31.4354
v 3.4687 -11.6602 31.7654
v 2.4345 -11.9862 31.6654
v 1.4005 -12.5142 31.1155
v 4.4664 -11.4832 32.2555
v 3.9791 -11.5772 31.8555
v 5.5443 -11.4742 33.0554
v 3.7090 -11.5182 32.3254
v 4.3090 -11.3532 32.8755
v 4.9244 -11.4222 32.6854
v 3.9132 -11.3432 33.1854
v 3.1837 -11.5792 32.7954
v 4.4205 -11.2772 33.2954
v 4.7965 -10.1802 32.6954
v 5.6924 -10.2662 33.1055
v 6.1180 -10.4302 33.1355
v 5.2856 -10.1342 33.3555
v 5.8204 -10.2312 33.5454
v 4.7918 -11.3322 33.0254
v 5.1584 -11.3202 33.2854
v 5.0210 -11.1272 34.4154
v 5.8387 -11.3592 33.8755
v 5.5206 -11.1842 34.3154
v 6.5727 -10.4882 34.1954
v 5.8364 -10.1392 34.6055
v 6.1825 -10.2852 34.1355
v 6.3223 -10.2902 34.8555
v 6.6698 -10.4892 34.6754
v 6.5416 -10.3932 35.0154
v 6.8529 -10.6342 34.6055
v 6.8700 -10.6142 34.8655
v 5.3888 -10.0572 34.9254
v 5.9143 -10.1622 35.1155
v 6.1596 -10.2492 35.3154
v 6.5864 -10.4352 35.4554
v 5.9712 -11.3192 34.3054
v 7.2667 -10.9232 35.5354
v 6.9495 -10.6632 35.5254
v -0.9999 -16.7892 24.0254
v -0.7391 -17.5572 23.5654
v -1.8224 -17.0562 24.4054
v -1.4327 -17.6942 23.8755
v -1.1007 -18.4112 23.4955
v -1.8991 -17.6282 24.1854
v -1.9125 -18.1502 24.0055
v 0.1937 -16.6822 24.8454
v 0.3100 -15.8592 25.3755
v 0.7933 -16.6442 24.6155
v 0.2316 -17.1422 24.5854
v -0.1456 -16.0222 25.5055
v -0.2242 -17.3062 24.7254
v -0.5746 -15.9382 25.9054
v -0.9603 -16.5192 25.7054
v -0.5521 -16.6262 25.3254
v -0.8941 -17.4232 25.0354
v -1.3078 -17.3222 25.4154
v -0.7910 -17.8272 24.7854
v 5.9567 -12.0292 32.1754
v 5.6582 -11.7762 32.2954
v 6.0214 -11.6362 33.3154
v 6.4262 -12.0692 33.2254
v 6.9339 -12.9302 32.9955
v 6.7135 -12.0062 34.2854
v 7.0030 -12.5312 34.1255
v 6.2321 -11.5742 34.0154
v 7.3817 -11.2222 34.5055
v 7.1571 -10.8832 34.7754
v 7.4602 -11.1912 34.9855
v 7.1118 -12.1432 35.5055
v 7.7692 -11.5312 35.3954
v 7.5372 -11.2142 35.4855
v -0.6464 -19.0322 23.1854
v -1.1086 -18.9422 23.3855
v -0.7340 -18.5872 23.2854
v -0.3590 -19.2912 23.0454
v -0.8057 -19.4482 23.1954
v 0.0615 -17.5912 23.2355
v 0.0502 -18.1192 23.0954
v 0.2605 -18.4482 22.9654
v 0.2839 -18.9552 22.8855
v -0.2206 -18.6312 23.0854
v -0.3219 -17.9432 23.2754
v 0.2907 -19.7532 22.8254
v -0.6661 -18.2172 24.5654
v -0.0639 -17.6592 24.4754
v 0.0384 -18.0762 24.2854
v -0.2470 -18.5982 24.2555
v 0.2123 -18.4312 24.1155
v 0.0657 -19.0912 24.0354
v 0.4308 -17.7182 24.2555
v 0.8899 -18.0722 24.0055
v 7.3929 -13.8472 32.8454
v 7.6826 -12.8572 36.2754
v 8.0320 -12.0642 35.1454
v 8.5725 -14.1522 32.8954
v 8.6239 -13.7742 34.0554
v 0.5582 -20.0422 22.7555
v 0.0654 -20.2352 22.8655
v 0.4464 -20.6882 22.7654
v 1.0950 -20.6232 22.6355
v -0.1778 -19.9252 22.9554
v -0.6664 -20.3942 23.1155
v -0.1765 -21.0112 22.9554
v 1.0803 -18.4172 23.8555
v 1.1676 -20.0162 22.6355
v 2.1964 -19.0052 23.6554
v 1.2452 -19.0632 23.7455
v 2.4105 -19.8882 23.5954
v 0.0883 -19.6022 23.9754
v 0.3119 -20.1992 23.8855
v 1.2297 -20.9632 23.6654
v 1.9403 -18.7002 23.6954
v 7.9709 -16.1662 30.5654
v 7.7209 -14.8022 32.2654
v 8.8798 -14.3792 34.1654
v 8.2843 -15.9982 32.4654
v 7.9396 -14.5822 33.6554
v 1.4380 -20.3072 22.5954
v 1.8135 -21.0472 22.5454
v 1.2350 -21.8552 22.6355
v 1.7205 -21.9502 22.5754
v 2.2127 -21.7712 22.5354
v 2.0571 -20.5532 22.5254
v 2.2430 -20.8502 23.5754
v 3.0213 -20.1562 23.6155
v 3.0393 -21.4972 23.6055
v 8.7711 -17.8932 30.5854
v 3.1663 -22.0022 22.5454
v 2.2850 -22.5262 22.5654
v 3.0747 -23.1772 22.5854
v 3.6662 -22.9212 22.6055
v 4.1587 -22.2032 23.8154
v 9.1180 -19.1282 30.1355
v 10.0449 -19.5812 32.7254
v 10.7074 -19.3252 31.7555
v 2.5207 -23.4062 22.5954
v 3.1067 -23.5432 22.6055
v 3.9707 -23.4732 22.6654
v 3.3650 -23.7372 22.6255
v 4.4450 -23.0602 22.7455
v 4.7941 -23.5812 22.8555
v 5.2864 -22.5742 24.2154
v 5.7521 -22.2022 24.4754
v 5.6852 -23.0712 24.4454
v 4.7137 -22.8272 23.9855
v 4.0608 -23.0562 23.8054
v 4.5230 -23.4802 23.9354
v 6.7688 -21.1722 25.3254
v 6.3909 -22.5342 24.9754
v 7.0665 -20.6942 25.6554
v 7.5775 -20.6292 26.3254
v 7.3089 -21.6192 25.9754
v 7.7795 -21.6552 26.7254
v 8.1563 -20.2972 27.3555
v 8.5669 -20.3492 28.1754
v 7.9807 -20.9342 27.0055
v 8.3737 -20.8602 27.7754
v 8.1565 -21.3902 27.3954
v 9.9590 -19.7872 28.9754
v 8.9733 -20.1612 29.1454
v 9.4061 -19.9992 30.3855
v 8.6564 -20.8482 28.3755
v 10.3549 -19.6682 30.2654
v 5.1825 -24.3502 23.0354
v 5.8004 -23.5992 23.2455
v 4.4417 -24.4042 22.8254
v 3.8702 -24.3872 22.7254
v 6.5723 -22.9432 23.6554
v 6.8504 -23.2792 23.8954
v 6.4113 -23.6202 23.5954
v 7.3612 -23.4592 24.4154
v 6.6864 -23.9602 23.8354
v 6.4205 -24.3032 23.6854
v 5.7552 -24.7032 23.3254
v 6.2721 -25.1992 23.7355
v 5.2122 -23.4512 24.2054
v 7.7198 -23.2392 24.8454
v 6.8977 -22.1722 25.4855
v 6.4502 -23.3102 25.0754
v 8.6890 -22.0502 26.2054
v 7.8317 -24.0082 25.1754
v 7.2013 -23.1132 26.0354
v 9.1185 -21.4602 26.9354
v 8.9334 -22.5232 26.8254
v 9.6251 -20.9902 27.9454
v 9.5356 -21.9522 27.9855
v 8.6244 -23.8712 26.6954
v 10.0631 -20.5142 29.0055
v 10.0028 -21.4392 29.0055
v 9.6019 -22.2482 28.3755
v 10.1516 -20.2232 29.3354
v 11.1566 -20.2102 32.7254
v 10.3156 -20.7472 29.7754
v 6.6551 -24.5432 23.9054
v 7.2442 -24.3862 24.4654
v 6.6498 -25.4192 24.1155
v 7.0478 -25.0222 24.4054
v 7.4950 -24.2582 24.7455
v 7.4321 -24.8262 24.8254
v 7.6632 -24.6732 25.1155
v 8.2637 -24.0872 25.9855
v -1.1912 -12.5992 31.5954
v -0.0911 -11.9232 31.7254
v -0.9985 -12.5702 30.2954
v -2.5088 -15.0362 26.7154
v -2.5170 -14.6182 27.3254
v -3.0618 -15.0722 27.4654
v -2.9266 -15.6252 26.5354
v -3.4166 -15.9452 26.8154
v -3.1977 -15.5452 26.9955
v -2.1526 -14.1402 27.6155
v -2.1693 -13.7632 28.5454
v -2.7487 -14.5822 27.7854
v -3.2434 -14.9272 28.0354
v -1.5379 -13.2042 28.8354
v -0.5317 -13.9142 29.2555
v -0.5141 -14.1282 28.5154
v -1.3908 -12.9582 29.4254
v -1.1715 -14.4652 28.9554
v -1.1767 -14.2652 29.6954
v 0.0858 -13.3532 30.1255
v 0.2283 -11.8272 30.5654
v -0.6777 -13.7802 30.4254
v 0.1232 -13.2082 31.1355
v 0.8011 -11.4312 31.5654
v 0.9634 -12.6802 31.8454
v 2.1339 -12.0822 31.9654
v 0.0745 -13.1822 32.2854
v 1.8053 -10.8772 32.4054
v 1.1487 -11.2082 32.5654
v 3.1254 -11.5352 33.6554
v 1.9433 -12.1132 33.2555
v 1.1564 -11.2592 34.2754
v 1.7883 -10.8692 33.5354
v 3.0233 -10.3182 33.6355
v 2.4513 -10.5562 33.1055
v 2.6474 -10.4832 34.1654
v 4.0930 -10.0752 34.5854
v 4.4237 -10.0462 34.8655
v 3.7504 -10.1362 34.6255
v 4.0805 -10.0872 34.8855
v 3.3188 -10.2672 34.8054
v 3.8097 -10.1722 35.2154
v 2.7676 -10.5412 35.3655
v 3.4939 -10.2952 35.4855
v 2.0732 -10.8162 34.9654
v 3.6605 -11.3052 34.4955
v 2.8420 -11.6642 34.5254
v 3.2482 -11.4992 35.2254
v 4.7930 -10.0412 35.1255
v 5.1818 -10.0512 35.0954
v 4.2946 -10.1322 35.5754
v 5.0486 -10.1322 35.8054
v 4.7253 -10.2022 36.1055
v 5.1666 -10.1862 36.0154
v 3.8268 -10.2542 35.7455
v 4.8283 -10.2782 36.3454
v 5.3381 -10.2532 36.1954
v 4.1891 -10.2372 36.0055
v 5.0313 -10.3422 36.4955
v 3.2650 -10.4782 36.0454
v 4.3159 -10.3922 36.5454
v 4.6633 -10.3552 36.5254
v -2.6587 -16.3852 25.5354
v -2.6571 -16.1472 25.7254
v -2.9298 -17.3712 25.1355
v -2.9952 -16.4682 25.8154
v -2.9858 -15.9922 26.2254
v -3.1364 -17.0842 25.5154
v -3.3072 -16.2552 26.3555
v -3.4457 -16.9032 25.9754
v -1.3029 -16.1622 26.3454
v -2.2803 -15.5642 25.8655
v -1.6112 -16.0412 26.8154
v -1.5291 -16.8072 25.9654
v -1.8328 -16.4262 26.6454
v -1.9031 -16.0142 27.2154
v -1.5317 -15.7142 27.1255
v -2.1901 -16.8742 26.6255
v -1.9710 -17.2242 26.0754
v -2.3064 -16.5442 27.0954
v -2.5167 -17.5152 26.4654
v -1.0223 -15.0182 27.4554
v -1.4209 -15.0122 28.0554
v -1.9427 -15.6942 27.7355
v -1.9118 -15.1182 28.7954
v 4.1527 -11.2082 34.0454
v 3.6788 -11.3522 33.6055
v 4.9462 -11.0652 35.2854
v 5.7104 -11.1342 34.9754
v 4.4245 -11.1152 35.1754
v 4.1033 -11.1882 35.4754
v 5.6832 -10.1302 35.2854
v 5.8593 -10.1802 35.4554
v 5.1955 -10.0732 35.3755
v 5.6995 -10.1682 35.5754
v 5.9475 -10.2482 35.7455
v 6.2611 -11.2672 35.4454
v 5.4475 -10.1582 35.7654
v 5.8722 -11.1172 35.6754
v 5.3577 -11.0562 35.7854
v 6.4398 -11.2782 36.4254
v 4.5856 -11.0942 35.5954
v 5.7316 -11.0932 36.3354
v 5.9987 -11.1412 36.4254
v 5.3722 -10.3482 36.4354
v 5.5083 -11.0872 36.5154
v 4.5965 -11.1202 36.1554
v 4.7804 -11.1242 36.5754
v 6.5884 -10.4802 35.7154
v 6.9533 -10.7072 35.7754
v 6.1804 -10.3372 35.8354
v 6.3544 -10.4932 36.1255
v 6.7230 -10.7182 36.1954
v 6.1222 -10.4502 36.2254
v 7.0969 -10.8932 36.0154
v 5.6001 -10.3362 36.3154
v 5.8643 -10.4432 36.4054
v 6.4199 -10.7792 36.5154
v 6.9845 -11.0622 36.3855
v 6.6469 -11.1462 36.6754
v 5.5975 -10.4332 36.5254
v 6.1893 -10.7312 36.6055
v 6.1204 -11.1202 36.9154
v 5.2453 -10.5272 36.7854
v 5.4505 -10.6252 36.8454
v 5.6357 -10.7372 36.8855
v 6.2888 -11.2192 36.7954
v -1.8437 -18.8612 23.7854
v -2.5588 -18.7782 24.2654
v -2.7526 -18.1992 24.5954
v -3.1306 -18.8302 24.7054
v -2.6977 -17.6422 24.7954
v -3.1536 -18.0892 24.9955
v -1.4149 -17.9162 25.1554
v -1.1380 -18.1542 24.8655
v -1.8165 -17.8042 25.5554
v -1.7370 -18.2242 25.2754
v -1.7799 -18.7712 25.0854
v -2.1947 -18.6722 25.4754
v -2.2355 -17.9642 25.8555
v 6.3112 -11.3962 34.9054
v 6.5380 -11.6782 34.5954
v 6.7072 -11.6532 35.2854
v 7.0962 -11.7892 36.4654
v 6.5834 -11.3652 36.0754
v 7.2728 -10.9652 35.7954
v 7.6862 -11.3962 35.7355
v 7.9281 -11.7532 35.9054
v 8.1367 -12.0862 35.7754
v 7.4018 -11.1612 36.0154
v 7.6850 -11.4432 35.9855
v 7.3602 -11.2352 36.2154
v 7.9083 -11.8132 36.1355
v 8.0861 -12.2132 36.2254
v 7.7105 -11.7562 36.3354
v 7.0095 -11.3412 36.5554
v 7.3348 -11.5822 36.5055
v 7.7286 -12.0272 36.4154
v 6.8159 -11.5102 36.5254
v 7.1065 -11.5302 36.5754
v 7.3743 -11.8212 36.5254
v 7.4281 -12.3052 36.4654
v 7.7103 -12.3222 36.4554
v 7.6442 -12.6572 36.4855
v -1.7425 -19.5562 23.6255
v -1.4305 -20.0552 23.4354
v -2.0800 -19.3562 23.8454
v -2.0349 -19.8462 23.7754
v -2.8316 -19.5752 24.3154
v -2.0353 -20.5822 23.7654
v -0.8481 -18.9062 24.4654
v -1.1710 -18.6962 24.7054
v -0.5761 -19.4322 24.2355
v -1.4068 -19.1842 24.7254
v -1.2369 -19.5442 24.5654
v -0.6763 -20.0662 24.2355
v -1.2246 -20.3392 24.5154
v -2.0828 -19.5902 25.1055
v -1.8017 -20.1102 24.8855
v 8.3856 -12.6412 35.5854
v 8.1122 -13.8082 36.1754
v 8.3309 -12.4752 35.8954
v 8.5608 -12.9992 35.9254
v 8.8733 -13.6222 35.9254
v 8.3056 -12.5382 36.1155
v 8.2149 -12.6462 36.2555
v 8.4526 -12.9592 36.1654
v 8.6939 -13.2702 36.0854
v 8.4616 -13.2362 36.2455
v 8.9377 -13.8492 36.0854
v 7.9123 -12.9232 36.4054
v 8.3088 -13.7872 36.2854
v 8.5481 -14.5072 36.2054
v 0.2046 -21.4642 22.8555
v -1.1265 -21.1172 23.3154
v -0.3832 -21.7592 23.0654
v -0.1760 -21.7622 24.0954
v 0.1674 -21.1542 23.9454
v -0.6403 -20.8452 24.2254
v -0.9649 -22.0582 23.3254
v 0.7484 -21.1432 23.7754
v 9.3665 -14.7412 35.6654
v 9.2422 -14.6102 35.9754
v 9.4792 -14.9632 35.8555
v 9.7687 -17.1382 35.8154
v 0.6834 -22.6542 22.8154
v 1.5803 -22.9032 22.6454
v 1.3365 -23.9642 22.7954
v 0.6864 -21.7512 23.8254
v 0.6335 -22.3532 23.8855
v 1.2309 -22.3312 23.7355
v 0.0823 -22.9622 23.0254
v -0.5025 -23.5422 23.3254
v 1.7595 -21.8352 23.6255
v 1.0188 -21.4342 23.7254
v 1.6920 -22.4472 23.6654
v 9.7094 -15.5112 35.5254
v 9.9908 -16.0852 35.5954
v 9.6932 -15.5762 35.7954
v 1.4537 -23.2242 23.7754
v 2.1039 -23.1632 23.6654
v 2.3694 -22.3712 23.6155
v 2.9355 -23.5022 23.6754
v 11.2259 -19.1352 34.5954
v 2.9617 -24.1022 22.6355
v 1.9483 -24.2152 22.7254
v 3.2684 -24.6522 22.6954
v 2.6887 -25.4652 22.8154
v 1.7392 -25.2522 22.9154
v 0.4376 -24.5652 23.1454
v 3.0387 -24.2362 23.7455
v 2.7887 -24.7432 23.8054
v 4.0171 -23.5302 23.8154
v 3.5281 -23.2462 23.7054
v 4.2124 -23.9622 23.8954
v 3.6352 -23.9772 23.7754
v 3.3654 -24.7722 23.8254
v 3.9287 -24.5482 23.8855
v 9.4367 -20.8372 30.2555
v 9.6590 -20.4222 30.9754
v 10.7913 -20.5572 34.8954
v 4.0559 -25.4592 22.8855
v 3.6027 -25.8012 22.8755
v 4.5845 -25.4212 22.9855
v 4.3188 -26.1812 23.0654
v 3.9398 -25.9952 22.9554
v 3.4983 -26.3232 22.9754
v 3.9324 -26.5672 23.0754
v 5.1184 -25.5182 23.1754
v 4.5902 -24.2502 24.0254
v 4.5648 -24.8262 24.0854
v 3.6519 -25.2462 23.9354
v 3.1343 -26.1072 24.0554
v 4.3917 -25.8192 24.2154
v 4.9606 -25.3272 24.3154
v 5.7377 -23.8582 24.5554
v 5.5576 -24.5582 24.5254
v 5.9668 -24.7992 24.8855
v 6.3808 -24.4882 25.2254
v 5.1392 -24.6202 24.2954
v 6.7922 -23.6332 25.5354
v 7.0974 -24.0592 26.0854
v 7.7178 -22.8632 26.8855
v 7.1483 -24.9762 26.5454
v 8.8761 -21.5782 28.9955
v 9.0436 -21.0102 29.2754
v 10.3972 -21.2752 30.2754
v 9.2700 -21.4052 29.9855
v 7.0937 -25.7752 27.0354
v 10.9014 -20.6022 31.7455
v 10.4088 -21.0732 30.1554
v 11.1603 -20.7032 32.7054
v 11.1914 -19.6912 33.2455
v 11.3728 -20.5382 33.5654
v 4.7017 -26.6142 23.2754
v 5.8516 -26.0332 23.6554
v 6.2205 -26.0212 23.9154
v 5.9898 -26.7872 24.0055
v 5.3563 -26.4482 23.4855
v 5.4805 -27.2092 23.8054
v 6.4454 -26.4272 24.2754
v 6.0415 -27.5022 24.3555
v 4.8353 -27.1882 23.4855
v 7.0950 -25.5052 24.6355
v 7.3361 -25.1852 24.8254
v 7.3523 -25.4682 24.9654
v 6.7053 -25.9102 24.3354
v 6.9903 -26.0202 24.7254
v 5.6215 -25.7732 24.8655
v 6.0458 -25.3102 25.1055
v 6.5946 -25.1842 25.7154
v 5.8070 -25.9862 25.1155
v 6.3491 -25.7572 25.6654
v 7.7861 -24.8112 25.3755
v 7.5721 -25.0242 25.1055
v 7.8980 -25.1572 25.7555
v 7.7004 -25.3542 25.4654
v 7.9767 -25.4672 26.1454
v 7.8010 -25.4752 25.7254
v 6.8332 -25.4642 26.2355
v 8.7247 -30.5262 35.6255
v 11.3639 -21.8322 34.8555
v 6.3306 -26.9782 24.3855
v 6.6048 -26.6002 24.5154
v 7.2279 -26.5202 25.3655
v 7.5911 -25.6552 25.4354
v 7.7779 -25.8772 25.9654
v -3.4034 -14.5272 29.4054
v -3.8926 -14.9612 29.4855
v -3.5711 -14.5622 29.8454
v -2.3525 -13.5882 29.7154
v -2.8904 -14.0432 29.5654
v -1.8688 -13.0932 30.7355
v -3.2091 -14.1332 30.4354
v -2.5978 -13.5652 31.3054
v -3.6347 -14.5062 30.4254
v -2.5143 -13.4852 32.8855
v -0.4765 -12.1462 32.4454
v -1.6694 -12.9762 34.1554
v 0.4954 -11.8282 35.6854
v 1.5806 -11.1212 35.2555
v -3.9223 -16.6622 26.7654
v -4.0420 -16.5132 27.0954
v -4.6728 -16.6792 27.9855
v -4.4875 -17.0792 27.2054
v -3.3479 -15.1842 27.7555
v -3.6718 -15.8712 27.2754
v -3.8932 -15.3372 28.5754
v -3.9912 -15.7452 28.0354
v -4.0812 -16.0612 27.7154
v -4.3820 -15.9552 28.4654
v -4.2151 -15.5172 28.9354
v -3.7013 -15.0272 28.8054
v -2.8769 -14.2522 28.8254
v -2.7887 -15.8422 29.0654
v -2.6122 -15.4212 29.8154
v -1.9820 -14.8532 29.8354
v -1.4781 -14.3672 30.2754
v -0.9736 -13.8952 31.2854
v -1.7975 -14.4632 31.4354
v 0.9323 -12.6742 33.2654
v -0.9074 -13.8032 33.1454
v 2.4587 -11.8902 35.2355
v 2.2783 -10.8572 35.9454
v 2.8199 -10.6132 35.9254
v 1.4591 -11.4442 36.6554
v 2.3534 -10.9552 36.4955
v 2.7840 -10.8032 36.6255
v 3.4363 -11.5012 36.1954
v 3.0344 -11.7122 36.3555
v 2.0205 -11.2302 36.9154
v 3.9217 -10.3692 36.2954
v 4.4083 -10.5022 36.8154
v 4.9439 -10.5402 36.8555
v 4.0692 -10.5472 36.8354
v 3.5475 -10.5982 36.7254
v 3.1864 -10.6122 36.4654
v 4.2213 -10.6932 37.1155
v 3.0258 -10.8712 37.0254
v 3.6336 -10.7012 36.9955
v 3.7764 -10.8492 37.2654
v 3.8945 -11.0522 37.4754
v 4.3339 -10.9002 37.3154
v 4.0797 -11.1642 37.5154
v 2.4594 -11.0872 37.0454
v 3.3445 -11.0242 37.4054
v 3.5622 -11.0862 37.5055
v 4.0167 -11.2982 36.4454
v 3.2196 -11.7242 37.0554
v 3.9684 -11.5112 37.4454
v 2.7344 -11.1922 37.4354
v 3.7674 -11.1842 37.5754
v -4.3048 -19.0002 25.7954
v -4.1282 -18.3142 25.8855
v -3.5517 -18.7402 25.1155
v -3.4433 -17.3832 25.6454
v -3.8828 -17.8192 25.8655
v -3.5291 -17.9612 25.4154
v -3.9308 -17.2542 26.2854
v -4.6106 -18.0682 26.6255
v -4.7641 -17.6172 27.1654
v -4.6782 -18.6342 26.4154
v -2.5609 -16.4832 27.5554
v -2.6382 -16.9332 27.1355
v -2.8190 -17.4512 26.8954
v -2.2851 -15.9512 27.8755
v -2.7989 -16.4402 28.0055
v -3.0270 -16.8612 27.8054
v -2.9468 -17.2342 27.2654
v -2.8140 -17.8082 26.6155
v -3.2505 -18.0052 27.0254
v -3.4974 -17.5632 27.7854
v -2.0514 -15.3792 28.4955
v -3.2732 -16.5652 28.7455
v 4.3242 -11.2542 36.7355
v 5.1927 -11.1752 37.1055
v 4.8513 -11.2172 37.1255
v 4.6872 -11.2492 37.2754
v 5.3525 -10.7372 36.9855
v 5.5525 -11.1512 37.0754
v 5.4024 -10.9872 37.1055
v 5.3531 -11.1372 36.9554
v 4.9458 -10.8682 37.1754
v -3.6102 -19.5762 24.9454
v -3.3254 -19.8112 24.6654
v -4.1328 -19.5942 25.4454
v -3.6684 -19.8982 24.9354
v -3.4999 -20.2582 24.7654
v -4.0010 -20.7822 25.1654
v -2.6370 -18.1162 26.1954
v -2.7191 -18.6912 25.9654
v -2.7504 -19.2322 25.8054
v -2.9203 -18.4002 26.3555
v -3.0140 -20.0232 25.8655
v -3.3504 -18.5922 26.7754
v -3.3157 -19.0522 26.4955
v -2.5626 -20.3772 24.0854
v -2.9177 -21.2862 24.3454
v -3.1495 -20.1662 24.4955
v -3.2516 -20.7272 24.5554
v -1.7986 -21.1952 24.8954
v -2.8094 -20.8782 25.6155
v -3.5040 -21.3472 24.7654
v -2.6556 -21.8142 25.5554
v -1.7436 -22.0122 23.6954
v -2.2800 -22.8372 24.0854
v -3.0200 -22.7712 24.5354
v -0.9474 -21.4282 24.4154
v -1.5260 -22.6222 23.6454
v -1.3944 -22.7182 24.8254
v -2.2439 -22.7672 25.3655
v 9.5213 -17.0682 35.6954
v -1.4594 -24.2292 23.8655
v -0.3414 -22.2032 24.2154
v -0.2565 -23.5152 24.3855
v 0.0010 -24.3812 24.4454
v -1.0573 -24.0512 24.8555
v 9.8707 -16.4962 35.7654
v 10.2913 -17.7252 35.6554
v 10.5342 -17.7552 35.5254
v -0.5375 -24.9812 23.6055
v 0.4191 -25.7102 23.3855
v 0.8473 -23.5322 23.9654
v 1.2720 -23.9562 23.9154
v 0.6854 -24.5372 24.2154
v 1.2498 -25.3872 24.2154
v 0.4093 -25.0992 24.4454
v 9.8096 -17.6372 35.7754
v 11.0677 -18.8592 35.2854
v 10.3845 -18.7212 35.6155
v 0.9910 -25.7052 23.1954
v 0.8438 -26.1342 23.3354
v 1.4301 -26.4022 23.2355
v 0.3899 -26.3072 23.5354
v 2.1578 -24.7792 23.8655
v 2.1874 -25.9432 22.9554
v 2.6168 -26.0292 24.0554
v 1.9977 -25.7832 24.1155
v 2.3026 -26.3342 24.1754
v 11.2497 -19.1602 34.8755
v 11.2345 -19.2202 35.1055
v 11.0786 -19.1352 35.3555
v 11.3482 -19.6532 35.0654
v 10.8299 -19.1122 35.4955
v 11.1782 -19.5872 35.3555
v 10.3803 -18.9712 35.4855
v 10.5730 -19.3502 35.5354
v 10.7127 -19.7332 35.3454
v 10.8343 -19.6492 35.4855
v 10.8759 -20.1472 35.4454
v 1.4426 -27.2432 23.4454
v 2.1871 -26.7922 23.1454
v 2.0490 -27.4982 23.3655
v 2.5085 -27.0492 23.1654
v 2.2413 -28.1722 23.5354
v 2.5913 -27.6512 23.3254
v 2.8301 -26.4562 22.9855
v 3.0596 -26.8962 23.0854
v 3.0223 -27.4132 23.2254
v 2.8445 -26.4702 24.1454
v 3.3194 -26.5022 24.1554
v 3.5084 -26.3282 24.1355
v 3.5591 -26.6342 24.2154
v 3.3734 -27.0652 24.3254
v 2.6691 -27.4092 24.4354
v 4.1163 -26.3452 24.2455
v 11.3256 -20.9082 33.5254
v 11.3421 -19.7332 33.9955
v 11.4356 -19.9982 34.6255
v 11.4447 -20.2172 34.1754
v 11.4735 -20.8792 34.2355
v 11.5084 -20.7172 34.6754
v 11.5004 -21.1202 34.9354
v 11.4525 -21.5082 34.8755
v 11.4699 -20.3382 34.9554
v 11.4301 -20.4112 35.1554
v 11.4716 -20.9032 35.0854
v 11.3012 -20.5562 35.3254
v 2.7351 -28.2652 23.5154
v 4.1473 -27.5152 23.3755
v 3.5679 -27.4682 23.2654
v 4.4623 -27.8392 23.5854
v 5.3430 -27.7722 23.9454
v 3.0784 -28.2242 23.4855
v 4.0482 -28.1872 23.6055
v 4.7551 -26.3582 24.4955
v 5.1602 -26.3022 24.6954
v 5.0546 -27.0492 24.9054
v 5.5407 -26.5362 25.0754
v 3.7569 -27.2462 24.4454
v 4.4774 -27.4612 24.7654
v 4.9097 -27.7412 25.1255
v 5.4186 -27.2532 25.2854
v 3.8368 -27.7592 24.6654
v 4.2878 -27.8892 24.8755
v 4.5101 -27.9282 24.9955
v 5.9900 -26.6272 25.5954
v 6.5740 -26.2372 26.3054
v 5.7100 -27.3422 25.6554
v 6.1984 -27.0882 26.2455
v 5.9951 -28.1452 26.7154
v 6.5028 -27.0182 26.7954
v 4.5497 -28.5822 23.9154
v 5.1974 -28.6322 24.2654
v 6.3426 -27.4212 24.6255
v 5.7318 -28.1812 24.4154
v 6.0510 -27.9232 24.5754
v 6.3306 -28.0532 24.9855
v 6.6054 -27.5052 25.0154
v 5.7302 -28.6472 24.6754
v 6.0333 -28.5682 24.9454
v 6.7154 -28.7242 26.1654
v 6.5547 -28.3162 25.5055
v 6.3944 -28.7762 25.6055
v 7.4600 -27.6672 26.9354
v -4.0398 -14.9352 30.0954
v -4.1095 -14.8382 30.9955
v -4.6861 -15.6522 29.9554
v -4.6830 -15.4622 30.6854
v -5.2674 -16.2822 30.2154
v -4.9501 -15.7962 30.5254
v -3.4731 -14.2762 31.0154
v -4.2593 -14.9002 31.7154
v -3.0817 -13.8942 32.1654
v -3.7470 -14.4232 32.1554
v -4.9243 -15.6302 31.2555
v -3.5435 -14.2552 33.3054
v -2.3791 -13.4632 34.4454
v -2.5502 -13.7312 35.8555
v -2.6089 -13.8952 36.5554
v 0.9974 -11.7832 36.9354
v 1.2964 -11.7002 37.2054
v -4.8720 -17.2962 27.6454
v -5.1383 -17.8462 27.6055
v -5.3510 -17.6232 28.2154
v -5.3747 -18.0132 27.8855
v -4.5828 -15.9542 28.9154
v -4.5831 -15.7532 29.3655
v -4.9926 -16.3512 29.1854
v -4.6830 -16.2582 28.5954
v -5.1580 -16.9992 28.5554
v -4.9950 -16.1472 29.6355
v -5.3022 -16.5382 29.6954
v -4.1517 -17.3012 29.5854
v -3.4760 -16.5612 29.1854
v -3.9830 -16.6642 30.4955
v -3.2659 -15.9702 30.0954
v -2.5218 -15.1202 30.6954
v -3.5957 -16.0542 31.2455
v -3.0271 -15.4322 31.8454
v -2.5177 -14.9592 32.5754
v -1.6036 -14.2762 32.2954
v -2.2935 -14.8132 33.7154
v -0.1569 -13.4042 34.5654
v -1.5932 -14.3442 34.5654
v 2.1745 -12.2472 36.7954
v 1.8173 -11.4332 37.1954
v 2.6566 -12.1732 37.7654
v 1.0372 -12.0232 37.6454
v 1.6265 -11.6512 37.4754
v 2.0840 -11.5292 37.5954
v 3.0874 -11.2632 37.6255
v 3.4633 -11.7562 37.7154
v 2.2583 -11.2932 37.3254
v 2.5961 -11.4452 37.6954
v 2.8176 -11.5372 37.7954
v 2.8357 -11.8082 37.8855
v 2.9149 -12.0382 37.7555
v 1.9434 -11.8032 37.8555
v 2.3127 -11.7342 37.8755
v 3.0546 -11.8732 37.8354
v 2.5179 -11.8322 37.9354
v 2.0239 -12.0212 38.0354
v 2.5336 -12.2522 37.9054
v 2.2001 -12.1392 38.0554
v 1.9429 -12.6422 38.0554
v -4.7932 -19.5152 26.2154
v -5.1215 -19.3552 26.6954
v -5.1045 -18.5872 27.0354
v -5.4444 -18.9832 27.3555
v -5.4555 -19.7202 27.0454
v -5.2489 -20.0082 26.6654
v -5.0137 -18.0062 27.2654
v -3.6528 -18.0212 27.6055
v -3.6431 -18.4092 27.3054
v -3.8983 -18.5942 27.5654
v -4.1338 -18.3472 28.1754
v -3.7515 -18.7652 27.2355
v -5.3694 -18.4352 27.5554
v -3.9912 -19.0202 27.4454
v -4.3648 -18.9362 28.1355
v -4.3530 -18.4562 28.5254
v -3.6119 -17.0342 28.7154
v -3.7272 -17.5302 28.2355
v -4.2021 -17.8342 28.8354
v -4.2421 -20.2342 25.4354
v -4.5648 -19.7882 25.8655
v -4.5524 -20.2992 25.7555
v -4.3241 -20.8562 25.4654
v -4.7990 -20.0382 26.0854
v -5.0008 -20.7872 26.2154
v -3.7801 -20.5812 26.6355
v -3.4501 -21.0222 26.2154
v -3.4387 -20.2122 26.2954
v -4.0630 -21.3902 25.2154
v -5.2420 -20.5232 26.5554
v -3.7925 -20.0702 26.7455
v -4.0975 -20.4812 27.0754
v -4.6344 -20.9212 25.7754
v -4.5219 -21.3392 25.6554
v -4.7743 -21.3452 25.9254
v -4.1306 -21.2402 27.0354
v -3.5758 -19.0742 26.8154
v -3.6125 -19.6192 26.6454
v -3.2898 -19.6662 26.2555
v -3.8919 -19.6632 27.0055
v -4.3204 -20.1382 27.4955
v -4.2946 -19.6002 27.6454
v -3.8094 -22.4952 25.0854
v -4.2505 -22.6952 25.4955
v -4.6277 -22.0032 25.7954
v -3.0911 -21.7272 25.9054
v -2.8009 -22.2422 25.6954
v -3.4975 -21.6212 26.2854
v -3.5414 -22.5002 26.4254
v -2.7101 -24.1212 24.5454
v -3.6246 -23.4102 25.0654
v -2.6201 -24.0092 25.8555
v -2.0319 -23.6642 25.3755
v -0.7992 -26.1002 23.9754
v -2.4709 -25.2832 24.6454
v -2.9500 -25.2252 24.9454
v -1.9125 -24.9522 25.5854
v -0.5220 -24.9202 24.8254
v -0.2655 -26.1212 23.7455
v -1.5509 -26.6032 24.5154
v -0.7704 -26.9302 24.2054
v 0.0241 -26.0652 24.8655
v -1.0015 -25.9952 25.3755
v -0.4625 -26.5782 25.2854
v 0.8527 -26.6942 23.4754
v 0.3097 -27.2462 23.8254
v -0.2511 -26.6782 23.8954
v -0.0879 -27.3702 24.0354
v 0.6001 -27.5242 23.8054
v 0.1989 -27.6512 24.0055
v 1.1170 -26.0892 24.4354
v 1.6451 -26.8342 24.4855
v 0.3398 -26.8912 24.9955
v 1.9199 -27.9152 23.5254
v 1.4023 -28.2422 23.7754
v 2.0158 -28.5022 23.6954
v 1.4313 -28.9962 24.0654
v 0.9920 -28.8662 24.1554
v 2.0354 -27.1732 24.4855
v 3.2265 -27.7432 24.5554
v 1.9699 -28.1132 24.8454
v 0.8971 -27.1792 24.8655
v 1.4725 -27.4552 24.7455
v 2.6144 -28.3422 24.8154
v 1.0058 -28.2392 25.2555
v 10.6701 -21.3922 35.3054
v 11.2041 -22.2622 35.2654
v 10.1233 -23.4352 35.6255
v 11.0051 -20.8442 35.4454
v 10.9390 -22.5342 35.4554
v 11.1826 -21.7572 35.3655
v 10.8802 -20.3862 35.2954
v 11.0713 -20.5092 35.4154
v 11.2683 -21.1332 35.3454
v 11.3589 -21.3082 35.2654
v 2.4627 -28.8252 23.7455
v 2.7932 -28.7932 23.7054
v 2.6841 -29.1962 23.8954
v 2.0922 -29.4972 24.1155
v 2.7803 -29.6972 24.1355
v 2.5588 -30.2222 24.4354
v 3.6031 -29.1932 23.9454
v 3.5491 -28.1212 24.7654
v 3.1483 -28.4092 24.8354
v 3.5867 -28.5932 24.9955
v 3.8350 -28.4462 24.9955
v 3.8456 -28.6732 25.1055
v 3.2897 -29.5102 24.0554
v 2.3892 -28.8702 25.1155
v 2.7524 -29.0982 25.1754
v 3.0992 -29.0552 25.1654
v 4.7234 -28.1492 25.2254
v 5.2590 -27.9982 25.5454
v 4.0853 -28.5162 25.1055
v 4.3164 -28.7802 25.3454
v 9.1449 -29.1362 35.9154
v 4.1862 -28.9442 23.9654
v 4.5811 -29.2622 24.2654
v 4.9886 -29.5142 24.6355
v 4.1088 -29.6162 24.2854
v 3.5826 -29.6282 24.1654
v 4.5725 -29.6822 24.5055
v 4.9634 -29.9162 24.8755
v 4.5128 -30.4692 25.0055
v 3.1835 -29.8992 24.2555
v 3.6321 -30.0692 24.4254
v 4.0972 -30.0002 24.5055
v 3.8063 -30.5152 24.7555
v 4.9085 -30.4212 25.2054
v 3.5848 -29.2362 25.3454
v 3.8179 -29.5022 25.5854
v 5.3917 -28.2992 25.8855
v 5.3559 -29.5072 24.8954
v 5.6934 -29.2512 25.0354
v 4.9122 -28.3892 25.4855
v 5.9663 -29.3542 25.4354
v 5.6394 -29.7982 25.3855
v 6.1477 -29.7852 26.0854
v 5.3182 -29.8952 25.1355
v 4.6833 -29.2032 25.8354
v 5.1649 -29.1152 26.2355
v 4.4287 -29.7732 26.0754
v 6.0271 -28.6182 27.2254
v 6.2652 -28.2522 27.3954
v 5.4212 -29.1992 26.6355
v 4.8726 -30.0732 26.7254
v 4.4554 -30.8422 25.2455
v 5.7249 -30.1542 25.7954
v 5.9640 -30.1942 26.1854
v 5.2274 -30.4602 25.4955
v 5.4827 -30.7372 26.0354
v 6.3846 -29.6332 26.3655
v 6.2078 -30.0742 26.4754
v 6.5445 -29.8252 26.9054
v 6.9197 -29.6252 27.6155
v -5.6411 -16.5252 31.2154
v -5.8913 -17.0792 30.6055
v -5.3482 -16.0262 32.1055
v -4.6865 -15.2852 32.2754
v -6.0183 -17.0112 31.7254
v -4.1908 -14.7902 32.7254
v -5.1000 -15.6922 33.1255
v -3.2035 -14.0162 34.0154
v -4.0853 -14.7412 34.5754
v -4.6141 -15.2002 34.1355
v -3.1618 -14.0982 35.4354
v -1.2092 -13.3722 37.9354
v -0.3095 -12.8962 38.0554
v -0.6622 -13.1422 38.1954
v 0.1232 -12.7462 38.1854
v -5.8143 -18.3972 28.4354
v -5.9727 -18.0142 29.2154
v -5.7017 -18.7482 27.9454
v -6.1206 -18.8962 28.7054
v -6.3027 -18.7222 29.2954
v -6.2683 -18.3302 29.6355
v -6.1486 -18.0402 29.6554
v -5.5136 -16.9642 29.4955
v -4.3597 -17.0982 30.7654
v -5.7966 -17.1702 30.0154
v -5.7106 -17.4602 29.2555
v -6.1319 -17.6502 30.2654
v -5.0101 -17.8792 31.7254
v -5.0363 -18.2522 30.8354
v -4.9395 -18.3462 30.2455
v -5.1200 -18.5752 30.5154
v -4.2478 -16.8132 31.3555
v -4.2949 -16.7752 31.9354
v -4.6142 -17.2592 31.6255
v -3.8551 -16.2172 32.3954
v -3.0626 -15.4142 32.7054
v -3.7825 -16.1112 33.3954
v -4.2472 -16.6412 32.9454
v -3.1725 -15.5352 33.9855
v -2.3931 -14.9462 34.9955
v -1.7199 -14.6902 37.1055
v -2.0330 -14.7962 36.2254
v 1.0237 -12.2642 38.0254
v 1.3738 -12.3632 38.1854
v 1.5352 -12.7732 38.2555
v 1.7188 -12.3202 38.1654
v 0.6751 -12.5142 38.1654
v 1.0069 -12.4202 38.1754
v 1.0704 -12.6602 38.3154
v 1.1870 -13.1012 38.3354
v 0.3404 -12.7722 38.3154
v 0.7508 -12.9682 38.4354
v 0.7446 -13.4452 38.3354
v 0.4185 -13.0022 38.4654
v 2.1163 -12.4942 38.0954
v -5.9434 -19.7612 27.8454
v -5.4709 -20.2152 26.9354
v -5.8658 -20.1822 27.5554
v -5.6504 -20.9842 27.0654
v -6.2926 -20.3902 28.2654
v -6.3750 -19.7642 28.7054
v -6.0567 -20.9242 27.7054
v -4.7730 -19.1342 28.8555
v -4.6266 -19.7272 28.1954
v -4.9378 -19.7962 28.7954
v -5.0664 -20.4992 28.7254
v -5.0520 -19.4682 29.2654
v -5.2774 -20.2792 29.3354
v -5.3860 -19.9572 29.8054
v -4.6190 -18.3012 29.3354
v -5.1098 -18.9952 29.8954
v -5.0920 -21.6982 26.2954
v -5.4859 -22.1502 26.8254
v -5.4457 -21.5562 26.7455
v -5.9158 -22.1052 27.4454
v -4.4187 -20.7702 27.4955
v -5.3874 -20.9502 26.6954
v -5.1426 -21.2122 26.3655
v -4.5873 -21.4342 27.7254
v -4.6946 -21.0962 27.9254
v -5.8738 -21.5112 27.3655
v -5.5061 -22.7292 26.9354
v -4.9815 -21.7112 28.3954
v -4.7002 -22.1622 27.9354
v -4.6162 -20.4762 27.8855
v -4.9399 -22.3522 26.1654
v -4.6587 -22.5902 25.8855
v -4.0583 -23.3222 25.4154
v -4.6735 -23.4492 26.0554
v -5.0544 -23.0422 26.4154
v -5.0528 -23.6072 26.5454
v -4.8516 -24.2282 26.4754
v -4.4723 -24.0702 25.9855
v -3.9132 -22.0872 26.7954
v -3.7395 -23.2922 26.8254
v -3.2283 -23.3412 26.2654
v -4.4302 -21.8642 27.4855
v -4.1077 -23.1602 27.2555
v -4.3742 -22.6302 27.4955
v -3.9606 -24.0592 25.4754
v -3.5252 -24.7132 25.2555
v -4.2529 -24.6792 25.9454
v -3.8157 -25.3312 25.7254
v -3.2444 -24.1422 26.4855
v -3.9119 -23.7852 27.1854
v -3.7634 -24.7712 27.3655
v -3.0282 -25.8912 25.2355
v -3.3712 -25.6952 25.4454
v -3.5580 -25.9292 25.7154
v -2.4788 -25.0002 26.0354
v -2.1849 -25.8412 26.1454
v -2.9959 -25.0142 26.5354
v -2.2878 -26.5292 24.9454
v -1.9849 -27.3642 25.0654
v -2.7325 -26.7312 25.3454
v -1.5480 -26.5962 25.9754
v -0.6623 -27.0892 25.6055
v -1.0688 -26.6532 25.6754
v -0.9781 -27.4412 25.9754
v -2.0906 -26.6272 26.4454
v -1.5716 -27.2242 26.3254
v -1.1317 -27.3132 24.5254
v -0.3131 -27.8982 24.3254
v 0.2695 -28.4522 24.2854
v -0.1631 -27.1332 25.3354
v -0.5970 -27.6112 25.8154
v -1.1935 -27.9682 24.8354
v -0.1935 -28.9502 24.7355
v 0.4086 -27.6942 25.2754
v -2.1537 -27.8542 25.4254
v -0.7966 -27.8392 26.0754
v -0.5135 -28.1212 26.0454
v -1.0484 -29.0022 25.2654
v 0.6343 -29.2462 24.4855
v 1.2225 -29.5132 24.3855
v 0.1931 -29.7292 24.9554
v 1.7538 -28.6352 25.1554
v 1.2472 -28.8792 25.4855
v 0.2688 -28.4482 25.7355
v 0.6173 -28.9692 25.8555
v 1.1438 -29.6082 25.9955
v 1.7353 -30.1722 24.5654
v 1.1245 -30.2232 24.8154
v 1.3114 -30.6322 24.9955
v 0.6107 -29.8752 24.8354
v 1.6564 -30.8732 25.0454
v 0.8775 -30.4982 25.0954
v 2.9730 -29.4882 25.4254
v 3.3916 -29.3772 25.3954
v 2.4981 -29.3632 25.3755
v 1.8990 -29.3862 25.5254
v 2.7560 -29.7082 25.5654
v 3.1010 -29.6662 25.5454
v 3.0538 -30.0272 25.8054
v 2.3166 -29.8612 25.7254
v 1.9135 -29.9892 25.9254
v 2.7124 -30.0672 25.8254
v 2.2839 -30.2122 26.0055
v 10.0024 -23.7232 35.6055
v 9.8766 -24.2212 35.6954
v 9.9922 -24.2542 35.7555
v 9.9944 -23.9292 35.7254
v 2.3736 -30.7232 24.7854
v 2.8805 -30.8192 24.8354
v 2.2247 -31.2002 25.1754
v 1.8771 -31.3582 25.3855
v 3.3251 -30.3692 24.5554
v 3.5704 -29.8232 25.7455
v 3.3560 -30.9612 24.9754
v 3.9449 -31.1202 25.2555
v 2.9711 -31.3602 25.2654
v 3.5598 -31.5452 25.5154
v 3.0230 -30.3782 26.0854
v 3.4035 -30.3242 26.0954
v 3.1108 -31.8992 25.8054
v 2.7376 -30.4302 26.1355
v 3.1357 -30.5852 26.2854
v 3.5952 -30.5452 26.3454
v 3.9877 -29.9132 25.9554
v 4.0879 -30.4622 26.4554
v 4.5103 -30.3012 26.5854
v 4.7385 -30.5692 27.1055
v 5.1612 -29.9782 26.9955
v 3.5142 -30.8492 26.6255
v 3.9166 -30.9162 26.8454
v 4.3596 -30.7782 26.9754
v 5.9862 -29.4402 27.9955
v 5.5393 -29.7742 27.4154
v 5.1683 -30.4232 27.5154
v 5.8633 -30.3852 28.8954
v 6.4811 -28.9502 28.7254
v 5.0094 -30.8352 25.6255
v 4.3295 -31.3482 25.6255
v 4.8492 -31.4532 26.1055
v 4.1665 -31.8112 26.0154
v 4.5524 -31.8252 26.2654
v 5.9375 -30.8412 26.8354
v 5.3206 -31.3772 26.5154
v 5.5810 -31.7282 27.3354
v 4.8948 -31.7902 26.5254
v 6.2386 -31.2052 27.9154
v 4.6346 -30.8832 27.3655
v 5.3324 -30.6192 28.0554
v 6.6470 -31.2642 29.0254
v 6.1783 -32.0122 28.9754
v 7.2804 -30.9502 30.5754
v -5.7986 -16.5932 32.5055
v -6.2673 -17.3412 32.4554
v -6.3129 -17.5402 31.6854
v -6.7680 -18.4692 32.0854
v -6.6714 -18.1752 32.9654
v -5.1933 -15.8322 34.3954
v -5.6435 -16.3782 33.9454
v -6.2779 -17.3502 33.3154
v -4.7982 -15.4392 34.9855
v -4.3700 -15.0842 35.5554
v -4.8631 -15.5962 35.6854
v -5.2569 -15.9972 35.3855
v -3.1303 -14.1472 35.9955
v -3.6028 -14.4602 35.7154
v -4.3343 -15.1382 36.1255
v -3.6374 -14.6582 36.6954
v -1.0046 -13.3992 38.3354
v -0.8262 -13.3892 38.4654
v -1.7383 -13.8522 38.3454
v -1.6563 -13.9502 38.6155
v -0.7875 -13.5742 38.6355
v -2.2876 -14.3912 38.7054
v -0.4879 -13.1282 38.3254
v -0.0051 -13.1152 38.4855
v -0.3028 -13.4052 38.6155
v -1.7475 -14.5022 38.9955
v -6.3291 -18.2702 29.9354
v -6.4595 -18.7562 29.7455
v -6.5714 -19.2622 29.5554
v -6.6907 -18.9792 30.2754
v -6.5013 -18.5082 30.2054
v -6.5682 -19.6822 29.2154
v -6.8069 -19.6452 29.9554
v -6.9386 -20.3452 29.8855
v -6.9686 -19.4872 30.8454
v -6.7094 -18.7142 30.7654
v -7.0247 -20.1142 30.3954
v -6.4383 -18.1622 30.5254
v -6.2183 -17.5682 30.8555
v -5.2327 -18.4222 31.4354
v -6.5901 -18.2232 31.2455
v -6.7752 -18.6552 31.3454
v -4.5781 -17.1052 32.3555
v -4.6831 -17.2242 33.3454
v -4.8919 -17.6022 32.3154
v -5.1984 -18.1082 32.8454
v -5.1636 -18.1392 31.9955
v -5.4348 -18.6902 32.2355
v -5.4358 -18.8832 31.5055
v -4.2510 -16.6722 34.3755
v -5.1373 -17.9882 33.2954
v -4.8416 -17.4852 33.8954
v -3.5757 -15.9532 34.8254
v -3.1624 -15.5672 34.8354
v -3.3582 -15.7862 35.4054
v -2.8203 -15.3312 35.5554
v -3.2131 -15.7612 36.3954
v -2.5464 -15.2412 36.6854
v -2.2573 -15.1602 37.5254
v -0.9319 -14.3992 37.9855
v 0.0404 -13.9162 38.6454
v -1.7297 -14.9152 38.0854
v -1.0154 -14.6702 38.7654
v -1.4180 -14.7512 39.0055
v 0.4039 -13.2992 38.5354
v 0.2828 -13.6852 38.5654
v 0.0970 -13.3122 38.5854
v 0.0805 -13.6062 38.6255
v 0.1509 -13.8452 38.4855
v -0.2421 -13.6362 38.6854
v -6.6209 -21.3462 28.7254
v -6.7401 -20.7162 29.1454
v -6.8163 -21.3132 29.1954
v -5.5119 -20.5512 29.8254
v -5.5288 -20.0202 30.2455
v -5.2907 -19.4322 30.0055
v -5.3474 -21.1042 29.2054
v -5.7271 -20.4452 30.6355
v -5.7096 -20.8232 30.3454
v -5.2567 -19.0542 30.3254
v -5.4370 -19.0802 31.0554
v -5.4545 -19.5322 30.4754
v -5.6442 -19.9062 30.8354
v -5.6064 -19.3312 31.6055
v -5.6097 -19.5262 31.1654
v -5.7209 -19.7122 31.6355
v -5.7729 -20.1932 31.0954
v -6.2893 -21.7402 28.0554
v -6.0919 -22.6002 27.7954
v -5.0974 -22.4112 28.6754
v -5.2716 -21.8102 28.9855
v -4.7448 -23.0922 28.2054
v -6.6611 -21.9392 28.8054
v -6.5343 -22.3272 28.5854
v -6.3188 -23.1752 28.3454
v -6.6704 -22.7952 28.9855
v -5.2278 -21.2142 28.9154
v -5.3766 -21.4072 29.2355
v -5.4925 -21.2952 29.5354
v -5.5345 -21.8892 29.6155
v -5.7227 -21.3522 30.2054
v -5.3497 -22.1922 29.2154
v -5.4749 -22.6522 29.6255
v -5.5981 -22.2622 29.8555
v -5.3321 -23.3692 26.8354
v -5.8581 -23.4052 27.6055
v -5.1364 -23.9932 26.7555
v -5.5790 -23.9582 27.3555
v -5.0948 -24.8152 26.9955
v -5.6226 -24.6002 27.6854
v -5.9889 -23.9002 27.9855
v -4.4618 -23.3092 27.8154
v -4.4743 -24.2062 28.2054
v -5.0690 -23.2332 28.8655
v -4.0952 -25.6592 26.1355
v -4.6159 -25.1092 26.5154
v -4.5282 -25.7162 26.6654
v -5.0210 -25.3152 27.1255
v -3.3389 -25.4312 27.1255
v -4.7373 -24.5682 28.8954
v -4.0228 -25.4142 28.1255
v -3.5165 -26.4522 25.9054
v -3.1790 -26.6512 25.6854
v -2.8545 -25.4392 26.5854
v -2.6386 -26.3792 26.8555
v -3.9592 -26.0872 26.1854
v -3.1920 -25.8522 27.1854
v -3.7107 -27.2882 26.5554
v -3.3315 -27.1302 26.0654
v -4.2967 -26.5002 26.7854
v -4.2967 -27.1132 27.1654
v -2.7584 -26.8362 27.2754
v -3.5639 -25.7222 27.6155
v -3.2664 -26.5612 27.7254
v -2.6745 -27.2582 25.5454
v -2.3029 -27.1932 27.0154
v -2.5203 -28.2872 25.9855
v -1.4337 -27.9812 26.6854
v -1.1252 -27.9162 26.3755
v -1.8002 -28.1302 27.1854
v -2.6531 -27.3312 27.5354
v -3.0958 -26.9662 27.8154
v -0.8438 -28.2002 26.3354
v -1.8053 -28.6592 25.6055
v -0.5607 -28.4832 26.3054
v -0.0307 -28.7892 26.1355
v -0.2140 -29.0052 26.4154
v -1.0217 -28.4132 26.6255
v -1.4241 -29.4412 25.8154
v -0.7585 -29.0382 26.8855
v -2.0702 -28.9762 26.0354
v -1.3229 -28.4722 26.9554
v -1.9559 -29.4652 26.3054
v -1.5242 -29.0762 27.7854
v -0.5130 -29.3052 25.1055
v -0.1100 -30.0732 25.3454
v -0.9522 -29.5042 25.5154
v -0.5365 -30.2632 25.7754
v 0.1606 -31.0232 25.9354
v -1.4495 -29.7882 26.1055
v -0.7833 -30.5682 26.2254
v 0.4812 -29.4372 26.2555
v 1.0258 -30.0632 26.4154
v 0.3052 -29.6492 26.5454
v -0.3881 -29.5452 27.0254
v 0.2345 -30.0722 27.0354
v 0.9515 -30.4892 26.8954
v 0.5580 -30.2402 25.0854
v 0.5163 -30.5972 25.3555
v 1.1063 -30.8632 25.2555
v 1.2854 -31.3382 25.5754
v 0.6561 -31.0692 25.6554
v 0.7452 -31.6222 26.1454
v -0.0895 -31.3072 26.4054
v 2.0806 -30.4422 26.2555
v 1.6286 -30.6502 26.6554
v 2.2006 -30.9742 26.7854
v 2.4783 -30.6482 26.3655
v 1.5689 -31.0662 27.1554
v 2.0974 -31.4662 27.4855
v 2.5336 -31.8412 25.7455
v 1.4514 -31.7632 25.9354
v 1.8345 -31.9782 26.0254
v 1.4769 -32.0752 26.2854
v 1.8710 -32.2832 26.3855
v 2.2468 -32.1732 26.1554
v 1.0230 -31.9542 26.3555
v 2.8902 -30.8212 26.5154
v 3.2597 -30.7842 26.5055
v 2.7491 -31.3612 27.1454
v 3.0450 -31.0222 26.7455
v 3.4860 -31.2902 27.1255
v 3.1561 -31.6062 27.5154
v 2.8823 -32.1252 26.0454
v 2.6010 -32.4542 26.4554
v 2.7203 -31.7222 27.7054
v 2.0000 -32.4792 26.6055
v 2.2871 -32.8512 27.0854
v 4.2412 -31.0772 27.2355
v 3.9092 -31.3452 27.3755
v 3.5337 -31.5662 27.5154
v 3.7996 -31.5992 27.6754
v 3.3236 -31.7802 27.8054
v 3.6018 -31.8252 27.9354
v 8.8287 -27.7232 35.9554
v 3.6001 -32.0272 26.0354
v 4.2369 -32.1122 26.4054
v 3.7504 -32.2012 26.2854
v 4.2908 -32.3942 26.7954
v 3.2039 -32.2242 26.1854
v 3.3625 -32.4082 26.4354
v 3.7026 -32.6112 26.7954
v 2.9224 -32.4282 26.4154
v 3.1778 -32.6332 26.7154
v 4.1351 -32.6512 27.0654
v 2.9027 -32.8172 26.9554
v 3.1556 -32.8832 27.0754
v 3.9713 -33.1212 27.7355
v 5.0259 -30.9102 27.9054
v 4.6063 -32.1072 26.6554
v 5.3027 -31.8342 27.0654
v 4.6500 -31.5602 28.2854
v 5.8760 -32.0842 28.4154
v 4.1374 -31.6132 27.8954
v 4.8812 -32.2122 27.0554
v 4.6498 -32.3772 27.0554
v 4.9103 -32.4662 27.4554
v 5.3546 -32.3362 27.8555
v 3.7743 -31.8472 28.0354
v 4.0658 -31.9712 28.4254
v 4.4329 -33.0032 27.8555
v 4.9249 -32.9262 28.2555
v 5.2596 -31.1912 28.7054
v 4.9428 -31.4692 28.5654
v 4.9532 -31.7032 28.9654
v 5.3437 -31.5132 29.3855
v 4.6604 -31.7932 28.6854
v 5.8456 -30.8032 29.4254
v 6.2655 -30.4382 29.9955
v 6.8613 -31.5312 30.1155
v 5.8703 -31.2912 30.2355
v 6.8052 -30.2282 31.4054
v 5.5675 -32.5942 28.6754
v 5.8338 -32.4432 28.9354
v 5.9313 -32.8192 29.9054
v 6.4309 -32.0472 29.6954
v -6.4749 -17.7832 33.9955
v -6.1021 -17.1582 34.7455
v -6.4516 -17.8232 34.5554
v -6.7822 -18.4882 33.5055
v -6.7026 -18.3832 34.2254
v -5.6529 -16.4932 35.1355
v -5.8407 -16.8322 35.4754
v -6.1339 -17.3522 35.4454
v -4.9519 -15.7732 36.1355
v -4.7152 -15.5672 36.3855
v -5.5682 -16.5112 35.9254
v -5.3748 -16.3102 36.2154
v -5.0609 -16.0362 36.6454
v -5.6096 -16.6872 36.3354
v -5.7947 -16.8972 36.0354
v -4.2456 -15.2572 36.9554
v -4.6753 -15.8482 37.3555
v -4.1560 -15.3712 37.5055
v -3.0588 -14.4772 37.5254
v -3.5995 -14.9362 37.6554
v -2.9879 -14.7922 38.4855
v -2.5353 -14.4492 38.4855
v -3.9067 -15.4552 38.1954
v -3.2048 -15.1962 38.8855
v -2.0227 -14.3962 38.8755
v -2.6351 -15.0482 39.0954
v -2.6910 -14.7062 38.7555
v -2.5858 -15.2982 39.2254
v -7.0302 -19.4322 31.4254
v -7.1914 -20.3072 31.1954
v -7.2666 -20.4522 31.8954
v -6.9212 -18.9302 31.9054
v -6.8934 -18.7672 32.6355
v -7.1564 -19.7362 32.2555
v -7.0324 -19.2642 33.2954
v -5.4509 -18.6862 32.8154
v -5.5871 -19.1302 32.0754
v -5.3327 -18.4092 33.4054
v -5.1960 -18.1522 33.9955
v -5.7101 -19.4592 32.8855
v -5.7421 -19.6172 32.1554
v -5.5584 -19.0112 33.6454
v -5.3674 -18.6072 34.3855
v -4.5823 -17.1572 34.6255
v -5.0448 -17.9112 34.5854
v -4.8035 -17.7992 36.2854
v -5.1983 -18.3932 35.2555
v -4.1370 -16.6122 35.3655
v -3.8122 -16.3642 36.3755
v -4.3011 -17.1032 36.8954
v -4.6114 -17.3682 35.8954
v -3.3778 -16.0152 36.9454
v -2.7256 -15.4782 37.2455
v -3.8220 -16.5892 37.3454
v -3.0928 -15.9302 37.7954
v -2.4179 -15.4192 38.0854
v -1.5996 -15.0812 38.9154
v -2.9709 -16.0872 38.6155
v -2.2815 -15.5922 38.9054
v -3.4103 -16.4372 38.3254
v -6.9550 -20.9582 29.6754
v -7.0578 -21.6822 29.8954
v -6.8568 -21.9332 29.2954
v -6.9234 -22.2622 29.5254
v -7.1017 -20.8092 30.2754
v -7.2444 -21.5102 30.7754
v -7.0628 -22.5322 30.0754
v -5.8289 -20.7622 30.8954
v -7.1738 -20.5902 30.7754
v -7.2933 -21.2552 31.2455
v -5.8879 -20.5022 31.6454
v -5.9968 -21.4492 31.9754
v -5.8289 -19.9652 32.9855
v -5.9275 -20.4792 32.5055
v -5.9618 -20.8782 33.0354
v -5.6622 -19.5482 34.3054
v -6.7355 -22.3192 29.0354
v -6.8615 -22.7872 29.4855
v -6.5763 -23.5342 29.0354
v -6.8775 -23.3812 29.8254
v -7.1376 -22.8982 30.6155
v -6.7050 -24.0432 29.7054
v -5.7034 -22.3712 30.2754
v -5.5710 -22.8102 30.0154
v -5.8786 -21.7682 30.9254
v -5.8643 -22.4402 31.0055
v -5.7575 -22.8382 30.7355
v -5.9422 -22.1342 31.4654
v -5.5746 -23.4252 30.3954
v -5.9039 -22.5562 31.4454
v -5.7772 -23.2272 31.2854
v -6.2156 -23.9092 28.4054
v -6.0334 -24.5542 28.3755
v -6.2478 -24.4842 28.7954
v -5.3379 -25.7312 27.8454
v -5.8004 -25.1422 28.2854
v -6.3552 -25.0172 29.4554
v -5.9745 -25.3982 28.8354
v -6.1055 -25.5022 29.2455
v -5.1905 -24.0202 29.6055
v -5.3818 -23.4032 29.7355
v -5.3554 -23.9872 30.0954
v -5.0327 -24.7172 29.7355
v -5.5727 -23.7532 30.7154
v -5.2737 -24.4982 30.3254
v -4.7793 -26.2082 27.2654
v -5.2182 -26.4992 28.1854
v -4.7702 -26.8142 27.6554
v -5.6281 -25.8292 28.4354
v -4.8953 -26.9922 28.0154
v -4.5214 -25.5092 29.1654
v -4.1062 -25.8462 28.5954
v -4.5235 -26.7922 27.2654
v -3.9375 -27.5802 27.0354
v -4.1969 -27.6112 27.4154
v -4.5471 -27.1372 27.5554
v -4.6666 -27.6402 28.2254
v -4.1876 -28.2642 28.0554
v -3.5584 -26.3312 28.0055
v -3.5493 -26.8552 28.4654
v -3.3242 -27.3062 28.5454
v -2.8453 -27.6002 28.0554
v -3.6108 -27.0722 28.8254
v -4.1024 -26.5032 29.2355
v -4.6382 -25.8872 29.9354
v -3.1591 -28.1462 26.5354
v -2.8397 -28.6882 26.6155
v -3.2479 -28.5822 26.9955
v -2.9176 -29.1162 27.0854
v -3.8267 -28.0722 27.2954
v -3.3077 -28.9982 27.4955
v -2.4624 -28.0522 27.9554
v -2.7851 -28.2192 28.7654
v -1.9903 -29.1032 28.6055
v -2.3061 -29.2752 26.5055
v -1.9649 -29.8012 26.6155
v -2.6398 -29.7322 27.3655
v -2.3804 -29.7012 26.9855
v -1.8159 -30.2672 26.9254
v -2.9646 -29.5242 27.6055
v -2.2242 -30.1622 27.3054
v -2.0878 -30.6822 27.8555
v -1.8556 -30.6802 27.5055
v -0.7529 -29.5292 27.3655
v -0.7091 -29.9942 27.8954
v -1.4385 -29.6782 28.5254
v -2.3440 -28.9612 29.0554
v -1.5329 -30.2202 26.5754
v -1.3694 -30.6762 26.9054
v -1.2367 -31.1992 27.4454
v -0.7522 -31.2072 26.9054
v -0.7326 -31.5402 27.3354
v -0.3771 -29.8672 27.3555
v 0.4107 -30.5192 27.3755
v 0.4526 -30.8212 27.7455
v 0.5163 -31.1072 28.1355
v 0.4221 -31.6962 26.4454
v 0.7689 -31.9352 26.4955
v -0.3364 -31.6832 27.0954
v 0.1136 -31.7602 26.7654
v 0.4568 -32.0022 26.8054
v 0.1610 -32.0572 27.1355
v 0.7492 -32.3242 27.0354
v 0.8797 -32.1442 26.6854
v 0.4552 -32.3792 27.3755
v -0.4434 -31.8482 27.4754
v 0.9100 -30.8932 27.4154
v 1.3223 -31.4182 27.8655
v 1.1719 -31.6582 28.4354
v 1.3227 -32.2722 26.6055
v 1.6984 -32.4642 26.7054
v 0.9978 -32.3472 26.8954
v 1.3692 -32.5822 27.0354
v 1.0670 -32.6302 27.3054
v 2.3936 -31.8322 27.9754
v 1.8284 -31.7982 28.1954
v 2.7860 -32.0872 28.3354
v 2.1043 -32.1192 28.7054
v 1.6645 -32.9372 27.4654
v 1.7683 -31.9702 28.6255
v 1.4067 -32.9212 27.5954
v 0.3628 -32.5342 27.7654
v 0.9637 -32.7922 27.6854
v 1.5630 -33.0982 27.8454
v 2.0405 -33.2032 27.7954
v 1.8688 -33.3272 28.1654
v 3.1106 -31.9552 28.0754
v 3.3512 -32.0152 28.1954
v 3.2340 -32.0992 28.3354
v 2.9790 -32.2462 28.6255
v 2.6218 -32.3532 28.9754
v 3.3161 -32.4202 29.0055
v 1.9119 -32.1202 28.8655
v 2.3264 -32.3802 29.2355
v 2.7985 -32.5642 29.5154
v 8.4751 -28.9332 36.0754
v 8.8951 -29.1042 36.1055
v 8.8810 -28.3042 36.1055
v 8.6756 -28.7722 36.1754
v 3.3134 -33.0722 27.4054
v 2.3781 -33.1192 27.5154
v 2.9933 -33.0802 27.3954
v 2.9892 -33.2972 27.7954
v 3.4455 -33.3892 28.0354
v 2.4686 -33.3562 27.9754
v 3.1946 -33.5402 28.3254
v 2.7235 -33.4322 28.0854
v 2.4064 -33.5262 28.3954
v 2.9086 -33.6522 28.6155
v 4.4146 -32.1652 29.0954
v 3.9612 -32.2912 28.9754
v 4.0185 -33.4332 28.3954
v 4.4767 -33.3142 28.5055
v 3.6552 -32.3742 28.9855
v 4.2258 -32.3852 29.3655
v 3.7372 -32.4722 29.2555
v 3.5379 -33.4992 28.2954
v 3.7412 -33.5172 28.4254
v 4.0099 -33.6152 28.8254
v 4.0715 -32.6502 29.9254
v 4.4261 -33.6692 29.3555
v 3.4739 -32.6102 29.5454
v 3.2787 -33.6402 28.5854
v 3.5399 -33.6412 28.6554
v 4.8079 -31.9712 29.2254
v 5.0609 -31.8802 29.4754
v 5.2846 -31.8852 29.9154
v 4.9451 -32.1382 29.7654
v 4.6440 -32.2192 29.4955
v 5.1455 -32.1602 30.1754
v 4.4594 -32.4442 29.7754
v 5.0367 -32.4762 30.7254
v 6.1439 -31.1702 30.7854
v 5.8156 -31.8732 31.1554
v 5.5298 -31.9642 30.5954
v 6.4394 -31.5412 32.4354
v 5.3887 -32.2372 30.8655
v 8.8790 -30.1092 35.8254
v 4.9842 -33.2222 28.9354
v 4.6494 -33.7162 29.7555
v 5.0124 -33.4822 29.6155
v 5.4140 -33.0762 29.3454
v 5.4402 -33.3342 30.0254
v 5.8341 -33.3782 31.1355
v 6.5537 -32.2572 30.4855
v 6.6975 -32.8042 32.1754
v 7.1828 -32.5692 33.2854
v -5.9695 -17.1192 35.7455
v -6.1628 -17.5422 35.8555
v -6.5521 -18.3712 35.5055
v -6.1270 -17.6822 36.3454
v -6.5011 -18.6572 36.1854
v -6.2501 -18.0972 36.5055
v -6.2231 -18.3492 36.9054
v -5.4369 -16.6042 36.8054
v -5.9252 -17.2172 36.2754
v -5.7259 -16.9882 36.5954
v -5.2674 -16.6732 37.4454
v -5.0430 -16.2852 37.3354
v -5.6698 -17.1372 37.0954
v -5.8703 -17.4722 36.9754
v -6.0836 -17.8662 36.8054
v -5.7133 -17.4462 37.3954
v -5.4690 -17.0872 37.5654
v -5.5333 -17.4142 37.7954
v -5.9370 -17.8282 37.2254
v -4.4093 -15.9112 38.0654
v -4.7427 -16.2102 37.8855
v -4.5932 -16.3902 38.4254
v -4.1476 -16.0472 38.7154
v -5.0876 -16.6722 37.8655
v -4.9277 -16.8642 38.4054
v -5.3210 -17.2812 38.1055
v -4.5414 -16.6702 38.8254
v -4.8573 -17.1652 38.7854
v -3.6180 -15.5822 38.8755
v -3.0648 -15.3582 39.1355
v -3.8652 -15.9452 38.9955
v -3.5049 -15.7152 39.1355
v -3.2912 -15.7452 39.2555
v -3.3072 -15.9702 39.3555
v -2.9418 -15.6312 39.2954
v -4.0552 -16.1572 38.9855
v -3.2943 -16.2442 39.4354
v -3.9232 -16.2232 39.1954
v -4.1177 -16.5172 39.2355
v -3.9062 -16.5132 39.3855
v -3.8574 -16.7642 39.5055
v -4.1264 -16.7042 39.3454
v -7.2635 -20.4842 33.0354
v -7.1628 -19.9722 33.5154
v -7.2543 -20.9322 33.5554
v -7.2967 -21.3002 33.2355
v -7.1316 -20.4512 34.3154
v -7.0029 -19.3112 33.8655
v -5.3825 -19.0412 35.4754
v -5.6592 -20.2102 35.2254
v -7.0049 -19.7532 34.6654
v -6.7504 -18.8142 35.0154
v -5.1907 -18.8522 36.3454
v -6.6991 -19.0602 35.7254
v -5.3419 -19.3932 36.2054
v -4.2895 -17.3452 37.5854
v -4.6919 -18.1662 37.5254
v -5.0303 -18.8372 37.0454
v -4.8211 -18.6612 37.6155
v -3.9652 -16.8602 37.6155
v -3.6554 -16.8022 38.4554
v -3.9796 -17.2882 38.4254
v -4.3354 -17.7552 38.1255
v -3.9677 -17.5552 38.8354
v -4.4943 -18.1922 38.2154
v -4.3009 -17.9922 38.5055
v -3.2918 -16.5832 38.8755
v -2.6500 -16.0352 39.1754
v -2.8542 -16.1102 39.3755
v -3.0996 -16.5962 39.2854
v -2.9284 -16.3632 39.2954
v -3.6613 -16.8682 39.5554
v -3.6429 -17.0382 38.8555
v -3.1547 -16.7502 39.4154
v -3.4954 -17.2172 39.3954
v -3.5032 -16.9982 39.5554
v -3.5344 -17.3022 39.5854
v -2.6235 -15.8892 39.3054
v -7.3411 -21.2232 32.1055
v -7.3236 -22.0812 31.7254
v -7.2012 -22.4042 30.6754
v -7.3051 -22.3312 32.4054
v -7.2511 -22.7932 31.4955
v -7.2650 -22.7922 32.0654
v -7.1555 -23.1552 33.0154
v -5.8497 -20.5272 33.9754
v -5.9980 -21.8852 32.4955
v -5.9649 -21.5632 33.1355
v -5.9411 -21.1232 33.4354
v -5.8839 -21.6402 33.9554
v -7.2361 -21.3822 33.7954
v -7.2332 -22.4542 33.2555
v -5.8544 -21.2412 34.2654
v -5.7483 -21.4082 34.8354
v -6.9205 -23.8082 30.3254
v -7.1029 -23.5892 31.2455
v -6.8099 -24.5392 30.6954
v -6.9419 -24.2452 31.1255
v -5.9556 -22.3482 32.1554
v -5.8964 -22.8372 32.0954
v -5.7220 -23.6762 32.4154
v -5.8793 -22.8702 32.6654
v -7.1064 -23.6922 31.7455
v -7.0031 -24.1422 31.7455
v -5.9366 -22.1822 33.1754
v -5.9513 -22.3602 32.4354
v -5.8044 -21.9352 34.3354
v -5.8210 -22.8472 33.4454
v -5.6770 -23.7152 32.9654
v -6.6214 -24.8832 30.2555
v -6.2897 -25.6062 29.9054
v -6.4909 -25.3152 30.2854
v -5.8800 -26.2302 29.3954
v -6.6780 -25.0452 30.8655
v -6.2822 -25.9772 30.4855
v -6.5489 -25.4742 30.9955
v -6.0811 -26.2682 30.0954
v -6.8272 -24.7292 31.3755
v -5.5777 -24.1792 31.5354
v -5.2719 -24.7732 30.6854
v -5.5711 -24.2672 32.3354
v -5.3658 -24.7462 31.2254
v -5.2188 -25.1672 31.2754
v -5.4452 -24.6552 31.8254
v -5.7894 -26.0772 28.9955
v -5.1673 -27.0772 28.6255
v -5.2597 -27.2322 29.0154
v -5.5116 -27.2382 29.7154
v -5.1198 -27.7042 29.3154
v -5.0579 -25.1092 30.2754
v -4.7477 -25.9402 30.4054
v -5.0609 -25.4382 30.8855
v -4.2844 -26.7102 30.1055
v -4.6967 -26.2352 30.7854
v -4.3174 -27.0192 30.9955
v -5.8790 -26.8442 30.3555
v -4.7121 -26.3592 31.3855
v -4.8924 -25.9402 31.1754
v -4.9773 -25.8532 31.7654
v -4.4945 -26.8042 31.9154
v -5.0402 -27.5582 28.9154
v -4.7353 -28.1092 28.9654
v -4.5628 -28.5592 29.3054
v -4.9546 -28.1592 29.6554
v -4.2418 -28.7232 28.8154
v -5.4316 -27.5802 30.0754
v -4.7584 -28.5932 30.0154
v -3.7738 -27.3672 29.6355
v -3.3331 -27.6882 29.1055
v -4.0746 -27.2362 30.4054
v -3.5849 -27.8062 29.9955
v -3.7495 -27.8202 30.7455
v -3.9925 -27.5562 31.0854
v -3.7738 -29.0252 28.3154
v -2.8410 -30.0532 28.1355
v -3.1910 -29.9082 28.5954
v -4.0528 -29.1622 29.1754
v -3.6572 -29.6052 29.0954
v -4.3593 -28.9882 29.6854
v -3.0027 -28.2212 29.1954
v -3.1583 -28.3932 30.1155
v -3.5010 -28.1252 30.6754
v -3.1126 -28.5742 30.5854
v -2.6106 -30.0412 27.7154
v -2.5633 -30.3392 28.0954
v -2.7791 -30.3412 28.5254
v -3.2525 -30.0422 29.0254
v -2.9929 -30.3872 29.2154
v -2.2727 -30.8282 28.4855
v -2.2686 -31.0822 29.1554
v -1.6489 -29.6762 28.9654
v -2.4269 -29.2022 29.9654
v -1.5668 -29.9962 29.6355
v -1.1059 -30.3492 29.3755
v -2.1415 -29.6222 30.6954
v -1.2778 -30.3672 30.1155
v -1.7902 -30.9552 27.8454
v -1.0169 -31.6172 27.8454
v -1.3824 -31.4502 28.1055
v -1.0911 -31.7602 28.2555
v -1.7499 -31.3042 28.4654
v -1.3050 -31.7602 28.6954
v -1.7987 -31.4292 28.9054
v -1.1843 -30.0262 28.7054
v -0.4165 -30.6922 28.7054
v -0.6286 -30.6912 29.1355
v 0.0498 -31.1432 29.0055
v -0.3359 -31.1062 29.8755
v -0.6554 -30.8482 29.8655
v -1.6569 -31.6172 29.1454
v -0.6423 -30.9322 30.3855
v 0.0124 -32.2972 27.7154
v -0.5321 -32.0002 27.8655
v -0.4357 -32.2712 28.3454
v -0.0618 -32.4392 28.1355
v 0.7365 -31.6182 29.0454
v 0.2904 -32.6752 28.1854
v 0.8804 -32.9412 28.0854
v 0.3574 -31.5022 29.5154
v -0.1124 -32.5662 28.5754
v -0.5637 -32.3202 28.7555
v 0.2430 -32.8022 28.6454
v -0.1302 -32.6332 28.8555
v 0.2222 -32.9532 29.3655
v -1.1722 -32.0002 29.1754
v -0.3112 -32.6572 29.5754
v 1.4990 -32.0042 28.9654
v 1.0747 -32.0022 29.8354
v 0.3656 -31.6072 30.1255
v 0.9524 -32.0002 30.7054
v -0.2550 -31.2372 30.9955
v 1.0187 -33.1772 28.5754
v 1.4852 -33.3302 28.4754
v 2.0759 -33.5712 28.6954
v 1.7424 -33.6382 29.2854
v 0.9874 -33.3132 29.1554
v 0.5722 -33.1892 29.7054
v 1.2109 -33.5252 29.9354
v 1.8573 -33.7912 30.1155
v 1.8607 -32.3262 29.5354
v 3.2327 -32.7782 30.1155
v 2.5201 -32.6442 30.0654
v 2.0864 -32.5502 30.3855
v 2.7689 -32.8272 30.8054
v 1.5780 -32.3472 31.2355
v 2.1655 -32.6252 31.1854
v 2.4467 -32.7132 31.5654
v 2.5846 -33.7352 28.9254
v 2.3089 -33.7542 29.1654
v 2.6652 -33.8182 29.1854
v 2.9906 -33.7502 28.8855
v 3.2146 -33.7912 29.0055
v 3.6274 -33.8342 29.2555
v 3.6558 -32.8332 30.3655
v 3.2780 -33.8692 29.2754
v 3.0602 -33.8342 29.1554
v 4.0910 -33.8882 29.7455
v 3.7096 -33.9732 29.8254
v 3.0980 -33.9112 29.4454
v 4.3116 -33.9932 30.4654
v 2.2855 -33.8262 29.5055
v 2.7672 -33.9462 29.7355
v 2.9932 -33.9892 29.8555
v 3.3881 -34.0392 30.0854
v 2.5624 -33.9792 30.1554
v 3.0476 -34.0642 30.4154
v 3.4563 -34.1022 30.6654
v 4.4752 -32.6912 30.4554
v 4.0438 -32.8492 30.6155
v 4.8397 -32.6872 31.0055
v 4.4028 -32.8322 30.8755
v 3.7391 -32.9402 30.9154
v 4.2426 -32.9042 31.0454
v 4.6054 -32.8572 31.2854
v 3.2829 -32.8882 30.6954
v 4.1346 -32.9712 31.4554
v 3.3620 -32.9502 31.2254
v 4.1813 -34.0702 30.8954
v 3.1455 -32.9252 31.3954
v 3.1462 -32.9172 31.6654
v 3.3706 -32.9582 31.5055
v 3.7803 -33.0072 31.7654
v 3.9843 -33.0172 31.8855
v 5.2674 -32.5392 31.4154
v 5.8459 -32.1362 31.8454
v 4.9168 -32.7872 31.5554
v 5.6125 -32.5212 32.2455
v 4.6638 -32.9362 31.8454
v 5.2742 -32.7832 32.3855
v 5.7136 -32.6552 33.0754
v 4.5148 -32.9922 32.2754
v 5.3379 -32.8592 33.2154
v 6.1262 -31.9972 32.3755
v 6.0511 -32.3992 33.2254
v 6.4635 -32.0192 33.5154
v 6.5321 -32.2832 34.4454
v 7.6406 -31.0552 35.6754
v 8.0340 -30.0082 35.6155
v 8.6625 -30.7142 35.7754
v 8.2264 -31.4842 35.1554
v 8.1664 -31.6402 35.5654
v 8.5784 -30.8362 35.9154
v 7.9778 -30.7942 36.3755
v 7.8563 -31.9402 35.9855
v 6.9565 -31.9722 35.0554
v 8.1442 -31.1592 36.2254
v 8.4475 -30.8622 36.0954
v 7.4225 -31.6722 36.1954
v 8.6961 -30.5442 35.9354
v 8.5440 -30.5132 36.1454
v 4.9608 -33.6472 30.0254
v 4.5749 -33.8562 30.1754
v 5.1488 -33.6552 30.4354
v 5.4677 -33.6012 30.9955
v 4.8884 -33.7882 30.4454
v 4.9530 -33.8742 31.0055
v 4.6396 -33.9422 30.7355
v 5.5606 -33.7252 31.8254
v 4.6636 -33.9762 31.0154
v 4.8563 -34.0032 31.9955
v 6.1887 -33.3772 32.2455
v 5.4592 -33.8352 32.2555
v 5.8808 -33.6802 32.6654
v 6.1466 -33.5602 32.9454
v 7.8018 -31.9152 34.2254
v 6.8133 -33.0392 33.2355
v 7.0336 -32.8682 33.5254
v 6.5226 -33.3542 33.3655
v 6.7595 -33.2012 33.6454
v 8.2813 -31.1082 34.6155
v 7.5028 -32.4932 34.4354
v 7.9071 -31.9682 34.8354
v 7.5870 -32.4582 34.8054
v 7.9480 -32.0022 35.4154
v 6.9977 -33.0572 34.2154
v 7.4169 -32.6992 35.0754
v -5.8695 -17.9372 37.5154
v -6.0525 -18.1232 37.2054
v -5.9903 -18.4142 37.5954
v -5.8012 -18.2162 37.8954
v -5.4904 -18.1452 38.4454
v -5.4557 -17.5392 38.0854
v -4.5935 -17.0422 39.0654
v -5.2585 -17.7722 38.6055
v -4.8846 -17.5642 39.0354
v -4.4577 -17.2002 39.3254
v -4.2896 -17.1392 39.4354
v -7.0177 -20.1692 34.9054
v -7.0712 -20.9682 34.8354
v -7.1855 -21.0222 34.1155
v -6.7185 -19.8992 36.2054
v -6.9507 -20.6942 35.4054
v -6.6497 -20.6302 36.5354
v -6.7590 -21.1922 36.1055
v -6.5325 -19.0522 36.4254
v -6.3151 -19.3782 37.2654
v -6.2561 -18.7582 37.1355
v -4.9172 -19.1922 37.7054
v -5.1807 -19.5162 36.9855
v -4.7693 -18.9412 38.0154
v -5.3886 -20.3312 36.4754
v -5.2208 -20.1092 37.0554
v -4.8990 -19.6422 37.9454
v -5.9887 -18.8462 37.8354
v -5.7841 -18.8732 38.2455
v -6.0224 -19.5102 37.9454
v -5.5094 -19.1972 38.7555
v -4.2326 -18.2902 38.8954
v -4.5175 -18.5972 38.4554
v -5.2333 -18.4462 38.9654
v -4.7169 -17.9732 39.4054
v -4.2329 -18.7192 39.1355
v -3.9087 -18.4512 39.5754
v -4.4305 -18.9162 38.8454
v -5.0034 -18.0702 39.1255
v -4.6629 -19.4962 38.5154
v -5.4660 -18.6032 38.6754
v -4.9798 -18.3122 39.2455
v -4.6621 -18.3082 39.5454
v -4.0062 -18.8082 39.5654
v -4.1791 -19.2092 39.3655
v -5.0791 -18.6222 39.2154
v -4.9391 -18.5722 39.3555
v -5.0282 -18.8962 39.3254
v -4.4339 -18.4012 39.6854
v -5.1635 -18.9532 39.1854
v -4.6311 -18.8402 39.6355
v -4.3549 -19.1572 39.7555
v -4.0519 -17.2242 39.5854
v -3.5250 -17.3992 39.5154
v -4.2576 -17.4042 39.5554
v -3.7545 -17.2332 39.6155
v -3.7070 -17.4652 39.6255
v -3.6675 -17.6632 39.4955
v -4.3395 -17.9772 39.6554
v -3.8049 -18.0972 39.6355
v -4.1438 -18.4212 39.7455
v -7.1170 -22.2452 34.1654
v -7.1466 -21.4962 34.3454
v -7.0496 -22.9582 33.9454
v -7.0678 -22.0132 34.5654
v -7.0048 -21.4952 35.0654
v -7.0230 -22.4932 34.5055
v -6.9170 -22.2412 35.1255
v -6.8407 -22.9432 34.8954
v -6.9511 -22.9572 34.4254
v -5.6193 -22.1642 35.1454
v -6.6265 -21.1522 36.5354
v -6.8161 -21.9722 35.6355
v -5.2975 -20.6552 36.8655
v -5.3568 -21.1072 36.5954
v -5.1715 -21.3082 37.1155
v -5.0693 -20.7472 37.5254
v -5.5059 -21.9012 35.7555
v -5.3275 -22.1052 36.2654
v -5.1219 -22.0412 36.9154
v -6.3173 -21.0202 37.3354
v -4.8316 -20.1472 38.1654
v -4.3964 -19.8822 39.0654
v -4.0761 -19.7542 39.5754
v -4.6234 -20.2772 38.6255
v -7.1027 -23.5822 32.6454
v -6.9804 -24.1762 32.3154
v -6.9969 -23.6312 33.4354
v -6.9565 -24.0092 33.0454
v -6.7867 -24.8542 32.2455
v -6.8367 -24.4802 32.9254
v -6.8573 -24.0712 33.5654
v -6.7633 -24.4952 33.3755
v -6.6203 -24.4912 34.0554
v -5.6109 -23.7522 33.4855
v -5.6979 -22.6912 34.3755
v -5.5682 -23.3282 34.3454
v -5.4478 -23.9782 34.0454
v -5.2551 -24.1702 34.5554
v -6.8159 -23.4032 34.5654
v -6.9218 -23.4132 34.0954
v -6.7946 -23.8522 34.1554
v -5.3314 -23.5252 35.1055
v -5.3839 -22.3632 35.9054
v -5.2356 -23.0382 35.8755
v -5.1824 -22.5442 36.4054
v -6.6917 -25.1162 31.1854
v -6.2764 -26.2082 31.1754
v -6.6895 -25.2072 31.6954
v -6.5464 -25.5842 31.4855
v -6.4485 -25.8222 31.9454
v -6.3250 -26.0692 32.2654
v -6.4677 -25.6892 32.4454
v -5.4176 -24.7292 32.3655
v -5.2835 -25.1132 32.1454
v -5.4625 -24.5582 32.6854
v -5.2478 -25.1562 32.5654
v -5.1051 -25.5362 32.3755
v -6.6440 -25.2692 32.2555
v -6.6442 -25.1042 32.8354
v -6.4358 -25.3142 33.5254
v -6.3881 -25.7092 32.9454
v -6.2471 -26.0932 32.7754
v -5.4302 -24.3902 33.4154
v -5.2625 -24.9862 33.0454
v -5.2184 -24.8042 33.7455
v -5.0478 -25.3962 33.3755
v -4.9242 -25.1792 34.2754
v -4.7478 -25.7652 33.8954
v -4.9904 -24.7622 34.6654
v -5.0976 -23.9132 35.4054
v -6.1448 -26.3402 30.5754
v -5.9591 -26.8452 30.8855
v -5.7777 -27.1782 30.7455
v -5.6595 -27.4462 31.1854
v -6.0385 -26.7552 31.4855
v -5.9071 -26.9772 31.8555
v -5.8365 -27.1392 31.6055
v -5.7026 -27.3422 31.8954
v -5.2817 -28.0022 31.6355
v -5.3937 -27.7002 32.3954
v -4.7903 -26.2472 31.8755
v -4.8286 -26.1192 32.4754
v -4.8036 -25.9602 33.2054
v -4.3078 -27.0212 32.5454
v -4.6297 -26.3242 33.0854
v -4.2740 -26.8522 33.2654
v -5.8351 -27.0072 32.3755
v -4.6110 -26.2172 33.4654
v -4.7021 -25.3362 34.7455
v -4.4373 -26.3082 33.9354
v -5.3511 -27.8542 30.4855
v -3.6314 -28.0232 30.9554
v -4.7707 -28.6942 30.5154
v -4.5149 -28.9952 30.4454
v -5.1044 -28.2842 31.0854
v -4.6814 -28.8282 30.7555
v -4.7961 -28.6432 31.5854
v -4.4501 -29.0882 31.2754
v -4.6268 -28.8052 31.8254
v -4.8344 -28.5002 32.1055
v -4.2046 -27.2722 31.4554
v -3.8521 -27.7712 31.4554
v -4.2635 -27.1572 32.0154
v -4.0267 -27.3552 32.7754
v -3.7610 -27.8222 32.1854
v -3.3776 -28.2952 32.2054
v -3.5263 -27.9792 32.7154
v -3.6617 -27.6472 33.2054
v -3.9883 -27.1682 33.4254
v -3.2099 -28.0832 33.3555
v -3.8330 -29.5802 29.5754
v -3.2867 -30.1582 29.4855
v -3.2266 -28.5062 31.1355
v -3.8490 -29.6832 30.0654
v -4.3750 -29.1842 30.6854
v -3.6939 -29.9082 30.5654
v -4.0086 -29.5362 31.4354
v -2.9677 -30.6232 30.6255
v -3.5979 -29.9622 31.3354
v -2.5310 -29.2492 31.1954
v -2.6622 -28.8392 32.7654
v -1.9982 -29.7052 31.8555
v -2.8689 -30.6382 29.7054
v -3.2880 -30.2982 30.2455
v -2.2754 -31.2262 29.9054
v -2.8579 -30.7182 30.2054
v -2.6821 -30.8932 30.5454
v -1.9386 -31.5362 30.2854
v -1.9741 -31.4472 31.1055
v -2.7514 -30.7872 31.0954
v -2.5071 -30.9182 31.5354
v -1.6493 -30.0932 31.2455
v -1.2283 -30.3732 31.8755
v -1.5390 -29.9452 32.4554
v -2.2545 -29.0822 33.1255
v -1.3344 -29.8772 33.0954
v -1.9744 -31.4042 29.3954
v -1.8195 -31.5842 29.6554
v -1.1538 -32.1302 29.9754
v -1.3690 -31.9482 30.8954
v -0.6682 -32.4612 30.6055
v -0.9568 -32.1862 31.2455
v -1.7180 -31.5642 31.5254
v -0.8778 -30.7562 31.2355
v -0.5776 -30.8792 31.9054
v -1.0747 -31.8912 32.0254
v -0.5350 -30.6992 32.6155
v 0.2173 -31.3312 32.3454
v 0.1982 -31.1512 32.8254
v 0.5972 -31.5492 32.4354
v -0.3171 -30.6172 33.2254
v 0.0727 -32.9272 29.9754
v -0.0350 -32.8652 30.5854
v 0.4804 -33.1702 30.3354
v -0.3207 -32.6522 30.9855
v 1.0611 -32.0442 31.4855
v 0.2513 -31.4792 31.8354
v 0.3904 -33.0872 30.9254
v -0.4607 -32.3832 31.7954
v 0.1430 -32.7612 31.7854
v 0.9601 -33.2552 31.6754
v 1.5722 -32.2282 32.0354
v 0.8505 -31.8002 32.0854
v 1.2097 -31.8552 32.6654
v 1.7677 -32.1672 32.6654
v 1.7588 -31.9902 33.1355
v 0.8180 -31.4632 33.0454
v 0.6678 -31.1492 33.5654
v 0.8368 -33.3582 30.1454
v 1.4581 -33.6532 30.3655
v 1.9689 -33.8332 30.8855
v 0.9088 -33.3882 30.6654
v 1.6493 -33.6592 31.3354
v 2.5888 -33.9422 31.5654
v 1.9201 -33.5722 32.1854
v 2.6807 -32.6692 32.4754
v 2.0844 -32.5322 31.7654
v 3.5372 -32.9592 32.2154
v 3.5141 -32.8312 33.0055
v 2.9044 -32.5802 33.0854
v 2.3198 -32.2982 33.1255
v 2.4237 -33.7032 32.4154
v 2.9622 -32.3762 33.7355
v 3.7482 -32.7302 33.6055
v 2.3154 -32.1162 33.5954
v 3.5582 -32.4622 34.1654
v 2.3227 -31.9202 34.0354
v 3.0634 -32.1332 34.3954
v 4.2458 -32.4932 34.7455
v 3.6494 -32.2252 34.8054
v 2.6376 -34.0162 30.7254
v 3.2268 -34.0962 31.0954
v 3.5647 -32.9822 31.9254
v 3.9181 -34.1042 31.5654
v 3.1936 -34.0462 31.6954
v 4.2753 -34.0002 32.7455
v 3.0692 -33.9222 32.2854
v 3.7668 -33.9322 32.8454
v 3.0245 -33.7772 32.8054
v 3.6924 -32.9302 32.6355
v 3.8093 -32.9762 32.2854
v 4.2150 -32.8462 33.5654
v 5.0725 -32.8972 33.6055
v 5.2686 -33.8662 33.5454
v 4.6621 -33.8342 33.7455
v 5.6247 -32.7782 33.4955
v 6.1543 -32.5352 34.0554
v 5.3138 -32.8622 33.7954
v 4.9396 -32.8342 34.0854
v 6.0555 -32.6622 35.0454
v 4.5301 -32.7082 34.3555
v 5.6957 -32.6842 35.0754
v 5.1397 -32.5842 35.1954
v 4.9321 -33.7212 34.3054
v 4.5133 -33.5762 34.5654
v 5.7276 -33.5662 34.9754
v 5.2614 -33.5362 35.0554
v 6.3470 -32.5632 35.0354
v 6.8029 -32.2312 35.3254
v 7.0083 -32.0702 35.6255
v 6.8228 -32.2602 35.6055
v 6.5870 -32.4422 35.5854
v 6.1732 -32.5912 35.4754
v 6.4556 -32.4902 35.7455
v 6.8275 -32.2792 36.1754
v 6.8225 -32.2872 35.8954
v 5.4680 -32.2432 36.4254
v 6.0468 -32.4732 36.0754
v 6.4959 -32.3412 36.4754
v 7.6538 -31.6292 36.3855
v 7.4536 -31.8102 36.3954
v 7.6997 -31.8352 36.2555
v 7.1608 -32.0192 36.3154
v 7.1181 -32.1302 36.4955
v 7.3657 -32.2472 36.2754
v 6.8343 -32.6322 36.3655
v 5.4721 -33.8632 32.8154
v 5.9061 -33.7222 33.2254
v 4.8444 -34.0042 32.5654
v 6.4337 -33.4772 33.7854
v 6.1761 -33.6062 33.5055
v 6.7890 -33.2482 34.2154
v 5.8963 -33.7252 33.7954
v 6.4280 -33.4852 34.3555
v 6.7833 -33.2562 34.7854
v 6.1192 -33.5712 34.6554
v 5.5461 -33.7662 34.1055
v 6.3788 -33.4442 34.9354
v 6.1429 -33.4042 35.3855
v 7.7478 -32.2352 35.6754
v 7.0106 -33.0862 34.7854
v 7.3635 -32.6542 35.6554
v 7.0036 -33.0852 35.0654
v 6.6157 -33.2922 35.2154
v 6.8319 -33.1162 35.5055
v 7.0067 -32.8952 35.8054
v 6.6606 -32.9402 36.1155
v 6.3860 -33.2582 35.6654
v 6.3857 -33.0572 36.1155
v 6.9023 -32.7982 36.1155
v 7.4990 -32.3882 35.9654
v 7.1380 -32.6252 36.1055
v -6.3739 -20.3112 37.2654
v -6.1254 -20.1192 37.8054
v -6.1882 -20.7392 37.6355
v -6.0153 -20.5952 37.9754
v -5.6262 -19.8232 38.6355
v -5.8165 -20.4772 38.3154
v -5.5171 -20.2452 38.7854
v -5.2933 -19.6062 39.0854
v -5.0447 -19.9772 39.3655
v -5.1024 -19.2362 39.2854
v -4.5406 -19.3162 39.7154
v -5.0200 -19.5432 39.3954
v -4.6218 -19.6562 39.6854
v -4.7621 -20.3092 39.6055
v -6.6614 -21.6782 36.2754
v -6.6250 -22.4102 36.0055
v -6.7331 -22.4422 35.6454
v -6.5171 -23.0962 35.8354
v -6.3783 -22.0702 36.8354
v -6.4537 -22.8352 36.1954
v -6.3075 -21.5322 37.2154
v -4.9686 -21.7322 37.4654
v -6.1658 -21.2022 37.5954
v -5.8066 -21.2572 38.1754
v -6.0218 -21.6382 37.7154
v -6.1265 -21.9482 37.4054
v -5.7480 -21.7352 38.1055
v -5.9573 -22.1092 37.6454
v -6.0546 -22.4102 37.3254
v -5.4862 -22.3352 38.2254
v -5.7837 -22.5112 37.7154
v -4.8026 -20.8972 38.1654
v -4.9047 -21.2022 37.8555
v -4.4057 -20.6842 38.9554
v -4.7316 -21.6272 38.0554
v -3.9621 -20.6982 39.7254
v -5.8520 -20.7632 38.2154
v -5.5753 -20.8572 38.6055
v -5.3646 -20.7252 38.9254
v -5.2355 -21.4232 38.9154
v -5.4610 -21.8172 38.4754
v -5.0175 -21.2832 39.2254
v -5.1814 -22.1512 38.7154
v -5.0619 -21.8252 38.9955
v -4.7261 -21.6052 39.4454
v -3.9855 -19.6322 39.7154
v -4.0018 -20.0522 39.6854
v -4.0569 -20.2492 39.7754
v -3.9899 -20.4882 39.6355
v -4.9450 -20.7092 39.4154
v -4.5945 -20.7172 39.6954
v -4.3371 -20.7402 39.7754
v -3.8757 -21.1672 39.7455
v -4.7788 -21.1192 39.5055
v -4.5521 -21.2142 39.6454
v -4.6891 -21.3172 39.5354
v -4.5739 -21.4942 39.5854
v -4.1752 -21.4352 39.7455
v -4.5009 -21.7012 39.5954
v -6.6330 -23.5722 35.0654
v -6.5912 -24.0352 34.7254
v -6.2483 -25.2802 34.2555
v -6.4600 -24.0082 35.1654
v -6.0217 -24.7622 35.5055
v -6.1759 -23.9062 36.0055
v -6.1402 -22.9432 36.8454
v -6.1242 -23.4132 36.5254
v -5.9862 -23.3482 36.8555
v -5.9374 -23.7992 36.5854
v -5.6168 -24.5762 36.4754
v -5.6783 -23.6682 37.1454
v -4.9387 -22.5452 37.0454
v -4.9556 -23.4142 36.3454
v -4.6570 -22.5762 37.6754
v -4.6425 -23.0482 37.3655
v -4.5322 -23.4662 37.2254
v -4.3790 -23.1572 37.7754
v -4.0730 -23.7062 37.8254
v -5.8811 -22.8122 37.4054
v -5.4983 -22.8392 37.9454
v -5.3359 -23.4752 37.7754
v -5.0994 -23.0922 38.3254
v -5.1412 -24.5522 37.1954
v -4.3079 -22.1532 38.5654
v -4.2998 -22.6532 38.2754
v -3.9166 -22.9042 38.6554
v -4.0949 -23.2422 38.1454
v -3.7092 -23.2662 38.6854
v -3.3130 -23.0322 39.3555
v -5.0185 -22.5512 38.7355
v -4.8766 -22.2122 39.0654
v -4.6535 -22.0732 39.3655
v -4.6825 -22.5902 39.1055
v -3.8028 -21.3342 39.6654
v -3.7961 -21.6332 39.7254
v -3.7204 -22.0552 39.4354
v -3.7272 -22.1072 39.6854
v -4.2402 -21.7562 39.6954
v -3.5963 -22.2552 39.6554
v -3.4777 -22.5422 39.5055
v -4.1786 -22.2312 39.6255
v -3.9461 -22.5632 39.6155
v -3.3837 -22.8702 39.6055
v -6.2456 -25.9032 33.2254
v -5.9499 -26.4642 33.2954
v -6.1720 -25.6872 33.8954
v -5.9749 -26.0612 33.9354
v -5.9630 -25.8442 34.2954
v -5.9409 -25.4022 34.9454
v -5.6337 -26.3792 34.3855
v -5.7113 -25.3052 35.5554
v -5.4333 -26.0742 35.1854
v -4.7563 -24.4782 35.7154
v -4.4547 -25.0322 35.7754
v -4.5370 -24.3942 36.3354
v -4.1029 -25.0952 36.3655
v -5.3506 -25.3582 36.1255
v -5.3077 -24.8762 36.6654
v -5.0532 -25.4282 36.4855
v -4.9386 -26.2732 35.7355
v -4.2926 -24.2802 36.9154
v -3.6952 -25.3372 36.7254
v -3.7375 -24.2202 37.8354
v -3.7756 -23.7762 38.1854
v -3.2011 -23.2042 39.3655
v -3.0762 -23.6052 39.1954
v -3.2413 -24.1722 38.5254
v -3.1188 -23.1652 39.5554
v -3.0854 -23.4022 39.3755
v -5.5188 -27.1692 33.3354
v -5.6586 -26.5982 33.9754
v -5.2201 -27.4822 33.5454
v -5.3643 -26.9162 34.1854
v -4.9537 -27.5872 33.9454
v -4.2798 -26.0512 34.7954
v -4.0797 -26.6092 34.3755
v -4.1942 -26.6432 33.9955
v -3.9061 -26.9532 34.1454
v -3.8942 -26.3202 35.1854
v -4.1708 -25.7942 35.4054
v -3.6794 -26.8602 34.7455
v -5.2494 -26.6512 34.7954
v -5.0066 -26.9722 34.7754
v -4.4076 -27.9702 34.2654
v -4.3191 -27.4922 35.0554
v -5.0453 -26.6222 35.1754
v -4.6179 -26.9922 35.3054
v -4.5029 -26.4832 36.0554
v -4.0437 -27.3422 35.5954
v -3.5372 -26.6152 35.3354
v -3.8028 -25.8382 35.9754
v -3.1168 -26.3602 36.2555
v -2.8854 -25.3402 37.7555
v -2.1995 -26.2942 37.4354
v -2.0890 -24.8822 39.1654
v -4.5254 -28.8012 32.2954
v -4.8536 -28.3352 32.5854
v -5.1068 -27.8392 33.0854
v -4.4130 -28.5872 33.1654
v -4.6672 -28.2852 33.2355
v -4.9728 -27.7972 33.5154
v -4.0661 -29.2282 32.4354
v -4.5151 -28.2262 33.6554
v -4.1706 -28.4852 33.7954
v -3.9984 -29.0182 33.1055
v -3.3998 -27.5702 34.0654
v -2.9404 -27.5652 34.8154
v -2.8625 -28.1512 33.9454
v -2.3678 -28.5372 34.0354
v -3.3492 -29.3392 33.5954
v -3.7232 -28.2602 34.7654
v -3.2343 -29.0742 34.2054
v -2.8661 -28.4412 35.5154
v -2.6798 -27.4332 35.3755
v -2.0336 -28.3762 34.8054
v -2.0438 -27.9562 35.4154
v -1.9554 -27.4782 36.2054
v -4.1838 -29.2512 31.9855
v -3.6362 -29.8202 31.8555
v -3.5185 -29.6092 32.7654
v -2.9606 -30.1662 32.6155
v -2.8781 -30.5022 31.8855
v -2.8693 -29.9292 33.2555
v -2.7359 -28.4932 33.4754
v -1.4276 -29.3212 34.0454
v -2.4147 -29.7502 34.1854
v -1.4236 -31.0752 33.2654
v -1.0236 -28.6922 35.5554
v -1.4071 -29.5712 35.5055
v -1.0556 -27.1882 37.5554
v 0.2133 -28.4252 37.2054
v -2.0964 -31.1572 31.8954
v -2.4630 -30.7362 32.2455
v -2.3202 -30.6842 32.6554
v -1.9610 -31.1132 32.3154
v -1.2970 -31.4162 32.7854
v -0.8162 -30.0482 33.6055
v -0.6218 -29.7492 34.4054
v 0.1236 -30.4052 34.2355
v -1.5531 -30.3042 34.3454
v -0.7832 -31.1602 33.9054
v 0.2499 -29.4912 35.7954
v -0.3708 -30.9832 34.5954
v 0.2268 -27.5452 38.3954
v 0.5551 -28.0102 38.1055
v 0.6560 -27.9562 38.3054
v 1.0343 -28.1742 38.3855
v 1.7897 -29.0432 37.9454
v 2.0441 -29.3872 38.1055
v 1.0553 -28.6912 38.3454
v -1.7372 -31.3992 32.0154
v -0.6242 -32.0842 32.3254
v -0.5211 -31.6462 33.4054
v 0.3800 -31.7862 34.1454
v 1.5778 -31.0922 34.7555
v 3.1110 -30.2322 37.5854
v 2.1761 -29.2532 38.0254
v 2.0491 -29.6462 38.0654
v 3.0929 -30.2912 37.8154
v 3.3490 -30.8472 37.6654
v 0.2209 -32.4772 32.6954
v 0.8939 -32.9792 32.4154
v 0.4712 -32.3572 33.2654
v 1.6020 -32.7762 33.6954
v 1.6013 -31.6842 33.6554
v 2.9206 -31.8112 34.8954
v 3.0703 -31.7342 36.6954
v 2.1959 -30.5102 37.5754
v 3.6341 -30.5712 37.5554
v 4.0033 -31.0042 37.2854
v 4.0463 -31.1142 37.5254
v 3.3180 -30.6122 37.7154
v 2.6009 -30.6992 37.6355
v 3.7699 -31.5062 37.4054
v 2.5936 -30.4632 37.7854
v 4.2323 -31.6282 37.3755
v 3.2221 -31.4272 37.2455
v 3.4842 -31.4802 37.3354
v 1.9947 -33.3722 32.8555
v 2.5739 -33.4542 33.2754
v 2.8197 -33.1312 34.1954
v 3.3470 -32.6352 35.5654
v 3.8211 -32.9882 35.3655
v 5.0083 -31.7002 37.1355
v 5.7506 -32.1002 37.0254
v 4.1948 -31.0642 37.3755
v 4.7733 -32.3382 37.0454
v 5.1304 -32.3922 37.0554
v 5.0247 -31.9722 37.2154
v 4.1305 -32.1792 36.9154
v 4.0804 -32.4252 36.5354
v 4.3956 -32.2292 37.0055
v 4.7062 -32.4702 36.8855
v 5.3421 -31.9492 37.1654
v 3.2719 -33.6602 33.3755
v 3.8490 -33.7642 33.5254
v 4.0582 -33.4452 34.5854
v 4.7783 -33.4382 35.1155
v 5.1465 -33.2372 35.8254
v 4.6914 -33.1072 35.8454
v 6.1175 -32.2612 36.7455
v 5.5397 -33.3832 35.5854
v 5.8520 -33.1902 36.0654
v 6.4074 -32.7712 36.5055
v 6.2439 -32.9052 36.4354
v 5.9942 -32.8442 36.6055
v 5.5382 -33.1972 36.0454
v 5.5514 -32.9822 36.4754
v 6.0994 -33.0162 36.3354
v 6.1840 -33.2492 35.8254
v 4.8843 -32.9972 36.1854
v 5.2742 -33.0902 36.2054
v 5.7947 -32.5802 36.9054
v 5.6267 -32.7192 36.8354
v 4.4529 -32.8392 36.1754
v 4.6517 -32.7212 36.5055
v 5.0861 -32.8762 36.5154
v 5.0258 -32.7012 36.7555
v 5.3246 -32.7172 36.8254
v 5.3703 -32.9032 36.5854
v 6.4165 -32.2592 36.7754
v 6.5096 -32.4432 36.6954
v 5.8869 -32.2282 36.9154
v -4.8237 -23.4132 38.4654
v -4.9111 -23.9452 37.9855
v -4.4556 -22.4392 39.4054
v -4.2200 -22.5242 39.5354
v -4.7187 -23.1052 38.7854
v -4.4765 -22.9532 39.1454
v -4.2437 -22.7962 39.4254
v -4.2542 -23.0532 39.2954
v -4.3662 -23.3712 39.0055
v -3.9934 -22.8632 39.5454
v -3.7594 -23.1942 39.5354
v -3.9985 -23.4402 39.3054
v -3.4569 -23.2002 39.5654
v -3.7062 -22.8872 39.5954
v -4.9839 -25.1592 36.8454
v -4.7455 -25.4852 36.8254
v -4.5761 -25.1572 37.3454
v -4.3562 -23.8492 38.6954
v -4.3182 -24.5382 38.2054
v -4.6186 -24.7172 37.7054
v -4.2610 -25.2062 37.6854
v -3.9576 -25.0242 38.1754
v -3.7855 -25.6142 37.7954
v -4.0089 -24.3492 38.6854
v -2.7259 -24.1022 39.1854
v -3.8011 -23.9772 39.1554
v -3.5137 -23.5112 39.5055
v -3.1917 -24.5312 39.2455
v -3.0018 -24.1222 39.4254
v -3.5422 -24.7682 38.8154
v -2.9192 -24.5722 39.3254
v -3.1962 -24.7812 39.1055
v -3.3194 -23.3452 39.5554
v -2.7887 -23.9302 39.4254
v -2.5256 -24.2272 39.3755
v -4.2096 -25.6352 37.3154
v -3.6342 -26.6612 36.8454
v -2.6697 -26.5402 37.9554
v -2.2329 -24.7342 39.1355
v -2.3556 -24.8722 39.2854
v -3.0418 -25.3922 38.7555
v -2.9400 -24.8412 39.2054
v -2.1244 -25.4562 39.1654
v -2.8624 -25.9742 38.3655
v -2.0114 -26.3612 38.7254
v -0.1152 -27.8862 38.5754
v -2.4189 -25.4412 39.1155
v -1.2179 -27.0022 38.7154
v -1.9413 -28.1222 36.8354
v -2.8672 -27.3332 36.8755
v -1.6554 -27.2832 38.1055
v -0.7815 -26.3632 38.8454
v -0.4467 -28.3462 37.9855
v 0.4986 -27.8722 38.5554
v -0.1197 -28.1362 38.4454
v -0.5158 -27.9372 38.3755
v 0.5455 -29.3022 37.6954
v 1.8722 -29.7952 38.0055
v 0.1849 -28.6292 38.1854
v 18.1982 -18.0232 21.4855
v 18.1113 -17.8792 21.7555
v 18.7138 -17.6502 21.9754
v 18.1353 -17.6642 22.1754
v 18.4857 -17.4522 22.6155
v 18.5881 -19.0932 20.3454
v 19.1740 -19.0152 20.3855
v 19.3162 -19.3812 20.1954
v 18.2536 -19.3692 20.2154
v 18.7307 -19.7182 20.0154
v 18.2421 -18.8932 20.5254
v 18.5544 -18.6432 20.6854
v 20.4002 -18.1562 21.1554
v 20.4398 -18.5992 20.8054
v 20.0388 -18.4272 20.8655
v 19.6066 -18.2412 21.0154
v 19.9201 -18.0552 21.2154
v 19.6945 -18.6932 20.6255
v 19.7017 -18.9292 20.4754
v 20.1540 -18.8182 20.6055
v 18.9965 -18.2992 20.9855
v 19.0834 -18.0102 21.3154
v 19.0611 -18.7132 20.5954
v 18.1774 -18.4792 20.9054
v 20.7287 -17.9152 21.4554
v 20.7435 -17.6822 21.7455
v 21.2045 -17.8052 21.7154
v 20.7966 -17.4332 22.1255
v 21.2002 -17.3782 22.3254
v 20.2487 -17.5982 21.8154
v 20.4916 -17.8622 21.4855
v 20.8508 -18.2912 21.1454
v 20.3975 -17.2942 22.3755
v 20.3862 -17.0432 23.0854
v 20.8158 -17.2232 22.5554
v 19.8359 -17.4632 22.0854
v 19.7544 -17.1792 22.8354
v 21.9291 -17.5482 22.3855
v 21.4049 -17.2542 22.6454
v 21.0197 -17.1092 22.8855
v 21.6387 -17.1672 22.9754
v 22.1324 -17.4262 22.7154
v 21.9961 -17.1492 23.2355
v 22.2148 -17.0122 23.8154
v 22.5771 -17.1932 23.6255
v 21.2870 -16.9592 23.4254
v 21.8591 -17.0092 23.5354
v 20.8454 -16.9292 23.4855
v 21.4519 -16.8812 23.8054
v 21.8171 -16.8712 24.0654
v 21.3016 -16.8122 24.1754
v 20.9503 -16.8452 23.9154
v 19.6608 -17.0602 23.4054
v 20.9123 -16.8102 24.2154
v 21.4402 -16.7652 24.5954
v 22.4415 -16.9192 24.4254
v 22.0320 -16.7922 24.6854
v 22.5784 -16.8732 24.8454
v 22.8818 -17.0662 24.4254
v 22.1103 -16.7012 25.6954
v 23.0746 -17.0132 25.0854
v 23.0038 -16.9082 25.6454
v 19.6689 -19.7012 20.0854
v 19.1976 -19.8352 19.9754
v 18.8557 -20.1192 19.8555
v 19.6156 -20.2532 19.8655
v 19.9352 -20.2482 19.9254
v 19.8747 -20.5542 19.8254
v 20.3269 -20.4432 19.9554
v 19.4077 -20.6832 19.7154
v 18.4562 -20.7152 19.6654
v 19.9525 -21.0102 19.7254
v 18.0471 -20.0422 19.9054
v 20.8711 -19.0012 20.6754
v 20.5690 -19.4842 20.3454
v 19.9887 -19.4432 20.2355
v 21.1405 -19.2912 20.6155
v 21.1005 -19.8272 20.3855
v 21.6921 -19.7152 20.6854
v 20.2610 -19.7292 20.1754
v 20.5201 -20.0312 20.1255
v 21.4878 -18.0252 21.6055
v 21.9245 -18.2312 21.6355
v 21.6755 -18.4062 21.3755
v 22.1338 -17.8562 22.1055
v 22.0701 -18.6072 21.4454
v 21.6856 -18.8842 21.0754
v 22.3162 -18.4352 21.7154
v 22.4164 -18.1302 22.0254
v 22.0670 -19.1002 21.1654
v 22.3973 -19.1112 21.3555
v 21.1131 -18.1002 21.3855
v 21.1453 -18.5512 21.0454
v 21.8047 -19.2922 20.9154
v 20.8264 -18.7942 22.5654
v 21.3508 -18.7122 22.9354
v 21.0387 -18.4722 23.0554
v 20.7441 -19.1302 22.2455
v 21.3963 -19.1482 22.5754
v 21.0280 -19.4062 22.1754
v 21.6305 -18.9892 22.8555
v 21.8881 -19.2932 22.8154
v 21.4094 -19.6222 22.2654
v 22.4975 -17.8482 22.3655
v 22.7713 -18.1332 22.2954
v 22.6784 -18.4282 21.9754
v 22.6885 -18.9062 21.6654
v 22.3194 -17.3222 23.0654
v 22.3930 -17.4812 22.8054
v 22.5756 -17.3822 23.1654
v 22.8863 -17.6232 23.0454
v 22.7008 -17.7262 22.6954
v 23.1070 -18.1572 22.5954
v 23.1645 -17.9032 22.9754
v 21.5173 -18.3872 23.4654
v 21.8265 -18.6312 23.3454
v 21.9854 -18.9922 23.1355
v 22.2781 -18.9542 23.4354
v 22.1696 -18.6472 23.6355
v 22.1207 -19.3812 22.9554
v 23.0571 -17.5392 23.4254
v 23.6267 -18.3272 23.1055
v 23.5738 -17.7112 23.9354
v 23.5503 -17.9262 23.5154
v 23.7755 -17.8352 24.1255
v 23.9318 -18.4702 23.5055
v 22.7346 -17.1232 24.0154
v 23.5091 -17.5422 24.1754
v 23.7784 -17.6442 24.5754
v 23.2809 -17.2622 24.4955
v 24.0875 -17.9452 24.7654
v 23.4059 -17.2302 24.9354
v 24.0772 -17.7692 25.2455
v 23.6694 -17.3392 25.3354
v 23.3558 -17.1012 25.4654
v 24.1300 -17.6342 26.2455
v 24.3905 -18.1222 25.7455
v 23.8671 -17.3522 26.3855
v 20.7919 -21.1092 19.9354
v 21.1944 -20.6322 20.1854
v 20.2422 -21.8232 19.6554
v 19.3072 -21.2892 19.5654
v 21.2718 -21.5122 20.0554
v 20.7013 -22.1912 19.7654
v 21.6503 -20.3002 20.4754
v 22.1268 -20.0662 20.8054
v 22.1588 -20.8202 20.6255
v 21.8242 -21.3412 20.3454
v 22.4471 -21.3902 20.7054
v 22.6706 -19.4162 21.4054
v 22.3039 -19.4282 21.1454
v 22.1550 -19.7892 20.9054
v 22.3950 -19.8682 21.0354
v 23.2389 -19.5292 21.8454
v 23.0781 -20.1492 21.4754
v 23.5184 -20.1092 21.9354
v 22.4698 -20.3272 20.9454
v 22.7625 -20.8922 21.0154
v 21.7671 -19.8662 22.3855
v 23.0362 -18.6722 22.0954
v 22.9399 -19.0162 21.8054
v 23.3644 -18.9502 22.2654
v 23.4617 -18.6492 22.5854
v 23.8620 -19.1452 22.8054
v 23.6496 -19.7682 22.2054
v 23.8529 -19.6452 22.5254
v 24.1698 -19.4752 23.1554
v 23.8217 -20.1712 22.2854
v 23.9430 -18.8632 23.1454
v 24.0045 -18.1652 24.0854
v 24.2479 -18.3042 24.5554
v 24.2243 -18.5192 24.1355
v 24.4150 -18.6912 24.5254
v 24.4052 -18.9122 24.2054
v 24.2698 -18.9562 23.7754
v 24.2031 -19.9552 22.9754
v 24.2930 -19.6632 23.3054
v 24.4431 -19.8472 23.5654
v 24.4359 -19.3662 23.8655
v 24.5800 -19.8012 23.9855
v 24.6184 -19.3242 24.5354
v 24.3582 -18.2902 25.0154
v 24.5376 -18.6842 25.0954
v 24.5744 -18.5112 25.8054
v 21.5645 -22.0762 20.1255
v 22.0184 -21.7182 20.3954
v 22.8079 -21.3852 20.9754
v 22.6236 -21.7882 20.7854
v 22.1343 -22.4322 20.4154
v 21.9160 -22.8742 20.2754
v 22.7321 -22.5102 20.8154
v 22.9238 -22.0992 20.9855
v 23.2739 -22.6532 21.2954
v 23.2898 -20.7792 21.5055
v 23.0687 -21.1962 21.2154
v 23.7713 -20.7192 22.0654
v 23.1037 -21.7012 21.1854
v 23.4749 -21.4402 21.5854
v 23.7062 -21.2852 21.8655
v 23.3833 -22.0362 21.4254
v 23.7368 -21.7952 21.8454
v 24.0297 -21.0962 22.3454
v 23.8631 -22.2522 21.9955
v 24.1207 -21.8352 22.3954
v 24.0984 -20.2652 22.6654
v 23.9961 -20.6362 22.3954
v 24.3590 -20.1322 23.2254
v 24.2617 -20.4332 22.9054
v 24.4720 -20.8492 23.2455
v 24.3066 -21.7192 22.7355
v 24.5724 -20.3002 23.7054
v 24.6960 -20.2702 24.1554
v 24.7489 -20.8842 24.1654
v 17.6780 -18.6452 20.8454
v 17.7753 -18.3442 21.1654
v 17.1535 -18.8412 20.8154
v 17.4173 -18.4032 21.2054
v 17.0075 -19.1982 20.5754
v 17.5453 -18.9872 20.5754
v 17.0490 -18.4732 21.2654
v 16.7749 -18.9232 20.8954
v 16.4138 -19.2302 20.7954
v 16.9761 -18.3132 21.5154
v 16.2908 -18.3742 21.8254
v 16.6417 -18.1572 21.9855
v 16.2994 -19.0932 20.9654
v 16.3801 -18.6742 21.3555
v 16.4357 -19.6942 20.4754
v 15.8510 -18.9312 21.3755
v 16.0527 -19.3062 20.9254
v 15.3473 -18.6002 22.1654
v 16.1720 -18.2492 22.1355
v 15.9492 -18.6252 21.6854
v 17.7061 -18.1802 21.4054
v 17.3130 -18.2352 21.4754
v 17.4816 -18.0062 21.7754
v 17.6832 -17.8152 22.0654
v 17.1735 -18.0872 21.7954
v 17.1649 -17.8762 22.2455
v 17.6384 -17.6392 22.5654
v 16.5241 -18.0492 22.3054
v 17.7757 -17.5162 22.9454
v 17.1472 -17.6632 22.9855
v 16.7710 -17.8762 22.5654
v 19.1033 -17.1142 23.8954
v 17.2758 -17.5732 23.3855
v 19.8846 -16.9362 24.2754
v 20.3662 -16.8482 24.6754
v 19.2642 -17.1132 25.1654
v 17.4679 -20.5462 19.8154
v 16.7331 -20.6852 19.9354
v 16.7964 -20.1212 20.1355
v 17.5249 -21.2712 19.6055
v 17.9716 -20.6192 19.7254
v 16.2190 -20.1342 20.3254
v 16.7747 -21.9432 19.5954
v 16.3212 -20.5452 20.1155
v 16.2971 -21.0792 19.9454
v 17.5598 -19.4602 20.2654
v 17.7231 -19.8162 20.0454
v 17.0117 -19.6832 20.2754
v 17.9012 -20.1432 21.2254
v 18.7199 -19.9602 21.2754
v 18.3885 -19.7422 21.4354
v 17.4962 -19.7522 21.5554
v 17.3483 -20.3672 21.2254
v 18.0376 -20.5262 21.0254
v 17.4984 -20.7392 21.0254
v 17.2256 -19.7452 21.6654
v 17.2794 -19.4692 21.9054
v 17.1717 -20.0272 21.4554
v 17.5492 -19.4802 21.8054
v 16.5881 -20.5362 21.3755
v 16.9637 -20.7022 21.1554
v 18.9470 -19.0752 22.0154
v 18.8541 -19.3712 21.6854
v 19.7660 -19.1402 21.9354
v 18.9702 -19.6622 21.4754
v 19.3358 -19.4702 21.6255
v 18.3342 -19.3162 21.8054
v 18.3851 -19.0262 22.1654
v 18.6790 -18.8412 22.3855
v 18.2275 -18.8572 22.4754
v 18.0336 -19.5522 21.6155
v 18.4406 -18.6782 22.7654
v 17.7862 -19.2942 21.9554
v 17.4695 -19.1062 22.3454
v 17.6729 -18.8792 22.6654
v 20.2845 -18.7642 22.4354
v 20.7544 -18.4452 22.9955
v 20.3745 -18.2842 23.2154
v 19.7204 -18.9482 22.1554
v 19.5953 -18.6052 22.6255
v 20.1917 -19.0602 22.1055
v 19.9243 -18.2052 23.5454
v 18.7372 -18.3912 23.4855
v 17.6975 -18.7052 23.1055
v 17.2339 -18.6332 24.0055
v 20.9695 -18.3082 23.3054
v 21.1639 -18.1962 23.6454
v 21.5173 -18.0122 24.3755
v 20.8560 -18.0172 24.0754
v 21.2529 -17.8482 25.0654
v 20.7041 -17.8692 24.9654
v 20.0709 -17.9962 24.4254
v 19.9016 -17.9852 25.1954
v 19.3728 -18.1052 24.7355
v 21.5312 -16.7022 26.1754
v 21.7499 -17.9132 24.9754
v 21.8897 -17.8642 25.3954
v 21.3696 -17.7842 25.7754
v 22.5561 -16.7692 25.6554
v 22.2831 -16.6992 26.3954
v 22.8624 -16.8282 25.9955
v 22.8826 -16.7882 27.3655
v 22.2655 -16.7082 27.5454
v 21.0327 -16.7932 26.6255
v 20.7185 -16.8662 26.6454
v 21.7456 -16.7352 27.4154
v 22.2017 -17.7862 26.5055
v 23.3214 -16.9382 27.3655
v 23.1780 -16.9012 29.4254
v 18.2129 -21.1872 19.5654
v 17.6805 -22.1822 19.4254
v 18.2725 -22.4552 19.3655
v 17.5059 -22.8702 19.3555
v 16.7215 -22.7822 19.4754
v 18.4783 -20.5852 20.9754
v 19.0231 -20.2102 21.1654
v 18.3054 -21.0632 20.8254
v 17.8252 -20.9622 20.8755
v 19.2836 -20.7542 20.9754
v 18.7649 -21.1882 20.7954
v 19.0239 -21.4892 20.7555
v 19.6604 -21.2212 20.9254
v 17.9281 -21.3882 20.7455
v 18.3950 -21.5052 20.7154
v 17.9951 -22.1132 20.5854
v 17.4347 -21.3032 20.8254
v 18.5142 -22.1902 20.5954
v 20.4919 -19.5582 21.8555
v 20.2164 -19.7652 21.6355
v 20.6213 -19.9542 21.6854
v 20.0615 -20.1332 21.4054
v 19.7938 -19.5972 21.6055
v 20.2107 -19.2822 21.9354
v 19.3385 -19.9562 21.3354
v 19.6241 -20.2272 21.2455
v 19.8890 -20.5222 21.1954
v 20.4620 -20.3272 21.4654
v 20.9848 -20.4352 21.6554
v 21.1367 -20.0712 21.8954
v 21.7073 -18.2802 23.8054
v 22.2168 -18.4042 24.0254
v 21.9724 -18.1432 24.3555
v 22.6157 -18.8452 23.9454
v 22.6392 -19.0622 23.7654
v 22.4490 -19.6592 23.1255
v 22.9013 -18.9282 24.3154
v 22.5260 -18.4602 24.3655
v 22.4583 -18.2942 24.6055
v 22.9396 -18.6962 24.7154
v 23.2836 -19.2612 24.7455
v 22.2756 -18.0182 25.1654
v 22.6592 -18.2142 25.1554
v 23.0638 -18.6512 25.0854
v 22.5979 -17.9282 26.2555
v 22.9397 -18.3082 25.5654
v 23.3164 -18.7872 25.5854
v 23.5289 -17.1072 26.3454
v 24.0959 -17.5442 27.0654
v 24.3299 -17.8752 27.0554
v 24.5478 -18.3552 26.3054
v 22.9628 -18.1482 26.2854
v 23.4708 -18.7782 26.2954
v 22.9688 -18.0262 27.1355
v 23.3442 -18.4362 26.7754
v 23.7868 -17.2432 26.8755
v 24.2637 -17.7642 27.6155
v 23.8764 -17.3102 27.6854
v 23.4933 -17.0282 28.7054
v 18.7926 -22.2652 19.4054
v 19.5404 -22.9592 19.4554
v 19.7028 -22.2802 19.5055
v 19.9204 -22.9042 19.5354
v 19.0087 -23.0472 19.3755
v 18.6301 -22.9432 19.3454
v 19.1543 -23.2952 19.3954
v 18.1056 -23.1392 19.3254
v 18.2430 -23.5572 19.3154
v 18.8564 -23.8302 19.3755
v 20.2579 -22.3462 19.6355
v 20.0964 -21.1282 21.0854
v 20.0076 -21.7212 20.9154
v 20.3757 -21.9532 21.0254
v 19.7038 -22.5082 20.7555
v 19.3963 -21.9612 20.7054
v 19.8152 -23.2262 20.7854
v 20.4616 -22.5912 21.0254
v 19.1659 -22.9632 20.6055
v 20.8123 -20.8242 21.4554
v 21.4396 -20.8682 21.8054
v 21.2063 -21.5262 21.5154
v 20.5851 -21.5212 21.1754
v 21.5953 -21.5352 21.7654
v 20.8808 -22.0822 21.2455
v 21.2652 -22.0502 21.4754
v 21.8556 -22.1372 21.8855
v 22.0355 -21.7392 22.0754
v 21.2249 -22.8882 21.4054
v 21.6285 -20.2152 22.1355
v 21.8315 -20.5822 22.1654
v 21.9775 -20.2252 22.4154
v 22.2161 -20.0612 22.6954
v 21.9931 -21.2422 22.1255
v 22.2939 -20.5162 22.5954
v 22.6268 -20.3002 23.0454
v 22.4748 -20.9092 22.6654
v 22.4053 -21.4802 22.4754
v 22.6336 -21.3282 22.7654
v 22.9496 -19.6062 23.8054
v 23.0292 -19.3252 24.1454
v 22.2266 -19.8042 22.8254
v 22.4415 -19.9122 22.9855
v 22.8360 -20.1702 23.3655
v 23.2057 -19.7232 24.2254
v 23.1202 -20.0102 23.8954
v 23.0572 -20.5502 23.5654
v 22.9020 -20.6402 23.2954
v 23.2633 -20.7022 23.8755
v 23.3615 -20.1452 24.3254
v 23.4982 -20.5892 24.4654
v 23.3943 -19.1852 25.1754
v 23.5032 -19.1732 25.6454
v 23.4250 -19.6392 24.8454
v 23.5531 -19.6042 25.2754
v 23.5691 -20.0752 24.9654
v 23.6590 -19.5952 25.7455
v 23.7069 -19.9692 25.6355
v 23.7509 -20.6482 25.4154
v 24.6905 -18.9222 25.6554
v 24.7433 -19.7822 24.6854
v 24.7559 -19.0342 26.2254
v 24.8514 -19.7652 25.7154
v 24.6777 -18.7342 27.5354
v 23.5001 -18.9692 26.0055
v 24.8644 -19.7972 26.8454
v 23.5650 -18.9702 26.3254
v 23.6002 -19.1742 26.1255
v 23.6781 -19.1972 26.6355
v 23.7268 -19.5822 26.2455
v 24.5482 -18.3382 27.6954
v 19.4514 -23.8542 19.4554
v 19.7404 -23.3292 19.4955
v 20.3001 -23.3952 19.6355
v 20.0199 -23.9092 19.5854
v 20.0048 -24.4732 19.6255
v 20.6563 -23.6252 19.7555
v 19.1992 -25.1822 19.5454
v 21.0680 -24.6702 19.9955
v 21.0942 -23.0002 19.8954
v 20.6581 -23.0922 19.7355
v 21.4353 -23.8092 20.0554
v 20.3101 -23.2682 20.9654
v 20.7504 -23.2702 21.1654
v 20.4821 -23.6752 21.0454
v 22.4577 -23.2622 20.6055
v 22.0144 -22.5552 21.9855
v 21.8153 -22.9752 21.8154
v 22.2836 -22.9022 22.2355
v 21.3822 -23.3092 21.5154
v 22.0905 -23.3152 22.0654
v 21.6735 -23.6302 21.7355
v 20.9180 -23.6782 21.2555
v 21.3602 -23.8202 21.5354
v 22.3915 -22.2872 22.3755
v 22.7791 -21.7622 22.8855
v 22.9031 -22.1872 23.0254
v 22.8064 -22.8232 22.8855
v 23.1146 -22.0892 23.3555
v 23.0296 -22.7582 23.2355
v 22.2833 -23.4492 22.2555
v 24.6010 -21.5932 23.4955
v 22.9547 -21.1252 23.2355
v 22.9989 -21.6632 23.2154
v 23.2182 -21.2342 23.6454
v 23.3890 -21.1492 24.0154
v 23.3342 -21.7022 23.8054
v 23.6648 -21.3852 24.7654
v 23.3826 -21.9482 23.9054
v 23.2770 -22.4092 23.6854
v 24.8724 -20.6202 25.0454
v 24.8085 -21.3812 24.3855
v 24.8712 -20.2032 25.3755
v 24.9102 -20.6762 25.6055
v 24.8840 -21.2712 25.1055
v 24.8496 -22.0792 25.0254
v 24.8944 -21.5052 25.5154
v 24.9007 -20.2502 25.9354
v 24.9053 -20.9002 26.2954
v 22.1324 -24.0202 20.4454
v 21.5064 -24.8602 20.2154
v 21.9939 -24.9272 20.5055
v 22.5778 -24.2722 20.7854
v 21.2678 -25.3422 20.1954
v 21.7198 -25.4682 20.4654
v 22.4728 -25.4852 20.9654
v 23.0172 -23.3852 21.0654
v 23.1362 -23.8502 21.2254
v 23.3896 -23.6692 21.4754
v 23.2374 -24.3352 21.4054
v 22.9708 -24.5322 21.1654
v 23.1899 -24.9372 21.4955
v 24.1266 -22.3612 22.3954
v 23.7446 -23.4262 21.8954
v 24.0636 -23.2562 22.3855
v 24.3565 -22.5352 22.8655
v 23.6582 -24.4902 21.9855
v 24.2139 -23.7112 22.7954
v 24.4484 -23.9282 23.5654
v 24.1659 -24.6602 23.0754
v 24.7007 -22.5232 23.9855
v 24.5195 -23.3002 23.5254
v 24.7211 -23.1982 24.6255
v 24.6531 -23.3232 24.1854
v 24.7676 -23.0562 25.3454
v 23.9050 -24.7792 22.5055
v 15.5096 -18.3652 22.4654
v 15.4263 -18.8892 21.6954
v 14.9742 -19.0242 21.8555
v 14.9784 -18.6202 22.4754
v 15.1511 -18.3962 22.7754
v 15.3590 -18.2112 23.0654
v 14.6570 -19.3532 21.7355
v 14.5119 -19.0332 22.2455
v 14.8092 -18.4462 23.0754
v 14.3155 -19.3522 22.0154
v 14.1156 -18.9362 22.7954
v 14.0441 -18.6632 23.5454
v 14.8606 -18.3022 23.5154
v 13.3653 -19.5912 22.6255
v 16.1800 -18.0572 22.5854
v 16.2148 -17.9202 23.0454
v 16.3242 -17.8152 23.4554
v 15.8722 -17.9042 24.2355
v 15.4291 -18.0882 23.4955
v 15.2964 -18.0862 23.8855
v 15.5907 -19.6892 20.8755
v 15.5816 -19.2432 21.2254
v 15.0311 -20.4642 20.7455
v 14.9368 -19.5732 21.3454
v 14.9034 -19.3672 21.5454
v 15.7349 -21.0802 20.1554
v 14.6994 -19.5482 21.5254
v 14.7102 -20.0162 21.1754
v 14.2752 -19.7242 21.6954
v 13.9111 -20.5042 21.3954
v 13.6801 -19.9962 21.9354
v 17.1048 -19.2932 22.2355
v 16.1969 -19.3522 22.7254
v 16.2778 -19.6232 22.2754
v 16.0139 -19.6232 22.4654
v 16.0148 -19.8462 22.2054
v 16.3541 -20.0172 21.8354
v 15.5337 -20.2922 22.0954
v 15.5717 -19.9182 22.4254
v 15.4699 -19.6042 22.8954
v 15.1567 -19.9042 22.7555
v 14.9079 -20.3522 22.4955
v 16.8528 -19.0272 22.8555
v 16.6579 -18.8322 23.7455
v 16.0091 -19.1572 23.3354
v 16.0626 -19.0152 23.7754
v 15.1111 -19.4342 23.6554
v 16.4342 -18.8262 25.0454
v 16.2883 -18.8582 24.3454
v 18.5824 -17.4372 26.1754
v 16.1066 -18.0712 26.2954
v 19.6041 -17.3392 27.5354
v 20.6652 -17.0432 27.6255
v 20.9003 -16.8672 27.0554
v 22.1721 -16.9042 31.0954
v 13.9855 -23.9942 20.0654
v 12.5434 -23.7852 20.7455
v 15.4292 -22.1362 19.9754
v 15.5483 -23.3322 19.6854
v 14.3424 -21.3512 20.7254
v 16.5413 -21.0802 21.1454
v 16.6977 -21.7072 20.8954
v 16.1622 -20.9182 21.3655
v 16.1312 -21.7082 21.0854
v 16.2998 -22.0682 20.9154
v 15.5323 -21.4952 21.4254
v 16.9361 -19.7552 21.7854
v 16.9520 -19.9552 21.5954
v 21.6771 -17.7462 27.4754
v 20.7211 -17.9582 27.8054
v 22.3591 -17.7742 27.2154
v 22.6149 -17.8192 28.7154
v 22.8937 -16.8172 29.0554
v 22.6144 -16.8822 31.0055
v 23.3988 -17.0032 29.5854
v 22.6588 -17.8902 31.8054
v 22.8736 -17.9172 30.5154
v 23.0290 -16.8872 30.1055
v 23.2367 -16.9472 29.9654
v 23.4427 -17.0662 30.1454
v 23.7398 -17.2382 29.5854
v 17.0334 -23.5652 19.3555
v 16.2613 -24.2722 19.4154
v 15.2661 -24.6552 19.5954
v 15.8379 -24.9332 19.4754
v 17.5152 -22.0102 20.6355
v 16.6773 -22.2412 20.7455
v 17.5533 -22.5022 20.5454
v 17.6134 -22.9792 20.4754
v 17.1305 -22.8812 20.5354
v 18.0394 -22.6032 20.5154
v 16.4935 -22.9312 20.6454
v 15.9034 -22.9482 20.8154
v 23.4148 -18.4562 27.2254
v 23.5865 -18.8092 27.0554
v 23.5699 -18.6812 27.7355
v 23.2380 -18.1852 27.8454
v 23.7605 -19.2732 27.4554
v 24.0046 -17.4862 29.2754
v 24.3895 -18.0452 28.5055
v 22.9303 -17.9402 27.9554
v 23.7056 -19.0112 28.7254
v 24.4055 -18.1872 29.1355
v 24.5556 -18.4892 28.5554
v 23.0420 -17.9922 28.7954
v 23.4976 -18.5722 30.0954
v 23.3555 -18.2772 28.9254
v 23.0623 -18.0202 30.5254
v 24.2307 -17.8442 29.3755
v 24.0166 -17.5472 29.6654
v 24.1269 -17.7772 29.9855
v 23.7650 -17.3512 30.3254
v 24.3841 -18.3172 29.7455
v 24.5414 -18.5912 29.0454
v 23.9982 -17.7232 30.5354
v 24.2485 -18.3102 30.5254
v 24.4115 -18.6282 30.0954
v 17.7139 -25.2062 19.3755
v 17.6652 -23.8032 19.3054
v 16.6332 -25.0142 19.3755
v 16.7291 -25.7522 19.4254
v 18.6515 -23.1372 20.5154
v 17.9784 -23.4592 20.4454
v 18.6956 -23.6422 20.5254
v 17.9232 -24.0512 20.4454
v 17.5604 -23.8322 20.4254
v 18.5801 -24.5682 20.5654
v 16.8773 -23.9102 20.4654
v 17.4732 -24.7522 20.4454
v 19.3549 -23.8932 20.6754
v 23.8018 -21.3432 25.4754
v 23.8491 -20.5642 26.1255
v 23.8401 -19.9302 26.6255
v 23.8877 -20.8362 26.8054
v 23.8648 -21.2192 26.1954
v 23.8679 -19.9892 27.7654
v 23.8849 -21.0622 27.4955
v 23.8355 -20.1892 28.7355
v 24.7005 -19.1482 28.4254
v 24.7534 -19.9102 28.3954
v 24.6281 -19.3792 29.3354
v 24.6827 -19.8702 28.9955
v 24.7124 -20.3192 28.6554
v 19.1735 -26.0492 19.7054
v 18.2241 -26.4192 19.6255
v 20.1579 -25.6162 19.8555
v 19.0161 -25.0172 20.7154
v 19.9526 -24.7632 20.9554
v 19.4586 -25.4972 20.9254
v 20.0324 -23.8632 20.8755
v 20.5581 -24.5302 21.1754
v 21.1370 -24.3282 21.4354
v 21.5923 -23.9692 21.7054
v 23.6840 -22.0442 24.8354
v 23.4585 -22.4632 24.1255
v 23.2503 -22.8362 23.6554
v 23.3737 -23.1622 24.0154
v 23.5684 -22.9702 24.5954
v 23.7644 -21.9332 25.2654
v 23.8399 -21.8232 25.9855
v 23.8644 -21.6492 26.4354
v 23.6981 -22.4902 25.0654
v 23.7828 -22.4852 25.8354
v 23.8230 -22.2342 26.2254
v 23.6882 -23.1242 25.4254
v 23.8488 -21.8492 27.1355
v 23.7279 -23.1612 26.2954
v 24.8140 -20.5382 27.6754
v 24.8580 -21.9012 26.0454
v 24.7656 -20.9952 27.8655
v 20.3310 -26.2392 20.0554
v 20.8827 -26.6522 20.3954
v 21.2407 -26.2042 20.4154
v 19.4283 -26.7122 19.9254
v 19.8289 -27.3792 20.2555
v 21.8270 -26.0122 20.6754
v 22.4076 -26.2542 21.1754
v 20.9702 -25.2932 21.5354
v 21.3224 -24.7422 21.6355
v 20.1782 -25.4172 21.1854
v 20.4281 -25.7442 21.3855
v 20.0187 -25.9202 21.2555
v 20.7242 -26.2962 21.7355
v 21.3880 -25.5452 21.8954
v 21.9384 -23.9822 21.9955
v 21.5321 -24.4412 21.7355
v 21.8527 -24.3262 21.9654
v 22.1312 -24.1162 22.1854
v 21.7597 -24.6792 21.9554
v 22.0799 -24.6422 22.2355
v 22.4315 -24.1942 22.5454
v 22.5339 -24.9682 22.8954
v 21.8501 -25.2322 22.1954
v 22.1512 -25.1512 22.4654
v 21.6054 -26.0212 22.2654
v 22.0530 -25.6802 22.5554
v 22.4547 -25.7182 23.0854
v 22.7908 -23.3312 22.9054
v 23.1426 -23.5292 23.5654
v 22.6982 -24.2892 22.9454
v 23.0130 -24.2312 23.4955
v 23.2615 -24.0982 24.0654
v 22.7587 -25.0022 23.2854
v 23.1186 -24.5702 23.8755
v 23.1671 -25.0612 24.3954
v 24.5220 -24.2412 24.2355
v 23.5220 -23.5562 24.6754
v 24.5839 -23.9412 26.5454
v 24.5742 -24.3322 25.6454
v 24.5153 -24.6682 25.0454
v 24.3808 -24.5892 27.6355
v 21.7542 -27.0042 20.9955
v 22.6022 -26.6932 21.5354
v 21.0138 -27.6582 20.8454
v 22.4573 -27.3852 21.7555
v 21.7919 -27.6912 21.3454
v 23.0088 -25.8762 21.5954
v 23.3604 -25.2132 21.7854
v 23.2859 -25.9832 21.9955
v 23.6217 -25.5182 22.3054
v 22.8941 -26.3862 21.6954
v 23.1712 -26.4942 22.0854
v 23.4101 -26.3442 22.3755
v 23.8230 -25.7562 22.8354
v 22.9008 -27.0392 22.0454
v 23.2735 -27.0452 22.5854
v 23.4918 -26.8722 22.8755
v 24.2302 -24.9542 23.4654
v 23.9473 -26.3382 23.6155
v 24.1714 -25.8932 24.1255
v 13.6941 -19.7502 22.1454
v 13.1077 -20.1312 22.3054
v 13.1246 -20.7742 21.8054
v 12.3702 -19.7622 23.5454
v 12.5741 -20.1832 22.7754
v 13.2065 -19.2082 23.4054
v 13.6847 -18.9042 23.4054
v 13.7229 -18.7362 23.8454
v 14.1018 -18.5262 23.9855
v 13.7549 -18.5772 24.5754
v 12.8994 -19.0962 24.1554
v 14.0105 -20.3182 23.3555
v 13.7916 -20.0882 23.9754
v 13.1283 -20.6192 23.9654
v 14.8896 -19.4102 24.1055
v 13.9415 -19.8392 24.2754
v 14.5985 -19.7102 23.6654
v 12.5765 -19.3672 24.0055
v 15.6735 -19.0272 24.6554
v 14.5262 -19.4422 24.7054
v 15.2789 -19.2122 24.2355
v 13.5630 -18.6002 25.5854
v 14.4865 -19.3892 25.5454
v 13.4461 -18.7202 27.1554
v 12.5366 -22.7792 21.1454
v 13.8089 -21.0932 21.1454
v 12.2528 -21.8042 21.8354
v 15.1878 -21.0632 21.8254
v 14.3903 -21.3032 22.1854
v 14.9022 -20.5922 22.2954
v 14.5039 -20.6372 22.5654
v 13.3429 -23.5202 21.7355
v 12.7501 -23.0742 22.3254
v 13.7649 -20.6912 23.1854
v 13.1675 -21.4882 23.0055
v 14.9404 -19.6602 23.3555
v 14.4897 -20.2662 22.9354
v 14.5928 -19.9582 23.2455
v 15.3907 -22.4422 21.1554
v 13.9398 -24.5002 21.1355
v 20.3469 -18.1872 28.2355
v 21.9929 -17.9952 31.8454
v 21.1189 -17.2302 31.8555
v 23.4630 -17.1832 30.8855
v 22.8859 -16.9552 31.2555
v 23.0965 -17.0492 31.3254
v 23.5558 -17.4502 31.3154
v 22.5497 -16.9082 31.3555
v 23.0622 -17.1192 31.5354
v 21.8894 -17.0262 31.6754
v 22.2347 -16.9882 31.6554
v 22.8062 -17.1012 31.6654
v 22.9838 -18.0172 31.6055
v 23.3616 -17.6742 31.5854
v 22.5271 -17.1052 31.7555
v 22.9677 -17.5122 31.7355
v 22.4104 -17.2242 31.8755
v 23.3030 -18.0042 31.6255
v 14.4044 -24.6562 19.8154
v 14.6345 -25.7822 19.6854
v 14.0670 -25.2362 19.8454
v 13.8970 -24.8642 19.9354
v 13.8607 -25.9662 19.8555
v 15.5048 -24.6332 20.6454
v 16.3238 -24.4152 20.5055
v 14.6006 -24.6722 20.8655
v 15.0796 -25.2962 20.6954
v 23.2625 -18.2962 31.5354
v 23.7263 -17.5252 31.0854
v 24.0455 -18.0202 30.9054
v 23.7971 -17.7612 31.2355
v 23.5890 -18.8952 30.4754
v 24.4054 -18.9622 30.4054
v 24.0131 -18.1132 31.1055
v 24.1761 -18.4522 30.9454
v 23.7226 -19.4682 29.8154
v 24.0270 -18.3432 31.2154
v 24.2649 -18.9122 30.9254
v 23.4689 -18.7842 31.3555
v 23.3502 -18.4962 31.5754
v 23.8333 -18.3022 31.4054
v 24.0401 -18.6362 31.2854
v 23.5579 -19.5212 31.4054
v 23.5737 -18.2872 31.5354
v 23.6570 -18.7512 31.5055
v 24.1015 -19.3982 31.2954
v 16.2184 -25.6732 19.4554
v 15.2109 -26.0622 19.5954
v 15.8655 -26.3262 19.5354
v 14.8257 -26.6972 19.6954
v 14.2248 -26.4392 19.7754
v 15.2849 -27.0982 19.6854
v 16.7922 -24.5262 20.4554
v 16.0329 -25.2242 20.5354
v 17.0297 -25.4062 20.4955
v 16.2722 -26.1022 20.5754
v 15.2640 -25.9382 20.6554
v 24.5227 -19.9282 29.9955
v 24.4830 -20.4542 30.0454
v 23.6255 -20.4282 30.7254
v 23.7960 -21.4072 28.3254
v 24.5296 -19.2972 29.9254
v 24.4294 -19.6232 30.4654
v 24.3785 -20.1122 30.6255
v 24.3209 -19.3942 30.8655
v 24.2880 -19.9832 30.9554
v 16.5201 -26.2232 19.4855
v 16.1385 -26.8562 19.5954
v 17.0467 -26.2952 19.5055
v 17.0265 -27.1582 19.6754
v 17.8629 -25.6152 20.6055
v 17.5303 -26.3062 20.6954
v 18.1646 -26.0602 20.7455
v 18.6004 -26.5232 20.9654
v 17.5795 -27.1612 20.9154
v 18.0353 -27.6102 21.1654
v 23.4961 -24.2432 27.8855
v 23.2437 -23.2012 31.4454
v 18.8081 -27.5202 20.0254
v 18.0088 -27.9622 19.9955
v 18.8055 -28.7862 20.4554
v 19.5121 -28.5182 20.5754
v 17.8669 -28.6702 20.1954
v 19.4833 -26.3082 21.1654
v 20.2918 -26.1782 21.4554
v 19.9614 -26.9242 21.5754
v 18.5039 -27.7672 21.3555
v 21.1234 -26.5392 22.1055
v 20.3669 -26.7442 21.7054
v 20.5897 -26.9992 21.9454
v 20.9752 -27.4422 22.4354
v 21.9280 -26.1792 22.6454
v 21.4832 -26.7382 22.4754
v 23.4111 -24.5012 25.0055
v 23.2368 -25.3682 25.0654
v 23.5685 -23.9782 25.5354
v 23.4833 -24.6022 25.8454
v 23.2287 -26.0252 26.2754
v 23.4226 -24.9862 26.9454
v 24.4287 -25.0042 26.4654
v 20.5977 -27.8262 20.7154
v 21.0568 -28.7372 21.4054
v 20.0371 -29.3312 21.1554
v 22.2855 -28.0472 21.9855
v 22.7488 -27.5082 22.1454
v 21.7782 -28.7282 21.9354
v 20.0411 -27.8732 22.0354
v 21.2978 -27.6002 22.8254
v 20.9392 -28.2622 22.9254
v 22.2078 -26.0822 22.9254
v 22.4460 -26.1382 23.3254
v 22.0518 -26.9692 23.2654
v 22.4051 -26.7382 23.6954
v 22.9347 -25.6422 24.0554
v 23.9493 -26.9392 24.2954
v 24.1662 -26.4022 24.8755
v 23.0512 -25.7862 24.6055
v 22.6867 -26.6422 24.2455
v 23.0281 -26.4122 25.2455
v 24.4227 -25.2242 25.7054
v 24.3364 -25.5302 24.8154
v 24.2217 -26.2632 25.3154
v 23.9670 -27.2422 24.9354
v 24.0370 -27.1192 25.3755
v 24.2277 -26.2912 26.1654
v 22.0793 -28.8852 22.3354
v 22.2918 -29.3512 22.9754
v 22.5687 -28.1612 22.3755
v 21.2357 -29.1892 21.7854
v 21.7481 -29.1482 22.1854
v 23.4583 -27.2642 23.1255
v 23.2243 -27.6352 22.9554
v 22.9859 -27.7772 22.6654
v 23.2906 -27.9312 23.3454
v 22.9477 -28.1732 22.9154
v 23.6119 -27.4492 23.6554
v 23.5577 -27.8192 23.9054
v 22.9535 -28.8322 23.5554
v 23.6537 -27.0662 23.4154
v 23.8066 -27.0352 23.8354
v 23.7565 -27.4092 24.0754
v 23.8419 -27.5182 24.6355
v 11.9716 -19.7562 24.1554
v 12.1114 -20.1052 23.3855
v 11.6419 -20.2282 23.8354
v 11.4019 -20.1832 24.2954
v 11.6873 -19.6682 24.8954
v 11.2975 -20.4832 23.9855
v 12.7923 -18.9912 24.7455
v 12.5968 -19.1892 24.4554
v 12.1236 -19.5092 24.4554
v 12.2500 -19.2402 25.0454
v 12.7092 -18.9192 25.6155
v 12.1822 -19.1792 25.6255
v 11.7325 -19.5182 25.3454
v 12.8282 -18.8582 26.3254
v 12.3563 -20.7792 22.4354
v 11.8219 -21.2402 22.5754
v 11.5979 -22.6752 21.8555
v 11.8435 -20.7522 22.9754
v 11.5584 -20.5642 23.5154
v 11.3429 -20.9922 23.3154
v 12.7591 -20.7172 24.3254
v 12.6834 -21.2252 23.7555
v 12.3688 -21.2932 24.0654
v 12.3082 -20.9902 24.5554
v 11.2241 -20.8172 23.6654
v 12.3117 -21.6112 23.7754
v 13.5276 -20.0502 24.4454
v 13.7305 -19.8262 24.7254
v 13.0907 -20.3772 24.4254
v 13.1819 -20.0692 25.0254
v 13.2271 -19.9192 25.4654
v 13.9127 -19.6202 25.3054
v 12.4271 -20.7072 24.8655
v 12.7169 -20.3982 25.0254
v 14.1651 -19.5132 26.7154
v 13.6395 -19.6792 25.9354
v 16.8995 -18.9772 27.2754
v 13.0831 -20.0402 29.6255
v 15.4544 -18.4662 29.0254
v 11.7649 -23.5022 21.3054
v 10.7689 -23.4612 22.1255
v 11.7160 -24.0542 21.1155
v 11.2638 -23.9882 21.4454
v 12.1119 -22.4602 23.2455
v 20.3464 -17.4322 32.0354
v 21.0322 -17.4392 32.2054
v 20.5434 -17.4432 32.1654
v 21.4414 -17.1662 31.8354
v 21.3482 -17.4162 32.1554
v 20.3370 -17.5272 32.2455
v 12.9603 -24.6882 20.3054
v 12.3450 -24.4852 20.6355
v 12.4353 -25.1812 20.4254
v 12.8037 -25.3602 20.2455
v 11.6787 -24.6002 20.9554
v 11.6638 -25.1302 20.8054
v 11.3757 -24.3782 21.2154
v 12.2933 -25.8432 20.3855
v 12.7040 -23.8622 21.9554
v 12.6179 -24.9602 21.5954
v 21.9041 -17.1392 31.8855
v 22.0634 -17.8342 32.0154
v 21.0845 -18.2602 32.1754
v 21.3970 -18.1872 32.1554
v 21.1148 -18.1862 32.2555
v 21.0445 -17.9942 32.3354
v 19.9661 -18.4832 32.6754
v 13.2409 -26.0122 20.0254
v 13.5782 -26.7782 19.9354
v 12.5192 -27.2452 20.2555
v 13.6479 -25.3612 19.9554
v 13.5775 -26.1602 21.0055
v 14.3092 -26.2842 20.8254
v 13.9864 -25.5092 20.9354
v 13.2241 -25.1692 21.2654
v 13.2941 -25.8932 21.1255
v 13.7951 -26.7702 20.9554
v 12.7046 -25.6582 21.3954
v 23.6505 -19.2962 31.4855
v 23.5982 -20.1602 31.5055
v 14.3098 -27.1852 19.8254
v 13.4924 -27.9682 20.0854
v 14.7617 -27.8732 19.8755
v 14.1151 -28.4952 20.0954
v 14.9083 -26.5442 20.7455
v 15.3615 -26.6722 20.7054
v 15.1913 -27.1102 20.7754
v 14.5266 -27.4612 20.9054
v 23.4207 -21.6352 31.2754
v 23.4434 -21.3012 31.3555
v 24.1979 -20.4412 31.1055
v 23.5411 -20.3482 31.3154
v 23.9065 -20.9452 31.3755
v 23.7188 -20.8562 31.4454
v 24.0163 -22.7142 31.2054
v 23.6942 -20.3382 31.4654
v 23.4803 -20.9192 31.3954
v 23.5390 -20.5612 31.4354
v 23.4416 -21.0912 31.5254
v 15.9440 -27.6002 19.7355
v 15.1010 -28.6842 20.0354
v 16.1815 -29.0932 20.1554
v 15.8777 -27.3112 20.7954
v 15.3582 -27.8002 20.9154
v 16.4261 -27.3682 20.8354
v 17.2433 -28.0472 21.1454
v 16.2039 -27.8602 20.9554
v 15.5524 -28.1892 21.0354
v 23.9321 -24.3832 30.9754
v 16.7231 -28.3562 19.9554
v 17.1222 -29.0752 20.2355
v 16.6390 -29.8242 20.4654
v 17.5701 -29.5272 20.4754
v 17.1474 -30.5202 20.8454
v 17.7296 -28.2412 21.3154
v 18.2593 -28.4152 21.5454
v 17.5791 -28.9062 21.5554
v 17.0390 -29.1722 21.5554
v 18.9656 -28.1462 21.6654
v 19.2175 -28.8642 22.1355
v 18.5505 -28.9612 21.8855
v 23.1891 -26.2252 27.5454
v 23.2308 -25.4532 28.7654
v 19.3812 -29.6562 21.0254
v 18.2881 -30.0392 20.8454
v 19.8404 -29.9662 21.3855
v 19.4032 -30.5412 21.4955
v 18.9511 -30.4542 21.2555
v 20.2533 -30.0092 21.6355
v 19.4213 -29.5282 22.6155
v 20.6083 -28.0952 22.5354
v 21.3967 -28.2522 23.3855
v 20.5620 -28.9042 23.0254
v 21.0113 -28.9952 23.5454
v 21.5775 -28.7592 24.0754
v 20.2499 -30.0552 23.6255
v 19.5745 -30.1072 23.0854
v 20.9547 -30.0142 24.4354
v 21.9442 -27.9242 23.8755
v 22.2031 -27.5812 24.0354
v 22.4192 -27.4062 24.3254
v 22.1488 -27.9512 24.2854
v 22.3609 -27.7712 24.5754
v 22.1559 -28.3962 24.8054
v 22.7083 -27.1032 24.7654
v 22.8384 -27.0472 25.1954
v 22.9374 -26.9562 25.6255
v 22.5584 -27.5752 24.8655
v 22.7333 -27.5752 25.5654
v 22.4918 -27.9312 25.1155
v 22.9106 -27.3712 26.4354
v 24.1628 -26.4482 26.8655
v 24.0492 -27.1532 26.2254
v 22.9457 -27.3442 27.5154
v 23.6492 -26.3982 30.9154
v 19.8724 -30.3902 21.6554
v 20.0119 -30.8092 21.9955
v 20.6418 -30.0122 21.8855
v 21.1924 -29.7992 22.1554
v 20.7664 -30.6012 22.3855
v 20.4094 -30.6202 22.1255
v 20.2370 -30.3702 21.8454
v 21.8599 -29.4952 22.5654
v 21.9208 -29.9992 23.0754
v 21.4723 -30.1242 22.6654
v 22.1929 -29.8862 23.3555
v 21.3924 -30.6302 23.0154
v 21.7772 -30.7002 23.5754
v 23.3288 -28.6332 24.2654
v 22.9669 -29.5062 24.4754
v 23.2904 -29.0272 24.7954
v 22.6447 -29.7722 24.0454
v 23.1211 -29.7062 25.5854
v 21.3775 -29.6452 24.7254
v 22.3288 -30.2662 24.0154
v 22.5574 -30.1052 24.2954
v 22.8183 -29.9862 24.8655
v 23.6597 -27.9472 24.4554
v 23.9099 -27.6152 25.4754
v 23.6597 -28.1692 24.8555
v 23.8267 -27.9532 25.7254
v 23.5497 -28.6992 25.5254
v 23.9696 -27.4812 25.9154
v 23.8844 -27.8162 26.1654
v 23.9569 -27.4882 26.7654
v 23.7859 -28.1442 26.7054
v 23.6918 -28.4552 26.3954
v 11.3345 -19.9142 25.0454
v 10.9654 -20.7512 24.1155
v 10.7941 -20.5752 24.7254
v 10.7917 -20.3712 25.1754
v 10.6081 -21.2002 24.0954
v 10.9437 -20.1242 25.4754
v 10.1901 -21.1792 24.9855
v 10.2315 -21.3962 24.5154
v 10.1419 -21.7422 24.2154
v 9.8931 -21.8962 24.5055
v 9.9768 -21.5732 24.8154
v 11.6688 -19.4612 25.9254
v 11.7484 -19.3562 26.6454
v 11.4651 -19.6502 25.6355
v 10.9716 -19.9622 26.2054
v 11.0463 -19.8582 27.2154
v 10.5902 -20.3762 25.9054
v 11.5105 -19.5352 27.4955
v 12.2742 -19.0882 26.3454
v 11.9190 -19.2702 27.1155
v 13.2469 -18.9852 29.7054
v 12.2944 -19.1522 28.0454
v 10.5367 -22.9522 22.6454
v 10.2316 -23.2512 22.7854
v 10.2031 -22.7962 23.1255
v 9.7719 -23.2172 23.3655
v 9.9589 -23.7642 22.7654
v 10.9892 -21.6032 23.1654
v 10.9838 -22.0382 22.8154
v 10.8626 -21.2612 23.6454
v 10.6992 -22.0742 23.1055
v 10.6783 -21.6872 23.4654
v 10.3493 -22.1802 23.4454
v 10.0807 -22.2152 23.7954
v 9.9148 -22.7452 23.5454
v 9.8322 -22.2442 24.1854
v 9.7940 -22.6182 23.8555
v 11.3214 -22.6322 24.0254
v 10.7932 -22.6962 24.7754
v 10.7150 -23.5832 24.0055
v 11.7819 -21.4662 24.6854
v 11.7045 -21.7962 24.3755
v 11.7797 -22.3082 23.7555
v 11.7701 -21.2102 25.1155
v 11.2847 -21.9742 24.8154
v 11.4247 -21.5062 25.2854
v 11.5363 -21.2322 25.5754
v 10.9503 -22.0392 25.4054
v 12.7517 -20.1632 25.7054
v 12.0678 -20.7442 25.4654
v 12.4236 -20.3082 26.0554
v 12.6377 -20.1302 26.3454
v 11.8435 -20.7242 26.1954
v 12.2663 -20.3552 26.4855
v 11.6904 -20.7752 26.6255
v 11.7729 -20.6662 27.0654
v 11.2527 -21.3352 26.1754
v 11.0949 -21.6692 25.7954
v 13.1325 -19.8912 26.0854
v 12.8766 -19.9802 26.6255
v 13.3675 -19.7652 26.5554
v 12.4783 -20.1752 26.7754
v 13.1334 -19.8572 27.1954
v 12.5632 -20.1222 27.5254
v 12.8699 -20.0152 28.3354
v 10.5338 -24.1842 21.9554
v 10.8926 -24.8432 21.3855
v 11.3463 -24.9172 21.0554
v 10.3108 -23.9072 22.3154
v 9.9471 -24.7652 22.2455
v 10.1828 -25.0342 21.9054
v 11.2998 -23.0242 23.6954
v 11.5099 -23.7622 22.9554
v 11.5946 -24.4152 22.4955
v 10.9974 -23.5382 23.6654
v 10.8978 -24.3612 23.2254
v 11.0378 -24.9592 22.7254
v 14.9860 -19.9762 34.1754
v 20.1552 -17.7432 32.5254
v 17.5041 -18.6672 33.4554
v 18.6071 -18.1352 33.0055
v 11.1985 -26.1032 20.8755
v 11.8625 -26.7932 20.4855
v 11.0874 -26.7452 20.8655
v 11.1009 -25.4132 21.0654
v 10.7284 -26.0402 21.1854
v 10.5744 -25.6702 21.3755
v 10.8988 -26.3982 21.0154
v 10.4415 -26.3262 21.3354
v 10.7062 -26.8582 21.0954
v 11.8694 -25.9342 21.7654
v 11.7302 -25.0342 22.0954
v 11.1579 -25.8552 22.2854
v 11.4098 -26.3832 21.9554
v 11.7878 -27.4102 20.5254
v 11.9085 -27.8432 20.5154
v 11.5556 -27.0932 20.6155
v 11.4954 -27.7002 20.6754
v 13.0075 -26.1642 21.1954
v 13.0744 -26.6392 21.1554
v 13.4664 -27.0852 21.0654
v 12.4701 -26.1462 21.4254
v 12.6396 -26.7872 21.3054
v 12.9291 -27.0532 21.2154
v 11.9815 -26.6152 21.5854
v 12.2861 -27.4032 21.4554
v 12.8124 -27.9952 21.3454
v 11.7870 -27.0762 21.6654
v 13.3342 -28.6872 20.2754
v 12.5918 -28.0052 20.3154
v 12.8767 -28.5692 20.3454
v 13.0346 -28.9822 20.4154
v 12.2903 -28.5842 20.5154
v 12.5825 -28.8602 20.4955
v 13.4994 -29.0962 20.3555
v 14.0764 -27.0542 20.9254
v 14.0435 -27.6432 21.0154
v 15.0294 -28.1152 21.0254
v 14.0379 -28.2132 21.1355
v 13.1209 -28.5432 21.4054
v 14.4726 -29.2942 20.2754
v 15.3659 -29.8752 20.4254
v 14.4016 -30.2372 20.6355
v 13.4081 -29.5432 20.5154
v 15.2435 -28.7732 21.2254
v 16.0189 -29.1972 21.4154
v 14.7143 -28.6872 21.2154
v 15.5394 -29.6602 21.5854
v 13.9451 -29.1712 21.4654
v 14.8094 -29.4892 21.5154
v 23.2587 -23.4642 31.5754
v 23.1204 -24.1252 31.4955
v 23.3276 -24.2142 31.5654
v 14.6630 -30.8642 20.8954
v 16.1668 -30.2962 20.6355
v 16.4572 -30.8882 20.9454
v 15.5640 -30.9022 20.9054
v 17.6826 -29.4032 21.8154
v 17.1594 -29.8952 21.9354
v 16.1623 -29.9502 21.7854
v 17.8723 -29.9062 22.1155
v 16.8942 -30.4492 22.1754
v 22.9822 -27.0702 28.1754
v 22.5433 -27.3842 31.6854
v 23.7866 -24.5682 31.3054
v 23.3211 -26.3912 31.5654
v 17.8103 -30.7832 21.0854
v 16.9367 -31.3222 21.2154
v 16.2391 -31.4522 21.2154
v 18.5708 -29.4142 22.1255
v 18.4757 -30.7712 21.2654
v 17.9642 -31.2632 21.3855
v 18.7109 -31.0402 21.4955
v 18.1410 -30.1792 22.3755
v 17.6094 -30.4662 22.3655
v 18.0727 -30.7812 22.7154
v 18.7253 -30.6682 22.9654
v 17.4579 -31.7272 21.5454
v 18.4261 -31.7912 21.8655
v 17.3217 -30.9992 22.6155
v 19.0039 -29.9092 22.6055
v 19.4971 -30.6942 23.4754
v 18.4177 -31.3942 23.3354
v 22.6315 -28.1142 26.2254
v 22.7745 -27.8642 26.8154
v 22.7023 -28.0422 28.6554
v 22.5775 -28.5072 27.6155
v 22.4436 -28.7732 27.0254
v 23.8681 -27.4032 27.9154
v 19.3370 -31.5422 22.1055
v 18.5657 -32.3832 22.3555
v 19.0534 -32.0802 22.3555
v 19.5409 -31.9322 22.5154
v 20.3676 -31.0042 22.3755
v 20.8634 -31.0762 22.8454
v 19.9347 -31.5742 22.4955
v 20.4617 -31.5452 22.8755
v 21.0886 -31.4112 23.4154
v 20.0484 -31.9322 22.8655
v 20.5487 -31.8642 23.2555
v 19.7241 -31.1762 24.1155
v 20.2661 -30.7252 24.2654
v 20.8185 -30.5082 24.8154
v 21.1842 -30.2902 25.2455
v 21.6757 -29.5682 25.2854
v 22.8975 -30.0882 25.4154
v 22.2724 -28.7622 25.7555
v 23.4086 -29.1942 26.1954
v 22.3330 -28.8432 26.3154
v 22.8906 -30.3102 26.1055
v 23.0676 -30.0262 26.4554
v 23.3640 -29.3522 27.1954
v 21.9669 -29.4902 26.1255
v 22.7963 -30.6262 26.9154
v 22.2318 -29.2282 26.8855
v 21.4596 -30.1882 25.8054
v 23.5282 -28.9082 27.0554
v 23.7092 -28.2702 27.4254
v 23.4954 -28.9032 27.6454
v 23.6847 -28.0662 28.1554
v 23.0847 -29.9372 27.9855
v 20.6108 -32.1562 23.6454
v 22.0659 -30.8272 24.2555
v 21.5122 -31.2582 23.8254
v 21.6320 -31.4682 24.3154
v 21.2385 -31.7732 24.0454
v 21.4354 -32.0472 24.8855
v 22.0192 -31.2122 24.7854
v 22.2966 -30.6682 24.5454
v 22.2780 -31.0912 25.3555
v 22.5299 -30.9702 26.2054
v 9.5582 -22.1682 24.9254
v 9.5684 -22.5892 24.3054
v 9.2795 -22.7042 24.8855
v 9.3753 -22.1942 25.6554
v 10.2564 -20.8442 25.5954
v 9.8593 -21.4562 25.4154
v 10.2996 -20.6912 26.0354
v 10.0470 -21.0412 25.8755
v 10.0865 -20.8982 26.8855
v 9.6193 -21.6342 26.2654
v 10.5452 -20.3402 26.4855
v 10.5462 -20.3702 27.6255
v 11.0709 -19.9062 28.0654
v 11.3568 -21.0562 27.3354
v 11.0848 -21.3922 27.4654
v 11.0946 -21.3892 26.8954
v 11.3552 -21.0692 27.9054
v 10.0498 -21.0942 27.8655
v 10.5240 -20.5812 28.5954
v 9.7020 -21.5132 27.0055
v 12.2205 -20.3252 27.3555
v 11.6618 -19.5172 28.4855
v 12.1956 -19.2792 29.0454
v 12.3340 -20.2512 27.7754
v 11.7589 -20.6652 27.6355
v 11.7698 -20.6912 28.2054
v 12.5140 -20.2852 29.6155
v 11.9725 -20.7512 30.0354
v 11.1361 -20.0072 29.1854
v 12.6694 -19.4752 32.6954
v 11.5250 -19.8302 30.1754
v 12.8293 -20.2412 30.7355
v 9.5140 -23.7762 23.3254
v 9.5045 -23.3502 23.6554
v 9.5700 -24.4022 22.8655
v 9.1372 -24.2102 23.5854
v 9.0392 -23.7622 24.1654
v 8.6935 -24.5772 24.1554
v 10.4720 -23.3662 24.5954
v 10.3913 -23.2302 24.9354
v 10.0909 -23.9992 24.7054
v 10.3107 -24.0532 24.2254
v 10.1043 -23.4282 25.4554
v 8.9331 -23.1792 25.4354
v 9.7560 -24.5112 24.9354
v 10.8402 -21.9342 25.9955
v 10.5189 -22.6712 25.4754
v 10.5313 -22.4332 25.9654
v 10.5579 -22.2622 26.4054
v 10.8697 -21.7632 26.4354
v 10.1942 -23.1122 25.7754
v 10.3463 -22.6902 26.2154
v 10.6073 -22.1162 26.8454
v 10.9121 -21.6162 27.1654
v 16.2286 -18.5872 33.2254
v 17.0376 -18.4332 33.3254
v 16.8940 -18.6982 33.5954
v 9.8861 -26.3662 21.7954
v 9.6344 -25.5892 22.2455
v 9.2576 -26.0152 22.5154
v 9.4139 -25.3432 22.5854
v 10.3710 -25.1382 23.4054
v 10.3043 -25.7162 23.1854
v 8.9800 -25.2612 23.1754
v 10.0734 -24.9582 23.9254
v 10.4622 -24.5572 23.6355
v 9.9030 -25.9152 23.6255
v 8.5915 -25.3022 23.7954
v 10.5836 -24.1922 23.7254
v 10.3025 -24.4782 23.9054
v 9.9418 -24.7032 24.3254
v 14.9382 -19.7712 34.3054
v 10.3376 -26.9622 21.3454
v 10.5281 -27.3082 21.1954
v 9.5772 -26.9512 21.9955
v 10.1705 -27.4052 21.4554
v 10.3663 -27.7462 21.3154
v 9.6784 -27.9222 21.8655
v 9.1758 -27.6442 22.3254
v 10.9958 -26.8012 22.2154
v 10.7168 -26.0432 22.6255
v 10.1504 -26.3732 23.1355
v 10.4604 -26.8282 22.6954
v 9.8619 -26.4242 23.4754
v 9.8525 -26.9502 23.3454
v 11.0666 -28.6942 21.0354
v 11.3424 -29.2652 21.0654
v 10.6926 -29.0862 21.3354
v 11.0090 -27.3642 20.8954
v 10.7103 -27.6032 21.0854
v 10.9598 -27.9632 20.9654
v 11.4643 -28.2872 20.7654
v 11.9919 -27.6942 21.5954
v 11.5905 -28.1042 21.8655
v 11.1115 -27.7632 22.1055
v 10.5840 -28.0732 21.2054
v 10.6596 -27.6872 22.4354
v 10.2136 -28.4622 21.5154
v 11.2129 -28.4982 22.1654
v 11.5940 -28.6682 22.0055
v 12.5272 -28.2802 21.4955
v 11.8870 -29.2782 20.8454
v 12.7639 -29.5412 20.6554
v 11.4623 -28.8542 20.8954
v 12.8575 -29.0972 21.6554
v 12.2064 -29.8192 20.9154
v 12.1169 -28.4132 21.6954
v 12.2693 -28.8302 21.7555
v 13.3349 -29.7862 21.8254
v 12.3381 -29.6332 22.0354
v 11.6473 -29.8162 21.1255
v 13.1414 -30.3262 20.8655
v 12.7873 -30.9872 21.2555
v 12.9105 -30.2232 22.1355
v 13.8749 -31.0612 21.0754
v 13.3069 -31.3442 21.3054
v 14.0104 -29.6932 21.6754
v 14.6041 -30.2862 21.8954
v 13.4018 -30.4252 22.1255
v 23.0270 -25.3172 31.6654
v 14.4777 -31.6482 21.3054
v 15.0951 -31.3292 21.1155
v 13.7571 -31.8672 21.5055
v 14.9101 -31.8162 21.3855
v 14.4650 -32.2692 21.6754
v 15.3505 -30.4462 21.9955
v 16.2767 -31.0522 22.4354
v 15.6999 -31.6312 21.2854
v 15.0544 -31.3522 22.5154
v 14.3843 -30.8102 22.2054
v 22.8325 -25.9272 31.5954
v 23.1828 -25.9832 31.6255
v 22.2959 -29.0132 31.9554
v 23.5134 -26.4512 31.3555
v 15.2181 -32.4452 21.7555
v 16.1811 -32.0632 21.5654
v 16.8223 -32.1152 21.6654
v 17.0838 -32.4012 21.9054
v 16.7005 -32.4692 21.8855
v 15.6835 -32.2552 21.6454
v 16.0558 -32.8072 22.0454
v 16.5873 -31.3622 22.6854
v 16.9582 -31.6632 22.9955
v 17.4443 -31.7772 23.2355
v 18.0439 -32.0462 23.7254
v 16.0660 -31.5702 22.7455
v 16.6295 -31.9492 23.1355
v 16.8895 -32.0072 23.2555
v 18.8506 -31.3992 23.6255
v 22.2684 -29.2582 28.8454
v 23.3453 -27.9672 30.9054
v 23.1087 -29.1742 30.3555
v 17.8833 -32.2482 21.9955
v 16.7121 -32.8522 22.1654
v 17.2804 -32.8352 22.2754
v 16.3755 -33.1112 22.3054
v 16.8860 -33.2682 22.5354
v 17.6503 -33.2792 22.7555
v 19.6083 -32.2882 22.8555
v 18.2395 -32.8462 22.5954
v 18.7131 -32.7102 22.6954
v 19.1481 -32.6192 22.8555
v 19.0560 -32.9502 23.1155
v 18.3588 -33.2282 22.9955
v 18.7082 -33.4162 23.3755
v 18.1977 -33.6942 23.3855
v 20.0935 -32.4062 23.3655
v 19.2496 -31.7092 24.2355
v 19.4742 -32.7842 23.2455
v 18.7142 -31.7382 23.8454
v 18.9246 -32.2012 24.4955
v 19.5640 -32.0802 25.0254
v 18.5656 -32.2182 24.2355
v 17.5674 -32.7992 24.2455
v 20.3179 -31.0052 24.6554
v 20.6596 -30.9762 25.2054
v 20.1610 -31.4752 25.0454
v 20.1736 -31.9342 25.8555
v 20.6556 -31.4162 26.0154
v 20.9557 -30.8962 25.7654
v 20.9819 -31.1552 26.4454
v 21.4445 -30.6222 26.8954
v 21.7343 -30.0922 26.6454
v 22.3431 -29.0982 27.5654
v 21.9647 -29.9532 27.7854
v 22.6610 -30.8982 27.7455
v 21.7030 -30.3922 27.6854
v 21.8344 -30.2302 28.9254
v 19.0838 -33.4182 23.6255
v 20.0958 -32.8592 23.8954
v 19.3902 -33.0542 23.4554
v 19.7699 -32.9122 23.6355
v 20.5972 -32.5782 24.1754
v 19.8196 -33.1902 24.0254
v 20.1902 -32.9712 24.1654
v 20.6180 -32.8232 24.5754
v 19.4917 -33.2412 23.7555
v 19.9161 -33.3042 24.2854
v 20.1476 -33.3612 24.6954
v 21.1729 -32.6242 25.4154
v 20.5526 -33.1872 25.1055
v 21.9456 -31.5682 25.3254
v 21.4801 -32.4612 26.0354
v 20.8467 -33.1052 25.6654
v 22.1858 -31.4262 25.8954
v 22.2559 -31.5252 26.7355
v 21.5909 -32.4772 26.6754
v 9.4128 -22.0492 26.6654
v 9.3406 -22.1702 26.2254
v 9.2176 -22.4492 25.9254
v 9.5943 -21.8492 27.5254
v 9.2078 -22.4522 26.4955
v 8.8413 -23.3062 26.1355
v 9.2902 -22.3432 26.9254
v 8.9416 -23.2242 26.8555
v 9.2270 -22.7092 27.4654
v 8.6906 -23.7842 26.5254
v 11.0357 -21.5742 28.4454
v 10.7639 -21.8882 27.7154
v 10.1440 -21.1172 28.4955
v 9.8420 -21.5002 27.9754
v 9.9452 -21.8592 29.2154
v 9.5091 -22.6292 28.5954
v 11.3984 -21.1382 28.7555
v 11.4947 -21.2732 29.8755
v 10.6629 -20.7712 29.9955
v 10.3636 -21.2842 29.9554
v 10.8967 -22.0712 29.1155
v 11.2600 -22.0952 30.7954
v 11.5242 -21.5422 30.8354
v 12.4662 -20.4752 30.8855
v 11.0877 -20.1832 29.8855
v 12.1212 -19.6972 32.1454
v 11.1985 -20.3342 30.9955
v 11.7620 -21.2042 30.9855
v 11.9200 -19.9032 32.4154
v 11.1000 -20.6622 31.5454
v 14.8702 -18.9902 33.7154
v 14.5125 -19.2372 34.1454
v 14.1204 -19.2172 33.8954
v 15.0507 -18.9832 33.8454
v 15.8190 -18.8992 33.8655
v 13.1847 -19.4382 33.6554
v 8.6331 -24.3082 24.6155
v 8.5047 -24.7972 24.4254
v 8.2882 -24.9932 24.9955
v 8.2980 -25.6212 24.2054
v 8.2377 -25.3532 24.6754
v 8.1512 -25.2712 25.2555
v 8.2851 -24.7962 25.7355
v 7.9913 -25.9322 24.9154
v 8.8075 -23.6632 24.9654
v 8.7397 -23.6022 25.5454
v 8.6498 -23.9182 25.2254
v 9.7682 -23.9142 25.9955
v 9.4576 -24.8312 25.6355
v 9.4270 -24.8112 26.2154
v 10.3899 -22.5052 26.6754
v 10.1931 -22.9172 26.5055
v 10.4558 -22.3772 27.1155
v 9.8801 -23.6302 26.5954
v 10.1916 -22.9292 27.0754
v 9.5493 -24.5382 26.8054
v 10.6023 -22.1172 27.1355
v 10.5382 -22.2682 27.5554
v 10.6138 -22.2402 28.0354
v 10.2314 -22.9882 27.6355
v 10.5585 -22.6802 28.6854
v 10.2295 -23.4302 28.4454
v 9.7109 -24.5312 27.7854
v 13.9109 -20.2672 34.3655
v 16.1423 -18.8712 33.8154
v 15.8662 -19.1502 33.9855
v 16.3147 -18.9912 33.8354
v 14.6605 -19.4852 34.3354
v 8.6833 -26.0822 23.2355
v 8.6166 -25.6532 23.5354
v 8.9156 -26.8622 22.7054
v 8.4096 -25.8862 23.7854
v 8.2585 -26.5542 23.7254
v 8.4415 -26.8582 23.3154
v 8.0367 -26.3912 24.2854
v 8.4466 -27.3742 23.2054
v 8.2382 -27.0882 23.5754
v 8.0698 -26.7742 24.0055
v 9.6138 -25.6082 24.2555
v 9.5573 -26.2492 23.9855
v 9.3440 -25.5372 24.9955
v 9.2296 -26.2482 24.6355
v 9.5297 -26.7872 23.8354
v 9.0703 -26.2932 25.0754
v 8.9833 -26.8272 24.8755
v 9.1886 -26.9202 24.3655
v 9.1857 -25.5472 25.7455
v 8.7985 -27.5182 22.7455
v 9.2355 -28.1232 22.2754
v 8.8436 -28.0072 22.6754
v 9.8667 -27.4612 23.2355
v 10.1442 -27.7012 22.9454
v 9.1994 -28.7172 22.3755
v 8.7998 -28.6032 22.7555
v 8.4372 -28.5082 23.1554
v 9.4222 -27.4262 23.8254
v 9.6215 -28.0022 23.5055
v 8.2877 -28.1342 23.3555
v 9.7937 -28.3592 23.3354
v 9.0954 -28.0692 24.2555
v 9.4053 -28.5242 23.8154
v 9.5902 -29.1562 23.7254
v 9.3209 -27.0212 24.0854
v 9.8595 -28.8402 21.8354
v 10.3530 -29.7372 21.7455
v 11.1099 -29.7982 21.3454
v 9.3059 -29.1622 22.3655
v 9.6451 -29.6442 22.2054
v 10.5196 -28.3952 22.6454
v 11.1382 -29.4442 22.5254
v 10.6464 -29.1122 22.7355
v 10.1963 -29.0352 23.0754
v 10.4521 -29.6192 23.0754
v 10.9246 -30.5822 21.7555
v 10.0678 -30.6352 22.2854
v 10.7339 -31.0862 22.0954
v 11.1877 -31.4902 22.0854
v 9.9934 -31.0152 22.5154
v 11.6998 -30.3472 21.3154
v 11.4159 -29.7302 22.4855
v 12.2890 -30.2792 22.3555
v 11.7916 -30.5172 22.6954
v 10.9530 -29.9452 22.8655
v 11.1254 -30.3492 22.9554
v 12.7284 -31.0222 22.6355
v 10.5083 -30.1472 23.2654
v 13.6761 -31.2372 22.5354
v 11.8486 -31.3792 21.7555
v 13.0940 -31.8662 21.6355
v 12.3406 -31.7572 21.7854
v 12.9589 -31.3862 22.7954
v 12.4440 -32.2542 22.0454
v 11.9938 -32.1302 22.1255
v 12.1906 -31.6442 23.2254
v 11.9423 -31.2642 23.0654
v 13.1467 -32.7272 22.1454
v 14.3451 -33.0092 22.1554
v 12.8718 -32.1042 23.3254
v 14.5350 -31.5762 22.6754
v 15.2996 -32.0362 23.0154
v 13.9595 -32.1782 23.1454
v 13.3875 -31.8542 23.0055
v 14.9147 -32.4342 23.2954
v 15.0079 -32.9432 22.0854
v 14.9607 -33.3042 22.3454
v 15.6527 -33.2182 22.3054
v 13.8990 -33.5372 22.5954
v 14.4741 -33.8182 22.7654
v 15.1442 -33.7472 22.6954
v 15.7482 -32.2062 23.1854
v 15.5121 -32.7792 21.9855
v 15.7210 -32.5542 23.4654
v 16.2452 -32.3612 23.3954
v 15.8452 -33.6542 22.6754
v 15.2326 -33.0692 23.8855
v 15.9721 -33.1332 24.0454
v 15.4900 -34.0522 22.9855
v 17.2907 -32.2622 23.6155
v 16.7835 -32.3292 23.5055
v 16.6266 -32.8002 23.8954
v 16.6627 -33.2772 24.4054
v 22.1162 -28.9512 31.8855
v 21.8462 -29.7122 31.9654
v 23.2587 -27.5192 31.4955
v 23.2189 -28.0702 31.3454
v 22.9292 -29.2112 31.3655
v 22.7386 -29.3782 31.6854
v 22.5317 -29.3282 31.8755
v 16.1922 -33.9402 22.9754
v 16.9993 -33.7612 22.9955
v 16.4352 -34.4872 23.5754
v 15.8254 -34.3272 23.2854
v 17.3179 -34.2002 23.5354
v 18.0119 -34.1332 23.7754
v 17.0184 -33.4722 24.7854
v 17.8328 -33.1092 24.7654
v 17.5263 -34.6612 24.1854
v 16.9557 -34.8722 24.2054
v 18.3943 -32.6722 24.6255
v 19.0055 -32.7352 25.2854
v 18.3973 -33.3352 25.5454
v 19.8506 -32.2052 25.7054
v 19.9629 -32.3442 26.2455
v 20.3857 -31.9762 26.5454
v 19.3782 -32.7412 25.8254
v 19.6578 -32.8652 26.7854
v 18.8396 -33.4252 26.3555
v 20.6624 -31.8822 27.3855
v 21.2219 -31.2562 28.2754
v 20.1109 -32.5372 27.3555
v 20.2547 -32.5032 28.0654
v 20.5362 -32.1852 28.2254
v 21.3877 -31.0322 28.8555
v 21.0697 -31.5242 28.8254
v 21.6591 -30.5162 30.0354
v 20.7387 -32.0442 30.5055
v 22.4835 -30.8162 30.6454
v 22.2010 -31.5492 30.1554
v 22.7965 -29.9742 30.7754
v 22.6679 -29.9812 31.4454
v 22.5374 -30.4672 31.2555
v 18.7828 -33.7212 23.7654
v 18.3999 -34.1482 24.0254
v 18.8326 -33.9992 24.1554
v 17.9942 -34.5502 24.2954
v 18.4393 -34.4142 24.4254
v 19.5352 -33.5112 24.1554
v 19.1398 -33.7022 24.0154
v 19.5622 -33.7632 24.5554
v 20.1312 -33.7872 25.5055
v 19.1034 -34.0992 24.5454
v 19.6401 -34.0792 25.2254
v 18.7080 -34.5122 24.8154
v 19.2674 -34.2962 25.0854
v 19.9673 -34.0342 25.7754
v 21.0753 -32.9442 25.9554
v 21.2137 -32.8972 26.3755
v 20.7317 -33.4152 26.2154
v 20.2802 -33.7862 25.8954
v 20.8238 -33.5452 27.3354
v 20.1649 -34.0602 26.4654
v 19.6187 -34.5072 26.3154
v 20.5057 -33.8152 26.8954
v 21.9687 -32.0732 27.5454
v 21.4928 -32.7662 27.7555
v 21.8015 -32.3272 29.8454
v 8.7060 -24.0802 27.2355
v 9.7171 -22.8882 29.6854
v 10.5832 -21.3422 30.9354
v 8.4345 -25.4412 27.9354
v 11.5440 -20.3312 32.4054
v 11.7293 -21.5842 31.8154
v 12.3169 -21.0622 32.9254
v 11.3258 -20.7262 32.5154
v 11.2406 -21.0612 32.7754
v 12.4976 -20.7672 32.7054
v 12.4310 -19.6392 32.9754
v 13.0153 -20.5262 33.8354
v 11.8704 -20.0702 32.8354
v 11.7292 -20.3432 33.0954
v 12.5560 -20.8472 33.2654
v 11.9495 -20.1722 33.3855
v 12.1939 -19.8682 33.2154
v 11.7210 -20.5562 33.5055
v 11.9861 -20.4422 34.0654
v 12.1403 -21.4382 33.0854
v 12.4231 -21.1292 33.5254
v 12.8410 -20.7622 34.1055
v 12.9286 -19.6092 33.9254
v 13.3996 -19.4762 34.0654
v 12.5425 -19.7852 33.8154
v 13.1943 -19.6782 34.3454
v 12.2374 -20.0832 33.9454
v 12.5115 -19.9722 34.2254
v 12.7608 -19.8152 34.2254
v 12.8436 -19.9262 34.4855
v 13.3135 -20.4482 34.3855
v 12.6693 -19.9402 34.3555
v 12.1720 -20.4482 34.4754
v 12.4054 -20.1692 34.4154
v 13.0933 -20.1572 34.7654
v 13.1123 -20.6552 34.6654
v 12.8080 -20.9472 34.5154
v 13.3501 -20.4572 34.6954
v 14.0011 -19.5492 34.4154
v 14.3373 -19.5132 34.3855
v 13.7876 -19.4922 34.3154
v 13.9014 -19.9462 34.6155
v 13.5873 -19.9682 34.6754
v 13.5854 -20.2522 34.7355
v 7.9339 -25.8822 25.4955
v 7.8013 -26.3662 25.3054
v 7.6424 -26.8342 25.6954
v 9.1182 -25.7322 26.4254
v 8.4740 -24.3892 26.4754
v 8.1482 -25.5182 26.8054
v 7.6836 -27.1232 26.9454
v 7.8148 -26.4092 26.4454
v 10.5584 -23.1862 29.4454
v 10.1708 -24.6692 29.7355
v 11.3401 -22.5242 31.6754
v 14.4915 -19.9292 34.4554
v 14.7818 -19.9672 34.3254
v 8.0491 -27.8282 23.7254
v 7.8848 -26.8602 24.3855
v 7.9514 -27.4202 23.9855
v 7.6736 -27.4792 24.6255
v 7.7353 -27.9422 24.2954
v 7.7379 -26.9192 24.8254
v 7.5829 -28.1382 24.6155
v 7.4899 -27.9192 25.0154
v 7.6091 -27.2062 25.0854
v 7.5916 -28.6522 24.4955
v 7.8162 -26.5832 24.8555
v 8.9603 -26.1922 25.9454
v 8.7921 -26.8442 25.6055
v 9.0108 -27.1332 24.6554
v 8.7593 -27.2052 25.2954
v 7.6874 -26.8702 25.1155
v 8.6730 -27.1482 26.1454
v 8.5697 -27.8662 25.5055
v 8.8701 -26.5292 26.4855
v 8.8867 -29.0642 22.7355
v 8.4948 -28.9482 23.1355
v 8.5889 -29.6872 23.1954
v 8.1173 -29.3882 23.6854
v 7.8110 -28.6482 24.0754
v 8.2282 -28.7012 23.4454
v 9.2110 -29.3142 24.2054
v 8.9534 -29.0612 24.5254
v 8.7445 -28.4692 24.8555
v 7.7836 -29.2322 24.1654
v 9.0404 -29.5222 24.5055
v 9.0817 -27.5612 24.3555
v 8.7236 -27.9852 24.9354
v 9.1007 -29.6772 22.6854
v 9.1495 -30.4932 22.9354
v 9.6558 -31.0982 22.7954
v 8.7267 -30.3972 23.3054
v 8.9879 -30.9782 23.3054
v 8.1280 -29.9472 23.8354
v 8.4345 -30.4512 23.6355
v 10.0075 -29.5382 23.4154
v 10.0564 -30.0712 23.6055
v 10.2578 -30.7392 23.7854
v 9.4141 -29.6502 24.0754
v 9.6626 -30.2392 24.0654
v 9.7769 -31.0122 24.4054
v 9.2634 -30.1282 24.4654
v 9.2108 -30.4932 24.7154
v 10.0714 -31.5282 22.7355
v 10.5052 -31.9462 22.7054
v 9.6412 -31.7212 23.1654
v 10.1621 -32.0332 22.9754
v 11.2089 -30.8582 23.1854
v 10.5827 -30.6632 23.4855
v 11.2760 -31.7092 23.7054
v 10.5337 -31.0262 23.7455
v 10.7860 -31.6592 23.9955
v 10.1289 -31.2012 24.1954
v 11.0697 -32.2292 22.5754
v 10.4580 -32.3072 22.9654
v 10.8283 -32.8142 23.1055
v 11.2495 -32.9572 22.9855
v 10.9645 -33.2892 23.3954
v 12.0932 -33.0052 22.6554
v 12.1075 -32.3322 23.7854
v 11.5030 -32.0762 23.8655
v 12.6304 -32.6892 23.8555
v 10.9149 -32.1382 24.2854
v 11.0638 -32.6042 24.5954
v 12.6988 -32.9012 22.3855
v 13.1739 -33.3212 22.5654
v 12.4114 -33.2182 22.7054
v 12.9033 -33.7062 22.9354
v 13.3603 -33.7912 22.8954
v 12.0283 -33.3322 22.9254
v 12.3287 -33.7042 23.1255
v 11.7397 -33.6662 23.3354
v 12.4624 -34.1262 23.4654
v 12.9363 -34.2332 23.4154
v 13.9105 -32.8702 23.7154
v 13.2114 -32.6782 23.6854
v 13.3985 -33.1182 24.0354
v 14.2229 -33.1792 23.9754
v 13.5367 -33.6372 24.5854
v 14.0561 -33.7142 24.5954
v 14.0420 -33.9652 22.9354
v 14.4271 -34.1392 23.0554
v 14.7996 -34.1302 23.0254
v 14.7884 -34.4552 23.3454
v 13.3321 -34.4392 23.5154
v 14.1492 -34.5062 23.4454
v 14.5833 -34.6862 23.5954
v 14.2040 -35.1282 24.1454
v 15.2369 -34.2972 23.1954
v 14.8382 -33.5702 24.3755
v 15.0731 -33.9292 24.8254
v 15.6016 -33.7962 24.7154
v 15.0392 -34.8522 23.7754
v 14.5010 -33.8872 24.7555
v 14.8450 -35.0762 24.0454
v 14.7210 -34.3522 25.4054
v 15.4584 -34.2892 25.3855
v 15.5977 -33.3432 24.2054
v 16.1099 -33.4712 24.4554
v 16.4437 -33.6782 24.8054
v 16.2273 -34.0512 25.2355
v 22.0978 -29.4762 32.0354
v 21.7136 -30.3882 32.1654
v 21.6072 -30.2922 31.9154
v 15.8445 -34.6432 23.6255
v 16.2878 -34.7532 23.8354
v 15.2479 -34.6192 23.5254
v 15.6490 -34.8882 23.8755
v 15.9477 -35.2332 24.3855
v 16.5719 -35.0832 24.3555
v 15.4279 -35.1102 24.1255
v 15.1521 -35.4352 24.5454
v 16.3075 -35.6562 25.1654
v 16.7808 -33.8522 25.1854
v 17.4499 -33.7582 25.4354
v 16.7155 -34.2172 25.7254
v 16.9930 -35.1362 24.5954
v 17.4603 -33.9922 25.8354
v 18.3071 -33.6722 26.0854
v 17.8888 -33.6152 25.5554
v 17.7208 -34.0802 26.2254
v 18.4318 -33.8242 26.6355
v 17.3577 -34.3152 26.3755
v 17.8637 -34.2232 26.7954
v 17.9433 -34.3562 27.3254
v 18.8676 -33.6312 27.0154
v 18.4634 -34.0962 27.5954
v 19.2431 -33.4862 27.7455
v 19.6542 -33.0972 27.7555
v 20.2917 -32.5662 28.9154
v 19.8903 -32.9512 28.3254
v 19.0722 -33.7332 28.3054
v 19.4916 -33.3542 28.3154
v 19.1017 -33.7802 28.8655
v 20.3961 -32.4882 29.6255
v 19.7344 -33.2292 29.4554
v 20.0323 -32.9502 30.4554
v 21.1476 -31.2652 31.9855
v 22.0546 -31.6222 31.1654
v 22.1404 -31.3012 31.4754
v 21.9263 -31.7012 31.5954
v 21.7524 -32.1392 31.4154
v 21.3381 -30.8462 32.1654
v 22.4785 -30.4032 31.5554
v 22.2845 -30.1072 31.9454
v 22.0560 -31.1112 31.8655
v 22.4292 -30.2152 31.7654
v 21.5811 -30.7872 32.2154
v 21.4640 -30.5632 32.1854
v 18.2836 -34.6712 24.6954
v 17.5657 -34.9272 24.5754
v 17.9412 -34.9282 24.8354
v 18.2920 -34.9032 25.0954
v 16.9599 -35.5892 25.3755
v 17.5761 -35.3822 25.3855
v 18.1135 -35.1342 25.3655
v 17.7099 -35.5572 25.9154
v 19.5313 -34.3952 25.7654
v 18.6178 -34.8492 25.3555
v 18.8920 -34.9602 26.0354
v 18.4022 -35.2622 26.0454
v 18.9795 -35.0722 26.5954
v 18.6971 -35.1742 26.3154
v 19.4884 -34.8062 27.1554
v 18.1892 -35.4702 26.3154
v 20.1248 -34.2452 27.1654
v 20.3452 -34.0742 27.4554
v 20.0483 -34.3822 27.5854
v 20.5602 -33.9222 28.0154
v 19.5420 -34.8872 27.9955
v 20.8641 -33.6182 28.4654
v 21.0815 -33.3792 29.0954
v 20.4845 -34.0562 29.0154
v 21.5717 -32.7192 29.3755
v 21.4487 -32.8342 30.3555
v 21.1253 -33.3132 30.0454
v 21.7431 -32.3232 30.6754
v 8.9156 -26.4702 30.6355
v 12.5364 -20.2222 34.6155
v 12.5657 -21.3092 34.3555
v 12.0006 -20.6802 34.4654
v 11.7865 -20.8582 34.1754
v 12.5217 -20.3992 34.7555
v 12.0895 -20.7822 34.7355
v 12.2747 -20.5692 34.7455
v 12.6029 -20.6272 34.9254
v 12.5423 -20.9722 35.0254
v 12.6801 -21.4502 34.8954
v 12.9222 -20.8882 34.9554
v 11.7924 -21.3162 34.7054
v 11.9141 -21.2292 34.8454
v 12.1029 -21.3702 35.0454
v 12.1688 -21.5952 35.1155
v 11.0231 -23.6812 34.9554
v 11.3758 -22.9672 35.1155
v 11.5352 -22.9372 35.2455
v 13.2366 -20.5802 34.8154
v 8.9340 -24.9712 29.2254
v 11.8634 -22.6442 33.4154
v 12.5260 -21.9172 35.0055
v 7.4140 -28.6272 24.9754
v 7.4308 -27.6602 25.7654
v 7.3140 -28.1682 25.8555
v 7.2457 -28.7232 25.6554
v 7.2048 -28.6912 26.2355
v 7.1687 -29.0672 25.9054
v 7.4396 -27.6842 26.3254
v 8.4764 -28.0052 26.7854
v 8.4787 -27.9862 25.9254
v 7.3187 -28.1872 26.4254
v 7.4596 -27.9352 27.0154
v 7.5868 -28.5512 28.3755
v 8.7635 -29.9072 30.6854
v 7.9467 -29.5962 23.9855
v 8.5762 -29.2642 25.2654
v 8.7229 -29.6382 25.0654
v 7.4538 -28.8372 24.8354
v 7.5587 -29.2402 24.5854
v 7.7398 -29.5712 24.3154
v 8.5311 -28.7742 25.3354
v 7.8704 -29.9772 24.2154
v 7.3345 -29.0072 25.1754
v 7.4209 -29.4262 24.9254
v 7.5567 -29.8082 24.7154
v 7.2505 -29.3972 25.4154
v 8.3570 -29.0312 25.8855
v 8.3947 -29.8002 25.8755
v 7.8194 -30.6092 24.5454
v 7.3047 -30.1632 25.4154
v 7.5113 -30.4512 25.0354
v 8.4248 -28.5582 25.7254
v 8.3400 -28.6852 26.1454
v 8.3480 -28.4932 26.5954
v 8.3472 -28.7222 27.2854
v 8.2349 -29.2132 26.5254
v 8.3015 -29.6752 26.1654
v 8.6921 -31.0332 23.6355
v 8.9353 -31.3432 23.5554
v 8.0789 -30.5932 24.1554
v 8.2798 -30.9402 24.0654
v 8.4417 -31.3422 24.0954
v 8.0281 -30.9572 24.4054
v 7.6200 -30.8982 25.0454
v 8.2095 -31.6372 24.5654
v 8.6449 -32.0072 24.2854
v 8.9006 -29.9922 24.9054
v 8.7138 -30.5402 25.5055
v 8.4237 -30.3552 26.0254
v 8.9623 -31.1292 25.4955
v 9.5410 -31.3102 24.8755
v 8.5796 -31.0532 26.1654
v 9.5085 -31.9912 25.4654
v 9.9734 -32.2542 23.2555
v 9.5087 -32.1862 23.5654
v 9.7629 -32.8182 23.8154
v 9.2347 -31.8982 23.6155
v 8.8046 -31.8072 23.9754
v 9.0659 -32.1042 23.9154
v 9.3926 -32.6402 23.9955
v 8.9589 -32.5522 24.3555
v 9.2965 -33.0812 24.4554
v 10.5265 -31.9732 24.4354
v 9.8005 -31.6082 24.8154
v 10.7461 -32.3452 24.5854
v 10.4322 -32.4122 24.8954
v 9.7862 -32.6072 25.7455
v 10.3255 -32.7732 23.3655
v 10.4527 -33.5832 23.9754
v 9.9753 -33.1942 23.9554
v 9.8138 -33.3962 24.2654
v 11.8522 -32.9952 24.5254
v 10.7389 -32.6792 24.8855
v 11.4234 -33.1642 24.9754
v 11.2115 -33.9712 23.8954
v 10.3113 -34.1002 24.6255
v 10.5249 -32.9632 25.3855
v 11.9141 -34.1152 23.6754
v 12.7511 -34.4512 23.6954
v 12.8413 -33.4432 24.5554
v 12.1938 -34.4462 23.8954
v 11.9572 -33.5142 25.0554
v 11.7654 -34.6372 24.3154
v 12.6061 -34.9712 24.3354
v 11.1482 -34.3902 24.3855
v 12.1395 -34.8582 24.3954
v 12.4519 -35.1682 24.6554
v 11.8019 -34.9422 24.6854
v 12.1125 -35.2532 24.9354
v 12.7924 -33.8522 25.0654
v 13.2047 -34.0472 25.1954
v 13.7131 -34.1312 25.1854
v 12.8316 -34.1662 25.4955
v 12.3832 -34.0282 25.5055
v 13.1976 -34.4282 25.7555
v 13.6109 -34.3482 25.5254
v 11.6305 -33.5912 25.3555
v 12.7128 -34.3272 25.7954
v 13.4685 -34.9602 24.0654
v 13.0563 -34.7652 23.9354
v 13.0909 -35.0712 24.2954
v 14.0316 -35.3372 24.4454
v 13.3806 -35.3402 24.5754
v 12.9143 -35.2932 24.6454
v 13.5561 -35.5422 24.8254
v 13.9221 -35.8562 25.2555
v 13.1320 -35.4942 24.8655
v 12.7843 -35.4632 24.9354
v 14.0980 -34.0152 24.9654
v 14.1617 -34.3022 25.3555
v 14.5393 -34.5422 25.7154
v 14.5677 -35.3922 24.4754
v 14.0093 -34.4972 25.6754
v 13.3521 -34.6062 26.0154
v 14.1765 -34.6682 25.9454
v 14.6146 -34.8922 26.3555
v 14.0331 -34.8392 26.2954
v 15.8017 -34.4692 25.7654
v 15.3641 -34.6212 25.9254
v 16.2001 -34.7192 26.4154
v 15.3249 -35.0212 26.7455
v 15.6645 -35.7872 25.1954
v 14.8630 -35.9562 25.3855
v 15.7424 -36.1032 25.8755
v 14.9326 -36.2632 26.0654
v 16.4922 -35.8762 25.6954
v 15.9767 -35.9332 25.5854
v 16.4151 -34.9792 27.2355
v 16.2848 -36.0302 25.9554
v 16.7569 -35.9692 26.0954
v 16.1692 -36.2112 26.3655
v 16.8692 -34.6242 26.6654
v 17.1670 -34.5952 26.8954
v 17.5334 -34.5312 27.1954
v 17.1517 -34.7452 27.3454
v 17.4652 -34.6772 27.6155
v 17.6814 -34.7242 28.3054
v 17.0772 -34.8842 27.7654
v 15.8459 -35.1992 27.5354
v 16.4877 -35.1012 27.7954
v 18.6163 -34.0652 28.0154
v 18.5472 -34.2172 28.7154
v 18.2560 -34.2952 27.8755
v 17.9493 -34.6062 28.5754
v 18.2206 -34.4992 29.1454
v 18.9059 -33.9992 29.4254
v 17.4430 -34.8892 28.5854
v 19.2336 -33.7472 30.1454
v 18.8079 -34.1192 30.1355
v 20.2888 -32.6262 31.4754
v 19.8143 -33.1592 31.5954
v 19.3318 -33.6622 30.8655
v 20.7066 -32.0372 31.6454
v 21.7231 -31.9052 31.8755
v 20.9816 -31.5112 32.2555
v 21.1414 -32.2892 32.3254
v 21.3648 -32.3202 32.1155
v 20.7548 -31.8962 32.3755
v 20.9219 -31.9642 32.4354
v 20.3896 -32.4162 32.2954
v 20.5837 -32.1292 32.3655
v 19.8947 -33.0482 32.0254
v 20.4311 -33.2372 32.5354
v 21.2068 -31.1102 32.1355
v 21.7211 -31.1932 32.1454
v 21.8448 -31.6182 31.8954
v 21.3031 -31.0222 32.2854
v 21.2471 -31.6522 32.3254
v 21.4524 -31.1832 32.2654
v 21.1501 -31.2752 32.2754
v 17.1919 -35.7482 25.8954
v 17.1097 -35.9462 26.3555
v 17.7187 -35.7842 26.6055
v 16.5138 -36.2372 26.7154
v 17.0414 -36.0922 26.7754
v 18.5324 -35.4272 26.8755
v 17.9151 -35.8022 27.0254
v 17.5553 -36.0472 27.4454
v 18.4977 -35.6252 27.8555
v 17.8701 -35.9882 28.0055
v 19.1867 -35.1152 27.5654
v 19.1094 -35.2592 28.2754
v 19.5645 -34.9332 28.8454
v 18.6511 -35.6092 28.8354
v 19.1223 -35.2872 28.8354
v 18.2826 -35.8302 28.7054
v 20.0791 -34.4372 28.4354
v 19.8826 -34.6632 29.2754
v 20.0793 -34.4732 29.8555
v 20.6772 -33.8622 29.5954
v 19.3418 -35.1222 29.4154
v 20.7506 -33.7502 30.3154
v 20.9018 -33.5092 30.8954
v 21.1565 -33.1612 31.0554
v 20.3643 -34.1662 30.2954
v 20.9553 -33.3672 31.3354
v 20.5044 -33.9202 31.1654
v 20.2804 -34.1012 31.4554
v 20.1056 -34.3222 31.1554
v 21.4509 -32.6502 31.3755
v 21.5595 -32.3542 31.6854
v 21.0908 -33.1022 31.6454
v 21.3061 -32.7112 31.8154
v 20.8751 -33.2922 31.9254
v 20.5599 -33.7812 31.6055
v 11.9610 -22.8982 35.2854
v 10.6219 -25.1852 35.2654
v 10.1201 -26.3472 31.2654
v 12.0889 -23.2712 34.9855
v 12.0898 -23.0482 35.2455
v 11.9281 -24.0122 35.2355
v 11.1319 -23.9722 35.3054
v 11.3491 -24.0162 35.4254
v 7.1978 -28.9132 26.9254
v 7.1258 -29.1932 26.6554
v 7.2584 -28.9942 27.4855
v 7.3133 -30.1592 29.2054
v 8.5050 -30.6742 30.4754
v 7.5702 -30.4802 30.5754
v 7.1376 -29.5962 25.9454
v 7.3513 -30.9632 25.6854
v 7.0549 -30.0162 26.5254
v 7.1252 -30.7252 26.2954
v 7.0241 -30.2042 27.2254
v 7.0280 -30.6312 26.8855
v 7.0812 -31.1132 26.8254
v 7.2576 -31.4672 26.3755
v 8.1759 -29.9352 26.9654
v 8.2354 -29.2282 27.0954
v 8.2335 -30.3862 26.7455
v 8.2773 -29.2892 27.6554
v 8.3962 -29.0052 27.9654
v 8.1717 -29.8022 27.4654
v 8.1662 -30.5512 27.3154
v 8.2595 -30.1812 28.7254
v 7.0807 -29.9482 27.5854
v 8.1411 -30.4142 27.8254
v 8.3746 -32.0462 24.6454
v 8.1170 -32.0762 25.0254
v 7.8341 -31.8392 25.3154
v 8.3639 -30.7712 26.5254
v 7.6291 -31.5042 25.4354
v 8.4982 -31.5302 26.8855
v 8.8073 -31.6872 26.2954
v 8.0464 -32.4992 25.5154
v 8.3547 -32.3892 24.9354
v 7.5222 -31.6692 25.8154
v 7.6655 -32.0922 25.8655
v 7.7744 -32.5852 26.1255
v 7.5160 -32.0022 26.1155
v 8.0537 -32.8242 25.8354
v 8.2157 -30.6902 27.0754
v 8.3297 -31.1702 27.0554
v 8.2102 -31.1072 27.6055
v 8.6248 -32.3482 24.5654
v 8.6705 -32.9322 25.0154
v 9.4363 -33.5532 24.7455
v 8.8720 -33.3162 25.1355
v 8.2859 -32.8112 25.4254
v 9.2660 -32.0012 25.8154
v 8.9191 -32.1932 26.6454
v 9.2439 -32.7312 26.7254
v 9.4107 -32.6442 26.3254
v 8.2950 -33.1342 25.7555
v 8.6304 -33.6642 25.8454
v 10.1076 -33.1932 26.0754
v 8.6163 -32.0172 27.1554
v 9.5089 -33.0262 26.6754
v 9.7522 -33.3812 26.8454
v 8.7579 -32.4882 27.4554
v 9.9809 -33.8502 24.5954
v 9.6760 -33.9112 24.9154
v 10.7320 -33.3892 25.7654
v 10.0028 -34.1642 24.9454
v 10.7544 -34.5582 24.8555
v 9.1716 -33.9172 25.4354
v 10.3202 -33.6162 26.4654
v 11.0190 -33.7152 25.9955
v 9.7166 -34.2322 25.2754
v 9.9739 -34.5602 25.4754
v 9.3134 -34.4342 25.9955
v 10.3806 -34.7122 25.3454
v 8.9085 -33.9512 25.8154
v 10.2591 -34.8872 25.6954
v 11.8069 -34.0842 25.9454
v 10.9359 -34.2402 26.9754
v 11.3607 -34.8132 24.7754
v 11.6663 -35.1252 25.0154
v 10.7963 -34.8592 25.2154
v 11.8677 -35.6032 25.6454
v 11.0996 -35.1742 25.4654
v 10.4932 -34.9202 25.5454
v 10.9210 -35.4472 26.0754
v 12.1656 -34.3392 26.1355
v 13.0145 -34.6902 26.2954
v 11.4513 -34.2272 26.4654
v 11.9925 -34.6182 26.8154
v 12.8291 -34.9982 27.0854
v 11.4678 -34.5382 27.0954
v 13.4290 -35.7382 25.1554
v 12.8027 -35.8272 25.5354
v 12.1331 -36.0372 26.3555
v 12.8435 -36.2082 26.3354
v 13.7500 -34.8582 26.3755
v 13.3293 -34.9092 26.6255
v 13.9408 -35.0122 26.6754
v 13.1915 -36.0842 25.8855
v 13.8015 -36.2742 26.1454
v 14.3385 -36.2332 25.9654
v 13.6068 -35.0942 26.9554
v 14.7479 -35.1632 27.0055
v 14.1752 -35.2342 27.2355
v 14.4750 -35.3662 27.6255
v 15.3283 -35.2542 27.4254
v 13.5323 -35.2592 27.4955
v 14.9305 -35.4642 28.1454
v 13.9683 -35.4482 28.0854
v 14.5645 -35.4802 28.1754
v 15.7528 -35.3182 27.9554
v 15.8573 -35.4622 29.0754
v 14.6528 -36.3822 26.3555
v 14.2826 -36.3932 26.3855
v 15.3912 -36.4012 26.5554
v 14.4218 -36.5622 26.9254
v 14.7899 -36.5482 26.8954
v 13.5541 -36.4572 26.7355
v 13.9718 -36.4772 26.6854
v 13.7936 -36.5742 27.0654
v 15.8196 -36.4252 26.8254
v 15.3447 -36.5352 26.9955
v 15.7588 -36.5862 27.5254
v 16.5314 -36.3852 27.3454
v 14.6634 -36.6512 27.3054
v 15.1109 -36.7192 27.8555
v 16.5755 -35.1862 28.3354
v 16.9089 -35.1482 28.8855
v 17.8596 -34.7352 29.2854
v 18.2390 -34.5412 29.9955
v 17.3442 -35.0152 29.5854
v 17.4755 -34.9672 30.2854
v 16.9293 -35.1922 29.7355
v 16.3422 -35.3852 29.7555
v 16.6384 -35.3052 30.3154
v 19.0101 -33.9432 30.9955
v 18.5708 -34.2932 30.7054
v 17.9679 -34.6832 30.8555
v 18.5423 -34.2752 31.2854
v 18.0178 -34.5522 31.8655
v 17.1652 -35.0662 31.1554
v 19.3809 -33.5372 32.1554
v 19.5395 -33.3052 32.7455
v 18.7370 -34.0832 31.8555
v 18.8609 -33.8262 33.0254
v 20.3698 -32.4752 32.5254
v 20.5549 -32.5872 32.5554
v 20.2426 -33.1552 32.6454
v 20.0884 -33.0332 32.7054
v 20.2259 -32.6282 32.6454
v 19.4313 -33.9302 32.8954
v 19.5973 -34.0312 32.7854
v 20.1475 -33.7582 32.5055
v 18.5879 -34.1952 33.1654
v 16.8614 -36.3362 27.6155
v 16.5878 -36.4622 27.9054
v 17.3402 -36.2522 28.2954
v 16.6248 -36.5242 28.7555
v 17.2132 -36.3402 29.0154
v 17.7672 -36.1102 28.9955
v 15.8248 -36.6812 28.3655
v 19.0044 -35.3782 29.2654
v 18.6454 -35.6172 29.4154
v 18.1564 -35.9122 29.1255
v 17.6112 -36.1652 29.7154
v 18.1383 -35.9062 29.7054
v 18.5047 -35.6822 29.8454
v 18.2373 -35.8152 30.1355
v 17.8605 -36.0272 29.9955
v 18.8740 -35.4552 29.6954
v 19.4256 -35.0222 30.1255
v 18.6831 -35.5112 30.4454
v 19.1297 -35.1372 30.9955
v 18.3024 -35.6932 30.8555
v 19.8228 -34.6322 30.7154
v 20.3277 -33.9522 31.8954
v 19.7397 -34.5602 31.5854
v 20.0461 -34.2702 31.7355
v 20.0789 -34.1062 32.1754
v 19.7427 -34.3702 32.3154
v 19.7949 -34.2202 32.4754
v 19.1320 -34.9522 32.0154
v 20.5844 -33.6072 32.0554
v 20.6242 -33.4432 32.2154
v 20.4461 -33.7002 32.1754
v 10.4773 -25.7892 35.4354
v 11.4629 -24.1882 35.4354
v 11.1962 -24.2592 35.4154
v 10.7487 -25.2452 35.4754
v 10.5928 -25.4952 35.4654
v 8.8939 -28.6252 32.9654
v 9.7032 -28.4502 32.2054
v 10.1181 -27.0532 35.5854
v 11.3534 -25.3832 35.4955
v 11.3602 -25.8912 35.3354
v 10.8288 -25.5492 35.5854
v 10.5939 -26.6472 35.7054
v 7.0140 -31.0602 27.6954
v 7.0531 -31.2702 27.2654
v 7.0951 -31.9012 27.9454
v 7.0900 -30.7422 28.5854
v 7.0322 -30.9102 28.1554
v 7.1555 -31.0442 29.2555
v 7.0883 -31.3862 28.9354
v 7.0514 -31.5462 28.4955
v 8.2946 -30.8582 29.6255
v 8.2162 -30.9552 29.1854
v 9.4209 -29.8492 32.9254
v 10.6917 -28.1502 35.4454
v 7.1870 -31.6072 26.7954
v 7.3066 -32.0462 26.8154
v 7.1364 -31.7342 27.2455
v 7.5080 -32.7132 27.0055
v 7.3081 -32.4162 27.3555
v 7.5210 -33.0802 27.5854
v 7.8656 -33.5122 27.1954
v 7.3327 -32.6912 27.7754
v 7.1967 -32.3982 28.2054
v 7.1219 -32.0542 28.7154
v 8.4277 -31.6712 27.3054
v 8.2812 -31.6722 28.0754
v 8.1601 -31.0312 28.4254
v 8.4568 -31.9802 27.6554
v 8.4862 -32.3362 28.2654
v 8.2187 -31.3812 29.1355
v 8.2314 -31.6092 28.9654
v 8.2476 -31.6472 29.2555
v 8.3307 -32.0602 28.9554
v 8.2407 -31.4132 29.4154
v 9.0300 -32.7312 27.1654
v 8.1899 -33.2982 26.1355
v 7.9760 -33.2982 26.5654
v 8.3914 -33.6822 26.2555
v 8.6183 -34.0492 26.4054
v 8.1499 -33.7352 26.8354
v 8.6441 -34.4072 27.0055
v 8.9069 -34.3282 26.3855
v 8.0527 -33.9522 27.5454
v 8.3664 -34.1212 27.0454
v 7.8006 -33.6952 27.8755
v 8.3122 -34.2502 27.4855
v 9.5581 -33.3222 27.0554
v 9.2840 -33.0332 27.0954
v 9.0810 -33.0262 27.5454
v 8.6964 -32.6222 27.8954
v 9.3441 -33.3222 27.4855
v 8.9034 -33.0022 28.0154
v 9.1809 -33.2422 27.7254
v 9.4651 -33.5072 27.6055
v 8.6533 -32.7902 28.5954
v 9.2682 -33.5122 28.1554
v 9.5475 -33.8272 28.2754
v 9.6341 -34.8002 26.2154
v 9.8943 -35.0962 26.4454
v 9.2173 -34.5922 26.3855
v 9.4872 -34.9492 26.6954
v 9.1377 -34.7382 26.7954
v 9.0744 -34.8742 27.2254
v 9.3579 -35.2492 27.6954
v 9.7227 -35.4302 27.5154
v 10.1671 -35.4642 26.9154
v 10.3122 -35.6682 27.2654
v 9.8177 -33.6672 27.2455
v 10.3224 -34.0362 27.2954
v 11.0162 -34.5622 27.6355
v 10.0204 -33.9962 27.7054
v 10.4118 -34.3522 27.9754
v 10.0272 -34.2312 28.3855
v 10.7648 -34.6302 28.2854
v 11.1490 -34.9052 28.6854
v 11.3669 -34.8912 28.1954
v 10.3688 -34.5662 28.9354
v 10.5606 -35.2042 25.9454
v 11.6952 -35.8312 26.2254
v 10.4664 -35.3602 26.3354
v 10.9949 -35.7602 26.6654
v 11.1639 -35.9292 26.9354
v 10.7355 -35.7912 27.0454
v 10.4600 -35.9262 27.9154
v 12.0873 -34.9302 27.4955
v 12.5401 -35.1142 27.6654
v 11.4120 -34.7682 27.7455
v 12.0404 -35.0542 27.9454
v 12.4798 -35.2762 28.3655
v 11.7483 -36.1192 26.8954
v 11.5465 -36.2112 27.3954
v 11.7811 -35.1322 28.5754
v 11.0953 -36.1142 27.6155
v 11.5025 -36.2902 27.7555
v 12.0191 -35.2692 29.0154
v 12.8183 -35.4582 29.0254
v 12.5069 -36.3562 26.9654
v 13.0473 -36.5172 27.1754
v 13.2305 -36.6462 27.6654
v 12.0013 -36.3422 27.3755
v 12.4626 -36.5202 27.6454
v 12.7097 -36.5932 27.7754
v 12.9797 -36.6912 28.1554
v 13.5087 -36.7382 28.0454
v 11.7219 -36.3192 27.5954
v 11.9832 -36.4162 27.6954
v 11.9793 -36.4822 28.0354
v 13.2380 -36.7642 28.5654
v 12.5817 -36.6652 28.4855
v 13.3796 -35.4312 28.2754
v 14.0433 -35.5452 28.6355
v 13.4484 -35.5212 28.8254
v 14.0990 -35.6282 29.4855
v 13.2821 -35.5662 29.5554
v 14.2080 -36.7752 28.0554
v 13.8549 -36.8202 28.6554
v 12.0732 -35.3772 29.8755
v 14.6271 -35.5642 28.7355
v 15.5402 -35.5392 29.3755
v 14.7803 -35.6202 29.6654
v 14.8991 -35.6152 30.2254
v 15.3677 -35.5772 30.1055
v 13.4767 -35.5932 30.5354
v 14.3138 -35.6372 30.4354
v 14.6188 -35.6112 31.0154
v 15.3492 -35.5652 30.6754
v 14.6138 -36.8182 28.5954
v 15.5015 -36.7512 28.6754
v 13.9682 -36.7092 27.6554
v 15.1596 -36.8012 28.9754
v 14.6205 -36.8392 29.1654
v 15.9963 -36.6712 28.7854
v 15.6709 -36.7392 29.0854
v 16.1504 -36.6482 29.4855
v 15.8147 -36.7052 29.7954
v 15.3269 -36.7862 29.3954
v 16.4761 -36.5602 29.7854
v 15.0998 -36.7702 30.4154
v 15.9510 -36.6562 30.2154
v 14.3673 -36.8412 29.8555
v 15.5475 -36.6512 31.1055
v 15.7005 -35.5242 30.0854
v 15.9980 -35.4532 30.9254
v 16.5434 -35.2352 31.7555
v 16.4147 -36.5412 30.3354
v 16.8557 -36.4002 30.4654
v 16.1479 -36.5402 31.0254
v 16.4708 -36.4162 31.3454
v 17.1174 -36.2752 30.7455
v 17.0261 -36.1952 31.6155
v 17.2150 -34.9352 32.1654
v 17.4201 -34.7542 32.7455
v 16.7477 -35.0602 32.6155
v 17.7601 -35.9432 31.1554
v 18.1106 -35.5592 32.3454
v 17.1952 -35.9812 32.4855
v 17.8969 -35.5642 32.8054
v 18.3886 -34.1472 33.0254
v 18.7578 -34.3492 33.1155
v 18.9061 -34.7222 32.9154
v 18.6711 -34.6522 33.1055
v 18.8828 -34.9042 32.7555
v 18.2629 -34.2172 33.1654
v 18.6429 -34.9222 32.9654
v 18.0069 -34.3602 33.1754
v 17.9940 -34.4912 33.3454
v 18.2809 -34.4882 33.2555
v 18.2262 -34.8082 33.2555
v 18.6511 -35.2882 32.0354
v 18.1947 -35.4082 32.7555
v 17.6077 -34.5632 33.3254
v 17.5275 -35.4482 33.3154
v 17.8269 -34.6502 33.3954
v 17.8610 -35.4672 33.0554
v 16.6212 -36.5342 29.3254
v 16.9119 -36.4412 29.5954
v 17.5703 -36.1342 30.2954
v 17.1645 -36.3142 30.1654
v 17.9595 -35.9362 30.4254
v 16.7380 -36.4702 30.0354
v 9.8945 -27.8032 35.6255
v 10.3455 -26.4962 35.6554
v 10.2570 -27.0352 35.7455
v 10.3849 -27.1182 35.7654
v 10.9768 -27.0992 35.6055
v 10.0924 -27.2752 35.7355
v 9.9846 -27.5782 35.7054
v 10.1495 -27.6062 35.7954
v 10.6008 -28.0002 35.7154
v 7.1654 -31.4862 29.4955
v 7.2541 -31.3832 29.9254
v 7.1252 -31.8572 29.1654
v 7.2085 -31.9642 29.7154
v 7.8275 -31.4472 32.2954
v 10.1960 -29.4992 35.1854
v 10.4599 -28.8982 35.4855
v 10.8109 -27.7772 35.5354
v 10.6345 -28.5072 35.6854
v 7.4977 -33.1892 28.0654
v 7.3384 -32.9112 28.7355
v 7.6847 -33.5832 28.1754
v 7.5019 -33.3252 28.8354
v 8.3551 -32.1252 29.4354
v 8.4751 -32.4752 28.9654
v 8.6162 -32.8102 30.0055
v 7.2396 -32.3492 29.6255
v 7.2630 -32.5662 29.4454
v 7.3504 -32.3832 30.3555
v 7.3968 -33.0142 29.5854
v 7.3825 -32.8022 30.0354
v 7.5178 -33.3622 29.3954
v 7.8033 -33.9252 29.1454
v 7.5893 -33.4502 29.9454
v 8.2712 -31.6732 29.5154
v 8.3563 -31.5632 30.2455
v 8.5001 -32.4302 30.3254
v 8.5524 -31.4472 31.1454
v 8.4591 -31.9882 30.6754
v 8.5721 -32.4602 30.8454
v 8.6560 -32.8522 30.4354
v 8.6987 -31.9932 31.8755
v 7.5156 -32.1332 31.2455
v 8.8191 -32.7022 31.8954
v 8.9465 -33.1082 31.7355
v 9.0089 -31.7282 33.1754
v 8.2760 -34.3632 27.9254
v 8.0095 -34.1202 28.2555
v 8.5360 -34.7582 28.3954
v 8.2824 -34.5952 29.2254
v 8.8602 -33.1702 28.7254
v 8.7302 -33.0112 29.0554
v 9.2449 -33.6212 28.6255
v 9.6826 -34.1432 29.1854
v 9.1055 -33.5712 29.1554
v 8.9267 -33.3842 30.2254
v 9.1222 -33.6522 29.6854
v 9.5433 -34.0792 29.6255
v 9.1960 -33.7312 30.4754
v 8.9561 -33.4072 30.4955
v 9.6037 -34.1612 30.3755
v 8.8810 -33.2502 30.7455
v 9.0554 -33.4562 31.2455
v 8.7152 -34.7352 27.6654
v 9.0131 -35.0542 27.9054
v 10.0732 -35.7132 27.8154
v 9.6832 -35.5352 27.9855
v 9.3346 -35.3572 28.1754
v 8.8449 -35.1162 28.9054
v 10.9791 -34.9722 29.7054
v 10.0640 -35.7702 28.0854
v 10.0298 -34.4612 29.6554
v 10.5991 -34.8122 29.9254
v 9.3423 -35.4912 28.9454
v 9.6880 -35.6622 28.6055
v 9.3789 -35.5592 29.4955
v 9.7019 -35.7222 29.0055
v 8.7402 -35.0702 29.6155
v 9.9372 -35.9022 29.6654
v 10.8361 -34.9522 30.3655
v 11.4262 -35.1762 30.0454
v 10.4797 -34.7642 30.5554
v 10.7114 -34.8632 31.5454
v 11.0793 -36.2182 28.1055
v 11.5231 -36.4102 28.3655
v 10.2314 -35.9512 28.6055
v 11.0885 -36.3132 28.6654
v 10.6805 -36.1992 29.0055
v 11.5572 -36.4852 28.9354
v 10.2833 -36.0442 29.1754
v 11.1301 -36.3792 29.2355
v 11.8031 -36.5572 29.0554
v 10.5247 -36.1792 29.6155
v 10.9532 -36.3402 29.6355
v 10.5893 -36.2182 30.1454
v 11.5749 -35.1292 29.0254
v 11.9890 -35.3452 30.7654
v 12.8720 -35.5232 30.1454
v 11.3277 -35.1542 30.9254
v 11.4489 -36.4942 29.8755
v 11.9040 -36.6042 29.8154
v 11.5244 -36.5072 30.3855
v 12.8827 -35.4952 31.5254
v 12.4408 -35.4062 31.8354
v 12.2379 -36.5962 28.4454
v 12.2598 -36.6282 28.7254
v 12.0057 -36.5652 28.6155
v 13.3427 -36.8012 29.0554
v 12.8257 -36.7362 28.8855
v 14.0525 -36.8462 29.3454
v 13.4555 -36.8202 29.5354
v 12.3906 -36.6822 29.2154
v 12.8634 -36.7572 29.4254
v 12.4009 -36.6922 29.7654
v 13.0308 -36.7772 29.8655
v 12.5701 -36.7022 30.4754
v 13.4139 -36.7942 30.4054
v 14.0522 -35.5672 31.7355
v 13.8324 -36.8302 30.0754
v 13.9991 -36.7952 30.7654
v 13.7521 -36.7772 30.9354
v 14.1286 -36.7592 31.2054
v 13.7022 -36.7202 31.5254
v 14.0550 -36.6972 31.7954
v 15.2723 -35.5192 31.5354
v 15.8976 -35.3692 32.0854
v 15.2769 -35.3142 33.3954
v 13.2595 -35.4102 32.8555
v 14.4043 -35.4222 33.0454
v 16.1142 -35.2092 32.9354
v 16.3105 -35.0252 33.7954
v 14.5268 -36.7782 30.8855
v 15.1042 -36.6982 31.2154
v 14.6313 -36.7002 31.6055
v 16.5719 -36.3282 31.7754
v 16.1309 -36.4682 31.6554
v 15.6672 -36.5832 31.5354
v 16.0569 -36.4002 32.2355
v 16.7431 -36.1162 32.6454
v 15.0707 -36.5722 32.2954
v 15.6964 -36.4292 32.5454
v 15.1760 -36.4882 32.7254
v 17.0922 -35.8812 33.0754
v 16.5196 -36.0902 33.0954
v 16.1503 -36.2952 32.6654
v 16.9900 -35.7742 33.3755
v 16.4484 -36.0182 33.3954
v 16.6689 -35.7312 33.6155
v 16.4777 -35.8972 33.5854
v 15.9097 -36.2572 33.1255
v 16.1954 -36.1122 33.3655
v 16.3090 -35.8082 33.7555
v 17.2143 -34.7542 33.4754
v 17.2248 -34.9522 33.5754
v 16.9677 -35.4622 33.6155
v 16.9230 -34.8532 33.4855
v 16.9135 -34.9782 33.6654
v 17.0785 -34.8212 33.6255
v 15.1340 -35.3202 34.2154
v 9.9614 -28.8752 35.8755
v 9.8667 -28.0852 35.7954
v 8.9109 -30.8462 35.5554
v 10.4312 -29.1362 35.6355
v 9.3966 -30.7582 35.9754
v 9.4375 -29.5152 35.8154
v 10.2969 -28.8292 35.7954
v 10.4215 -28.9822 35.7555
v 9.8532 -31.0392 35.7555
v 9.7551 -30.6992 35.9254
v 7.4717 -32.8542 30.5554
v 7.5378 -33.2662 30.1654
v 7.6172 -33.2882 30.6754
v 7.7113 -33.6672 30.2455
v 7.6290 -33.0862 31.1155
v 7.8834 -33.8832 30.7854
v 7.6541 -32.6252 31.6854
v 7.7877 -33.5052 31.2154
v 8.0884 -32.6182 33.5754
v 8.0093 -33.9582 31.2854
v 8.0716 -33.7042 32.2254
v 7.9805 -33.0772 32.7954
v 8.9002 -32.2332 32.6954
v 8.1391 -32.0442 33.7754
v 9.3267 -32.4382 34.4254
v 9.4016 -33.0842 33.8855
v 7.7746 -33.8382 30.0055
v 8.0734 -34.3382 29.7654
v 8.3251 -34.6482 29.7254
v 8.1351 -34.3812 30.2954
v 7.9452 -34.0552 30.5554
v 8.5222 -34.8352 30.2254
v 8.1349 -34.2502 31.0654
v 9.0215 -35.2752 30.6355
v 8.5029 -34.7272 31.0254
v 9.5151 -33.9472 31.7355
v 9.7110 -34.2082 31.1554
v 9.3501 -33.6502 32.2654
v 8.2276 -34.2572 31.5554
v 8.7367 -34.7402 32.2455
v 9.0943 -35.1752 31.9354
v 9.7372 -34.1042 32.2054
v 9.3442 -33.4692 32.7355
v 9.5753 -33.8032 32.7355
v 10.1345 -34.2282 33.3555
v 9.8223 -33.6142 34.3954
v 9.9666 -33.9352 33.8855
v 9.6193 -35.7262 30.1055
v 9.9985 -35.9442 30.1954
v 9.2650 -35.4922 30.0554
v 9.3670 -35.5302 30.7654
v 9.8589 -35.8622 30.5454
v 10.0159 -34.4652 31.0954
v 10.2909 -34.6092 31.7455
v 10.3164 -36.0952 30.5854
v 9.2962 -35.4252 31.3254
v 9.7718 -35.7762 31.1355
v 10.1921 -35.9782 31.4654
v 9.6421 -35.5882 31.9754
v 11.0801 -35.0102 31.8855
v 10.3835 -34.6152 32.2355
v 10.7163 -34.8312 32.0854
v 11.1830 -35.0042 32.3655
v 10.8163 -34.8282 32.5654
v 11.3625 -34.9922 33.0454
v 10.8177 -34.6962 33.3354
v 10.3457 -36.1132 30.0055
v 11.0252 -36.3712 30.1554
v 11.1090 -36.3872 30.6554
v 10.6814 -36.2402 30.7154
v 11.6337 -36.5132 30.8555
v 11.0087 -36.3172 31.2654
v 11.2514 -36.3242 31.9054
v 10.7392 -36.1492 31.9855
v 10.3650 -35.9742 32.1554
v 11.5145 -35.1642 31.8954
v 11.8766 -35.2162 32.4754
v 12.0542 -36.5342 31.6454
v 11.8184 -36.3772 32.5954
v 11.3729 -36.2652 32.6255
v 10.9000 -36.1552 32.3855
v 12.3215 -36.4752 32.5254
v 12.7048 -36.4852 32.7754
v 12.2357 -36.3702 33.1255
v 13.5362 -35.3162 33.6954
v 12.1092 -35.1912 33.1155
v 12.5258 -35.1612 33.8755
v 13.0533 -35.1082 34.6954
v 11.4036 -34.8462 34.0554
v 13.8277 -35.1932 34.5154
v 13.9775 -35.3382 34.5654
v 13.1101 -36.6932 31.4354
v 13.6261 -36.6502 32.1155
v 14.1872 -36.6432 32.2154
v 13.0983 -36.5652 32.4955
v 14.2757 -35.3002 33.9254
v 13.7583 -36.5962 32.5354
v 14.2606 -36.5312 32.9354
v 14.6103 -36.5742 32.5554
v 14.8606 -36.3662 33.4754
v 13.2396 -36.5142 32.9154
v 13.6594 -36.5002 33.1255
v 13.9204 -36.3812 33.6954
v 14.5709 -36.2662 33.9354
v 13.2483 -36.3742 33.6754
v 12.8742 -36.3942 33.4354
v 14.8561 -35.3072 33.7355
v 15.1915 -35.2262 33.9855
v 14.9123 -35.7992 34.2555
v 16.0382 -35.8012 33.8655
v 14.5912 -35.2352 34.1954
v 15.3326 -36.2602 33.5954
v 15.4490 -36.1822 33.7355
v 15.2325 -36.1562 33.8954
v 14.8436 -35.3252 34.2954
v 14.8016 -35.6372 34.3054
v 14.8774 -36.0822 34.1454
v 14.1688 -36.1902 34.2254
v 13.7897 -35.7842 34.5954
v 16.0409 -35.9942 33.7154
v 15.3996 -36.3282 33.2954
v 15.9348 -36.1142 33.5854
v 15.6961 -36.0902 33.7654
v 8.5890 -31.5182 35.0854
v 9.1551 -30.6802 35.8454
v 9.1252 -31.2612 35.9054
v 8.9194 -31.6922 35.7555
v 8.2423 -33.4892 33.3655
v 8.3161 -32.7842 34.3254
v 8.2492 -33.0432 33.9254
v 8.3906 -33.4672 33.9754
v 8.4761 -34.0652 33.2154
v 8.5379 -33.8632 33.8954
v 8.5365 -33.4322 34.4955
v 8.6571 -33.8382 34.3454
v 8.6940 -33.6082 34.7455
v 9.9498 -33.2182 35.8254
v 8.6710 -31.6172 35.3555
v 8.4668 -32.0132 34.8954
v 8.4341 -32.4912 34.7854
v 9.7964 -32.8022 35.7555
v 8.6146 -31.8732 35.2654
v 8.7023 -31.8282 35.4454
v 8.5696 -32.1702 35.1754
v 8.6564 -32.1262 35.3655
v 8.6162 -32.4142 35.2555
v 8.5161 -32.9662 34.8254
v 8.6611 -32.9042 35.1854
v 8.8533 -32.8022 35.5754
v 8.9579 -32.7372 35.7355
v 8.9243 -32.2302 35.7654
v 8.6691 -33.1472 35.0754
v 8.9252 -33.2652 35.4955
v 8.9441 -33.7322 35.1754
v 9.4658 -31.5112 35.9855
v 9.6957 -31.8042 35.7455
v 9.1190 -31.8152 35.9354
v 9.5491 -31.9752 35.9554
v 9.7057 -32.3432 35.7754
v 9.3172 -32.1882 35.9855
v 9.6252 -32.4442 35.9254
v 9.7150 -32.6302 35.9054
v 9.1393 -32.3382 35.9354
v 9.2832 -33.0192 35.9054
v 8.6439 -34.4162 32.9855
v 8.9441 -34.7272 33.1954
v 9.0502 -35.0352 32.4354
v 8.7498 -34.4072 33.4554
v 9.2120 -35.0182 33.1355
v 8.8690 -34.1952 34.3655
v 9.1118 -34.7032 33.8855
v 9.5086 -35.1272 33.7054
v 9.0503 -34.5352 34.1554
v 9.3120 -34.8322 34.0954
v 9.0515 -34.3412 34.5754
v 9.3046 -34.6492 34.5454
v 9.7271 -35.0622 34.4254
v 10.1388 -33.9052 34.5754
v 10.4243 -33.8452 35.6454
v 10.3567 -34.1982 34.2754
v 10.5391 -34.1572 34.9454
v 8.9691 -33.9482 34.9955
v 10.0167 -33.6932 35.7754
v 10.7411 -34.6252 35.5354
v 10.9259 -34.4542 35.5055
v 9.3917 -35.2982 32.5854
v 10.4878 -34.4772 33.4855
v 9.7524 -35.5382 32.7054
v 9.5762 -35.2722 33.3454
v 9.9275 -35.5062 33.3855
v 10.5545 -35.9402 32.9054
v 10.5517 -35.7982 33.5954
v 10.2852 -35.5622 33.9654
v 10.6886 -35.7522 34.0154
v 11.0308 -35.9482 33.8054
v 9.9847 -35.3262 34.1654
v 10.4280 -35.5102 34.3755
v 10.3891 -34.3482 33.7754
v 10.7660 -34.5692 33.8655
v 11.1178 -34.6322 34.4554
v 11.7479 -34.7532 35.2455
v 10.9190 -34.3752 35.0354
v 11.3197 -34.5692 35.1055
v 10.8373 -35.6932 34.4254
v 10.9360 -35.8232 34.1355
v 10.1084 -35.2792 34.5154
v 10.5892 -35.4432 34.7754
v 11.1321 -35.2152 35.3254
v 11.9394 -35.3812 35.1654
v 11.0876 -35.5732 34.9955
v 10.6135 -35.2202 35.1954
v 11.0391 -35.3852 35.2154
v 11.5000 -35.5082 35.1854
v 11.3586 -35.6162 35.0854
v 11.2164 -34.4482 35.4154
v 11.4578 -34.7592 35.3354
v 11.9968 -35.0592 35.1754
v 11.7508 -36.2772 33.1654
v 11.0275 -36.0912 33.0854
v 11.4161 -36.1122 33.6255
v 12.3577 -34.9592 34.9154
v 12.3144 -36.1982 34.0654
v 12.7813 -36.1272 34.4855
v 12.9006 -36.2332 34.1654
v 13.3687 -36.2052 34.3254
v 11.7548 -36.1332 33.9154
v 11.9201 -36.0702 34.3154
v 12.2761 -36.0552 34.5754
v 12.8903 -36.0572 34.6355
v 11.3041 -36.0092 33.9354
v 11.4470 -35.9452 34.3454
v 11.8858 -35.9072 34.8154
v 12.5147 -35.8922 34.8555
v 11.4826 -35.8062 34.8054
v 12.1862 -35.9162 34.8555
v 12.1642 -35.6962 35.0254
v 11.8254 -35.7332 35.0454
v 13.0768 -35.6522 34.8254
v 13.5782 -35.9732 34.5854
v 12.3782 -35.5042 35.0254
v 9.0239 -33.2072 35.6654
v 9.4787 -33.6392 35.8054
v 9.2001 -34.2822 34.9855
v 9.1238 -33.6372 35.5354
v 9.1384 -33.8642 35.3655
v 9.7363 -33.9432 35.7654
v 10.0130 -34.2242 35.6954
v 9.5931 -34.7292 34.9154
v 9.3432 -33.7402 35.6954
v 9.4624 -33.9032 35.6854
v 9.7155 -34.2112 35.6454
v 9.5431 -34.5432 35.1355
v 9.8213 -34.8222 35.0554
v 9.8832 -34.9952 34.8254
v 10.1187 -35.0792 34.9554
v 10.5872 -34.7622 35.5254
v 10.5807 -35.0242 35.3954
v 10.0157 -34.7102 35.3954
f 1 2 3
f 2 4 3
f 5 6 7
f 6 1 7
f 2 1 6
f 2 8 9
f 4 2 9
f 6 10 8
f 2 6 8
f 5 10 6
f 11 12 13
f 14 11 3
f 14 12 11
f 14 3 4
f 15 16 17
f 15 18 16
f 18 12 16
f 18 19 12
f 17 4 9
f 14 4 17
f 16 14 17
f 12 14 16
f 12 20 13
f 21 22 23
f 19 24 25
f 25 22 19
f 19 20 12
f 22 20 19
f 25 23 22
f 25 26 23
f 15 27 18
f 27 24 18
f 18 24 19
f 28 29 25
f 29 26 25
f 30 31 32
f 31 33 32
f 34 31 30
f 33 35 5
f 31 35 33
f 36 31 34
f 37 38 39
f 38 36 39
f 39 36 34
f 40 41 42
f 43 44 41
f 44 42 41
f 45 43 46
f 43 41 46
f 40 46 41
f 47 45 48
f 40 48 46
f 48 45 46
f 49 7 43
f 7 44 43
f 44 7 50
f 51 49 43
f 32 51 45
f 51 43 45
f 32 45 47
f 50 1 3
f 7 1 50
f 33 49 51
f 33 51 32
f 49 33 5
f 5 7 49
f 5 35 10
f 52 53 54
f 55 56 53
f 57 52 42
f 57 53 52
f 58 40 42
f 52 58 42
f 53 56 54
f 59 60 57
f 60 61 53
f 59 42 44
f 60 53 57
f 57 42 59
f 50 11 59
f 60 11 13
f 59 44 50
f 60 59 11
f 13 61 60
f 11 50 3
f 55 62 56
f 56 62 63
f 61 64 53
f 55 64 65
f 64 55 53
f 55 65 62
f 65 66 67
f 65 67 62
f 62 67 63
f 63 67 68
f 61 13 20
f 20 22 21
f 20 64 61
f 20 21 64
f 21 66 65
f 65 64 21
f 66 69 67
f 69 68 67
f 23 66 21
f 23 26 66
f 26 70 66
f 70 69 66
f 68 69 71
f 26 72 70
f 70 72 71
f 71 69 70
f 71 73 74
f 72 75 71
f 71 75 73
f 76 77 78
f 79 80 81
f 81 82 47
f 81 80 83
f 82 30 47
f 82 84 30
f 85 84 86
f 84 82 86
f 86 82 81
f 81 83 86
f 87 86 83
f 84 34 30
f 86 78 85
f 87 78 86
f 39 34 84
f 85 37 39
f 39 84 85
f 85 77 37
f 77 85 78
f 40 58 88
f 48 40 89
f 40 88 89
f 89 90 79
f 89 88 90
f 47 48 89
f 47 89 79
f 81 47 79
f 30 32 47
f 91 92 93
f 93 92 94
f 92 95 94
f 58 96 97
f 58 98 88
f 96 99 97
f 99 100 101
f 58 97 98
f 99 101 97
f 88 98 90
f 97 102 98
f 97 101 102
f 101 103 102
f 58 52 96
f 52 54 96
f 54 99 96
f 54 104 99
f 104 100 99
f 56 104 54
f 105 106 107
f 107 106 108
f 109 110 111
f 93 110 109
f 110 112 113
f 113 112 114
f 110 93 115
f 110 115 112
f 93 94 115
f 112 115 107
f 94 116 115
f 115 116 105
f 115 105 107
f 112 107 114
f 114 107 108
f 114 108 117
f 117 108 118
f 101 119 103
f 104 120 100
f 120 119 100
f 119 120 121
f 100 119 101
f 56 63 104
f 63 120 104
f 63 122 120
f 122 121 120
f 122 123 121
f 68 122 63
f 68 124 122
f 122 124 123
f 68 74 124
f 124 74 125
f 71 74 68
f 74 126 125
f 126 127 125
f 74 73 126
f 128 129 126
f 130 131 132
f 131 133 132
f 80 134 135
f 136 80 135
f 137 136 135
f 136 87 83
f 83 80 136
f 136 137 138
f 137 139 138
f 137 140 139
f 141 142 87
f 87 136 141
f 141 136 138
f 143 141 138
f 144 143 138
f 138 139 144
f 141 143 131
f 130 78 142
f 78 87 142
f 130 142 131
f 141 131 142
f 131 143 133
f 145 146 147
f 148 145 147
f 90 146 79
f 79 146 134
f 146 145 134
f 134 145 149
f 140 149 150
f 80 79 134
f 134 149 135
f 135 149 137
f 137 149 140
f 151 116 94
f 95 152 94
f 94 152 153
f 94 153 151
f 153 154 155
f 153 155 151
f 151 155 156
f 90 98 157
f 98 102 157
f 103 158 102
f 90 157 146
f 102 159 157
f 146 157 147
f 102 158 159
f 157 159 147
f 159 158 160
f 158 161 160
f 158 162 161
f 147 163 148
f 147 159 163
f 159 160 163
f 148 163 164
f 160 161 165
f 162 166 161
f 160 165 163
f 105 116 167
f 105 167 106
f 106 167 168
f 106 168 169
f 116 151 167
f 167 151 170
f 169 168 171
f 167 170 168
f 151 156 170
f 106 169 108
f 108 169 118
f 118 169 172
f 169 171 172
f 173 170 156
f 170 173 168
f 168 173 174
f 168 174 171
f 103 175 158
f 103 119 175
f 158 175 162
f 162 176 166
f 175 119 121
f 121 177 178
f 121 178 175
f 175 178 162
f 162 178 179
f 162 179 176
f 178 180 179
f 121 123 177
f 181 180 177
f 177 180 178
f 172 171 182
f 124 181 123
f 181 177 123
f 181 183 180
f 180 183 184
f 181 124 125
f 183 181 125
f 183 125 127
f 127 185 183
f 183 186 184
f 185 186 183
f 185 127 187
f 186 185 188
f 129 187 127
f 187 189 185
f 185 189 188
f 129 127 126
f 129 190 187
f 191 192 139
f 193 192 191
f 193 194 192
f 143 144 133
f 144 195 133
f 139 192 144
f 192 195 144
f 194 196 192
f 194 197 196
f 195 192 196
f 197 198 196
f 195 132 133
f 198 199 196
f 149 145 150
f 145 148 150
f 148 164 200
f 201 200 164
f 140 191 139
f 140 150 191
f 148 200 150
f 150 200 191
f 202 191 200
f 201 202 200
f 203 204 202
f 203 202 201
f 191 202 193
f 202 204 193
f 204 203 205
f 163 165 164
f 161 166 165
f 166 206 165
f 164 165 207
f 165 206 207
f 164 207 201
f 207 206 208
f 207 209 201
f 156 210 211
f 156 211 173
f 173 211 174
f 155 212 156
f 156 212 210
f 174 211 213
f 174 213 171
f 210 212 214
f 179 215 176
f 166 176 206
f 180 216 179
f 184 216 180
f 179 216 215
f 184 217 216
f 216 218 215
f 216 217 218
f 206 176 219
f 176 215 219
f 206 219 208
f 215 220 219
f 218 220 215
f 217 221 218
f 171 213 222
f 184 186 223
f 184 223 217
f 223 224 217
f 224 221 217
f 188 223 186
f 225 226 223
f 224 226 227
f 224 227 221
f 188 225 223
f 223 226 224
f 188 189 225
f 225 228 226
f 189 229 225
f 225 229 228
f 193 230 194
f 194 230 197
f 231 232 197
f 231 197 233
f 232 231 234
f 235 204 205
f 203 236 205
f 205 236 237
f 230 193 204
f 235 230 204
f 205 237 235
f 237 236 238
f 235 233 230
f 237 238 239
f 239 238 240
f 233 197 230
f 237 233 235
f 237 239 241
f 231 233 242
f 233 237 241
f 242 233 241
f 243 241 239
f 244 242 241
f 243 244 241
f 201 209 203
f 207 245 209
f 207 208 245
f 236 203 209
f 245 236 209
f 208 246 247
f 247 245 208
f 238 236 245
f 245 248 238
f 245 247 248
f 238 248 249
f 248 247 250
f 249 248 250
f 219 246 208
f 220 246 219
f 218 221 220
f 246 251 252
f 246 220 251
f 221 251 220
f 246 252 247
f 251 221 253
f 254 253 221
f 255 252 251
f 251 253 255
f 252 256 247
f 252 255 256
f 253 257 255
f 255 258 256
f 257 258 255
f 221 227 254
f 259 254 227
f 259 260 254
f 254 260 261
f 253 254 261
f 228 259 227
f 228 227 226
f 261 257 253
f 260 262 261
f 257 261 263
f 262 263 261
f 264 239 240
f 264 243 239
f 243 264 265
f 249 250 266
f 249 240 238
f 264 240 267
f 240 249 267
f 267 249 268
f 249 266 268
f 266 269 268
f 266 270 269
f 271 250 247
f 247 256 271
f 256 272 271
f 258 272 256
f 257 273 258
f 263 273 257
f 271 266 250
f 258 274 272
f 266 271 270
f 272 270 271
f 275 276 277
f 278 275 277
f 279 276 280
f 281 280 282
f 281 282 283
f 282 280 276
f 282 276 284
f 282 284 283
f 284 276 275
f 15 285 27
f 286 285 15
f 287 286 15
f 285 288 289
f 287 280 281
f 290 285 286
f 288 285 290
f 287 281 286
f 291 286 281
f 291 281 283
f 286 291 290
f 291 292 290
f 290 293 294
f 288 290 294
f 285 289 27
f 289 295 296
f 27 289 296
f 288 295 289
f 297 298 28
f 297 296 295
f 28 296 297
f 299 297 295
f 288 300 295
f 300 299 295
f 298 297 299
f 294 301 300
f 288 294 300
f 299 300 302
f 298 299 302
f 302 301 303
f 302 300 301
f 28 298 304
f 298 305 304
f 305 298 302
f 306 304 305
f 305 302 303
f 305 307 306
f 306 308 309
f 310 311 312
f 313 314 310
f 315 316 35
f 315 277 316
f 315 311 278
f 278 277 315
f 278 311 314
f 310 314 311
f 275 278 314
f 317 318 319
f 10 316 320
f 8 10 320
f 10 35 316
f 9 280 287
f 8 320 280
f 280 9 8
f 279 280 320
f 279 320 316
f 279 316 277
f 279 277 276
f 321 322 323
f 324 321 323
f 323 325 326
f 325 323 322
f 318 324 323
f 287 17 9
f 17 287 15
f 327 328 322
f 329 330 331
f 332 331 330
f 325 328 333
f 333 329 331
f 328 325 322
f 329 333 328
f 331 334 333
f 28 25 24
f 27 296 24
f 24 296 28
f 331 332 335
f 335 332 336
f 336 332 337
f 334 331 335
f 338 336 339
f 335 336 338
f 336 337 340
f 334 335 338
f 339 336 340
f 341 26 29
f 341 72 26
f 342 29 28
f 341 343 72
f 28 304 342
f 342 341 29
f 342 344 341
f 344 343 341
f 72 343 345
f 342 304 346
f 346 344 342
f 306 346 304
f 306 309 346
f 346 309 344
f 337 347 340
f 343 348 345
f 343 344 349
f 349 348 343
f 309 349 344
f 350 348 349
f 350 351 348
f 38 352 353
f 352 312 353
f 352 38 37
f 354 355 352
f 354 352 37
f 311 353 312
f 355 356 352
f 356 357 312
f 356 312 352
f 358 356 355
f 35 359 315
f 31 359 35
f 36 359 31
f 353 359 36
f 38 353 36
f 311 315 359
f 353 311 359
f 360 361 362
f 363 361 360
f 360 362 364
f 317 365 364
f 365 360 364
f 363 360 365
f 366 367 363
f 368 363 367
f 364 318 317
f 365 366 363
f 369 109 370
f 369 370 371
f 370 372 373
f 370 373 371
f 362 369 371
f 362 361 369
f 321 371 373
f 373 327 321
f 371 321 374
f 371 374 362
f 327 322 321
f 362 374 364
f 364 374 324
f 324 374 321
f 318 364 324
f 370 111 375
f 109 111 370
f 111 376 375
f 375 376 377
f 377 376 378
f 379 380 381
f 377 379 372
f 377 380 379
f 372 370 375
f 372 375 377
f 380 377 378
f 372 379 382
f 382 379 330
f 330 379 381
f 328 327 382
f 328 382 329
f 372 327 373
f 382 327 372
f 330 329 382
f 380 378 383
f 383 378 384
f 383 384 385
f 381 380 386
f 380 383 386
f 386 383 387
f 332 381 386
f 386 337 332
f 381 332 330
f 337 386 387
f 387 383 385
f 72 345 75
f 75 345 388
f 389 75 388
f 73 75 389
f 390 385 391
f 337 387 347
f 347 387 390
f 385 390 387
f 390 392 393
f 390 391 392
f 394 347 393
f 390 393 347
f 393 392 395
f 395 392 396
f 391 397 392
f 392 397 396
f 398 396 397
f 394 340 347
f 393 395 394
f 389 388 399
f 348 388 345
f 388 348 399
f 389 399 400
f 400 399 401
f 351 399 348
f 351 402 399
f 399 402 401
f 396 398 403
f 402 404 401
f 404 402 405
f 405 406 404
f 407 408 409
f 409 410 411
f 77 354 37
f 407 77 76
f 77 412 354
f 413 412 77
f 413 77 407
f 355 354 412
f 413 407 409
f 355 412 411
f 413 411 412
f 414 415 416
f 413 409 411
f 415 417 416
f 414 416 418
f 358 355 411
f 419 416 420
f 418 416 419
f 421 422 95
f 361 423 421
f 423 422 421
f 423 424 422
f 422 424 425
f 415 424 423
f 415 426 424
f 424 426 425
f 363 368 361
f 423 361 368
f 414 426 415
f 415 423 368
f 415 368 417
f 417 368 367
f 93 109 91
f 91 421 92
f 421 95 92
f 109 369 91
f 369 421 91
f 421 369 361
f 376 111 113
f 110 113 111
f 376 113 427
f 376 427 378
f 427 113 114
f 114 117 427
f 378 427 428
f 427 117 428
f 428 117 429
f 117 118 429
f 118 430 429
f 429 430 431
f 378 428 384
f 429 384 428
f 384 429 431
f 385 384 431
f 431 432 433
f 385 431 434
f 431 433 434
f 435 433 432
f 434 391 385
f 391 434 436
f 391 436 397
f 434 433 436
f 397 436 398
f 398 436 437
f 436 433 437
f 438 437 433
f 439 73 389
f 126 73 439
f 128 126 439
f 439 400 128
f 190 129 128
f 439 389 400
f 440 441 128
f 400 440 128
f 128 441 190
f 400 401 440
f 440 401 404
f 440 404 442
f 442 443 440
f 444 403 398
f 437 444 398
f 437 438 445
f 438 446 445
f 440 443 441
f 404 406 442
f 447 408 448
f 76 130 449
f 78 130 76
f 130 132 449
f 76 449 407
f 449 448 407
f 448 408 407
f 450 447 448
f 449 450 448
f 451 447 450
f 452 453 454
f 455 454 453
f 455 456 454
f 457 456 455
f 453 418 458
f 418 453 452
f 414 418 452
f 459 455 453
f 457 455 460
f 422 461 95
f 152 461 462
f 152 463 464
f 425 461 422
f 465 425 452
f 425 465 461
f 461 465 462
f 466 462 465
f 462 466 463
f 152 462 463
f 463 466 467
f 452 425 426
f 465 468 466
f 469 466 468
f 466 469 467
f 414 452 426
f 452 454 465
f 465 454 468
f 454 470 468
f 468 470 469
f 454 456 470
f 95 461 152
f 153 152 154
f 464 154 152
f 118 471 430
f 430 471 432
f 172 471 118
f 182 471 172
f 182 222 472
f 182 171 222
f 432 431 430
f 471 182 473
f 182 472 473
f 471 473 474
f 475 474 473
f 435 432 474
f 432 471 474
f 474 475 476
f 476 435 474
f 433 435 438
f 438 435 446
f 435 476 446
f 446 476 477
f 476 478 477
f 190 479 187
f 189 187 479
f 190 480 479
f 480 481 479
f 441 480 190
f 480 441 443
f 482 481 480
f 446 477 483
f 445 446 483
f 477 478 484
f 482 480 443
f 132 450 449
f 485 486 132
f 132 195 485
f 132 486 450
f 486 451 450
f 487 451 486
f 488 457 460
f 451 487 489
f 199 485 195
f 196 199 195
f 464 463 467
f 490 491 492
f 469 493 467
f 467 493 492
f 493 490 492
f 494 495 490
f 493 469 496
f 497 493 496
f 493 497 494
f 490 493 494
f 496 470 456
f 470 496 469
f 497 498 494
f 456 457 496
f 457 488 497
f 496 457 497
f 498 497 488
f 499 495 494
f 488 500 498
f 499 498 500
f 498 499 494
f 464 501 154
f 154 501 502
f 155 154 502
f 155 502 212
f 502 503 212
f 464 467 501
f 502 501 503
f 503 501 491
f 504 212 503
f 212 504 214
f 505 503 491
f 505 504 503
f 504 506 214
f 467 492 501
f 492 491 501
f 505 491 490
f 505 490 495
f 507 211 210
f 213 211 507
f 213 507 508
f 210 214 509
f 210 509 507
f 507 509 510
f 507 510 508
f 508 510 511
f 214 512 509
f 513 512 214
f 514 510 509
f 509 512 514
f 222 213 508
f 222 508 515
f 222 515 472
f 516 472 515
f 508 511 515
f 515 517 516
f 515 511 518
f 517 515 518
f 510 514 511
f 472 516 519
f 520 519 516
f 516 517 520
f 473 472 475
f 475 472 519
f 521 475 519
f 519 520 521
f 520 522 521
f 475 521 476
f 521 478 476
f 521 522 523
f 478 521 523
f 478 523 524
f 523 522 525
f 526 523 525
f 228 229 527
f 479 481 189
f 189 481 229
f 481 528 229
f 528 481 529
f 481 482 529
f 529 530 528
f 229 528 531
f 528 530 531
f 478 524 484
f 524 523 526
f 482 532 529
f 533 486 485
f 533 534 486
f 534 533 535
f 534 535 536
f 535 537 536
f 486 534 487
f 487 534 538
f 538 534 536
f 538 536 539
f 539 536 537
f 539 537 540
f 199 198 541
f 542 541 198
f 198 197 232
f 242 234 231
f 199 541 485
f 541 542 535
f 198 232 542
f 234 542 232
f 543 542 234
f 543 234 544
f 234 242 545
f 485 541 533
f 533 541 535
f 535 542 537
f 537 542 543
f 546 547 495
f 540 537 543
f 499 546 495
f 506 504 505
f 548 505 549
f 548 506 505
f 548 550 506
f 551 549 505
f 552 549 551
f 553 550 548
f 505 495 551
f 551 495 547
f 554 549 552
f 553 548 549
f 554 553 549
f 555 552 547
f 552 551 547
f 554 556 553
f 556 557 553
f 546 555 547
f 555 554 552
f 558 555 546
f 555 559 554
f 556 554 559
f 214 506 513
f 512 513 560
f 512 561 514
f 506 562 513
f 562 560 513
f 560 561 512
f 506 550 562
f 561 560 563
f 564 560 562
f 564 563 560
f 565 562 550
f 562 565 564
f 565 566 564
f 566 567 564
f 550 553 565
f 563 564 567
f 557 565 553
f 557 566 565
f 556 568 557
f 569 557 568
f 566 557 569
f 511 514 561
f 511 561 570
f 511 570 518
f 570 571 518
f 561 563 570
f 517 518 572
f 518 571 572
f 573 517 572
f 570 563 571
f 571 574 572
f 571 563 575
f 574 571 575
f 573 572 574
f 576 573 574
f 575 563 577
f 574 575 578
f 579 563 567
f 577 563 579
f 580 574 578
f 575 577 578
f 579 567 581
f 582 577 579
f 580 578 583
f 259 584 260
f 584 259 585
f 584 586 260
f 260 586 262
f 584 585 587
f 586 584 587
f 586 587 588
f 520 517 573
f 520 573 522
f 522 573 576
f 522 576 525
f 576 574 580
f 525 576 589
f 228 527 259
f 229 531 527
f 259 527 585
f 527 590 585
f 527 531 590
f 590 587 585
f 587 590 591
f 587 591 592
f 531 593 590
f 592 591 594
f 593 531 530
f 591 590 595
f 590 593 595
f 594 595 596
f 594 591 595
f 593 530 597
f 593 597 598
f 595 593 598
f 544 234 545
f 599 544 600
f 600 544 545
f 543 544 601
f 601 544 599
f 601 540 543
f 601 599 602
f 603 602 599
f 545 242 244
f 545 244 604
f 604 244 265
f 265 244 243
f 604 265 605
f 264 605 265
f 600 604 606
f 600 545 604
f 606 605 607
f 606 604 605
f 264 607 605
f 607 264 608
f 606 607 609
f 610 609 607
f 607 608 610
f 599 606 611
f 599 600 606
f 611 606 609
f 612 609 613
f 610 613 609
f 611 609 612
f 614 613 610
f 615 613 614
f 599 611 603
f 603 611 616
f 616 611 612
f 616 612 617
f 617 612 613
f 264 267 608
f 608 267 268
f 268 269 618
f 608 268 618
f 619 618 269
f 620 619 621
f 620 618 619
f 620 621 622
f 610 608 623
f 623 618 624
f 623 608 618
f 623 624 614
f 618 620 624
f 620 622 624
f 614 610 623
f 625 569 568
f 569 581 566
f 566 581 567
f 556 625 568
f 626 581 569
f 273 274 258
f 272 627 270
f 274 627 272
f 628 627 274
f 629 628 274
f 274 273 629
f 619 270 627
f 269 270 619
f 619 627 630
f 627 628 630
f 629 631 628
f 629 632 631
f 630 628 631
f 621 619 630
f 630 633 621
f 630 631 633
f 631 632 634
f 633 631 634
f 622 621 635
f 635 621 636
f 621 633 636
f 633 634 637
f 582 578 577
f 583 578 582
f 583 638 580
f 581 639 579
f 579 639 582
f 639 640 582
f 262 641 263
f 262 586 641
f 641 273 263
f 588 642 586
f 273 643 629
f 641 643 273
f 586 642 641
f 644 642 588
f 645 643 641
f 645 641 642
f 643 632 629
f 632 643 646
f 646 643 645
f 642 644 645
f 646 634 632
f 634 646 647
f 637 634 647
f 645 644 648
f 648 646 645
f 648 647 646
f 649 647 648
f 650 637 647
f 644 649 648
f 644 651 652
f 649 644 652
f 587 592 588
f 588 592 653
f 588 653 644
f 592 594 653
f 594 654 653
f 644 653 651
f 654 594 596
f 655 624 656
f 624 622 656
f 614 624 655
f 614 655 657
f 636 633 637
f 658 656 622
f 635 658 622
f 656 658 655
f 635 636 637
f 655 658 659
f 658 635 659
f 659 635 660
f 635 637 660
f 650 661 637
f 662 663 664
f 665 664 663
f 663 666 665
f 667 665 666
f 668 667 666
f 664 665 669
f 670 664 669
f 292 671 293
f 662 664 671
f 671 672 293
f 671 670 672
f 670 671 664
f 673 293 672
f 293 674 294
f 675 676 674
f 676 301 674
f 677 301 676
f 675 674 293
f 675 293 673
f 678 675 673
f 679 677 676
f 680 677 679
f 681 682 683
f 681 683 684
f 681 684 685
f 681 685 686
f 687 688 275
f 313 682 314
f 687 668 688
f 314 682 275
f 275 682 687
f 689 668 687
f 681 689 687
f 687 682 681
f 689 667 668
f 689 681 686
f 690 691 692
f 275 688 284
f 666 663 284
f 688 666 284
f 283 284 663
f 663 662 283
f 688 668 666
f 693 694 695
f 696 697 695
f 693 698 694
f 690 698 693
f 695 697 693
f 292 293 290
f 292 291 662
f 291 283 662
f 671 292 662
f 699 700 701
f 700 699 702
f 699 701 703
f 694 702 695
f 695 704 696
f 699 703 705
f 702 704 695
f 699 704 702
f 699 705 706
f 704 706 696
f 699 706 704
f 703 707 705
f 674 301 294
f 708 709 710
f 708 703 701
f 709 708 701
f 708 707 703
f 307 305 303
f 711 306 307
f 711 308 306
f 301 677 303
f 712 303 677
f 712 307 303
f 712 711 307
f 712 677 680
f 680 711 712
f 709 713 710
f 713 714 710
f 714 713 715
f 716 308 711
f 716 717 308
f 716 718 717
f 357 719 720
f 721 720 722
f 722 720 719
f 722 719 723
f 723 724 722
f 310 312 357
f 310 725 313
f 683 682 313
f 683 313 725
f 357 720 725
f 357 725 310
f 726 725 720
f 726 683 725
f 683 726 684
f 727 726 721
f 727 684 726
f 721 726 720
f 728 727 721
f 319 318 729
f 317 319 730
f 692 319 729
f 731 732 730
f 692 730 319
f 731 730 733
f 733 730 692
f 694 326 734
f 325 734 326
f 694 698 326
f 729 323 698
f 326 698 323
f 323 729 318
f 734 702 694
f 698 690 729
f 690 692 729
f 700 334 735
f 333 334 700
f 734 325 333
f 333 700 734
f 702 734 700
f 334 338 735
f 735 338 709
f 338 339 709
f 700 735 701
f 709 701 735
f 339 340 736
f 736 340 737
f 340 394 737
f 737 394 738
f 339 736 709
f 736 737 739
f 737 738 739
f 736 713 709
f 739 738 740
f 740 738 741
f 739 740 715
f 713 736 739
f 713 739 715
f 308 349 309
f 742 350 743
f 351 350 742
f 308 744 349
f 350 349 744
f 744 743 350
f 740 741 745
f 740 745 746
f 715 740 746
f 715 746 747
f 746 745 748
f 717 744 308
f 743 749 742
f 749 743 750
f 744 750 743
f 749 750 751
f 717 750 744
f 749 751 752
f 751 753 752
f 752 754 749
f 356 358 755
f 756 755 358
f 756 358 410
f 756 410 757
f 357 755 719
f 719 755 758
f 755 756 758
f 719 758 723
f 758 756 759
f 759 756 757
f 723 758 760
f 761 760 759
f 760 758 759
f 759 762 761
f 723 760 763
f 356 755 357
f 764 765 366
f 764 732 766
f 764 767 732
f 764 766 768
f 768 765 764
f 769 765 768
f 765 769 420
f 731 766 732
f 731 770 766
f 770 768 766
f 731 771 770
f 770 772 768
f 772 773 768
f 767 365 317
f 366 365 767
f 767 764 366
f 767 730 732
f 730 767 317
f 395 738 394
f 741 738 395
f 402 351 742
f 396 403 774
f 774 395 396
f 741 395 774
f 403 775 774
f 774 775 745
f 775 403 776
f 774 745 741
f 748 745 775
f 775 776 777
f 742 405 402
f 778 406 405
f 749 405 742
f 778 405 754
f 754 779 778
f 778 780 781
f 749 754 405
f 754 752 779
f 778 779 782
f 780 778 782
f 358 411 410
f 410 409 783
f 409 408 783
f 783 757 410
f 757 784 785
f 786 784 757
f 757 783 786
f 783 408 786
f 786 408 787
f 759 757 785
f 788 784 786
f 787 788 786
f 762 759 785
f 762 785 789
f 789 785 784
f 790 791 792
f 793 784 788
f 794 790 792
f 784 793 789
f 792 795 796
f 795 792 791
f 788 797 793
f 420 367 765
f 417 367 420
f 417 420 416
f 418 419 458
f 366 765 367
f 419 420 791
f 790 419 791
f 419 790 458
f 769 791 420
f 773 795 769
f 773 769 768
f 795 791 769
f 437 445 444
f 444 445 798
f 798 445 799
f 776 444 798
f 444 776 403
f 776 798 800
f 800 798 801
f 798 799 801
f 777 776 800
f 800 801 802
f 803 443 442
f 804 443 803
f 442 406 781
f 781 803 442
f 778 781 406
f 781 780 803
f 803 805 804
f 780 806 803
f 800 802 807
f 803 806 805
f 807 777 800
f 808 447 451
f 408 447 809
f 408 809 810
f 809 447 808
f 808 811 809
f 810 787 408
f 809 812 810
f 809 811 812
f 787 810 813
f 787 814 788
f 815 794 792
f 787 813 814
f 813 810 812
f 816 813 812
f 812 811 816
f 788 814 797
f 814 813 817
f 817 813 816
f 453 458 459
f 459 460 455
f 818 458 790
f 458 818 459
f 460 459 819
f 459 820 819
f 794 818 790
f 459 818 821
f 820 459 821
f 821 818 794
f 821 815 820
f 820 822 819
f 794 815 821
f 820 823 822
f 799 445 483
f 477 824 483
f 484 824 477
f 799 483 825
f 483 824 825
f 824 826 825
f 827 825 826
f 801 799 825
f 801 825 827
f 801 827 802
f 443 804 482
f 482 804 532
f 532 804 828
f 829 532 828
f 805 828 804
f 802 827 830
f 829 828 831
f 808 489 832
f 489 833 832
f 832 811 808
f 832 833 834
f 811 832 835
f 832 834 835
f 811 835 816
f 836 834 837
f 838 835 834
f 834 836 838
f 839 489 487
f 451 489 808
f 489 839 833
f 488 460 500
f 840 841 500
f 842 460 819
f 460 842 500
f 842 840 500
f 822 842 819
f 822 843 842
f 842 843 840
f 840 844 845
f 840 845 841
f 843 846 844
f 843 844 840
f 822 823 843
f 847 846 843
f 500 841 499
f 484 524 848
f 848 524 526
f 826 824 484
f 826 848 849
f 484 848 826
f 848 526 850
f 848 850 849
f 849 827 826
f 526 851 850
f 850 852 849
f 852 850 853
f 850 851 853
f 849 852 854
f 849 854 827
f 852 855 854
f 529 856 530
f 857 530 856
f 858 857 856
f 856 529 532
f 856 532 829
f 829 859 856
f 859 858 856
f 859 829 860
f 860 861 859
f 860 829 831
f 837 834 862
f 538 839 487
f 863 538 539
f 863 539 540
f 864 863 540
f 865 839 538
f 863 865 538
f 833 839 865
f 866 867 863
f 865 862 833
f 865 863 867
f 833 862 834
f 865 867 862
f 866 868 867
f 866 869 868
f 867 870 862
f 867 868 870
f 845 844 871
f 845 871 872
f 870 837 862
f 873 558 546
f 864 540 601
f 874 546 499
f 874 499 841
f 874 873 546
f 873 875 558
f 875 876 558
f 841 877 874
f 877 873 874
f 873 878 875
f 878 876 875
f 872 873 877
f 872 878 873
f 878 879 876
f 845 877 841
f 879 878 872
f 845 872 877
f 880 872 871
f 879 872 881
f 879 881 882
f 558 883 559
f 558 559 555
f 883 884 559
f 884 556 559
f 885 556 884
f 876 883 558
f 851 526 525
f 525 886 851
f 525 589 886
f 576 580 887
f 589 576 887
f 580 638 887
f 886 589 888
f 889 886 888
f 887 638 890
f 889 888 891
f 589 887 888
f 887 890 888
f 530 857 597
f 598 597 857
f 595 598 892
f 596 595 892
f 892 893 596
f 886 889 851
f 891 894 889
f 851 889 853
f 895 853 889
f 895 889 894
f 853 896 852
f 895 897 853
f 896 855 852
f 896 853 897
f 895 894 898
f 895 898 897
f 857 858 899
f 598 893 892
f 598 857 899
f 893 598 899
f 900 899 858
f 899 900 901
f 899 901 893
f 902 858 859
f 900 858 902
f 893 901 903
f 904 901 900
f 903 901 904
f 904 905 903
f 866 863 864
f 869 866 906
f 907 869 906
f 907 908 869
f 864 601 909
f 909 601 602
f 910 909 602
f 910 602 603
f 864 906 866
f 864 909 906
f 911 910 603
f 911 603 912
f 906 909 907
f 910 907 909
f 911 913 910
f 910 914 907
f 913 914 910
f 915 907 914
f 916 913 911
f 917 916 911
f 908 907 915
f 918 915 914
f 914 913 918
f 617 613 615
f 919 885 884
f 919 920 885
f 912 603 616
f 617 615 921
f 883 922 884
f 919 884 922
f 616 617 912
f 876 922 883
f 923 919 922
f 911 912 917
f 912 924 917
f 879 925 876
f 925 922 876
f 923 926 919
f 919 926 927
f 925 923 922
f 882 925 879
f 928 926 923
f 625 556 885
f 625 626 569
f 581 626 929
f 625 930 626
f 920 625 885
f 920 930 625
f 930 931 626
f 626 931 929
f 927 930 920
f 930 932 931
f 920 919 927
f 932 930 927
f 927 933 932
f 933 934 932
f 926 933 927
f 926 935 933
f 935 936 933
f 933 936 934
f 934 937 932
f 639 581 929
f 582 640 583
f 929 640 639
f 640 938 583
f 931 939 929
f 929 939 640
f 939 940 640
f 940 938 640
f 938 941 583
f 942 939 931
f 940 939 942
f 942 943 940
f 940 943 938
f 943 944 938
f 942 931 932
f 937 942 932
f 937 945 942
f 942 945 943
f 945 946 943
f 583 941 638
f 890 638 947
f 948 890 947
f 941 947 638
f 888 890 891
f 890 948 891
f 938 944 941
f 948 949 891
f 941 944 947
f 948 950 949
f 948 947 950
f 946 951 943
f 943 951 944
f 947 944 952
f 950 947 952
f 944 953 952
f 651 653 654
f 654 596 954
f 651 654 954
f 652 651 955
f 651 954 955
f 652 955 956
f 957 596 893
f 954 596 957
f 958 955 954
f 958 954 957
f 955 958 959
f 891 949 894
f 958 957 960
f 958 960 959
f 949 961 894
f 960 962 959
f 957 893 903
f 957 903 963
f 960 957 963
f 912 617 921
f 924 912 921
f 924 921 964
f 965 924 964
f 965 964 966
f 917 924 965
f 917 965 967
f 965 968 967
f 966 968 965
f 615 614 657
f 657 655 969
f 964 921 615
f 964 615 657
f 964 657 970
f 971 970 969
f 970 657 969
f 966 964 970
f 970 971 972
f 660 637 661
f 659 660 973
f 973 660 974
f 660 661 974
f 974 661 975
f 969 655 973
f 973 655 659
f 969 973 976
f 976 973 977
f 973 974 977
f 977 974 978
f 977 978 979
f 971 969 976
f 971 976 980
f 981 972 971
f 981 971 980
f 980 976 982
f 976 977 982
f 982 977 979
f 647 649 650
f 983 649 652
f 650 649 983
f 650 983 984
f 984 661 650
f 975 661 984
f 652 985 983
f 984 983 986
f 984 986 987
f 983 985 986
f 984 987 975
f 987 986 988
f 975 987 974
f 986 985 988
f 974 987 989
f 989 987 990
f 987 988 990
f 985 991 988
f 978 974 989
f 989 990 992
f 978 989 979
f 990 988 991
f 979 989 993
f 989 992 993
f 956 985 652
f 956 955 994
f 955 959 994
f 985 956 995
f 956 994 995
f 985 995 991
f 996 995 994
f 994 959 996
f 995 996 997
f 995 997 991
f 998 999 1000
f 678 1001 1002
f 998 1003 1004
f 1003 1005 1001
f 1004 1003 1001
f 1000 1006 998
f 1006 1007 998
f 998 1007 1003
f 1001 1005 1002
f 1005 1008 1002
f 1009 1010 1011
f 1005 1012 1013
f 1008 1005 1013
f 1008 1009 1011
f 1014 1015 1016
f 1016 1017 1014
f 1018 667 1019
f 1019 667 1020
f 667 689 1020
f 1021 1018 1019
f 1021 1019 1022
f 1022 1019 1020
f 1015 1014 1022
f 1020 1015 1022
f 1023 1021 1024
f 1022 1014 1025
f 1021 1022 1025
f 1021 1025 1024
f 1025 1014 1026
f 665 1027 669
f 670 669 1028
f 1029 665 1018
f 1018 665 667
f 665 1029 1027
f 669 1027 1028
f 1027 1030 1028
f 1027 1029 1031
f 1030 999 998
f 1027 1031 999
f 1030 1027 999
f 1018 1021 1029
f 998 1004 1030
f 1023 1031 1029
f 1000 999 1031
f 1021 1023 1029
f 1023 1032 1031
f 1000 1031 1032
f 1033 1034 1035
f 1024 1032 1023
f 1000 1032 1036
f 1032 1024 1037
f 1028 1038 672
f 670 1028 672
f 672 1038 673
f 1038 1039 673
f 1039 678 673
f 1028 1030 1038
f 1030 1004 1038
f 1038 1004 1039
f 1039 1004 1001
f 1039 1001 678
f 1040 1041 1042
f 1042 1041 1043
f 676 675 1044
f 1044 675 678
f 1011 676 1044
f 1002 1044 678
f 676 1011 1010
f 1011 1044 1002
f 1011 1002 1008
f 1042 1043 1045
f 679 676 1010
f 711 680 1046
f 680 679 1047
f 1048 679 1010
f 1047 679 1048
f 1046 680 1047
f 1048 1010 1049
f 1050 1047 1048
f 1050 1046 1047
f 1049 1010 1009
f 1050 1048 1049
f 1046 1051 1052
f 1052 1051 1053
f 1054 728 1055
f 1056 1057 1055
f 1057 1054 1055
f 685 684 728
f 728 684 727
f 689 686 1020
f 1058 686 685
f 1020 686 1058
f 1016 685 1059
f 685 728 1059
f 1015 1020 1058
f 685 1016 1058
f 1015 1058 1016
f 1060 1016 1059
f 1060 1059 1054
f 1054 1059 728
f 1016 1060 1017
f 1057 1060 1054
f 1061 690 1062
f 691 690 1061
f 1063 691 1064
f 691 1061 1064
f 1061 1065 1066
f 1062 1065 1061
f 1066 1064 1061
f 1064 1066 1067
f 1068 1067 1066
f 1065 1069 1066
f 693 1062 690
f 1033 697 1070
f 1071 697 1033
f 1062 693 1071
f 1071 693 697
f 1070 1034 1033
f 1062 1071 1065
f 1071 1035 1065
f 1033 1035 1071
f 1065 1035 1072
f 1069 1065 1072
f 696 706 1070
f 1070 706 1073
f 1073 705 707
f 706 705 1073
f 1073 707 1041
f 696 1070 697
f 1034 1070 1040
f 1040 1070 1073
f 1041 1040 1073
f 708 1074 1041
f 710 1074 708
f 708 1041 707
f 1074 1043 1041
f 1074 1075 1043
f 714 715 1076
f 710 1077 1074
f 1077 710 714
f 1076 1077 714
f 1074 1078 1075
f 1078 1074 1077
f 1052 711 1046
f 716 711 1052
f 1052 718 716
f 718 1079 717
f 747 1076 715
f 1052 1053 718
f 747 1080 1076
f 1081 1080 1082
f 1079 1083 717
f 1053 1079 718
f 1079 1084 1083
f 1079 1085 1084
f 1086 1079 1053
f 1086 1085 1079
f 1084 1085 1087
f 1088 721 722
f 728 721 1088
f 1088 722 724
f 763 724 723
f 1089 728 1088
f 1090 1088 724
f 1090 1089 1088
f 724 763 1091
f 1055 728 1089
f 1055 1089 1090
f 1092 1090 724
f 1092 724 1091
f 1055 1090 1093
f 1093 1090 1092
f 1094 1092 1091
f 1056 1055 1093
f 1056 1093 1095
f 1096 1097 731
f 1097 771 731
f 1096 1098 1097
f 1097 1099 771
f 1100 1099 1101
f 1099 1100 771
f 1101 1099 1097
f 1102 1100 1101
f 1103 1102 1101
f 1098 1104 1105
f 1104 1098 1067
f 1068 1104 1067
f 1105 1106 1098
f 1106 1101 1097
f 1106 1097 1098
f 1106 1103 1101
f 1107 1103 1106
f 1105 1108 1106
f 1108 1107 1106
f 1063 692 691
f 1063 733 692
f 1096 731 733
f 733 1109 1096
f 1064 1109 1063
f 1063 1109 733
f 1067 1098 1109
f 1109 1098 1096
f 1067 1109 1064
f 747 746 1110
f 1110 746 748
f 775 1111 748
f 1110 748 1112
f 1110 1112 1082
f 1112 748 1111
f 1080 1110 1082
f 1080 747 1110
f 750 1083 751
f 1083 750 717
f 1111 1113 1112
f 751 1083 753
f 1083 1084 1114
f 1112 1113 1115
f 1114 1084 1087
f 1112 1115 1082
f 1114 753 1083
f 1116 1117 753
f 753 1114 1116
f 1118 1117 1116
f 1119 1120 1121
f 1122 1123 1119
f 1122 1119 1121
f 1124 1123 1122
f 1125 1123 1124
f 1124 1122 1126
f 1127 763 760
f 1127 760 761
f 761 762 1120
f 1128 773 1129
f 1129 773 772
f 1130 763 1127
f 1131 1132 1129
f 1119 1127 761
f 1132 1128 1129
f 1119 761 1120
f 1091 763 1130
f 1102 1131 1133
f 1130 1127 1123
f 1123 1127 1119
f 1091 1130 1125
f 1131 1134 1132
f 1094 1091 1125
f 1102 1135 1131
f 1103 1135 1102
f 1125 1130 1123
f 1131 1135 1134
f 1136 1132 1134
f 1135 1137 1134
f 1138 1134 1137
f 1138 1136 1134
f 1139 1140 1136
f 1135 1103 1141
f 1141 1137 1135
f 1139 1136 1138
f 771 1133 770
f 1133 1129 772
f 770 1133 772
f 1100 1133 771
f 1133 1131 1129
f 1102 1133 1100
f 752 1142 779
f 775 777 1111
f 782 779 1142
f 1111 777 1143
f 1113 1111 1143
f 753 1144 752
f 807 1145 777
f 777 1145 1143
f 1145 1146 1143
f 1146 1145 1147
f 1148 1113 1149
f 1149 1143 1146
f 1113 1143 1149
f 752 1144 1142
f 782 1142 1150
f 782 1150 1151
f 1150 1152 1151
f 1144 753 1117
f 1144 1153 1142
f 1142 1153 1150
f 1153 1154 1150
f 1154 1152 1150
f 1117 1153 1144
f 1153 1117 1155
f 1153 1155 1154
f 1155 1156 1154
f 1117 1118 1155
f 1118 1157 1155
f 1156 1158 1152
f 1154 1156 1152
f 1157 1159 1155
f 1156 1155 1159
f 1156 1159 1160
f 1161 1121 1120
f 1161 1162 1121
f 1163 1162 1161
f 1164 1162 1163
f 1165 1121 1162
f 1126 1122 1121
f 1126 1121 1165
f 1166 1164 1167
f 1165 1162 1164
f 1168 1165 1164
f 773 1128 795
f 1120 762 789
f 1128 796 795
f 1169 792 796
f 1161 789 793
f 1163 793 797
f 1120 789 1161
f 1161 793 1163
f 1169 796 1170
f 1171 1169 1170
f 1169 1171 792
f 796 1172 1173
f 1170 796 1173
f 1172 1132 1136
f 1132 1172 1128
f 1128 1172 796
f 1174 1170 1173
f 1140 1172 1136
f 1140 1173 1172
f 1175 1174 1173
f 1140 1176 1173
f 1177 1175 1173
f 1177 1173 1176
f 1178 1140 1139
f 1178 1176 1140
f 1178 1179 1176
f 1179 1177 1176
f 805 806 1180
f 802 1181 807
f 1182 807 1181
f 807 1183 1145
f 1183 807 1182
f 1147 1145 1183
f 1147 1183 1184
f 782 1151 780
f 780 1151 806
f 806 1151 1180
f 1180 1185 805
f 1186 1180 1151
f 1152 1186 1151
f 1186 1152 1158
f 1187 1180 1186
f 1186 1188 1187
f 1188 1186 1158
f 1164 1163 1167
f 1166 1167 1189
f 1190 1166 1191
f 792 1171 815
f 797 814 1192
f 797 1192 1163
f 820 815 1193
f 1194 817 816
f 1174 1171 1170
f 815 1171 1174
f 1167 1163 1192
f 815 1174 1193
f 1192 814 817
f 817 1194 1195
f 1193 1196 823
f 1175 1197 1174
f 1197 1193 1174
f 1192 817 1198
f 1198 817 1195
f 1197 1196 1193
f 1198 1167 1192
f 1196 1197 1199
f 1167 1198 1189
f 1198 1200 1189
f 1198 1195 1200
f 1201 1189 1200
f 1202 1175 1177
f 1175 1202 1197
f 1197 1202 1203
f 1197 1203 1199
f 820 1193 823
f 828 805 1185
f 1204 828 1185
f 831 828 1204
f 830 1181 802
f 830 1205 1181
f 1205 1206 1181
f 1181 1207 1182
f 1206 1207 1181
f 1207 1206 1208
f 1187 1185 1180
f 1204 1185 1187
f 1209 831 1204
f 1204 1187 1210
f 1209 1204 1210
f 1211 1187 1188
f 1210 1187 1211
f 816 835 1194
f 835 838 1194
f 837 1212 836
f 1213 1195 1194
f 1213 1194 838
f 838 1214 1213
f 1214 838 836
f 1195 1213 1215
f 1214 836 1216
f 836 1212 1216
f 1200 1195 1215
f 1216 1217 1214
f 1200 1215 1201
f 1215 1213 1217
f 1213 1214 1217
f 1217 1216 1218
f 1215 1219 1201
f 1217 1219 1215
f 1219 1217 1218
f 1216 1220 1218
f 1216 1221 1220
f 823 847 843
f 846 1222 844
f 1196 847 823
f 846 1223 1222
f 1199 847 1196
f 847 1223 846
f 847 1224 1223
f 1199 1224 847
f 1225 1222 1223
f 1226 1224 1199
f 1223 1224 1227
f 1223 1227 1225
f 1226 1199 1228
f 1226 1227 1224
f 1229 1227 1226
f 1227 1229 1230
f 1225 1227 1230
f 1228 1231 1226
f 854 830 827
f 1232 860 831
f 860 1232 861
f 854 855 1233
f 861 902 859
f 854 1233 830
f 1234 861 1232
f 855 1235 1233
f 861 1234 902
f 1233 1205 830
f 1233 1236 1205
f 1235 1236 1233
f 1236 1206 1205
f 1237 1236 1235
f 1206 1236 1238
f 1232 831 1209
f 1209 1234 1232
f 1209 1239 1234
f 1210 1240 1209
f 1240 1239 1209
f 1240 1210 1241
f 837 1242 1212
f 1212 1242 1221
f 1216 1212 1221
f 1243 1244 1221
f 1220 1221 1244
f 871 844 1222
f 1242 837 870
f 870 1245 1242
f 870 868 1245
f 1246 1245 868
f 1247 871 1222
f 1245 1248 1242
f 1245 1249 1248
f 1249 1245 1246
f 1250 1249 1246
f 1225 1247 1222
f 1248 1221 1242
f 1243 1221 1248
f 1247 1225 1230
f 1251 1252 1247
f 1243 1248 1249
f 1250 1243 1249
f 1251 1247 1230
f 1253 1252 1251
f 1254 1244 1243
f 1254 1243 1250
f 881 872 880
f 1247 880 871
f 1252 880 1247
f 1252 1255 880
f 880 1255 881
f 1255 882 881
f 1256 882 1255
f 1257 1256 1255
f 1257 1255 1252
f 1257 1258 1256
f 1253 1257 1252
f 1259 1258 1257
f 1253 1260 1257
f 896 897 1261
f 897 1262 1261
f 898 1262 897
f 961 1262 898
f 855 896 1261
f 902 1263 900
f 900 1264 904
f 1261 1235 855
f 1263 1264 900
f 904 1264 905
f 1264 1265 905
f 1263 1266 1264
f 1266 1265 1264
f 1261 1267 1235
f 1234 1263 902
f 1262 1267 1261
f 1266 1268 1265
f 1267 1269 1235
f 1270 1267 1262
f 1262 1271 1270
f 1269 1237 1235
f 1272 1266 1263
f 1268 1266 1272
f 1269 1267 1273
f 1270 1273 1267
f 1273 1270 1274
f 1268 1272 1275
f 1239 1276 1234
f 1263 1234 1276
f 1272 1263 1276
f 1239 1277 1276
f 1278 1272 1276
f 1275 1272 1278
f 1246 868 869
f 908 1246 869
f 1250 1246 908
f 1250 1279 1280
f 908 1279 1250
f 1281 1279 908
f 1282 1280 1279
f 1282 1279 1281
f 1280 1282 1283
f 908 915 1281
f 1284 918 916
f 918 913 916
f 916 917 1285
f 1256 1286 882
f 1287 1286 1256
f 1281 915 918
f 918 1284 1281
f 1284 916 1285
f 1284 1282 1281
f 1258 1287 1256
f 1288 1287 1258
f 1282 1284 1289
f 1285 1289 1284
f 1285 1290 1289
f 1259 1288 1258
f 1283 1282 1289
f 1289 1291 1283
f 1291 1289 1290
f 1286 925 882
f 925 1286 1292
f 1292 923 925
f 923 1292 928
f 928 935 926
f 917 967 1285
f 1292 1286 1287
f 967 1293 1285
f 1287 1288 1292
f 1288 1294 1292
f 928 1292 1294
f 1290 1285 1293
f 1288 1295 1294
f 1294 1295 1296
f 1259 1295 1288
f 936 1297 934
f 1297 937 934
f 1294 1296 928
f 935 928 1296
f 935 1298 936
f 1298 935 1296
f 1295 1299 1296
f 937 1297 945
f 945 1300 946
f 945 1301 1300
f 1297 936 1302
f 1297 1302 945
f 1302 1301 945
f 936 1298 1302
f 1303 1300 1301
f 1303 1304 1300
f 1302 1305 1301
f 1303 1301 1305
f 1306 1303 1305
f 1298 1305 1302
f 1298 1299 1305
f 1299 1306 1305
f 1306 1307 1303
f 1298 1296 1299
f 946 1308 951
f 1308 953 951
f 951 953 944
f 1300 1308 946
f 1308 1309 953
f 1304 1308 1300
f 953 1310 952
f 952 1310 1311
f 1304 1309 1308
f 953 1309 1310
f 1310 1312 1311
f 1309 1313 1310
f 1313 1312 1310
f 1303 1307 1304
f 1307 1313 1304
f 1304 1313 1309
f 1313 1314 1312
f 1307 1314 1313
f 961 898 894
f 950 961 949
f 952 1315 950
f 1316 962 960
f 1315 961 950
f 952 1311 1315
f 961 1271 1262
f 961 1315 1317
f 961 1317 1271
f 1315 1311 1317
f 1311 1318 1317
f 1311 1312 1318
f 1271 1317 1319
f 1319 1317 1318
f 905 963 903
f 1320 963 905
f 1316 960 963
f 1320 905 1265
f 1320 1321 963
f 1316 963 1321
f 1322 962 1316
f 1323 1265 1268
f 1323 1320 1265
f 1316 1321 1322
f 1323 1268 1324
f 1320 1323 1321
f 1321 1325 1322
f 1270 1271 1274
f 1275 1324 1268
f 1326 1321 1323
f 1326 1323 1324
f 1326 1325 1321
f 1293 967 968
f 1293 968 1327
f 1293 1327 1290
f 1290 1327 1328
f 968 966 1329
f 1329 966 970
f 970 972 1329
f 1329 972 1330
f 1331 1329 1330
f 1329 1331 968
f 1331 1327 968
f 1331 1330 1332
f 1331 1332 1328
f 1328 1327 1331
f 980 982 1333
f 1333 982 1334
f 1334 982 979
f 1330 972 981
f 981 980 1333
f 981 1333 1330
f 1333 1334 1335
f 1332 1330 1333
f 1335 1334 1336
f 1332 1333 1335
f 1332 1335 1337
f 979 993 1334
f 992 990 1338
f 990 991 1338
f 993 992 1339
f 1334 993 1339
f 1338 1339 992
f 1334 1339 1336
f 1338 1340 1339
f 1339 1340 1336
f 1341 1336 1342
f 1336 1340 1342
f 1336 1341 1335
f 1342 1340 1343
f 1337 1335 1341
f 991 997 1338
f 1338 997 1344
f 959 962 1345
f 996 1345 997
f 996 959 1345
f 1345 1344 997
f 1346 1345 962
f 1344 1345 1347
f 1340 1338 1344
f 1345 1346 1347
f 1343 1340 1344
f 1346 1348 1349
f 1343 1344 1347
f 1322 1346 962
f 1346 1322 1348
f 1350 1351 1352
f 1000 1036 1006
f 1353 1036 1037
f 1006 1036 1353
f 1353 1354 1006
f 1354 1353 1355
f 1356 1352 1037
f 1037 1352 1357
f 1353 1037 1357
f 1357 1355 1353
f 1355 1357 1358
f 1357 1352 1351
f 1003 1007 1012
f 1005 1003 1012
f 1359 1012 1007
f 1006 1354 1007
f 1007 1354 1359
f 1360 1012 1359
f 1359 1354 1355
f 1360 1361 1012
f 1012 1361 1362
f 1355 1363 1359
f 1363 1360 1359
f 1355 1364 1363
f 1365 1009 1008
f 1013 1365 1008
f 1012 1362 1013
f 1365 1013 1362
f 1366 1367 1365
f 1362 1366 1365
f 1361 1368 1362
f 1368 1366 1362
f 1049 1009 1367
f 1009 1365 1367
f 1369 1049 1367
f 1050 1049 1369
f 1370 1369 1367
f 1370 1367 1366
f 1371 1369 1370
f 1372 1373 1374
f 1373 1372 1369
f 1375 1014 1017
f 1375 1017 1376
f 1377 1375 1376
f 1378 1379 1376
f 1037 1024 1380
f 1380 1024 1025
f 1025 1026 1380
f 1375 1026 1014
f 1037 1380 1356
f 1380 1026 1381
f 1381 1356 1380
f 1069 1382 1383
f 1026 1375 1384
f 1384 1381 1026
f 1383 1382 1385
f 1384 1375 1377
f 1385 1386 1383
f 1356 1387 1352
f 1381 1388 1387
f 1387 1356 1381
f 1384 1377 1388
f 1388 1381 1384
f 1352 1387 1350
f 1389 1390 1388
f 1388 1390 1387
f 1350 1387 1390
f 1388 1377 1389
f 1391 1392 1386
f 1391 1386 1385
f 1037 1036 1032
f 1035 1034 1393
f 1035 1393 1072
f 1393 1394 1072
f 1072 1382 1069
f 1394 1382 1072
f 1395 1394 1393
f 1394 1385 1382
f 1395 1396 1394
f 1397 1385 1394
f 1396 1395 1398
f 1396 1399 1394
f 1399 1397 1394
f 1391 1385 1397
f 1396 1400 1399
f 1400 1396 1398
f 1040 1042 1401
f 1401 1034 1040
f 1393 1402 1395
f 1034 1402 1393
f 1401 1402 1034
f 1401 1403 1402
f 1395 1402 1404
f 1401 1405 1403
f 1404 1402 1403
f 1404 1398 1395
f 1075 1406 1043
f 1405 1401 1042
f 1045 1405 1042
f 1406 1045 1043
f 1406 1407 1045
f 1408 1407 1406
f 1409 1045 1407
f 1409 1410 1405
f 1045 1409 1405
f 1408 1411 1407
f 1403 1405 1410
f 1412 1410 1409
f 1411 1412 1409
f 1407 1411 1409
f 1078 1413 1075
f 1369 1372 1050
f 1413 1406 1075
f 1078 1414 1413
f 1413 1415 1408
f 1413 1408 1406
f 1415 1413 1414
f 1416 1408 1415
f 1416 1411 1408
f 1414 1417 1415
f 1417 1416 1415
f 1046 1050 1372
f 1051 1046 1372
f 1414 1078 1418
f 1051 1372 1374
f 1419 1374 1420
f 1418 1421 1414
f 1053 1051 1422
f 1422 1423 1053
f 1419 1422 1051
f 1424 1423 1422
f 1425 1424 1422
f 1423 1424 1426
f 1419 1051 1374
f 1422 1419 1425
f 1425 1427 1424
f 1425 1419 1428
f 1056 1095 1429
f 1057 1056 1429
f 1430 1057 1429
f 1429 1431 1430
f 1430 1432 1378
f 1431 1433 1430
f 1433 1432 1430
f 1434 1432 1433
f 1378 1017 1060
f 1378 1060 1057
f 1376 1017 1378
f 1057 1430 1378
f 1435 1436 1437
f 1438 1437 1439
f 1435 1437 1438
f 1436 1440 1437
f 1439 1437 1441
f 1440 1441 1437
f 1379 1378 1432
f 1069 1442 1066
f 1069 1383 1442
f 1442 1068 1066
f 1068 1443 1104
f 1442 1443 1068
f 1444 1443 1442
f 1443 1435 1104
f 1383 1444 1442
f 1444 1436 1443
f 1436 1435 1443
f 1445 1436 1444
f 1445 1444 1383
f 1386 1445 1383
f 1392 1445 1386
f 1445 1392 1446
f 1436 1446 1440
f 1445 1446 1436
f 1077 1418 1078
f 1418 1077 1076
f 1080 1418 1076
f 1418 1080 1081
f 1086 1447 1085
f 1081 1082 1448
f 1423 1086 1053
f 1449 1085 1447
f 1449 1087 1085
f 1086 1423 1447
f 1426 1450 1423
f 1451 1448 1082
f 1081 1448 1452
f 1449 1453 1087
f 1453 1449 1454
f 1423 1450 1447
f 1447 1450 1449
f 1449 1450 1454
f 1454 1450 1455
f 1453 1454 1456
f 1450 1426 1455
f 1455 1456 1454
f 1457 1456 1455
f 1458 1093 1092
f 1458 1095 1093
f 1458 1092 1094
f 1107 1459 1460
f 1094 1461 1462
f 1462 1458 1094
f 1431 1429 1095
f 1463 1095 1458
f 1095 1463 1431
f 1464 1460 1459
f 1465 1463 1466
f 1463 1458 1466
f 1462 1466 1458
f 1466 1462 1467
f 1433 1431 1465
f 1465 1431 1463
f 1468 1465 1466
f 1469 1464 1459
f 1466 1467 1470
f 1468 1466 1470
f 1471 1464 1469
f 1472 1105 1104
f 1472 1108 1105
f 1435 1472 1104
f 1472 1473 1108
f 1108 1473 1107
f 1438 1472 1435
f 1438 1473 1472
f 1438 1474 1473
f 1474 1459 1473
f 1473 1459 1107
f 1439 1474 1438
f 1439 1475 1474
f 1441 1475 1439
f 1475 1459 1474
f 1469 1459 1475
f 1441 1476 1477
f 1475 1477 1469
f 1477 1475 1441
f 1115 1451 1082
f 1113 1148 1115
f 1149 1478 1148
f 1479 1148 1478
f 1451 1115 1479
f 1148 1479 1115
f 1478 1480 1479
f 1479 1481 1451
f 1114 1087 1453
f 1114 1482 1116
f 1482 1483 1116
f 1483 1157 1118
f 1116 1483 1118
f 1453 1482 1114
f 1482 1453 1456
f 1456 1484 1482
f 1482 1484 1483
f 1485 1483 1484
f 1486 1485 1484
f 1457 1484 1456
f 1457 1486 1484
f 1480 1478 1487
f 1479 1488 1481
f 1489 1486 1457
f 1488 1479 1480
f 1489 1490 1486
f 1488 1491 1481
f 1488 1490 1492
f 1492 1490 1489
f 1488 1480 1490
f 1490 1480 1487
f 1125 1461 1094
f 1493 1125 1124
f 1494 1124 1126
f 1461 1125 1493
f 1495 1461 1493
f 1495 1493 1124
f 1496 1497 1124
f 1124 1497 1495
f 1461 1495 1467
f 1467 1495 1498
f 1497 1498 1495
f 1499 1498 1497
f 1107 1141 1103
f 1500 1137 1141
f 1500 1501 1137
f 1501 1138 1137
f 1502 1139 1138
f 1139 1502 1503
f 1460 1141 1107
f 1500 1504 1501
f 1502 1138 1501
f 1462 1461 1467
f 1464 1500 1460
f 1500 1141 1460
f 1504 1502 1501
f 1464 1504 1500
f 1504 1505 1502
f 1505 1506 1502
f 1506 1503 1502
f 1505 1507 1506
f 1471 1504 1464
f 1471 1508 1504
f 1504 1508 1505
f 1508 1507 1505
f 1149 1509 1478
f 1146 1509 1149
f 1147 1510 1146
f 1510 1147 1184
f 1157 1511 1159
f 1511 1160 1159
f 1146 1510 1509
f 1483 1485 1157
f 1157 1485 1511
f 1511 1512 1160
f 1513 1511 1485
f 1513 1512 1511
f 1486 1513 1485
f 1510 1184 1514
f 1478 1509 1487
f 1513 1490 1487
f 1486 1490 1513
f 1509 1510 1514
f 1487 1509 1514
f 1487 1514 1513
f 1494 1126 1165
f 1190 1168 1164
f 1166 1190 1164
f 1515 1494 1165
f 1515 1165 1168
f 1516 1168 1190
f 1496 1124 1494
f 1496 1494 1515
f 1517 1496 1515
f 1497 1496 1517
f 1518 1517 1515
f 1519 1515 1168
f 1519 1168 1516
f 1518 1515 1519
f 1520 1519 1516
f 1521 1518 1519
f 1521 1519 1520
f 1522 1497 1517
f 1522 1517 1523
f 1523 1517 1518
f 1503 1178 1139
f 1524 1177 1179
f 1503 1525 1178
f 1525 1524 1179
f 1525 1179 1178
f 1526 1525 1503
f 1526 1527 1525
f 1525 1527 1524
f 1506 1526 1503
f 1527 1528 1524
f 1528 1529 1524
f 1507 1526 1506
f 1530 1527 1526
f 1530 1531 1527
f 1531 1528 1527
f 1528 1532 1529
f 1526 1507 1530
f 1531 1532 1528
f 1529 1532 1533
f 1507 1534 1530
f 1534 1531 1530
f 1535 1533 1532
f 1532 1531 1535
f 1156 1160 1158
f 1182 1207 1536
f 1512 1158 1160
f 1512 1537 1158
f 1537 1188 1158
f 1536 1183 1182
f 1184 1183 1536
f 1512 1538 1537
f 1536 1208 1539
f 1207 1208 1536
f 1539 1184 1536
f 1513 1538 1512
f 1513 1540 1538
f 1539 1540 1513
f 1514 1539 1513
f 1208 1541 1539
f 1539 1541 1540
f 1184 1539 1514
f 1189 1191 1166
f 1190 1191 1516
f 1201 1542 1189
f 1191 1189 1542
f 1542 1201 1543
f 1544 1516 1191
f 1544 1191 1542
f 1520 1516 1544
f 1542 1543 1544
f 1545 1520 1544
f 1545 1544 1546
f 1547 1520 1545
f 1543 1546 1544
f 1548 1199 1203
f 1524 1549 1177
f 1549 1202 1177
f 1550 1203 1202
f 1203 1550 1548
f 1529 1549 1524
f 1202 1549 1550
f 1550 1549 1529
f 1548 1550 1551
f 1552 1550 1529
f 1550 1552 1551
f 1533 1552 1529
f 1208 1206 1238
f 1238 1553 1208
f 1211 1188 1537
f 1211 1554 1241
f 1241 1210 1211
f 1537 1554 1211
f 1554 1555 1241
f 1538 1554 1537
f 1538 1556 1554
f 1556 1555 1554
f 1540 1557 1538
f 1557 1556 1538
f 1541 1557 1540
f 1208 1553 1541
f 1557 1541 1553
f 1558 1543 1559
f 1199 1548 1228
f 1228 1548 1560
f 1201 1219 1543
f 1560 1548 1551
f 1218 1561 1219
f 1562 1560 1551
f 1219 1561 1559
f 1561 1218 1220
f 1219 1559 1543
f 1558 1559 1563
f 1226 1231 1229
f 1228 1560 1231
f 1229 1231 1564
f 1565 1230 1229
f 1231 1560 1564
f 1564 1565 1229
f 1566 1565 1564
f 1562 1564 1560
f 1562 1567 1564
f 1566 1564 1567
f 1568 1569 1566
f 1569 1568 1260
f 1570 1566 1567
f 1566 1570 1568
f 1571 1238 1236
f 1237 1571 1236
f 1555 1240 1241
f 1572 1240 1555
f 1572 1239 1240
f 1571 1553 1238
f 1556 1572 1555
f 1556 1573 1572
f 1557 1574 1556
f 1574 1573 1556
f 1237 1575 1571
f 1571 1575 1576
f 1577 1553 1571
f 1553 1577 1557
f 1557 1577 1574
f 1576 1577 1571
f 1577 1576 1574
f 1576 1575 1578
f 1574 1576 1578
f 1578 1575 1237
f 1579 1578 1237
f 1580 1220 1244
f 1580 1581 1220
f 1580 1582 1581
f 1583 1582 1580
f 1561 1220 1581
f 1565 1251 1230
f 1251 1565 1569
f 1251 1569 1253
f 1250 1280 1254
f 1253 1569 1260
f 1565 1566 1569
f 1254 1580 1244
f 1280 1580 1254
f 1280 1583 1580
f 1283 1583 1280
f 1584 1260 1585
f 1586 1283 1291
f 1584 1257 1260
f 1584 1259 1257
f 1587 1259 1584
f 1587 1295 1259
f 1237 1269 1579
f 1273 1579 1269
f 1579 1273 1588
f 1273 1274 1589
f 1578 1579 1590
f 1588 1590 1579
f 1273 1589 1588
f 1591 1588 1589
f 1578 1590 1592
f 1588 1593 1590
f 1588 1591 1593
f 1593 1591 1594
f 1277 1278 1276
f 1572 1277 1239
f 1278 1595 1275
f 1573 1277 1572
f 1573 1596 1277
f 1596 1278 1277
f 1595 1278 1596
f 1573 1597 1596
f 1597 1595 1596
f 1574 1597 1573
f 1578 1592 1574
f 1592 1590 1598
f 1592 1598 1574
f 1590 1593 1598
f 1574 1598 1597
f 1598 1593 1599
f 1597 1598 1599
f 1600 1291 1290
f 1601 1600 1290
f 1601 1290 1328
f 1602 1295 1603
f 1604 1299 1295
f 1604 1295 1602
f 1299 1605 1306
f 1306 1605 1307
f 1606 1605 1299
f 1605 1607 1307
f 1307 1607 1314
f 1604 1606 1299
f 1605 1606 1607
f 1608 1606 1604
f 1312 1609 1318
f 1319 1318 1610
f 1318 1609 1610
f 1314 1609 1312
f 1610 1609 1611
f 1314 1612 1609
f 1612 1611 1609
f 1610 1613 1319
f 1610 1611 1613
f 1607 1612 1314
f 1606 1614 1607
f 1614 1612 1607
f 1271 1615 1274
f 1616 1324 1275
f 1617 1326 1324
f 1325 1326 1617
f 1618 1348 1322
f 1325 1618 1322
f 1617 1324 1616
f 1271 1319 1615
f 1619 1325 1617
f 1620 1619 1617
f 1619 1618 1325
f 1621 1274 1615
f 1621 1589 1274
f 1622 1619 1620
f 1619 1623 1624
f 1622 1623 1619
f 1624 1618 1619
f 1625 1589 1621
f 1589 1625 1591
f 1621 1615 1626
f 1625 1621 1626
f 1319 1613 1627
f 1627 1615 1319
f 1626 1615 1627
f 1628 1622 1620
f 1622 1628 1629
f 1629 1628 1630
f 1622 1629 1623
f 1631 1624 1623
f 1626 1627 1632
f 1626 1632 1625
f 1633 1634 1630
f 1634 1629 1630
f 1634 1623 1629
f 1625 1594 1591
f 1599 1594 1625
f 1631 1623 1635
f 1635 1623 1634
f 1616 1275 1595
f 1620 1617 1616
f 1616 1595 1636
f 1636 1595 1597
f 1616 1636 1628
f 1620 1616 1628
f 1597 1599 1636
f 1599 1630 1636
f 1630 1628 1636
f 1633 1630 1599
f 1593 1594 1599
f 1337 1328 1332
f 1601 1328 1637
f 1637 1328 1337
f 1337 1341 1638
f 1341 1342 1638
f 1337 1638 1639
f 1637 1337 1639
f 1349 1347 1346
f 1347 1349 1640
f 1347 1640 1343
f 1343 1638 1342
f 1343 1641 1638
f 1641 1343 1640
f 1641 1640 1642
f 1639 1638 1643
f 1643 1638 1641
f 1639 1643 1644
f 1644 1643 1642
f 1643 1641 1642
f 1645 1642 1646
f 1647 1348 1618
f 1647 1618 1624
f 1348 1647 1648
f 1349 1348 1648
f 1647 1631 1649
f 1624 1631 1647
f 1647 1649 1648
f 1640 1648 1646
f 1640 1349 1648
f 1640 1646 1642
f 1648 1649 1650
f 1635 1649 1631
f 1646 1648 1650
f 1651 1351 1350
f 1350 1652 1651
f 1358 1364 1355
f 1357 1351 1358
f 1653 1364 1358
f 1351 1651 1653
f 1653 1358 1351
f 1363 1654 1360
f 1360 1654 1361
f 1655 1654 1363
f 1364 1655 1363
f 1656 1657 1658
f 1659 1660 1655
f 1655 1660 1654
f 1659 1661 1660
f 1364 1659 1655
f 1662 1663 1658
f 1661 1659 1664
f 1665 1663 1666
f 1361 1667 1368
f 1361 1654 1667
f 1668 1412 1669
f 1670 1658 1657
f 1670 1412 1671
f 1671 1412 1668
f 1654 1660 1667
f 1658 1670 1671
f 1661 1672 1660
f 1660 1672 1667
f 1368 1667 1673
f 1658 1671 1662
f 1669 1674 1668
f 1667 1672 1673
f 1671 1668 1675
f 1675 1668 1674
f 1672 1676 1673
f 1662 1671 1677
f 1677 1675 1678
f 1675 1674 1679
f 1671 1675 1677
f 1680 1366 1368
f 1370 1366 1680
f 1681 1371 1370
f 1673 1680 1368
f 1681 1370 1680
f 1669 1682 1674
f 1683 1680 1673
f 1683 1681 1680
f 1676 1683 1673
f 1674 1682 1684
f 1371 1373 1369
f 1371 1685 1373
f 1420 1374 1373
f 1681 1686 1371
f 1685 1371 1686
f 1687 1420 1373
f 1688 1373 1685
f 1687 1373 1688
f 1689 1687 1688
f 1686 1690 1685
f 1690 1688 1685
f 1689 1688 1690
f 1684 1682 1691
f 1681 1692 1686
f 1693 1689 1690
f 1694 1687 1689
f 1694 1695 1687
f 1695 1694 1696
f 1376 1379 1377
f 1377 1379 1697
f 1379 1698 1697
f 1379 1434 1698
f 1698 1699 1697
f 1697 1699 1700
f 1392 1701 1702
f 1701 1392 1391
f 1703 1350 1390
f 1390 1389 1703
f 1389 1377 1704
f 1703 1389 1704
f 1701 1705 1702
f 1703 1706 1350
f 1706 1703 1704
f 1377 1697 1704
f 1705 1701 1707
f 1702 1705 1708
f 1350 1706 1652
f 1704 1697 1709
f 1709 1706 1704
f 1705 1710 1708
f 1697 1700 1709
f 1708 1710 1711
f 1706 1709 1652
f 1399 1712 1397
f 1712 1713 1707
f 1712 1707 1391
f 1712 1391 1397
f 1707 1701 1391
f 1713 1712 1399
f 1400 1713 1399
f 1714 1713 1400
f 1705 1707 1713
f 1715 1714 1400
f 1716 1713 1714
f 1713 1716 1705
f 1710 1705 1716
f 1403 1657 1656
f 1403 1656 1404
f 1398 1404 1656
f 1398 1656 1658
f 1398 1663 1715
f 1398 1658 1663
f 1715 1400 1398
f 1715 1663 1665
f 1403 1410 1657
f 1657 1410 1670
f 1670 1410 1412
f 1669 1412 1411
f 1416 1669 1411
f 1416 1682 1669
f 1417 1682 1416
f 1717 1418 1081
f 1414 1421 1417
f 1717 1421 1418
f 1718 1691 1417
f 1718 1417 1421
f 1691 1682 1417
f 1719 1691 1718
f 1719 1684 1691
f 1720 1719 1718
f 1720 1718 1421
f 1428 1419 1420
f 1427 1425 1428
f 1687 1428 1420
f 1424 1721 1426
f 1424 1427 1721
f 1081 1452 1717
f 1695 1427 1428
f 1427 1695 1722
f 1722 1721 1427
f 1723 1721 1722
f 1695 1428 1687
f 1695 1696 1722
f 1724 1723 1722
f 1725 1717 1726
f 1727 1722 1696
f 1722 1727 1724
f 1717 1728 1729
f 1728 1717 1725
f 1730 1731 1726
f 1729 1421 1717
f 1724 1727 1732
f 1732 1731 1724
f 1733 1426 1721
f 1733 1721 1723
f 1723 1457 1733
f 1723 1724 1731
f 1734 1434 1433
f 1734 1433 1735
f 1736 1434 1734
f 1737 1441 1440
f 1737 1476 1441
f 1434 1379 1432
f 1434 1738 1698
f 1736 1738 1434
f 1739 1476 1737
f 1740 1739 1737
f 1698 1738 1741
f 1446 1708 1440
f 1702 1446 1392
f 1446 1702 1708
f 1440 1708 1737
f 1708 1740 1737
f 1451 1742 1448
f 1452 1726 1717
f 1452 1448 1742
f 1452 1742 1743
f 1744 1452 1743
f 1726 1452 1730
f 1730 1452 1744
f 1455 1426 1733
f 1455 1733 1457
f 1489 1457 1745
f 1451 1746 1742
f 1747 1489 1745
f 1747 1745 1748
f 1748 1742 1746
f 1746 1749 1747
f 1746 1747 1748
f 1723 1731 1457
f 1731 1745 1457
f 1750 1751 1745
f 1748 1751 1742
f 1751 1748 1745
f 1744 1731 1730
f 1744 1750 1731
f 1731 1750 1745
f 1743 1750 1744
f 1751 1750 1743
f 1742 1751 1743
f 1735 1433 1465
f 1752 1471 1469
f 1465 1468 1735
f 1753 1734 1735
f 1754 1735 1468
f 1735 1754 1753
f 1468 1470 1754
f 1734 1753 1736
f 1754 1470 1755
f 1756 1753 1754
f 1755 1756 1754
f 1757 1736 1753
f 1756 1757 1753
f 1758 1469 1477
f 1752 1469 1758
f 1758 1477 1759
f 1760 1752 1758
f 1759 1477 1476
f 1761 1758 1759
f 1759 1739 1761
f 1739 1759 1476
f 1760 1758 1761
f 1762 1752 1760
f 1763 1760 1761
f 1760 1764 1762
f 1763 1764 1760
f 1451 1481 1746
f 1488 1492 1491
f 1746 1481 1749
f 1481 1491 1749
f 1747 1749 1489
f 1491 1492 1749
f 1749 1492 1489
f 1498 1470 1467
f 1499 1497 1522
f 1765 1470 1498
f 1766 1498 1499
f 1498 1766 1765
f 1767 1766 1499
f 1768 1765 1766
f 1768 1766 1767
f 1769 1765 1768
f 1770 1768 1767
f 1771 1508 1471
f 1772 1534 1508
f 1471 1752 1762
f 1771 1471 1762
f 1755 1470 1765
f 1771 1772 1508
f 1765 1769 1755
f 1773 1771 1762
f 1764 1773 1762
f 1773 1774 1771
f 1772 1771 1774
f 1775 1755 1769
f 1776 1522 1523
f 1523 1518 1521
f 1547 1521 1520
f 1767 1522 1776
f 1523 1521 1547
f 1767 1499 1522
f 1777 1776 1523
f 1777 1523 1547
f 1770 1767 1776
f 1778 1777 1547
f 1779 1777 1778
f 1779 1776 1777
f 1508 1534 1507
f 1534 1780 1531
f 1535 1531 1780
f 1772 1781 1534
f 1781 1780 1534
f 1781 1782 1780
f 1780 1783 1535
f 1782 1783 1780
f 1783 1784 1535
f 1783 1785 1784
f 1786 1782 1781
f 1786 1787 1782
f 1787 1783 1782
f 1783 1787 1785
f 1786 1781 1772
f 1788 1545 1546
f 1558 1546 1543
f 1789 1547 1545
f 1790 1788 1546
f 1558 1791 1790
f 1558 1790 1546
f 1789 1545 1788
f 1792 1789 1788
f 1778 1547 1789
f 1789 1793 1778
f 1793 1789 1792
f 1792 1788 1790
f 1793 1792 1794
f 1795 1790 1791
f 1794 1792 1790
f 1796 1794 1795
f 1790 1795 1794
f 1797 1779 1798
f 1798 1779 1778
f 1798 1778 1793
f 1799 1793 1794
f 1799 1794 1796
f 1800 1552 1533
f 1551 1552 1800
f 1784 1533 1535
f 1800 1533 1784
f 1800 1801 1551
f 1800 1784 1802
f 1802 1801 1800
f 1784 1785 1802
f 1801 1802 1803
f 1804 1801 1805
f 1806 1802 1785
f 1806 1803 1802
f 1805 1801 1803
f 1791 1807 1795
f 1563 1791 1558
f 1563 1559 1561
f 1563 1808 1791
f 1561 1808 1563
f 1808 1561 1581
f 1809 1808 1581
f 1809 1581 1582
f 1567 1551 1804
f 1551 1801 1804
f 1810 1567 1804
f 1805 1810 1804
f 1811 1810 1805
f 1808 1809 1812
f 1808 1807 1791
f 1812 1813 1808
f 1814 1812 1809
f 1815 1814 1809
f 1814 1815 1816
f 1260 1568 1585
f 1551 1567 1562
f 1817 1570 1567
f 1568 1570 1818
f 1585 1568 1818
f 1570 1817 1819
f 1820 1585 1818
f 1817 1567 1810
f 1819 1818 1570
f 1810 1821 1817
f 1811 1821 1810
f 1817 1821 1819
f 1818 1819 1822
f 1821 1811 1823
f 1821 1822 1819
f 1820 1818 1822
f 1584 1585 1824
f 1824 1585 1820
f 1825 1587 1824
f 1815 1809 1582
f 1586 1583 1283
f 1582 1583 1586
f 1586 1815 1582
f 1816 1815 1586
f 1826 1586 1291
f 1587 1584 1824
f 1600 1827 1291
f 1295 1587 1603
f 1602 1608 1604
f 1612 1828 1611
f 1614 1828 1612
f 1829 1828 1614
f 1606 1829 1614
f 1830 1831 1606
f 1831 1829 1606
f 1830 1606 1608
f 1625 1632 1832
f 1625 1832 1599
f 1599 1832 1633
f 1633 1833 1635
f 1633 1635 1634
f 1613 1834 1627
f 1835 1633 1832
f 1613 1836 1834
f 1835 1837 1633
f 1828 1836 1611
f 1836 1613 1611
f 1837 1833 1633
f 1632 1627 1838
f 1632 1838 1835
f 1632 1835 1832
f 1834 1838 1627
f 1834 1835 1838
f 1835 1834 1837
f 1828 1829 1836
f 1836 1839 1834
f 1840 1837 1834
f 1839 1836 1829
f 1841 1839 1829
f 1839 1841 1840
f 1834 1839 1840
f 1829 1842 1841
f 1829 1831 1842
f 1843 1601 1637
f 1639 1644 1844
f 1645 1644 1642
f 1844 1637 1639
f 1645 1845 1644
f 1843 1637 1844
f 1844 1644 1845
f 1845 1645 1846
f 1844 1845 1847
f 1847 1845 1846
f 1843 1844 1847
f 1846 1848 1847
f 1833 1649 1635
f 1649 1833 1849
f 1849 1650 1649
f 1646 1850 1645
f 1850 1646 1650
f 1850 1846 1645
f 1837 1849 1833
f 1850 1650 1851
f 1851 1650 1849
f 1852 1851 1849
f 1851 1846 1850
f 1837 1840 1849
f 1840 1852 1849
f 1852 1853 1851
f 1854 1846 1851
f 1841 1842 1852
f 1841 1852 1840
f 1842 1853 1852
f 1854 1851 1853
f 1848 1846 1854
f 1855 1853 1842
f 1848 1854 1855
f 1855 1854 1853
f 1672 1661 1856
f 1676 1857 1683
f 1856 1676 1672
f 1858 1857 1676
f 1858 1676 1856
f 1858 1859 1857
f 1859 1860 1857
f 1857 1861 1683
f 1857 1862 1861
f 1862 1692 1861
f 1863 1692 1862
f 1863 1864 1692
f 1860 1862 1857
f 1865 1866 1867
f 1651 1868 1869
f 1653 1651 1869
f 1652 1868 1651
f 1868 1870 1869
f 1652 1865 1867
f 1652 1867 1868
f 1653 1871 1364
f 1871 1659 1364
f 1663 1662 1677
f 1664 1659 1871
f 1653 1869 1871
f 1869 1664 1871
f 1872 1665 1666
f 1872 1666 1873
f 1874 1665 1872
f 1872 1873 1875
f 1876 1877 1664
f 1869 1876 1664
f 1869 1870 1876
f 1878 1874 1872
f 1666 1663 1677
f 1661 1664 1856
f 1677 1879 1666
f 1879 1677 1678
f 1879 1678 1880
f 1873 1666 1879
f 1879 1880 1881
f 1875 1873 1879
f 1879 1881 1875
f 1675 1679 1882
f 1684 1679 1674
f 1675 1882 1678
f 1883 1679 1684
f 1884 1679 1883
f 1882 1679 1884
f 1882 1880 1678
f 1885 1686 1692
f 1885 1690 1686
f 1885 1693 1690
f 1861 1681 1683
f 1861 1692 1681
f 1886 1684 1719
f 1864 1693 1885
f 1684 1886 1883
f 1692 1864 1885
f 1887 1883 1886
f 1689 1888 1694
f 1888 1696 1694
f 1696 1888 1727
f 1889 1689 1693
f 1888 1689 1889
f 1890 1888 1889
f 1888 1890 1891
f 1891 1727 1888
f 1732 1727 1891
f 1891 1892 1732
f 1693 1893 1889
f 1889 1893 1890
f 1864 1894 1693
f 1893 1693 1894
f 1891 1890 1895
f 1895 1892 1891
f 1890 1893 1895
f 1896 1887 1886
f 1893 1894 1897
f 1897 1895 1893
f 1897 1892 1895
f 1898 1894 1864
f 1894 1899 1897
f 1897 1900 1892
f 1901 1896 1900
f 1892 1900 1896
f 1901 1887 1896
f 1741 1699 1698
f 1699 1902 1903
f 1902 1699 1741
f 1903 1902 1904
f 1905 1902 1741
f 1902 1906 1904
f 1906 1902 1905
f 1709 1700 1865
f 1865 1652 1709
f 1711 1710 1907
f 1700 1903 1908
f 1903 1700 1699
f 1865 1700 1866
f 1908 1909 1700
f 1908 1903 1904
f 1866 1700 1909
f 1908 1904 1910
f 1910 1904 1906
f 1714 1911 1716
f 1714 1715 1911
f 1874 1716 1911
f 1716 1912 1710
f 1716 1874 1912
f 1912 1913 1710
f 1710 1913 1907
f 1874 1914 1912
f 1912 1914 1913
f 1913 1914 1915
f 1911 1715 1665
f 1874 1911 1665
f 1914 1874 1878
f 1886 1719 1720
f 1720 1421 1729
f 1916 1729 1728
f 1732 1917 1731
f 1725 1917 1728
f 1917 1726 1731
f 1725 1726 1917
f 1916 1720 1729
f 1916 1918 1917
f 1916 1728 1918
f 1918 1728 1917
f 1732 1916 1917
f 1919 1732 1892
f 1916 1919 1920
f 1919 1916 1732
f 1919 1892 1920
f 1920 1886 1720
f 1920 1720 1916
f 1896 1886 1920
f 1896 1920 1892
f 1921 1738 1736
f 1740 1922 1923
f 1739 1740 1923
f 1921 1741 1738
f 1924 1921 1925
f 1741 1926 1905
f 1926 1741 1921
f 1924 1926 1921
f 1926 1927 1905
f 1927 1926 1924
f 1927 1906 1905
f 1711 1740 1708
f 1922 1740 1711
f 1922 1711 1907
f 1913 1928 1907
f 1929 1930 1922
f 1928 1922 1907
f 1921 1736 1757
f 1756 1775 1931
f 1775 1756 1755
f 1757 1925 1921
f 1931 1757 1756
f 1931 1925 1757
f 1923 1761 1739
f 1761 1923 1763
f 1932 1764 1763
f 1763 1923 1933
f 1933 1932 1763
f 1922 1930 1923
f 1923 1930 1933
f 1930 1934 1933
f 1935 1932 1933
f 1924 1925 1936
f 1935 1933 1934
f 1934 1930 1929
f 1937 1768 1770
f 1938 1937 1770
f 1932 1773 1764
f 1937 1775 1769
f 1937 1769 1768
f 1939 1786 1774
f 1786 1772 1774
f 1939 1773 1932
f 1939 1774 1773
f 1940 1775 1937
f 1938 1940 1937
f 1940 1931 1775
f 1941 1939 1932
f 1931 1942 1925
f 1940 1942 1931
f 1940 1938 1943
f 1940 1943 1944
f 1932 1935 1941
f 1770 1776 1779
f 1945 1770 1779
f 1945 1779 1797
f 1946 1797 1947
f 1948 1770 1945
f 1946 1945 1797
f 1938 1770 1948
f 1945 1949 1948
f 1946 1949 1945
f 1950 1938 1948
f 1950 1948 1949
f 1949 1946 1951
f 1952 1943 1950
f 1949 1952 1950
f 1806 1785 1787
f 1939 1953 1786
f 1953 1787 1786
f 1787 1954 1806
f 1806 1954 1955
f 1954 1787 1953
f 1956 1953 1939
f 1957 1953 1956
f 1957 1954 1953
f 1955 1954 1958
f 1957 1956 1959
f 1958 1954 1957
f 1955 1958 1960
f 1943 1938 1950
f 1961 1956 1939
f 1961 1959 1956
f 1958 1957 1959
f 1960 1958 1962
f 1961 1939 1941
f 1947 1797 1798
f 1947 1798 1799
f 1799 1798 1793
f 1963 1799 1796
f 1951 1946 1947
f 1963 1947 1799
f 1964 1951 1947
f 1963 1964 1947
f 1965 1805 1803
f 1796 1795 1807
f 1965 1811 1805
f 1966 1965 1803
f 1796 1967 1968
f 1807 1967 1796
f 1963 1796 1968
f 1806 1966 1803
f 1966 1969 1965
f 1963 1968 1964
f 1967 1970 1968
f 1951 1964 1971
f 1955 1966 1806
f 1966 1955 1960
f 1964 1968 1972
f 1972 1968 1970
f 1971 1964 1972
f 1970 1973 1972
f 1974 1951 1971
f 1965 1969 1811
f 1823 1811 1969
f 1975 1969 1966
f 1823 1969 1976
f 1966 1960 1975
f 1977 1969 1975
f 1976 1969 1977
f 1978 1975 1960
f 1977 1975 1978
f 1813 1807 1808
f 1812 1979 1813
f 1979 1812 1814
f 1813 1980 1967
f 1813 1967 1807
f 1979 1981 1813
f 1979 1814 1982
f 1814 1816 1982
f 1813 1981 1980
f 1980 1970 1967
f 1981 1973 1980
f 1980 1973 1970
f 1983 1979 1982
f 1981 1979 1983
f 1822 1821 1823
f 1825 1820 1822
f 1824 1820 1825
f 1823 1976 1822
f 1982 1816 1826
f 1825 1822 1976
f 1984 1982 1826
f 1984 1983 1982
f 1825 1976 1985
f 1986 1587 1825
f 1586 1826 1816
f 1826 1291 1827
f 1603 1587 1987
f 1601 1988 1600
f 1602 1603 1989
f 1990 1991 1992
f 1993 1992 1991
f 1602 1994 1608
f 1830 1995 1831
f 1831 1995 1842
f 1995 1830 1608
f 1995 1993 1842
f 1608 1993 1995
f 1996 1843 1997
f 1997 1843 1847
f 1997 1847 1998
f 1998 1847 1848
f 1996 1999 1843
f 1997 1998 2000
f 1996 1997 2000
f 1991 2000 1998
f 1996 1990 1999
f 1991 1990 1996
f 2000 1991 1996
f 1842 2001 1855
f 1998 1855 2001
f 1855 1998 1848
f 1993 1991 2001
f 1842 1993 2001
f 1991 1998 2001
f 1856 1664 1877
f 2002 1856 1877
f 2002 1858 1856
f 1877 2003 2004
f 2004 2002 1877
f 2004 2005 2002
f 2006 2005 2004
f 2004 2007 2006
f 2003 2007 2004
f 1858 2008 1859
f 2008 1858 2002
f 2008 2009 1859
f 2008 2002 2005
f 2005 2010 2008
f 2010 2009 2008
f 2010 2011 2009
f 1862 2012 1863
f 1864 1863 2013
f 2013 1863 2012
f 1860 2012 1862
f 2014 2013 2012
f 2013 2014 2015
f 2016 1859 2009
f 2016 1860 1859
f 2016 2012 1860
f 2015 2014 2017
f 2009 2018 2016
f 2018 2012 2016
f 2018 2014 2012
f 2019 2018 2009
f 2018 2020 2021
f 2021 2014 2018
f 2014 2021 2022
f 2022 2017 2014
f 2017 2022 2023
f 2011 2019 2009
f 2019 2020 2018
f 2011 2024 2019
f 2019 2024 2020
f 2025 2022 2021
f 2025 2021 2020
f 2022 2025 2023
f 1867 1866 2026
f 1867 2027 1868
f 1868 2027 1870
f 2027 1867 2026
f 2027 2026 2028
f 2026 2029 2028
f 1870 2030 2003
f 1876 1870 2003
f 2003 1877 1876
f 2031 1872 1875
f 2030 1870 2027
f 2032 1878 2031
f 1878 1872 2031
f 2027 2028 2030
f 2028 2033 2030
f 2034 2032 2035
f 2033 2028 2036
f 2037 1881 1880
f 2038 1875 1881
f 2031 1875 2038
f 2031 2038 2039
f 2038 1881 2037
f 2031 2039 2032
f 2038 2040 2039
f 2040 2038 2037
f 2039 2035 2032
f 2041 2003 2030
f 2039 2040 2035
f 1880 1882 2042
f 2043 1880 2042
f 2037 1880 2043
f 2013 1898 1864
f 1883 1887 2044
f 2015 1898 2013
f 1882 1884 2042
f 1883 2045 1884
f 2045 1883 2044
f 2023 2046 2017
f 2045 2047 1884
f 2046 2023 2048
f 2043 2042 2049
f 2042 1884 2047
f 2023 2047 2045
f 2048 2023 2045
f 1898 2050 1899
f 1899 1894 1898
f 2051 1897 1899
f 2052 2044 1887
f 2051 1900 1897
f 2052 1887 1901
f 2015 2050 1898
f 2051 1899 2053
f 2051 2052 1900
f 2052 1901 1900
f 2050 2054 1899
f 2054 2053 1899
f 2044 2052 2053
f 2053 2052 2051
f 2015 2017 2046
f 2050 2015 2046
f 2050 2046 2054
f 2053 2054 2045
f 2053 2045 2044
f 2046 2048 2054
f 2054 2048 2045
f 1866 1909 2055
f 2055 1909 2056
f 1909 1908 2056
f 2056 1908 1910
f 2057 1910 1906
f 2056 2058 2055
f 2059 2056 1910
f 2057 2059 1910
f 2059 2058 2056
f 2058 2059 2060
f 2061 2059 2057
f 2058 2060 2029
f 2059 2061 2060
f 1913 1915 2062
f 1913 2062 1928
f 2055 2026 1866
f 1915 2063 2062
f 2062 2064 1928
f 2055 2058 2026
f 2063 2064 2062
f 2064 2063 2065
f 2026 2058 2029
f 1915 2066 2063
f 2063 2067 2065
f 2063 2066 2067
f 1914 1878 2032
f 1914 2032 1915
f 2032 2068 1915
f 2034 2068 2032
f 2066 1915 2068
f 2068 2034 2066
f 1927 2069 2057
f 2057 1906 1927
f 2069 1927 1924
f 1924 1936 2069
f 2069 2070 2057
f 2070 2069 2071
f 2072 1922 1928
f 2073 1928 2064
f 1928 2073 2072
f 1929 1922 2072
f 2072 2073 2074
f 2074 2075 2072
f 2070 2061 2057
f 2073 2065 2074
f 2065 2076 2074
f 2070 2077 2061
f 2065 2073 2064
f 2078 1935 1934
f 1942 1936 1925
f 2079 1935 2078
f 2080 1936 1942
f 2071 2069 1936
f 2071 1936 2080
f 1929 2081 1934
f 2081 1929 2072
f 2081 2072 2075
f 2078 1934 2081
f 2081 2075 2078
f 2078 2075 2079
f 2074 2076 2075
f 1944 1942 1940
f 2082 1942 1944
f 2082 2080 1942
f 2083 2080 2082
f 2079 1941 1935
f 1952 2084 1943
f 1961 2085 1959
f 1974 1952 1949
f 2085 2086 1959
f 2086 1958 1959
f 2086 1962 1958
f 1944 1943 2084
f 1951 1974 1949
f 2084 2082 1944
f 1952 2087 2084
f 2087 1952 2088
f 1952 1974 2088
f 2084 2089 2082
f 2089 2084 2087
f 2089 2083 2082
f 2087 2090 2089
f 2091 2090 2087
f 2088 2091 2087
f 2091 2088 2092
f 2089 2090 2093
f 2093 2083 2089
f 1961 1941 2094
f 2094 2085 1961
f 1962 2086 2095
f 2085 2095 2086
f 2094 1941 2096
f 2085 2094 2097
f 2098 2085 2097
f 2098 2095 2085
f 2079 2096 1941
f 2097 2094 2096
f 2098 2099 2095
f 2100 1972 1973
f 2101 1974 1971
f 1972 2100 1971
f 1971 2102 2101
f 2102 1971 2100
f 1973 2103 2104
f 1973 2104 2100
f 2101 2088 1974
f 2100 2104 2102
f 2092 2088 2101
f 2102 2092 2101
f 2104 2105 2102
f 2102 2105 2092
f 2106 2104 2103
f 2107 1976 1977
f 1960 1962 1978
f 1977 1978 2108
f 1977 2108 2109
f 1977 2109 2107
f 2108 1978 1962
f 2107 2110 1985
f 2095 2099 1962
f 2108 1962 2099
f 2108 2099 2109
f 2111 2107 2109
f 1973 1981 2103
f 2112 2103 1981
f 2112 1981 1983
f 2103 2112 2113
f 2107 1985 1976
f 1826 1827 1984
f 2112 1983 1984
f 2114 1984 1827
f 2114 1827 1600
f 2115 2112 1984
f 2114 2115 1984
f 1986 1825 1985
f 1986 1985 2110
f 1986 2110 2116
f 2117 1587 1986
f 2117 1986 2116
f 1987 1587 2117
f 2118 1988 1601
f 2118 1601 1999
f 1999 1601 1843
f 1994 1602 1989
f 1994 1989 1608
f 1992 2119 1990
f 1993 2119 1992
f 2120 1990 2119
f 1990 2120 1999
f 2120 2121 1999
f 2120 2119 2121
f 2122 1993 1608
f 2122 2121 2119
f 2122 2119 1993
f 2003 2041 2007
f 2007 2041 2123
f 2005 2124 2010
f 2124 2011 2010
f 2006 2124 2005
f 2006 2125 2124
f 2125 2126 2124
f 2126 2011 2124
f 2127 2126 2125
f 2007 2125 2006
f 2126 2128 2011
f 2123 2129 2007
f 2129 2125 2007
f 2127 2130 2126
f 2130 2128 2126
f 2130 2131 2128
f 2132 2127 2125
f 2127 2133 2130
f 2125 2129 2132
f 2132 2134 2127
f 2127 2134 2133
f 2130 2133 2131
f 2129 2135 2132
f 2132 2135 2134
f 2020 2024 2136
f 2025 2020 2136
f 2136 2137 2025
f 2011 2138 2024
f 2138 2139 2024
f 2136 2024 2139
f 2139 2140 2136
f 2137 2136 2140
f 2128 2138 2011
f 2128 2141 2138
f 2141 2139 2138
f 2141 2142 2139
f 2139 2142 2140
f 2140 2142 2137
f 2131 2141 2128
f 2131 2142 2141
f 2030 2033 2041
f 2143 2036 2028
f 2033 2036 2041
f 2144 2145 2143
f 2041 2036 2123
f 2035 2040 2146
f 2035 2146 2147
f 2036 2143 2148
f 2129 2123 2149
f 2123 2036 2149
f 2036 2148 2149
f 2037 2043 2150
f 2151 2037 2150
f 2037 2151 2040
f 2129 2149 2135
f 2040 2151 2146
f 2042 2047 2049
f 2137 2023 2025
f 2049 2047 2152
f 2152 2047 2023
f 2150 2043 2049
f 2137 2153 2152
f 2152 2153 2049
f 2137 2152 2023
f 2150 2049 2153
f 2151 2150 2153
f 2154 2153 2137
f 2154 2151 2153
f 2029 2143 2028
f 2029 2144 2143
f 2060 2144 2029
f 2060 2077 2144
f 2147 2034 2035
f 2034 2147 2155
f 2034 2155 2156
f 2066 2034 2156
f 2067 2066 2156
f 2157 2156 2155
f 2067 2156 2157
f 2070 2158 2077
f 2061 2077 2060
f 2158 2159 2077
f 2077 2159 2160
f 2065 2067 2161
f 2076 2065 2161
f 2076 2161 2162
f 2161 2067 2163
f 2077 2160 2144
f 2164 2161 2163
f 2160 2165 2144
f 2164 2163 2166
f 2164 2166 2167
f 2168 2166 2169
f 2167 2166 2168
f 2067 2157 2163
f 2163 2157 2169
f 2166 2163 2169
f 2071 2158 2070
f 2158 2071 2170
f 2076 2171 2075
f 2079 2075 2171
f 2170 2159 2158
f 2171 2162 2172
f 2170 2173 2159
f 2171 2076 2162
f 2162 2161 2164
f 2164 2167 2162
f 2162 2167 2172
f 2080 2083 2174
f 2080 2175 2071
f 2174 2175 2080
f 2176 2175 2174
f 2175 2170 2071
f 2177 2173 2170
f 2175 2177 2170
f 2176 2177 2175
f 2178 2079 2171
f 2178 2179 2079
f 2172 2178 2171
f 2179 2178 2180
f 2178 2172 2181
f 2180 2178 2181
f 2181 2182 2180
f 2083 2093 2174
f 2091 2183 2090
f 2184 2174 2093
f 2090 2184 2093
f 2090 2183 2184
f 2185 2176 2174
f 2183 2186 2184
f 2185 2174 2184
f 2187 2188 2186
f 2079 2179 2096
f 2096 2189 2097
f 2189 2096 2179
f 2098 2190 2099
f 2097 2191 2098
f 2191 2097 2189
f 2190 2098 2191
f 2191 2189 2192
f 2190 2191 2193
f 2194 2189 2179
f 2192 2189 2194
f 2195 2192 2194
f 2191 2192 2193
f 2188 2185 2184
f 2188 2184 2186
f 2196 2192 2195
f 2193 2192 2196
f 2180 2197 2179
f 2179 2197 2194
f 2197 2198 2194
f 2197 2182 2198
f 2195 2194 2198
f 2199 2195 2200
f 2196 2195 2199
f 2105 2104 2201
f 2104 2106 2201
f 2103 2113 2106
f 2091 2092 2183
f 2092 2202 2183
f 2202 2092 2201
f 2092 2105 2201
f 2202 2186 2183
f 2202 2187 2186
f 2203 2107 2111
f 2190 2204 2099
f 2204 2109 2099
f 2110 2107 2203
f 2109 2204 2111
f 2193 2205 2204
f 2190 2193 2204
f 2204 2206 2111
f 2111 2206 2203
f 2204 2205 2206
f 2202 2201 2207
f 2201 2106 2207
f 2207 2106 2113
f 2207 2113 2208
f 2205 2193 2196
f 2113 2209 2208
f 2187 2202 2210
f 2210 2202 2207
f 2211 2110 2203
f 2206 2212 2203
f 2203 2212 2211
f 2196 2213 2205
f 2212 2205 2213
f 2206 2205 2212
f 2211 2116 2110
f 2199 2213 2196
f 2212 2213 2214
f 2214 2215 2212
f 2112 2115 2113
f 2216 2115 2114
f 2216 2113 2115
f 2209 2113 2216
f 2216 2217 2209
f 2218 2114 1600
f 2217 2216 2114
f 2217 2114 2218
f 2219 2217 2218
f 2217 2220 2209
f 2219 2220 2217
f 2221 2117 2116
f 2221 1987 2117
f 2218 1988 2222
f 2218 1600 1988
f 2223 2118 1999
f 2223 1999 2224
f 1987 1989 1603
f 2121 2224 1999
f 1608 1989 2122
f 2133 2225 2131
f 2135 2226 2134
f 2133 2134 2225
f 2226 2227 2134
f 2134 2227 2225
f 2227 2228 2225
f 2228 2229 2225
f 2228 2227 2230
f 2229 2137 2142
f 2225 2229 2142
f 2225 2142 2131
f 2143 2145 2148
f 2149 2148 2231
f 2232 2149 2231
f 2231 2233 2232
f 2148 2234 2231
f 2231 2234 2233
f 2145 2234 2148
f 2145 2235 2234
f 2234 2235 2236
f 2235 2237 2236
f 2151 2154 2146
f 2135 2149 2232
f 2232 2226 2135
f 2137 2229 2238
f 2154 2137 2238
f 2154 2238 2146
f 2232 2239 2226
f 2239 2227 2226
f 2233 2239 2232
f 2228 2238 2229
f 2240 2227 2239
f 2230 2227 2240
f 2241 2230 2240
f 2228 2230 2241
f 2240 2242 2241
f 2228 2241 2238
f 2241 2242 2238
f 2147 2146 2242
f 2242 2146 2238
f 2243 2240 2239
f 2242 2240 2243
f 2233 2244 2239
f 2239 2245 2243
f 2245 2242 2243
f 2233 2234 2244
f 2245 2239 2246
f 2245 2147 2242
f 2155 2147 2247
f 2247 2147 2245
f 2155 2247 2248
f 2244 2234 2249
f 2250 2244 2249
f 2239 2244 2250
f 2246 2239 2250
f 2236 2237 2251
f 2236 2251 2249
f 2236 2249 2234
f 2251 2250 2249
f 2245 2252 2247
f 2252 2248 2247
f 2253 2250 2251
f 2246 2250 2253
f 2252 2246 2253
f 2246 2252 2245
f 2237 2254 2251
f 2255 2256 2252
f 2157 2155 2257
f 2144 2165 2145
f 2145 2165 2235
f 2258 2165 2259
f 2165 2260 2259
f 2165 2258 2235
f 2257 2248 2261
f 2257 2155 2248
f 2257 2261 2262
f 2262 2263 2257
f 2261 2248 2264
f 2264 2248 2252
f 2261 2265 2262
f 2261 2264 2265
f 2252 2256 2264
f 2256 2265 2264
f 2266 2262 2265
f 2263 2262 2266
f 2165 2160 2267
f 2169 2257 2268
f 2169 2157 2257
f 2168 2169 2268
f 2165 2267 2260
f 2260 2267 2269
f 2257 2263 2268
f 2159 2173 2270
f 2167 2271 2172
f 2271 2167 2168
f 2159 2270 2160
f 2160 2270 2267
f 2168 2268 2271
f 2177 2272 2173
f 2272 2273 2173
f 2274 2272 2177
f 2176 2274 2177
f 2274 2275 2272
f 2173 2273 2270
f 2182 2181 2276
f 2273 2272 2277
f 2277 2278 2273
f 2273 2278 2279
f 2269 2270 2273
f 2273 2279 2269
f 2172 2271 2181
f 2276 2181 2271
f 2280 2271 2268
f 2276 2271 2281
f 2281 2271 2280
f 2267 2270 2269
f 2188 2282 2185
f 2188 2283 2282
f 2187 2283 2188
f 2185 2274 2176
f 2185 2282 2274
f 2283 2284 2282
f 2285 2284 2283
f 2286 2285 2283
f 2187 2286 2283
f 2282 2287 2274
f 2284 2287 2282
f 2274 2287 2275
f 2272 2275 2277
f 2284 2285 2288
f 2275 2289 2277
f 2275 2287 2289
f 2289 2287 2290
f 2290 2287 2284
f 2290 2284 2288
f 2197 2180 2182
f 2198 2182 2291
f 2195 2198 2200
f 2198 2291 2200
f 2200 2292 2199
f 2291 2182 2276
f 2292 2200 2291
f 2291 2276 2293
f 2291 2293 2292
f 2281 2294 2276
f 2276 2294 2293
f 2293 2294 2295
f 2292 2293 2295
f 2289 2290 2296
f 2278 2277 2289
f 2278 2289 2297
f 2290 2288 2298
f 2290 2298 2296
f 2279 2278 2297
f 2297 2289 2296
f 2288 2299 2298
f 2281 2300 2294
f 2294 2300 2295
f 2295 2300 2301
f 2281 2302 2300
f 2280 2302 2281
f 2187 2210 2286
f 2208 2286 2210
f 2207 2208 2210
f 2303 2208 2209
f 2303 2209 2220
f 2208 2303 2286
f 2303 2304 2286
f 2286 2304 2285
f 2303 2305 2304
f 2285 2304 2288
f 2288 2304 2299
f 2199 2214 2213
f 2215 2211 2212
f 2292 2214 2199
f 2303 2220 2306
f 2292 2307 2214
f 2214 2307 2215
f 2305 2303 2306
f 2292 2295 2307
f 2307 2295 2301
f 2305 2299 2304
f 2305 2308 2299
f 2308 2305 2306
f 2309 2116 2211
f 2215 2309 2211
f 2309 2215 2310
f 2215 2307 2310
f 2309 2310 2311
f 2221 2116 2309
f 2307 2312 2310
f 2309 2311 2221
f 2301 2312 2307
f 2219 2306 2220
f 2219 2218 2313
f 2314 2219 2313
f 2222 2313 2218
f 2315 1987 2221
f 2316 1989 2317
f 1989 1987 2317
f 1987 2316 2317
f 2318 2316 1987
f 2318 2319 2316
f 2118 2222 1988
f 2223 2222 2118
f 2223 2224 2320
f 2320 2224 2321
f 2316 2122 1989
f 2322 2224 2121
f 2322 2121 2122
f 2316 2319 2122
f 2319 2321 2122
f 2321 2224 2322
f 2321 2322 2122
f 2235 2258 2237
f 2251 2254 2323
f 2251 2323 2253
f 2253 2323 2255
f 2252 2253 2255
f 2254 2237 2258
f 2256 2255 2323
f 2254 2258 2324
f 2323 2254 2324
f 2256 2323 2324
f 2325 2258 2259
f 2259 2260 2326
f 2259 2326 2325
f 2327 2325 2326
f 2326 2260 2328
f 2325 2327 2329
f 2326 2328 2327
f 2327 2328 2330
f 2327 2330 2329
f 2329 2330 2331
f 2266 2332 2263
f 2329 2265 2256
f 2329 2266 2265
f 2329 2332 2266
f 2324 2258 2325
f 2329 2324 2325
f 2256 2324 2329
f 2333 2329 2331
f 2329 2333 2332
f 2333 2334 2332
f 2269 2335 2260
f 2268 2263 2336
f 2260 2335 2328
f 2328 2335 2330
f 2334 2336 2332
f 2263 2332 2336
f 2333 2336 2334
f 2268 2336 2337
f 2337 2336 2333
f 2333 2331 2337
f 2269 2338 2335
f 2335 2339 2330
f 2268 2337 2280
f 2280 2337 2340
f 2331 2341 2337
f 2341 2340 2337
f 2269 2279 2338
f 2338 2279 2342
f 2335 2338 2339
f 2339 2338 2343
f 2343 2344 2339
f 2280 2340 2345
f 2345 2340 2341
f 2280 2345 2346
f 2331 2347 2341
f 2341 2347 2345
f 2347 2348 2345
f 2348 2349 2345
f 2296 2350 2297
f 2350 2296 2298
f 2279 2297 2342
f 2342 2297 2350
f 2351 2301 2300
f 2338 2342 2343
f 2343 2342 2350
f 2298 2352 2350
f 2353 2343 2350
f 2302 2354 2300
f 2280 2354 2302
f 2354 2355 2300
f 2300 2355 2351
f 2346 2354 2280
f 2354 2356 2355
f 2343 2357 2344
f 2357 2343 2353
f 2349 2346 2345
f 2352 2298 2299
f 2308 2352 2299
f 2308 2306 2358
f 2358 2306 2219
f 2312 2311 2310
f 2301 2359 2312
f 2312 2359 2311
f 2359 2360 2311
f 2351 2359 2301
f 2351 2360 2359
f 2361 2221 2362
f 2360 2221 2311
f 2362 2221 2360
f 2358 2219 2314
f 2320 2222 2223
f 2313 2222 2320
f 2315 2221 2361
f 2315 2318 1987
f 2315 2363 2364
f 2315 2364 2318
f 2318 2364 2319
f 2315 2361 2363
f 2363 2365 2364
f 2365 2321 2319
f 2365 2319 2364
f 2361 2362 2363
f 2321 2366 2320
f 2367 2365 2363
f 2362 2367 2363
f 2368 2366 2321
f 2368 2321 2365
f 2330 2369 2331
f 2330 2339 2369
f 2331 2348 2347
f 2370 2349 2371
f 2371 2349 2348
f 2348 2331 2369
f 2339 2344 2372
f 2339 2372 2369
f 2348 2369 2371
f 2373 2369 2372
f 2373 2370 2371
f 2373 2371 2369
f 2357 2353 2374
f 2370 2346 2349
f 2375 2346 2370
f 2346 2375 2354
f 2354 2375 2356
f 2376 2375 2370
f 2376 2377 2375
f 2377 2356 2375
f 2344 2357 2372
f 2378 2372 2357
f 2372 2378 2373
f 2376 2373 2378
f 2370 2373 2376
f 2379 2380 2376
f 2380 2377 2376
f 2378 2357 2379
f 2376 2378 2379
f 2381 2357 2374
f 2381 2379 2357
f 2379 2381 2380
f 2350 2352 2382
f 2355 2356 2383
f 2382 2353 2350
f 2308 2358 2384
f 2308 2384 2385
f 2384 2386 2387
f 2308 2385 2352
f 2352 2385 2388
f 2385 2384 2387
f 2385 2387 2388
f 2387 2386 2389
f 2353 2390 2374
f 2374 2390 2391
f 2353 2382 2390
f 2391 2390 2388
f 2392 2390 2382
f 2352 2392 2382
f 2390 2392 2388
f 2392 2352 2388
f 2388 2393 2394
f 2388 2387 2389
f 2388 2389 2393
f 2391 2388 2394
f 2351 2367 2360
f 2360 2367 2362
f 2356 2377 2383
f 2383 2351 2355
f 2383 2395 2351
f 2367 2351 2395
f 2380 2383 2377
f 2380 2396 2395
f 2383 2380 2395
f 2395 2396 2367
f 2396 2397 2367
f 2365 2397 2398
f 2397 2365 2367
f 2381 2396 2380
f 2389 2397 2393
f 2398 2397 2389
f 2374 2391 2381
f 2381 2391 2396
f 2391 2394 2396
f 2393 2397 2394
f 2394 2397 2396
f 2384 2358 2314
f 2386 2384 2314
f 2399 2386 2314
f 2399 2314 2313
f 2399 2313 2320
f 2399 2320 2366
f 2398 2386 2399
f 2366 2398 2399
f 2398 2389 2386
f 2398 2366 2368
f 2398 2368 2365
f 2400 2401 2402
f 2403 2404 2405
f 2406 2407 2408
f 2407 2409 2408
f 2410 2411 2412
f 2413 2410 2412
f 2414 2415 2416
f 2416 2413 2414
f 2417 2418 2410
f 2411 2410 2418
f 2416 2417 2410
f 2416 2410 2413
f 2419 2420 2421
f 2422 2423 2420
f 2423 2424 2420
f 2422 2419 2412
f 2422 2420 2419
f 2412 2425 2413
f 2423 2400 2426
f 2411 2427 2422
f 2427 2423 2422
f 2424 2423 2426
f 2412 2411 2422
f 2400 2402 2426
f 2427 2428 2400
f 2411 2428 2427
f 2423 2427 2400
f 2418 2429 2428
f 2428 2411 2418
f 2430 2431 2432
f 2420 2431 2421
f 2431 2433 2432
f 2430 2421 2431
f 2433 2434 2432
f 2435 2436 2433
f 2433 2436 2437
f 2424 2435 2431
f 2431 2420 2424
f 2433 2431 2435
f 2438 2439 2435
f 2424 2438 2435
f 2439 2405 2436
f 2439 2436 2435
f 2402 2440 2426
f 2438 2426 2440
f 2403 2438 2440
f 2439 2438 2403
f 2439 2403 2405
f 2426 2438 2424
f 2433 2437 2434
f 2437 2441 2442
f 2434 2437 2442
f 2442 2443 2434
f 2443 2442 2444
f 2405 2445 2436
f 2445 2441 2436
f 2436 2441 2437
f 2442 2441 2446
f 2442 2447 2444
f 2442 2446 2447
f 2448 2444 2447
f 2406 2408 2445
f 2408 2441 2445
f 2408 2446 2441
f 2406 2445 2405
f 2447 2446 2449
f 2408 2409 2446
f 2409 2449 2446
f 2449 2450 2447
f 2449 2451 2450
f 2447 2450 2448
f 2452 2448 2450
f 2453 2454 2455
f 2454 2453 2456
f 2455 2457 2415
f 2454 2458 2457
f 2454 2457 2455
f 2459 2458 2460
f 2458 2454 2460
f 2461 2459 2460
f 2460 2454 2456
f 2462 2463 2464
f 2465 2414 2413
f 2465 2413 2425
f 2465 2466 2414
f 2463 2465 2425
f 2466 2465 2462
f 2462 2465 2463
f 2453 2466 2462
f 2464 2453 2462
f 2456 2453 2467
f 2453 2464 2467
f 2415 2414 2466
f 2455 2415 2466
f 2466 2453 2455
f 2468 2469 2470
f 2468 2470 2471
f 2472 2473 2474
f 2473 2475 2474
f 2476 2472 2474
f 2474 2477 2476
f 2474 2468 2477
f 2468 2474 2475
f 2471 2477 2468
f 2476 2477 2478
f 2476 2478 2463
f 2477 2479 2478
f 2412 2419 2480
f 2473 2421 2475
f 2473 2419 2421
f 2473 2480 2419
f 2425 2472 2463
f 2425 2480 2472
f 2472 2480 2473
f 2476 2463 2472
f 2425 2412 2480
f 2481 2482 2483
f 2481 2484 2482
f 2484 2485 2482
f 2482 2485 2486
f 2468 2487 2469
f 2487 2488 2469
f 2469 2489 2470
f 2469 2488 2489
f 2488 2490 2489
f 2475 2421 2430
f 2430 2487 2475
f 2430 2432 2487
f 2432 2434 2491
f 2487 2468 2475
f 2434 2492 2491
f 2434 2493 2492
f 2491 2487 2432
f 2488 2487 2491
f 2488 2491 2492
f 2490 2488 2492
f 2483 2482 2494
f 2482 2486 2494
f 2493 2495 2492
f 2492 2495 2490
f 2434 2443 2493
f 2443 2496 2493
f 2493 2496 2497
f 2495 2493 2497
f 2496 2443 2444
f 2444 2498 2496
f 2444 2448 2498
f 2496 2498 2497
f 2497 2498 2499
f 2498 2448 2499
f 2448 2452 2500
f 2452 2501 2500
f 2500 2499 2448
f 2499 2502 2503
f 2501 2502 2500
f 2500 2502 2499
f 2504 2505 2506
f 2507 2504 2506
f 2505 2460 2456
f 2508 2505 2504
f 2509 2508 2504
f 2507 2509 2504
f 2510 2509 2507
f 2507 2511 2510
f 2460 2505 2461
f 2508 2461 2505
f 2509 2512 2508
f 2509 2510 2513
f 2514 2464 2463
f 2515 2514 2516
f 2517 2515 2516
f 2467 2464 2515
f 2464 2514 2515
f 2515 2517 2518
f 2517 2519 2518
f 2516 2519 2517
f 2518 2519 2520
f 2506 2456 2467
f 2506 2467 2515
f 2456 2506 2505
f 2506 2521 2507
f 2506 2515 2521
f 2507 2521 2511
f 2515 2518 2521
f 2521 2518 2511
f 2477 2471 2479
f 2471 2522 2479
f 2471 2470 2523
f 2524 2516 2479
f 2479 2522 2524
f 2471 2523 2522
f 2522 2525 2524
f 2523 2526 2522
f 2523 2527 2526
f 2522 2526 2525
f 2526 2528 2525
f 2463 2478 2514
f 2478 2516 2514
f 2478 2479 2516
f 2524 2529 2516
f 2524 2525 2529
f 2516 2529 2519
f 2530 2529 2525
f 2531 2532 2484
f 2484 2532 2485
f 2485 2532 2533
f 2485 2533 2486
f 2486 2533 2534
f 2532 2535 2533
f 2534 2533 2536
f 2533 2537 2536
f 2538 2537 2539
f 2537 2538 2536
f 2470 2489 2523
f 2489 2490 2540
f 2489 2527 2523
f 2489 2540 2527
f 2540 2541 2527
f 2527 2541 2542
f 2540 2543 2541
f 2527 2542 2526
f 2541 2544 2542
f 2541 2543 2544
f 2526 2542 2528
f 2542 2544 2528
f 2490 2545 2540
f 2545 2543 2540
f 2545 2546 2543
f 2546 2547 2543
f 2543 2548 2544
f 2543 2547 2548
f 2547 2549 2548
f 2494 2550 2551
f 2494 2486 2550
f 2552 2551 2553
f 2486 2534 2550
f 2550 2554 2553
f 2550 2553 2551
f 2550 2534 2554
f 2553 2554 2555
f 2555 2554 2556
f 2534 2536 2556
f 2534 2556 2554
f 2556 2536 2557
f 2490 2495 2545
f 2495 2546 2545
f 2495 2497 2546
f 2497 2558 2546
f 2499 2558 2497
f 2546 2559 2547
f 2547 2559 2549
f 2503 2558 2499
f 2558 2503 2560
f 2546 2560 2559
f 2558 2560 2546
f 2560 2561 2559
f 2560 2562 2561
f 2503 2562 2560
f 2502 2562 2503
f 2510 2511 2563
f 2511 2564 2563
f 2565 2563 2566
f 2564 2566 2563
f 2510 2563 2513
f 2563 2565 2513
f 2566 2567 2568
f 2564 2567 2566
f 2569 2568 2567
f 2518 2520 2570
f 2519 2571 2520
f 2520 2571 2572
f 2520 2573 2570
f 2520 2572 2573
f 2570 2573 2564
f 2572 2574 2573
f 2573 2574 2575
f 2574 2576 2575
f 2575 2576 2577
f 2576 2578 2577
f 2511 2570 2564
f 2518 2570 2511
f 2573 2575 2564
f 2577 2579 2575
f 2564 2575 2567
f 2579 2567 2575
f 2530 2525 2528
f 2519 2529 2571
f 2571 2529 2580
f 2529 2530 2580
f 2528 2581 2530
f 2580 2530 2582
f 2530 2583 2582
f 2530 2581 2583
f 2581 2584 2583
f 2582 2583 2585
f 2585 2583 2586
f 2586 2583 2584
f 2580 2572 2571
f 2580 2587 2572
f 2572 2587 2574
f 2582 2587 2580
f 2587 2582 2588
f 2582 2585 2588
f 2589 2587 2588
f 2588 2590 2589
f 2588 2585 2590
f 2585 2591 2590
f 2585 2586 2591
f 2578 2589 2592
f 2592 2589 2590
f 2591 2586 2593
f 2587 2576 2574
f 2587 2589 2576
f 2578 2576 2589
f 2591 2592 2590
f 2538 2594 2536
f 2539 2595 2538
f 2595 2594 2538
f 2544 2581 2528
f 2544 2596 2581
f 2544 2548 2596
f 2581 2596 2584
f 2548 2597 2596
f 2584 2596 2598
f 2596 2597 2598
f 2548 2549 2597
f 2598 2599 2584
f 2584 2599 2586
f 2586 2599 2593
f 2597 2600 2598
f 2549 2600 2597
f 2549 2601 2600
f 2601 2602 2600
f 2598 2600 2602
f 2603 2593 2599
f 2598 2603 2599
f 2598 2602 2603
f 2602 2604 2603
f 2605 2604 2602
f 2559 2601 2549
f 2559 2561 2601
f 2561 2606 2601
f 2601 2606 2602
f 2606 2605 2602
f 2562 2607 2561
f 2561 2607 2606
f 2607 2608 2606
f 2608 2605 2606
f 2579 2577 2609
f 2610 2577 2578
f 2610 2609 2577
f 2569 2567 2579
f 2609 2610 2611
f 2609 2611 2612
f 2613 2611 2610
f 2592 2591 2614
f 2578 2592 2615
f 2614 2615 2592
f 2610 2578 2615
f 2616 2615 2614
f 2616 2614 2617
f 2618 2610 2615
f 2616 2618 2615
f 2613 2610 2618
f 2616 2617 2619
f 2619 2617 2620
f 2603 2621 2593
f 2603 2604 2621
f 2593 2614 2591
f 2617 2614 2593
f 2593 2621 2617
f 2604 2622 2621
f 2623 2617 2621
f 2621 2622 2623
f 2624 2623 2622
f 2617 2623 2620
f 2605 2622 2604
f 2625 2626 2627
f 2625 2628 2629
f 2625 2629 2626
f 2630 2631 2632
f 2633 2632 2631
f 2626 2634 2627
f 2634 2635 2631
f 2627 2634 2631
f 2631 2630 2627
f 2631 2635 2633
f 2633 2636 2637
f 2637 2638 2633
f 2635 2636 2633
f 2639 2637 2636
f 2640 2641 2642
f 2641 2643 2642
f 2641 2640 2639
f 2644 2645 2646
f 2647 2648 2429
f 2649 2429 2648
f 2648 2647 2650
f 2648 2650 2651
f 2652 2653 2648
f 2652 2648 2645
f 2648 2651 2645
f 2645 2651 2646
f 2654 2653 2652
f 2655 2652 2645
f 2652 2656 2654
f 2402 2657 2658
f 2429 2649 2401
f 2402 2401 2657
f 2440 2402 2658
f 2428 2429 2401
f 2400 2428 2401
f 2401 2649 2657
f 2659 2657 2628
f 2660 2657 2659
f 2657 2649 2628
f 2649 2653 2628
f 2648 2653 2649
f 2628 2625 2659
f 2625 2627 2661
f 2659 2625 2661
f 2653 2654 2628
f 2628 2654 2629
f 2662 2663 2664
f 2658 2403 2440
f 2657 2660 2658
f 2404 2403 2658
f 2658 2660 2665
f 2666 2404 2658
f 2659 2661 2660
f 2661 2630 2665
f 2660 2661 2665
f 2666 2658 2665
f 2627 2630 2661
f 2630 2632 2665
f 2665 2632 2666
f 2667 2668 2669
f 2666 2670 2404
f 2670 2405 2404
f 2670 2406 2405
f 2406 2670 2671
f 2671 2407 2406
f 2672 2671 2670
f 2670 2638 2672
f 2638 2673 2672
f 2666 2638 2670
f 2638 2637 2673
f 2638 2666 2632
f 2638 2632 2633
f 2674 2675 2676
f 2675 2677 2676
f 2671 2678 2407
f 2678 2679 2680
f 2407 2678 2680
f 2680 2409 2407
f 2681 2409 2680
f 2671 2672 2682
f 2682 2678 2671
f 2682 2679 2678
f 2680 2679 2683
f 2682 2684 2679
f 2679 2684 2685
f 2682 2640 2642
f 2640 2672 2673
f 2682 2672 2640
f 2642 2684 2682
f 2639 2673 2637
f 2640 2673 2639
f 2686 2642 2643
f 2687 2688 2689
f 2677 2688 2687
f 2679 2690 2683
f 2685 2690 2679
f 2684 2691 2685
f 2685 2691 2692
f 2685 2692 2690
f 2642 2686 2684
f 2684 2686 2691
f 2691 2693 2692
f 2686 2694 2691
f 2691 2694 2693
f 2690 2695 2683
f 2690 2692 2696
f 2696 2695 2690
f 2695 2696 2697
f 2698 2699 2697
f 2700 2696 2692
f 2700 2698 2696
f 2697 2696 2698
f 2701 2702 2703
f 2704 2705 2706
f 2704 2706 2707
f 2707 2457 2708
f 2709 2706 2705
f 2708 2710 2704
f 2704 2707 2708
f 2711 2712 2713
f 2714 2711 2705
f 2709 2705 2713
f 2705 2711 2713
f 2704 2710 2714
f 2714 2705 2704
f 2710 2708 2715
f 2716 2710 2715
f 2646 2713 2712
f 2717 2711 2714
f 2718 2714 2710
f 2702 2701 2716
f 2716 2715 2702
f 2712 2711 2717
f 2717 2714 2718
f 2718 2710 2716
f 2719 2646 2712
f 2717 2720 2719
f 2719 2712 2717
f 2718 2701 2720
f 2718 2720 2717
f 2718 2716 2701
f 2644 2646 2719
f 2720 2701 2721
f 2703 2721 2701
f 2417 2647 2418
f 2722 2723 2417
f 2416 2722 2417
f 2724 2722 2416
f 2415 2707 2724
f 2724 2416 2415
f 2723 2650 2647
f 2723 2647 2417
f 2722 2725 2723
f 2709 2725 2722
f 2724 2706 2709
f 2709 2722 2724
f 2706 2724 2707
f 2725 2651 2650
f 2725 2650 2723
f 2713 2725 2709
f 2651 2713 2646
f 2725 2713 2651
f 2726 2727 2728
f 2726 2729 2727
f 2727 2729 2730
f 2728 2727 2731
f 2726 2728 2732
f 2733 2728 2731
f 2732 2728 2734
f 2732 2735 2726
f 2733 2734 2728
f 2736 2732 2737
f 2732 2736 2735
f 2647 2429 2418
f 2738 2739 2730
f 2740 2741 2739
f 2739 2741 2742
f 2739 2743 2740
f 2744 2730 2742
f 2741 2745 2742
f 2730 2739 2742
f 2738 2730 2729
f 2745 2744 2742
f 2727 2746 2731
f 2730 2744 2746
f 2746 2727 2730
f 2662 2746 2744
f 2747 2662 2744
f 2745 2747 2744
f 2746 2662 2748
f 2663 2662 2747
f 2662 2664 2748
f 2748 2733 2731
f 2746 2748 2731
f 2740 2749 2750
f 2750 2749 2751
f 2751 2749 2752
f 2750 2751 2753
f 2751 2754 2753
f 2741 2750 2755
f 2754 2751 2756
f 2750 2741 2740
f 2756 2751 2752
f 2755 2753 2667
f 2755 2745 2741
f 2750 2753 2755
f 2745 2755 2757
f 2667 2753 2675
f 2675 2753 2754
f 2663 2757 2669
f 2747 2757 2663
f 2667 2675 2674
f 2667 2757 2755
f 2747 2745 2757
f 2667 2669 2757
f 2756 2758 2754
f 2756 2752 2759
f 2756 2759 2758
f 2758 2759 2760
f 2761 2758 2762
f 2760 2762 2758
f 2677 2675 2754
f 2754 2761 2677
f 2758 2761 2754
f 2681 2449 2409
f 2449 2681 2451
f 2681 2683 2451
f 2451 2763 2450
f 2763 2764 2450
f 2450 2764 2452
f 2680 2683 2681
f 2761 2762 2765
f 2761 2688 2677
f 2688 2761 2765
f 2765 2762 2766
f 2765 2766 2767
f 2766 2762 2768
f 2766 2768 2769
f 2688 2765 2689
f 2689 2765 2767
f 2452 2764 2501
f 2683 2695 2451
f 2451 2695 2763
f 2764 2770 2501
f 2763 2695 2697
f 2764 2763 2697
f 2697 2770 2764
f 2771 2772 2770
f 2697 2773 2770
f 2773 2697 2699
f 2699 2774 2773
f 2773 2775 2770
f 2773 2774 2775
f 2775 2771 2770
f 2776 2777 2778
f 2779 2777 2776
f 2777 2780 2778
f 2703 2778 2780
f 2781 2780 2777
f 2777 2779 2781
f 2782 2781 2783
f 2780 2781 2782
f 2457 2707 2415
f 2459 2784 2458
f 2776 2459 2461
f 2784 2715 2708
f 2458 2784 2708
f 2458 2708 2457
f 2785 2784 2786
f 2459 2786 2784
f 2786 2459 2776
f 2776 2461 2787
f 2785 2702 2715
f 2715 2784 2785
f 2786 2778 2785
f 2778 2786 2776
f 2776 2787 2779
f 2778 2702 2785
f 2703 2702 2778
f 2788 2789 2790
f 2788 2791 2789
f 2792 2791 2788
f 2736 2790 2789
f 2790 2793 2788
f 2792 2793 2794
f 2792 2788 2793
f 2795 2796 2797
f 2797 2796 2798
f 2799 2798 2796
f 2795 2729 2800
f 2796 2795 2800
f 2801 2799 2796
f 2800 2729 2726
f 2802 2800 2735
f 2801 2802 2791
f 2802 2801 2800
f 2800 2801 2796
f 2791 2803 2801
f 2799 2801 2803
f 2735 2800 2726
f 2789 2791 2802
f 2789 2802 2735
f 2789 2735 2736
f 2483 2743 2481
f 2743 2804 2481
f 2804 2797 2481
f 2484 2481 2797
f 2484 2797 2531
f 2804 2743 2738
f 2795 2804 2738
f 2740 2743 2483
f 2797 2804 2795
f 2797 2798 2531
f 2743 2739 2738
f 2795 2738 2729
f 2483 2749 2740
f 2749 2805 2752
f 2749 2483 2806
f 2749 2806 2805
f 2483 2494 2806
f 2805 2806 2552
f 2494 2551 2806
f 2806 2551 2552
f 2752 2805 2759
f 2759 2805 2807
f 2805 2808 2807
f 2807 2808 2809
f 2807 2809 2810
f 2805 2552 2808
f 2552 2811 2808
f 2808 2811 2809
f 2811 2812 2813
f 2760 2759 2807
f 2807 2810 2760
f 2810 2809 2813
f 2811 2813 2809
f 2810 2762 2760
f 2501 2772 2502
f 2772 2814 2502
f 2814 2815 2502
f 2810 2813 2768
f 2810 2768 2762
f 2813 2812 2816
f 2768 2813 2769
f 2813 2816 2817
f 2770 2772 2501
f 2772 2771 2814
f 2769 2813 2817
f 2771 2818 2819
f 2512 2820 2787
f 2787 2820 2779
f 2820 2512 2821
f 2820 2822 2779
f 2821 2823 2820
f 2781 2779 2822
f 2820 2823 2822
f 2781 2822 2783
f 2824 2783 2822
f 2825 2824 2822
f 2822 2823 2825
f 2787 2461 2508
f 2508 2512 2787
f 2826 2803 2791
f 2827 2826 2828
f 2829 2827 2828
f 2830 2829 2828
f 2831 2829 2830
f 2832 2827 2829
f 2832 2829 2831
f 2833 2834 2826
f 2826 2834 2828
f 2835 2828 2834
f 2830 2828 2835
f 2791 2792 2826
f 2833 2826 2792
f 2794 2836 2792
f 2792 2836 2833
f 2834 2837 2835
f 2837 2838 2835
f 2839 2531 2798
f 2840 2839 2798
f 2839 2841 2535
f 2841 2842 2535
f 2539 2535 2842
f 2840 2798 2799
f 2843 2840 2844
f 2840 2841 2839
f 2845 2841 2846
f 2844 2840 2799
f 2827 2844 2826
f 2843 2844 2827
f 2840 2843 2841
f 2841 2843 2846
f 2826 2844 2803
f 2803 2844 2799
f 2827 2832 2843
f 2843 2832 2846
f 2846 2832 2831
f 2839 2532 2531
f 2535 2532 2839
f 2535 2539 2537
f 2533 2535 2537
f 2555 2556 2847
f 2848 2555 2847
f 2556 2557 2847
f 2552 2553 2849
f 2849 2555 2848
f 2849 2553 2555
f 2552 2849 2811
f 2811 2849 2812
f 2849 2848 2850
f 2849 2850 2812
f 2850 2816 2812
f 2502 2815 2562
f 2816 2850 2851
f 2816 2851 2852
f 2816 2853 2817
f 2853 2816 2852
f 2771 2815 2814
f 2815 2819 2854
f 2771 2819 2815
f 2512 2855 2821
f 2821 2855 2856
f 2821 2856 2857
f 2857 2823 2821
f 2858 2825 2823
f 2859 2857 2860
f 2857 2856 2860
f 2509 2513 2855
f 2565 2855 2513
f 2855 2565 2861
f 2565 2566 2861
f 2861 2566 2862
f 2509 2855 2512
f 2861 2856 2855
f 2863 2831 2864
f 2835 2865 2830
f 2866 2830 2865
f 2830 2866 2831
f 2864 2866 2867
f 2831 2866 2864
f 2835 2838 2865
f 2866 2865 2867
f 2864 2867 2868
f 2864 2868 2863
f 2841 2845 2842
f 2842 2845 2869
f 2539 2842 2869
f 2845 2846 2831
f 2845 2870 2869
f 2870 2845 2831
f 2870 2831 2863
f 2870 2863 2871
f 2869 2595 2539
f 2872 2595 2869
f 2873 2869 2870
f 2869 2873 2872
f 2595 2872 2874
f 2595 2874 2875
f 2872 2876 2874
f 2873 2876 2872
f 2557 2536 2594
f 2557 2594 2877
f 2847 2557 2877
f 2848 2847 2878
f 2847 2877 2879
f 2847 2879 2878
f 2594 2880 2877
f 2877 2881 2879
f 2880 2594 2595
f 2595 2875 2880
f 2880 2881 2877
f 2882 2878 2879
f 2882 2879 2881
f 2881 2880 2875
f 2882 2881 2883
f 2848 2878 2850
f 2884 2850 2878
f 2878 2882 2884
f 2850 2884 2851
f 2885 2884 2882
f 2884 2885 2851
f 2562 2815 2607
f 2815 2854 2607
f 2607 2854 2608
f 2608 2854 2886
f 2852 2851 2887
f 2856 2888 2860
f 2566 2568 2862
f 2569 2889 2568
f 2890 2888 2862
f 2568 2890 2862
f 2889 2890 2568
f 2569 2612 2889
f 2888 2856 2861
f 2862 2888 2861
f 2891 2892 2890
f 2890 2889 2891
f 2890 2892 2888
f 2893 2871 2863
f 2579 2609 2569
f 2612 2569 2609
f 2894 2873 2870
f 2871 2894 2870
f 2895 2894 2871
f 2871 2896 2895
f 2897 2895 2896
f 2898 2613 2618
f 2899 2898 2618
f 2618 2616 2899
f 2873 2894 2876
f 2876 2900 2874
f 2874 2900 2875
f 2895 2876 2894
f 2901 2900 2876
f 2876 2895 2901
f 2901 2902 2900
f 2900 2902 2903
f 2902 2901 2904
f 2903 2902 2905
f 2623 2906 2620
f 2624 2906 2623
f 2875 2907 2881
f 2881 2907 2883
f 2883 2907 2908
f 2875 2900 2907
f 2900 2903 2907
f 2882 2883 2909
f 2909 2883 2908
f 2909 2908 2910
f 2908 2907 2903
f 2911 2908 2903
f 2908 2911 2910
f 2605 2886 2622
f 2912 2624 2622
f 2886 2605 2608
f 2622 2886 2912
f 2912 2913 2624
f 2886 2914 2912
f 2914 2915 2912
f 2909 2885 2882
f 2916 2914 2886
f 2909 2910 2885
f 2916 2886 2854
f 2612 2917 2918
f 2918 2891 2889
f 2889 2612 2918
f 2611 2613 2919
f 2611 2919 2920
f 2898 2919 2613
f 2920 2919 2921
f 2921 2919 2898
f 2612 2611 2922
f 2922 2611 2920
f 2917 2612 2922
f 2920 2921 2923
f 2922 2920 2917
f 2619 2899 2616
f 2898 2899 2924
f 2925 2926 2619
f 2924 2899 2927
f 2899 2619 2927
f 2619 2926 2927
f 2927 2928 2924
f 2929 2928 2927
f 2926 2929 2927
f 2921 2898 2924
f 2928 2921 2924
f 2921 2928 2923
f 2928 2929 2930
f 2931 2923 2928
f 2895 2904 2901
f 2904 2895 2897
f 2619 2620 2925
f 2620 2906 2925
f 2906 2932 2925
f 2906 2933 2932
f 2624 2933 2906
f 2932 2926 2925
f 2933 2934 2932
f 2624 2913 2933
f 2935 2934 2933
f 2933 2913 2935
f 2932 2934 2926
f 2913 2915 2935
f 2934 2929 2926
f 2934 2935 2936
f 2934 2930 2929
f 2936 2935 2937
f 2912 2915 2913
f 2935 2915 2937
f 2914 2938 2915
f 2938 2939 2915
f 2939 2937 2915
f 2914 2916 2938
f 2940 2938 2916
f 2923 2941 2920
f 2930 2931 2928
f 2942 2931 2930
f 2930 2934 2936
f 2942 2930 2936
f 2943 2654 2656
f 2943 2944 2945
f 2945 2944 2946
f 2945 2946 2947
f 2947 2948 2945
f 2946 2949 2950
f 2951 2952 2629
f 2629 2952 2626
f 2629 2953 2951
f 2629 2654 2953
f 2943 2954 2953
f 2654 2943 2953
f 2951 2953 2954
f 2951 2955 2952
f 2954 2943 2945
f 2951 2954 2955
f 2954 2945 2948
f 2954 2948 2955
f 2948 2956 2957
f 2948 2957 2955
f 2952 2958 2626
f 2958 2634 2626
f 2955 2958 2952
f 2959 2634 2958
f 2635 2634 2959
f 2955 2960 2958
f 2958 2960 2959
f 2959 2961 2962
f 2961 2959 2963
f 2957 2963 2960
f 2960 2963 2959
f 2957 2960 2955
f 2964 2636 2635
f 2635 2962 2964
f 2964 2965 2636
f 2635 2959 2962
f 2962 2966 2964
f 2961 2966 2962
f 2966 2967 2964
f 2639 2636 2641
f 2636 2965 2641
f 2965 2968 2641
f 2968 2965 2969
f 2970 2965 2964
f 2969 2965 2970
f 2970 2964 2967
f 2970 2971 2969
f 2968 2643 2641
f 2972 2643 2968
f 2686 2643 2972
f 2694 2972 2973
f 2973 2974 2694
f 2975 2972 2968
f 2969 2975 2968
f 2972 2975 2973
f 2971 2975 2969
f 2976 2974 2973
f 2977 2974 2976
f 2973 2978 2976
f 2976 2979 2977
f 2980 2977 2979
f 2978 2979 2976
f 2978 2981 2979
f 2980 2979 2981
f 2982 2980 2981
f 2982 2983 2980
f 2984 2985 2986
f 2645 2644 2987
f 2644 2985 2987
f 2644 2988 2985
f 2985 2988 2986
f 2989 2987 2990
f 2987 2985 2990
f 2989 2991 2987
f 2989 2992 2949
f 2991 2989 2949
f 2992 2989 2990
f 2990 2985 2993
f 2645 2987 2655
f 2655 2944 2656
f 2943 2656 2944
f 2652 2655 2656
f 2991 2944 2655
f 2655 2987 2991
f 2994 2995 2996
f 2995 2994 2734
f 2997 2995 2734
f 2946 2944 2991
f 2996 2998 2999
f 2995 2998 2996
f 3000 3001 2994
f 2999 3002 2996
f 2994 2996 3000
f 2996 3002 3003
f 3003 3000 2996
f 2949 2946 2991
f 3003 3004 3000
f 2748 2664 2997
f 2663 3005 2664
f 3005 2663 2669
f 2664 3005 3006
f 2997 2664 2998
f 2998 2664 3006
f 3005 3007 3006
f 2997 2998 2995
f 2999 3006 3008
f 2998 3006 2999
f 3006 3007 3008
f 3009 3007 3010
f 3007 3009 3008
f 3008 3002 2999
f 3009 3010 3011
f 3012 3002 3008
f 3008 3009 3012
f 3005 2669 2668
f 2668 2674 3013
f 2674 2668 2667
f 3007 2668 3014
f 2668 3007 3005
f 3014 3010 3007
f 3010 3014 3015
f 3013 3014 2668
f 3016 3014 3013
f 3011 3010 3015
f 3015 3014 3017
f 2674 2676 3018
f 3018 2676 3019
f 2676 2677 3019
f 3018 3013 2674
f 3020 3018 3019
f 3018 3016 3013
f 3020 3016 3018
f 3016 3017 3014
f 3021 3017 3016
f 3020 3021 3016
f 3022 3021 3020
f 3017 3021 3023
f 3019 2677 2687
f 2689 3024 3025
f 2687 2689 3025
f 3026 3020 3019
f 3026 3019 2687
f 3026 2687 3027
f 3027 2687 3025
f 3027 3028 3026
f 3022 3020 3026
f 3022 3026 3028
f 3029 3021 3022
f 3028 3029 3022
f 3030 3021 3029
f 2694 2686 2972
f 3025 3024 3031
f 3032 3027 3025
f 3031 3032 3025
f 2767 3033 3024
f 3034 3031 3035
f 3034 3032 3031
f 3031 3024 3036
f 3032 3028 3027
f 3034 3028 3032
f 3034 3035 3037
f 3034 3038 3028
f 3039 3037 3035
f 2694 3040 2693
f 2693 2700 2692
f 2693 3040 2700
f 2700 3041 2698
f 3041 3042 2698
f 2698 3042 2699
f 3040 3041 2700
f 3040 3043 3041
f 3040 2694 2974
f 3043 3040 2977
f 3043 3044 3041
f 3043 2983 3044
f 3041 3044 3042
f 2977 3040 2974
f 2980 3043 2977
f 2983 3043 2980
f 3024 3033 3036
f 3031 3036 3045
f 3045 3046 3047
f 3036 3046 3045
f 3036 3033 3046
f 3035 3031 3045
f 3035 3045 3039
f 3045 3047 3039
f 3046 3033 3048
f 3046 3049 3047
f 3046 3048 3049
f 2699 3042 3050
f 2983 3051 3052
f 3044 2983 3052
f 3044 3052 3042
f 3042 3052 3050
f 3052 3053 3050
f 3051 3053 3052
f 3054 3053 3055
f 3050 3053 3054
f 3056 3050 3054
f 3054 3057 3056
f 2983 2982 3051
f 3051 3058 3059
f 3051 3059 3053
f 3054 3055 3057
f 3058 3051 2982
f 3053 3059 3060
f 3060 3055 3053
f 3060 3061 3055
f 3061 3057 3055
f 3049 3048 3062
f 3063 3057 3064
f 3057 3061 3064
f 2721 2703 3065
f 3065 2703 3066
f 3065 2988 2721
f 2986 2988 3065
f 3067 3065 3068
f 3068 3065 3066
f 3068 3066 3069
f 2986 3065 3067
f 2984 2986 3067
f 3070 3067 3068
f 3071 3068 3069
f 2644 2719 2720
f 2988 2644 2720
f 2988 2720 2721
f 3072 2737 3073
f 3074 3072 3075
f 3074 2737 3072
f 3076 3072 3073
f 3072 3077 3075
f 3078 3079 3076
f 3079 3080 3076
f 3080 3072 3076
f 3080 3077 3072
f 3081 3077 3080
f 3004 3078 3000
f 3079 3082 3080
f 3082 3081 3080
f 3081 3083 3077
f 2733 2997 2734
f 2737 2732 3073
f 2734 3073 2732
f 3001 3073 2734
f 3001 2734 2994
f 3073 3001 3076
f 3001 3078 3076
f 3001 3000 3078
f 2748 2997 2733
f 2689 2767 3024
f 3084 2766 2769
f 2771 2775 2818
f 3085 2766 3084
f 2767 2766 3085
f 2767 3085 3033
f 3033 3085 3086
f 3085 3084 3086
f 3084 3087 3086
f 2769 3087 3084
f 3087 2769 3088
f 3089 3087 3090
f 3087 3088 3090
f 3086 3087 3091
f 3087 3089 3091
f 3086 3048 3033
f 3048 3086 3091
f 2699 3050 2774
f 3092 2775 2774
f 2774 3050 3056
f 3056 3093 2774
f 2774 3093 3092
f 3093 3094 3092
f 3056 3057 3093
f 3093 3063 3094
f 3092 3094 2818
f 3093 3057 3063
f 3048 3091 3062
f 3089 3090 3095
f 3094 3096 2818
f 3097 3096 3094
f 3063 3097 3094
f 3098 3099 3100
f 3098 3101 3102
f 3099 3098 3102
f 2703 2780 3103
f 2703 3103 3066
f 3103 2780 3104
f 3104 2782 3105
f 3104 2780 2782
f 3106 3107 3105
f 3105 2783 3106
f 2782 2783 3105
f 3108 3103 3104
f 3108 3066 3103
f 3104 3105 3107
f 3069 3066 3108
f 3108 3104 3107
f 3101 3106 3109
f 3101 3107 3106
f 3069 3108 3100
f 3100 3108 3107
f 3100 3107 3098
f 3098 3107 3101
f 3083 3110 3111
f 3069 3100 3099
f 3111 3110 3112
f 3110 3113 3112
f 3114 3112 3113
f 3113 3115 3114
f 2737 2790 2736
f 2793 2790 3074
f 2794 2793 3116
f 2737 3074 2790
f 3075 3116 2793
f 3074 3075 2793
f 3116 3117 2794
f 3117 2836 2794
f 3116 3114 3117
f 3111 3112 3116
f 3111 3116 3075
f 3116 3112 3114
f 3077 3111 3075
f 3083 3111 3077
f 2817 2853 3088
f 3088 2769 2817
f 3118 3088 2853
f 3090 3118 3119
f 3118 3090 3088
f 2775 3092 2818
f 2818 3120 3121
f 3121 3120 3122
f 2818 3096 3120
f 3123 3109 2824
f 3124 3109 3123
f 3125 3123 3126
f 3127 3101 3109
f 3127 3109 3124
f 3123 3125 3124
f 3127 3128 3102
f 3127 3102 3101
f 3128 3127 3124
f 3129 3128 3124
f 3124 3125 3129
f 2824 3106 2783
f 3130 3117 3114
f 2824 2825 3131
f 3132 3133 3134
f 2825 2858 3131
f 3109 3106 2824
f 3123 3131 3126
f 2824 3131 3123
f 3133 3130 3115
f 3115 3130 3114
f 3115 3135 3133
f 3136 3133 3135
f 3136 3137 3133
f 2833 2836 3138
f 2837 2833 3138
f 2833 2837 2834
f 2838 2837 3132
f 3130 2836 3117
f 3138 3130 3133
f 2836 3130 3138
f 2837 3138 3132
f 3132 3134 2838
f 3138 3133 3132
f 2853 2852 3139
f 3140 2853 3139
f 2818 3121 2819
f 2819 3121 2854
f 3141 2854 3121
f 2853 3140 3118
f 3122 3141 3121
f 3140 3142 3143
f 3118 3140 3143
f 3144 3126 3131
f 3145 3126 3144
f 3146 3126 3145
f 3147 3146 3145
f 3148 3147 3145
f 3126 3146 3125
f 3149 3144 2858
f 2857 3149 2858
f 2823 2857 2858
f 2859 3149 2857
f 3145 3149 2859
f 3144 3131 2858
f 3149 3145 3144
f 3137 3134 3133
f 3134 3137 3150
f 2865 2838 2867
f 2867 3151 2868
f 2838 3134 2867
f 3151 2867 3134
f 3150 3151 3134
f 3151 3152 2868
f 3151 3150 3152
f 3139 2852 2887
f 3139 2887 3153
f 3142 3140 3139
f 3148 3154 3155
f 3148 3155 3147
f 3155 3154 3156
f 2860 2888 2892
f 3154 2859 2860
f 2859 3148 3145
f 3154 3148 2859
f 2860 2892 3154
f 3154 2892 3157
f 2868 2893 2863
f 2893 2868 3158
f 3158 2868 3152
f 2871 2893 2896
f 2885 2887 2851
f 3153 2887 2885
f 2885 3159 3153
f 3153 3159 3160
f 3142 3139 3153
f 2854 3141 3161
f 3153 3160 3142
f 3162 3155 3156
f 3163 3162 3156
f 3164 3165 3163
f 3157 2892 3166
f 2892 2891 3166
f 3167 3166 2891
f 3164 3157 3166
f 3166 3167 3164
f 3157 3156 3154
f 3163 3156 3157
f 3157 3164 3163
f 3168 3169 2893
f 3170 3169 3168
f 3171 3158 3172
f 3158 3171 2893
f 3168 2893 3171
f 3172 3173 3171
f 2893 3169 2896
f 2897 2896 3169
f 3174 2904 2897
f 3175 2897 3169
f 3174 2897 3175
f 3170 3175 3169
f 2904 3176 2902
f 2902 3177 2905
f 3177 2902 3176
f 3174 3176 2904
f 3174 3178 3176
f 3176 3178 3177
f 3178 3179 3177
f 2903 2905 2911
f 2911 2905 3180
f 3181 2911 3180
f 3180 2905 3177
f 3177 3182 3180
f 3181 3180 3183
f 3182 3177 3179
f 3182 3183 3180
f 3184 3182 3179
f 3183 3182 3184
f 2911 3181 2910
f 3185 2937 2939
f 3159 2885 2910
f 3186 2910 3181
f 3159 2910 3186
f 3159 3186 3187
f 3188 3181 3183
f 2916 3161 2940
f 2940 2939 2938
f 2916 2854 3161
f 2939 2940 3185
f 3161 3189 2940
f 3185 2940 3189
f 3190 3167 3191
f 3192 3164 3167
f 3167 3190 3192
f 3164 3192 3193
f 2941 2917 2920
f 3194 2941 3195
f 3191 2891 2918
f 3194 2918 2917
f 2917 2941 3194
f 3194 3196 2918
f 3191 3167 2891
f 3191 2918 3196
f 3195 3196 3194
f 3195 3197 3198
f 3198 3196 3195
f 3199 3196 3198
f 3199 3191 3196
f 3191 3200 3190
f 3200 3191 3199
f 3201 3200 3199
f 3170 3168 3202
f 2941 2923 3197
f 3197 3195 2941
f 2923 3203 3197
f 3174 3204 3178
f 3204 3174 3175
f 3205 3175 3170
f 3175 3205 3204
f 2931 3203 2923
f 2942 3206 2931
f 2931 3207 3203
f 3207 2931 3206
f 3179 3178 3208
f 3208 3178 3204
f 2936 3209 2942
f 3209 3206 2942
f 3209 3210 3206
f 3209 3211 3212
f 3212 3210 3209
f 3184 3188 3183
f 3212 3213 3210
f 3211 3209 2936
f 2936 2937 3211
f 3214 3211 2937
f 3212 3211 3215
f 3214 3215 3211
f 3216 3212 3215
f 3185 3189 3217
f 3185 3214 2937
f 3217 3214 3185
f 3217 3189 3218
f 3214 3217 3219
f 3199 3198 3220
f 3199 3220 3201
f 3221 3220 3198
f 3201 3220 3222
f 3222 3220 3223
f 3223 3220 3221
f 3203 3224 3197
f 3221 3198 3197
f 3197 3224 3221
f 3207 3224 3203
f 3224 3225 3221
f 3225 3224 3226
f 3226 3224 3207
f 3227 3206 3210
f 3207 3206 3227
f 3227 3210 3213
f 3213 3212 3216
f 3228 3229 3230
f 2950 3231 3232
f 3232 3231 3233
f 3234 3235 3236
f 3236 3231 3234
f 3233 3231 3236
f 2947 2956 2948
f 3237 2947 2950
f 2950 2947 2946
f 2947 3238 2956
f 3238 2947 3237
f 3237 2950 3232
f 3239 3237 3232
f 3232 3233 3239
f 3239 3238 3237
f 3239 3233 3240
f 2956 3241 2957
f 3241 2956 3238
f 3011 3242 3243
f 3241 3244 2957
f 3242 3245 3243
f 3245 3242 3246
f 3011 3015 3023
f 3242 3011 3247
f 3244 3230 2963
f 3244 2963 2957
f 3011 3023 3247
f 2963 3230 3248
f 3249 3247 3250
f 3247 3249 3242
f 2963 3248 2961
f 2961 3248 2966
f 3248 2967 2966
f 3023 3021 3030
f 3251 2967 3248
f 3247 3023 3250
f 3250 3023 3030
f 3230 3229 3248
f 3229 3251 3248
f 3250 3030 3252
f 3252 3030 3253
f 3252 3254 3250
f 2967 3251 2970
f 3255 2970 3251
f 2971 2970 3255
f 3256 3255 3251
f 3253 3257 3258
f 3256 3251 3229
f 3259 3260 3256
f 3258 3252 3253
f 2975 3261 2973
f 3255 3262 2971
f 2971 3262 2975
f 3261 2975 3262
f 3263 3261 3262
f 3255 3260 3262
f 3260 3263 3262
f 3255 3256 3260
f 2978 2973 3261
f 3264 2981 2978
f 3265 2981 3264
f 2982 2981 3265
f 3266 2978 3261
f 3266 3267 3264
f 3264 2978 3266
f 3267 3265 3264
f 3261 3268 3266
f 3269 3266 3268
f 3267 3266 3269
f 3270 3268 3263
f 3268 3261 3263
f 3268 3271 3269
f 3272 3270 3263
f 3270 3271 3268
f 3257 3273 3274
f 3275 3274 3273
f 3276 2982 3265
f 3276 3277 2982
f 3278 3265 3267
f 3278 3276 3265
f 3278 3267 3269
f 3279 3276 3278
f 3279 3278 3280
f 3281 3279 3280
f 3282 3269 3271
f 3278 3269 3282
f 3283 3281 3280
f 3281 3283 3284
f 3285 3278 3282
f 3280 3278 3285
f 3283 3286 3284
f 3287 3282 3271
f 3280 3285 3288
f 3288 3289 3280
f 3289 3283 3280
f 3289 3286 3283
f 2993 2985 2984
f 2993 2984 3290
f 3290 3291 2993
f 3290 2984 3292
f 3291 3290 3293
f 3294 3291 3293
f 3293 3290 3295
f 3290 3292 3295
f 3296 3294 3293
f 3297 3293 3295
f 3296 3293 3297
f 2950 2949 3231
f 2949 2992 3231
f 3298 3078 3004
f 2992 2990 3299
f 3299 2990 2993
f 3079 3078 3298
f 3234 3231 2992
f 2992 3299 3234
f 3300 3298 3004
f 3291 3299 2993
f 3298 3301 3079
f 3294 3234 3299
f 3299 3291 3294
f 3298 3302 3301
f 3302 3298 3300
f 3303 3302 3300
f 3303 3300 3304
f 3234 3294 3296
f 3301 3302 3305
f 3305 3306 3301
f 3303 3307 3302
f 3307 3305 3302
f 3305 3308 3306
f 3002 3012 3309
f 3309 3003 3002
f 3012 3310 3309
f 3003 3304 3004
f 3003 3309 3304
f 3004 3304 3300
f 3311 3304 3309
f 3310 3311 3309
f 3311 3303 3304
f 3310 3245 3312
f 3243 3009 3011
f 3012 3009 3243
f 3243 3310 3012
f 3243 3245 3310
f 3015 3017 3023
f 3038 3029 3028
f 3030 3029 3253
f 3253 3029 3038
f 3257 3253 3038
f 3037 3038 3034
f 3313 3037 3039
f 3037 3314 3038
f 3314 3037 3313
f 3038 3314 3257
f 3313 3039 3047
f 3315 3313 3047
f 3316 3315 3047
f 3049 3316 3047
f 3257 3314 3273
f 3273 3314 3313
f 3273 3313 3317
f 3317 3313 3315
f 3275 3273 3318
f 3317 3318 3273
f 3277 3058 2982
f 3277 3319 3058
f 3319 3059 3058
f 3319 3320 3059
f 3320 3060 3059
f 3276 3321 3277
f 3319 3277 3321
f 3319 3321 3322
f 3322 3320 3319
f 3322 3323 3320
f 3316 3049 3062
f 3062 3324 3316
f 3279 3321 3276
f 3321 3279 3325
f 3325 3322 3321
f 3325 3323 3322
f 3316 3324 3326
f 3279 3281 3325
f 3281 3284 3325
f 3315 3316 3327
f 3326 3327 3316
f 3326 3324 3328
f 3318 3317 3329
f 3317 3315 3329
f 3327 3329 3315
f 3327 3326 3330
f 3326 3331 3330
f 3286 3332 3284
f 3327 3330 3333
f 3334 3318 3329
f 3327 3334 3329
f 3335 3327 3333
f 3060 3320 3061
f 3061 3320 3336
f 3064 3061 3336
f 3336 3337 3064
f 3320 3323 3338
f 3336 3320 3338
f 3336 3338 3339
f 3339 3340 3336
f 3336 3340 3337
f 3341 3338 3323
f 3341 3339 3338
f 3337 3340 3342
f 3325 3284 3343
f 3323 3325 3343
f 3344 3323 3343
f 3344 3341 3323
f 3345 3340 3339
f 3340 3345 3346
f 3346 3342 3340
f 3339 3341 3344
f 3345 3347 3346
f 3332 3343 3284
f 3348 3343 3332
f 3344 3343 3348
f 3339 3344 3349
f 3350 3345 3349
f 3349 3345 3339
f 3326 3328 3331
f 3286 3351 3332
f 3348 3332 3351
f 3348 3351 3352
f 3352 3344 3348
f 3352 3353 3344
f 3353 3349 3344
f 3353 3350 3349
f 3330 3331 3333
f 3350 3347 3345
f 3350 3353 3331
f 3331 3328 3354
f 3331 3354 3350
f 3354 3347 3350
f 3354 3328 3347
f 3355 3071 3069
f 3356 3357 3071
f 3356 3071 3355
f 3358 3357 3356
f 3359 3357 3360
f 3360 3357 3358
f 3070 3068 3071
f 3067 3070 3359
f 3081 3361 3083
f 3361 3362 3083
f 3292 2984 3359
f 3359 2984 3067
f 3359 3070 3357
f 3357 3070 3071
f 3082 3361 3081
f 3363 3361 3082
f 3363 3364 3361
f 3364 3362 3361
f 3365 3362 3364
f 3306 3363 3082
f 3365 3364 3366
f 3292 3359 3360
f 3306 3308 3367
f 3367 3363 3306
f 3363 3367 3364
f 3301 3082 3079
f 3301 3306 3082
f 3062 3091 3368
f 3091 3369 3368
f 3091 3089 3369
f 3369 3089 3370
f 3370 3089 3095
f 3324 3062 3368
f 3368 3369 3370
f 3370 3095 3371
f 3368 3372 3324
f 3370 3372 3368
f 3372 3328 3324
f 3337 3373 3063
f 3064 3337 3063
f 3097 3063 3373
f 3374 3097 3373
f 3096 3097 3374
f 3375 3096 3374
f 3096 3375 3376
f 3373 3337 3342
f 3342 3377 3373
f 3377 3378 3374
f 3373 3377 3374
f 3375 3374 3378
f 3342 3379 3377
f 3379 3380 3378
f 3377 3379 3378
f 3375 3378 3380
f 3376 3375 3380
f 3380 3381 3376
f 3342 3346 3379
f 3382 3380 3379
f 3382 3381 3380
f 3347 3383 3346
f 3383 3379 3346
f 3370 3371 3372
f 3383 3384 3379
f 3384 3382 3379
f 3384 3385 3382
f 3385 3381 3382
f 3386 3387 3383
f 3386 3372 3371
f 3371 3387 3386
f 3383 3387 3384
f 3388 3387 3371
f 3387 3388 3384
f 3371 3095 3389
f 3384 3388 3385
f 3095 3119 3389
f 3390 3385 3388
f 3372 3386 3328
f 3328 3386 3383
f 3347 3328 3383
f 3371 3389 3388
f 3389 3119 3391
f 3389 3391 3390
f 3388 3389 3390
f 3355 3069 3099
f 3099 3392 3355
f 3102 3392 3099
f 3393 3102 3128
f 3102 3393 3392
f 3394 3355 3392
f 3394 3356 3355
f 3395 3394 3392
f 3396 3356 3394
f 3396 3394 3395
f 3393 3395 3392
f 3397 3395 3393
f 3110 3398 3113
f 3362 3110 3083
f 3399 3398 3110
f 3398 3400 3113
f 3400 3115 3113
f 3362 3399 3110
f 3401 3398 3399
f 3365 3399 3362
f 3401 3402 3398
f 3402 3403 3400
f 3402 3400 3398
f 3365 3401 3399
f 3404 3403 3402
f 3401 3365 3405
f 3405 3402 3401
f 3406 3404 3402
f 3407 3122 3120
f 3095 3090 3119
f 3119 3118 3143
f 3143 3408 3119
f 3120 3096 3376
f 3120 3376 3407
f 3409 3407 3376
f 3407 3409 3410
f 3122 3407 3411
f 3381 3412 3376
f 3412 3409 3376
f 3412 3410 3409
f 3412 3381 3413
f 3413 3414 3412
f 3414 3410 3412
f 3407 3410 3415
f 3410 3414 3415
f 3407 3415 3411
f 3385 3413 3381
f 3385 3390 3413
f 3390 3416 3413
f 3416 3414 3413
f 3416 3415 3414
f 3416 3417 3415
f 3390 3418 3416
f 3119 3418 3391
f 3391 3418 3390
f 3119 3408 3418
f 3408 3416 3418
f 3419 3420 3417
f 3419 3417 3416
f 3129 3125 3421
f 3422 3128 3129
f 3393 3128 3422
f 3423 3422 3129
f 3397 3393 3422
f 3424 3425 3426
f 3404 3426 3403
f 3422 3423 3427
f 3136 3428 3137
f 3400 3135 3115
f 3400 3403 3135
f 3403 3136 3135
f 3426 3425 3136
f 3426 3136 3403
f 3143 3142 3420
f 3141 3122 3411
f 3417 3411 3415
f 3417 3429 3411
f 3411 3429 3141
f 3417 3430 3429
f 3430 3431 3429
f 3420 3432 3417
f 3417 3432 3430
f 3432 3431 3430
f 3421 3125 3146
f 3421 3146 3433
f 3433 3146 3434
f 3423 3129 3421
f 3433 3434 3435
f 3421 3433 3423
f 3425 3424 3436
f 3424 3437 3436
f 3437 3438 3436
f 3427 3423 3439
f 3433 3439 3423
f 3440 3427 3439
f 3441 3137 3442
f 3150 3137 3441
f 3428 3442 3137
f 3442 3438 3441
f 3441 3438 3443
f 3425 3436 3428
f 3136 3425 3428
f 3442 3428 3436
f 3438 3442 3436
f 3141 3444 3161
f 3161 3444 3445
f 3429 3431 3141
f 3141 3431 3444
f 3446 3444 3431
f 3444 3446 3445
f 3147 3434 3146
f 3155 3434 3147
f 3434 3155 3162
f 3435 3439 3433
f 3438 3447 3443
f 3447 3438 3437
f 3447 3448 3443
f 3441 3449 3150
f 3150 3449 3152
f 3450 3152 3449
f 3449 3441 3443
f 3443 3448 3449
f 3448 3450 3449
f 3161 3445 3451
f 3162 3163 3452
f 3163 3165 3452
f 3453 3162 3452
f 3164 3193 3165
f 3162 3453 3434
f 3454 3455 3452
f 3165 3454 3452
f 3453 3435 3434
f 3452 3455 3453
f 3435 3453 3456
f 3455 3456 3453
f 3457 3435 3456
f 3458 3448 3459
f 3158 3152 3172
f 3173 3172 3460
f 3450 3461 3152
f 3152 3461 3172
f 3461 3460 3172
f 3173 3460 3462
f 3461 3463 3460
f 3462 3460 3463
f 3450 3463 3461
f 3463 3450 3458
f 3458 3450 3448
f 3464 3463 3458
f 3463 3464 3465
f 3187 3186 3466
f 3186 3181 3188
f 3159 3187 3160
f 3187 3466 3467
f 3187 3467 3160
f 3468 3160 3467
f 3165 3193 3454
f 3193 3469 3454
f 3454 3469 3470
f 3471 3472 3469
f 3473 3469 3472
f 3469 3473 3470
f 3454 3470 3455
f 3470 3473 3474
f 3473 3475 3474
f 3476 3471 3190
f 3190 3200 3476
f 3469 3193 3192
f 3471 3469 3192
f 3190 3471 3192
f 3173 3462 3477
f 3477 3462 3465
f 3477 3465 3478
f 3463 3465 3462
f 3464 3479 3465
f 3479 3464 3480
f 3465 3479 3478
f 3478 3481 3482
f 3202 3171 3173
f 3202 3168 3171
f 3483 3170 3202
f 3202 3484 3483
f 3485 3483 3484
f 3485 3486 3483
f 3477 3202 3173
f 3487 3202 3477
f 3487 3484 3202
f 3477 3478 3487
f 3478 3482 3487
f 3484 3487 3482
f 3205 3170 3483
f 3204 3205 3488
f 3208 3204 3488
f 3205 3483 3486
f 3488 3205 3486
f 3486 3489 3488
f 3488 3489 3208
f 3208 3490 3179
f 3490 3208 3489
f 3490 3489 3491
f 3491 3492 3490
f 3184 3179 3490
f 3184 3492 3188
f 3490 3492 3184
f 3188 3493 3186
f 3215 3494 3216
f 3466 3186 3493
f 3495 3466 3493
f 3188 3492 3493
f 3492 3495 3493
f 3495 3492 3496
f 3217 3218 3497
f 3214 3219 3215
f 3219 3217 3497
f 3215 3219 3498
f 3215 3498 3494
f 3497 3498 3219
f 3494 3498 3497
f 3466 3495 3467
f 3189 3161 3218
f 3497 3499 3494
f 3495 3468 3467
f 3161 3500 3218
f 3161 3451 3500
f 3218 3500 3501
f 3497 3218 3499
f 3472 3476 3502
f 3475 3473 3472
f 3502 3475 3472
f 3503 3476 3200
f 3201 3504 3503
f 3505 3503 3504
f 3506 3476 3503
f 3471 3476 3472
f 3503 3507 3506
f 3507 3503 3505
f 3508 3505 3504
f 3502 3476 3506
f 3509 3507 3505
f 3510 3506 3507
f 3503 3200 3201
f 3504 3201 3222
f 3223 3511 3222
f 3512 3511 3223
f 3513 3511 3512
f 3514 3504 3222
f 3222 3511 3514
f 3515 3514 3511
f 3513 3515 3511
f 3516 3517 3485
f 3517 3486 3485
f 3514 3508 3504
f 3482 3516 3484
f 3485 3484 3516
f 3518 3486 3517
f 3516 3519 3517
f 3517 3519 3520
f 3518 3517 3520
f 3221 3225 3223
f 3225 3512 3223
f 3521 3226 3207
f 3522 3512 3225
f 3226 3522 3225
f 3521 3522 3226
f 3523 3521 3213
f 3513 3512 3522
f 3522 3521 3524
f 3524 3521 3523
f 3518 3489 3486
f 3513 3522 3524
f 3523 3213 3525
f 3518 3491 3489
f 3523 3526 3524
f 3525 3526 3523
f 3518 3527 3491
f 3521 3207 3227
f 3213 3521 3227
f 3213 3216 3525
f 3492 3491 3496
f 3525 3216 3528
f 3216 3494 3529
f 3528 3216 3529
f 3505 3508 3530
f 3509 3505 3530
f 3531 3508 3514
f 3515 3531 3514
f 3532 3531 3515
f 3533 3532 3515
f 3531 3530 3508
f 3515 3513 3533
f 3513 3524 3533
f 3533 3524 3526
f 3533 3526 3534
f 3526 3525 3534
f 3532 3533 3534
f 3535 3536 3537
f 3538 3244 3241
f 3538 3238 3539
f 3244 3538 3540
f 3537 3541 3539
f 3538 3539 3541
f 3538 3541 3540
f 3541 3542 3540
f 3541 3537 3543
f 3540 3230 3244
f 3540 3228 3230
f 3540 3542 3228
f 3542 3544 3228
f 3229 3545 3256
f 3228 3545 3229
f 3228 3544 3545
f 3546 3545 3544
f 3545 3259 3256
f 3259 3547 3548
f 3235 3549 3550
f 3551 3550 3552
f 3240 3233 3553
f 3553 3236 3554
f 3236 3235 3554
f 3553 3233 3236
f 3235 3234 3296
f 3553 3555 3240
f 3554 3556 3553
f 3553 3556 3555
f 3554 3550 3557
f 3556 3554 3557
f 3550 3554 3235
f 3557 3558 3556
f 3559 3560 3555
f 3556 3558 3555
f 3557 3550 3551
f 3240 3561 3239
f 3238 3239 3561
f 3561 3539 3238
f 3240 3555 3560
f 3560 3561 3240
f 3560 3535 3561
f 3537 3539 3535
f 3539 3561 3535
f 3562 3312 3563
f 3564 3563 3312
f 3246 3242 3249
f 3312 3245 3564
f 3238 3538 3241
f 3564 3246 3565
f 3246 3249 3565
f 3246 3564 3245
f 3249 3250 3566
f 3565 3249 3566
f 3565 3566 3567
f 3254 3252 3568
f 3254 3566 3250
f 3566 3254 3569
f 3569 3254 3568
f 3252 3258 3568
f 3258 3570 3568
f 3260 3272 3263
f 3274 3258 3257
f 3259 3272 3260
f 3259 3548 3272
f 3570 3258 3274
f 3571 3270 3272
f 3572 3271 3270
f 3572 3287 3271
f 3270 3571 3572
f 3548 3571 3272
f 3570 3274 3275
f 3548 3573 3571
f 3573 3574 3571
f 3574 3572 3571
f 3574 3575 3572
f 3275 3576 3577
f 3573 3578 3574
f 3570 3275 3577
f 3579 3285 3282
f 3579 3288 3285
f 3289 3288 3580
f 3581 3286 3289
f 3287 3579 3282
f 3288 3579 3582
f 3288 3582 3580
f 3580 3581 3289
f 3582 3579 3583
f 3572 3584 3287
f 3287 3584 3579
f 3583 3579 3584
f 3582 3585 3580
f 3575 3584 3572
f 3586 3583 3584
f 3582 3583 3587
f 3587 3588 3582
f 3588 3585 3582
f 3585 3588 3589
f 3589 3590 3585
f 3586 3584 3575
f 3587 3583 3586
f 3589 3591 3590
f 3575 3574 3592
f 3592 3586 3575
f 3593 3588 3587
f 3593 3594 3588
f 3588 3594 3589
f 3576 3595 3596
f 3597 3596 3595
f 3592 3598 3586
f 3593 3587 3586
f 3589 3594 3599
f 3589 3599 3591
f 3599 3597 3591
f 3580 3585 3590
f 3581 3580 3590
f 3600 3601 3602
f 3549 3296 3297
f 3297 3295 3603
f 3603 3295 3292
f 3235 3296 3549
f 3604 3603 3605
f 3605 3603 3292
f 3549 3297 3606
f 3606 3603 3604
f 3605 3601 3604
f 3297 3603 3606
f 3604 3601 3607
f 3607 3606 3604
f 3552 3550 3549
f 3549 3606 3552
f 3552 3606 3608
f 3606 3607 3608
f 3601 3609 3607
f 3303 3610 3307
f 3307 3611 3305
f 3610 3611 3307
f 3305 3612 3308
f 3303 3613 3610
f 3611 3612 3305
f 3613 3562 3614
f 3613 3614 3610
f 3611 3615 3616
f 3615 3611 3610
f 3616 3612 3611
f 3617 3308 3612
f 3614 3615 3610
f 3618 3612 3616
f 3618 3617 3612
f 3616 3615 3619
f 3619 3618 3616
f 3310 3620 3311
f 3312 3620 3310
f 3620 3613 3311
f 3613 3620 3562
f 3303 3311 3613
f 3562 3620 3312
f 3621 3614 3562
f 3576 3275 3318
f 3334 3327 3335
f 3576 3318 3595
f 3595 3318 3334
f 3595 3334 3622
f 3334 3335 3622
f 3623 3624 3335
f 3624 3622 3335
f 3595 3622 3597
f 3625 3597 3622
f 3625 3622 3624
f 3597 3625 3591
f 3581 3351 3286
f 3626 3352 3351
f 3352 3626 3353
f 3627 3333 3331
f 3331 3353 3627
f 3626 3628 3353
f 3623 3335 3629
f 3627 3628 3629
f 3629 3335 3333
f 3629 3333 3627
f 3628 3627 3353
f 3581 3590 3630
f 3351 3581 3630
f 3630 3626 3351
f 3623 3628 3626
f 3628 3623 3629
f 3590 3625 3630
f 3624 3623 3626
f 3625 3624 3630
f 3630 3624 3626
f 3590 3591 3625
f 3396 3358 3356
f 3602 3360 3358
f 3602 3358 3631
f 3631 3358 3632
f 3632 3358 3396
f 3601 3605 3602
f 3602 3605 3360
f 3633 3602 3631
f 3632 3634 3631
f 3634 3632 3635
f 3634 3633 3631
f 3634 3635 3636
f 3600 3602 3633
f 3605 3292 3360
f 3367 3366 3364
f 3367 3308 3637
f 3405 3365 3366
f 3617 3637 3308
f 3367 3637 3638
f 3638 3366 3367
f 3366 3638 3639
f 3639 3405 3366
f 3618 3640 3617
f 3640 3637 3617
f 3640 3638 3637
f 3641 3405 3639
f 3618 3642 3640
f 3638 3640 3643
f 3643 3639 3638
f 3643 3640 3642
f 3644 3396 3395
f 3644 3397 3645
f 3644 3395 3397
f 3646 3396 3644
f 3632 3396 3646
f 3635 3632 3646
f 3646 3644 3647
f 3647 3644 3645
f 3635 3647 3636
f 3635 3646 3647
f 3648 3406 3649
f 3650 3636 3647
f 3650 3647 3645
f 3648 3649 3651
f 3405 3406 3402
f 3649 3406 3405
f 3641 3649 3405
f 3408 3419 3416
f 3420 3419 3408
f 3645 3652 3653
f 3654 3645 3653
f 3404 3655 3426
f 3655 3424 3426
f 3397 3422 3652
f 3648 3655 3404
f 3652 3422 3427
f 3648 3404 3406
f 3645 3397 3652
f 3652 3427 3656
f 3648 3657 3655
f 3658 3657 3648
f 3651 3658 3648
f 3408 3143 3420
f 3142 3659 3420
f 3420 3659 3432
f 3656 3427 3440
f 3652 3656 3653
f 3653 3656 3660
f 3660 3656 3440
f 3661 3655 3657
f 3655 3661 3424
f 3661 3437 3424
f 3661 3662 3437
f 3657 3662 3661
f 3663 3662 3664
f 3432 3665 3431
f 3666 3665 3432
f 3665 3666 3667
f 3431 3665 3446
f 3665 3445 3446
f 3457 3439 3435
f 3457 3440 3439
f 3668 3440 3457
f 3457 3669 3668
f 3670 3447 3437
f 3447 3670 3671
f 3448 3447 3671
f 3437 3662 3670
f 3671 3670 3672
f 3672 3673 3671
f 3663 3670 3662
f 3674 3673 3672
f 3672 3670 3663
f 3663 3674 3672
f 3142 3160 3675
f 3667 3445 3665
f 3676 3445 3667
f 3659 3142 3675
f 3659 3675 3432
f 3675 3666 3432
f 3675 3677 3666
f 3677 3667 3666
f 3669 3457 3678
f 3679 3678 3680
f 3679 3669 3678
f 3681 3669 3679
f 3448 3682 3459
f 3459 3480 3464
f 3682 3448 3671
f 3457 3456 3678
f 3456 3683 3680
f 3456 3680 3678
f 3682 3684 3459
f 3480 3459 3684
f 3671 3673 3682
f 3682 3685 3684
f 3685 3682 3673
f 3686 3684 3685
f 3458 3459 3464
f 3687 3451 3445
f 3688 3445 3676
f 3687 3445 3688
f 3667 3689 3676
f 3689 3688 3676
f 3690 3687 3688
f 3691 3689 3667
f 3691 3692 3689
f 3692 3688 3689
f 3692 3690 3688
f 3160 3693 3675
f 3675 3693 3677
f 3160 3694 3693
f 3677 3693 3667
f 3691 3693 3694
f 3667 3693 3691
f 3694 3160 3695
f 3696 3692 3691
f 3160 3697 3695
f 3696 3690 3692
f 3691 3694 3696
f 3694 3695 3696
f 3695 3697 3696
f 3160 3468 3697
f 3698 3680 3699
f 3700 3699 3701
f 3698 3699 3700
f 3702 3700 3703
f 3455 3683 3456
f 3683 3455 3704
f 3470 3704 3455
f 3470 3474 3704
f 3680 3683 3699
f 3683 3704 3699
f 3705 3704 3474
f 3704 3705 3701
f 3705 3706 3701
f 3480 3684 3707
f 3708 3480 3707
f 3708 3709 3480
f 3710 3709 3708
f 3699 3704 3701
f 3686 3707 3684
f 3700 3701 3703
f 3710 3708 3711
f 3712 3707 3686
f 3707 3711 3708
f 3479 3481 3478
f 3713 3481 3479
f 3479 3480 3709
f 3713 3479 3709
f 3709 3710 3713
f 3499 3714 3494
f 3715 3500 3451
f 3499 3501 3714
f 3499 3218 3501
f 3715 3451 3687
f 3501 3500 3715
f 3715 3716 3717
f 3715 3687 3716
f 3501 3715 3717
f 3714 3501 3718
f 3717 3716 3719
f 3501 3717 3718
f 3717 3719 3718
f 3718 3720 3721
f 3718 3719 3720
f 3714 3718 3721
f 3687 3690 3716
f 3719 3716 3722
f 3716 3690 3722
f 3722 3690 3723
f 3719 3722 3724
f 3722 3723 3724
f 3719 3724 3720
f 3696 3725 3690
f 3725 3723 3690
f 3724 3723 3725
f 3702 3703 3726
f 3727 3475 3502
f 3727 3502 3510
f 3510 3502 3506
f 3475 3705 3474
f 3705 3475 3728
f 3475 3727 3728
f 3729 3727 3510
f 3729 3510 3730
f 3706 3705 3728
f 3731 3706 3728
f 3729 3732 3727
f 3706 3703 3701
f 3732 3728 3727
f 3706 3731 3703
f 3731 3728 3732
f 3703 3731 3726
f 3481 3733 3482
f 3734 3482 3733
f 3713 3733 3481
f 3733 3735 3734
f 3735 3736 3734
f 3510 3507 3730
f 3737 3713 3710
f 3737 3710 3711
f 3713 3737 3738
f 3738 3733 3713
f 3738 3735 3733
f 3738 3739 3735
f 3739 3740 3735
f 3741 3738 3737
f 3742 3738 3741
f 3742 3743 3738
f 3743 3739 3738
f 3734 3516 3482
f 3527 3518 3520
f 3736 3516 3734
f 3736 3519 3516
f 3744 3520 3519
f 3520 3745 3527
f 3520 3744 3745
f 3736 3735 3740
f 3744 3736 3740
f 3736 3744 3519
f 3744 3740 3746
f 3746 3747 3744
f 3747 3745 3744
f 3747 3746 3748
f 3527 3496 3491
f 3527 3745 3496
f 3749 3496 3745
f 3529 3494 3714
f 3529 3714 3721
f 3750 3732 3729
f 3730 3750 3729
f 3751 3750 3730
f 3752 3509 3530
f 3730 3507 3509
f 3730 3509 3753
f 3753 3509 3754
f 3752 3754 3509
f 3755 3754 3752
f 3756 3755 3752
f 3730 3753 3751
f 3751 3753 3757
f 3754 3757 3753
f 3758 3754 3755
f 3757 3754 3758
f 3531 3752 3530
f 3532 3534 3759
f 3756 3752 3531
f 3532 3756 3531
f 3756 3532 3760
f 3760 3532 3759
f 3760 3755 3756
f 3758 3755 3760
f 3747 3749 3745
f 3760 3761 3758
f 3759 3761 3760
f 3525 3762 3534
f 3762 3525 3528
f 3534 3762 3759
f 3763 3537 3536
f 3763 3543 3537
f 3543 3763 3764
f 3765 3763 3536
f 3765 3766 3763
f 3766 3764 3763
f 3765 3767 3768
f 3543 3769 3541
f 3541 3769 3542
f 3543 3764 3769
f 3769 3764 3770
f 3542 3769 3771
f 3769 3772 3771
f 3772 3769 3770
f 3773 3770 3764
f 3542 3771 3544
f 3771 3774 3544
f 3259 3545 3546
f 3775 3546 3544
f 3546 3547 3259
f 3547 3546 3776
f 3777 3778 3547
f 3778 3573 3547
f 3778 3779 3573
f 3780 3551 3552
f 3608 3780 3552
f 3780 3608 3781
f 3782 3780 3781
f 3782 3781 3783
f 3558 3559 3555
f 3558 3557 3551
f 3784 3785 3559
f 3784 3559 3558
f 3785 3784 3786
f 3784 3558 3787
f 3787 3558 3551
f 3788 3551 3780
f 3788 3787 3551
f 3784 3787 3786
f 3786 3789 3785
f 3787 3788 3786
f 3789 3786 3790
f 3782 3788 3780
f 3791 3792 3793
f 3560 3536 3535
f 3536 3560 3559
f 3785 3536 3559
f 3563 3794 3562
f 3621 3562 3792
f 3792 3562 3794
f 3793 3792 3794
f 3785 3765 3536
f 3765 3785 3789
f 3767 3765 3789
f 3564 3565 3795
f 3795 3563 3564
f 3567 3795 3565
f 3794 3563 3795
f 3795 3796 3794
f 3796 3795 3797
f 3798 3797 3795
f 3567 3566 3799
f 3798 3795 3567
f 3798 3799 3800
f 3798 3567 3799
f 3799 3566 3569
f 3800 3799 3569
f 3569 3801 3802
f 3800 3569 3802
f 3801 3569 3568
f 3568 3570 3801
f 3547 3573 3548
f 3570 3577 3803
f 3803 3577 3596
f 3573 3804 3578
f 3779 3804 3573
f 3803 3596 3805
f 3806 3807 3779
f 3779 3807 3804
f 3808 3804 3807
f 3578 3592 3574
f 3598 3593 3586
f 3809 3593 3598
f 3593 3809 3594
f 3577 3576 3596
f 3596 3597 3810
f 3810 3597 3599
f 3594 3810 3599
f 3578 3811 3592
f 3811 3598 3592
f 3804 3811 3578
f 3808 3598 3811
f 3808 3812 3598
f 3812 3809 3598
f 3809 3812 3813
f 3808 3811 3804
f 3813 3814 3809
f 3814 3594 3809
f 3815 3596 3810
f 3808 3816 3817
f 3817 3812 3808
f 3812 3817 3813
f 3805 3596 3815
f 3814 3818 3594
f 3818 3814 3815
f 3818 3815 3810
f 3818 3810 3594
f 3808 3807 3816
f 3817 3819 3813
f 3813 3819 3814
f 3814 3805 3815
f 3816 3820 3817
f 3820 3819 3817
f 3819 3805 3814
f 3819 3821 3805
f 3820 3822 3819
f 3819 3822 3821
f 3823 3803 3821
f 3803 3805 3821
f 3601 3600 3609
f 3609 3600 3824
f 3609 3825 3826
f 3827 3826 3825
f 3825 3609 3824
f 3825 3828 3827
f 3825 3824 3829
f 3828 3825 3829
f 3830 3608 3607
f 3618 3831 3832
f 3609 3826 3607
f 3831 3833 3832
f 3834 3833 3831
f 3833 3835 3832
f 3781 3608 3830
f 3830 3826 3836
f 3826 3830 3607
f 3833 3837 3835
f 3836 3781 3830
f 3826 3827 3836
f 3838 3833 3834
f 3838 3837 3833
f 3783 3781 3836
f 3834 3839 3838
f 3621 3615 3614
f 3840 3615 3621
f 3615 3841 3619
f 3619 3831 3618
f 3840 3621 3792
f 3841 3615 3840
f 3831 3841 3834
f 3841 3831 3619
f 3840 3842 3841
f 3841 3842 3834
f 3842 3840 3791
f 3791 3840 3792
f 3834 3842 3839
f 3843 3633 3634
f 3824 3600 3844
f 3844 3600 3633
f 3844 3633 3843
f 3634 3636 3843
f 3845 3844 3843
f 3846 3843 3636
f 3824 3844 3847
f 3845 3848 3847
f 3844 3845 3847
f 3845 3843 3846
f 3849 3850 3851
f 3852 3846 3636
f 3847 3853 3829
f 3824 3847 3829
f 3849 3854 3855
f 3856 3846 3857
f 3856 3845 3846
f 3857 3846 3852
f 3853 3847 3848
f 3856 3848 3845
f 3858 3856 3857
f 3855 3859 3849
f 3858 3848 3856
f 3832 3642 3618
f 3643 3642 3860
f 3861 3643 3860
f 3643 3861 3862
f 3643 3862 3639
f 3862 3641 3639
f 3862 3851 3641
f 3835 3642 3832
f 3835 3860 3642
f 3837 3860 3835
f 3861 3851 3862
f 3837 3863 3860
f 3863 3861 3860
f 3861 3863 3854
f 3854 3849 3851
f 3854 3851 3861
f 3864 3854 3863
f 3864 3855 3854
f 3863 3837 3865
f 3863 3865 3864
f 3654 3650 3645
f 3866 3650 3654
f 3852 3650 3866
f 3852 3867 3868
f 3868 3857 3852
f 3867 3852 3866
f 3852 3636 3650
f 3850 3641 3851
f 3869 3870 3651
f 3850 3649 3641
f 3649 3869 3651
f 3859 3850 3849
f 3850 3869 3649
f 3850 3871 3869
f 3859 3871 3850
f 3869 3871 3872
f 3654 3653 3873
f 3874 3866 3654
f 3874 3654 3873
f 3870 3658 3651
f 3875 3658 3870
f 3875 3876 3658
f 3660 3440 3668
f 3873 3653 3660
f 3877 3660 3668
f 3878 3873 3660
f 3660 3877 3878
f 3878 3879 3873
f 3664 3662 3657
f 3876 3664 3657
f 3876 3657 3658
f 3880 3881 3664
f 3876 3880 3664
f 3882 3877 3668
f 3883 3877 3884
f 3883 3878 3877
f 3881 3674 3663
f 3664 3881 3663
f 3881 3885 3674
f 3885 3881 3886
f 3887 3885 3886
f 3669 3882 3668
f 3669 3681 3882
f 3888 3679 3680
f 3888 3681 3679
f 3889 3681 3888
f 3890 3882 3681
f 3890 3681 3889
f 3877 3882 3890
f 3891 3890 3889
f 3889 3892 3893
f 3891 3889 3893
f 3890 3884 3877
f 3891 3884 3890
f 3685 3894 3686
f 3894 3674 3885
f 3673 3894 3685
f 3895 3686 3894
f 3894 3673 3674
f 3896 3894 3885
f 3885 3887 3896
f 3680 3698 3888
f 3700 3702 3897
f 3700 3897 3698
f 3892 3889 3888
f 3698 3892 3888
f 3698 3897 3898
f 3899 3898 3897
f 3897 3702 3899
f 3892 3698 3898
f 3899 3900 3898
f 3901 3898 3900
f 3902 3712 3686
f 3707 3712 3711
f 3712 3903 3711
f 3712 3902 3904
f 3902 3686 3895
f 3905 3895 3894
f 3905 3906 3895
f 3906 3902 3895
f 3906 3904 3902
f 3904 3907 3712
f 3905 3908 3906
f 3906 3908 3904
f 3468 3495 3909
f 3721 3910 3529
f 3909 3495 3911
f 3912 3909 3911
f 3912 3913 3914
f 3468 3915 3697
f 3697 3915 3916
f 3697 3916 3696
f 3696 3916 3725
f 3725 3917 3724
f 3724 3721 3720
f 3912 3915 3468
f 3915 3912 3916
f 3468 3909 3912
f 3916 3912 3725
f 3912 3917 3725
f 3917 3918 3724
f 3910 3721 3724
f 3918 3910 3724
f 3912 3914 3917
f 3914 3918 3917
f 3914 3910 3918
f 3702 3726 3919
f 3919 3726 3920
f 3702 3919 3899
f 3920 3921 3919
f 3899 3919 3922
f 3922 3919 3921
f 3900 3899 3922
f 3922 3921 3923
f 3922 3923 3924
f 3731 3920 3726
f 3925 3920 3731
f 3731 3732 3925
f 3711 3903 3737
f 3737 3903 3741
f 3741 3903 3926
f 3712 3907 3903
f 3903 3927 3926
f 3920 3925 3921
f 3927 3928 3926
f 3928 3929 3926
f 3928 3930 3929
f 3921 3931 3923
f 3903 3907 3927
f 3904 3932 3907
f 3932 3933 3907
f 3907 3933 3927
f 3934 3928 3927
f 3743 3935 3739
f 3739 3936 3740
f 3742 3935 3743
f 3926 3742 3741
f 3929 3742 3926
f 3929 3937 3742
f 3937 3938 3742
f 3930 3937 3929
f 3529 3910 3939
f 3913 3910 3914
f 3913 3939 3910
f 3940 3732 3750
f 3940 3750 3941
f 3750 3751 3941
f 3942 3941 3751
f 3925 3940 3943
f 3925 3732 3940
f 3943 3940 3941
f 3931 3925 3944
f 3944 3925 3943
f 3945 3943 3941
f 3941 3942 3945
f 3945 3942 3946
f 3925 3931 3921
f 3947 3945 3946
f 3923 3931 3948
f 3944 3948 3931
f 3944 3943 3949
f 3949 3943 3950
f 3950 3943 3945
f 3950 3945 3947
f 3944 3949 3948
f 3951 3949 3950
f 3947 3946 3952
f 3934 3953 3928
f 3953 3930 3928
f 3953 3954 3930
f 3951 3950 3947
f 3955 3746 3936
f 3936 3746 3740
f 3942 3751 3956
f 3757 3956 3751
f 3957 3956 3757
f 3957 3757 3758
f 3935 3958 3739
f 3938 3958 3935
f 3958 3936 3739
f 3957 3758 3959
f 3742 3938 3935
f 3955 3936 3958
f 3956 3957 3960
f 3959 3761 3961
f 3946 3942 3956
f 3946 3956 3962
f 3962 3956 3960
f 3957 3959 3960
f 3937 3930 3938
f 3958 3938 3963
f 3954 3963 3938
f 3963 3964 3958
f 3964 3955 3958
f 3965 3964 3963
f 3930 3954 3938
f 3954 3965 3963
f 3748 3746 3955
f 3758 3761 3959
f 3747 3748 3749
f 3748 3966 3967
f 3968 3748 3955
f 3968 3966 3748
f 3955 3964 3968
f 3969 3968 3964
f 3496 3749 3967
f 3748 3967 3749
f 3970 3947 3952
f 3960 3959 3971
f 3959 3961 3971
f 3971 3961 3972
f 3962 3952 3946
f 3973 3952 3962
f 3962 3960 3973
f 3973 3960 3971
f 3973 3971 3974
f 3974 3971 3972
f 3961 3761 3975
f 3761 3759 3975
f 3972 3961 3976
f 3961 3975 3976
f 3976 3975 3977
f 3975 3759 3977
f 3759 3762 3978
f 3759 3978 3977
f 3768 3766 3765
f 3766 3773 3764
f 3766 3768 3773
f 3979 3773 3768
f 3767 3979 3768
f 3767 3980 3979
f 3773 3981 3982
f 3983 3979 3980
f 3979 3981 3773
f 3982 3984 3770
f 3772 3770 3984
f 3772 3774 3771
f 3982 3770 3773
f 3984 3774 3772
f 3982 3985 3984
f 3981 3985 3982
f 3544 3774 3986
f 3984 3987 3774
f 3987 3986 3774
f 3984 3988 3987
f 3986 3775 3544
f 3775 3776 3546
f 3776 3775 3989
f 3986 3989 3775
f 3986 3987 3989
f 3547 3776 3777
f 3777 3990 3778
f 3991 3990 3992
f 3779 3778 3806
f 3991 3778 3990
f 3991 3806 3778
f 3991 3993 3806
f 3782 3994 3995
f 3996 3997 3994
f 3783 3996 3994
f 3994 3782 3783
f 3994 3997 3998
f 3995 3994 3998
f 3999 4000 3995
f 3998 3999 3995
f 3789 3790 3767
f 4001 3786 3788
f 3791 3793 4002
f 4001 3790 3786
f 4003 3790 4001
f 4003 3767 3790
f 4001 3788 4004
f 4004 3788 3782
f 4000 4003 4004
f 4004 4003 4001
f 4004 3995 4000
f 3995 4004 3782
f 3980 3767 4003
f 4005 4003 4000
f 4002 4006 4007
f 4008 4007 4009
f 4002 4007 4008
f 3793 3794 3796
f 4010 3793 3796
f 4002 3793 4010
f 4011 4010 3796
f 4012 4010 4011
f 4012 4002 4010
f 3796 3797 4013
f 4014 4013 3797
f 4015 4013 4014
f 4011 3796 4013
f 4011 4013 4016
f 4013 4015 4016
f 4014 3797 3798
f 4014 3798 4017
f 3798 3800 4017
f 3800 3802 4018
f 4017 3800 4018
f 3802 3801 4019
f 4018 3802 4020
f 3801 3570 3803
f 3801 3803 4019
f 3806 4021 3807
f 4021 3816 3807
f 3823 4019 3803
f 4022 4023 4024
f 3806 4025 4021
f 4021 4025 4026
f 4021 4026 4022
f 4025 3806 3993
f 4025 4027 4026
f 4026 4027 4022
f 4022 4027 4023
f 4028 3823 4023
f 4029 4025 3993
f 4025 4030 4027
f 4023 4027 4030
f 4028 4031 3823
f 3823 4031 4019
f 4031 4028 4023
f 4029 4032 4025
f 4025 4032 4030
f 4030 4031 4023
f 4033 3821 3822
f 4021 4022 3816
f 4022 4024 3816
f 3816 4024 3820
f 3820 4024 3822
f 4033 3822 3823
f 4033 3823 3821
f 4024 4023 3822
f 3822 4023 3823
f 3827 3828 4034
f 4035 3828 3829
f 4035 4036 3828
f 3828 4036 4034
f 4036 4035 4037
f 4034 4036 4038
f 4034 4038 4039
f 4040 4038 4036
f 4036 4037 4040
f 3996 3836 3827
f 3996 3783 3836
f 3827 4034 3996
f 3996 4034 3997
f 4041 3838 3839
f 3838 4041 4042
f 4042 4043 4044
f 4041 4043 4042
f 3997 4034 4039
f 4043 4045 4046
f 4041 4045 4043
f 4045 4047 4046
f 4043 4046 4044
f 3791 4048 3842
f 3842 4048 3839
f 3839 4048 4041
f 4049 4041 4048
f 4008 3791 4002
f 4008 4048 3791
f 4049 4048 4008
f 4045 4041 4049
f 4008 4009 4049
f 4050 4051 4052
f 4052 4051 4053
f 3859 3855 4054
f 3829 3853 4035
f 3848 4055 3853
f 4055 3848 4056
f 4056 3858 4050
f 4056 3848 3858
f 4035 3853 4055
f 4055 4056 4052
f 4052 4056 4050
f 4057 3859 4054
f 4055 4052 4037
f 4035 4055 4037
f 4054 4058 4057
f 4052 4059 4037
f 4037 4059 4040
f 4053 4059 4052
f 4060 4053 4051
f 4057 4061 4062
f 3837 3838 3865
f 3864 4042 4063
f 3865 4042 3864
f 3838 4042 3865
f 3864 4063 4054
f 4054 3855 3864
f 4042 4044 4063
f 4054 4063 4058
f 4058 4063 4044
f 4061 4057 4058
f 3858 3857 3868
f 4050 3858 3868
f 4050 3868 4064
f 4064 3868 4065
f 4065 3868 3867
f 4066 4067 3867
f 4067 4065 3867
f 4051 4050 4064
f 4060 4051 4064
f 4060 4064 4068
f 4068 4064 4065
f 4067 4069 4068
f 4065 4067 4068
f 4069 4067 4070
f 4070 4067 4071
f 4072 3871 3859
f 4072 3872 3871
f 4072 4073 3872
f 3872 4073 4074
f 4075 3859 4057
f 4075 4072 3859
f 4076 4073 4072
f 4062 4075 4057
f 4072 4075 4077
f 4077 4076 4072
f 3867 3866 4066
f 4066 3866 3874
f 4071 4067 4066
f 4078 4066 3874
f 4078 3874 4079
f 4078 4080 4071
f 4066 4078 4071
f 4079 4080 4078
f 4080 4079 4081
f 3869 3872 3870
f 4074 3875 3870
f 3872 4074 3870
f 3875 4074 4082
f 4073 4082 4074
f 4083 4073 4076
f 4083 4082 4073
f 4082 4083 4084
f 4079 3873 3879
f 3874 3873 4079
f 4085 3879 3878
f 4081 4079 4086
f 4086 4079 3879
f 4086 3879 4085
f 4087 4081 4086
f 4087 4086 4085
f 3875 3880 3876
f 4082 4088 3875
f 4088 3880 3875
f 4088 4089 3880
f 4090 4088 4082
f 4091 3878 3883
f 4085 3878 4091
f 4091 3883 4092
f 4091 4093 4085
f 4094 3880 4089
f 4094 3886 3880
f 4095 3887 4096
f 4094 4096 3886
f 4094 4097 4096
f 4093 4091 4092
f 4089 4098 4094
f 4098 4099 4094
f 4099 4097 4094
f 3880 3886 3881
f 3886 4096 3887
f 4100 3884 4101
f 4101 3884 3891
f 3891 3893 4101
f 3883 3884 4100
f 4101 3893 4102
f 4103 3887 4095
f 4092 3883 4100
f 4096 4097 4095
f 4097 4104 4095
f 4104 4103 4095
f 4092 4100 4105
f 4105 4100 4101
f 4101 4106 4105
f 4104 4107 4103
f 4108 4092 4105
f 4097 4109 4104
f 4109 4110 4104
f 4110 4107 4104
f 4111 4105 4106
f 4103 3896 3887
f 3896 4107 3905
f 3896 3905 3894
f 4103 4107 3896
f 3901 3892 3898
f 3893 3892 4102
f 4102 3892 3901
f 4102 3901 4112
f 4112 3901 4113
f 4106 4101 4102
f 4106 4102 4112
f 4106 4112 4114
f 4107 3908 3905
f 4115 3904 3908
f 4116 4115 3908
f 4117 3908 4107
f 4118 3908 4117
f 4118 4116 3908
f 4110 4117 4107
f 4118 4119 4116
f 4113 3901 3900
f 3900 3922 4113
f 4113 3922 4120
f 4120 3922 3924
f 4113 4120 4121
f 4120 4122 4121
f 4114 4112 4123
f 4123 4112 4113
f 4124 4122 4120
f 4121 4123 4113
f 4121 4122 4125
f 3933 4126 3934
f 3933 3934 3927
f 4126 4127 3934
f 4115 3932 3904
f 3932 4128 3933
f 3933 4128 4126
f 4116 4129 4115
f 4115 4129 3932
f 4128 4130 4126
f 4126 4130 4131
f 4126 4131 4127
f 4129 4128 3932
f 4131 4130 4132
f 4128 4129 4133
f 4128 4133 4130
f 4119 4134 4129
f 4134 4133 4129
f 4133 4135 4130
f 4119 4129 4116
f 4134 4136 4133
f 4136 4135 4133
f 4137 3495 4138
f 3912 3911 3913
f 3911 3495 4137
f 3911 4137 3913
f 4139 3913 4137
f 4140 4137 4138
f 4139 4140 4138
f 4137 4140 4139
f 3923 3948 3924
f 4120 3924 4141
f 3924 4142 4141
f 4120 4141 4124
f 4143 4124 4141
f 4144 4124 4143
f 4127 3953 3934
f 4127 3954 3953
f 3924 3948 4145
f 3949 4145 3948
f 3949 3951 4145
f 4127 4131 4146
f 4146 3954 4127
f 4147 4145 3951
f 3951 4148 4147
f 4145 4142 3924
f 4145 4147 4142
f 4130 4135 4132
f 4146 4131 4132
f 4142 4149 4141
f 4142 4147 4149
f 4147 4150 4149
f 4132 4135 4151
f 4151 4152 4132
f 4152 4146 4132
f 4149 4143 4141
f 4153 4149 4150
f 4136 4154 4135
f 4135 4154 4151
f 4151 4154 4155
f 4152 4151 4155
f 4152 4155 4156
f 3965 3969 3964
f 4157 3954 4146
f 4157 3965 3954
f 4157 4158 3965
f 4159 3969 3965
f 4152 4157 4146
f 4152 4158 4157
f 4159 3965 4158
f 3969 4160 4161
f 4156 4158 4152
f 4160 3969 4159
f 4156 4162 4163
f 4163 4158 4156
f 4158 4164 4159
f 4159 4164 4160
f 4161 3968 3969
f 3966 4165 3967
f 4166 3968 4161
f 3966 3968 4166
f 4166 4165 3966
f 4160 4167 4161
f 4166 4168 4165
f 3496 3967 4169
f 3967 4165 4169
f 4168 4169 4165
f 3970 3952 4170
f 3951 3947 3970
f 4148 3951 3970
f 4148 3970 4171
f 4171 3970 4170
f 4171 4170 4172
f 4150 4147 4148
f 4150 4148 4171
f 4150 4171 4173
f 4173 4171 4174
f 4170 3952 3973
f 3974 4170 3973
f 4175 3974 3972
f 4175 3972 3976
f 4176 3974 4175
f 4176 4175 4177
f 4172 4170 3974
f 4172 4174 4171
f 4178 4174 4172
f 4178 4172 4176
f 4172 3974 4176
f 4177 4175 4179
f 4180 4167 4160
f 3976 3977 4175
f 3977 4179 4175
f 4179 3977 3978
f 4161 4167 4166
f 4166 4181 4168
f 4166 4167 4181
f 3978 4182 4179
f 4179 4182 4183
f 3978 3762 4184
f 4184 3762 3528
f 3978 4184 4182
f 4185 3981 3979
f 3983 4185 3979
f 4185 3983 4186
f 4187 4186 3983
f 4187 4188 4186
f 4186 4188 4189
f 3985 3988 3984
f 4190 3988 3985
f 4185 3985 3981
f 4185 4191 3985
f 4191 4190 3985
f 4191 4185 4192
f 4190 4193 3988
f 4193 4194 3987
f 4193 3987 3988
f 4195 4193 4196
f 4193 4195 4194
f 4196 4193 4190
f 4197 3776 3989
f 4198 3989 3987
f 4197 3777 3776
f 4198 4197 3989
f 4194 4198 3987
f 4194 4199 4198
f 4195 4199 4194
f 4199 4200 4198
f 4198 4200 4197
f 4200 3777 4197
f 3990 4201 3992
f 4202 3992 4201
f 3777 4203 3990
f 4203 4201 3990
f 4204 4202 4201
f 4205 4202 4204
f 4203 4204 4201
f 4206 4204 4203
f 4207 3993 3991
f 3993 4207 4208
f 4029 3993 4208
f 3992 4207 3991
f 3992 4202 4207
f 4209 4207 4202
f 4208 4207 4209
f 4205 4210 4209
f 4205 4209 4202
f 4000 3999 4211
f 3999 4212 4211
f 3999 3998 4212
f 3998 3997 4213
f 4213 4212 3998
f 4212 4214 4215
f 4211 4212 4215
f 4039 4216 3997
f 3997 4216 4213
f 4213 4217 4214
f 4212 4213 4214
f 4218 4217 4216
f 4217 4213 4216
f 4214 4217 4219
f 4219 4220 4214
f 4217 4218 4221
f 4219 4217 4221
f 4003 4005 3980
f 4211 4222 4005
f 4005 4000 4211
f 3980 4005 4223
f 4223 3983 3980
f 4005 4222 4223
f 4006 4224 4007
f 4211 4215 4222
f 4007 4224 4009
f 4223 4187 3983
f 4222 4215 4220
f 4215 4214 4220
f 4222 4220 4225
f 4225 4223 4222
f 4223 4225 4187
f 4187 4225 4188
f 4225 4220 4226
f 4012 4011 4227
f 4002 4012 4006
f 4227 4228 4229
f 4012 4227 4229
f 4006 4012 4229
f 4228 4230 4229
f 4006 4231 4224
f 4231 4006 4229
f 4229 4230 4231
f 4224 4231 4232
f 4232 4231 4230
f 4224 4232 4233
f 4011 4016 4227
f 4227 4016 4228
f 4228 4016 4234
f 4228 4235 4230
f 4236 4228 4234
f 4235 4228 4236
f 4015 4014 4017
f 4237 4238 4239
f 4237 4017 4238
f 4015 4017 4237
f 4234 4016 4015
f 4234 4015 4237
f 4017 4018 4238
f 4239 4238 4240
f 4238 4018 4240
f 4239 4240 4241
f 4020 3802 4019
f 4240 4018 4020
f 4020 4019 4242
f 4240 4020 4242
f 4241 4240 4242
f 4242 4019 4243
f 4244 4019 4245
f 4246 4244 4247
f 4247 4244 4245
f 4019 4244 4246
f 4247 4245 4248
f 4029 4208 4032
f 4032 4249 4030
f 4249 4031 4030
f 4249 4250 4031
f 4208 4251 4032
f 4032 4251 4249
f 4208 4209 4251
f 4251 4252 4249
f 4249 4252 4250
f 4250 4252 4253
f 4250 4253 4031
f 4031 4253 4019
f 4210 4254 4209
f 4209 4254 4251
f 4245 4019 4253
f 4245 4253 4252
f 4251 4254 4252
f 4254 4245 4252
f 4210 4248 4254
f 4254 4248 4245
f 4038 4040 4255
f 4256 4039 4038
f 4039 4256 4216
f 4256 4038 4255
f 4218 4216 4256
f 4255 4257 4256
f 4046 4047 4258
f 4047 4259 4258
f 4260 4259 4047
f 4046 4258 4261
f 4258 4259 4262
f 4263 4258 4262
f 4049 4009 4264
f 4045 4260 4047
f 4049 4260 4045
f 4049 4264 4260
f 4265 4009 4224
f 4266 4260 4264
f 4260 4266 4259
f 4233 4265 4224
f 4264 4265 4266
f 4009 4265 4264
f 4266 4267 4259
f 4265 4268 4269
f 4268 4265 4233
f 4265 4269 4266
f 4269 4267 4266
f 4259 4267 4262
f 4269 4268 4270
f 4267 4271 4262
f 4269 4271 4267
f 4040 4059 4272
f 4255 4040 4272
f 4272 4059 4053
f 4060 4273 4053
f 4274 4061 4275
f 4274 4062 4061
f 4062 4274 4276
f 4273 4272 4053
f 4255 4272 4277
f 4272 4273 4278
f 4278 4277 4272
f 4257 4255 4277
f 4273 4279 4278
f 4280 4278 4279
f 4058 4281 4061
f 4044 4281 4058
f 4261 4044 4046
f 4261 4281 4044
f 4275 4061 4281
f 4281 4261 4282
f 4281 4282 4275
f 4283 4261 4258
f 4261 4283 4282
f 4284 4275 4282
f 4283 4258 4285
f 4258 4263 4285
f 4284 4282 4283
f 4285 4284 4283
f 4286 4274 4275
f 4275 4284 4286
f 4287 4274 4286
f 4286 4288 4287
f 4288 4286 4284
f 4289 4068 4069
f 4289 4290 4060
f 4289 4060 4068
f 4291 4289 4069
f 4273 4060 4290
f 4291 4292 4289
f 4291 4293 4292
f 4290 4289 4292
f 4294 4292 4293
f 4290 4279 4273
f 4295 4290 4292
f 4292 4294 4295
f 4075 4062 4077
f 4296 4076 4077
f 4276 4077 4062
f 4296 4083 4076
f 4276 4296 4077
f 4297 4296 4276
f 4297 4083 4296
f 4298 4276 4274
f 4287 4298 4274
f 4276 4298 4297
f 4071 4080 4070
f 4080 4081 4299
f 4300 4080 4299
f 4291 4069 4070
f 4300 4070 4080
f 4301 4300 4299
f 4293 4291 4070
f 4300 4302 4293
f 4293 4070 4300
f 4301 4302 4300
f 4302 4294 4293
f 4084 4090 4082
f 4303 4090 4084
f 4297 4084 4083
f 4304 4305 4297
f 4305 4084 4297
f 4087 4299 4081
f 4306 4087 4085
f 4306 4085 4307
f 4308 4309 4089
f 4301 4299 4310
f 4310 4299 4087
f 4310 4087 4306
f 4309 4308 4311
f 4312 4310 4306
f 4312 4306 4313
f 4313 4306 4307
f 4314 4310 4312
f 4314 4301 4310
f 4315 4314 4312
f 4308 4088 4090
f 4089 4088 4308
f 4303 4308 4090
f 4311 4308 4303
f 4309 4311 4316
f 4311 4303 4317
f 4084 4317 4303
f 4318 4316 4311
f 4311 4317 4318
f 4319 4093 4092
f 4307 4085 4093
f 4309 4098 4089
f 4319 4092 4108
f 4098 4320 4099
f 4307 4093 4319
f 4321 4319 4108
f 4309 4320 4098
f 4313 4307 4319
f 4320 4322 4099
f 4322 4323 4099
f 4309 4316 4320
f 4313 4319 4321
f 4324 4322 4320
f 4325 4320 4316
f 4326 4325 4316
f 4099 4323 4097
f 4323 4109 4097
f 4323 4327 4109
f 4327 4110 4109
f 4328 4105 4111
f 4327 4329 4110
f 4329 4330 4110
f 4108 4105 4328
f 4331 4330 4329
f 4321 4108 4328
f 4322 4332 4323
f 4332 4327 4323
f 4332 4329 4327
f 4333 4328 4111
f 4332 4334 4329
f 4331 4329 4334
f 4335 4321 4328
f 4324 4336 4322
f 4336 4332 4322
f 4335 4328 4333
f 4336 4334 4332
f 4337 4335 4333
f 4324 4338 4336
f 4334 4336 4338
f 4339 4106 4114
f 4111 4106 4339
f 4340 4339 4114
f 4341 4111 4339
f 4341 4339 4340
f 4340 4342 4341
f 4342 4340 4343
f 4333 4111 4341
f 4341 4342 4344
f 4345 4342 4343
f 4337 4333 4344
f 4344 4333 4341
f 4330 4117 4110
f 4330 4118 4117
f 4346 4118 4330
f 4118 4346 4119
f 4331 4346 4330
f 4346 4347 4119
f 4348 4346 4331
f 4348 4347 4346
f 4334 4349 4331
f 4349 4348 4331
f 4349 4350 4348
f 4351 4347 4348
f 4350 4351 4348
f 4123 4352 4114
f 4352 4123 4121
f 4352 4121 4125
f 4352 4340 4114
f 4340 4352 4353
f 4353 4352 4125
f 4125 4122 4354
f 4354 4122 4124
f 4353 4125 4354
f 4355 4354 4124
f 4343 4340 4353
f 4343 4353 4356
f 4356 4353 4354
f 4356 4354 4355
f 4357 4356 4355
f 4343 4356 4357
f 4345 4343 4358
f 4359 4136 4134
f 4347 4134 4119
f 4134 4360 4359
f 4359 4360 4361
f 4362 4359 4361
f 4347 4360 4134
f 4360 4347 4351
f 4351 4363 4360
f 4361 4360 4363
f 4364 4361 4363
f 3495 3496 4138
f 4143 4365 4144
f 4355 4124 4144
f 4355 4366 4357
f 4355 4144 4366
f 4367 4144 4365
f 4366 4144 4367
f 4368 4367 4369
f 4370 4369 4367
f 4371 4357 4366
f 4367 4368 4366
f 4359 4362 4136
f 4362 4154 4136
f 4154 4362 4372
f 4154 4372 4155
f 4156 4155 4373
f 4373 4162 4156
f 4143 4149 4365
f 4372 4373 4155
f 4372 4362 4361
f 4374 4375 4372
f 4375 4373 4372
f 4375 4162 4373
f 4376 4162 4375
f 4374 4372 4361
f 4376 4375 4374
f 4365 4370 4367
f 4377 4376 4374
f 4370 4365 4378
f 4364 4374 4361
f 4378 4379 4370
f 4374 4364 4380
f 4380 4377 4374
f 4381 4369 4370
f 4381 4370 4379
f 4379 4382 4381
f 4163 4164 4158
f 4164 4180 4160
f 4163 4383 4164
f 4164 4383 4180
f 4163 4162 4376
f 4384 4383 4163
f 4376 4384 4163
f 4385 4384 4376
f 4384 4385 4386
f 4385 4376 4377
f 4387 4385 4377
f 4387 4388 4385
f 4386 4385 4388
f 4389 4138 3496
f 4138 4389 4139
f 4150 4390 4153
f 4150 4173 4390
f 4173 4174 4391
f 4365 4149 4153
f 4390 4173 4392
f 4392 4173 4391
f 4393 4392 4391
f 4378 4365 4153
f 4153 4394 4378
f 4394 4153 4390
f 4395 4394 4390
f 4392 4395 4390
f 4396 4395 4392
f 4392 4393 4396
f 4394 4397 4378
f 4397 4394 4395
f 4398 4395 4396
f 4396 4393 4399
f 4379 4378 4397
f 4400 4379 4397
f 4398 4400 4397
f 4395 4398 4397
f 4382 4379 4400
f 4398 4396 4401
f 4396 4399 4402
f 4180 4403 4167
f 4178 4404 4174
f 4405 4176 4177
f 4406 4403 4180
f 4391 4174 4404
f 4178 4176 4405
f 4177 4179 4407
f 4384 4408 4383
f 4406 4180 4383
f 4404 4178 4409
f 4178 4405 4409
f 4408 4406 4383
f 4391 4404 4393
f 4410 4404 4409
f 4393 4404 4410
f 4410 4409 4411
f 4409 4405 4411
f 4411 4405 4412
f 4405 4177 4412
f 4386 4408 4384
f 4393 4410 4399
f 4413 4408 4386
f 4408 4414 4406
f 4402 4399 4415
f 4399 4410 4415
f 4415 4410 4411
f 4416 4411 4412
f 4413 4386 4388
f 4413 4414 4408
f 4415 4411 4416
f 4403 4181 4167
f 4181 4417 4168
f 4407 4179 4183
f 4403 4417 4181
f 4406 4418 4403
f 4418 4417 4403
f 4412 4177 4407
f 4418 4419 4417
f 4419 4420 4417
f 4414 4421 4406
f 4419 4418 4421
f 4421 4418 4406
f 4420 4422 4417
f 4422 4168 4417
f 4168 4423 4169
f 4422 4423 4168
f 4182 4184 4424
f 4425 4423 4422
f 4426 3496 4169
f 4423 4426 4169
f 4416 4412 4427
f 4407 4183 4428
f 4412 4407 4427
f 4407 4428 4427
f 4428 4183 4429
f 4183 4182 4430
f 4430 4182 4424
f 4186 4192 4185
f 4189 4192 4186
f 4189 4431 4192
f 4431 4432 4192
f 4431 4433 4432
f 4434 4435 4431
f 4435 4433 4431
f 4190 4436 4196
f 4190 4191 4436
f 4192 4432 4191
f 4432 4436 4191
f 4432 4437 4436
f 4433 4438 4432
f 4438 4437 4432
f 4195 4196 4439
f 4439 4440 4195
f 4436 4441 4196
f 4436 4437 4441
f 4441 4442 4196
f 4442 4439 4196
f 4439 4443 4440
f 4442 4443 4439
f 4441 4444 4442
f 4437 4445 4441
f 4441 4445 4444
f 4195 4440 4199
f 4440 4446 4199
f 4446 4200 4199
f 4440 4447 4446
f 4446 4447 4448
f 4440 4443 4447
f 4200 4449 3777
f 4446 4450 4200
f 4450 4449 4200
f 4449 4451 4452
f 4448 4450 4446
f 4450 4451 4449
f 4453 4450 4448
f 4453 4451 4450
f 4453 4454 4451
f 4449 4203 3777
f 4452 4203 4449
f 4455 4204 4206
f 4455 4205 4204
f 4452 4206 4203
f 4210 4205 4455
f 4456 4455 4206
f 4210 4455 4456
f 4451 4457 4452
f 4457 4206 4452
f 4457 4456 4206
f 4456 4458 4210
f 4457 4451 4454
f 4456 4457 4454
f 4220 4219 4459
f 4221 4460 4219
f 4459 4219 4460
f 4459 4460 4461
f 4225 4226 4188
f 4459 4226 4220
f 4226 4462 4188
f 4459 4462 4226
f 4188 4463 4189
f 4188 4462 4463
f 4464 4463 4462
f 4462 4459 4464
f 4461 4464 4459
f 4464 4465 4463
f 4232 4230 4466
f 4467 4233 4232
f 4466 4230 4468
f 4230 4235 4468
f 4235 4469 4468
f 4466 4467 4232
f 4467 4466 4470
f 4467 4470 4471
f 4431 4189 4434
f 4189 4463 4434
f 4466 4472 4470
f 4466 4468 4472
f 4468 4469 4472
f 4469 4473 4472
f 4236 4234 4474
f 4469 4235 4236
f 4236 4474 4475
f 4236 4475 4469
f 4475 4476 4477
f 4475 4477 4473
f 4473 4469 4475
f 4239 4478 4237
f 4234 4237 4478
f 4474 4234 4478
f 4239 4479 4478
f 4478 4479 4480
f 4481 4474 4478
f 4476 4475 4481
f 4475 4474 4481
f 4478 4480 4481
f 4239 4241 4479
f 4479 4241 4482
f 4482 4241 4483
f 4479 4482 4484
f 4480 4479 4484
f 4241 4242 4483
f 4483 4242 4243
f 4485 4483 4486
f 4483 4243 4486
f 4243 4246 4486
f 4482 4483 4485
f 4486 4246 4487
f 4484 4482 4485
f 4485 4486 4488
f 4489 4486 4487
f 4484 4485 4490
f 4488 4486 4489
f 4243 4019 4246
f 4246 4247 4487
f 4248 4487 4247
f 4248 4458 4489
f 4210 4458 4248
f 4248 4489 4487
f 4491 4256 4257
f 4492 4491 4257
f 4492 4257 4493
f 4492 4493 4494
f 4495 4491 4492
f 4495 4492 4496
f 4492 4494 4497
f 4496 4492 4497
f 4491 4218 4256
f 4495 4218 4491
f 4262 4498 4263
f 4218 4495 4221
f 4221 4495 4499
f 4221 4499 4460
f 4460 4499 4500
f 4499 4495 4496
f 4460 4500 4461
f 4496 4500 4499
f 4233 4467 4268
f 4269 4270 4271
f 4271 4498 4262
f 4270 4268 4471
f 4270 4501 4271
f 4501 4498 4271
f 4501 4270 4471
f 4498 4501 4502
f 4471 4503 4504
f 4471 4504 4501
f 4501 4504 4502
f 4471 4470 4503
f 4504 4505 4502
f 4504 4503 4505
f 4471 4268 4467
f 4470 4506 4503
f 4277 4493 4257
f 4507 4493 4277
f 4278 4280 4507
f 4507 4277 4278
f 4507 4508 4494
f 4494 4493 4507
f 4507 4280 4508
f 4509 4280 4279
f 4497 4494 4508
f 4509 4508 4280
f 4510 4497 4508
f 4509 4510 4508
f 4511 4497 4510
f 4510 4509 4512
f 4498 4285 4263
f 4288 4284 4285
f 4513 4288 4285
f 4513 4514 4288
f 4287 4288 4514
f 4498 4502 4515
f 4515 4285 4498
f 4515 4513 4285
f 4513 4515 4516
f 4517 4513 4516
f 4517 4514 4513
f 4518 4516 4515
f 4519 4514 4517
f 4516 4518 4520
f 4519 4517 4521
f 4515 4502 4518
f 4290 4295 4279
f 4522 4279 4295
f 4522 4295 4523
f 4524 4522 4523
f 4295 4294 4523
f 4525 4526 4294
f 4526 4523 4294
f 4527 4524 4528
f 4528 4524 4523
f 4526 4528 4523
f 4529 4527 4528
f 4530 4304 4298
f 4522 4509 4279
f 4531 4530 4298
f 4524 4509 4522
f 4509 4524 4512
f 4532 4530 4531
f 4524 4527 4512
f 4532 4533 4530
f 4533 4304 4530
f 4534 4535 4532
f 4535 4533 4532
f 4531 4298 4287
f 4287 4514 4531
f 4531 4514 4519
f 4531 4519 4532
f 4519 4534 4532
f 4536 4302 4301
f 4525 4294 4302
f 4536 4525 4302
f 4537 4525 4536
f 4537 4536 4538
f 4539 4526 4525
f 4539 4525 4537
f 4539 4528 4526
f 4540 4537 4538
f 4304 4297 4298
f 4541 4542 4305
f 4541 4305 4304
f 4533 4541 4304
f 4314 4536 4301
f 4538 4536 4543
f 4543 4536 4314
f 4315 4543 4314
f 4315 4312 4544
f 4545 4315 4544
f 4546 4538 4543
f 4315 4546 4543
f 4545 4546 4315
f 4546 4540 4538
f 4546 4545 4547
f 4547 4545 4548
f 4547 4540 4546
f 4317 4084 4305
f 4318 4326 4316
f 4317 4305 4549
f 4549 4318 4317
f 4549 4550 4318
f 4542 4549 4305
f 4326 4318 4550
f 4551 4326 4550
f 4551 4552 4326
f 4542 4550 4549
f 4551 4550 4553
f 4554 4542 4541
f 4554 4550 4542
f 4553 4550 4554
f 4555 4554 4541
f 4312 4313 4556
f 4556 4313 4321
f 4556 4321 4557
f 4557 4321 4335
f 4544 4312 4556
f 4558 4556 4557
f 4558 4557 4559
f 4560 4544 4556
f 4560 4556 4558
f 4545 4544 4560
f 4561 4558 4559
f 4548 4545 4560
f 4561 4560 4558
f 4548 4560 4561
f 4325 4324 4320
f 4325 4562 4324
f 4552 4325 4326
f 4562 4325 4552
f 4552 4563 4562
f 4552 4551 4563
f 4563 4564 4562
f 4557 4335 4565
f 4565 4335 4337
f 4557 4565 4559
f 4566 4565 4337
f 4567 4559 4568
f 4568 4559 4565
f 4568 4565 4566
f 4568 4566 4569
f 4561 4559 4570
f 4570 4559 4567
f 4567 4568 4571
f 4568 4569 4571
f 4572 4571 4573
f 4562 4338 4324
f 4574 4334 4338
f 4574 4338 4575
f 4338 4562 4564
f 4576 4575 4338
f 4563 4577 4564
f 4564 4576 4338
f 4344 4566 4337
f 4566 4344 4578
f 4345 4344 4342
f 4578 4344 4345
f 4569 4566 4578
f 4578 4579 4569
f 4579 4578 4345
f 4573 4569 4579
f 4573 4571 4569
f 4573 4579 4580
f 4579 4345 4581
f 4581 4580 4579
f 4580 4581 4582
f 4574 4349 4334
f 4574 4583 4349
f 4349 4583 4350
f 4584 4351 4350
f 4350 4583 4584
f 4574 4575 4583
f 4585 4584 4583
f 4575 4585 4583
f 4586 4585 4575
f 4587 4358 4343
f 4587 4343 4357
f 4588 4587 4357
f 4371 4588 4357
f 4358 4581 4345
f 4358 4589 4581
f 4589 4358 4590
f 4590 4358 4587
f 4591 4590 4587
f 4588 4591 4587
f 4590 4591 4592
f 4593 4592 4591
f 4594 4593 4591
f 4582 4581 4589
f 4589 4590 4592
f 4595 4592 4593
f 4582 4589 4596
f 4596 4589 4592
f 4597 4351 4584
f 4363 4351 4597
f 4585 4597 4584
f 4585 4598 4597
f 4598 4363 4597
f 4598 4585 4586
f 4586 4599 4598
f 4368 4371 4366
f 4369 4600 4368
f 4600 4371 4368
f 4601 4600 4369
f 4601 4369 4381
f 4594 4588 4371
f 4594 4371 4600
f 4600 4602 4594
f 4602 4600 4603
f 4603 4600 4601
f 4591 4588 4594
f 4602 4593 4594
f 4593 4602 4604
f 4603 4604 4602
f 4604 4595 4593
f 4605 4364 4606
f 4605 4380 4364
f 4607 4380 4605
f 4598 4364 4363
f 4608 4605 4606
f 4601 4381 4382
f 4598 4606 4364
f 4608 4607 4605
f 4609 4601 4382
f 4609 4603 4601
f 4599 4606 4598
f 4610 4606 4599
f 4610 4608 4606
f 4611 4604 4603
f 4609 4611 4603
f 4612 4595 4613
f 4595 4604 4613
f 4611 4613 4604
f 4614 4611 4609
f 4615 4614 4609
f 4616 4614 4615
f 4380 4387 4377
f 4380 4617 4387
f 4617 4618 4387
f 4618 4388 4387
f 4380 4607 4617
f 4619 4617 4607
f 4618 4617 4619
f 4620 4619 4607
f 4607 4608 4621
f 4620 4607 4621
f 4619 4620 4622
f 4620 4621 4622
f 4610 4623 4608
f 4608 4623 4624
f 4624 4621 4608
f 4621 4624 4625
f 4426 4626 3496
f 4627 3913 4139
f 3496 4626 4389
f 4628 4139 4389
f 4139 4628 4627
f 4629 4628 4389
f 4627 4628 4629
f 4626 4629 4389
f 4401 4400 4398
f 4630 4401 4396
f 4382 4400 4631
f 4400 4401 4632
f 4632 4401 4630
f 4632 4630 4633
f 4633 4630 4634
f 4630 4396 4402
f 4634 4630 4402
f 4609 4382 4631
f 4633 4631 4400
f 4633 4400 4632
f 4615 4609 4631
f 4631 4635 4615
f 4633 4635 4631
f 4633 4636 4637
f 4634 4636 4633
f 4635 4616 4615
f 4635 4633 4637
f 4638 4616 4635
f 4638 4635 4637
f 4637 4639 4638
f 4639 4637 4636
f 4618 4413 4388
f 4640 4421 4414
f 4618 4414 4413
f 4641 4414 4618
f 4414 4641 4640
f 4402 4415 4642
f 4642 4415 4643
f 4415 4416 4643
f 4644 4618 4619
f 4644 4641 4618
f 4402 4642 4634
f 4622 4644 4619
f 4641 4645 4640
f 4644 4622 4646
f 4641 4644 4646
f 4646 4645 4641
f 4647 4636 4634
f 4634 4648 4647
f 4648 4634 4642
f 4649 4648 4642
f 4649 4642 4643
f 4645 4646 4650
f 4643 4651 4649
f 4646 4622 4652
f 4650 4646 4652
f 4636 4653 4639
f 4647 4653 4636
f 4654 4647 4648
f 4654 4653 4647
f 4654 4648 4649
f 4655 4419 4421
f 4640 4655 4421
f 4655 4656 4419
f 4656 4420 4419
f 4657 4420 4656
f 4655 4658 4656
f 4658 4657 4656
f 4645 4659 4640
f 4640 4659 4655
f 4659 4658 4655
f 4658 4660 4657
f 4650 4661 4645
f 4645 4661 4659
f 4661 4658 4659
f 4658 4662 4660
f 4425 4663 4423
f 4425 4422 4420
f 4425 4664 4663
f 4657 4425 4420
f 4660 4665 4657
f 4657 4665 4425
f 4425 4665 4664
f 4663 4664 4666
f 4660 4667 4665
f 4665 4667 4664
f 4662 4667 4660
f 4663 4426 4423
f 4663 4666 4426
f 4627 3939 3913
f 3529 3939 4668
f 3528 3529 4668
f 4669 4643 4416
f 4669 4416 4427
f 4651 4643 4669
f 4670 4651 4671
f 4427 4428 4672
f 4429 4183 4430
f 4427 4672 4669
f 4672 4428 4429
f 4672 4429 4673
f 4651 4669 4671
f 4669 4672 4671
f 4671 4672 4673
f 4673 4429 4674
f 4675 4429 4430
f 4430 4424 4675
f 4674 4429 4676
f 4676 4429 4675
f 4424 4677 4675
f 4675 4677 4676
f 4438 4678 4437
f 4678 4438 4679
f 4435 4680 4433
f 4433 4680 4438
f 4438 4680 4679
f 4679 4680 4681
f 4680 4682 4683
f 4681 4680 4683
f 4682 4684 4683
f 4444 4685 4442
f 4442 4685 4443
f 4437 4678 4445
f 4678 4679 4686
f 4678 4686 4445
f 4686 4687 4445
f 4445 4687 4444
f 4687 4685 4444
f 4685 4688 4689
f 4679 4681 4686
f 4687 4690 4685
f 4685 4690 4688
f 4681 4691 4686
f 4686 4691 4687
f 4687 4691 4690
f 4681 4692 4691
f 4690 4691 4693
f 4693 4694 4690
f 4693 4695 4694
f 4683 4692 4681
f 4692 4696 4691
f 4693 4691 4696
f 4683 4684 4692
f 4443 4689 4447
f 4447 4697 4448
f 4448 4697 4453
f 4685 4689 4443
f 4447 4698 4697
f 4698 4447 4689
f 4697 4698 4699
f 4700 4697 4699
f 4688 4701 4689
f 4689 4701 4698
f 4698 4701 4699
f 4699 4701 4702
f 4690 4694 4688
f 4694 4701 4688
f 4695 4703 4694
f 4694 4703 4701
f 4701 4703 4702
f 4702 4704 4699
f 4703 4705 4702
f 4705 4704 4702
f 4706 4454 4453
f 4697 4700 4453
f 4700 4706 4453
f 4706 4707 4454
f 4708 4706 4700
f 4708 4709 4706
f 4709 4707 4706
f 4709 4710 4707
f 4710 4711 4712
f 4710 4712 4707
f 4711 4710 4712
f 4713 4708 4700
f 4708 4711 4709
f 4711 4710 4709
f 4714 4710 4711
f 4713 4715 4708
f 4715 4711 4708
f 4704 4700 4699
f 4713 4700 4704
f 4716 4713 4704
f 4716 4715 4713
f 4716 4717 4715
f 4717 4711 4715
f 4717 4718 4711
f 4711 4718 4714
f 4719 4716 4704
f 4717 4716 4719
f 4719 4718 4717
f 4707 4456 4454
f 4707 4712 4456
f 4456 4712 4458
f 4712 4710 4458
f 4461 4720 4464
f 4464 4720 4721
f 4720 4722 4721
f 4720 4723 4722
f 4721 4722 4724
f 4465 4434 4463
f 4470 4472 4506
f 4472 4473 4506
f 4434 4725 4435
f 4465 4725 4434
f 4465 4464 4721
f 4465 4721 4725
f 4506 4726 4727
f 4721 4728 4725
f 4725 4729 4435
f 4725 4728 4729
f 4728 4721 4724
f 4477 4726 4473
f 4726 4477 4730
f 4730 4477 4476
f 4506 4473 4726
f 4680 4435 4729
f 4729 4731 4680
f 4682 4680 4731
f 4726 4732 4727
f 4480 4476 4481
f 4476 4480 4733
f 4476 4733 4734
f 4726 4730 4732
f 4476 4734 4735
f 4735 4734 4736
f 4476 4735 4730
f 4480 4484 4737
f 4737 4484 4490
f 4737 4733 4480
f 4737 4490 4738
f 4737 4739 4733
f 4733 4739 4740
f 4738 4739 4737
f 4733 4740 4734
f 4740 4739 4741
f 4740 4742 4734
f 4742 4740 4743
f 4740 4741 4743
f 4490 4485 4488
f 4490 4488 4744
f 4488 4489 4745
f 4488 4745 4744
f 4746 4710 4714
f 4738 4490 4744
f 4747 4744 4748
f 4746 4748 4745
f 4745 4748 4744
f 4714 4747 4746
f 4747 4748 4746
f 4714 4749 4747
f 4744 4750 4738
f 4751 4750 4744
f 4747 4751 4744
f 4739 4738 4750
f 4750 4751 4752
f 4714 4718 4749
f 4753 4749 4754
f 4749 4753 4747
f 4739 4750 4741
f 4750 4752 4741
f 4752 4751 4754
f 4751 4753 4754
f 4753 4751 4747
f 4755 4745 4489
f 4755 4489 4458
f 4710 4746 4755
f 4458 4710 4755
f 4746 4745 4755
f 4756 4461 4500
f 4496 4757 4500
f 4757 4496 4758
f 4757 4756 4500
f 4756 4759 4723
f 4757 4759 4756
f 4758 4760 4757
f 4759 4757 4761
f 4761 4757 4760
f 4759 4761 4762
f 4505 4503 4763
f 4502 4505 4764
f 4518 4502 4764
f 4756 4720 4461
f 4764 4505 4765
f 4723 4720 4756
f 4505 4763 4766
f 4765 4505 4766
f 4765 4766 4767
f 4723 4768 4722
f 4723 4769 4768
f 4723 4759 4769
f 4506 4763 4503
f 4727 4763 4506
f 4770 4763 4727
f 4763 4770 4766
f 4766 4770 4767
f 4727 4771 4770
f 4497 4511 4758
f 4758 4496 4497
f 4510 4772 4511
f 4512 4772 4510
f 4511 4773 4760
f 4511 4760 4758
f 4772 4773 4511
f 4512 4774 4772
f 4774 4775 4772
f 4773 4772 4775
f 4520 4518 4776
f 4516 4520 4521
f 4521 4517 4516
f 4520 4776 4777
f 4777 4521 4520
f 4778 4521 4777
f 4778 4777 4779
f 4773 4780 4760
f 4780 4761 4760
f 4780 4773 4781
f 4775 4781 4773
f 4518 4764 4776
f 4764 4765 4782
f 4776 4764 4783
f 4764 4782 4783
f 4777 4776 4783
f 4783 4782 4779
f 4777 4783 4779
f 4765 4767 4782
f 4782 4767 4784
f 4779 4782 4785
f 4779 4785 4786
f 4782 4784 4785
f 4778 4779 4786
f 4527 4787 4512
f 4527 4529 4788
f 4512 4787 4774
f 4789 4787 4527
f 4789 4527 4788
f 4790 4788 4529
f 4791 4774 4787
f 4789 4791 4787
f 4789 4788 4792
f 4789 4793 4791
f 4792 4793 4789
f 4794 4792 4788
f 4774 4795 4775
f 4791 4795 4774
f 4534 4519 4521
f 4796 4534 4521
f 4796 4521 4778
f 4797 4535 4534
f 4798 4796 4778
f 4799 4534 4796
f 4534 4799 4797
f 4799 4800 4797
f 4801 4799 4796
f 4799 4801 4800
f 4801 4796 4798
f 4802 4539 4537
f 4803 4537 4540
f 4803 4802 4537
f 4802 4529 4528
f 4539 4802 4528
f 4790 4802 4804
f 4803 4804 4802
f 4804 4805 4790
f 4806 4805 4804
f 4533 4535 4807
f 4541 4533 4555
f 4797 4807 4535
f 4802 4790 4529
f 4533 4808 4555
f 4797 4809 4807
f 4808 4807 4809
f 4808 4533 4807
f 4808 4810 4555
f 4808 4811 4810
f 4790 4805 4794
f 4812 4810 4811
f 4794 4788 4790
f 4813 4794 4805
f 4812 4811 4814
f 4797 4800 4809
f 4815 4809 4800
f 4808 4809 4815
f 4815 4811 4808
f 4814 4811 4815
f 4816 4815 4800
f 4814 4815 4816
f 4812 4814 4817
f 4803 4540 4547
f 4818 4803 4547
f 4818 4547 4819
f 4819 4547 4548
f 4804 4803 4818
f 4818 4806 4804
f 4806 4818 4819
f 4820 4821 4819
f 4822 4820 4819
f 4823 4806 4821
f 4821 4806 4819
f 4823 4805 4806
f 4820 4824 4821
f 4554 4825 4553
f 4810 4554 4555
f 4554 4810 4825
f 4826 4553 4825
f 4825 4810 4827
f 4812 4827 4810
f 4828 4825 4827
f 4829 4828 4827
f 4830 4827 4812
f 4830 4829 4827
f 4831 4548 4561
f 4570 4831 4561
f 4831 4570 4832
f 4548 4822 4819
f 4831 4822 4548
f 4831 4832 4833
f 4820 4822 4834
f 4831 4834 4822
f 4834 4831 4835
f 4831 4833 4835
f 4836 4824 4820
f 4834 4836 4820
f 4551 4553 4826
f 4563 4551 4826
f 4837 4577 4563
f 4826 4837 4563
f 4828 4826 4825
f 4828 4837 4826
f 4837 4828 4838
f 4829 4839 4828
f 4828 4839 4838
f 4838 4839 4840
f 4570 4567 4841
f 4841 4567 4571
f 4570 4841 4832
f 4841 4571 4572
f 4832 4841 4842
f 4842 4841 4572
f 4832 4842 4843
f 4833 4832 4843
f 4835 4833 4844
f 4845 4843 4846
f 4844 4833 4843
f 4844 4843 4845
f 4847 4845 4846
f 4848 4564 4577
f 4848 4576 4564
f 4837 4849 4577
f 4849 4848 4577
f 4848 4849 4850
f 4838 4849 4837
f 4851 4848 4850
f 4840 4849 4838
f 4850 4849 4852
f 4850 4852 4853
f 4572 4573 4854
f 4580 4582 4855
f 4854 4573 4580
f 4580 4855 4856
f 4842 4572 4846
f 4572 4854 4846
f 4854 4580 4856
f 4856 4855 4857
f 4858 4846 4854
f 4854 4856 4858
f 4846 4843 4842
f 4856 4857 4859
f 4858 4859 4860
f 4856 4859 4858
f 4846 4858 4860
f 4860 4847 4846
f 4576 4861 4575
f 4575 4861 4862
f 4862 4586 4575
f 4862 4861 4863
f 4862 4863 4864
f 4848 4861 4576
f 4861 4851 4863
f 4864 4863 4865
f 4848 4851 4861
f 4865 4863 4866
f 4851 4866 4863
f 4851 4850 4853
f 4851 4853 4866
f 4860 4859 4867
f 4865 4866 4868
f 4855 4582 4596
f 4592 4869 4596
f 4869 4595 4612
f 4592 4595 4869
f 4855 4596 4870
f 4869 4870 4596
f 4855 4870 4857
f 4857 4870 4871
f 4870 4872 4871
f 4869 4872 4870
f 4862 4864 4586
f 4864 4873 4586
f 4586 4873 4599
f 4872 4612 4874
f 4869 4612 4872
f 4612 4875 4874
f 4864 4865 4876
f 4873 4864 4876
f 4871 4872 4877
f 4877 4872 4874
f 4878 4871 4877
f 4877 4874 4879
f 4859 4857 4878
f 4857 4871 4878
f 4877 4880 4878
f 4879 4880 4877
f 4880 4879 4881
f 4859 4878 4882
f 4880 4881 4883
f 4880 4883 4878
f 4873 4884 4599
f 4884 4873 4885
f 4885 4873 4876
f 4865 4886 4876
f 4886 4885 4876
f 4885 4886 4887
f 4865 4868 4888
f 4865 4888 4886
f 4888 4887 4886
f 4610 4599 4884
f 4612 4613 4875
f 4613 4611 4614
f 4613 4614 4875
f 4614 4889 4875
f 4889 4614 4890
f 4614 4616 4890
f 4616 4891 4890
f 4874 4875 4879
f 4875 4889 4879
f 4890 4892 4889
f 4891 4892 4890
f 4892 4893 4889
f 4881 4893 4894
f 4879 4893 4881
f 4893 4879 4889
f 4892 4895 4893
f 4895 4892 4896
f 4894 4893 4895
f 4625 4622 4621
f 4884 4623 4610
f 4884 4897 4623
f 4623 4897 4624
f 4625 4652 4622
f 4625 4898 4652
f 4884 4885 4897
f 4625 4899 4898
f 4624 4897 4899
f 4899 4625 4624
f 4897 4885 4900
f 4885 4887 4900
f 4897 4900 4899
f 4899 4900 4901
f 4900 4887 4902
f 4901 4900 4903
f 4903 4904 4901
f 4638 4891 4616
f 4638 4639 4905
f 4638 4905 4891
f 4906 4891 4905
f 4906 4905 4907
f 4891 4906 4892
f 4639 4653 4908
f 4909 4908 4653
f 4909 4653 4654
f 4654 4910 4909
f 4649 4910 4654
f 4651 4910 4649
f 4911 4652 4898
f 4639 4908 4905
f 4912 4909 4910
f 4907 4905 4908
f 4908 4909 4913
f 4907 4908 4913
f 4912 4913 4909
f 4910 4651 4914
f 4915 4910 4914
f 4913 4916 4907
f 4912 4916 4913
f 4910 4916 4912
f 4916 4910 4915
f 4914 4917 4915
f 4892 4906 4918
f 4918 4906 4907
f 4918 4907 4919
f 4919 4907 4916
f 4919 4916 4920
f 4920 4916 4921
f 4921 4916 4915
f 4896 4892 4918
f 4922 4918 4919
f 4920 4922 4919
f 4920 4923 4922
f 4920 4921 4923
f 4923 4921 4924
f 4924 4921 4915
f 4925 4658 4661
f 4925 4661 4650
f 4658 4925 4662
f 4650 4652 4911
f 4650 4911 4926
f 4926 4925 4650
f 4662 4925 4927
f 4928 4925 4926
f 4928 4927 4925
f 4929 4926 4911
f 4930 4926 4929
f 4926 4930 4928
f 4928 4931 4927
f 4899 4932 4898
f 4899 4901 4932
f 4932 4911 4898
f 4932 4929 4911
f 4930 4931 4928
f 4933 4931 4930
f 4933 4930 4929
f 4901 4934 4932
f 4934 4929 4932
f 4934 4933 4929
f 4935 4915 4917
f 4901 4904 4936
f 4936 4937 4938
f 4936 4934 4901
f 4938 4934 4936
f 4938 4939 4934
f 4939 4933 4934
f 4939 4940 4933
f 4935 4924 4915
f 4662 4941 4667
f 4941 4942 4667
f 4667 4942 4664
f 4664 4942 4666
f 4927 4941 4662
f 4927 4943 4941
f 4941 4944 4942
f 4931 4943 4927
f 4931 4945 4943
f 4943 4946 4941
f 4941 4946 4944
f 4946 4947 4944
f 4933 4945 4931
f 4943 4945 4946
f 4940 4945 4933
f 4948 4945 4940
f 4949 4946 4945
f 4942 4950 4666
f 4944 4951 4942
f 4942 4951 4950
f 4950 4952 4666
f 4947 4951 4944
f 4950 4951 4952
f 4951 4953 4952
f 4426 4666 4954
f 4426 4955 4626
f 3528 4956 4957
f 4954 4955 4426
f 4956 4958 4957
f 4958 4956 4959
f 4954 4960 4955
f 4961 4958 4959
f 4666 4962 4954
f 4963 4964 4960
f 4959 4964 4961
f 4962 4965 4954
f 4627 4629 4626
f 4955 4960 4626
f 4626 4960 4627
f 4966 4668 3939
f 4956 3528 4668
f 4966 4956 4668
f 4627 4967 3939
f 4967 4966 3939
f 4959 4956 4966
f 4967 4959 4966
f 4967 4627 4960
f 4960 4964 4967
f 4964 4959 4967
f 4651 4670 4914
f 4670 4671 4968
f 4671 4673 4968
f 4969 4914 4670
f 4670 4968 4969
f 4970 4968 4673
f 4970 4673 4971
f 4971 4673 4674
f 4917 4914 4969
f 4969 4968 4972
f 4968 4970 4972
f 4973 4970 4971
f 4969 4972 4974
f 4973 4972 4970
f 4973 4974 4972
f 4974 4917 4969
f 4975 4973 4971
f 4935 4917 4974
f 4935 4974 4976
f 4974 4973 4976
f 4976 4977 4935
f 4976 4973 4977
f 4676 4978 4674
f 4674 4975 4971
f 4975 4674 4978
f 4973 4975 4979
f 4980 4979 4975
f 4980 4975 4978
f 4978 4981 4980
f 4677 4424 4982
f 4978 4676 4983
f 4983 4676 4677
f 4983 4677 4984
f 4981 4978 4985
f 4978 4983 4985
f 4985 4983 4986
f 4983 4984 4986
f 4424 4184 4982
f 4184 4987 4982
f 4677 4982 4988
f 4988 4982 4989
f 4677 4988 4984
f 4988 4989 4990
f 4990 4989 4991
f 4992 4984 4988
f 4990 4993 4988
f 4184 3528 4987
f 3528 4957 4987
f 4982 4987 4989
f 4989 4987 4957
f 4989 4957 4991
f 4957 4958 4991
f 4963 4961 4964
f 4696 4994 4693
f 4684 4995 4692
f 4692 4995 4696
f 4696 4995 4994
f 4695 4693 4994
f 4995 4996 4994
f 4994 4997 4695
f 4998 4695 4997
f 4695 4999 4703
f 4705 5000 4704
f 4704 5000 4719
f 4695 4998 4999
f 4998 5001 4999
f 4999 5001 4703
f 4703 5001 4705
f 5001 5002 4705
f 5000 4705 5002
f 5003 5000 5002
f 5000 5003 4719
f 5004 4719 5003
f 4728 4731 4729
f 4728 4724 5005
f 4728 5005 4731
f 4724 5006 5005
f 5007 4724 4722
f 5007 5006 4724
f 5005 5008 4731
f 5005 5009 5008
f 5008 5009 5010
f 5005 5006 5009
f 5010 5009 5011
f 4682 5012 4684
f 4682 4731 5012
f 4731 5008 5012
f 5012 5013 5014
f 5012 5008 5013
f 5008 5010 5013
f 4735 4736 5015
f 4732 4730 5016
f 4730 4735 5016
f 5016 4735 5015
f 5012 5014 4684
f 4684 5014 4995
f 4995 5014 4996
f 4996 4997 4994
f 4742 5017 4736
f 5015 4736 5017
f 5016 5018 4732
f 5016 5015 5019
f 5015 5020 5019
f 5020 5015 5017
f 5014 5021 4996
f 4996 5021 4997
f 5021 5022 4997
f 4997 5022 4998
f 5014 5013 5021
f 5023 5022 5021
f 5021 5013 5023
f 5022 5023 5024
f 4736 4734 4742
f 4743 4741 5025
f 4742 5026 5017
f 4742 4743 5026
f 4743 5025 5026
f 4998 5027 5001
f 5028 5003 5002
f 5029 5025 5030
f 5017 5026 5031
f 5001 5027 5032
f 5002 5001 5032
f 5028 5002 5032
f 5025 5031 5026
f 5031 5025 5029
f 5033 5017 5031
f 4998 5034 5027
f 5035 5032 5027
f 5028 5032 5035
f 5036 5028 5035
f 5022 5034 4998
f 5029 5030 5037
f 5031 5029 5038
f 5022 5024 5034
f 5034 5024 5027
f 5039 5035 5027
f 5040 5035 5039
f 5036 5035 5040
f 5041 5040 5039
f 5040 5042 5036
f 5038 5029 5037
f 5027 5043 5039
f 5043 5041 5039
f 5044 5040 5041
f 5044 5042 5040
f 5044 5045 5042
f 5046 4718 4719
f 4749 4718 5046
f 4752 4754 5047
f 5004 5046 4719
f 5048 5046 5004
f 5046 5049 4749
f 5049 5050 4754
f 4749 5049 4754
f 4741 4752 5051
f 5050 5051 5047
f 5047 5051 4752
f 5050 5047 4754
f 5048 5004 5003
f 5046 5048 5049
f 5048 5052 5050
f 5048 5050 5049
f 4741 5051 5053
f 5025 4741 5053
f 5051 5050 5053
f 5048 5003 5028
f 5052 5048 5028
f 5053 5030 5025
f 5036 5052 5028
f 5053 5052 5054
f 5050 5052 5053
f 5042 5052 5036
f 5052 5042 5054
f 5054 5045 5053
f 5045 5030 5053
f 5037 5030 5045
f 5054 5042 5045
f 4769 5055 4768
f 4722 4768 5007
f 4768 5056 5007
f 4768 5055 5056
f 4759 4762 4769
f 4762 5057 4769
f 4769 5057 5055
f 5056 5055 5058
f 5056 5058 5059
f 5058 5055 5060
f 5061 5058 5060
f 5058 5061 5059
f 5055 5057 5060
f 5062 5060 5063
f 5060 5057 5063
f 4770 4771 4784
f 5064 4784 4771
f 5056 5006 5007
f 5006 5056 5059
f 5009 5006 5059
f 5011 5065 5010
f 5059 5011 5009
f 5059 5066 5011
f 5066 5059 5061
f 4727 4732 5018
f 5067 5018 5019
f 4727 5018 4771
f 5068 5018 5067
f 4771 5018 5068
f 5069 5068 5067
f 5069 5067 5070
f 5068 5071 4771
f 5072 5071 5068
f 5073 5068 5069
f 5065 5074 5010
f 5018 5016 5019
f 5019 5020 5075
f 5070 5019 5075
f 5033 5020 5017
f 5020 5033 5075
f 5070 5067 5019
f 5031 5038 5076
f 5031 5076 5033
f 5038 5037 5045
f 5076 5038 5077
f 5038 5045 5077
f 5078 5075 5033
f 4795 4781 4775
f 4761 5079 4762
f 4761 4780 5079
f 4780 4781 5080
f 4780 5080 5079
f 5079 5081 4762
f 5080 5082 5079
f 5079 5082 5081
f 5080 5083 5084
f 5081 5082 5085
f 5086 5085 5082
f 5084 5082 5080
f 5082 5084 5086
f 5085 5086 5087
f 4786 4785 5088
f 4784 5089 4785
f 5089 5090 4785
f 5091 5088 5090
f 5090 5088 4785
f 5090 5092 5091
f 5081 5057 4762
f 5093 5063 5094
f 5063 5057 5094
f 5094 5057 5081
f 5094 5081 5095
f 5095 5081 5085
f 5093 5062 5063
f 4767 4770 4784
f 4784 5064 5089
f 5064 5096 5089
f 5064 5097 5096
f 5089 5096 5090
f 5096 5092 5090
f 4771 5071 5064
f 5097 5064 5071
f 5097 5098 5096
f 5071 5072 5097
f 5068 5073 5072
f 5072 5099 5097
f 5072 5073 5099
f 4781 4795 5083
f 5100 4795 4791
f 5100 4791 4793
f 4793 4792 5101
f 5102 5083 4795
f 4795 5100 5102
f 5103 5102 5100
f 4793 5103 5100
f 5101 5103 4793
f 5103 5104 5102
f 5103 5101 5104
f 5105 5106 5104
f 5101 5105 5104
f 4798 5107 4801
f 5108 4801 5107
f 4800 4801 5108
f 4816 4800 5108
f 4798 5109 5107
f 5108 5107 5110
f 5110 5111 5108
f 5111 4816 5108
f 5083 5080 4781
f 5107 5109 5110
f 5102 5112 5083
f 5083 5113 5084
f 5083 5112 5113
f 5102 5104 5112
f 5112 5106 5113
f 5112 5104 5106
f 5113 5086 5084
f 5113 5114 5086
f 5106 5115 5113
f 5105 5116 5106
f 5086 5114 5087
f 5114 5113 5115
f 4778 4786 4798
f 4798 4786 5109
f 5088 5117 4786
f 4786 5117 5109
f 5117 5088 5091
f 5117 5118 5109
f 5110 5109 5118
f 5117 5091 5119
f 5118 5117 5119
f 5120 5110 5118
f 5119 5120 5118
f 5091 5092 5119
f 5120 5119 5121
f 5120 5121 5122
f 5119 5092 5123
f 5123 5121 5119
f 5096 5124 5092
f 5125 4792 4794
f 4792 5125 5101
f 5125 4794 4813
f 4823 4813 4805
f 5126 5101 5125
f 5126 5125 4813
f 5127 5126 4813
f 4823 5127 4813
f 5127 5128 5126
f 5126 5129 5101
f 5128 5129 5126
f 5129 5105 5101
f 5130 5129 5131
f 5131 5129 5128
f 5129 5130 5105
f 5130 5131 5132
f 5132 5128 5133
f 5131 5128 5132
f 5132 5133 5134
f 4816 5135 4814
f 4817 4814 5135
f 5111 5136 4816
f 5135 4816 5136
f 5111 5110 5136
f 5135 5136 4817
f 5110 5137 5136
f 4817 5136 5138
f 5139 5136 5137
f 5138 5136 5139
f 5138 5139 5140
f 5141 5105 5130
f 5130 5132 5141
f 5110 5120 5137
f 5120 5122 5137
f 5122 5142 5137
f 5137 5142 5139
f 5142 5140 5139
f 5121 5143 5122
f 5122 5144 5142
f 5144 5140 5142
f 4821 5145 4823
f 4824 5145 4821
f 5146 4829 4830
f 4839 4829 5146
f 5145 5127 4823
f 5127 5145 5128
f 4824 5147 5145
f 5148 5147 4824
f 5149 5128 5145
f 5147 5149 5145
f 5150 5149 5147
f 5149 5150 5151
f 5150 5147 5148
f 5150 5152 5151
f 5149 5133 5128
f 5149 5151 5133
f 5151 5152 5153
f 5134 5133 5154
f 5154 5151 5153
f 5133 5151 5154
f 4812 4817 5155
f 4812 5155 4830
f 5156 4830 5155
f 5146 4830 5156
f 4817 5157 5155
f 4817 5138 5157
f 5138 5158 5157
f 5156 5155 5157
f 5157 5159 5156
f 5159 5160 5156
f 5159 5157 5158
f 5158 5161 5159
f 5159 5161 5160
f 5158 5162 5161
f 5138 5140 5158
f 5158 5140 5163
f 5158 5163 5162
f 5162 5164 5161
f 4836 4834 5165
f 5165 4834 4835
f 5165 4835 5166
f 5167 4839 5146
f 4840 4839 5167
f 5165 5166 5168
f 5165 5168 4836
f 4836 5148 4824
f 5168 5148 4836
f 5148 5168 5169
f 5169 5168 5170
f 5150 5148 5169
f 5150 5169 5152
f 5152 5169 5171
f 5169 5170 5171
f 5172 5173 5170
f 5170 5173 5171
f 5167 5146 5156
f 5167 5174 4840
f 5167 5156 5160
f 5167 5160 5174
f 5175 5176 5160
f 5160 5176 5174
f 5160 5161 5175
f 5164 5175 5161
f 5166 4835 4844
f 5166 4844 4845
f 4845 4847 5177
f 5168 5166 5178
f 5168 5178 5170
f 4845 5177 5166
f 5166 5177 5178
f 4847 5179 5177
f 5180 5177 5179
f 5178 5177 5180
f 5170 5178 5172
f 5181 5179 5182
f 5180 5172 5178
f 5181 5172 5180
f 5179 5181 5180
f 5181 5182 5183
f 5184 5173 5172
f 5181 5184 5172
f 5184 5181 5183
f 5183 5185 5184
f 4840 4852 4849
f 4840 5174 4852
f 5174 5186 4852
f 5186 4853 4852
f 5174 5176 5186
f 5176 5187 5186
f 5187 5176 5188
f 5176 5189 5188
f 5189 5190 5188
f 4860 5191 4847
f 4860 4867 5191
f 4867 4859 4882
f 4867 5192 5191
f 4882 5192 4867
f 5179 5191 5192
f 4847 5191 5179
f 5182 5192 5193
f 5179 5192 5182
f 5194 5182 5193
f 5194 5193 5195
f 5195 5196 5194
f 5194 5183 5182
f 5194 5197 5183
f 4853 4868 4866
f 4853 5198 4868
f 4888 4868 5198
f 4853 5186 5198
f 5198 5199 4888
f 5186 5187 5198
f 5199 5198 5187
f 5196 5197 5194
f 5197 5196 5200
f 5187 5201 5199
f 5201 5202 5199
f 5201 5187 5188
f 5201 5203 5202
f 5203 5204 5202
f 5188 5190 5201
f 5205 5203 5201
f 4882 4878 4883
f 5193 5192 4882
f 4881 5206 4883
f 4882 4883 5193
f 4883 5206 5207
f 5207 5206 5208
f 5193 4883 5195
f 5207 5195 4883
f 5209 5195 5207
f 4888 5210 4887
f 4902 4887 5210
f 5211 5210 4888
f 5199 5211 4888
f 5207 5208 5212
f 5195 5209 5196
f 5207 5212 5209
f 5196 5209 5213
f 5213 5209 5214
f 5209 5212 5214
f 5212 5215 5214
f 5210 5216 4902
f 5211 5217 5210
f 5216 5210 5217
f 5199 5202 5211
f 5202 5204 5211
f 5217 5211 5204
f 5204 5218 5217
f 5216 5217 5218
f 5218 5219 5216
f 5218 5220 5219
f 5218 5221 5220
f 5218 5204 5221
f 5204 5203 5221
f 5203 5222 5221
f 4894 4895 5223
f 4894 5206 4881
f 5206 4894 5208
f 4894 5223 5208
f 5224 4895 4896
f 4895 5224 5223
f 5224 4896 5225
f 5208 5226 5212
f 5223 5226 5208
f 5226 5223 5224
f 5226 5224 5227
f 5227 5224 5225
f 5225 5228 5227
f 5226 5215 5212
f 5227 5215 5226
f 5227 5228 5229
f 5215 5227 5229
f 4902 4903 4900
f 4937 4904 5230
f 4903 4902 5231
f 5231 5230 4904
f 5231 4904 4903
f 4937 5230 5232
f 5230 5233 5232
f 5231 4902 5216
f 5230 5234 5233
f 5231 5216 5230
f 5230 5219 5235
f 5235 5234 5230
f 5216 5219 5230
f 5229 5228 5236
f 5220 5235 5219
f 5235 5237 5234
f 5234 5238 5233
f 5234 5237 5238
f 5239 5235 5220
f 5235 5239 5237
f 5238 5237 5240
f 5241 5237 5239
f 5237 5242 5240
f 5240 5243 5238
f 5242 5244 5240
f 5244 5243 5240
f 4918 4922 4896
f 4896 4922 5225
f 4922 4923 5245
f 5245 4923 5246
f 5245 5246 5228
f 5246 4923 4924
f 5225 4922 5245
f 5228 5225 5245
f 4937 4936 4904
f 4937 5247 4938
f 5247 4939 4938
f 5247 4940 4939
f 4924 5248 5246
f 4935 5248 4924
f 4937 5232 5247
f 5232 4940 5247
f 5248 4935 4977
f 5246 5249 5228
f 5248 5249 5246
f 5250 5249 5248
f 5236 5228 5251
f 5228 5249 5251
f 5251 5252 5253
f 5249 5252 5251
f 5253 5236 5251
f 4948 4949 4945
f 5232 5254 5255
f 5255 4940 5232
f 5255 4948 4940
f 5232 5233 5254
f 5255 5254 5256
f 5257 4948 5255
f 4949 4948 5257
f 5254 5233 5256
f 5233 5238 5256
f 5250 5258 5259
f 5249 5250 5252
f 5250 5259 5252
f 4949 5260 4946
f 4946 5260 4947
f 5260 5261 4947
f 4947 5261 4951
f 4951 5261 4953
f 5262 4949 5257
f 5260 4949 5262
f 5255 5263 5257
f 5262 5257 5263
f 5262 5264 5260
f 5256 5265 5263
f 5255 5256 5263
f 5266 5262 5263
f 5266 5264 5262
f 5238 5243 5265
f 5265 5256 5238
f 5265 5267 5263
f 5265 5243 5267
f 5259 5268 5269
f 5268 5270 5271
f 4962 4952 4953
f 4952 4962 4666
f 5272 5261 5260
f 5272 4953 5261
f 4953 5273 4962
f 4962 5273 5274
f 5272 5260 5264
f 5272 5273 4953
f 5273 5275 5274
f 5276 5273 5272
f 5276 5275 5273
f 5266 5277 5264
f 5277 5272 5264
f 5277 5278 5272
f 5272 5278 5276
f 5278 5279 5280
f 5276 5278 5280
f 5280 5275 5276
f 5263 5267 5266
f 5267 5281 5282
f 5282 5266 5267
f 5282 5277 5266
f 5278 5277 5282
f 5282 5279 5278
f 5279 5282 5283
f 5284 4963 4960
f 4965 4960 4954
f 4960 4965 5284
f 4962 5274 4965
f 4965 5285 5284
f 5285 5286 5284
f 5280 5287 5274
f 5274 5287 4965
f 4965 5287 5288
f 5285 4965 5288
f 5280 5274 5275
f 5289 5286 5288
f 5288 5286 5285
f 5279 5287 5280
f 5288 5287 5283
f 5283 5287 5279
f 5283 5290 5288
f 4979 4977 4973
f 4979 4980 5291
f 5291 4980 5292
f 4977 5293 5248
f 5293 4977 4979
f 5293 4979 5291
f 5293 5250 5248
f 5293 5258 5250
f 4985 4986 5294
f 4986 4984 4992
f 4980 4981 5292
f 5292 4981 5295
f 4981 4985 5295
f 5295 4985 5294
f 5294 4986 5296
f 4986 4992 5296
f 5297 5291 5292
f 5297 5292 5295
f 5295 5294 5297
f 5298 5297 5294
f 5294 5296 5298
f 5298 5296 5299
f 5258 5293 5291
f 5297 5258 5291
f 5300 5297 5298
f 5301 5258 5297
f 5300 5301 5297
f 5300 5298 5302
f 5268 5259 5258
f 5301 5268 5258
f 5270 5268 5301
f 5270 5301 5300
f 5303 5270 5300
f 5302 5303 5300
f 4990 4991 4993
f 5304 4993 4991
f 4992 4988 5305
f 4988 4993 5305
f 5296 4992 5305
f 5306 5307 4993
f 4993 5307 5305
f 5306 4993 5304
f 5296 5305 5299
f 5299 5305 5307
f 5302 5299 5308
f 5308 5307 5309
f 5299 5307 5308
f 5306 5309 5307
f 5302 5298 5299
f 5306 5310 5309
f 5310 5311 5309
f 5308 5303 5302
f 5312 5303 5308
f 5309 5312 5308
f 5311 5312 5309
f 5311 5313 5312
f 5310 5314 5311
f 5284 4961 4963
f 4991 4961 5304
f 4958 4961 4991
f 5286 4961 5284
f 5304 5315 5306
f 5289 5315 4961
f 4961 5315 5304
f 5289 4961 5286
f 5306 5315 5316
f 5316 5315 5289
f 5289 5290 5316
f 5306 5316 5310
f 5288 5290 5289
f 5316 5314 5310
f 5290 5314 5316
f 5013 5010 5317
f 5318 5013 5317
f 5318 5317 5319
f 5320 5318 5319
f 5317 5010 5074
f 5317 5074 5319
f 5023 5013 5318
f 5023 5321 5024
f 5321 5023 5318
f 5322 5321 5318
f 5318 5320 5322
f 5322 5323 5321
f 5324 5321 5323
f 5325 5324 5323
f 5043 5027 5024
f 5043 5326 5041
f 5043 5024 5326
f 5041 5327 5044
f 5327 5045 5044
f 5324 5024 5321
f 5326 5024 5324
f 5328 5326 5324
f 5041 5326 5328
f 5325 5328 5324
f 5328 5329 5041
f 5329 5327 5041
f 5329 5328 5325
f 5325 5330 5329
f 5060 5062 5061
f 5331 5065 5011
f 5331 5011 5066
f 5331 5066 5332
f 5061 5333 5066
f 5332 5066 5333
f 5332 5333 5334
f 5061 5062 5333
f 5332 5335 5331
f 5332 5334 5336
f 5332 5336 5335
f 5065 5337 5074
f 5338 5073 5069
f 5065 5331 5337
f 5319 5074 5339
f 5320 5319 5339
f 5339 5074 5337
f 5337 5331 5335
f 5340 5320 5339
f 5337 5341 5339
f 5339 5341 5340
f 5341 5337 5342
f 5343 5340 5341
f 5342 5337 5335
f 5342 5344 5341
f 5343 5341 5344
f 5335 5345 5342
f 5345 5344 5342
f 5344 5346 5343
f 5344 5345 5347
f 5344 5347 5346
f 5078 5348 5075
f 5348 5070 5075
f 5070 5349 5069
f 5070 5348 5349
f 5069 5349 5338
f 5078 5350 5348
f 5351 5338 5349
f 5348 5351 5349
f 5348 5350 5352
f 5322 5320 5353
f 5354 5322 5353
f 5323 5322 5354
f 5323 5354 5355
f 5323 5355 5325
f 5320 5340 5353
f 5340 5354 5353
f 5354 5340 5356
f 5354 5356 5355
f 5340 5343 5357
f 5346 5357 5343
f 5355 5356 5358
f 5356 5340 5357
f 5357 5359 5360
f 5356 5357 5360
f 5357 5346 5359
f 5358 5356 5360
f 5361 5358 5360
f 5045 5362 5077
f 5078 5033 5076
f 5329 5045 5327
f 5077 5045 5329
f 5077 5363 5076
f 5077 5362 5045
f 5076 5350 5078
f 5363 5350 5076
f 5329 5364 5077
f 5364 5363 5077
f 5364 5365 5363
f 5350 5363 5365
f 5325 5366 5330
f 5367 5329 5330
f 5368 5329 5367
f 5329 5368 5364
f 5364 5368 5365
f 5365 5352 5350
f 5352 5365 5368
f 5366 5367 5330
f 5352 5368 5369
f 5366 5325 5355
f 5355 5358 5366
f 5366 5358 5370
f 5367 5366 5370
f 5371 5367 5370
f 5367 5371 5368
f 5368 5371 5369
f 5370 5358 5372
f 5371 5370 5372
f 5358 5361 5372
f 5373 5372 5361
f 5373 5371 5372
f 5374 5371 5373
f 5369 5371 5374
f 5361 5375 5373
f 5062 5093 5376
f 5094 5095 5093
f 5093 5095 5377
f 5376 5093 5377
f 5095 5085 5087
f 5377 5095 5087
f 5377 5087 5378
f 5376 5377 5379
f 5376 5379 5334
f 5377 5378 5379
f 5379 5380 5381
f 5124 5096 5098
f 5333 5062 5334
f 5334 5062 5376
f 5334 5379 5381
f 5335 5336 5382
f 5345 5335 5382
f 5383 5336 5334
f 5382 5336 5383
f 5334 5381 5383
f 5382 5383 5384
f 5385 5384 5383
f 5385 5383 5381
f 5385 5381 5386
f 5381 5380 5386
f 5384 5385 5387
f 5385 5386 5387
f 5099 5098 5097
f 5388 5389 5099
f 5388 5099 5073
f 5098 5099 5389
f 5073 5338 5390
f 5390 5388 5073
f 5098 5389 5124
f 5390 5391 5388
f 5388 5391 5389
f 5391 5392 5389
f 5391 5390 5393
f 5391 5393 5392
f 5393 5394 5392
f 5345 5382 5395
f 5345 5395 5347
f 5395 5382 5384
f 5347 5395 5396
f 5347 5396 5346
f 5396 5395 5397
f 5396 5397 5398
f 5384 5387 5395
f 5387 5386 5399
f 5387 5399 5397
f 5387 5397 5395
f 5338 5351 5390
f 5351 5400 5390
f 5351 5348 5400
f 5400 5348 5352
f 5390 5400 5401
f 5401 5400 5402
f 5390 5401 5393
f 5393 5403 5394
f 5393 5401 5403
f 5402 5403 5401
f 5402 5404 5403
f 5402 5405 5404
f 5359 5346 5406
f 5360 5359 5407
f 5360 5407 5408
f 5360 5408 5361
f 5346 5396 5406
f 5409 5408 5407
f 5352 5410 5400
f 5352 5369 5410
f 5374 5411 5410
f 5374 5410 5369
f 5400 5410 5412
f 5411 5413 5412
f 5411 5412 5410
f 5413 5374 5414
f 5374 5413 5411
f 5412 5413 5415
f 5412 5402 5400
f 5416 5402 5412
f 5412 5415 5416
f 5402 5416 5405
f 5361 5408 5375
f 5373 5375 5414
f 5374 5373 5414
f 5417 5375 5408
f 5375 5417 5414
f 5414 5417 5413
f 5413 5418 5415
f 5418 5416 5415
f 5419 5416 5418
f 5419 5405 5416
f 5114 5115 5420
f 5106 5116 5115
f 5420 5116 5421
f 5115 5116 5420
f 5087 5114 5378
f 5114 5420 5422
f 5378 5114 5422
f 5423 5422 5420
f 5420 5421 5423
f 5378 5422 5424
f 5422 5423 5424
f 5378 5424 5425
f 5379 5378 5380
f 5378 5425 5380
f 5424 5426 5425
f 5427 5386 5380
f 5380 5425 5427
f 5425 5426 5428
f 5425 5428 5427
f 5123 5092 5124
f 5143 5121 5123
f 5389 5429 5124
f 5124 5429 5123
f 5143 5123 5429
f 5143 5429 5430
f 5389 5431 5429
f 5430 5429 5431
f 5431 5432 5430
f 5386 5427 5433
f 5434 5399 5386
f 5386 5433 5434
f 5434 5433 5435
f 5427 5428 5433
f 5433 5428 5436
f 5435 5433 5436
f 5392 5431 5389
f 5394 5437 5392
f 5431 5392 5437
f 5437 5432 5431
f 5437 5438 5432
f 5437 5439 5438
f 5394 5439 5437
f 5403 5440 5394
f 5403 5404 5440
f 5394 5440 5439
f 5405 5441 5404
f 5404 5441 5442
f 5404 5442 5440
f 5442 5443 5440
f 5440 5443 5439
f 5405 5444 5441
f 5445 5442 5441
f 5134 5141 5132
f 5141 5421 5116
f 5141 5116 5105
f 5141 5446 5421
f 5141 5134 5446
f 5421 5447 5423
f 5447 5421 5446
f 5446 5448 5449
f 5449 5448 5450
f 5451 5122 5143
f 5122 5451 5144
f 5451 5452 5144
f 5144 5453 5140
f 5144 5452 5453
f 5140 5453 5163
f 5453 5454 5163
f 5455 5452 5451
f 5454 5453 5452
f 5451 5143 5456
f 5455 5457 5452
f 5426 5424 5423
f 5423 5447 5426
f 5447 5446 5449
f 5447 5449 5426
f 5426 5458 5428
f 5426 5449 5458
f 5458 5449 5459
f 5449 5450 5459
f 5459 5450 5460
f 5459 5460 5461
f 5428 5462 5436
f 5428 5458 5462
f 5462 5459 5463
f 5462 5458 5459
f 5459 5461 5463
f 5462 5463 5436
f 5436 5463 5464
f 5463 5465 5464
f 5463 5461 5465
f 5430 5456 5143
f 5456 5455 5451
f 5432 5456 5430
f 5455 5466 5457
f 5432 5467 5456
f 5432 5438 5467
f 5456 5467 5455
f 5467 5466 5455
f 5468 5466 5467
f 5467 5438 5468
f 5469 5468 5438
f 5438 5439 5469
f 5469 5470 5468
f 5443 5469 5439
f 5469 5471 5470
f 5154 5153 5472
f 5134 5154 5473
f 5154 5472 5473
f 5134 5474 5446
f 5474 5134 5473
f 5473 5475 5476
f 5473 5472 5475
f 5446 5474 5448
f 5448 5474 5477
f 5477 5474 5476
f 5476 5474 5473
f 5478 5475 5472
f 5448 5477 5450
f 5450 5477 5479
f 5477 5476 5479
f 5475 5479 5476
f 5479 5475 5480
f 5480 5475 5481
f 5480 5460 5479
f 5163 5482 5162
f 5162 5482 5164
f 5454 5482 5163
f 5452 5457 5454
f 5454 5457 5482
f 5457 5483 5482
f 5482 5483 5484
f 5483 5485 5484
f 5460 5450 5479
f 5480 5481 5486
f 5460 5480 5487
f 5487 5488 5489
f 5480 5486 5488
f 5480 5488 5487
f 5460 5487 5461
f 5465 5461 5487
f 5465 5487 5489
f 5466 5468 5490
f 5483 5457 5466
f 5483 5466 5490
f 5483 5490 5491
f 5490 5492 5491
f 5493 5490 5468
f 5468 5470 5493
f 5153 5494 5472
f 5152 5494 5153
f 5171 5494 5152
f 5171 5173 5495
f 5171 5495 5494
f 5495 5173 5184
f 5472 5494 5478
f 5494 5495 5478
f 5478 5495 5496
f 5496 5495 5497
f 5497 5495 5498
f 5475 5478 5481
f 5481 5478 5496
f 5496 5497 5499
f 5481 5496 5486
f 5496 5499 5486
f 5164 5500 5175
f 5500 5189 5175
f 5176 5175 5189
f 5164 5482 5484
f 5500 5164 5484
f 5484 5485 5500
f 5500 5485 5189
f 5189 5485 5501
f 5488 5486 5502
f 5499 5502 5486
f 5503 5502 5499
f 5488 5502 5489
f 5485 5491 5501
f 5491 5504 5501
f 5483 5491 5485
f 5492 5504 5491
f 5490 5493 5492
f 5493 5504 5492
f 5489 5502 5505
f 5493 5470 5506
f 5506 5507 5504
f 5504 5493 5506
f 5185 5498 5184
f 5183 5508 5185
f 5498 5495 5184
f 5498 5185 5509
f 5185 5508 5509
f 5498 5509 5497
f 5497 5509 5510
f 5509 5511 5510
f 5508 5511 5509
f 5497 5510 5499
f 5512 5510 5511
f 5510 5503 5499
f 5189 5501 5190
f 5501 5513 5190
f 5514 5515 5513
f 5512 5503 5510
f 5502 5503 5516
f 5503 5517 5516
f 5501 5514 5513
f 5501 5504 5514
f 5504 5518 5514
f 5514 5518 5515
f 5505 5502 5516
f 5505 5516 5519
f 5518 5504 5507
f 5507 5520 5521
f 5520 5522 5521
f 5522 5523 5521
f 5507 5521 5523
f 5507 5523 5524
f 5525 5524 5523
f 5523 5526 5525
f 5197 5508 5183
f 5508 5197 5527
f 5197 5200 5527
f 5527 5200 5512
f 5527 5511 5508
f 5527 5512 5511
f 5200 5528 5512
f 5512 5528 5529
f 5190 5205 5201
f 5205 5190 5513
f 5513 5515 5205
f 5203 5205 5222
f 5205 5515 5222
f 5503 5512 5529
f 5503 5529 5517
f 5517 5530 5519
f 5529 5530 5517
f 5516 5517 5519
f 5531 5222 5515
f 5515 5518 5531
f 5518 5532 5531
f 5507 5533 5518
f 5518 5533 5532
f 5524 5533 5507
f 5533 5524 5525
f 5534 5533 5525
f 5535 5533 5534
f 5536 5535 5534
f 5533 5535 5532
f 5200 5196 5213
f 5200 5213 5528
f 5528 5213 5537
f 5213 5214 5537
f 5537 5214 5538
f 5537 5529 5528
f 5539 5538 5540
f 5537 5539 5529
f 5538 5539 5537
f 5539 5530 5529
f 5541 5222 5531
f 5221 5222 5541
f 5541 5220 5221
f 5531 5241 5541
f 5541 5239 5220
f 5239 5541 5241
f 5531 5542 5241
f 5530 5539 5540
f 5532 5542 5531
f 5543 5519 5530
f 5544 5519 5543
f 5545 5542 5532
f 5542 5545 5546
f 5545 5547 5546
f 5548 5532 5535
f 5545 5532 5548
f 5536 5545 5548
f 5547 5545 5536
f 5535 5536 5548
f 5549 5550 5551
f 5551 5550 5536
f 5536 5550 5552
f 5549 5553 5554
f 5549 5554 5550
f 5536 5552 5547
f 5538 5214 5215
f 5215 5229 5555
f 5229 5236 5555
f 5538 5555 5540
f 5538 5215 5555
f 5555 5236 5556
f 5555 5556 5540
f 5241 5542 5242
f 5241 5242 5237
f 5556 5557 5540
f 5530 5540 5558
f 5540 5557 5558
f 5542 5244 5242
f 5558 5557 5559
f 5558 5543 5530
f 5560 5561 5542
f 5546 5562 5542
f 5562 5560 5542
f 5562 5546 5547
f 5563 5564 5552
f 5565 5552 5564
f 5543 5566 5553
f 5566 5554 5553
f 5558 5567 5543
f 5543 5567 5566
f 5554 5566 5568
f 5554 5568 5550
f 5567 5568 5566
f 5550 5568 5563
f 5550 5563 5552
f 5563 5568 5569
f 5560 5570 5561
f 5565 5570 5560
f 5547 5552 5560
f 5562 5547 5560
f 5552 5565 5560
f 5236 5253 5556
f 5556 5571 5557
f 5556 5253 5571
f 5253 5252 5571
f 5572 5571 5252
f 5572 5252 5259
f 5572 5259 5269
f 5557 5571 5573
f 5573 5571 5269
f 5269 5571 5572
f 5271 5269 5268
f 5269 5271 5574
f 5269 5574 5573
f 5574 5271 5575
f 5559 5557 5573
f 5573 5574 5576
f 5576 5574 5575
f 5559 5573 5576
f 5243 5281 5267
f 5282 5281 5577
f 5283 5282 5577
f 5243 5244 5281
f 5271 5270 5578
f 5578 5303 5579
f 5580 5581 5313
f 5311 5580 5313
f 5244 5561 5281
f 5581 5580 5582
f 5575 5271 5578
f 5575 5578 5583
f 5583 5578 5579
f 5583 5579 5584
f 5582 5585 5581
f 5585 5579 5586
f 5313 5585 5586
f 5585 5313 5581
f 5561 5244 5542
f 5576 5575 5587
f 5575 5588 5587
f 5582 5589 5590
f 5575 5583 5588
f 5588 5583 5584
f 5580 5589 5582
f 5579 5582 5584
f 5585 5582 5579
f 5591 5576 5587
f 5591 5587 5592
f 5592 5593 5594
f 5587 5593 5592
f 5584 5590 5595
f 5593 5587 5588
f 5596 5593 5588
f 5584 5596 5588
f 5582 5590 5584
f 5559 5576 5591
f 5559 5591 5558
f 5558 5591 5567
f 5567 5591 5592
f 5567 5592 5568
f 5568 5592 5569
f 5563 5569 5594
f 5563 5594 5564
f 5592 5594 5569
f 5595 5590 5564
f 5595 5564 5594
f 5594 5593 5596
f 5595 5594 5596
f 5584 5595 5596
f 5597 5283 5577
f 5597 5598 5283
f 5598 5290 5283
f 5598 5580 5290
f 5580 5311 5290
f 5577 5599 5597
f 5597 5580 5598
f 5561 5577 5281
f 5577 5561 5599
f 5599 5589 5597
f 5589 5580 5597
f 5561 5570 5590
f 5561 5590 5599
f 5590 5589 5599
f 5565 5564 5590
f 5570 5565 5590
f 5313 5586 5312
f 5312 5586 5303
f 5303 5578 5270
f 5586 5579 5303
f 5311 5314 5290
f 5398 5397 5600
f 5397 5601 5600
f 5397 5399 5601
f 5407 5359 5406
f 5409 5407 5406
f 5602 5408 5409
f 5408 5602 5603
f 5396 5398 5406
f 5406 5398 5604
f 5406 5604 5409
f 5409 5605 5602
f 5602 5605 5606
f 5602 5606 5603
f 5604 5605 5409
f 5606 5605 5607
f 5604 5398 5600
f 5604 5608 5605
f 5605 5608 5607
f 5603 5606 5609
f 5604 5600 5608
f 5606 5607 5609
f 5609 5607 5610
f 5607 5608 5611
f 5607 5611 5610
f 5417 5408 5603
f 5418 5417 5603
f 5413 5417 5418
f 5612 5613 5610
f 5419 5418 5613
f 5419 5613 5612
f 5603 5609 5418
f 5609 5610 5613
f 5418 5609 5613
f 5399 5434 5614
f 5434 5435 5614
f 5614 5435 5615
f 5616 5614 5615
f 5435 5436 5464
f 5435 5464 5615
f 5399 5614 5616
f 5600 5601 5617
f 5617 5601 5618
f 5601 5399 5619
f 5601 5619 5618
f 5399 5616 5619
f 5619 5616 5620
f 5619 5620 5618
f 5618 5620 5621
f 5620 5622 5621
f 5618 5621 5623
f 5442 5624 5443
f 5600 5617 5608
f 5625 5608 5617
f 5626 5610 5611
f 5611 5608 5625
f 5617 5623 5625
f 5611 5625 5627
f 5611 5627 5626
f 5617 5618 5623
f 5626 5627 5628
f 5625 5623 5629
f 5623 5621 5629
f 5627 5630 5628
f 5631 5625 5629
f 5625 5631 5627
f 5626 5612 5610
f 5419 5612 5444
f 5419 5444 5405
f 5632 5444 5612
f 5444 5445 5441
f 5444 5632 5445
f 5445 5633 5442
f 5442 5633 5624
f 5633 5634 5624
f 5612 5626 5632
f 5632 5626 5445
f 5626 5628 5445
f 5445 5628 5633
f 5633 5628 5634
f 5635 5464 5636
f 5616 5615 5635
f 5616 5635 5620
f 5620 5635 5622
f 5464 5635 5615
f 5635 5636 5622
f 5622 5636 5637
f 5443 5638 5469
f 5443 5624 5638
f 5634 5638 5624
f 5469 5638 5471
f 5639 5628 5630
f 5629 5621 5640
f 5629 5640 5631
f 5627 5641 5630
f 5621 5622 5640
f 5630 5642 5639
f 5622 5637 5643
f 5643 5637 5644
f 5645 5642 5646
f 5641 5627 5631
f 5641 5631 5646
f 5641 5646 5630
f 5631 5640 5646
f 5640 5622 5643
f 5630 5646 5642
f 5640 5643 5646
f 5646 5643 5644
f 5646 5647 5645
f 5634 5639 5638
f 5639 5471 5638
f 5634 5628 5639
f 5465 5636 5464
f 5489 5648 5649
f 5489 5649 5465
f 5465 5649 5636
f 5649 5637 5636
f 5637 5649 5650
f 5649 5648 5650
f 5471 5651 5470
f 5470 5651 5506
f 5639 5642 5645
f 5646 5644 5647
f 5637 5650 5644
f 5644 5650 5647
f 5471 5639 5651
f 5489 5505 5648
f 5652 5648 5505
f 5648 5652 5650
f 5506 5520 5507
f 5506 5651 5520
f 5653 5520 5651
f 5639 5645 5653
f 5654 5645 5647
f 5650 5652 5655
f 5655 5652 5654
f 5647 5650 5655
f 5647 5655 5654
f 5639 5653 5651
f 5505 5519 5656
f 5520 5653 5522
f 5645 5526 5522
f 5653 5645 5522
f 5522 5526 5523
f 5652 5505 5656
f 5657 5645 5654
f 5645 5657 5526
f 5526 5657 5534
f 5652 5658 5654
f 5658 5652 5656
f 5526 5534 5525
f 5657 5536 5534
f 5657 5551 5536
f 5519 5544 5656
f 5654 5658 5657
f 5656 5544 5658
f 5658 5544 5657
f 5657 5544 5549
f 5657 5549 5551
f 5544 5553 5549
f 5553 5544 5543
f 5659 5660 5661
f 5662 5663 5661
f 5664 5665 5666
f 5667 5664 5668
f 5667 5669 5664
f 5669 5670 5664
f 5671 5672 5673
f 5674 5675 5673
f 5674 5673 5676
f 5671 5673 5675
f 5677 5676 5678
f 5678 5676 5673
f 5679 5680 5674
f 5675 5674 5680
f 5681 5674 5676
f 5681 5676 5665
f 5665 5677 5666
f 5677 5665 5676
f 5670 5682 5679
f 5681 5664 5670
f 5674 5681 5679
f 5681 5670 5679
f 5664 5681 5665
f 5679 5682 5680
f 5680 5682 5659
f 5661 5680 5659
f 5683 5684 5685
f 5684 5686 5685
f 5685 5686 5687
f 5688 5686 5684
f 5689 5688 5684
f 5675 5689 5671
f 5689 5683 5671
f 5683 5689 5684
f 5671 5690 5672
f 5690 5671 5683
f 5688 5691 5686
f 5691 5692 5693
f 5686 5691 5693
f 5689 5675 5688
f 5694 5695 5691
f 5694 5691 5688
f 5691 5695 5692
f 5680 5661 5694
f 5694 5661 5695
f 5688 5675 5680
f 5680 5694 5688
f 5663 5695 5661
f 5696 5685 5687
f 5686 5693 5687
f 5693 5697 5687
f 5693 5698 5697
f 5698 5699 5697
f 5687 5697 5696
f 5699 5700 5697
f 5697 5700 5696
f 5699 5701 5700
f 5701 5702 5703
f 5692 5698 5693
f 5698 5704 5699
f 5705 5699 5704
f 5699 5705 5701
f 5702 5701 5705
f 5698 5706 5704
f 5704 5707 5705
f 5705 5707 5708
f 5698 5692 5706
f 5706 5707 5704
f 5709 5706 5710
f 5707 5706 5709
f 5711 5692 5695
f 5711 1327 5692
f 1327 5706 5692
f 5710 5706 1327
f 5712 5710 1327
f 5709 5710 5712
f 5702 5705 5708
f 5707 5709 5708
f 5709 5713 5708
f 5708 5714 5702
f 5708 5715 5714
f 5714 5715 5716
f 5714 5716 5717
f 5713 5718 5715
f 5715 5708 5713
f 5716 5719 5717
f 5712 5713 5709
f 5716 5720 5719
f 5721 5722 5666
f 5668 5664 5666
f 5668 5666 5722
f 5722 5723 5668
f 5724 5723 5722
f 5722 5721 5724
f 5721 5725 5724
f 5724 5725 5726
f 5726 5725 5727
f 5728 5729 5723
f 5723 5724 5728
f 5724 5726 5728
f 5728 5726 5730
f 5723 5731 5668
f 5729 5731 5723
f 5673 5672 5678
f 5678 5672 5732
f 5733 5734 5678
f 5678 5732 5733
f 5733 5732 5735
f 5733 5735 5736
f 5735 5737 5736
f 5734 5677 5678
f 5734 5733 5738
f 5738 5733 5739
f 5733 5736 5739
f 5666 5677 5734
f 5666 5734 5721
f 5721 5734 5738
f 5738 5725 5721
f 5725 5739 5727
f 5738 5739 5725
f 5740 5741 5742
f 5740 5743 5741
f 5742 5744 5745
f 5742 5741 5744
f 5741 5746 5744
f 5741 5747 5746
f 5745 5744 5748
f 5748 5744 5749
f 5683 5750 5690
f 5683 5685 5750
f 5685 5740 5750
f 5690 5751 5672
f 5690 5750 5751
f 5750 5742 5751
f 5750 5740 5742
f 5743 5740 5685
f 5672 5751 5732
f 5751 5745 5732
f 5745 5751 5742
f 5732 5745 5735
f 5737 5735 5752
f 5735 5745 5752
f 5748 5752 5745
f 5753 5754 5755
f 5756 5757 5753
f 5753 5757 5754
f 5756 5758 5757
f 5754 5757 5759
f 5759 5757 5760
f 5758 5761 5757
f 5757 5761 5760
f 5743 5685 5696
f 5696 5700 5743
f 5743 5700 5762
f 5743 5747 5741
f 5743 5762 5747
f 5762 5763 5747
f 5763 5764 5747
f 5747 5764 5746
f 5746 5765 5744
f 5746 5764 5765
f 5700 5766 5767
f 5766 5768 5767
f 5700 5767 5762
f 5768 5769 5767
f 5762 5767 5770
f 5767 5769 5770
f 5770 5763 5762
f 5763 5770 5771
f 5772 5771 5770
f 5770 5769 5772
f 5700 5701 5766
f 5701 5703 5766
f 5773 5754 5774
f 5754 5759 5774
f 5759 5760 5775
f 5759 5775 5774
f 5774 5775 5776
f 5774 5776 5777
f 5775 5760 5778
f 5776 5775 5778
f 5769 5779 5772
f 5772 5780 5771
f 5766 5703 5768
f 5703 5779 5768
f 5769 5768 5779
f 5781 5782 5779
f 5772 5779 5782
f 5782 5781 5783
f 5780 5772 5782
f 5782 5784 5780
f 5782 5783 5784
f 5702 5714 5785
f 5702 5785 5703
f 5779 5703 5785
f 5779 5785 5781
f 5786 5783 5781
f 5786 5787 5783
f 5714 5717 5785
f 5717 5788 5785
f 5785 5788 5781
f 5781 5788 5786
f 5788 5787 5786
f 5787 5789 5783
f 5790 5788 5719
f 5790 5787 5788
f 5719 5788 5717
f 5791 5789 5787
f 5790 5792 5787
f 5791 5787 5792
f 5790 5719 5793
f 5792 5790 5793
f 5792 5794 5791
f 5794 5795 5791
f 5720 5793 5719
f 5793 5796 5792
f 5792 5796 5794
f 5797 5730 5727
f 5727 5798 5797
f 5726 5727 5730
f 5730 5799 5800
f 5730 5797 5799
f 5801 5802 5797
f 5736 5737 5803
f 5803 5737 5804
f 5736 5803 5798
f 5805 5806 5803
f 5798 5727 5739
f 5739 5736 5798
f 5803 5806 5798
f 5798 5806 5801
f 5807 5806 5805
f 5801 5797 5798
f 5749 5744 5765
f 5749 5765 5808
f 5748 5809 5752
f 5748 5749 5809
f 5810 5737 5752
f 5752 5809 5810
f 5809 5749 5808
f 5811 5810 5809
f 5809 5808 5811
f 5808 5812 5813
f 5813 5812 5814
f 5737 5810 5804
f 5810 5811 5804
f 5813 5811 5808
f 5804 5811 5815
f 5811 5813 5815
f 5815 5813 5816
f 5803 5804 5805
f 5815 5805 5804
f 5815 5816 5805
f 5761 5817 5760
f 5760 5817 5778
f 5764 5818 5765
f 5764 5763 5818
f 5771 5818 5763
f 5819 5808 5765
f 5818 5819 5765
f 5808 5819 5812
f 5820 5819 5818
f 5818 5821 5820
f 5818 5771 5821
f 5771 5780 5821
f 5819 5820 5812
f 5822 5820 5821
f 5823 5814 5812
f 5812 5820 5823
f 5823 5820 5824
f 5822 5824 5820
f 5822 5825 5824
f 5826 5823 5824
f 5784 5827 5780
f 5780 5827 5821
f 5827 5822 5821
f 5828 5784 5783
f 5822 5827 5825
f 5789 5828 5783
f 5828 5789 5829
f 5828 5830 5784
f 5831 5830 5829
f 5829 5830 5828
f 5832 5833 5830
f 5830 5833 5784
f 5830 5831 5832
f 5827 5833 5825
f 5784 5833 5827
f 5825 5834 5824
f 5825 5835 5834
f 5825 5836 5835
f 5833 5837 5825
f 5833 5832 5837
f 5825 5837 5836
f 5837 5838 5836
f 5831 5839 5832
f 5839 5837 5832
f 5837 5839 5838
f 5789 5840 5829
f 5789 5791 5840
f 5831 5829 5840
f 5831 5840 5841
f 5840 5791 5795
f 5795 5842 5840
f 5839 5831 5841
f 5806 5843 5801
f 5807 5844 5806
f 5807 5816 5845
f 5844 5843 5806
f 5807 5846 5844
f 5807 5845 5846
f 5843 5844 5847
f 5846 5847 5844
f 5847 5848 5843
f 5846 5849 5847
f 5846 5850 5849
f 5850 5851 5849
f 5852 5853 5816
f 5852 5816 5813
f 5852 5813 5814
f 5816 5807 5805
f 5816 5853 5845
f 5854 5852 5814
f 5845 5853 5855
f 5853 5852 5856
f 5855 5853 5856
f 5857 5856 5852
f 5854 5857 5852
f 5846 5845 5855
f 5855 5856 5858
f 5850 5855 5858
f 5850 5846 5855
f 5858 5856 5859
f 5856 5857 5859
f 5860 5859 5857
f 5858 5859 5861
f 5859 5860 5862
f 5814 5823 5826
f 5824 5863 5826
f 5863 5864 5826
f 5834 5863 5824
f 5814 5826 5854
f 5854 5826 5864
f 5865 5834 5835
f 5863 5834 5866
f 5865 5866 5834
f 5864 5860 5854
f 5863 5866 5864
f 5854 5860 5857
f 5866 5865 5867
f 5864 5866 5860
f 5867 5868 5866
f 5868 5862 5860
f 5860 5866 5868
f 5836 5865 5835
f 5869 5865 5836
f 5838 5869 5836
f 5869 5867 5865
f 5869 5838 5870
f 5869 5871 5867
f 5850 5858 5851
f 5851 5858 5861
f 5682 5872 5873
f 5874 5875 5872
f 5873 5872 5875
f 5876 5874 5877
f 5877 5874 5872
f 5874 5878 5875
f 5876 5879 5874
f 5879 5878 5874
f 5880 5879 5876
f 5881 5882 5883
f 5884 5885 5879
f 5878 5879 5885
f 5881 5885 5882
f 5881 5878 5885
f 5879 5880 5884
f 5880 5876 5886
f 5887 5885 5884
f 5888 5884 5880
f 5889 5890 5882
f 5885 5891 5882
f 5891 5885 5887
f 5887 5884 5888
f 5888 5880 5886
f 5660 5662 5661
f 5659 5682 5873
f 5873 5875 5892
f 5659 5873 5892
f 5660 5659 5892
f 5892 5893 5894
f 5662 5660 5895
f 5892 5875 5893
f 5660 5892 5894
f 5881 5896 5893
f 5893 5896 5894
f 5896 5897 5894
f 5897 5898 5895
f 5894 5897 5895
f 5895 5898 5662
f 5881 5893 5878
f 5895 5660 5894
f 5663 5662 5898
f 5878 5893 5875
f 5881 5883 5896
f 5896 5883 5897
f 5883 5899 5897
f 5900 5898 5901
f 5890 5899 5883
f 5882 5890 5883
f 5897 5899 5902
f 5898 5897 5902
f 5901 5898 5902
f 5695 5663 5711
f 5900 5663 5898
f 5711 5663 5900
f 5903 5711 5900
f 5904 5900 5901
f 5903 5900 5904
f 5905 5906 1327
f 5905 1327 5711
f 5905 5711 5903
f 5906 5905 5907
f 5907 5905 5903
f 5908 5909 5910
f 5909 5908 5911
f 5908 5912 5911
f 5913 5886 5910
f 5909 5911 5914
f 5913 5910 5915
f 5915 5909 5916
f 5910 5909 5915
f 5916 5909 5914
f 5669 5877 5872
f 5682 5669 5872
f 5670 5669 5682
f 5667 5877 5669
f 5667 5917 5877
f 5731 5918 5667
f 5731 5667 5668
f 5918 5919 5917
f 5918 5917 5667
f 5908 5910 5918
f 5908 5918 5731
f 5912 5908 5731
f 5876 5877 5917
f 5919 5876 5917
f 5919 5918 5910
f 5910 5886 5919
f 5876 5919 5886
f 5920 5921 5922
f 5920 5922 5923
f 5924 5925 5920
f 5926 5925 5924
f 5927 5923 5928
f 5927 5929 5923
f 5930 5928 5923
f 5929 5920 5923
f 5924 5929 5931
f 5929 5924 5920
f 5926 5924 5932
f 5933 5934 5935
f 5934 5936 5937
f 5937 5935 5934
f 5922 5934 5938
f 5934 5933 5938
f 5936 5934 5922
f 5921 5936 5922
f 5939 5940 5941
f 5933 5940 5939
f 5942 5922 5938
f 5938 5933 5939
f 5940 5943 5941
f 5922 5942 5923
f 5938 5939 5944
f 5944 5942 5938
f 5945 5939 5946
f 5939 5941 5946
f 5946 5941 5943
f 5945 5944 5939
f 5942 5930 5923
f 5930 5942 5944
f 5945 5930 5944
f 5947 5948 5949
f 5950 5947 5951
f 5947 5949 5951
f 5933 5935 5950
f 5950 5935 5952
f 5950 5952 5947
f 5950 5951 5933
f 5940 5951 5943
f 5951 5953 5943
f 5951 5940 5933
f 5943 5953 5954
f 5955 5943 5954
f 5956 5955 5954
f 5949 5948 5957
f 5949 5957 5958
f 5958 5959 5960
f 5951 5949 5953
f 5949 5958 5960
f 5960 5959 5961
f 5949 5960 5953
f 5960 5961 5962
f 5960 5963 5953
f 5963 5954 5953
f 5963 5960 5962
f 5963 5956 5954
f 5962 5964 5963
f 5965 5956 5963
f 5964 5965 5963
f 5715 5718 5716
f 5906 5712 1327
f 5906 5713 5712
f 5966 5718 5713
f 5959 5967 5961
f 5961 5968 5969
f 5967 5968 5961
f 5969 5962 5961
f 5969 5964 5962
f 5716 5970 5720
f 5970 5971 5972
f 5970 5972 5720
f 5970 5716 5718
f 5718 5971 5970
f 5971 5718 5966
f 5971 5973 5972
f 5966 5974 5971
f 5906 5966 5713
f 5975 5966 5906
f 5974 5973 5971
f 5976 5975 5906
f 5977 5966 5975
f 5969 5968 5978
f 5973 5979 5972
f 5973 5980 5979
f 5981 5912 5729
f 5981 5911 5912
f 5729 5800 5981
f 5911 5981 5982
f 5981 5983 5982
f 5911 5982 5914
f 5984 5982 5983
f 5985 5914 5982
f 5729 5728 5800
f 5728 5730 5800
f 5912 5731 5729
f 5986 5921 5920
f 5986 5987 5921
f 5988 5986 5989
f 5987 5986 5990
f 5991 5986 5988
f 5990 5986 5991
f 5992 5993 5990
f 5989 5925 5926
f 5989 5986 5925
f 5925 5986 5920
f 5991 5992 5990
f 5994 5988 5989
f 5995 5988 5994
f 5988 5995 5991
f 5996 5995 5994
f 5991 5995 5992
f 5989 5926 5997
f 5994 5989 5997
f 5996 5998 5995
f 5995 5998 5992
f 5999 6000 6001
f 6001 6000 6002
f 5937 6003 5935
f 5935 6003 6004
f 5937 6005 6003
f 6005 6006 6003
f 6003 6006 6002
f 6003 6002 6000
f 6006 6007 6002
f 6002 6008 6001
f 6002 6007 6008
f 6009 6001 6008
f 6005 5936 5921
f 6005 5937 5936
f 5987 6005 5921
f 5987 6006 6005
f 6007 6006 5990
f 5987 5990 6006
f 5990 5993 6007
f 5952 5753 5947
f 5947 5753 5948
f 5948 5753 5755
f 5952 6004 5756
f 5952 5756 5753
f 6003 6000 6004
f 6000 5999 6004
f 6004 5999 5756
f 5999 6001 5758
f 5756 5999 5758
f 6001 6009 6010
f 6001 6010 5758
f 5761 5758 6010
f 6004 5952 5935
f 5948 5755 5957
f 5755 5773 5957
f 5957 5773 5958
f 5958 5773 6011
f 5773 5755 5754
f 5773 6012 6011
f 6011 6012 6013
f 5773 5774 6012
f 6012 5774 5777
f 6012 5777 6014
f 5777 5776 6014
f 6014 5776 6015
f 5778 6016 5776
f 5776 6016 6015
f 6014 6015 6017
f 5959 5958 6011
f 5959 6011 6013
f 6012 6014 6018
f 6018 6014 6017
f 6013 6012 6019
f 6012 6018 6019
f 6018 6017 6020
f 6020 6017 6021
f 5959 6013 5967
f 6013 6022 5967
f 6022 6013 6019
f 6022 6019 6023
f 6019 6018 6023
f 6018 6020 6023
f 6023 6020 6024
f 6020 6021 6024
f 5967 6022 5968
f 6022 6023 6025
f 6023 6024 6026
f 5968 6022 6025
f 6026 6025 6023
f 6024 6027 6026
f 6028 5720 5972
f 5793 5720 6028
f 6028 5796 5793
f 5796 6029 5794
f 6028 5972 5979
f 6030 5794 6029
f 5795 6030 6031
f 5795 5794 6030
f 6025 6026 6032
f 6026 6027 6032
f 6032 6027 6033
f 5968 6025 5978
f 6032 6034 6025
f 6032 6033 6035
f 6032 6035 6034
f 6028 6036 5796
f 6036 6029 5796
f 6028 5979 6036
f 6029 6037 6030
f 6038 5979 6039
f 6036 5979 6038
f 6029 6036 6038
f 6038 6037 6029
f 5981 5800 6040
f 6041 6040 6042
f 6041 6042 6043
f 6041 6044 6040
f 5981 6040 5983
f 5983 6040 6045
f 6045 6040 6044
f 6041 6046 6044
f 5983 6045 6047
f 6047 6045 6048
f 6048 6044 6049
f 6045 6044 6048
f 6044 6046 6049
f 5984 5983 6047
f 6042 5800 5799
f 5799 6050 6042
f 5802 6050 5799
f 5802 5799 5797
f 6042 6050 6043
f 5800 6042 6040
f 6051 5993 6052
f 6053 6052 6054
f 5992 6055 5993
f 6052 6055 6054
f 6052 5993 6055
f 6054 6056 6057
f 5998 6055 5992
f 6058 6055 5998
f 6055 6058 6054
f 6056 6054 6058
f 6008 6059 6009
f 6009 6059 6060
f 5993 6051 6007
f 6007 6051 6059
f 6008 6007 6059
f 6060 6059 6061
f 6059 6062 6061
f 6060 6061 6063
f 6052 6062 6051
f 6052 6053 6062
f 6059 6051 6062
f 6064 6061 6062
f 6061 6065 6063
f 6063 6065 6066
f 6067 6063 6066
f 6057 6053 6054
f 6064 6062 6053
f 6064 6053 6057
f 6061 6064 6065
f 6064 6057 6068
f 6009 6069 6010
f 6010 6069 5761
f 5761 6069 5817
f 6060 6070 6069
f 6069 6071 5817
f 5817 6071 6072
f 6069 6070 6071
f 6060 6069 6009
f 6070 6060 6073
f 6074 6071 6070
f 6072 6071 6074
f 6072 6074 6075
f 6063 6073 6060
f 6070 6073 6074
f 6073 6076 6074
f 6074 6076 6075
f 6063 6067 6073
f 6077 6073 6067
f 6073 6077 6076
f 6076 6077 6078
f 6016 6079 6015
f 6015 6079 6080
f 6017 6015 6080
f 5778 5817 6081
f 5778 6081 6016
f 5817 6072 6081
f 6081 6072 6082
f 6081 6082 6016
f 6016 6082 6083
f 6016 6083 6079
f 6080 6079 6084
f 6082 6072 6075
f 6083 6082 6075
f 6079 6083 6085
f 6084 6079 6085
f 6085 6083 6086
f 6075 6076 6087
f 6075 6087 6083
f 6083 6087 6086
f 6085 6086 6088
f 6089 6085 6088
f 6089 6088 6090
f 6021 6017 6080
f 6021 6091 6024
f 6027 6091 6092
f 6027 6024 6091
f 6021 6080 6084
f 6085 6089 6084
f 6084 6089 6093
f 6091 6021 6094
f 6092 6091 6094
f 6021 6084 6093
f 6021 6093 6094
f 6093 6089 6095
f 6094 6093 6095
f 6090 6095 6089
f 6092 6094 6096
f 6096 6094 6097
f 6094 6095 6097
f 6098 6095 6090
f 6095 6098 6097
f 5840 5842 5841
f 6099 5839 5841
f 5841 5842 6099
f 5839 6099 6100
f 5842 5795 6031
f 5842 6031 6101
f 5842 6101 6099
f 6099 6102 6100
f 6031 6103 6101
f 6099 6101 6102
f 6104 6033 6027
f 6092 6104 6027
f 6103 6105 6101
f 6033 6104 6106
f 6104 6092 6107
f 6108 6106 6107
f 6106 6104 6107
f 6096 6107 6092
f 6102 6101 6105
f 6108 6033 6106
f 6109 6108 6107
f 6096 6109 6107
f 6096 6097 6109
f 6110 6031 6030
f 6103 6031 6110
f 6110 6030 6037
f 6111 6046 6112
f 6112 6046 6041
f 6041 6043 6112
f 6113 6112 6043
f 6114 6112 6113
f 6111 6112 6114
f 6111 6049 6046
f 6111 6114 6115
f 6116 6115 6114
f 6111 6117 6049
f 6117 6111 6115
f 6116 6118 6115
f 5802 5843 6119
f 5801 5843 5802
f 6120 6043 6050
f 5802 6120 6050
f 5802 6119 6120
f 5848 6119 5843
f 5848 6121 6119
f 6120 6113 6043
f 6113 6120 6116
f 6116 6120 6119
f 6113 6116 6114
f 6119 6121 6116
f 6057 6056 6122
f 6057 6122 6123
f 6124 6123 6122
f 6125 5848 5847
f 6068 6066 6065
f 6068 6065 6064
f 6068 6126 6066
f 6126 6068 6127
f 6127 6128 6126
f 6068 6057 6123
f 6127 6068 6129
f 6128 6127 6130
f 6131 6130 6127
f 6132 6068 6123
f 6129 6068 6132
f 6129 6131 6127
f 6132 6133 6129
f 6131 6129 6133
f 6066 6134 6067
f 6134 6077 6067
f 6134 6066 6126
f 6078 6077 6135
f 6135 6077 6134
f 6136 6135 6134
f 6128 6134 6126
f 6137 6134 6128
f 6138 6136 6139
f 6136 6134 6137
f 6140 6128 6130
f 6137 6139 6136
f 5867 6141 5868
f 5871 6141 5867
f 6076 6078 6142
f 6076 6142 6087
f 6086 6087 6142
f 6142 6078 6143
f 6144 6142 6143
f 6142 6144 6086
f 6088 6086 6144
f 6078 6135 6143
f 6145 6088 6144
f 6090 6088 6145
f 6144 6143 6138
f 6143 6135 6136
f 6138 6146 6144
f 6144 6146 6145
f 6090 6145 6147
f 6143 6136 6138
f 6138 6148 6146
f 6147 6145 6146
f 6139 6149 6138
f 6149 6148 6138
f 5839 6100 5838
f 5870 5871 5869
f 6100 5870 5838
f 5870 6100 6150
f 6151 6141 5871
f 6150 6100 6152
f 6150 5871 5870
f 5871 6150 6151
f 6150 6152 6153
f 6151 6150 6154
f 6150 6153 6154
f 6151 6154 6155
f 6155 6154 6156
f 6147 6098 6090
f 6152 6100 6102
f 6152 6102 6157
f 6152 6157 6153
f 6157 6102 6105
f 6153 6157 6158
f 6153 6158 6156
f 6156 6154 6153
f 6157 6105 6158
f 6159 6121 5848
f 6121 6159 6160
f 6159 6161 6160
f 6161 6159 6162
f 6118 6116 6121
f 6160 6118 6121
f 6118 6160 6163
f 6163 6160 6164
f 6161 6164 6160
f 6162 6165 6161
f 5847 5849 6125
f 6125 6159 5848
f 6125 5849 6166
f 5849 5851 6166
f 6159 6125 6166
f 6167 6166 6168
f 6166 5851 6168
f 6162 6159 6166
f 6167 6168 6169
f 6167 6162 6166
f 6162 6167 6170
f 6170 6167 6169
f 6171 6170 6169
f 6165 6170 6171
f 6165 6162 6170
f 5862 5861 5859
f 5861 5862 6172
f 5861 6173 5851
f 6168 5851 6173
f 5861 6172 6174
f 6175 6174 6172
f 6174 6173 5861
f 6176 6168 6173
f 6176 6173 6174
f 6177 6174 6175
f 6178 6179 6177
f 5868 6141 6175
f 5868 6172 5862
f 6172 5868 6175
f 6180 6175 6141
f 6141 6151 6180
f 6175 6180 6181
f 6177 6175 6181
f 6180 6182 6183
f 6180 6183 6181
f 6181 6178 6177
f 6180 6151 6155
f 6180 6155 6182
f 6155 6184 6182
f 6169 6168 6176
f 6176 6171 6169
f 6176 6174 6177
f 6185 6176 6177
f 5890 5889 6186
f 6187 6188 5889
f 5889 6189 6186
f 6189 6190 6186
f 6191 6186 6190
f 5889 6188 6189
f 6192 6193 6188
f 6188 6193 6189
f 6190 6189 6194
f 6194 6191 6190
f 6193 6192 6195
f 6196 6197 6194
f 6189 6196 6194
f 6194 6197 6198
f 6193 6196 6189
f 6191 6194 6198
f 6199 6193 6195
f 5899 5890 6200
f 6200 5902 5899
f 5902 6201 5901
f 6201 6202 5901
f 6202 6203 5904
f 6186 6191 6200
f 6200 6191 6201
f 6191 6204 6201
f 6201 6204 6202
f 6205 6203 6202
f 5890 6186 6200
f 5902 6200 6201
f 6205 6202 6204
f 6204 6191 6198
f 6205 6204 6198
f 6203 5903 5904
f 5907 5903 6203
f 6206 6207 5888
f 5886 6206 5888
f 6206 5886 5913
f 6208 6206 5913
f 6207 6209 6210
f 6209 6207 6206
f 6208 5913 6211
f 6212 6192 6210
f 6212 6209 6213
f 6210 6209 6212
f 6213 6209 6206
f 6213 6206 6208
f 6212 6214 6192
f 6214 6212 6213
f 6195 6192 6214
f 6215 6213 6208
f 6214 6213 6215
f 6216 6214 6215
f 6187 5889 5891
f 5887 6187 5891
f 5891 5889 5882
f 6207 5887 5888
f 6187 5887 6207
f 6210 6188 6187
f 6187 6207 6210
f 6217 6218 6219
f 6192 6188 6210
f 6220 6219 6218
f 6221 6219 6220
f 6221 6222 6219
f 6221 6223 6222
f 6223 5931 6222
f 6221 6220 6224
f 6224 6223 6221
f 6220 6218 6225
f 6225 6224 6220
f 6225 6226 6224
f 6227 6223 6224
f 6228 5946 5955
f 5946 5943 5955
f 5945 6228 6217
f 5946 6228 5945
f 5904 5901 6202
f 6217 6228 6218
f 5955 6229 6228
f 6218 6228 6230
f 6229 6230 6228
f 6230 6229 6231
f 6230 6225 6218
f 6225 6230 6232
f 6230 6231 6232
f 5956 6229 5955
f 5965 6233 5956
f 6229 5956 6234
f 6233 6234 5956
f 6235 5976 5907
f 6236 6235 5907
f 5976 5906 5907
f 6237 5976 6235
f 6236 6237 6235
f 5976 6237 6238
f 6239 5976 6238
f 6239 6238 5977
f 6240 5977 6238
f 6238 6237 6240
f 6241 6242 6243
f 6241 6243 6244
f 6211 5913 5915
f 5915 5916 6211
f 6211 5916 6243
f 5916 5914 6243
f 6242 6211 6243
f 6245 6211 6242
f 6246 6247 5997
f 6208 6211 6245
f 6248 6249 6246
f 6249 6250 6247
f 6249 6247 6246
f 6251 6249 6248
f 6219 6252 5928
f 6252 5927 5928
f 5929 6253 5931
f 5929 5927 6253
f 5931 5932 5924
f 6219 6222 6252
f 6222 5931 6253
f 6252 6222 6253
f 5927 6252 6253
f 5997 5932 6246
f 5932 5997 5926
f 5931 6246 5932
f 6246 5931 6248
f 6223 6248 5931
f 6217 6219 5928
f 5930 6217 5928
f 6217 5930 5945
f 5965 5964 6233
f 6254 5964 5969
f 6255 5964 6254
f 6255 6233 5964
f 5975 5976 6239
f 5974 5966 5977
f 6254 5969 5978
f 5978 6256 6254
f 5977 5975 6239
f 6254 6256 6257
f 5973 6258 5980
f 6258 5973 5974
f 5979 5980 6039
f 6240 6259 5977
f 6259 5974 5977
f 5980 6260 6039
f 6258 5974 6259
f 6254 6257 6261
f 6261 6257 6262
f 6258 6263 5980
f 6259 6263 6258
f 6263 6264 5980
f 6260 5980 6264
f 6265 6266 6260
f 6260 6264 6265
f 6264 6263 6265
f 6267 5985 5984
f 6244 6243 5914
f 5914 5985 6244
f 5985 6268 6244
f 6244 6268 6269
f 6270 6269 6268
f 5985 5982 5984
f 6271 6247 6272
f 6273 6271 6272
f 5996 6271 6273
f 6274 6273 6275
f 6276 6273 6274
f 6273 6276 5996
f 6272 6275 6273
f 6250 6272 6247
f 6277 6272 6250
f 6272 6277 6275
f 6250 6278 6277
f 6271 5997 6247
f 5994 5997 6271
f 5996 5994 6271
f 5998 5996 6276
f 6256 5978 6025
f 6025 6034 6256
f 6034 6035 6279
f 6033 6280 6035
f 6279 6280 6281
f 6035 6280 6279
f 6279 6282 6034
f 6281 6282 6279
f 6281 6280 6283
f 6038 6284 6037
f 6284 6285 6037
f 6266 6039 6260
f 6038 6039 6266
f 6286 6034 6282
f 6281 6283 6287
f 6285 6288 6289
f 6256 6034 6286
f 6256 6286 6257
f 6286 6290 6257
f 6281 6287 6291
f 6282 6290 6286
f 6290 6282 6292
f 6282 6281 6292
f 6281 6291 6292
f 6290 6292 6293
f 6284 6294 6285
f 6266 6284 6038
f 6288 6285 6294
f 6266 6295 6284
f 6295 6296 6294
f 6284 6295 6294
f 6297 6296 6295
f 6266 6297 6295
f 6294 6298 6288
f 6298 6294 6296
f 6299 6288 6298
f 6297 6300 6296
f 6298 6296 6301
f 6297 6266 6265
f 6302 6298 6301
f 6303 6304 6048
f 6304 6267 5984
f 5985 6267 6268
f 6305 6268 6267
f 6305 6267 6304
f 6303 6305 6304
f 6303 6306 6305
f 6304 5984 6047
f 6048 6304 6047
f 6048 6049 6303
f 5998 6276 6307
f 6308 6307 6276
f 6308 6309 6307
f 6276 6274 6308
f 6309 6308 6310
f 6310 6308 6311
f 6312 6309 6310
f 6308 6274 6311
f 6313 6275 6277
f 6274 6275 6313
f 6310 6311 6314
f 6058 5998 6307
f 6056 6058 6315
f 6307 6309 6058
f 6058 6309 6315
f 6098 6316 6317
f 6098 6317 6097
f 6108 6283 6280
f 6033 6108 6280
f 6108 6109 6318
f 6097 6317 6318
f 6097 6318 6109
f 6318 6317 6319
f 6320 6319 6317
f 6318 6283 6108
f 6321 6283 6318
f 6318 6319 6321
f 6319 6322 6321
f 6322 6323 6321
f 6110 6037 6285
f 6110 6289 6103
f 6103 6324 6105
f 6324 6103 6289
f 6110 6285 6289
f 6289 6288 6299
f 6299 6324 6289
f 6105 6324 6325
f 6287 6283 6321
f 6326 6324 6299
f 6327 6324 6326
f 6325 6324 6327
f 6327 6328 6325
f 6298 6302 6299
f 6117 6329 6330
f 6117 6330 6303
f 6117 6115 6331
f 6115 6118 6331
f 6049 6117 6303
f 6309 6312 6315
f 6315 6312 6332
f 6333 6315 6332
f 6334 6333 6332
f 6122 6056 6335
f 6124 6122 6335
f 6336 6132 6124
f 6132 6123 6124
f 6056 6315 6335
f 6336 6124 6335
f 6337 6132 6336
f 6333 6335 6315
f 6336 6335 6333
f 6133 6338 6131
f 6337 6133 6132
f 6338 6133 6337
f 6147 6146 6148
f 6148 6339 6147
f 6340 6339 6148
f 6149 6139 6341
f 6149 6340 6148
f 6341 6340 6149
f 6340 6342 6343
f 6343 6339 6340
f 6147 6316 6098
f 6344 6316 6147
f 6147 6339 6344
f 6316 6320 6317
f 6344 6345 6316
f 6320 6316 6345
f 6320 6345 6346
f 6347 6348 6344
f 6347 6344 6339
f 6344 6348 6345
f 6345 6349 6346
f 6345 6348 6349
f 6347 6350 6348
f 6346 6351 6322
f 6349 6348 6352
f 6351 6346 6349
f 6348 6350 6352
f 6353 6158 6105
f 6156 6158 6354
f 6158 6355 6354
f 6158 6353 6355
f 6320 6346 6319
f 6346 6322 6319
f 6105 6325 6353
f 6353 6325 6328
f 6353 6328 6355
f 6117 6331 6329
f 6356 6329 6331
f 6357 6356 6358
f 6329 6356 6359
f 6330 6329 6359
f 6359 6356 6360
f 6118 6163 6331
f 6356 6331 6163
f 6164 6161 6165
f 6358 6164 6361
f 6361 6165 6362
f 6361 6164 6165
f 6356 6163 6358
f 6358 6163 6164
f 6363 6337 6336
f 6363 6364 6337
f 6365 6336 6333
f 6363 6336 6365
f 6366 6363 6365
f 6333 6334 6365
f 6365 6334 6367
f 6366 6368 6363
f 6363 6368 6369
f 6338 6370 6131
f 6131 6370 6130
f 6370 6140 6130
f 6337 6371 6338
f 6338 6372 6370
f 6372 6373 6370
f 6370 6373 6140
f 6371 6372 6338
f 6371 6374 6372
f 6374 6375 6372
f 6372 6375 6373
f 6375 6376 6373
f 6371 6337 6364
f 6374 6371 6364
f 6376 6375 6377
f 6375 6374 6378
f 6379 6375 6378
f 6377 6375 6379
f 6364 6363 6369
f 6374 6364 6369
f 6369 6378 6374
f 6380 6378 6369
f 6381 6378 6380
f 6379 6378 6381
f 6382 6379 6381
f 6377 6379 6382
f 6140 6137 6128
f 6383 6137 6140
f 6139 6137 6383
f 6376 6140 6373
f 6384 6341 6139
f 6376 6383 6140
f 6139 6383 6384
f 6341 6384 6342
f 6385 6384 6383
f 6385 6386 6384
f 6376 6385 6383
f 6386 6387 6384
f 6377 6385 6376
f 6388 6386 6385
f 6386 6389 6387
f 6386 6388 6389
f 6388 6385 6377
f 6382 6388 6377
f 6389 6390 6387
f 6178 6181 6183
f 6341 6342 6340
f 6178 6183 6391
f 6339 6343 6347
f 6342 6387 6392
f 6392 6343 6342
f 6391 6183 6182
f 6392 6350 6343
f 6343 6350 6347
f 6387 6342 6384
f 6156 6354 6155
f 6155 6354 6184
f 6354 6393 6184
f 6182 6394 6395
f 6394 6182 6184
f 6355 6393 6354
f 6393 6355 6396
f 6360 6356 6357
f 6397 6358 6361
f 6397 6361 6362
f 6357 6358 6397
f 6398 6397 6362
f 6399 6357 6397
f 6397 6398 6400
f 6400 6401 6397
f 6402 6165 6171
f 6176 6403 6171
f 6402 6171 6403
f 6403 6176 6185
f 6404 6402 6403
f 6402 6362 6165
f 6404 6403 6405
f 6185 6405 6403
f 6406 6362 6402
f 6404 6406 6402
f 6398 6362 6406
f 6404 6407 6406
f 6408 6407 6404
f 6405 6408 6404
f 6405 6409 6408
f 6410 6398 6406
f 6410 6406 6407
f 6410 6400 6398
f 6407 6408 6411
f 6412 6411 6408
f 6410 6407 6411
f 6179 6178 6413
f 6177 6179 6185
f 6185 6179 6409
f 6185 6409 6405
f 6409 6179 6413
f 6413 6414 6409
f 6414 6413 6415
f 6408 6409 6412
f 6409 6414 6412
f 6178 6391 6413
f 6182 6395 6391
f 6391 6415 6413
f 6416 6214 6216
f 6416 6195 6214
f 6417 6416 6216
f 6216 6418 6417
f 6416 6417 6199
f 6419 6199 6420
f 6199 6417 6420
f 6199 6419 6421
f 6193 6199 6196
f 6199 6195 6416
f 6196 6422 6197
f 6422 6423 6197
f 6197 6424 6198
f 6196 6421 6422
f 6423 6424 6197
f 6423 6425 6424
f 6196 6199 6421
f 6426 6423 6422
f 6421 6426 6422
f 6427 6428 6429
f 6430 6431 6432
f 6421 6433 6426
f 6432 6431 6428
f 6198 6424 6205
f 6434 6435 6436
f 6437 6203 6205
f 6430 6435 6431
f 6436 6435 6430
f 6424 6425 6205
f 6425 6437 6205
f 6438 6435 6434
f 6236 5907 6203
f 6439 6236 6203
f 6440 6441 6245
f 6442 6441 6440
f 6442 6418 6441
f 6440 6245 6242
f 6215 6208 6441
f 6441 6208 6245
f 6443 6248 6223
f 6444 6443 6445
f 6446 6444 6445
f 6444 6447 6443
f 6215 6441 6418
f 6418 6216 6215
f 6448 6447 6444
f 6449 6450 6446
f 6450 6444 6446
f 6450 6448 6444
f 6224 6226 6227
f 6445 6223 6227
f 6445 6443 6223
f 6226 6225 6451
f 6225 6232 6451
f 6227 6226 6452
f 6452 6446 6227
f 6446 6445 6227
f 6453 6451 6432
f 6451 6232 6432
f 6232 6430 6432
f 6451 6453 6226
f 6453 6432 6428
f 6452 6449 6446
f 6427 6453 6428
f 6427 6449 6452
f 6453 6427 6452
f 6226 6453 6452
f 6231 6436 6232
f 6231 6229 6234
f 6434 6231 6234
f 6434 6234 6233
f 6436 6430 6232
f 6436 6231 6434
f 6443 6251 6248
f 6454 6249 6251
f 6454 6250 6249
f 6443 6447 6251
f 6447 6454 6251
f 6447 6455 6454
f 6233 6255 6456
f 6255 6254 6456
f 6261 6457 6254
f 6456 6254 6457
f 6458 6240 6237
f 6265 6263 6459
f 6259 6460 6263
f 6460 6461 6263
f 6263 6461 6459
f 6459 6461 6462
f 6460 6259 6463
f 6463 6259 6240
f 6461 6460 6464
f 6464 6462 6461
f 6465 6240 6458
f 6466 6240 6465
f 6466 6463 6240
f 6463 6466 1998
f 1998 6460 6463
f 6460 1998 6467
f 6467 6464 6460
f 6261 6262 6468
f 6469 6462 6464
f 6466 6470 1998
f 1998 6470 6467
f 6467 6471 6464
f 6471 6469 6464
f 2000 6466 6465
f 6470 6466 2000
f 2000 6472 6470
f 6470 6472 6467
f 6471 6467 6472
f 6473 6471 6261
f 6468 6473 6261
f 6471 6473 6469
f 6474 6244 6269
f 6475 6474 6269
f 6475 6476 6474
f 6241 6474 6477
f 6476 6475 6478
f 6477 6474 6476
f 6241 6244 6474
f 6277 6278 6479
f 6480 6277 6479
f 6278 6481 6479
f 6479 6481 6482
f 6278 6250 6454
f 6455 6278 6454
f 6257 6290 6262
f 6293 6292 6483
f 6292 6291 6483
f 6301 6296 6300
f 6459 6300 6297
f 6265 6459 6297
f 6300 6484 6485
f 6262 6290 6293
f 6300 6459 6484
f 6484 6486 6485
f 6301 6300 6485
f 6291 6287 6487
f 6302 6301 6488
f 6462 6484 6459
f 6462 6486 6484
f 6486 6489 6485
f 6489 6490 6485
f 6490 6301 6485
f 6487 6483 6291
f 6287 6491 6487
f 6490 6488 6301
f 6489 6492 6490
f 6486 6492 6489
f 6490 6493 6488
f 6262 6293 6468
f 6469 6473 6462
f 6473 6486 6462
f 6483 6494 6495
f 6473 6496 6486
f 6496 6492 6486
f 6494 6483 6487
f 6496 6497 6492
f 6497 6490 6492
f 6497 6493 6490
f 6487 6491 6498
f 6468 6293 6483
f 6499 6500 6496
f 6473 6499 6496
f 6500 6497 6496
f 6487 6498 6494
f 6468 6483 6473
f 6483 6499 6473
f 6501 6497 6500
f 6502 6503 6270
f 6270 6503 6475
f 6502 6504 6503
f 6503 6504 6505
f 6506 6478 6475
f 6503 6506 6475
f 6504 6507 6505
f 6305 6270 6268
f 6508 6313 6480
f 6314 6313 6508
f 6502 6270 6305
f 6269 6270 6475
f 6508 6480 6509
f 6508 6510 6314
f 6509 6510 6508
f 6305 6306 6502
f 6479 6509 6480
f 6509 6511 6510
f 6509 6479 6482
f 6509 6512 6511
f 6313 6277 6480
f 6274 6313 6311
f 6311 6313 6314
f 6513 6327 6326
f 6321 6323 6287
f 6327 6513 6514
f 6328 6327 6514
f 6491 6287 6323
f 6323 6515 6491
f 6515 6323 6516
f 6491 6515 6498
f 6326 6299 6302
f 6517 6302 6488
f 6517 6326 6302
f 6513 6326 6517
f 6517 6518 6513
f 6517 6488 6518
f 6519 6513 6518
f 6519 6514 6513
f 6520 6488 6493
f 6520 6518 6488
f 6501 6520 6493
f 6521 6520 6501
f 6520 6521 6518
f 6501 6493 6497
f 6521 6519 6518
f 6522 6502 6306
f 6502 6522 6504
f 6523 6507 6504
f 6504 6522 6523
f 6524 6523 6522
f 6525 6523 6524
f 6524 6306 6303
f 6524 6303 6330
f 6306 6524 6522
f 6510 6526 6314
f 6510 6527 6526
f 6524 6330 6525
f 6527 6510 6511
f 6314 6312 6310
f 6314 6526 6312
f 6526 6332 6312
f 6526 6528 6332
f 6332 6528 6334
f 6526 6527 6528
f 6529 6528 6530
f 6528 6529 6334
f 6528 6527 6530
f 6530 6531 6529
f 6349 6352 6351
f 6352 6532 6351
f 6322 6516 6323
f 6322 6351 6516
f 6516 6533 6515
f 6351 6532 6516
f 6532 6533 6516
f 6328 6514 6355
f 6330 6359 6534
f 6525 6330 6535
f 6534 6535 6330
f 6535 6534 6536
f 6534 6537 6536
f 6538 6535 6536
f 6334 6539 6367
f 6539 6540 6367
f 6334 6529 6539
f 6539 6541 6540
f 6359 6360 6534
f 6537 6534 6360
f 6542 6539 6529
f 6542 6541 6539
f 6531 6542 6529
f 6367 6366 6365
f 6540 6368 6366
f 6369 6368 6543
f 6540 6366 6367
f 6544 6368 6540
f 6541 6544 6540
f 6544 6545 6368
f 6545 6543 6368
f 6545 6546 6543
f 6541 6545 6544
f 6543 6380 6369
f 6547 6381 6380
f 6543 6548 6380
f 6547 6380 6548
f 6387 6390 6392
f 6390 6549 6392
f 6390 6550 6549
f 6350 6392 6551
f 6392 6549 6551
f 6549 6552 6551
f 6549 6550 6552
f 6552 6553 6554
f 6184 6393 6394
f 6394 6393 6555
f 6551 6352 6350
f 6551 6552 6352
f 6552 6554 6352
f 6556 6360 6357
f 6556 6357 6399
f 6537 6360 6556
f 6556 6399 6557
f 6399 6401 6557
f 6558 6556 6557
f 6401 6399 6397
f 6401 6400 6559
f 6560 6559 6400
f 6546 6548 6543
f 6559 6561 6401
f 6541 6562 6545
f 6546 6563 6548
f 6562 6546 6545
f 6564 6563 6546
f 6547 6565 6381
f 6565 6382 6381
f 6410 6560 6400
f 6565 6566 6382
f 6567 6565 6547
f 6567 6566 6565
f 6568 6569 6566
f 6567 6568 6566
f 6548 6567 6547
f 6567 6548 6563
f 6382 6569 6388
f 6388 6569 6389
f 6570 6414 6415
f 6389 6569 6390
f 6566 6569 6382
f 6570 6415 6571
f 6390 6569 6572
f 6572 6550 6390
f 6568 6573 6569
f 6572 6574 6550
f 6569 6573 6572
f 6572 6573 6574
f 6395 6575 6576
f 6576 6391 6395
f 6391 6576 6415
f 6415 6576 6571
f 6576 6577 6571
f 6576 6575 6577
f 6578 6571 6579
f 6571 6577 6579
f 6550 6553 6552
f 6577 6575 6580
f 6555 6580 6575
f 6580 6579 6577
f 6395 6394 6575
f 6394 6555 6575
f 6401 6561 6557
f 6561 6559 6581
f 6582 6581 6583
f 6581 6559 6583
f 6584 6557 6561
f 6585 6561 6581
f 6560 6410 6411
f 6411 6412 6586
f 6587 6411 6586
f 6560 6583 6559
f 6588 6560 6411
f 6587 6586 6589
f 6588 6411 6587
f 6588 6583 6560
f 6588 6587 6590
f 6590 6587 6589
f 6589 6586 6591
f 6590 6583 6588
f 6589 6591 6592
f 6582 6583 6590
f 6589 6593 6590
f 6594 6412 6414
f 6594 6414 6595
f 6414 6570 6595
f 6586 6412 6594
f 6570 6571 6578
f 6594 6595 6591
f 6595 6570 6596
f 6586 6594 6591
f 6596 6591 6595
f 6570 6578 6597
f 6592 6591 6596
f 6596 6570 6597
f 6598 6599 6600
f 6601 6598 6600
f 6598 6601 6602
f 6603 6601 6600
f 6426 6604 6423
f 6423 6604 6425
f 6433 6605 6426
f 6426 6605 6604
f 6433 6606 6605
f 6606 6607 6605
f 6605 6607 6604
f 6433 6598 6606
f 6604 6607 6608
f 6425 6604 6608
f 6598 6602 6606
f 6607 6606 6602
f 6607 6609 6608
f 6607 6602 6610
f 6607 6610 6609
f 6608 6437 6425
f 6437 6608 6611
f 6439 6437 6611
f 6612 6418 6442
f 6613 6612 6442
f 6613 6442 6614
f 6419 6420 6599
f 6420 6417 6612
f 6417 6418 6612
f 6599 6420 6615
f 6615 6420 6612
f 6419 6599 6598
f 6419 6598 6433
f 6615 6612 6613
f 6599 6615 6616
f 6615 6617 6616
f 6617 6615 6613
f 6429 6618 6619
f 6599 6616 6600
f 6618 6620 6619
f 6618 6621 6620
f 6616 6622 6603
f 6603 6600 6616
f 6616 6617 6622
f 6620 6623 6619
f 6421 6419 6433
f 6428 6431 6624
f 6431 6625 6624
f 6428 6626 6429
f 6429 6619 6449
f 6626 6428 6624
f 6627 6626 6624
f 6618 6429 6626
f 6624 6625 6627
f 6627 6625 6628
f 6625 6629 6628
f 6626 6630 6618
f 6626 6627 6631
f 6431 6435 6625
f 6434 6233 6438
f 6629 6625 6435
f 6629 6435 6438
f 6438 6233 6632
f 6438 6633 6629
f 6632 6633 6438
f 6633 6628 6629
f 6632 6233 6634
f 6635 6632 6634
f 6237 6236 6636
f 6236 6439 6636
f 6614 6637 6638
f 6637 6242 6639
f 6640 6638 6637
f 6640 6637 6639
f 6242 6637 6440
f 6440 6637 6614
f 6641 6448 6450
f 6614 6442 6440
f 6449 6619 6450
f 6619 6623 6450
f 6623 6641 6450
f 6429 6449 6427
f 6233 6456 6634
f 6458 6237 6642
f 6643 6458 6644
f 6645 6458 6643
f 6646 6645 6643
f 6642 6644 6458
f 6642 2120 6647
f 6644 6642 6647
f 6644 6647 6643
f 6648 6242 6241
f 6649 6242 6648
f 6242 6649 6639
f 6650 6648 6651
f 6650 6649 6648
f 6649 6652 6639
f 6649 6650 6653
f 6654 6639 6652
f 6655 6653 6650
f 6656 6447 6448
f 6656 6657 6447
f 6645 6465 6458
f 6465 6645 6658
f 2000 6465 6658
f 6658 6472 2000
f 6472 6261 6471
f 6658 6645 6646
f 6659 6457 6261
f 6659 6261 6472
f 6472 6658 6646
f 6643 6472 6646
f 6659 6472 6643
f 6660 6456 6661
f 6661 6456 6457
f 6659 6661 6457
f 6662 6663 6664
f 6643 6663 6659
f 6662 6661 6663
f 6662 6660 6661
f 6659 6663 6661
f 6643 6664 6663
f 6660 6662 6664
f 6665 6666 6667
f 6477 6476 6668
f 6478 6668 6476
f 6477 6648 6241
f 6478 6665 6668
f 6648 6477 6668
f 6651 6648 6668
f 6478 6666 6665
f 6651 6668 6665
f 6669 6670 6671
f 6655 6650 6651
f 6655 6651 6665
f 6672 6673 6671
f 6671 6673 6669
f 6670 6669 6674
f 6672 6675 6673
f 6455 6481 6278
f 6481 6671 6482
f 6455 6671 6481
f 6455 6672 6671
f 6482 6671 6670
f 6657 6672 6455
f 6657 6455 6447
f 6483 6495 6499
f 6495 6494 6500
f 6499 6495 6500
f 6676 6500 6494
f 6500 6676 6501
f 6494 6498 6676
f 6498 6677 6676
f 6678 6679 6666
f 6678 6680 6679
f 6679 6680 6681
f 6503 6505 6506
f 6505 6507 6678
f 6682 6512 6670
f 6505 6678 6506
f 6666 6506 6678
f 6683 6682 6684
f 6478 6506 6666
f 6684 6682 6685
f 6509 6482 6512
f 6683 6511 6512
f 6512 6482 6670
f 6683 6512 6682
f 6686 6687 6515
f 6515 6533 6686
f 6519 6521 6688
f 6688 6521 6501
f 6676 6677 6501
f 6515 6689 6498
f 6498 6689 6677
f 6690 6501 6691
f 6692 6688 6501
f 6690 6692 6501
f 6677 6689 6693
f 6677 6693 6501
f 6694 6691 6695
f 6689 6694 6695
f 6695 6691 6693
f 6695 6693 6689
f 6693 6691 6501
f 6689 6515 6694
f 6515 6687 6694
f 6694 6687 6696
f 6691 6694 6696
f 6696 6687 6690
f 6696 6690 6691
f 6523 6697 6507
f 6523 6525 6697
f 6507 6697 6680
f 6678 6507 6680
f 6697 6698 6680
f 6697 6699 6698
f 6683 6684 6700
f 6700 6684 6701
f 6684 6685 6701
f 6702 6530 6527
f 6511 6683 6700
f 6511 6700 6702
f 6511 6702 6527
f 6702 6703 6530
f 6700 6704 6702
f 6704 6700 6701
f 6701 6705 6704
f 6514 6519 6706
f 6688 6692 6519
f 6692 6706 6519
f 6697 6525 6707
f 6697 6707 6699
f 6707 6708 6699
f 6709 6708 6710
f 6709 6699 6708
f 6709 6710 6711
f 6707 6525 6535
f 6707 6535 6538
f 6707 6538 6708
f 6710 6538 6536
f 6530 6703 6531
f 6703 6712 6531
f 6531 6712 6542
f 6712 6713 6542
f 6710 6708 6538
f 6712 6703 6714
f 6714 6713 6712
f 6702 6704 6703
f 6703 6715 6714
f 6716 6541 6542
f 6716 6562 6541
f 6717 6562 6716
f 6542 6713 6716
f 6718 6716 6713
f 6718 6717 6716
f 6713 6714 6718
f 6532 6352 6554
f 6554 6719 6532
f 6720 6533 6532
f 6355 6706 6396
f 6355 6514 6706
f 6721 6536 6537
f 6710 6536 6722
f 6536 6721 6722
f 6723 6724 6721
f 6710 6722 6711
f 6722 6721 6725
f 6725 6721 6724
f 6537 6556 6558
f 6721 6537 6558
f 6726 6558 6557
f 6717 6727 6562
f 6727 6728 6562
f 6723 6721 6558
f 6723 6558 6726
f 6728 6564 6546
f 6562 6728 6546
f 6564 6729 6563
f 6727 6730 6728
f 6564 6728 6730
f 6564 6731 6729
f 6731 6564 6730
f 6731 6732 6729
f 6730 6733 6731
f 6734 6733 6730
f 6733 6735 6731
f 6735 6732 6731
f 6729 6567 6563
f 6736 6737 6567
f 6567 6737 6568
f 6737 6738 6568
f 6729 6736 6567
f 6736 6739 6737
f 6737 6739 6738
f 6732 6739 6736
f 6739 6740 6738
f 6729 6732 6736
f 6732 6741 6739
f 6550 6574 6553
f 6573 6742 6574
f 6568 6738 6573
f 6738 6742 6573
f 6742 6743 6574
f 6574 6743 6744
f 6574 6744 6553
f 6742 6738 6745
f 6745 6743 6742
f 6743 6746 6744
f 6745 6738 6740
f 6745 6746 6743
f 6740 6739 6741
f 6740 6747 6745
f 6741 6747 6740
f 6745 6747 6746
f 6744 6746 6748
f 6580 6555 6749
f 6580 6749 6750
f 6579 6580 6750
f 6744 6748 6553
f 6553 6719 6554
f 6553 6748 6751
f 6553 6751 6719
f 6555 6393 6396
f 6396 6749 6555
f 6396 6752 6749
f 6752 6396 6706
f 6724 6723 6753
f 6724 6753 6754
f 6755 6557 6584
f 6557 6755 6726
f 6755 6584 6756
f 6757 6755 6756
f 6758 6755 6757
f 6753 6723 6726
f 6759 6726 6755
f 6753 6726 6759
f 6759 6755 6758
f 6759 6758 6754
f 6753 6759 6754
f 6584 6561 6585
f 6760 6581 6582
f 6756 6584 6585
f 6760 6585 6581
f 6760 6756 6585
f 6760 6582 6761
f 6762 6756 6760
f 6761 6582 6763
f 6763 6582 6593
f 6756 6762 6757
f 6760 6761 6762
f 6757 6762 6764
f 6761 6764 6762
f 6765 6761 6763
f 6764 6761 6765
f 6593 6589 6766
f 6593 6582 6590
f 6766 6767 6593
f 6767 6766 6768
f 6593 6769 6763
f 6767 6768 6770
f 6769 6593 6767
f 6771 6741 6732
f 6765 6763 6772
f 6772 6763 6769
f 6769 6767 6773
f 6773 6767 6774
f 6767 6770 6774
f 6589 6592 6766
f 6592 6596 6775
f 6596 6597 6775
f 6579 6776 6578
f 6592 6775 6766
f 6766 6775 6777
f 6597 6578 6777
f 6766 6777 6768
f 6775 6597 6777
f 6578 6776 6777
f 6777 6776 6778
f 6777 6778 6779
f 6768 6777 6779
f 6770 6768 6779
f 6579 6750 6780
f 6780 6776 6579
f 6776 6780 6778
f 6780 6750 6781
f 6778 6780 6781
f 6750 6749 6782
f 6781 6750 6782
f 6781 6782 6783
f 6784 6778 6781
f 6785 6602 6601
f 6786 6601 6603
f 6786 6787 6601
f 6787 6785 6601
f 6785 6787 6788
f 6786 6789 6787
f 6788 6790 6785
f 6788 6787 6791
f 6791 6787 6792
f 6787 6789 6792
f 6792 6789 6793
f 6794 6792 6793
f 6795 6792 6794
f 6610 6796 6609
f 6785 6610 6602
f 6796 6797 6609
f 6790 6798 6785
f 6610 6785 6798
f 6798 6796 6610
f 6798 6799 6796
f 6798 6790 6799
f 6799 6797 6796
f 6800 6797 6799
f 6790 6788 6801
f 6801 6799 6790
f 6800 6802 6797
f 6609 6803 6608
f 2114 6439 6611
f 6609 6797 6803
f 6608 6803 6611
f 6803 2114 6611
f 6804 6803 6797
f 2114 6803 6804
f 6439 2114 6805
f 6806 2114 6804
f 6805 2114 6806
f 6797 6802 6804
f 6804 6802 6806
f 6439 6203 6437
f 6807 6808 6809
f 6807 6638 6808
f 6810 6809 6808
f 6808 6811 6810
f 6812 6617 6613
f 6813 6613 6614
f 6812 6613 6813
f 6812 6814 6617
f 6813 6815 6812
f 6807 6813 6614
f 6814 6812 6816
f 6812 6815 6816
f 6814 6816 6789
f 6816 6815 6817
f 6815 6813 6807
f 6789 6816 6793
f 6816 6818 6793
f 6818 6816 6817
f 6815 6809 6817
f 6809 6815 6807
f 6818 6817 6819
f 6793 6818 6820
f 6794 6793 6820
f 6821 6818 6819
f 6819 6817 6809
f 6822 6823 6824
f 6621 6825 6620
f 6825 6826 6620
f 6826 6827 6623
f 6826 6623 6620
f 6622 6617 6814
f 6786 6622 6814
f 6786 6603 6622
f 6828 6825 6621
f 6789 6786 6814
f 6822 6827 6826
f 6829 6826 6825
f 6826 6829 6822
f 6830 6825 6828
f 6825 6830 6829
f 6828 6831 6830
f 6829 6823 6822
f 6829 6830 6832
f 6631 6627 6833
f 6833 6627 6628
f 6631 6630 6626
f 6630 6621 6618
f 6833 6834 6631
f 6834 6630 6631
f 6828 6621 6630
f 6834 6833 6835
f 6833 6836 6835
f 6834 6828 6630
f 6837 6834 6835
f 6835 6838 6837
f 6831 6834 6837
f 6834 6831 6828
f 6837 6838 6839
f 6839 6838 6840
f 6831 6837 6841
f 6842 6830 6831
f 6628 6633 6843
f 6833 6843 6836
f 6843 6844 6836
f 6628 6843 6833
f 6845 6844 6843
f 6845 6843 6633
f 6845 6633 6632
f 6835 6836 6838
f 6836 6846 6838
f 6844 6847 6846
f 6844 6846 6836
f 6847 6844 6845
f 6845 6632 6847
f 6840 6838 6846
f 6846 6847 6848
f 6847 6632 6849
f 6805 6636 6439
f 6638 6640 6850
f 6640 6639 6654
f 6638 6807 6614
f 6851 6850 6640
f 6851 6640 6654
f 6851 6654 6852
f 6853 6638 6850
f 6638 6853 6808
f 6811 6808 6853
f 6854 6853 6850
f 6855 6850 6851
f 6854 6850 6855
f 6641 6827 6856
f 6857 6641 6856
f 6857 6448 6641
f 6448 6857 6858
f 6858 6656 6448
f 6822 6856 6827
f 6856 6859 6857
f 6857 6859 6860
f 6860 6858 6857
f 6824 6856 6822
f 6824 6859 6856
f 6861 6858 6860
f 6827 6641 6623
f 1999 2120 6642
f 6862 6634 6456
f 1999 6642 6237
f 6862 6456 6660
f 6664 6862 6660
f 6647 2120 6863
f 6864 6647 6863
f 6864 6643 6647
f 6864 6664 6643
f 6863 2120 6865
f 6863 6865 6864
f 6653 6655 6866
f 6866 6867 6868
f 6851 6852 6869
f 6870 6871 6869
f 6870 6866 6872
f 6870 6869 6866
f 6872 6866 6868
f 6855 6851 6871
f 6871 6851 6869
f 6870 6872 6873
f 6872 6868 6874
f 6654 6652 6852
f 6653 6852 6652
f 6653 6652 6649
f 6675 6657 6875
f 6657 6675 6672
f 6852 6653 6869
f 6653 6866 6869
f 6656 6876 6657
f 6876 6875 6657
f 6656 6858 6876
f 6877 6875 6876
f 6861 6876 6858
f 6861 6877 6876
f 6878 6875 6877
f 6867 6665 6667
f 6867 6866 6655
f 6867 6655 6665
f 6667 6879 6867
f 6880 6879 6667
f 6881 6868 6867
f 6881 6867 6879
f 6881 6879 6882
f 6882 6879 6880
f 6673 6675 6883
f 6669 6883 6884
f 6673 6883 6669
f 6669 6884 6674
f 6674 6884 6885
f 6886 6883 6675
f 6887 6884 6883
f 6875 6886 6675
f 6887 6883 6886
f 6888 6885 6884
f 6875 6889 6886
f 6886 6889 6887
f 6887 6888 6884
f 6887 6890 6888
f 6888 6890 6891
f 6875 6878 6889
f 6878 6892 6889
f 6667 6666 6679
f 6893 6679 6681
f 6667 6894 6880
f 6679 6893 6895
f 6894 6679 6895
f 6894 6667 6679
f 6895 6893 6896
f 6897 6880 6894
f 6898 6895 6896
f 6896 6893 6899
f 6895 6897 6894
f 6898 6897 6895
f 6674 6900 6670
f 6670 6900 6682
f 6900 6674 6885
f 6685 6900 6901
f 6682 6900 6685
f 6901 6900 6885
f 6685 6901 6902
f 6885 6891 6901
f 6902 6901 6903
f 6901 6891 6903
f 6885 6888 6891
f 6904 6903 6891
f 6698 6681 6680
f 6681 6698 6905
f 6906 6905 6698
f 6893 6681 6899
f 6899 6681 6905
f 6907 6905 6906
f 6908 6899 6905
f 6896 6899 6908
f 6685 6902 6701
f 6701 6902 6705
f 6902 6909 6705
f 6909 6910 6705
f 6902 6911 6909
f 6910 6909 6912
f 6911 6902 6903
f 6913 6911 6903
f 6911 6914 6909
f 6911 6913 6914
f 6909 6914 6912
f 6913 6903 6904
f 6705 6910 6704
f 6915 6686 6533
f 6686 6915 6690
f 6916 6915 6533
f 6915 6917 6690
f 6916 6917 6915
f 6687 6686 6690
f 6907 6906 6918
f 6699 6906 6698
f 6709 6906 6699
f 6709 6711 6919
f 6919 6906 6709
f 6919 6711 6920
f 6906 6919 6921
f 6906 6921 6918
f 6922 6714 6715
f 6718 6714 6922
f 6704 6910 6703
f 6703 6910 6715
f 6923 6922 6715
f 6910 6924 6715
f 6715 6924 6923
f 6923 6925 6922
f 6924 6926 6923
f 6924 6910 6912
f 6532 6719 6720
f 6927 6928 6720
f 6533 6720 6916
f 6692 6929 6706
f 6690 6929 6692
f 6917 6930 6690
f 6930 6929 6690
f 6711 6931 6932
f 6711 6932 6920
f 6919 6920 6921
f 6933 6921 6920
f 6920 6932 6933
f 6934 6718 6922
f 6931 6722 6935
f 6935 6722 6725
f 6925 6934 6922
f 6711 6722 6931
f 6936 6931 6935
f 6937 6936 6935
f 6938 6934 6925
f 6939 6938 6925
f 6931 6936 6932
f 6939 6925 6923
f 6939 6940 6938
f 6940 6941 6938
f 6932 6936 6942
f 6936 6943 6942
f 6937 6943 6936
f 6939 6923 6926
f 6944 6939 6926
f 6944 6940 6939
f 6934 6717 6718
f 6934 6945 6717
f 6945 6727 6717
f 6945 6734 6727
f 6730 6727 6734
f 6938 6945 6934
f 6946 6733 6734
f 6941 6945 6938
f 6945 6941 6734
f 6941 6946 6734
f 6947 6941 6940
f 6746 6948 6748
f 6948 6949 6748
f 6746 6747 6948
f 6748 6949 6751
f 6927 6751 6950
f 6949 6951 6751
f 6751 6951 6950
f 6949 6952 6951
f 6719 6751 6927
f 6752 6953 6749
f 6719 6927 6720
f 6935 6725 6937
f 6725 6724 6937
f 6937 6724 6954
f 6954 6724 6754
f 6943 6937 6954
f 6955 6943 6956
f 6943 6954 6956
f 6956 6954 6957
f 6958 6754 6758
f 6758 6757 6958
f 6958 6757 6959
f 6754 6958 6960
f 6960 6958 6961
f 6961 6958 6959
f 6754 6960 6954
f 6961 6959 6962
f 6960 6961 6963
f 6964 6961 6962
f 6957 6954 6960
f 6963 6961 6964
f 6965 6733 6946
f 6957 6960 6963
f 6757 6764 6959
f 6959 6764 6962
f 6962 6764 6765
f 6966 6967 6735
f 6966 6735 6733
f 6965 6966 6733
f 6967 6968 6735
f 6732 6735 6771
f 6741 6771 6969
f 6770 6970 6774
f 6741 6969 6971
f 6771 6968 6969
f 6771 6735 6968
f 6971 6747 6741
f 6779 6778 6784
f 6747 6971 6948
f 6784 6972 6779
f 6770 6779 6972
f 6973 6948 6971
f 6974 6770 6975
f 6770 6972 6975
f 6948 6973 6952
f 6952 6949 6948
f 6975 6972 6976
f 6969 6977 6971
f 6977 6973 6971
f 6976 6978 6975
f 6973 6979 6952
f 6969 6980 6977
f 6749 6953 6782
f 6781 6783 6784
f 6784 6981 6972
f 6784 6783 6981
f 6783 6782 6982
f 6982 6981 6783
f 6982 6782 6953
f 6981 6982 6983
f 6972 6981 6976
f 6953 6984 6982
f 6976 6981 6983
f 6982 6984 6983
f 6985 6978 6976
f 6964 6962 6986
f 6765 6772 6987
f 6988 6765 6987
f 6988 6962 6765
f 6988 6987 6989
f 6962 6988 6990
f 6990 6988 6989
f 6986 6962 6990
f 6989 6991 6990
f 6989 6992 6991
f 6772 6769 6773
f 6772 6773 6993
f 6987 6772 6993
f 6993 6773 6774
f 6993 6774 6994
f 6994 6774 6970
f 6989 6987 6992
f 6987 6993 6992
f 6994 6970 6995
f 6992 6993 6994
f 6970 6770 6974
f 6995 6970 6974
f 6996 6795 6794
f 6997 6998 6996
f 6996 6998 6999
f 6788 7000 6801
f 6791 7000 6788
f 6795 6791 6792
f 7001 6791 6795
f 6801 7000 7002
f 7001 7000 6791
f 7001 7003 7000
f 7002 7000 7003
f 7002 7003 7004
f 6996 7001 6795
f 7004 7003 7005
f 7003 7001 7005
f 6996 6999 7001
f 6999 7005 7001
f 6799 7006 6800
f 6799 6801 7006
f 7002 7006 6801
f 7006 7007 6800
f 7007 7008 6800
f 6839 6840 7009
f 7006 7004 7007
f 7002 7004 7006
f 7009 7010 7011
f 7010 7009 7012
f 7004 7013 7007
f 7013 7014 7007
f 7005 7015 7004
f 6840 6846 7016
f 7016 6846 6848
f 6802 7017 6806
f 7017 7018 6806
f 7016 6848 7019
f 7008 6802 6800
f 7009 6840 7020
f 6840 7016 7020
f 6802 7008 7017
f 7016 7019 7020
f 7020 7019 7021
f 7021 7019 7022
f 7009 7020 7012
f 7020 7021 7012
f 7021 7022 7023
f 7008 7024 7017
f 7007 7024 7008
f 7018 6805 6806
f 7025 6805 7018
f 7022 6849 6635
f 7019 6849 7022
f 2219 7018 7017
f 2219 7025 7018
f 7017 7026 2219
f 7022 6635 7027
f 6810 6811 7028
f 7029 6810 7028
f 7030 7028 6811
f 7031 7029 7028
f 7031 7028 7030
f 7032 7029 7031
f 7033 7032 7031
f 6996 6794 6820
f 6821 6820 6818
f 7029 6821 6819
f 6810 6819 6809
f 7029 6819 6810
f 6820 6821 6997
f 6997 6996 6820
f 6997 6821 7029
f 6997 7029 7032
f 7034 6824 6823
f 7034 7035 7036
f 7035 7034 6823
f 7034 7037 6824
f 7036 7037 7034
f 7036 7035 7038
f 7039 6999 6998
f 6997 7032 6998
f 7036 7038 7040
f 6842 6832 6830
f 6832 6823 6829
f 7041 6832 6842
f 7042 6823 6832
f 6842 6841 7041
f 6823 7042 7035
f 6832 7041 7043
f 7043 7042 6832
f 7044 7041 7045
f 7043 7041 7044
f 7046 7042 7043
f 7035 7042 7038
f 7046 7038 7042
f 7047 7046 7043
f 7044 7045 7048
f 7043 7044 7047
f 6841 6837 6839
f 6841 6842 6831
f 7045 6841 7011
f 6841 6839 7011
f 7041 6841 7045
f 7011 6839 7009
f 7045 7011 7049
f 7010 7049 7011
f 7045 7049 7048
f 6847 6849 6848
f 6849 7019 6848
f 6635 6849 6632
f 1999 6237 6636
f 6865 2120 1999
f 6636 7050 1999
f 7051 6865 1999
f 7050 7051 1999
f 6865 7051 6864
f 7051 7050 2322
f 7051 2322 7052
f 6864 7051 7052
f 7053 7054 6855
f 7055 7056 7054
f 7055 7054 7053
f 6811 6853 6854
f 7054 6854 6855
f 7030 6811 6854
f 7030 6854 7056
f 6854 7054 7056
f 7057 6861 6860
f 7058 6861 7057
f 7059 7031 7030
f 7059 7030 7056
f 7060 7057 7061
f 7060 7062 7057
f 7062 7058 7057
f 7031 7059 7063
f 7064 6860 6859
f 6824 7064 6859
f 6824 7037 7064
f 7064 7065 7061
f 7065 7064 7037
f 7061 6860 7064
f 7061 7057 6860
f 7065 7060 7061
f 7066 7037 7036
f 7037 7066 7065
f 7066 7060 7065
f 6664 6864 7067
f 7067 6862 6664
f 6871 6870 6873
f 6874 6873 6872
f 7053 6871 6873
f 7053 6873 7068
f 7068 6873 6874
f 7068 6874 7069
f 6855 6871 7053
f 7070 7053 7068
f 7070 7068 7071
f 7072 7071 7069
f 7071 7068 7069
f 7071 7072 7073
f 7055 7053 7070
f 7074 7070 7073
f 7073 7070 7071
f 6877 7075 6878
f 6877 6861 7076
f 7076 7075 6877
f 7058 7076 6861
f 7058 7077 7076
f 7077 7078 7076
f 7078 7075 7076
f 7079 7077 7062
f 7062 7077 7058
f 7077 7080 7078
f 7081 7082 7083
f 7069 6874 7084
f 6874 6868 7084
f 7084 6868 6881
f 7085 7069 7084
f 7086 7084 6882
f 7084 6881 6882
f 6882 7087 7086
f 6882 6880 7087
f 7088 6891 6890
f 7085 7084 7086
f 6892 7089 7088
f 7072 7069 7085
f 7090 6892 7075
f 7072 7085 7091
f 7091 7085 7086
f 7081 7091 7086
f 7090 7089 6892
f 7086 7087 7081
f 7092 7075 7078
f 7092 7090 7075
f 7093 7072 7091
f 7093 7091 7081
f 7094 7089 7090
f 7089 7094 7095
f 7073 7072 7093
f 7083 7093 7081
f 6890 6889 6892
f 6890 6887 6889
f 7075 6892 6878
f 6892 7088 6890
f 6897 7087 6880
f 7088 7096 6891
f 7096 6904 6891
f 6897 6898 7097
f 7098 6898 6896
f 7099 6897 7097
f 7097 6898 7098
f 7096 7100 6904
f 7101 7097 7098
f 7099 7087 6897
f 7102 7088 7089
f 7088 7102 7096
f 7096 7102 7103
f 7082 7099 7097
f 7096 7103 7100
f 6913 7100 7104
f 7099 7081 7087
f 7095 7102 7089
f 7095 7103 7102
f 7082 7081 7099
f 7100 7105 7104
f 7095 7105 7103
f 7082 7097 7106
f 7106 7097 7101
f 7105 7100 7103
f 6904 7100 6913
f 7098 6896 6908
f 6908 7107 7098
f 6908 6905 6907
f 6907 7107 6908
f 7101 7098 7107
f 7108 7101 7107
f 7104 7105 7109
f 7107 6907 7110
f 7107 7111 7108
f 7107 7110 7111
f 7112 6914 6913
f 6914 7112 7113
f 6914 7113 6912
f 7112 7114 7113
f 7104 7112 6913
f 7112 7104 7114
f 7109 7114 7104
f 6916 7115 6917
f 6907 6918 7110
f 6918 7116 7110
f 7116 6918 7117
f 7110 7116 7118
f 7117 7119 7116
f 7110 7118 7111
f 7120 7118 7116
f 7116 7119 7120
f 6918 6921 7117
f 6912 7121 6924
f 7113 7121 6912
f 7121 7122 6926
f 6921 7123 7117
f 7121 7124 7122
f 7114 7125 7113
f 7113 7125 7121
f 7121 7125 7124
f 6924 7121 6926
f 6916 7126 7115
f 6930 7115 7127
f 6720 6928 7126
f 6916 6720 7126
f 7115 7126 7127
f 7126 6928 7128
f 7128 7127 7126
f 7128 6930 7127
f 7115 6930 6917
f 7129 6706 6929
f 6752 6706 7129
f 6930 7129 6929
f 7119 7130 7120
f 7123 6921 6933
f 6933 6932 7131
f 7131 6932 7132
f 7132 6932 6942
f 7133 7132 6942
f 7117 7123 7119
f 6933 7131 7123
f 7132 7134 7131
f 7134 7132 7133
f 7123 7135 7119
f 7123 7131 7135
f 7134 7136 7131
f 7130 7119 7135
f 7131 7136 7135
f 7122 6944 6926
f 6944 7122 7137
f 6944 7137 7138
f 7138 7139 6944
f 7139 6940 6944
f 7139 6947 6940
f 7140 6947 7139
f 7124 7141 7122
f 7141 7137 7122
f 7142 7138 7137
f 7137 7141 7142
f 7138 7142 7143
f 7143 7139 7138
f 6947 7144 6941
f 6951 7145 6950
f 6927 6950 6928
f 6752 7146 6953
f 6953 7146 6984
f 6984 7146 7147
f 7148 7133 6942
f 7133 7149 7134
f 7133 7150 7149
f 7150 7133 7148
f 7149 7136 7134
f 7151 7136 7149
f 7149 7152 7151
f 7152 7149 7150
f 7153 7152 7150
f 7148 6943 6955
f 6956 6957 7154
f 6942 6943 7148
f 7148 6955 7155
f 7156 6955 6956
f 7156 6956 7157
f 6956 7154 7157
f 7156 7155 6955
f 7156 7157 7158
f 7155 7156 7159
f 7148 7155 7150
f 7159 7156 7158
f 7153 7150 7155
f 7153 7155 7159
f 7159 7158 7160
f 7161 7159 7160
f 7144 6946 6941
f 7162 7154 6963
f 7154 6957 6963
f 7144 6965 6946
f 7144 7163 6965
f 7157 7154 7164
f 6947 7165 7144
f 7140 7165 6947
f 7144 7165 7163
f 7163 7165 7166
f 7166 7167 7163
f 7168 7165 7140
f 7168 7166 7165
f 7169 7168 7140
f 6966 7170 6967
f 7170 7171 6967
f 6965 7170 6966
f 7171 6968 6967
f 6965 7172 7170
f 7170 7172 7171
f 7167 6965 7163
f 6965 7167 7172
f 7173 7174 7171
f 6968 6980 6969
f 6968 7175 6980
f 7175 7176 6980
f 6980 7177 7178
f 6980 7176 7177
f 7175 6968 7171
f 7171 7174 7175
f 7174 7176 7175
f 7178 6979 6977
f 7178 6977 6980
f 6977 6979 6973
f 6979 7179 6952
f 6979 7180 7179
f 7178 7180 6979
f 6978 6985 7181
f 7177 7182 7178
f 7178 7182 7180
f 7182 7183 7180
f 7179 6951 6952
f 6985 6976 6983
f 6951 7179 7145
f 7180 7145 7179
f 6984 7147 6983
f 7160 7158 7184
f 6963 6964 7162
f 7154 7162 7164
f 6986 7162 6964
f 7185 7162 6986
f 7157 7164 7158
f 7158 7164 7186
f 7186 7164 7187
f 7164 7162 7187
f 7162 7185 7187
f 7185 6986 7188
f 7187 7185 7189
f 7190 7185 7188
f 7190 7188 7191
f 7186 7187 7192
f 7192 7187 7189
f 7193 7189 7190
f 7189 7185 7190
f 7190 7191 7194
f 7184 7158 7186
f 7184 7186 7192
f 7188 6986 6990
f 7188 6990 7191
f 7191 6990 6991
f 7191 6991 7195
f 7191 7195 7196
f 7195 6991 7197
f 7194 7191 7196
f 7198 7195 7197
f 7196 7195 7199
f 6992 6994 7197
f 7197 6994 7200
f 6994 6995 7200
f 6991 6992 7197
f 7200 6995 7201
f 7198 7197 7200
f 7198 7200 7202
f 6995 6974 6978
f 6974 6975 6978
f 6995 6978 7201
f 6978 7181 7201
f 7203 7015 7005
f 7005 6999 7204
f 7005 7204 7203
f 7039 7205 6999
f 7204 6999 7205
f 7206 7015 7203
f 7204 7205 7207
f 7207 7203 7204
f 7205 7039 7208
f 7207 7209 7203
f 7203 7209 7206
f 7205 7208 7207
f 7210 7207 7208
f 7207 7210 7209
f 7209 7210 7211
f 7209 7211 7206
f 7212 7210 7208
f 7015 7013 7004
f 7010 7213 7214
f 7010 7012 7213
f 7013 7215 7014
f 7015 7216 7013
f 7013 7216 7215
f 7216 7015 7206
f 7216 7217 7215
f 7216 7206 3212
f 7216 3212 7217
f 7206 7211 3212
f 7211 7218 3212
f 3212 7218 7217
f 7021 7023 7219
f 7219 7023 7220
f 7213 7012 7219
f 7219 7012 7021
f 7007 7014 7024
f 7215 7221 7014
f 7213 7219 7220
f 7215 7222 7221
f 7215 7217 7222
f 7213 7220 7223
f 7224 7223 7225
f 7223 7220 7225
f 7024 7026 7017
f 7023 7022 7226
f 7226 7022 7027
f 7014 7227 7024
f 7024 7227 7026
f 7221 7227 7014
f 7026 7228 2219
f 7229 7026 7227
f 7220 7023 7230
f 7221 7229 7227
f 7229 7231 7026
f 7026 7231 7228
f 7221 7232 7229
f 7225 7220 7230
f 6805 7025 6636
f 6636 7233 7050
f 7233 6636 7025
f 7234 7233 7235
f 7233 7234 7236
f 7237 7236 7234
f 7238 7235 7233
f 7239 7032 7033
f 7033 7031 7063
f 7240 7239 7033
f 7240 7033 7063
f 7241 7239 7240
f 7240 7242 7243
f 7243 7241 7240
f 7241 7244 7245
f 7242 7246 7243
f 7039 6998 7247
f 7032 7247 6998
f 7032 7239 7247
f 7039 7248 7208
f 7249 7248 7247
f 7247 7248 7039
f 7038 7250 7040
f 7249 3227 7248
f 7249 7247 7239
f 7250 7251 7040
f 7250 7252 7251
f 7239 7241 7249
f 3227 7208 7248
f 7249 7245 3227
f 7249 7241 7245
f 7208 3227 7212
f 7044 7048 7253
f 7047 7044 7253
f 7047 7254 7046
f 7048 7255 7253
f 7254 7047 7253
f 7254 7256 7250
f 7046 7254 7250
f 7046 7250 7038
f 7257 7253 7255
f 7256 7254 7257
f 7257 7254 7253
f 7257 7258 7256
f 7252 7250 7256
f 7049 7214 7259
f 7214 7049 7010
f 7048 7049 7259
f 7048 7259 7255
f 7214 7260 7259
f 7259 7260 7255
f 7260 7214 7261
f 7214 7213 7261
f 7262 7255 7260
f 7260 7261 7262
f 7257 7255 7262
f 7257 7262 7258
f 7263 7261 7223
f 7262 7261 7263
f 7264 7262 7263
f 7265 7258 7262
f 7261 7213 7223
f 6634 7266 6635
f 7027 6635 7266
f 2322 7050 2224
f 7233 2224 7050
f 2224 7236 7237
f 2224 7237 7267
f 7236 2224 7233
f 7268 7267 7237
f 7269 7268 7067
f 7234 7270 7237
f 7270 7268 7237
f 2322 2224 7267
f 7267 7269 2322
f 2322 7269 7052
f 7269 7067 6864
f 7052 7269 6864
f 7267 7268 7269
f 7059 7056 7055
f 7059 7271 7272
f 7059 7055 7271
f 7271 7055 7273
f 7271 7274 7272
f 7274 7271 7275
f 7276 7271 7273
f 7274 7275 7277
f 7276 7273 7278
f 7271 7276 7275
f 7279 7276 7278
f 7277 7275 7280
f 7276 7279 7275
f 7059 7272 7063
f 7281 7062 7060
f 7281 7066 7040
f 7066 7281 7060
f 7282 7062 7281
f 7063 7272 7274
f 7281 7040 7283
f 7283 7284 7281
f 7281 7284 7282
f 7242 7240 7063
f 7274 7277 7242
f 7242 7063 7274
f 7242 7277 7246
f 7282 7284 7285
f 7284 7286 7287
f 7283 7286 7284
f 7284 7288 7285
f 7287 7288 7284
f 7036 7040 7066
f 7040 7251 7283
f 7251 7289 7283
f 7055 7070 7273
f 7273 7070 7074
f 7290 7273 7074
f 7291 7074 7073
f 7292 7074 7291
f 7293 7294 7078
f 7295 7291 7073
f 7074 7292 7290
f 7296 7292 7291
f 7296 7291 7295
f 7278 7273 7290
f 7292 7296 7297
f 7293 7298 7299
f 7299 7294 7293
f 7290 7300 7278
f 7300 7290 7292
f 7294 7299 7301
f 7297 7300 7292
f 7298 7302 7299
f 7302 7303 7299
f 7301 7303 7304
f 7299 7303 7301
f 7077 7079 7080
f 7293 7078 7080
f 7062 7282 7079
f 7285 7079 7282
f 7079 7285 7080
f 7285 7298 7080
f 7298 7293 7080
f 7285 7305 7298
f 7285 7288 7305
f 7306 7093 7083
f 7306 7083 7307
f 7307 7083 7308
f 7309 7295 7306
f 7310 7306 7307
f 7309 7306 7310
f 7294 7092 7078
f 7073 7093 7306
f 7311 7094 7090
f 7311 7090 7092
f 7312 7095 7094
f 7294 7311 7092
f 7295 7073 7306
f 7294 7301 7311
f 7313 7094 7311
f 7313 7312 7094
f 7301 7314 7311
f 7314 7313 7311
f 7315 7312 7313
f 7304 7314 7301
f 7314 7315 7313
f 7308 7083 7082
f 7307 7308 7316
f 7317 7307 7316
f 7317 7310 7307
f 7316 7318 7317
f 7316 7319 7318
f 7320 7317 7318
f 7082 7106 7308
f 7321 7106 7101
f 7321 7101 7108
f 7322 7105 7095
f 7106 7321 7308
f 7322 7323 7105
f 7308 7321 7316
f 7095 7312 7322
f 7322 7324 7323
f 7325 7322 7312
f 7325 7326 7322
f 7322 7326 7324
f 7327 7323 7324
f 7315 7325 7312
f 7328 7325 7315
f 7105 7323 7109
f 7323 7327 7109
f 7327 7114 7109
f 7327 7329 7114
f 7316 7321 7330
f 7330 7321 7108
f 7316 7330 7319
f 7331 7332 7108
f 7333 7329 7327
f 7332 7331 7334
f 7108 7332 7330
f 7330 7335 7319
f 7335 7330 7332
f 7333 7327 7336
f 7324 7337 7327
f 7336 7327 7337
f 7332 7334 7335
f 7114 7329 7125
f 7331 7108 7111
f 7111 7118 7331
f 7118 7120 7338
f 7118 7338 7331
f 7338 7120 7339
f 7331 7338 7334
f 7340 7333 7336
f 7125 7341 7124
f 7125 7329 7341
f 7124 7341 7342
f 7343 7341 7329
f 7333 7344 7329
f 7329 7344 7343
f 7342 7341 7345
f 7343 7345 7341
f 7344 7333 7340
f 7120 7130 7346
f 7339 7120 7346
f 7339 7346 7347
f 7347 7346 7348
f 7339 7349 7338
f 7339 7347 7349
f 7349 7347 7350
f 7350 7347 7351
f 7342 7352 7141
f 7342 7141 7124
f 7353 7130 7135
f 7135 7136 7353
f 7353 7136 7348
f 7136 7151 7348
f 7346 7130 7353
f 7354 7352 7342
f 7346 7353 7348
f 7345 7354 7342
f 7354 7355 7352
f 7348 7356 7351
f 7348 7151 7356
f 7348 7351 7347
f 7354 7345 7357
f 7357 7358 7354
f 7356 7359 7351
f 7141 7352 7142
f 7143 7360 7139
f 7355 7142 7352
f 7361 7143 7142
f 7360 7143 7361
f 7355 7361 7142
f 7362 7361 7355
f 7355 7354 7358
f 7362 7355 7358
f 7361 7362 7360
f 7358 7363 7362
f 6928 6950 7364
f 7145 7365 6950
f 7129 6930 7366
f 7367 6752 7129
f 7366 7367 7129
f 7367 7146 6752
f 7368 7147 7146
f 7367 7368 7146
f 7368 7367 7369
f 7366 7369 7367
f 7366 6930 7369
f 7370 6930 7128
f 7370 7369 6930
f 7371 7151 7152
f 7153 7372 7152
f 7372 7371 7152
f 7356 7151 7371
f 7356 7371 7359
f 7373 7371 7372
f 7371 7374 7359
f 7360 7140 7139
f 7153 7161 7372
f 7161 7153 7159
f 7169 7140 7360
f 7161 7375 7372
f 7161 7376 7375
f 7362 7169 7360
f 7363 7169 7362
f 7363 7377 7169
f 7378 7169 7377
f 7373 7372 7375
f 7379 7375 7376
f 7380 7375 7379
f 7381 7168 7169
f 7168 7381 7166
f 7381 7382 7166
f 7166 7382 7167
f 7169 7378 7381
f 7381 7383 7382
f 7378 7383 7381
f 7172 7173 7171
f 7167 7384 7172
f 7384 7173 7172
f 7385 7386 7173
f 7385 7173 7384
f 7384 7387 7385
f 7387 7167 7382
f 7167 7387 7384
f 7383 7387 7382
f 7385 7388 7386
f 7387 7388 7385
f 7389 7388 7387
f 7173 7386 7174
f 7386 7176 7174
f 7386 7390 7176
f 7176 7390 7177
f 7177 7390 7391
f 7386 7392 7390
f 7388 7392 7386
f 7393 7390 7392
f 7393 7394 7390
f 7390 7394 7391
f 7177 7391 7182
f 7395 7183 7182
f 7391 7395 7182
f 7396 7395 7391
f 7394 7396 7391
f 7180 7183 7145
f 7183 7397 7145
f 7183 7395 7397
f 7395 7398 7397
f 6985 7399 7400
f 6983 7147 6985
f 7147 7401 6985
f 7401 7147 7368
f 6985 7401 7399
f 7401 7368 7402
f 7402 7403 7401
f 7160 7184 7404
f 7160 7404 7161
f 7405 7376 7161
f 7405 7161 7404
f 7404 7406 7405
f 7405 7407 7376
f 7379 7376 7407
f 7408 7407 7405
f 7409 7192 7189
f 7409 7189 7193
f 7193 7190 7194
f 7404 7184 7410
f 7184 7192 7410
f 7410 7192 7409
f 7411 7409 7193
f 7411 7193 7194
f 7406 7404 7410
f 7410 7409 7411
f 7412 7194 7196
f 7406 7410 7413
f 7413 7410 7411
f 7414 7194 7412
f 7405 7406 7408
f 7406 7413 7408
f 7414 7411 7194
f 7408 7413 7415
f 7413 7411 7416
f 7416 7411 7414
f 7415 7413 7416
f 7414 7412 7417
f 7418 7195 7198
f 7199 7195 7418
f 7418 7198 7419
f 7420 7199 7418
f 7412 7196 7199
f 7420 7418 7419
f 7412 7199 7421
f 7420 7419 7422
f 7199 7420 7421
f 7423 7417 7421
f 7417 7412 7421
f 7423 7421 7420
f 7417 7423 7424
f 7422 7425 7420
f 7200 7201 7202
f 7198 7202 7419
f 7202 7201 7426
f 7422 7419 7202
f 7426 7427 7202
f 7202 7427 7422
f 7426 7201 7181
f 7400 7181 6985
f 7428 7181 7400
f 7429 7218 7211
f 7218 7430 7217
f 7217 7430 7431
f 7218 7432 7430
f 7217 7431 7222
f 7229 7433 7231
f 7222 7431 7221
f 7431 7232 7221
f 7229 7232 7433
f 7225 7230 7434
f 7434 7230 7435
f 7431 7436 7232
f 7431 7437 7436
f 7023 7226 7438
f 7439 7228 7231
f 7230 7023 7438
f 7230 7438 7435
f 7438 7226 7440
f 7226 7027 7440
f 7231 7433 7441
f 7232 7436 7433
f 7433 7442 7441
f 7433 7436 7442
f 7435 7438 7443
f 7438 7440 7443
f 7442 7444 7441
f 7441 7444 7445
f 7436 7446 7442
f 7442 7446 7444
f 7446 7447 7444
f 7434 7435 7448
f 7435 7443 7449
f 7435 7449 7448
f 7443 7450 7449
f 7228 7025 2219
f 7238 7233 7025
f 7439 7025 7228
f 7025 7439 7238
f 7439 7231 7445
f 7439 7451 7238
f 7452 7238 7451
f 7231 7441 7445
f 7445 7453 7439
f 7439 7453 7451
f 7454 7452 7451
f 7444 7455 7445
f 7445 7455 7453
f 7455 7456 7453
f 7451 7453 7457
f 7454 7451 7457
f 7458 7454 7457
f 7459 7440 7027
f 7459 7027 7266
f 7444 7447 7455
f 7456 7457 7453
f 7456 7460 7457
f 7457 7460 7458
f 7443 7440 7450
f 7447 7461 7455
f 7461 7462 7455
f 7455 7462 7456
f 7463 7458 7460
f 7450 7440 7464
f 7449 7450 7465
f 7464 7440 7459
f 7466 7464 7459
f 7466 7459 7266
f 7238 7452 7235
f 7235 7452 2320
f 7235 2320 7234
f 7234 2320 7467
f 7234 7467 7468
f 7234 7468 7270
f 7452 7454 7469
f 2320 7452 7469
f 7467 2320 7469
f 7467 7470 7468
f 7458 7469 7454
f 7463 7469 7458
f 7469 7471 7467
f 7469 7463 7471
f 7470 7467 7471
f 7472 7470 7471
f 7472 7266 7470
f 7463 7466 7471
f 7471 7466 7472
f 7466 7266 7472
f 7241 7243 7244
f 7244 3525 7245
f 7243 7246 7244
f 7244 7246 7473
f 7244 7473 3525
f 7474 7473 7246
f 7474 7475 7473
f 7475 3525 7473
f 7252 7258 7476
f 7252 7256 7258
f 7212 7477 7429
f 3227 7245 7477
f 3227 7477 7212
f 3525 7477 7245
f 7477 7478 7429
f 7477 3525 7478
f 7478 7479 7432
f 7478 3525 7480
f 7478 7480 7479
f 7212 7429 7210
f 7211 7210 7429
f 7429 7432 7218
f 7478 7432 7429
f 7265 7262 7264
f 7264 7263 7481
f 7265 7264 7482
f 7264 7481 7482
f 7263 7223 7224
f 7263 7224 7481
f 7481 7224 7482
f 7483 7224 7434
f 7224 7225 7434
f 7224 7483 7482
f 7434 7448 7483
f 7266 6634 6862
f 7270 7067 7268
f 7484 7067 7270
f 7485 6862 7067
f 7270 7468 7484
f 7484 7485 7067
f 7485 7484 6862
f 7484 7266 6862
f 7266 7484 7470
f 7468 7470 7484
f 7280 7275 7279
f 7279 7278 7486
f 7277 7280 7487
f 7280 7279 7488
f 7488 7279 7486
f 7487 7280 7488
f 7489 7487 7488
f 7486 7490 7488
f 7487 7489 7491
f 7489 7490 7492
f 7490 7489 7488
f 7493 7494 7489
f 7492 7493 7489
f 7492 7490 7495
f 7277 7487 7496
f 7246 7277 7496
f 7286 7497 7498
f 7286 7498 7287
f 7499 7288 7287
f 7246 7496 7474
f 7287 7498 7500
f 7287 7500 7499
f 7496 7501 7474
f 7487 7491 7496
f 7496 7491 7501
f 7474 7501 7475
f 7491 7494 7501
f 7491 7489 7494
f 7501 7494 7475
f 7498 7497 7502
f 7500 7498 7503
f 7251 7252 7289
f 7252 7476 7289
f 7283 7289 7286
f 7289 7497 7286
f 7258 7265 7476
f 7289 7476 7497
f 7504 7497 7476
f 7476 7265 7504
f 7295 7505 7296
f 7506 7296 7505
f 7507 7506 7505
f 7506 7507 7508
f 7278 7300 7486
f 7506 7297 7296
f 7300 7509 7486
f 7300 7510 7509
f 7510 7300 7297
f 7297 7506 7510
f 7303 7511 7304
f 7490 7486 7509
f 7510 7506 7508
f 7512 7303 7302
f 7495 7490 7509
f 7302 7513 7512
f 7514 7510 7508
f 7512 7511 7303
f 7495 7509 7514
f 7514 7509 7510
f 7511 7512 7515
f 7288 7516 7305
f 7516 7298 7305
f 7499 7516 7288
f 7298 7516 7302
f 7517 7302 7516
f 7517 7516 7499
f 7500 7517 7499
f 7503 7517 7500
f 7513 7302 7517
f 7505 7295 7309
f 7310 7518 7309
f 7518 7505 7309
f 7507 7505 7518
f 7519 7518 7310
f 7519 7310 7320
f 7519 7320 7520
f 7521 7518 7519
f 7507 7518 7521
f 7522 7519 7520
f 7523 7507 7524
f 7524 7507 7521
f 7522 7521 7519
f 7525 7315 7314
f 7526 7328 7315
f 7525 7314 7304
f 7526 7315 7525
f 7527 7328 7526
f 7528 7304 7511
f 7528 7525 7304
f 7529 7525 7528
f 7529 7526 7525
f 7529 7530 7526
f 7527 7526 7530
f 7515 7528 7511
f 7531 7528 7515
f 7531 7529 7528
f 7531 7532 7529
f 7532 7530 7529
f 7320 7310 7317
f 7533 7320 7318
f 7533 7318 7534
f 7534 7318 7319
f 7520 7320 7533
f 7520 7533 7535
f 7536 7533 7534
f 7535 7522 7520
f 7536 7535 7533
f 7326 7325 7328
f 7537 7324 7326
f 7337 7324 7537
f 7527 7538 7328
f 7538 7326 7328
f 7538 7537 7326
f 7539 7337 7537
f 7527 7540 7538
f 7540 7537 7538
f 7541 7539 7537
f 7541 7537 7540
f 7542 7527 7530
f 7542 7540 7527
f 7543 7534 7319
f 7536 7534 7544
f 7543 7544 7534
f 7545 7543 7546
f 7543 7545 7544
f 7547 7545 7546
f 7548 7335 7334
f 7319 7335 7543
f 7543 7335 7548
f 7546 7543 7548
f 7539 7336 7337
f 7549 7340 7336
f 7550 7336 7539
f 7550 7549 7336
f 7551 7340 7549
f 7552 7539 7541
f 7550 7539 7552
f 7553 7550 7552
f 7338 7554 7334
f 7554 7338 7555
f 7555 7338 7349
f 7554 7548 7334
f 7554 7555 7556
f 7556 7548 7554
f 7557 7555 7558
f 7555 7349 7558
f 7559 7548 7556
f 7556 7555 7557
f 7546 7548 7559
f 7556 7557 7560
f 7561 7559 7560
f 7560 7559 7556
f 7561 7546 7559
f 7560 7557 7562
f 7562 7557 7563
f 7564 7345 7343
f 7340 7565 7344
f 7565 7343 7344
f 7343 7565 7564
f 7564 7565 7566
f 7564 7566 7567
f 7340 7551 7565
f 7568 7567 7566
f 7569 7567 7568
f 7551 7566 7565
f 7349 7350 7570
f 7570 7558 7349
f 7350 7571 7570
f 7571 7350 7572
f 7573 7571 7572
f 7563 7557 7558
f 7558 7574 7563
f 7574 7558 7570
f 7570 7575 7574
f 7571 7575 7570
f 7571 7573 7575
f 7573 7576 7575
f 7576 7577 7575
f 7564 7567 7345
f 7567 7357 7345
f 7351 7572 7350
f 7351 7359 7572
f 7578 7573 7572
f 7357 7567 7579
f 7567 7569 7579
f 7579 7580 7581
f 7573 7582 7576
f 7579 7569 7583
f 7580 7579 7583
f 7582 7584 7576
f 7585 7580 7583
f 7586 7580 7585
f 7586 7581 7580
f 7576 7584 7577
f 7358 7357 7587
f 7358 7587 7588
f 7357 7579 7587
f 7581 7588 7587
f 7581 7587 7579
f 7581 7589 7588
f 7581 7590 7589
f 7586 7590 7581
f 6928 7364 7128
f 6950 7365 7364
f 7591 7370 7128
f 7365 7591 7364
f 7128 7364 7591
f 7592 7591 7593
f 7593 7591 7365
f 7578 7572 7359
f 7359 7374 7578
f 7373 7374 7371
f 7594 7374 7373
f 7373 7375 7380
f 7595 7373 7380
f 7374 7596 7578
f 7374 7594 7596
f 7595 7594 7373
f 7578 7596 7573
f 7596 7594 7597
f 7594 7595 7597
f 7597 7595 7598
f 7599 7598 7595
f 7573 7596 7582
f 7582 7596 7597
f 7600 7582 7597
f 7597 7598 7600
f 7582 7600 7584
f 7600 7601 7584
f 7602 7598 7599
f 7588 7363 7358
f 7589 7363 7588
f 7589 7377 7363
f 7589 7603 7377
f 7603 7604 7377
f 7590 7603 7589
f 7605 7603 7590
f 7599 7595 7380
f 7606 7599 7380
f 7605 7604 7603
f 7605 7607 7604
f 7599 7606 7602
f 7389 7383 7608
f 7378 7377 7604
f 7604 7609 7378
f 7378 7609 7383
f 7609 7608 7383
f 7610 7608 7609
f 7607 7609 7604
f 7608 7611 7389
f 7607 7610 7609
f 7608 7610 7611
f 7612 7610 7607
f 7607 7605 7612
f 7612 7613 7610
f 7611 7610 7613
f 7614 7611 7613
f 7389 7387 7383
f 7615 7388 7389
f 7611 7615 7389
f 7611 7616 7615
f 7388 7617 7618
f 7614 7616 7611
f 7617 7615 7616
f 7615 7617 7388
f 7388 7618 7392
f 7392 7618 7393
f 7393 7619 7394
f 7620 7393 7618
f 7620 7619 7393
f 7621 7622 7617
f 7617 7622 7618
f 7622 7620 7618
f 7621 7623 7622
f 7619 7396 7394
f 7619 7624 7396
f 7619 7625 7624
f 7624 7398 7396
f 7620 7625 7619
f 7625 7626 7624
f 7593 7145 7397
f 7398 7627 7397
f 7397 7627 7593
f 7395 7396 7398
f 7399 7628 7400
f 7628 7629 7630
f 7400 7628 7631
f 7632 7593 7627
f 7631 7628 7630
f 7368 7369 7402
f 7593 7365 7145
f 7401 7403 7399
f 7633 7403 7402
f 7403 7629 7399
f 7403 7633 7629
f 7591 7634 7370
f 7634 7369 7370
f 7635 7636 7634
f 7634 7636 7369
f 7636 7633 7402
f 7635 7633 7636
f 7636 7402 7369
f 7635 7629 7633
f 7591 7592 7634
f 7592 7637 7634
f 7629 7628 7399
f 7632 7638 7593
f 7593 7638 7592
f 7637 7592 7638
f 7639 7407 7408
f 7407 7640 7379
f 7640 7407 7641
f 7641 7407 7639
f 7380 7379 7640
f 7606 7380 7640
f 7641 7639 7642
f 7643 7606 7640
f 7643 7640 7644
f 7644 7640 7641
f 7644 7641 7645
f 7641 7642 7645
f 7644 7645 7646
f 7408 7415 7639
f 7414 7417 7647
f 7648 7415 7416
f 7416 7414 7647
f 7639 7415 7642
f 7642 7415 7648
f 7645 7642 7648
f 7416 7647 7649
f 7648 7416 7649
f 7647 7424 7649
f 7650 7648 7649
f 7424 7651 7649
f 7648 7650 7645
f 7650 7649 7652
f 7653 7651 7424
f 7646 7645 7650
f 7654 7650 7652
f 7652 7649 7651
f 7647 7417 7424
f 7424 7423 7655
f 7423 7420 7425
f 7423 7425 7655
f 7655 7425 7656
f 7653 7424 7655
f 7653 7655 7657
f 7655 7656 7657
f 7657 7656 7658
f 7653 7657 7659
f 7660 7422 7427
f 7425 7422 7656
f 7660 7658 7422
f 7656 7422 7658
f 7660 7427 7661
f 7658 7660 7662
f 7426 7181 7663
f 7663 7181 7428
f 7427 7426 7663
f 7427 7663 7661
f 7663 7428 7664
f 7665 7661 7663
f 7428 7400 7666
f 7428 7666 7664
f 7400 7631 7666
f 7667 7437 7431
f 7436 7437 7446
f 7462 7460 7456
f 7462 7668 7460
f 7448 7449 7669
f 7449 7465 7669
f 7670 7461 7447
f 7446 7671 7447
f 7671 7670 7447
f 7462 7461 7668
f 7668 7461 7672
f 7672 7460 7668
f 7460 7672 7463
f 7466 7463 7464
f 7464 7465 7450
f 7437 7671 7446
f 7670 7673 7461
f 7673 7674 7461
f 7461 7674 7672
f 7675 7672 7674
f 7464 7672 7675
f 7463 7672 7464
f 7674 7676 7675
f 7675 7676 7464
f 7669 7465 7677
f 7677 7465 7678
f 7465 7464 7678
f 7670 7671 7679
f 7464 7676 7678
f 7676 7677 7678
f 7671 7437 7679
f 7679 7680 7670
f 7680 7673 7670
f 7680 7681 7673
f 7681 7676 7674
f 7681 7674 7673
f 7676 7681 7682
f 7437 7683 7679
f 7684 7679 7683
f 7680 7679 7684
f 7684 7685 7680
f 7685 7682 7681
f 7685 7681 7680
f 7686 7464 7466
f 7466 7464 7686
f 7432 7687 7430
f 7430 7687 7667
f 7482 7483 7688
f 7430 7667 7431
f 7483 7689 7688
f 7483 7448 7689
f 7689 7448 7669
f 7669 7677 7689
f 7689 7677 7676
f 7690 7493 7492
f 7495 7690 7492
f 7494 7493 7691
f 7691 7493 7692
f 7693 7493 7690
f 7493 7693 7692
f 7692 7693 7694
f 7693 7695 7694
f 3525 7475 7480
f 7494 7691 7475
f 7475 7691 7696
f 7502 7497 7504
f 7696 7480 7475
f 7502 7504 7697
f 7498 7502 7698
f 7696 7479 7480
f 7691 7692 7696
f 7692 7699 7696
f 7696 7700 7479
f 7479 7701 7432
f 7696 7699 7700
f 7692 7694 7699
f 7504 7265 7697
f 7265 7482 7702
f 7508 7507 7523
f 7703 7514 7508
f 7523 7703 7508
f 7704 7512 7513
f 7704 7705 7512
f 7706 7690 7495
f 7707 7495 7514
f 7706 7495 7707
f 7514 7708 7707
f 7514 7703 7708
f 7513 7709 7704
f 7710 7708 7703
f 7710 7703 7523
f 7711 7690 7706
f 7693 7690 7711
f 7712 7706 7707
f 7711 7706 7712
f 7713 7707 7708
f 7713 7708 7710
f 7712 7714 7711
f 7712 7707 7713
f 7704 7715 7716
f 7716 7705 7704
f 7714 7693 7711
f 7717 7713 7710
f 7718 7714 7712
f 7713 7719 7718
f 7718 7712 7713
f 7719 7713 7717
f 7714 7695 7693
f 7709 7513 7517
f 7503 7698 7720
f 7698 7503 7498
f 7720 7517 7503
f 7720 7709 7517
f 7720 7698 7721
f 7720 7721 7715
f 7709 7720 7715
f 7715 7704 7709
f 7722 7698 7697
f 7698 7502 7697
f 7698 7722 7721
f 7722 7697 7723
f 7697 7265 7723
f 7721 7724 7715
f 7721 7722 7724
f 7724 7725 7715
f 7725 7716 7715
f 7726 7524 7521
f 7726 7521 7522
f 7726 7522 7727
f 7727 7522 7535
f 7710 7523 7728
f 7524 7728 7523
f 7524 7726 7729
f 7729 7726 7730
f 7730 7726 7727
f 7729 7728 7524
f 7717 7728 7731
f 7731 7728 7729
f 7729 7730 7731
f 7732 7717 7731
f 7730 7733 7731
f 7733 7732 7731
f 7733 7730 7734
f 7512 7705 7515
f 7735 7531 7515
f 7735 7515 7705
f 7531 7735 7532
f 7710 7728 7717
f 7736 7532 7735
f 7705 7716 7737
f 7735 7705 7736
f 7736 7705 7737
f 7738 7532 7736
f 7738 7739 7532
f 7732 7719 7717
f 7740 7736 7737
f 7738 7741 7739
f 7742 7535 7536
f 7743 7535 7742
f 7743 7742 7744
f 7727 7535 7745
f 7745 7535 7743
f 7746 7730 7727
f 7746 7727 7745
f 7746 7745 7747
f 7747 7745 7743
f 7747 7743 7748
f 7748 7743 7744
f 7734 7730 7746
f 7734 7746 7747
f 7749 7734 7747
f 7749 7747 7748
f 7750 7748 7744
f 7542 7541 7540
f 7542 7751 7541
f 7751 7552 7541
f 7752 7542 7530
f 7739 7530 7532
f 7751 7542 7752
f 7753 7552 7751
f 7739 7752 7530
f 7751 7754 7753
f 7752 7754 7751
f 7752 7739 7741
f 7755 7754 7752
f 7742 7536 7544
f 7756 7742 7544
f 7756 7544 7545
f 7756 7744 7742
f 7756 7545 7547
f 7757 7756 7547
f 7756 7758 7744
f 7744 7758 7759
f 7758 7756 7757
f 7757 7759 7758
f 7550 7760 7549
f 7760 7551 7549
f 7760 7550 7553
f 7753 7553 7552
f 7761 7753 7754
f 7761 7553 7753
f 7761 7762 7553
f 7760 7553 7762
f 7757 7763 7764
f 7765 7761 7754
f 7762 7761 7765
f 7547 7546 7561
f 7766 7560 7562
f 7767 7562 7563
f 7757 7547 7763
f 7763 7547 7561
f 7768 7551 7760
f 7561 7560 7766
f 7769 7766 7562
f 7769 7562 7767
f 7770 7768 7760
f 7763 7561 7766
f 7771 7766 7769
f 7772 7769 7767
f 7770 7760 7762
f 7771 7763 7766
f 7764 7763 7773
f 7771 7773 7763
f 7774 7771 7769
f 7774 7769 7772
f 7772 7775 7774
f 7776 7771 7774
f 7777 7774 7775
f 7768 7566 7551
f 7768 7778 7568
f 7568 7566 7768
f 7770 7778 7768
f 7778 7779 7568
f 7780 7568 7779
f 7779 7778 7781
f 7778 7770 7782
f 7782 7781 7778
f 7783 7779 7781
f 7784 7779 7783
f 7770 7762 7785
f 7781 7782 7786
f 7786 7783 7781
f 7767 7563 7574
f 7787 7574 7575
f 7787 7575 7577
f 7788 7767 7574
f 7787 7788 7574
f 7788 7772 7767
f 7772 7788 7789
f 7789 7788 7787
f 7790 7787 7577
f 7787 7791 7789
f 7791 7787 7790
f 7789 7792 7772
f 7792 7789 7791
f 7775 7772 7792
f 7793 7791 7790
f 7793 7790 7794
f 7792 7795 7796
f 7795 7792 7791
f 7795 7791 7793
f 7583 7569 7797
f 7797 7585 7583
f 7797 7569 7568
f 7780 7797 7568
f 7798 7797 7780
f 7798 7585 7797
f 7585 7798 7799
f 7800 7790 7577
f 7784 7798 7780
f 7799 7798 7801
f 7779 7784 7780
f 7784 7801 7798
f 7784 7783 7802
f 7802 7801 7784
f 7803 7799 7801
f 7803 7804 7799
f 7801 7802 7803
f 7805 7804 7803
f 7806 7590 7586
f 7807 7806 7586
f 7806 7807 7808
f 7799 7807 7585
f 7807 7586 7585
f 7799 7804 7807
f 7808 7807 7809
f 7807 7804 7809
f 7601 7600 7598
f 7602 7810 7598
f 7584 7800 7577
f 7800 7584 7601
f 7810 7601 7598
f 7794 7790 7800
f 7800 7601 7811
f 7800 7811 7794
f 7811 7601 7810
f 7810 7812 7811
f 7812 7813 7811
f 7602 7606 7643
f 7605 7590 7806
f 7605 7806 7808
f 7643 7814 7602
f 7602 7815 7810
f 7816 7808 7809
f 7815 7812 7810
f 7814 7815 7602
f 7814 7817 7815
f 7815 7817 7812
f 7818 7819 7817
f 7819 7812 7817
f 7605 7820 7612
f 7613 7612 7821
f 7808 7820 7605
f 7820 7821 7612
f 7821 7822 7613
f 7613 7822 7614
f 7808 7816 7820
f 7823 7822 7821
f 7816 7821 7820
f 7823 7824 7822
f 7822 7824 7614
f 7821 7816 7823
f 7825 7614 7824
f 7826 7824 7823
f 7824 7826 7825
f 7827 7816 7809
f 7816 7826 7823
f 7828 7826 7816
f 7829 7617 7616
f 7829 7621 7617
f 7830 7621 7829
f 7614 7831 7616
f 7831 7829 7616
f 7825 7831 7614
f 7831 7830 7829
f 7825 7832 7831
f 7831 7832 7830
f 7832 7833 7830
f 7833 7834 7830
f 7826 7835 7825
f 7825 7835 7832
f 7622 7625 7620
f 7621 7830 7623
f 7622 7623 7625
f 7834 7623 7830
f 7623 7834 7625
f 7834 7836 7625
f 7837 7836 7834
f 7626 7398 7624
f 7625 7836 7626
f 7838 7398 7626
f 7626 7839 7838
f 7840 7839 7626
f 7398 7841 7627
f 7842 7631 7630
f 7841 7843 7627
f 7842 7844 7845
f 7841 7846 7843
f 7846 7847 7843
f 7838 7841 7398
f 7841 7838 7848
f 7848 7849 7841
f 7849 7846 7841
f 7846 7849 7847
f 7847 7849 7844
f 7848 7838 7850
f 7851 7845 7844
f 7638 7632 7637
f 7852 7632 7627
f 7637 7853 7634
f 7853 7635 7634
f 7630 7629 7854
f 7854 7629 7635
f 7853 7854 7635
f 7852 7855 7632
f 7632 7855 7637
f 7856 7853 7857
f 7857 7853 7637
f 7842 7854 7853
f 7854 7842 7630
f 7627 7858 7852
f 7855 7852 7858
f 7855 7858 7857
f 7637 7855 7857
f 7843 7858 7627
f 7858 7843 7857
f 7857 7843 7856
f 7856 7844 7853
f 7844 7842 7853
f 7843 7847 7856
f 7856 7847 7844
f 7859 7643 7644
f 7644 7646 7859
f 7814 7643 7859
f 7818 7814 7859
f 7860 7859 7646
f 7818 7859 7860
f 7860 7646 7861
f 7817 7814 7818
f 7862 7819 7818
f 7818 7860 7862
f 7863 7862 7860
f 7863 7860 7861
f 7646 7650 7654
f 7654 7652 7864
f 7864 7652 7651
f 7864 7865 7654
f 7646 7654 7861
f 7861 7654 7865
f 7863 7861 7865
f 7863 7865 7866
f 7864 7867 7865
f 7868 7866 7865
f 7869 7651 7653
f 7651 7869 7864
f 7653 7659 7869
f 7869 7867 7864
f 7867 7869 7870
f 7870 7869 7659
f 7871 7870 7659
f 7867 7870 7872
f 7872 7870 7873
f 7873 7870 7871
f 7865 7867 7868
f 7868 7867 7874
f 7874 7867 7872
f 7875 7658 7662
f 7662 7660 7661
f 7659 7657 7875
f 7875 7657 7658
f 7871 7875 7876
f 7875 7662 7876
f 7659 7875 7871
f 7876 7662 7877
f 7662 7878 7877
f 7873 7871 7879
f 7871 7876 7879
f 7663 7664 7665
f 7661 7665 7878
f 7662 7661 7878
f 7878 7665 7880
f 7665 7881 7880
f 7881 7665 7882
f 7883 7878 7880
f 7877 7878 7883
f 7881 7882 7884
f 7885 7880 7881
f 7881 7884 7885
f 7883 7880 7885
f 7886 7887 7885
f 7883 7885 7887
f 7666 7631 7888
f 7888 7631 7889
f 7889 7631 7842
f 7845 7889 7842
f 7666 7888 7664
f 7665 7664 7882
f 7888 7882 7664
f 7890 7888 7891
f 7845 7891 7889
f 7889 7891 7888
f 7890 7882 7888
f 7891 7892 7890
f 7892 7891 7845
f 7884 7882 7890
f 7892 7884 7890
f 7892 7893 7884
f 7893 7885 7884
f 7685 7894 7682
f 7682 7894 7676
f 7895 7437 7667
f 7688 7689 7896
f 7895 7683 7437
f 7896 7689 7897
f 7898 7899 7897
f 7897 7899 7896
f 7900 7685 7684
f 7898 7689 7676
f 7689 7898 7897
f 7676 7894 7898
f 7685 7901 7894
f 7894 7901 7898
f 7701 7479 7700
f 7694 7902 7699
f 7699 7902 7700
f 7694 7903 7902
f 7700 7902 7904
f 7701 7700 7904
f 7701 7904 7905
f 7702 7906 7265
f 7432 7701 7687
f 7687 7907 7667
f 7482 7688 7896
f 7482 7896 7702
f 7695 7714 7908
f 7695 7903 7694
f 7908 7903 7695
f 7714 7718 7908
f 7909 7718 7719
f 7909 7719 7732
f 7908 7910 7903
f 7718 7911 7908
f 7909 7911 7718
f 7908 7911 7910
f 7903 7910 7912
f 7913 7910 7911
f 7912 7910 7913
f 7914 7913 7911
f 7915 7911 7909
f 7725 7724 7916
f 7716 7725 7737
f 7723 7917 7722
f 7917 7724 7722
f 7725 7916 7918
f 7725 7918 7737
f 7917 7723 7919
f 7917 7916 7724
f 7920 7919 7723
f 7917 7921 7916
f 7916 7921 7922
f 7917 7919 7921
f 7922 7918 7916
f 7920 7923 7919
f 7919 7923 7921
f 7902 7924 7904
f 7903 7924 7902
f 7903 7912 7924
f 7921 7925 7922
f 7921 7923 7925
f 7723 7265 7920
f 7920 7265 7906
f 7923 7920 7906
f 7926 7927 7733
f 7928 7733 7927
f 7738 7736 7740
f 7929 7740 7737
f 7930 7732 7733
f 7931 7740 7929
f 7930 7733 7928
f 7740 7931 7932
f 7738 7740 7932
f 7930 7909 7732
f 7933 7928 7927
f 7927 7934 7933
f 7935 7909 7930
f 7928 7935 7930
f 7936 7935 7928
f 7928 7933 7936
f 7937 7936 7933
f 7936 7937 7938
f 7937 7933 7939
f 7935 7915 7909
f 7938 7915 7935
f 7936 7938 7935
f 7737 7918 7929
f 7918 7940 7929
f 7941 7929 7940
f 7941 7931 7929
f 7940 7918 7922
f 7941 7940 7942
f 7940 7922 7942
f 7734 7926 7733
f 7926 7734 7943
f 7943 7734 7749
f 7748 7750 7749
f 7744 7759 7750
f 7943 7749 7944
f 7944 7934 7943
f 7749 7750 7944
f 7945 7750 7759
f 7934 7927 7926
f 7934 7926 7943
f 7946 7944 7750
f 7946 7750 7945
f 7947 7934 7944
f 7933 7934 7947
f 7947 7944 7946
f 7738 7948 7741
f 7755 7765 7754
f 7755 7752 7741
f 7741 7948 7755
f 7932 7948 7738
f 7932 7949 7948
f 7949 7950 7951
f 7948 7949 7951
f 7951 7755 7948
f 7939 7933 7947
f 7952 7947 7953
f 7953 7947 7946
f 7755 7951 7954
f 7949 7932 7955
f 7939 7947 7952
f 7950 7956 7951
f 7956 7954 7951
f 7956 7957 7954
f 7955 7958 7949
f 7959 7759 7757
f 7945 7759 7959
f 7960 7945 7959
f 7961 7762 7765
f 7961 7785 7762
f 7755 7954 7765
f 7764 7959 7757
f 7961 7765 7954
f 7959 7962 7960
f 7962 7959 7764
f 7963 7962 7764
f 7964 7945 7960
f 7965 7961 7954
f 7965 7966 7961
f 7967 7964 7960
f 7967 7960 7962
f 7962 7968 7967
f 7946 7945 7964
f 7964 7967 7969
f 7967 7968 7969
f 7970 7968 7962
f 7971 7946 7964
f 7972 7968 7970
f 7966 7785 7961
f 7785 7966 7973
f 7957 7965 7954
f 7966 7965 7974
f 7773 7771 7975
f 7776 7975 7771
f 7776 7774 7777
f 7963 7764 7773
f 7776 7976 7975
f 7777 7976 7776
f 7975 7963 7773
f 7970 7963 7977
f 7977 7963 7975
f 7976 7777 7978
f 7962 7963 7970
f 7976 7979 7975
f 7978 7979 7976
f 7977 7980 7970
f 7977 7975 7979
f 7980 7977 7979
f 7979 7978 7981
f 7980 7972 7970
f 7782 7770 7785
f 7982 7786 7782
f 7973 7782 7785
f 7973 7982 7782
f 7983 7783 7786
f 7982 7973 7984
f 7983 7786 7982
f 7984 7973 7966
f 7982 7984 7985
f 7983 7982 7985
f 7986 7983 7985
f 7974 7984 7966
f 7984 7974 7987
f 7775 7792 7796
f 7988 7795 7793
f 7796 7777 7775
f 7988 7796 7795
f 7989 7796 7988
f 7978 7777 7796
f 7978 7796 7989
f 7990 7978 7989
f 7991 7990 7989
f 7803 7802 7992
f 7803 7992 7805
f 7988 7793 7794
f 7983 7802 7783
f 7802 7983 7993
f 7992 7802 7993
f 7994 7805 7992
f 7989 7988 7995
f 7794 7995 7988
f 7986 7993 7983
f 7993 7994 7992
f 7995 7794 7996
f 7996 7794 7997
f 7998 7993 7986
f 7989 7995 7991
f 7994 7804 7805
f 7804 7994 7999
f 7809 7804 7999
f 8000 7999 7994
f 7998 7994 7993
f 7994 7998 8000
f 8001 8002 7999
f 8001 7999 8000
f 8003 7998 7986
f 8003 8001 8000
f 8002 8001 8004
f 8003 8000 7998
f 8005 8001 8003
f 8006 8001 8005
f 8006 8004 8001
f 8004 8007 8002
f 8004 8008 8007
f 7811 7813 7997
f 7997 7794 7811
f 8009 8010 7997
f 8009 7997 7813
f 7813 8011 8009
f 7997 8010 7996
f 8009 8012 8010
f 8013 8009 8011
f 8013 8012 8009
f 7996 8014 7995
f 8014 7996 8015
f 8015 7996 8010
f 8015 8010 8012
f 8015 8012 8016
f 7809 7999 8002
f 7809 8002 7827
f 8011 7813 7812
f 7819 8011 7812
f 8017 8011 7819
f 8017 8018 8011
f 8018 8017 8019
f 8017 8020 8019
f 8011 8018 8013
f 8021 8012 8013
f 8021 8013 8018
f 8022 8018 8019
f 8022 8021 8018
f 8016 8012 8021
f 7827 7828 7816
f 7828 8023 7826
f 7835 7826 8023
f 8002 8007 7827
f 8007 7828 7827
f 8023 8024 7835
f 8023 7828 8007
f 8008 8023 8007
f 8008 8024 8023
f 7835 8025 7832
f 8025 7833 7832
f 8025 8026 7833
f 7835 8027 8025
f 8026 8025 8028
f 8024 8027 7835
f 8027 8028 8025
f 8024 8029 8027
f 8029 8028 8027
f 8029 8024 8030
f 8029 8031 8028
f 7834 7833 8026
f 8026 7837 7834
f 7837 8032 7836
f 7837 8033 8032
f 8026 8033 7837
f 8028 8034 8026
f 8034 8035 8033
f 8033 8026 8034
f 8034 8036 8035
f 8037 8034 8028
f 7836 7840 7626
f 7840 8038 7839
f 7840 7836 8032
f 7840 8032 8038
f 7850 8038 8039
f 7850 7839 8038
f 8032 8033 8035
f 8035 8040 8032
f 8032 8040 8038
f 8040 8041 8038
f 8036 8040 8035
f 8042 7849 7848
f 8043 7849 8042
f 7849 8043 7844
f 7839 7850 7838
f 8043 8044 7844
f 8044 7851 7844
f 7850 8042 7848
f 8042 8045 8046
f 8046 8045 8043
f 8042 8046 8043
f 8045 8044 8043
f 8039 8045 7850
f 8045 8042 7850
f 8039 8047 8044
f 8045 8039 8044
f 8047 7851 8044
f 8047 8048 7851
f 8048 8049 7851
f 8039 8038 8041
f 8039 8041 8050
f 8050 8047 8039
f 8017 7819 7862
f 7862 7863 8020
f 8017 7862 8020
f 7863 8051 8020
f 7863 7866 8051
f 8052 8020 8051
f 8053 7866 7868
f 8052 8019 8020
f 8053 8052 8051
f 8053 8051 7866
f 8052 8053 8054
f 8054 8053 8055
f 8055 8053 8056
f 8019 8052 8057
f 8054 8057 8052
f 8057 8022 8019
f 7872 7873 8058
f 8056 7868 7874
f 7872 8058 8059
f 8053 7868 8056
f 8056 7874 8060
f 7874 7872 8060
f 8060 7872 8059
f 8056 8060 8061
f 8061 8060 8062
f 8060 8059 8062
f 8062 8059 8063
f 8062 8063 8064
f 8055 8056 8061
f 8062 8065 8061
f 8064 8065 8062
f 7873 7879 8058
f 8059 8058 8066
f 8066 8058 7879
f 7876 8067 7879
f 7876 7877 8067
f 8066 7879 8067
f 8059 8066 8063
f 8063 8066 8068
f 8066 8067 8068
f 8068 8067 8069
f 8064 8063 8068
f 8064 8068 8070
f 7886 7885 7893
f 7877 7883 8071
f 8071 7883 7887
f 7886 7893 8072
f 8067 7877 8071
f 7887 8073 8071
f 7887 7886 8074
f 8075 8074 8072
f 8072 8074 7886
f 8071 8069 8067
f 8071 8073 8069
f 8073 7887 8074
f 8074 8075 8076
f 8077 8076 8075
f 8073 8076 8078
f 8076 8073 8074
f 8069 8073 8078
f 7893 7892 8079
f 8080 8079 7892
f 8080 7892 7845
f 7845 7851 8080
f 8080 7851 8081
f 8081 8072 8079
f 8079 8072 7893
f 8081 8079 8080
f 8049 8081 7851
f 8081 8075 8072
f 8048 8077 8049
f 8049 8077 8081
f 8077 8075 8081
f 7667 8082 7895
f 7683 7895 7900
f 7684 7683 7900
f 7685 7900 7901
f 7901 8083 7898
f 7899 7898 8083
f 8084 8083 7901
f 8084 7901 7900
f 7895 8085 7900
f 8085 8084 7900
f 8082 8086 7895
f 8086 8085 7895
f 7701 7907 7687
f 7907 7701 7905
f 7907 8087 7667
f 7896 8088 7702
f 8089 8082 7667
f 8090 7899 8083
f 7896 7899 8091
f 7899 8090 8091
f 8086 8092 8085
f 8085 8092 8084
f 8084 8092 8083
f 8093 8092 8086
f 8083 8092 8093
f 7913 8094 7912
f 8095 7913 7914
f 7913 8095 8094
f 7915 7914 7911
f 8095 8096 8094
f 7924 7905 7904
f 7924 8097 7905
f 7912 8098 7924
f 8097 7924 8098
f 7912 8094 8098
f 8097 8099 7905
f 8098 8100 8097
f 8094 8101 8098
f 8098 8101 8100
f 8094 8096 8101
f 8100 8099 8097
f 8102 7923 7906
f 7905 8099 7907
f 7923 8102 8103
f 8104 7702 8088
f 8088 7896 8105
f 7915 8106 7914
f 8107 7915 7938
f 8107 8106 7915
f 8108 8095 7914
f 8108 7914 8106
f 8107 8108 8106
f 8109 8107 7938
f 8108 8107 8110
f 8109 8110 8107
f 8096 8095 8108
f 8110 8096 8108
f 8111 8110 8109
f 8111 8109 8112
f 8111 8113 8110
f 8096 8110 8114
f 8096 8114 8115
f 7942 7922 7925
f 7942 8116 7941
f 8116 7931 7941
f 7931 7955 7932
f 7955 7931 8116
f 8117 8116 7942
f 7942 7925 8118
f 8117 7942 8118
f 8119 8116 8117
f 8119 7955 8116
f 8120 8119 8117
f 7925 7923 8103
f 8118 7925 8103
f 8103 8121 8118
f 8118 8121 8122
f 8117 8118 8122
f 8122 8121 8123
f 8117 8122 8124
f 8124 8120 8117
f 8103 8102 8125
f 8121 8103 8125
f 8121 8125 8123
f 7949 8126 7950
f 7939 7952 8127
f 7952 7953 8127
f 7946 7971 7953
f 8127 7937 7939
f 8128 7937 8127
f 8127 7953 8129
f 8129 7953 8130
f 8109 7938 7937
f 8128 8109 7937
f 8127 8129 8128
f 8109 8128 8112
f 8131 8128 8129
f 8131 8129 8130
f 8132 8130 8133
f 8131 8112 8128
f 8112 8131 8134
f 8135 8134 8131
f 8135 8131 8130
f 8135 8130 8132
f 8111 8112 8136
f 8135 8137 8134
f 8132 8137 8135
f 8126 7949 7958
f 7956 8138 7957
f 8126 8139 7950
f 8139 7956 7950
f 8139 8138 7956
f 8126 8140 8139
f 8119 7958 7955
f 8141 8140 7958
f 8140 8126 7958
f 8140 8142 8139
f 8142 8138 8139
f 8119 8141 7958
f 8141 8119 8120
f 8140 8141 8143
f 8144 8140 8143
f 8142 8140 8144
f 8144 8145 8142
f 8138 8142 8145
f 8141 8120 8146
f 8146 8143 8141
f 8144 8147 8145
f 8147 8148 8145
f 8147 8144 8143
f 7968 8149 7969
f 7972 8149 7968
f 7971 7964 7969
f 7971 8130 7953
f 8150 8149 7972
f 8130 7971 8133
f 8133 7971 7969
f 8133 7969 8151
f 8149 8151 7969
f 8151 8149 8152
f 8132 8133 8153
f 8151 8153 8133
f 8152 8153 8151
f 8152 8149 8150
f 8153 8152 8154
f 8153 8154 8132
f 8154 8152 8155
f 8155 8152 8156
f 8150 8157 8152
f 8156 8157 8158
f 8152 8157 8156
f 7957 8159 7965
f 7957 8138 8159
f 8159 8160 7965
f 7974 8160 8161
f 7974 7965 8160
f 7974 8161 7987
f 8159 8138 8145
f 8145 8162 8159
f 8160 8159 8162
f 8161 8160 8163
f 8145 8148 8162
f 8162 8163 8160
f 8148 8164 8162
f 8163 8162 8164
f 8163 8165 8161
f 8165 8166 8167
f 8161 8165 8167
f 8164 8165 8163
f 8165 8164 8168
f 8166 8165 8168
f 8169 7972 7980
f 8169 7980 7979
f 7981 8169 7979
f 8170 7981 7978
f 8171 8150 8169
f 8169 8150 7972
f 7981 8171 8169
f 8170 8172 7981
f 8173 8172 8170
f 7981 8172 8171
f 8171 8157 8150
f 8157 8171 8174
f 8172 8174 8171
f 8172 8173 8174
f 8157 8174 8158
f 8175 8158 8174
f 8176 7985 7987
f 7985 7984 7987
f 8176 7986 7985
f 8176 8177 7986
f 8176 7987 8178
f 8177 8176 8179
f 7987 8161 8178
f 8176 8178 8179
f 8180 8177 8179
f 8178 8161 8167
f 8179 8178 8167
f 8173 8181 8182
f 8183 8167 8166
f 8175 8174 8184
f 8174 8173 8184
f 8185 8184 8182
f 8182 8184 8173
f 8167 8183 8179
f 8180 8179 8183
f 8180 8186 8187
f 8180 8183 8186
f 7978 7990 8170
f 8014 7991 7995
f 8188 7990 7991
f 7991 8014 8189
f 8189 8014 8016
f 8170 8181 8173
f 7990 8181 8170
f 7990 8188 8181
f 8189 8188 7991
f 8016 8190 8189
f 8181 8191 8182
f 8181 8188 8191
f 8188 8189 8192
f 8192 8189 8193
f 8193 8189 8190
f 8193 8190 8194
f 8191 8188 8192
f 8194 8190 8195
f 8191 8196 8182
f 8191 8197 8196
f 8197 8191 8192
f 8192 8198 8197
f 8192 8193 8198
f 8199 8194 8195
f 8196 8185 8182
f 8196 8197 8185
f 8193 8194 8200
f 7986 8177 8003
f 8201 8003 8177
f 8005 8202 8006
f 8003 8201 8005
f 8201 8202 8005
f 8201 8203 8202
f 8201 8177 8180
f 8201 8180 8187
f 8187 8203 8201
f 8204 8203 8205
f 8195 8206 8207
f 8195 8207 8199
f 8208 8187 8186
f 8187 8205 8203
f 8004 8006 8209
f 8209 8006 8202
f 8209 8008 8004
f 8209 8210 8008
f 8209 8202 8204
f 8204 8211 8209
f 8211 8210 8209
f 8204 8202 8203
f 8211 8212 8213
f 8205 8214 8204
f 8215 8204 8214
f 8215 8211 8204
f 8215 8212 8211
f 8216 8212 8215
f 8217 8213 8212
f 8212 8216 8217
f 8016 8014 8015
f 8022 8206 8021
f 8218 8022 8219
f 8016 8021 8220
f 8016 8220 8190
f 8220 8021 8206
f 8218 8206 8022
f 8221 8218 8219
f 8190 8220 8195
f 8195 8220 8206
f 8218 8221 8222
f 8207 8206 8218
f 8207 8218 8222
f 8030 8024 8008
f 8030 8008 8210
f 8057 8219 8022
f 8219 8057 8223
f 8224 8219 8223
f 8213 8210 8211
f 8224 8221 8219
f 8225 8226 8224
f 8224 8227 8221
f 8227 8224 8226
f 8228 8226 8225
f 8222 8221 8227
f 8226 8229 8227
f 8230 8229 8226
f 8230 8226 8228
f 8231 8222 8227
f 8232 8229 8230
f 8029 8030 8031
f 8031 8030 8233
f 8210 8233 8030
f 8233 8210 8213
f 8213 8217 8233
f 8234 8233 8217
f 8031 8233 8234
f 8031 8234 8235
f 8236 8230 8228
f 8236 8237 8238
f 8238 8232 8230
f 8236 8238 8230
f 8239 8238 8237
f 8239 8237 8240
f 8239 8240 8241
f 8037 8036 8034
f 8028 8031 8037
f 8036 8037 8242
f 8235 8037 8031
f 8235 8242 8037
f 8242 8243 8036
f 8244 8242 8235
f 8245 8246 8247
f 8241 8245 8247
f 8247 8246 8248
f 8040 8249 8041
f 8050 8041 8249
f 8047 8050 8250
f 8048 8251 8077
f 8036 8249 8040
f 8250 8252 8047
f 8252 8251 8048
f 8252 8048 8047
f 8251 8253 8076
f 8249 8036 8254
f 8254 8050 8249
f 8050 8252 8250
f 8255 8251 8252
f 8251 8255 8253
f 8036 8243 8256
f 8257 8254 8256
f 8254 8036 8256
f 8258 8254 8257
f 8254 8258 8050
f 8252 8258 8259
f 8050 8258 8252
f 8260 8253 8261
f 8253 8255 8261
f 8256 8262 8257
f 8259 8258 8257
f 8263 8252 8259
f 8260 8261 8246
f 8263 8255 8252
f 8244 8243 8242
f 8243 8262 8256
f 8262 8264 8257
f 8257 8264 8259
f 8248 8261 8265
f 8265 8255 8263
f 8261 8255 8265
f 8248 8246 8261
f 8223 8057 8054
f 8266 8223 8054
f 8266 8054 8055
f 8225 8224 8223
f 8225 8223 8266
f 8228 8225 8266
f 8267 8228 8266
f 8268 8269 8061
f 8268 8061 8065
f 8065 8064 8270
f 8267 8266 8055
f 8267 8055 8061
f 8061 8269 8267
f 8270 8268 8065
f 8228 8267 8271
f 8269 8271 8267
f 8268 8240 8269
f 8245 8240 8268
f 8245 8268 8270
f 8271 8236 8228
f 8236 8271 8237
f 8271 8269 8237
f 8269 8240 8237
f 8240 8245 8241
f 8064 8070 8270
f 8270 8070 8245
f 8070 8068 8069
f 8070 8069 8260
f 8246 8245 8070
f 8260 8246 8070
f 8078 8260 8069
f 8251 8076 8077
f 8260 8078 8253
f 8076 8253 8078
f 7667 8087 8089
f 8272 8089 8087
f 8082 8089 8273
f 8273 8086 8082
f 7896 8091 8105
f 8274 8273 8089
f 8273 8274 8093
f 8086 8273 8093
f 8274 8275 8093
f 8275 8276 8093
f 8275 8274 8277
f 8277 8274 8089
f 8089 8278 8277
f 8279 8277 8278
f 8279 8275 8277
f 8280 8275 8279
f 8275 8280 8276
f 8278 8089 8272
f 8279 8278 8272
f 8083 8093 8090
f 8091 8090 8276
f 8093 8276 8090
f 8100 8281 8099
f 8281 8282 8099
f 8100 8283 8281
f 8284 8282 8281
f 8099 8282 7907
f 8282 8285 7907
f 8104 7906 7702
f 8088 8105 8286
f 8104 8088 8286
f 7906 8104 8286
f 8105 8287 8286
f 8105 8091 8288
f 8288 8091 8276
f 8105 8288 8289
f 8280 8289 8288
f 8280 8288 8276
f 8287 8105 8289
f 8113 8114 8110
f 8113 8290 8114
f 8290 8113 8111
f 8136 8290 8111
f 8115 8114 8291
f 8290 8291 8114
f 8292 8290 8136
f 8293 8291 8290
f 8292 8293 8290
f 8096 8115 8101
f 8124 8123 8294
f 8122 8123 8124
f 8120 8124 8295
f 8124 8294 8295
f 8295 8294 8296
f 8101 8115 8283
f 8101 8283 8100
f 8283 8284 8281
f 8283 8297 8284
f 8115 8298 8283
f 8283 8298 8297
f 8291 8298 8115
f 8284 8299 8282
f 8284 8297 8299
f 8291 8300 8298
f 8297 8301 8299
f 8297 8298 8301
f 8291 8302 8300
f 8293 8302 8291
f 8293 8303 8302
f 8298 8300 8301
f 8302 8304 8300
f 8123 8125 8305
f 8123 8305 8294
f 8102 7906 8306
f 8125 8306 8305
f 8125 8102 8306
f 8305 8307 8294
f 8306 8307 8305
f 8306 7906 8308
f 8296 8294 8307
f 8308 8309 8306
f 8306 8309 8307
f 8307 8309 8310
f 8307 8311 8296
f 8308 8312 8309
f 8307 8310 8311
f 8282 8313 8285
f 8312 8310 8309
f 8314 8310 8312
f 8311 8310 8315
f 7906 8316 8308
f 8136 8112 8134
f 8134 8137 8317
f 8134 8318 8136
f 8317 8318 8134
f 8318 8292 8136
f 8293 8292 8303
f 8292 8318 8303
f 8318 8317 8319
f 8318 8320 8303
f 8146 8120 8295
f 8143 8146 8321
f 8146 8322 8321
f 8321 8147 8143
f 8321 8323 8147
f 8323 8148 8147
f 8323 8324 8148
f 8322 8295 8296
f 8146 8295 8322
f 8325 8321 8322
f 8323 8321 8325
f 8323 8325 8324
f 8322 8296 8326
f 8327 8322 8326
f 8325 8322 8327
f 8328 8325 8327
f 8318 8319 8320
f 8326 8296 8311
f 8329 8326 8330
f 8327 8326 8329
f 8328 8327 8329
f 8331 8328 8329
f 8326 8311 8332
f 8332 8333 8330
f 8326 8332 8330
f 8333 8329 8330
f 8132 8334 8137
f 8132 8154 8334
f 8154 8155 8335
f 8156 8158 8336
f 8335 8334 8154
f 8334 8317 8137
f 8156 8336 8337
f 8334 8319 8317
f 8334 8335 8319
f 8155 8338 8335
f 8155 8156 8337
f 8335 8339 8319
f 8338 8339 8335
f 8148 8324 8164
f 8164 8324 8168
f 8340 8166 8168
f 8337 8336 8341
f 8168 8324 8342
f 8343 8168 8342
f 8343 8340 8168
f 8337 8338 8155
f 8324 8325 8328
f 8342 8324 8328
f 8339 8338 8344
f 8338 8337 8345
f 8320 8319 8339
f 8338 8345 8344
f 8344 8346 8339
f 8345 8347 8344
f 8320 8339 8348
f 8339 8346 8348
f 8344 8347 8346
f 8349 8346 8347
f 8342 8328 8331
f 8343 8350 8340
f 8351 8340 8350
f 8352 8343 8342
f 8352 8350 8343
f 8352 8353 8350
f 8158 8175 8336
f 8184 8354 8175
f 8185 8354 8184
f 8355 8354 8185
f 8175 8341 8336
f 8175 8356 8341
f 8354 8356 8175
f 8337 8341 8345
f 8345 8341 8356
f 8357 8354 8355
f 8345 8356 8347
f 8356 8354 8357
f 8356 8357 8358
f 8357 8355 8359
f 8356 8360 8347
f 8358 8360 8356
f 8361 8358 8357
f 8361 8357 8359
f 8359 8362 8361
f 8347 8360 8349
f 8363 8358 8364
f 8358 8361 8364
f 8360 8358 8363
f 8363 8364 8365
f 8186 8183 8366
f 8183 8166 8366
f 8366 8166 8340
f 8366 8208 8186
f 8208 8367 8368
f 8340 8351 8366
f 8351 8208 8366
f 8351 8367 8208
f 8351 8369 8367
f 8364 8361 8370
f 8370 8371 8372
f 8361 8371 8370
f 8187 8208 8368
f 8368 8373 8214
f 8367 8374 8373
f 8368 8367 8373
f 8197 8355 8185
f 8193 8200 8375
f 8355 8197 8198
f 8198 8193 8375
f 8375 8200 8376
f 8355 8198 8377
f 8377 8198 8375
f 8377 8375 8376
f 8359 8355 8377
f 8362 8377 8376
f 8359 8377 8362
f 8207 8378 8199
f 8200 8194 8379
f 8194 8199 8379
f 8378 8379 8199
f 8378 8380 8381
f 8376 8200 8379
f 8376 8379 8382
f 8362 8376 8382
f 8362 8382 8371
f 8379 8383 8382
f 8378 8383 8379
f 8383 8378 8381
f 8382 8384 8371
f 8383 8384 8382
f 8385 8383 8381
f 8362 8371 8361
f 8371 8384 8386
f 8384 8383 8385
f 8384 8385 8386
f 8371 8386 8372
f 8387 8386 8385
f 8215 8388 8216
f 8187 8368 8205
f 8368 8214 8205
f 8214 8388 8215
f 8388 8214 8373
f 8385 8381 8387
f 8387 8381 8389
f 8390 8387 8389
f 8390 8391 8387
f 8391 8392 8393
f 8390 8392 8391
f 8394 8393 8392
f 8395 8217 8216
f 8396 8395 8397
f 8395 8216 8388
f 8373 8398 8388
f 8388 8399 8395
f 8397 8395 8399
f 8388 8398 8399
f 8396 8234 8395
f 8400 8397 8401
f 8378 8207 8380
f 8380 8222 8231
f 8222 8380 8207
f 8229 8231 8227
f 8389 8380 8231
f 8402 8231 8229
f 8381 8380 8389
f 8390 8389 8231
f 8402 8390 8231
f 8403 8402 8229
f 8392 8390 8402
f 8404 8392 8402
f 8404 8394 8392
f 8395 8234 8217
f 8241 8405 8239
f 8239 8406 8238
f 8407 8232 8238
f 8407 8238 8406
f 8406 8239 8405
f 8403 8229 8232
f 8407 8403 8232
f 8408 8407 8406
f 8405 8408 8406
f 8409 8408 8405
f 8402 8403 8404
f 8403 8407 8410
f 8408 8411 8407
f 8411 8410 8407
f 8410 8404 8403
f 8410 8411 8412
f 8400 8244 8235
f 8234 8396 8235
f 8396 8400 8235
f 8405 8241 8409
f 8409 8241 8247
f 8413 8247 8248
f 8401 8244 8400
f 8397 8400 8396
f 8409 8247 8413
f 8414 8415 8409
f 8413 8414 8409
f 8409 8415 8408
f 8416 8414 8413
f 8411 8408 8415
f 8416 8417 8414
f 8418 8419 8416
f 8414 8420 8415
f 8417 8419 8421
f 8422 8419 8418
f 8420 8411 8415
f 8414 8421 8420
f 8417 8421 8414
f 8416 8419 8417
f 8423 8243 8244
f 8262 8243 8423
f 8264 8262 8424
f 8425 8259 8424
f 8424 8259 8264
f 8259 8425 8263
f 8424 8262 8423
f 8426 8244 8401
f 8423 8244 8426
f 8265 8413 8248
f 8427 8428 8426
f 8427 8426 8401
f 8426 8428 8423
f 8428 8427 8424
f 8427 8425 8424
f 8428 8424 8423
f 8263 8416 8265
f 8265 8416 8413
f 8401 8429 8427
f 8427 8429 8425
f 8418 8416 8263
f 8418 8263 8425
f 8425 8422 8418
f 8430 8279 8431
f 8431 8279 8272
f 8279 8430 8280
f 8087 7907 8432
f 8272 8087 8431
f 8287 8433 8286
f 8434 8431 8435
f 8087 8432 8431
f 8431 8432 8435
f 8436 8289 8280
f 8289 8436 8287
f 8280 8430 8436
f 8436 8437 8287
f 8437 8433 8287
f 8430 8437 8436
f 8433 8437 8438
f 8434 8430 8431
f 8437 8430 8439
f 8438 8286 8433
f 8439 8430 8434
f 8299 8301 8440
f 8441 8440 8301
f 8300 8441 8301
f 8442 8440 8441
f 8300 8304 8441
f 8304 8443 8441
f 8440 8442 8444
f 8441 8443 8442
f 8442 8443 8445
f 8282 8299 8313
f 8310 8314 8315
f 8313 8299 8440
f 8446 8313 8440
f 8446 8440 8444
f 8442 8447 8444
f 8442 8445 8447
f 8446 8448 8313
f 8445 8449 8447
f 8450 8444 8447
f 8447 8449 8450
f 8451 8446 8444
f 8446 8451 8448
f 8444 8450 8451
f 8312 8308 8316
f 8316 8452 8312
f 8312 8452 8314
f 8313 8453 8285
f 8313 8448 8453
f 8314 8452 8454
f 8314 8454 8455
f 8452 8316 8454
f 7906 8286 8438
f 8438 8437 8439
f 8302 8456 8304
f 8302 8303 8456
f 8457 8303 8320
f 8348 8458 8320
f 8304 8456 8443
f 8456 8457 8459
f 8303 8457 8456
f 8458 8457 8320
f 8457 8458 8459
f 8456 8460 8443
f 8460 8456 8459
f 8458 8461 8459
f 8445 8460 8462
f 8443 8460 8445
f 8460 8459 8462
f 8348 8463 8461
f 8464 8459 8461
f 8463 8464 8461
f 8315 8332 8311
f 8315 8333 8332
f 8333 8465 8329
f 8329 8465 8466
f 8331 8329 8466
f 8333 8467 8465
f 8333 8315 8467
f 8445 8462 8449
f 8462 8459 8464
f 8468 8449 8462
f 8462 8464 8468
f 8449 8468 8450
f 8469 8468 8464
f 8470 8469 8464
f 8314 8455 8315
f 8466 8465 8471
f 8455 8472 8315
f 8472 8473 8467
f 8315 8472 8467
f 8465 8467 8471
f 8467 8473 8471
f 8473 8474 8471
f 8472 8475 8473
f 8475 8472 8455
f 8475 8476 8473
f 8349 8477 8346
f 8348 8461 8458
f 8349 8478 8477
f 8346 8479 8348
f 8479 8480 8463
f 8477 8480 8479
f 8346 8477 8479
f 8478 8481 8477
f 8479 8463 8348
f 8477 8481 8480
f 8342 8331 8482
f 8352 8342 8482
f 8353 8369 8350
f 8482 8353 8352
f 8482 8483 8353
f 8331 8466 8482
f 8482 8466 8483
f 8481 8478 8484
f 8464 8463 8485
f 8481 8484 8486
f 8463 8480 8485
f 8481 8486 8480
f 8480 8486 8485
f 8486 8484 8487
f 8485 8470 8464
f 8486 8488 8485
f 8488 8486 8487
f 8353 8489 8369
f 8483 8466 8471
f 8483 8471 8490
f 8491 8483 8490
f 8491 8353 8483
f 8489 8353 8491
f 8491 8492 8489
f 8490 8471 8474
f 8490 8493 8491
f 8493 8492 8491
f 8492 8493 8494
f 8493 8495 8494
f 8360 8363 8349
f 8349 8363 8496
f 8349 8496 8478
f 8351 8350 8369
f 8365 8364 8497
f 8497 8364 8370
f 8372 8497 8370
f 8497 8372 8498
f 8496 8365 8484
f 8363 8365 8496
f 8499 8365 8497
f 8372 8386 8500
f 8372 8500 8498
f 8496 8484 8478
f 8497 8498 8499
f 8484 8365 8499
f 8498 8500 8501
f 8501 8500 8502
f 8501 8499 8498
f 8484 8499 8487
f 8487 8503 8504
f 8487 8499 8501
f 8487 8501 8503
f 8367 8369 8505
f 8505 8374 8367
f 8505 8506 8374
f 8369 8489 8505
f 8489 8492 8505
f 8492 8506 8505
f 8492 8494 8506
f 8502 8507 8508
f 8503 8501 8502
f 8502 8509 8510
f 8509 8502 8508
f 8507 8511 8508
f 8511 8512 8513
f 8373 8374 8398
f 8399 8398 8514
f 8506 8515 8374
f 8374 8515 8398
f 8515 8516 8398
f 8516 8517 8398
f 8398 8517 8514
f 8506 8494 8515
f 8494 8518 8515
f 8515 8518 8516
f 8519 8514 8517
f 8519 8517 8520
f 8500 8386 8507
f 8387 8521 8386
f 8391 8521 8387
f 8521 8391 8393
f 8521 8393 8522
f 8393 8394 8522
f 8522 8394 8523
f 8502 8500 8507
f 8507 8386 8521
f 8521 8522 8524
f 8521 8524 8507
f 8511 8507 8524
f 8512 8511 8524
f 8404 8523 8394
f 8399 8514 8525
f 8522 8523 8526
f 8527 8526 8523
f 8528 8527 8523
f 8526 8524 8522
f 8529 8527 8528
f 8529 8528 8412
f 8524 8526 8530
f 8527 8531 8526
f 8527 8532 8531
f 8529 8532 8527
f 8533 8532 8529
f 8524 8530 8512
f 8530 8531 8534
f 8526 8531 8530
f 8530 8534 8535
f 8532 8534 8531
f 8530 8535 8512
f 8536 8397 8399
f 8401 8397 8537
f 8537 8429 8401
f 8536 8399 8525
f 8397 8536 8537
f 8429 8538 8425
f 8538 8539 8425
f 8540 8536 8525
f 8537 8536 8540
f 8429 8537 8540
f 8541 8542 8543
f 8519 8525 8514
f 8540 8525 8519
f 8540 8519 8544
f 8429 8540 8544
f 8545 8429 8544
f 8545 8538 8429
f 8538 8546 8539
f 8543 8533 8529
f 8542 8546 8543
f 8546 8542 8539
f 8545 8546 8538
f 8533 8543 8546
f 8520 8544 8519
f 8520 8545 8544
f 8533 8547 8532
f 8546 8547 8533
f 8520 8548 8545
f 8548 8546 8545
f 8528 8523 8404
f 8528 8404 8410
f 8528 8410 8412
f 8539 8422 8425
f 8549 8422 8539
f 8420 8550 8411
f 8420 8421 8551
f 8549 8551 8421
f 8422 8549 8421
f 8419 8422 8421
f 8550 8412 8411
f 8552 8551 8549
f 8552 8549 8539
f 8420 8551 8550
f 8542 8552 8539
f 8529 8412 8550
f 8541 8529 8550
f 8551 8541 8550
f 8542 8541 8551
f 8552 8542 8551
f 8541 8543 8529
f 7907 8553 8432
f 8432 8554 8435
f 8434 8435 8554
f 8555 8434 8554
f 8555 8554 8432
f 8432 8556 8555
f 8451 8450 8557
f 8453 8448 8558
f 8448 8451 8559
f 8559 8451 8557
f 8558 8448 8559
f 8557 8560 8559
f 8557 8561 8562
f 8563 8558 8559
f 8559 8560 8563
f 8557 8562 8560
f 8563 8560 8564
f 8563 8564 8565
f 8285 8553 7907
f 8453 8553 8285
f 7906 8438 8316
f 8455 8454 8566
f 8553 8567 8432
f 8432 8567 8556
f 8453 8568 8553
f 8569 8568 8453
f 8558 8569 8453
f 8570 8566 8454
f 8571 8553 8568
f 8567 8553 8571
f 8572 8567 8571
f 8556 8567 8572
f 8571 8568 8573
f 8574 8571 8573
f 8572 8571 8574
f 8556 8572 8574
f 8569 8575 8573
f 8568 8569 8573
f 8576 8569 8558
f 8576 8558 8563
f 8574 8573 8575
f 8569 8576 8577
f 8575 8569 8577
f 8575 8577 8578
f 8575 8578 8574
f 8579 8574 8578
f 8574 8579 8580
f 8581 8576 8563
f 8576 8581 8577
f 8577 8581 8582
f 8577 8582 8578
f 8581 8563 8565
f 8581 8565 8583
f 8582 8581 8583
f 8584 8439 8434
f 8438 8439 8584
f 8316 8438 8585
f 8584 8434 8555
f 8585 8438 8584
f 8454 8316 8585
f 8556 8586 8555
f 8586 8584 8555
f 8584 8587 8585
f 8585 8588 8454
f 8454 8588 8570
f 8580 8556 8574
f 8586 8556 8580
f 8589 8587 8584
f 8589 8584 8586
f 8587 8588 8585
f 8587 8589 8588
f 8589 8590 8588
f 8570 8588 8591
f 8591 8588 8590
f 8580 8592 8586
f 8579 8592 8580
f 8589 8586 8592
f 8579 8589 8592
f 8589 8579 8590
f 8591 8590 8570
f 8579 8593 8590
f 8450 8468 8561
f 8468 8594 8561
f 8468 8469 8594
f 8594 8469 8595
f 8561 8557 8450
f 8596 8595 8469
f 8474 8473 8476
f 8561 8594 8597
f 8595 8596 8598
f 8597 8562 8561
f 8597 8594 8595
f 8562 8564 8560
f 8562 8597 8599
f 8562 8599 8564
f 8600 8597 8595
f 8598 8600 8595
f 8600 8598 8601
f 8597 8602 8599
f 8597 8600 8602
f 8602 8600 8603
f 8600 8601 8603
f 8564 8599 8604
f 8602 8604 8599
f 8605 8604 8602
f 8603 8605 8602
f 8606 8605 8603
f 8455 8566 8475
f 8475 8607 8476
f 8475 8608 8607
f 8609 8476 8607
f 8610 8609 8607
f 8607 8608 8610
f 8583 8565 8611
f 8565 8564 8611
f 8590 8566 8570
f 8475 8566 8608
f 8566 8590 8593
f 8612 8613 8608
f 8612 8608 8566
f 8613 8614 8608
f 8470 8485 8488
f 8487 8504 8488
f 8469 8470 8596
f 8596 8470 8615
f 8470 8488 8615
f 8598 8596 8615
f 8474 8616 8490
f 8490 8616 8493
f 8616 8495 8493
f 8615 8488 8617
f 8488 8504 8617
f 8618 8617 8619
f 8615 8617 8618
f 8504 8620 8617
f 8615 8618 8598
f 8617 8620 8619
f 8620 8621 8619
f 8598 8618 8601
f 8621 8622 8619
f 8622 8621 8623
f 8623 8621 8624
f 8618 8619 8601
f 8601 8619 8625
f 8622 8625 8619
f 8625 8622 8626
f 8623 8626 8622
f 8601 8606 8603
f 8601 8625 8606
f 8495 8518 8494
f 8474 8627 8616
f 8628 8495 8616
f 8495 8628 8518
f 8628 8629 8518
f 8474 8476 8627
f 8616 8627 8628
f 8627 8609 8628
f 8609 8629 8628
f 8629 8630 8518
f 8627 8476 8609
f 8609 8631 8629
f 8629 8632 8630
f 8609 8610 8631
f 8629 8631 8632
f 8608 8631 8610
f 8626 8623 8633
f 8624 8634 8623
f 8623 8634 8633
f 8625 8626 8635
f 8635 8626 8636
f 8626 8633 8636
f 8637 8638 8613
f 8636 8639 8640
f 8640 8639 8641
f 8642 8637 8641
f 8642 8638 8637
f 8636 8633 8639
f 8641 8639 8643
f 8641 8643 8642
f 8644 8632 8631
f 8644 8645 8632
f 8632 8645 8630
f 8646 8630 8645
f 8631 8608 8614
f 8614 8644 8631
f 8614 8613 8644
f 8613 8645 8644
f 8613 8638 8645
f 8503 8502 8510
f 8508 8511 8513
f 8508 8513 8647
f 8503 8510 8504
f 8508 8647 8509
f 8504 8510 8620
f 8620 8510 8648
f 8510 8509 8648
f 8648 8509 8647
f 8620 8648 8621
f 8648 8649 8624
f 8649 8648 8647
f 8621 8648 8624
f 8518 8650 8516
f 8518 8630 8650
f 8650 8517 8516
f 8513 8535 8651
f 8652 8653 8654
f 8655 8651 8656
f 8655 8647 8513
f 8651 8652 8657
f 8651 8655 8513
f 8651 8535 8653
f 8651 8653 8652
f 8652 8654 8658
f 8624 8649 8659
f 8659 8655 8660
f 8649 8655 8659
f 8649 8647 8655
f 8655 8656 8660
f 8656 8651 8657
f 8656 8657 8661
f 8658 8662 8652
f 8624 8659 8634
f 8663 8660 8661
f 8664 8665 8666
f 8664 8662 8665
f 8661 8660 8656
f 8661 8657 8664
f 8652 8664 8657
f 8664 8652 8662
f 8634 8659 8660
f 8634 8660 8633
f 8633 8660 8663
f 8666 8665 8638
f 8643 8663 8661
f 8643 8661 8666
f 8664 8666 8661
f 8633 8663 8639
f 8643 8639 8663
f 8666 8642 8643
f 8642 8666 8638
f 8548 8667 8668
f 8667 8548 8520
f 8517 8667 8520
f 8650 8646 8517
f 8667 8654 8668
f 8630 8646 8650
f 8646 8669 8517
f 8669 8667 8517
f 8654 8667 8658
f 8662 8669 8665
f 8662 8667 8669
f 8662 8658 8667
f 8645 8638 8646
f 8638 8665 8669
f 8646 8638 8669
f 8535 8513 8512
f 8653 8535 8534
f 8654 8653 8534
f 8532 8654 8534
f 8668 8547 8546
f 8668 8546 8548
f 8547 8668 8654
f 8547 8654 8532
f 8578 8582 8670
f 8579 8578 8670
f 8593 8579 8670
f 8593 8670 8671
f 8604 8605 8672
f 8582 8583 8673
f 8673 8670 8582
f 8566 8593 8671
f 8674 8673 8583
f 8604 8611 8564
f 8583 8611 8674
f 8675 8566 8671
f 8604 8672 8611
f 8676 8612 8675
f 8672 8605 8677
f 8605 8606 8677
f 8678 8670 8673
f 8671 8670 8678
f 8678 8673 8679
f 8678 8679 8671
f 8672 8674 8611
f 8673 8674 8679
f 8671 8679 8675
f 8674 8672 8679
f 8679 8680 8675
f 8675 8680 8676
f 8672 8681 8679
f 8677 8681 8672
f 8679 8681 8680
f 8682 8681 8677
f 8683 8682 8677
f 8681 8682 8680
f 8566 8675 8612
f 8612 8676 8613
f 8677 8606 8683
f 8683 8684 8682
f 8685 8676 8680
f 8676 8685 8613
f 8625 8635 8606
f 8606 8635 8683
f 8686 8685 8680
f 8635 8684 8683
f 8684 8640 8687
f 8684 8635 8636
f 8686 8637 8685
f 8613 8685 8637
f 8684 8636 8640
f 8686 8640 8641
f 8686 8641 8637
f 8680 8682 8687
f 8682 8684 8687
f 8680 8687 8686
f 8687 8640 8686
