# LV Posterior Papillary (FMA7266)
# BodyParts3D, (c) The Database Center for Life Science licensed under CC Attribution-Share Alike 2.1 Japan
# Licence: https://creativecommons.org/licenses/by-sa/2.1/jp/
# Modified from the original: see README.md in this repository.
# Units: millimetres. +X = patient left, +Y = posterior, +Z = superior.
# Origin: centroid of the heart wall.
o LV_Posterior_Papillary
v 31.4809 14.6248 -14.9546
v 31.3912 13.7178 -14.6846
v 30.8708 14.6248 -14.0546
v 31.7084 13.4118 -14.9945
v 31.6688 13.1028 -14.7046
v 31.9583 14.0158 -15.4446
v 31.9051 12.9998 -15.0145
v 32.2267 13.4048 -15.5846
v 31.9897 14.6148 -15.4546
v 30.6995 14.3128 -13.4646
v 30.9443 13.6998 -13.4846
v 30.5907 14.2978 -12.8645
v 30.8823 13.6818 -12.8845
v 30.9878 13.6338 -11.6946
v 30.6353 14.2528 -11.6646
v 30.5032 14.9108 -13.0946
v 30.3870 14.8878 -12.2445
v 31.0825 13.3818 -13.1946
v 31.3090 13.0908 -12.3046
v 30.9845 14.0188 -14.0746
v 31.8224 12.4528 -13.5346
v 31.3656 13.4088 -14.3945
v 31.1726 13.3978 -13.7946
v 31.7368 12.7888 -14.4246
v 31.8754 12.4338 -12.3346
v 31.9692 12.4758 -14.4346
v 30.7700 14.2248 -11.0646
v 31.3201 13.3028 -11.2946
v 31.3898 14.1398 -9.5746
v 30.6136 14.8228 -10.7445
v 31.4860 13.5558 -10.1946
v 31.8942 12.7928 -10.8146
v 32.1661 13.1878 -9.3046
v 33.5864 10.6878 -12.3845
v 33.2953 10.8658 -13.2846
v 32.7661 12.2328 -9.9346
v 31.0344 15.0598 -9.5346
v 31.7643 14.3898 -8.6646
v 32.0934 13.7718 -8.6846
v 31.9885 14.3668 -8.3645
v 32.5595 14.0218 -7.9346
v 31.7209 15.2178 -15.0846
v 31.1204 15.2248 -14.3845
v 31.5268 15.8128 -14.6145
v 32.6052 14.8948 -15.7746
v 32.0519 15.8008 -15.0646
v 32.0826 16.3878 -14.7046
v 32.9991 15.7668 -15.5145
v 32.0979 16.6788 -14.4746
v 32.4027 16.7628 -14.5846
v 30.3845 15.1988 -12.5346
v 30.4709 15.5048 -12.8246
v 30.3914 15.7778 -11.9146
v 30.5106 16.0818 -12.2046
v 30.6521 16.0958 -12.8046
v 30.7471 15.2208 -13.7346
v 30.7545 15.8108 -13.4146
v 31.0293 16.3968 -13.3945
v 30.9644 16.6798 -12.7846
v 31.0740 15.8148 -14.0145
v 31.6208 16.3978 -14.2946
v 31.3036 16.9728 -13.0746
v 31.0117 16.9568 -12.1746
v 31.6390 16.9758 -13.6746
v 32.4194 17.0808 -14.2645
v 30.4140 14.8648 -11.6445
v 30.3459 15.1798 -11.9346
v 30.3793 15.4568 -11.3246
v 30.5015 15.7298 -10.7146
v 30.4621 16.0528 -11.3046
v 30.5453 16.0278 -10.7046
v 30.8198 15.9818 -9.8046
v 30.8353 15.3808 -9.8246
v 30.9033 16.5888 -10.0846
v 30.7281 16.6498 -11.5846
v 30.7411 16.6288 -10.9846
v 31.1703 17.2068 -10.9646
v 31.1275 15.3598 -9.2246
v 31.1043 15.9458 -9.2046
v 31.2808 16.5368 -9.1846
v 31.4254 15.3118 -8.7545
v 31.7556 15.8808 -8.3046
v 31.6963 16.4948 -8.5846
v 31.5072 16.8708 -9.1746
v 31.8731 14.6738 -8.3546
v 31.7406 15.2808 -8.3246
v 32.0705 16.1568 -8.0746
v 32.3224 15.2308 -7.7645
v 32.4017 16.7428 -8.1546
v 32.1417 14.6488 -8.0546
v 32.6531 15.8088 -7.5946
v 32.6849 16.4148 -7.7846
v 31.3577 17.2488 -12.4646
v 31.8378 17.4488 -13.0546
v 31.8475 17.6338 -12.4446
v 31.1761 17.2268 -11.5646
v 31.8542 17.7618 -11.5446
v 32.4600 17.8558 -12.7445
v 32.4420 17.5128 -13.6546
v 32.4679 18.0068 -11.8346
v 32.7604 17.8558 -13.0446
v 31.3325 17.1668 -10.0646
v 31.8488 17.6588 -10.3446
v 31.8539 17.7548 -10.9446
v 31.8366 17.4258 -9.6445
v 32.1525 17.7198 -9.9346
v 32.1580 17.8258 -10.3446
v 32.4682 18.0128 -10.9346
v 32.4612 17.8788 -10.0346
v 32.4518 17.6988 -9.4446
v 32.1258 17.2118 -8.8645
v 33.0388 17.4348 -8.5546
v 33.7169 5.4308 -21.8745
v 33.8857 4.9338 -21.2946
v 33.4084 5.4258 -21.2746
v 33.8851 4.9238 -20.9945
v 36.3862 3.1888 -21.9546
v 34.1868 4.9478 -20.3945
v 33.0467 7.8678 -21.7946
v 33.4383 7.8608 -22.1946
v 33.2641 7.2658 -22.1145
v 34.0069 7.2468 -22.6646
v 33.7265 6.6518 -22.4346
v 34.2753 6.6358 -22.8046
v 35.9800 4.7698 -23.5646
v 35.6091 4.4728 -23.1046
v 32.7576 6.3388 -20.9446
v 32.7571 6.3278 -20.6445
v 32.6306 6.6468 -20.6345
v 32.6452 6.6568 -20.9346
v 32.8220 6.3578 -21.2445
v 32.6474 6.9668 -21.2246
v 32.8476 6.6668 -21.5346
v 32.5642 7.2608 -20.9146
v 32.6100 7.2378 -20.3146
v 32.7342 6.9208 -20.0246
v 32.7619 7.2718 -21.5145
v 32.7562 7.5198 -20.0045
v 32.9070 7.2008 -19.7146
v 32.6491 7.5358 -20.3046
v 33.0662 7.7928 -19.6946
v 33.1651 5.7388 -21.2645
v 33.3163 5.5338 -20.6746
v 32.9175 6.0308 -20.6546
v 33.3216 5.6358 -20.3745
v 32.9872 6.0168 -20.3546
v 32.9536 6.3608 -21.5446
v 32.9415 6.3088 -20.0446
v 33.0588 6.6658 -21.8346
v 32.8121 6.6158 -20.0346
v 33.0712 6.5908 -19.6846
v 33.1475 5.9978 -20.0546
v 33.6172 5.5438 -20.0746
v 33.6389 5.9578 -19.6245
v 33.3550 6.2718 -19.5946
v 33.5843 5.3848 -20.3745
v 34.1978 5.1568 -20.0846
v 33.9230 5.6458 -19.7346
v 34.5065 5.3148 -19.7545
v 33.3701 6.5608 -19.4346
v 33.3859 6.8618 -19.3346
v 33.4173 7.4608 -19.3146
v 33.6542 6.2498 -19.4146
v 33.6697 6.5448 -19.2846
v 33.9846 6.8228 -19.0946
v 34.0160 7.4208 -19.0646
v 34.0407 5.9308 -19.4546
v 33.9536 6.2298 -19.3046
v 34.5371 5.8998 -19.3346
v 34.5837 6.7878 -19.0145
v 34.6117 7.2268 -23.0145
v 34.0382 7.8438 -22.6046
v 33.7692 8.4438 -22.1546
v 34.6379 7.8228 -22.9046
v 34.3690 8.4238 -22.4746
v 34.0908 8.7238 -22.0646
v 34.3894 8.8138 -22.0546
v 32.8589 7.8668 -21.4945
v 32.6752 7.8558 -20.8945
v 33.3572 8.4518 -21.7746
v 32.8600 8.1568 -21.1846
v 32.8583 8.1258 -20.2846
v 33.0301 8.4478 -21.1746
v 33.1694 8.4638 -21.4746
v 32.9687 8.4408 -20.8745
v 33.0406 8.4158 -20.2746
v 33.2123 8.3968 -19.9746
v 33.1786 8.6388 -20.8645
v 33.1775 8.6188 -20.5646
v 33.2336 8.0848 -19.6846
v 33.4630 8.3328 -19.6746
v 33.4859 8.7698 -21.4646
v 33.4905 8.8578 -21.1546
v 33.4914 8.8758 -20.8546
v 33.4770 8.6008 -19.9646
v 33.4896 8.8418 -20.5546
v 33.7052 8.7338 -21.7645
v 33.7644 8.3518 -19.5145
v 33.7953 8.9418 -21.4546
v 33.7987 9.0058 -21.1546
v 33.7979 8.9908 -20.6445
v 33.7921 8.8808 -20.2545
v 34.0771 8.5868 -19.6646
v 34.0882 8.7988 -19.9546
v 34.0949 8.9268 -21.7545
v 34.3796 8.6258 -19.6846
v 34.3989 8.9948 -21.6746
v 34.3963 8.9438 -20.2146
v 34.4042 9.0958 -21.1445
v 34.4019 9.0518 -20.5446
v 33.4032 7.7648 -19.3945
v 33.7324 7.7418 -19.2146
v 33.7483 8.0448 -19.3046
v 34.0477 8.0258 -19.2046
v 34.0614 8.2868 -19.3745
v 34.3472 8.0078 -19.1646
v 35.6637 8.7218 -15.7545
v 32.9203 11.5468 -15.0646
v 33.0588 11.8608 -15.6546
v 35.7558 9.9698 -17.2146
v 33.0352 11.2198 -14.4746
v 35.4604 8.7008 -14.8546
v 32.2137 12.4848 -15.0346
v 32.2299 12.7938 -15.3146
v 33.0951 12.7778 -16.1445
v 32.9706 13.6878 -16.1846
v 32.5740 14.2998 -15.9046
v 37.1362 9.6358 -18.3046
v 33.1738 14.2798 -16.2246
v 34.0810 13.6498 -16.7846
v 37.1993 10.8398 -18.4446
v 34.5304 14.2268 -16.7645
v 37.8301 11.4118 -18.5546
v 35.2234 14.4908 -16.7545
v 34.7037 14.8098 -16.5045
v 34.7478 9.9198 -11.5145
v 32.8009 12.8968 -8.7146
v 32.8833 13.4088 -8.0946
v 33.4041 12.9418 -8.1046
v 33.9430 11.7598 -9.0446
v 33.1579 13.9768 -7.5446
v 33.3675 13.3728 -7.7946
v 34.2814 12.4838 -8.1245
v 34.0081 13.0018 -7.8046
v 34.0254 13.3318 -7.5946
v 33.7723 14.2358 -7.2746
v 34.6091 13.0048 -7.7246
v 34.6400 13.5948 -7.4246
v 34.3714 14.2028 -7.2346
v 32.6977 16.6598 -14.8046
v 33.5201 15.1558 -16.0246
v 32.7130 16.9508 -14.5546
v 33.3125 16.9258 -14.7445
v 34.1742 16.1718 -15.4945
v 34.2101 16.8558 -14.8745
v 34.4933 16.5288 -15.1846
v 34.8054 16.7508 -14.8745
v 35.3336 15.3648 -16.1245
v 35.0879 16.4088 -15.1846
v 32.5904 14.6118 -7.6546
v 32.9209 15.1868 -7.4046
v 33.2046 14.8678 -7.3146
v 33.2361 15.4678 -7.3146
v 33.2677 16.0718 -7.4546
v 33.0003 16.7008 -7.8346
v 33.5973 16.6278 -7.6746
v 33.8695 16.0898 -7.3945
v 34.1960 16.5868 -7.6746
v 34.4660 16.0078 -7.4146
v 34.4343 15.4018 -7.2346
v 34.7498 15.6898 -7.3546
v 35.0655 15.9808 -7.5546
v 34.7978 16.6058 -7.8246
v 34.1031 14.8158 -7.1646
v 33.8351 15.4328 -7.2146
v 34.7024 14.7858 -7.2046
v 35.0178 15.0728 -7.2946
v 34.5312 17.2508 -14.2545
v 33.0522 17.6928 -13.6445
v 32.7679 17.9988 -12.4346
v 33.6368 17.3828 -14.2545
v 33.3606 17.8438 -13.3446
v 33.3686 17.9958 -12.7346
v 33.3760 18.1368 -11.5246
v 33.6546 17.7218 -13.6445
v 33.9588 17.7938 -13.3446
v 33.9689 17.9868 -12.4346
v 34.2501 17.6198 -13.6445
v 35.1325 17.2598 -13.6546
v 34.8484 17.5728 -13.0446
v 35.1196 17.0138 -14.2645
v 34.5651 17.8968 -11.8346
v 33.0740 18.1068 -10.6245
v 33.0662 17.9588 -9.7346
v 33.9742 18.0878 -10.6245
v 33.6721 18.0548 -10.0346
v 33.9739 18.0818 -11.5246
v 34.5646 17.8898 -9.7346
v 34.5688 17.9688 -10.9346
v 35.1587 17.7598 -10.9346
v 35.1592 17.7708 -10.0346
v 33.0267 17.2048 -8.2645
v 33.0556 17.7558 -9.1445
v 33.6316 17.2828 -8.2346
v 33.6438 17.5158 -8.5446
v 33.6589 17.8038 -9.1345
v 34.2576 17.7628 -9.1345
v 34.2162 16.9728 -7.9646
v 34.2308 17.2518 -8.2645
v 34.8228 17.0828 -8.2645
v 34.5480 17.5728 -8.8446
v 34.8573 17.7418 -9.4346
v 35.1391 17.3868 -8.8546
v 36.2104 3.4338 -22.8446
v 36.2626 3.8488 -23.4246
v 36.7975 3.1728 -21.3546
v 34.7840 4.8778 -20.0946
v 38.2793 2.7868 -21.0646
v 35.1054 5.2798 -19.6445
v 38.3085 3.3438 -20.6546
v 36.5879 4.9058 -19.7545
v 36.0431 5.9758 -23.7545
v 41.1054 3.6888 -26.1245
v 35.2528 8.0918 -22.9046
v 37.3040 7.1048 -23.5546
v 34.6150 7.3868 -18.9945
v 35.1517 6.1628 -19.1746
v 35.1829 6.7578 -19.0446
v 35.2143 7.3568 -19.0346
v 36.3503 6.1048 -19.3146
v 35.4983 7.0428 -19.0746
v 36.0978 7.0178 -19.2445
v 36.1137 7.3208 -19.3645
v 36.6658 6.3918 -19.3845
v 36.6975 6.9978 -19.5746
v 36.4136 7.3128 -19.5646
v 38.4428 4.8198 -20.0846
v 36.8911 7.3028 -20.0045
v 34.9791 8.6008 -22.3645
v 35.5631 8.2808 -22.6746
v 35.5726 8.4618 -22.3645
v 36.4501 8.0088 -22.6846
v 36.7521 8.0378 -22.0846
v 34.7009 9.0258 -21.4546
v 34.6946 8.9038 -20.2545
v 34.7018 9.0418 -20.8446
v 34.6621 8.2848 -19.3745
v 34.9727 8.4788 -19.6646
v 35.2915 8.8298 -21.4546
v 35.2909 8.8188 -20.8546
v 35.2834 8.6758 -20.2645
v 36.4617 8.2298 -21.4746
v 36.4571 8.1428 -20.8745
v 35.8460 7.9468 -19.6646
v 36.4448 7.9068 -20.2846
v 37.8985 6.9838 -20.9846
v 34.9464 7.9778 -19.1946
v 34.9305 7.6728 -19.0546
v 35.2301 7.6588 -19.1046
v 35.2462 7.9648 -19.2846
v 36.7560 8.1128 -17.2746
v 36.8150 7.4918 -16.6946
v 37.0196 7.4118 -13.6946
v 39.2186 4.6328 -15.8945
v 37.6208 7.4188 -12.7946
v 35.1164 11.2208 -9.0446
v 35.7154 11.1868 -8.9646
v 37.9672 8.2958 -11.2645
v 38.3355 9.5908 -10.2346
v 35.7769 12.3588 -8.1846
v 38.0051 9.0198 -10.5846
v 35.8387 13.5398 -7.6646
v 38.3819 10.4768 -9.8446
v 35.8699 14.1348 -7.5446
v 37.0380 13.4948 -8.1846
v 35.2704 14.1598 -7.3645
v 35.3942 16.5218 -14.8945
v 38.2371 13.4448 -17.1345
v 38.4756 12.2638 -18.0946
v 38.5608 13.8908 -16.4746
v 39.1599 13.8568 -15.8745
v 35.3493 15.6648 -7.5246
v 35.6174 15.0478 -7.4746
v 36.2329 15.3278 -7.8046
v 35.9649 15.9478 -7.9346
v 35.7000 16.6238 -8.2746
v 36.5654 15.9408 -8.2946
v 36.2012 14.7228 -7.6646
v 35.3018 14.7588 -7.3446
v 36.7959 15.0058 -8.0246
v 36.7852 14.4018 -7.9446
v 37.1486 15.6058 -8.5246
v 37.1696 16.0048 -8.8945
v 36.3066 16.7348 -8.8745
v 37.6693 14.0758 -8.5446
v 37.1814 16.2298 -9.2346
v 36.3224 17.0368 -9.4646
v 35.7183 16.9748 -13.3645
v 35.4421 17.4348 -12.1445
v 35.7469 17.5198 -10.3446
v 35.4526 17.5298 -9.4446
v 36.0375 17.3328 -10.6546
v 35.7444 17.4708 -9.7445
v 36.6173 16.9318 -10.6646
v 36.0379 17.3398 -10.0546
v 36.6179 16.9438 -10.0646
v 38.9079 14.7808 -12.2346
v 37.4621 16.2548 -10.3845
v 35.7337 17.2678 -9.1546
v 38.4509 1.9848 -24.9945
v 40.8344 -0.8102 -25.9846
v 40.2114 -0.4712 -24.4746
v 40.5175 -0.3642 -23.5646
v 37.9677 2.5728 -21.3645
v 41.7745 0.6918 -27.3645
v 39.1537 2.2738 -25.7246
v 38.0706 4.5368 -20.0346
v 38.9700 4.5018 -20.3645
v 40.2027 5.0948 -24.8745
v 41.6637 4.3108 -25.2046
v 38.2022 7.0478 -22.1145
v 38.4830 6.6738 -21.5246
v 42.8249 3.5388 -24.4046
v 37.9084 7.1728 -21.5045
v 38.9140 5.7168 -20.6546
v 38.1334 5.7348 -20.0145
v 38.9422 5.1048 -20.3745
v 37.7961 7.4928 -18.1946
v 38.0527 6.5688 -17.9246
v 38.1471 5.9968 -17.3446
v 38.7667 5.9518 -18.5446
v 39.5630 4.3528 -15.6046
v 40.4870 4.7858 -13.7846
v 37.9729 8.4038 -18.7146
v 38.3749 8.6948 -19.0546
v 41.1467 5.9108 -20.9546
v 39.5195 9.2538 -19.5446
v 39.4571 8.0628 -11.2046
v 40.3717 8.3188 -11.2746
v 38.9822 10.4668 -19.0646
v 38.4286 11.3668 -9.5746
v 41.4139 11.0078 -18.3645
v 39.3322 14.0558 -10.4546
v 38.2427 14.6708 -9.2346
v 39.7193 13.0658 -10.4945
v 39.0753 12.2428 -9.8146
v 39.6911 12.5298 -10.3346
v 37.9852 14.3708 -8.8546
v 40.0492 13.6298 -14.0746
v 37.4737 16.0758 -9.4945
v 38.0901 15.6118 -10.1046
v 39.1987 14.5988 -11.3446
v 40.4648 12.8268 -11.4046
v 39.3678 14.3748 -11.0446
v 40.3330 13.3128 -12.2846
v 37.4167 14.9878 -8.4746
v 37.5215 15.5988 -8.9046
v 37.4655 15.9198 -9.1946
v 37.8693 14.9808 -8.9246
v 37.9064 15.5998 -9.5045
v 41.0685 -1.3152 -25.4046
v 43.3555 -3.5332 -26.9746
v 42.7008 -2.3672 -27.2346
v 41.6591 -1.5092 -24.4346
v 41.7585 -1.2322 -23.8945
v 39.7091 1.4068 -22.0045
v 42.0501 0.2188 -22.8446
v 40.4551 3.4228 -26.1345
v 41.6449 3.9528 -25.8745
v 41.8992 3.0708 -26.8346
v 42.1371 1.8788 -27.4945
v 42.2292 3.6368 -26.3246
v 41.8297 2.0138 -22.2846
v 42.1759 2.6188 -22.5646
v 39.5699 4.4828 -20.7445
v 40.8721 2.2388 -18.6746
v 40.4836 2.5278 -17.7645
v 41.3034 3.1678 -20.1046
v 42.6745 0.6678 -20.5246
v 40.9484 2.1718 -16.8745
v 41.9931 1.4948 -16.2946
v 41.3550 4.1528 -13.9646
v 41.3898 4.8168 -13.4746
v 42.2511 4.0538 -24.9146
v 40.5150 5.3198 -20.3046
v 41.7637 3.4868 -21.3346
v 41.4115 5.0068 -21.2746
v 42.4560 7.9628 -21.4346
v 42.2385 6.4748 -21.5246
v 40.1046 9.8258 -19.6145
v 42.7080 7.0408 -12.6345
v 40.1964 10.7048 -19.0946
v 40.8013 10.7848 -18.9746
v 41.7132 11.7388 -16.5346
v 42.6018 10.7468 -17.7746
v 41.4123 10.9788 -11.5446
v 43.9751 8.2888 -13.3546
v 42.0217 11.2758 -12.3546
v 41.7732 12.1318 -13.8246
v 43.2028 10.7488 -15.3745
v 43.3843 -2.9842 -27.8046
v 43.3682 -3.2922 -27.5946
v 43.5310 -2.3792 -28.1345
v 42.3272 -0.2262 -27.7445
v 42.6671 0.5278 -28.3346
v 43.0901 -0.2232 -28.9646
v 42.4301 0.0798 -28.0546
v 43.2250 -1.1422 -28.6946
v 43.5285 -0.2312 -29.3845
v 43.2085 -0.8302 -28.9846
v 44.3863 -4.3102 -25.7946
v 43.2645 -3.0712 -25.1546
v 42.2728 -1.2642 -23.7545
v 42.8873 -1.0032 -23.5446
v 43.7398 -1.9332 -24.0246
v 43.2022 -0.7272 -23.3346
v 42.9173 -0.4302 -23.2645
v 43.2150 -0.4822 -22.9646
v 43.0275 -0.1292 -22.9546
v 43.7548 -1.6472 -23.6245
v 43.2190 -0.1812 -21.7545
v 42.1975 0.3888 -19.3346
v 43.4612 -1.5162 -20.0045
v 43.5779 0.7108 -28.9246
v 43.0678 2.4418 -27.7746
v 43.9834 2.7148 -27.9546
v 42.1278 1.7028 -22.4246
v 42.3808 0.7978 -22.7146
v 42.2440 1.9918 -22.2846
v 42.7048 0.1878 -22.9446
v 42.2950 1.6888 -22.2946
v 42.4179 1.5048 -22.2946
v 42.9321 0.1648 -22.6445
v 42.3494 1.6758 -21.9945
v 42.2668 1.9808 -21.9846
v 41.9573 2.2548 -20.7746
v 43.8970 -1.1282 -21.4846
v 43.6266 -1.8092 -18.8046
v 44.1515 -1.8892 -17.3146
v 44.3879 -1.0312 -16.3945
v 43.6126 1.3718 -15.1946
v 42.6011 3.8798 -25.2146
v 42.2427 3.8938 -25.8146
v 44.3227 3.4578 -26.4246
v 43.7125 3.2788 -24.9346
v 46.9930 2.8208 -28.8446
v 42.3108 2.9098 -22.8546
v 42.2847 2.5908 -22.2645
v 43.0921 2.9048 -23.8745
v 42.0000 4.9948 -21.8146
v 43.3741 2.5538 -23.4646
v 42.5508 3.4878 -22.5246
v 42.7657 2.8868 -22.8546
v 42.5022 2.8898 -22.5546
v 42.0691 3.4918 -21.9246
v 43.4008 3.0628 -24.3446
v 43.7348 2.5668 -23.7645
v 43.6758 2.5788 -24.0246
v 43.1996 4.9568 -22.5346
v 44.9217 3.4238 -24.2545
v 42.5685 4.3798 -13.6746
v 43.3965 2.9808 -14.1445
v 45.7239 1.5328 -14.3745
v 44.0978 4.8988 -13.6245
v 43.8936 6.7338 -22.8146
v 43.8153 5.2388 -22.9446
v 43.9244 7.3228 -22.5045
v 42.0178 5.3348 -13.1646
v 42.6459 5.8548 -13.0145
v 42.7713 8.2478 -21.4346
v 44.2464 7.7348 -22.0746
v 43.0861 8.5228 -21.2046
v 42.2387 9.5498 -20.2146
v 44.0335 9.4028 -19.9146
v 45.9120 5.1208 -14.1145
v 43.3773 10.1708 -17.1946
v 43.7570 9.8588 -18.7046
v 44.0428 9.5808 -17.2146
v 44.3434 9.5838 -16.0045
v 44.4641 9.4508 -15.4146
v 42.3364 11.2798 -12.9546
v 44.4203 8.4998 -13.9446
v 44.0338 9.4088 -14.2146
v 44.4870 -4.1992 -29.0946
v 44.9350 -5.4132 -29.4346
v 44.4845 -4.9202 -28.5246
v 45.0378 -5.8252 -29.1546
v 45.0160 -5.7492 -28.5546
v 46.1563 -6.4722 -26.7746
v 45.2779 -5.4102 -30.0346
v 45.8011 -7.2502 -29.8046
v 44.5038 -4.5512 -26.1046
v 45.6494 -5.6202 -26.1445
v 44.8009 -4.6142 -25.8046
v 45.7062 -5.2792 -25.8346
v 45.6934 -4.7812 -25.5145
v 45.8462 -4.5082 -30.9046
v 45.3238 -3.2802 -30.8645
v 43.9564 -3.5322 -25.1746
v 46.2812 -5.0302 -25.2246
v 44.5808 -3.0822 -24.5546
v 46.5964 -4.7482 -24.3146
v 44.3250 -1.7302 -22.1046
v 44.8775 -3.1532 -23.9546
v 45.7756 -3.2142 -22.7545
v 45.3035 -2.6822 -22.1345
v 43.5487 -1.7732 -19.7046
v 46.8410 -5.8132 -21.3446
v 45.7132 -4.4022 -20.0946
v 45.8484 -3.3012 -22.4546
v 45.5406 -2.9952 -22.1445
v 44.8500 -2.3792 -21.5246
v 44.5991 -2.7322 -18.2346
v 45.9311 -3.7832 -17.3745
v 45.5506 -1.7742 -31.2946
v 46.7664 -1.5032 -32.0045
v 46.4197 -2.3872 -32.2445
v 44.6410 -1.9332 -16.7645
v 44.9556 -1.6622 -16.4146
v 45.5082 -2.5832 -16.6746
v 45.8987 -0.8652 -15.7746
v 46.1224 -2.3272 -16.3346
v 45.0587 0.3038 -29.8046
v 45.1043 1.1758 -29.0045
v 48.0423 -0.0872 -30.4446
v 44.8605 2.2538 -25.5746
v 44.7040 2.2678 -25.2645
v 45.1377 1.8118 -25.2846
v 44.8444 1.9488 -24.9346
v 44.6649 2.2488 -24.6646
v 45.2207 1.9308 -24.9846
v 45.4456 1.9538 -25.9945
v 45.4089 1.6308 -25.2946
v 45.4614 2.2568 -26.0846
v 45.7227 1.5098 -25.5946
v 45.7259 1.5718 -25.8945
v 45.7457 1.9488 -26.2946
v 45.7614 2.2488 -26.3146
v 45.7753 2.5128 -25.2846
v 46.1047 1.3148 -25.9046
v 46.3452 1.9228 -26.4546
v 46.6656 2.3048 -29.2545
v 46.9993 2.9398 -28.5446
v 44.0390 3.2038 -25.2346
v 43.9956 2.9478 -24.6445
v 44.3619 2.8868 -25.2445
v 44.6127 3.2588 -26.1345
v 44.5932 2.8878 -25.6245
v 46.6952 2.8688 -27.3446
v 45.5201 4.3168 -24.8945
v 46.1545 4.0158 -25.8546
v 45.3384 3.7148 -24.6145
v 45.7423 4.6158 -25.1846
v 47.0030 2.5108 -27.0546
v 46.2735 3.1078 -25.8346
v 46.2255 4.6108 -25.7846
v 44.2754 2.5548 -24.2346
v 44.5907 2.8388 -24.2246
v 46.3540 2.0918 -14.1046
v 46.7009 2.9788 -14.1946
v 45.0355 4.9218 -24.2746
v 45.1193 5.5178 -24.2545
v 45.9320 5.5038 -24.8546
v 46.8179 5.2108 -25.7645
v 45.9654 6.1418 -24.2346
v 46.5341 5.5288 -25.1546
v 45.7074 6.9508 -23.1345
v 46.8571 5.9598 -24.5346
v 47.3957 4.7718 -14.9446
v 46.5106 5.7098 -14.6345
v 46.0705 8.1468 -21.1546
v 46.3710 8.1488 -20.8546
v 45.2015 8.7608 -18.7346
v 45.1981 8.6968 -17.8446
v 46.6907 8.0008 -20.2645
v 46.0712 8.1608 -18.4546
v 45.2079 8.8828 -16.3346
v 47.3172 7.5738 -17.5746
v 45.1989 8.7108 -15.4346
v 47.2231 7.2108 -16.3845
v 47.2391 7.5168 -16.9746
v 46.8161 6.3148 -15.2146
v 47.8101 -10.8322 -33.5246
v 48.0420 -11.1552 -33.2346
v 47.4940 -10.2362 -32.9046
v 47.6402 -10.2232 -33.5045
v 47.5123 -9.9582 -32.2946
v 47.2526 -9.4232 -31.6746
v 47.8331 -9.8102 -31.6846
v 48.5470 -10.6542 -31.1145
v 47.7501 -10.3652 -29.6046
v 46.8601 -8.5382 -28.9446
v 47.1115 -9.4722 -28.3745
v 46.8604 -8.7122 -32.5546
v 47.2741 -9.0132 -33.1546
v 46.6887 -8.7182 -32.1245
v 46.8075 -8.1092 -32.5346
v 47.7880 -8.1182 -33.7346
v 47.4771 -7.5122 -33.4146
v 47.8367 -8.7212 -33.7545
v 47.8219 -9.6212 -33.7846
v 47.7233 -7.2042 -33.9945
v 48.8550 -9.3442 -34.6746
v 46.2810 -8.1232 -31.3346
v 46.8014 -9.0302 -31.9646
v 46.0659 -7.2112 -31.3046
v 46.4647 -8.1122 -31.9346
v 46.4248 -8.0212 -29.8246
v 48.1263 -9.9482 -31.3945
v 46.4389 -7.7532 -28.6145
v 46.8304 -8.5672 -28.0446
v 46.4988 -7.3702 -27.4046
v 47.0061 -8.8872 -27.7545
v 46.7962 -7.6962 -27.1145
v 46.5946 -6.6172 -31.8745
v 46.9063 -6.3132 -32.4646
v 47.2902 -6.6012 -33.3745
v 47.6189 -6.5982 -33.9746
v 47.8800 -6.9012 -34.2846
v 47.1660 -5.3942 -33.3346
v 48.0012 -6.6042 -34.3745
v 47.7879 -4.9412 -33.6245
v 45.9459 -5.1142 -30.9246
v 46.5325 -5.9672 -25.8546
v 47.9728 -7.1462 -25.8945
v 48.2786 -7.0422 -25.2846
v 46.7895 -5.6572 -25.2445
v 47.3302 -6.0172 -24.3546
v 47.5226 -5.7482 -23.7445
v 47.2872 -5.1352 -23.7246
v 47.0022 -4.8412 -23.1145
v 47.6526 -5.7762 -23.1445
v 46.7065 -5.4682 -21.9346
v 47.5331 -5.4592 -23.4346
v 48.2796 -7.0232 -22.8845
v 48.2939 -6.7512 -23.4746
v 48.4184 -7.0172 -23.1846
v 47.1302 -6.0262 -21.9546
v 48.6428 -7.6612 -22.3046
v 47.3876 -6.1462 -20.7545
v 48.4704 -7.3722 -21.6946
v 46.5257 -4.6632 -18.9046
v 46.8799 -5.0712 -19.5145
v 47.1687 -5.2912 -18.6245
v 48.5682 -7.2492 -18.0846
v 47.1171 -5.3362 -17.7246
v 46.0533 -3.6462 -32.0746
v 46.3885 -2.9812 -32.3945
v 46.5830 -3.8832 -32.6846
v 46.9888 -2.9922 -33.0045
v 47.2259 -4.1992 -33.2046
v 47.2573 -3.6002 -33.1846
v 46.7972 -2.3932 -32.6345
v 47.4636 -2.3972 -33.5346
v 47.5024 -2.9992 -33.5546
v 47.8413 -3.9222 -33.4746
v 47.6965 -2.6992 -33.8446
v 47.8893 -3.0062 -33.9446
v 48.1253 -4.2352 -33.5346
v 47.8733 -3.3122 -33.7545
v 47.7075 -2.3992 -33.8346
v 48.2210 -2.4092 -34.3346
v 49.0087 -4.5762 -33.7046
v 48.4408 -3.9472 -33.6546
v 48.2053 -2.7092 -34.3146
v 46.9005 -4.6772 -23.7046
v 45.9399 -3.6162 -22.1746
v 46.2140 -3.8092 -17.0746
v 46.4661 -4.4122 -17.3945
v 46.3754 -3.2332 -16.5946
v 47.3046 -2.6982 -16.0846
v 46.9299 -2.1002 -32.6245
v 47.3590 -1.6612 -32.6046
v 47.8356 -2.1062 -33.8246
v 47.9717 -1.4352 -32.5946
v 47.4985 -1.2502 -31.9945
v 48.2650 -1.5692 -33.5045
v 48.2831 -1.2232 -31.9846
v 48.2365 -2.1132 -34.2146
v 48.2716 -1.4452 -32.8945
v 48.3253 -0.4182 -30.7645
v 48.6003 -0.9042 -31.3745
v 48.3126 -0.6612 -31.0646
v 48.2180 -2.4672 -15.4546
v 48.2790 -1.3032 -14.4546
v 46.9032 1.1068 -29.7346
v 48.0711 0.4618 -30.2445
v 48.1370 1.7198 -30.3845
v 48.1026 1.0638 -30.3046
v 48.7985 1.0418 -30.7046
v 48.3915 1.9638 -30.6746
v 48.1924 2.7778 -30.6445
v 46.6286 1.5988 -26.2146
v 46.6374 1.7678 -26.4846
v 46.6449 1.9108 -26.5546
v 46.7138 2.1938 -26.1646
v 46.7855 1.9008 -26.4746
v 47.0210 2.1988 -26.7645
v 48.0260 -0.3982 -14.1746
v 48.0729 0.4968 -14.0546
v 49.7451 -1.9892 -14.2246
v 47.5527 2.0348 -14.2645
v 47.5809 2.5748 -29.7445
v 47.3111 3.1578 -28.8446
v 47.2823 3.4598 -28.8246
v 48.2293 3.4808 -30.8446
v 47.4718 3.7608 -29.1145
v 47.4869 4.0498 -28.8046
v 48.3375 4.0678 -30.6046
v 48.5825 4.4878 -30.2846
v 48.3788 2.8858 -31.2445
v 47.3724 4.3278 -27.9945
v 48.4523 3.4828 -31.2246
v 48.7989 2.8848 -31.8645
v 48.6014 3.7748 -31.2146
v 48.3504 3.7778 -30.9146
v 48.5604 4.0668 -30.9146
v 46.6998 2.9578 -27.6445
v 46.8897 4.0288 -27.3046
v 47.0079 3.1048 -27.6345
v 47.0676 2.4968 -26.7545
v 46.9478 3.4358 -27.6245
v 46.9933 2.8248 -27.4246
v 48.3027 4.8808 -28.0246
v 46.8985 2.4958 -26.4546
v 46.6606 3.4188 -26.7246
v 48.4840 2.6098 -14.9046
v 49.4313 3.4878 -15.6546
v 47.7114 5.0648 -26.6646
v 47.1068 4.9918 -26.3745
v 48.3095 5.0118 -27.2645
v 49.2167 5.1258 -27.8645
v 47.4264 5.3578 -25.7545
v 48.3157 5.1288 -26.5346
v 49.2321 5.4198 -25.1546
v 49.2163 5.1168 -26.6646
v 47.7661 6.1068 -23.9246
v 49.2225 5.2348 -25.7545
v 49.5456 5.6688 -24.5446
v 48.1054 6.8488 -22.4046
v 48.1135 7.0038 -21.4945
v 47.8247 7.2248 -19.9846
v 49.2736 6.2108 -21.2246
v 48.4096 6.9228 -17.7846
v 48.5339 6.5988 -17.3046
v 48.9967 6.5948 -17.9046
v 49.5808 -16.5882 -35.2246
v 49.8194 -17.8212 -34.3645
v 49.7316 -17.5172 -34.3546
v 50.4451 -17.2932 -33.2146
v 49.7286 -17.2162 -34.3446
v 49.4896 -16.5822 -34.9246
v 48.8832 -14.7182 -35.7645
v 49.0557 -15.1442 -35.4746
v 48.9529 -14.7322 -35.4646
v 48.7414 -14.1102 -35.7346
v 49.1159 -15.0302 -35.7746
v 49.3202 -15.8282 -35.4945
v 49.4122 -16.2682 -35.2146
v 49.2423 -15.6582 -35.1946
v 49.0940 -14.4132 -36.2046
v 49.7125 -14.0742 -36.6345
v 49.5975 -16.2692 -35.4346
v 49.7897 -16.3192 -34.3146
v 49.8974 -16.2802 -35.5946
v 49.0358 -14.3142 -30.3446
v 49.8035 -16.1452 -30.7046
v 48.8885 -14.6172 -30.0546
v 49.6833 -14.6332 -30.8046
v 49.9359 -15.5442 -30.9146
v 49.7217 -16.4522 -30.4146
v 50.0577 -16.7592 -30.7246
v 49.0478 -15.2942 -29.7746
v 48.7469 -14.6312 -29.4546
v 49.1223 -15.2612 -29.1746
v 49.3641 -14.9902 -28.6846
v 48.9799 -14.6642 -28.8546
v 49.5904 -16.4052 -29.8146
v 49.9291 -16.7942 -29.5246
v 49.8646 -16.9052 -30.1345
v 50.0029 -17.0882 -29.8346
v 49.9011 -16.2092 -29.0346
v 48.6257 -13.1822 -36.3046
v 48.5940 -12.8912 -35.9945
v 48.4795 -11.6732 -36.2545
v 48.4434 -10.4812 -35.9146
v 48.7951 -13.7912 -36.3246
v 48.8579 -13.1852 -36.5746
v 49.1260 -13.8022 -36.5145
v 48.8970 -13.8282 -35.4246
v 48.7496 -12.6092 -35.6846
v 48.8896 -12.5812 -36.7046
v 48.6564 -11.3722 -36.5446
v 49.0465 -12.9462 -35.0946
v 48.7835 -12.3212 -35.3745
v 48.9368 -11.6802 -36.7445
v 49.3375 -13.5722 -34.8146
v 49.3761 -13.2842 -34.5045
v 49.5207 -12.0032 -36.9945
v 49.4417 -13.5102 -36.7545
v 49.4892 -12.6032 -36.9646
v 50.0412 -13.5352 -36.9246
v 50.0729 -12.9302 -37.0846
v 50.4041 -12.3422 -37.2046
v 50.1515 -11.4302 -37.1245
v 49.1145 -12.6812 -34.1846
v 49.7140 -13.9132 -34.2246
v 49.7364 -13.6182 -34.0946
v 49.5462 -12.7242 -33.5846
v 51.0060 -15.2342 -32.7746
v 49.7792 -12.8032 -32.9945
v 48.3779 -10.8802 -30.5246
v 48.9922 -12.1892 -30.8645
v 48.0508 -11.8812 -29.6546
v 49.1466 -13.4092 -30.5946
v 49.7408 -13.5352 -31.2146
v 49.6693 -12.7942 -31.7846
v 50.3746 -14.6532 -31.2545
v 48.9473 -11.2552 -31.7346
v 50.2672 -14.9552 -31.0546
v 48.0842 -10.7512 -27.6546
v 49.1892 -12.5962 -27.8845
v 50.2314 -15.6392 -28.6345
v 50.6029 -14.2822 -28.2346
v 49.5193 -12.0302 -27.6046
v 48.6516 -11.3892 -35.3446
v 48.0094 -10.5212 -34.1145
v 48.4937 -10.4732 -36.2146
v 48.6455 -11.1032 -35.6345
v 48.5786 -10.4992 -35.6145
v 48.7295 -9.9022 -36.1946
v 48.6994 -10.4772 -36.4146
v 48.5263 -9.8852 -35.8945
v 48.5819 -9.8982 -35.5946
v 48.7320 -10.5282 -35.0145
v 48.4121 -10.2272 -34.5346
v 48.8253 -9.6422 -34.6846
v 48.6496 -9.5912 -35.8845
v 48.9681 -11.0822 -36.6946
v 48.8091 -10.2212 -35.3046
v 49.0780 -8.9852 -35.8645
v 49.5521 -11.4042 -36.9646
v 49.6003 -10.4842 -36.8146
v 49.3316 -9.8782 -36.4945
v 50.5446 -9.6622 -36.6946
v 48.6770 -10.9052 -32.0246
v 48.5902 -10.6352 -31.7146
v 48.9826 -10.8072 -27.4046
v 48.1771 -8.9782 -26.9046
v 49.3122 -10.8312 -27.2146
v 50.5023 -12.1252 -26.3645
v 49.6447 -9.6362 -25.6746
v 50.2121 -12.3792 -27.2746
v 50.3848 -12.3982 -26.9746
v 48.5543 -7.5142 -34.9646
v 48.7069 -9.3042 -35.5746
v 49.1696 -7.2372 -35.2046
v 48.8578 -9.0232 -35.2645
v 48.9836 -9.0402 -34.9646
v 48.9489 -8.7172 -35.5546
v 48.9062 -8.7252 -35.2545
v 48.8051 -8.4602 -34.9446
v 48.7799 -8.9422 -34.6546
v 49.1074 -8.4252 -35.5346
v 48.9641 -8.4282 -35.2445
v 49.1228 -8.1312 -35.3745
v 49.7379 -7.8572 -35.5145
v 49.7845 -6.9682 -35.2146
v 50.6370 -7.8992 -35.6646
v 49.6410 -8.2302 -24.7246
v 49.6724 -9.1072 -25.4646
v 49.6958 -8.8852 -23.2445
v 49.4381 -8.2502 -23.8246
v 50.2526 -9.5012 -22.6646
v 48.8524 -7.5582 -24.4046
v 49.7150 -8.2962 -24.4246
v 49.9384 -8.5562 -24.4346
v 49.8583 -8.5622 -24.1345
v 50.7477 -10.1312 -23.5846
v 51.5672 -11.0642 -23.9246
v 50.7557 -9.8002 -24.4746
v 50.7515 -9.7892 -24.7746
v 52.1449 -11.1472 -22.4246
v 49.4504 -7.6122 -20.8046
v 49.7484 -7.6582 -20.2046
v 52.0647 -10.8842 -21.2146
v 49.3117 -8.1532 -17.8146
v 48.4746 -6.9292 -17.1746
v 48.2262 -6.5642 -18.6646
v 50.5522 -9.5162 -19.0646
v 49.4548 -7.5292 -19.5946
v 49.6612 -8.2032 -16.9246
v 51.9147 -9.5532 -16.0646
v 49.5920 -7.9102 -16.6145
v 50.0490 -7.6542 -16.0045
v 51.3983 -10.5692 -18.8046
v 49.2158 -6.3562 -34.6946
v 49.5412 -5.4772 -34.5346
v 49.4974 -5.7742 -34.5446
v 49.5715 -5.1672 -34.8246
v 49.5329 -5.1862 -34.2246
v 49.5070 -4.8742 -34.5145
v 49.8080 -6.5202 -35.1746
v 49.8788 -5.1692 -35.2445
v 50.9833 -7.0242 -35.4246
v 50.4468 -5.7952 -35.3845
v 51.1090 -4.6242 -35.4646
v 48.9776 -5.1692 -33.9046
v 49.2773 -5.1832 -33.9446
v 49.3812 -4.5882 -33.9046
v 49.1774 -7.0892 -20.1846
v 48.3616 -6.0442 -16.5446
v 48.9295 -6.0862 -16.1946
v 49.5438 -5.8292 -15.8546
v 48.9763 -5.1932 -16.0045
v 49.7652 -7.3382 -16.0246
v 49.7962 -6.7462 -15.8246
v 50.0800 -7.0632 -15.7545
v 50.4106 -6.4872 -15.5446
v 50.1741 -5.2682 -15.6646
v 50.6788 -7.1022 -15.5546
v 48.5210 -2.4172 -34.5446
v 48.7739 -3.3242 -34.7846
v 48.8842 -3.6302 -34.7746
v 49.4151 -4.5692 -34.5045
v 48.6118 -3.3262 -34.4646
v 49.0739 -3.3322 -34.9945
v 49.0896 -3.0312 -35.0145
v 49.6104 -4.5602 -35.0746
v 49.3049 -4.2532 -34.7946
v 49.7049 -2.7552 -35.2346
v 49.4530 -4.5612 -34.8046
v 50.2256 -4.2852 -35.2545
v 50.9501 -1.9252 -35.0446
v 50.3819 -1.3022 -34.8346
v 48.4570 -3.6392 -33.8945
v 48.4733 -3.3272 -34.2346
v 49.0244 -4.2762 -33.7046
v 49.0254 -3.9692 -33.8845
v 50.5046 -4.6922 -15.4246
v 51.6399 -5.9592 -15.2946
v 49.6988 -2.8732 -14.6746
v 51.5518 -4.4732 -14.6846
v 48.8365 -2.1292 -34.6646
v 49.4363 -2.1482 -35.0145
v 49.1984 -0.9572 -34.3346
v 49.8134 -0.6852 -34.4246
v 50.4128 -0.7122 -34.5446
v 48.6680 -1.5382 -34.1046
v 48.6269 -1.2462 -33.7946
v 48.5227 -1.2722 -32.8945
v 48.5796 -1.2982 -32.2445
v 48.6718 -0.6592 -33.4646
v 48.6864 -0.3802 -32.8546
v 48.8081 -0.6552 -33.7645
v 48.6773 -1.0012 -32.2846
v 48.8770 -0.7432 -31.3745
v 49.2644 0.3038 -33.4346
v 48.9595 0.2168 -33.1546
v 49.2212 -0.5202 -34.0646
v 49.8594 0.1918 -33.7946
v 50.4743 0.4598 -33.7946
v 48.6220 -0.4902 -30.7645
v 48.6391 -0.1642 -30.3945
v 48.9241 -0.4582 -31.0045
v 49.0058 0.1608 -31.6345
v 48.9885 -0.1692 -30.7545
v 49.0359 -0.1612 -31.0446
v 53.7360 -6.0882 -14.7545
v 50.3442 -2.0212 -14.2146
v 50.0760 -1.4062 -14.1946
v 48.8915 0.4888 -32.2246
v 48.8590 1.3908 -32.1946
v 49.2935 0.8578 -33.1145
v 48.8568 1.0798 -31.9046
v 49.3297 1.5488 -32.7946
v 49.6521 1.9698 -32.7445
v 49.1144 3.1728 -31.9546
v 50.8356 1.6228 -33.1846
v 48.6705 0.4358 -30.3845
v 48.4997 1.9678 -30.9746
v 48.7778 1.3638 -31.2946
v 49.0058 0.4298 -30.7246
v 49.0350 0.4498 -31.3246
v 48.8973 1.0468 -31.0045
v 49.0609 0.1378 -31.0346
v 50.1713 0.4108 -14.7445
v 50.8024 0.9888 -15.0145
v 49.6986 2.8558 -32.3645
v 49.7293 3.4428 -31.9945
v 49.1451 3.7588 -31.5846
v 50.3286 3.4128 -32.0546
v 48.8371 3.6138 -31.5145
v 48.8839 4.0598 -31.2046
v 48.8743 4.3248 -30.8945
v 49.1738 4.6248 -30.5846
v 49.2019 4.8438 -29.9746
v 50.0594 4.0088 -31.5145
v 49.4845 4.5038 -30.8845
v 51.1181 1.2818 -15.2645
v 49.3833 2.5718 -15.1646
v 50.6151 3.1468 -16.2645
v 51.7601 1.5738 -15.9746
v 50.1231 5.2248 -29.3546
v 51.3301 5.3258 -29.3546
v 49.5213 5.2058 -28.4646
v 51.0394 5.5118 -28.7445
v 49.8345 5.4498 -25.1445
v 50.4408 5.5548 -24.6946
v 50.7378 5.4878 -25.4446
v 50.7385 5.5018 -24.2445
v 50.1496 5.7288 -23.9346
v 51.0177 5.0968 -22.7545
v 50.5747 5.5108 -23.6445
v 48.9999 6.7218 -18.5045
v 50.1614 5.9548 -18.5446
v 49.8640 5.9498 -17.9246
v 49.6758 5.6378 -17.3346
v 49.8741 6.2048 -19.4146
v 51.6090 4.9168 -21.5646
v 50.6975 4.7188 -17.3645
v 50.4280 5.3108 -17.6946
v 51.0267 5.2688 -18.5446
v 51.6611 -22.7512 -30.9346
v 51.6477 -23.0062 -30.3446
v 51.4535 -22.5472 -30.6245
v 51.6725 -22.5332 -31.3346
v 51.4581 -22.5372 -30.9246
v 51.7299 -22.2192 -31.8146
v 51.4399 -22.2142 -31.5145
v 51.4048 -22.2232 -31.2146
v 51.4080 -21.8492 -32.1046
v 51.7054 -21.9052 -32.1646
v 51.9659 -22.6682 -31.2246
v 51.5392 -22.8832 -29.7346
v 51.6270 -21.6552 -30.5946
v 51.9380 -23.2002 -29.8745
v 51.9321 -23.3122 -29.1546
v 51.9508 -22.9562 -28.2645
v 51.9382 -22.3452 -28.5145
v 52.1730 -21.1782 -27.8745
v 50.9642 -20.9572 -32.3745
v 50.8867 -20.3302 -32.9945
v 51.1545 -20.9532 -32.7645
v 51.2026 -20.0352 -33.3246
v 51.4224 -21.5742 -32.3945
v 51.7700 -20.6722 -33.1245
v 52.3372 -21.3152 -32.7946
v 51.8181 -19.7562 -33.6245
v 52.3853 -20.3962 -33.3546
v 51.0311 -19.7702 -32.0346
v 51.3147 -19.1952 -31.7046
v 50.5930 -18.8152 -32.8945
v 50.8829 -20.4022 -32.3546
v 51.1340 -21.3442 -32.3845
v 51.2084 -21.5812 -32.0946
v 51.2407 -21.5932 -31.7946
v 51.4816 -21.0262 -31.1746
v 51.7578 -19.2502 -30.8146
v 52.0048 -19.2842 -30.2146
v 52.3809 -18.7342 -29.2946
v 50.6866 -18.4162 -34.3845
v 51.0802 -16.6392 -35.6846
v 50.0933 -18.1362 -34.3745
v 50.0860 -18.4572 -33.7846
v 51.3780 -17.9872 -31.9646
v 51.3290 -16.7732 -32.2246
v 51.6794 -16.6702 -35.6946
v 52.7328 -19.4982 -33.7645
v 50.0274 -17.0682 -30.4346
v 50.4224 -17.7252 -30.1546
v 51.3684 -18.6182 -31.0846
v 51.3987 -18.3092 -31.3745
v 51.5163 -18.3052 -31.6746
v 50.9919 -18.3232 -30.1746
v 51.7268 -18.9692 -30.2046
v 51.4212 -17.7002 -31.6546
v 51.4391 -17.0902 -31.9346
v 51.0817 -16.6112 -31.6145
v 51.5614 -18.9212 -31.3246
v 50.4282 -17.6162 -29.8546
v 50.4536 -17.1302 -29.3046
v 52.0736 -18.9982 -29.9046
v 51.9045 -18.1072 -29.3246
v 52.2740 -17.5492 -28.6445
v 51.7114 -16.0602 -36.0145
v 51.2079 -14.2022 -36.7946
v 52.2944 -16.3992 -35.7846
v 52.9093 -16.1312 -35.7645
v 50.4467 -15.7842 -33.3945
v 51.0902 -16.4472 -32.5846
v 50.9743 -14.9432 -32.4646
v 50.1645 -16.1542 -31.0045
v 50.5357 -15.5642 -31.2346
v 50.4885 -14.9592 -31.2645
v 50.6965 -14.9602 -31.5646
v 51.2318 -16.4782 -31.9146
v 51.3828 -16.5962 -28.7645
v 52.4327 -17.5682 -28.3446
v 52.5598 -17.0672 -26.8346
v 51.3339 -14.5292 -27.6445
v 52.3299 -16.1242 -26.4945
v 51.7390 -14.5922 -26.4446
v 51.9678 -14.6142 -26.1445
v 51.3187 -12.0882 -37.2445
v 50.9876 -12.6732 -37.2246
v 51.6317 -12.7082 -37.1846
v 51.9984 -12.1272 -37.1646
v 50.6405 -13.5632 -37.0145
v 51.5393 -13.6112 -37.0045
v 52.1224 -13.9502 -36.7846
v 52.5538 -14.5892 -36.3446
v 52.6105 -13.9812 -36.6245
v 52.4536 -13.3622 -36.8945
v 52.8161 -12.1782 -36.9246
v 50.9080 -14.1922 -28.0246
v 51.1900 -14.5442 -27.9446
v 50.9919 -12.5912 -26.0746
v 51.3074 -12.3032 -25.7645
v 51.8807 -12.8292 -25.5045
v 52.2666 -13.7502 -25.5145
v 52.3172 -12.8732 -24.8845
v 51.0505 -11.4742 -37.2146
v 51.0973 -10.5802 -37.0446
v 51.9647 -11.2262 -37.0846
v 50.5136 -10.2532 -36.9346
v 51.1284 -9.9872 -36.8645
v 51.1593 -9.3982 -36.5746
v 51.6964 -10.6132 -37.0045
v 52.3264 -10.0572 -36.6746
v 52.1348 -7.9802 -35.6145
v 52.2953 -10.6492 -36.8845
v 52.5480 -11.5602 -36.9846
v 52.8941 -10.6882 -36.6746
v 53.0177 -8.3302 -35.5045
v 53.2244 -10.1172 -36.2846
v 51.0606 -11.2802 -25.5746
v 50.8211 -10.1182 -25.0946
v 51.3166 -11.0092 -25.1245
v 51.3358 -10.7312 -24.5145
v 51.1368 -10.4102 -24.7946
v 52.3148 -12.2942 -24.2645
v 52.0460 -11.6902 -23.9446
v 52.2397 -11.7122 -23.3446
v 52.6760 -12.6552 -23.0746
v 52.5275 -11.9512 -22.4446
v 52.6909 -13.8042 -24.6145
v 51.9795 -10.9442 -20.6145
v 52.5047 -12.3862 -20.0646
v 53.0361 -13.7112 -21.0045
v 52.0353 -11.5362 -19.7346
v 52.2204 -11.8562 -19.4446
v 52.5208 -12.0792 -18.8546
v 51.9557 -11.2632 -18.8246
v 51.9593 -10.1352 -16.6846
v 52.7871 -12.7302 -19.1746
v 52.6885 -11.3432 -17.6245
v 53.2615 -11.4252 -16.1245
v 52.1660 -7.3842 -35.4846
v 53.0488 -7.7362 -35.3645
v 53.2023 -10.5402 -15.5646
v 53.1800 -10.9652 -15.8046
v 51.3616 -5.5372 -35.5446
v 52.2604 -5.5832 -35.5646
v 51.9922 -4.9682 -35.5546
v 51.0096 -6.5222 -15.4346
v 52.7754 -7.2222 -15.2645
v 51.7240 -4.3552 -35.4945
v 51.8428 -2.0882 -35.0145
v 52.6850 -3.2152 -35.1646
v 52.6069 -4.7032 -35.4546
v 51.6709 -5.3682 -15.0446
v 53.1060 -6.6462 -15.0446
v 51.6111 -0.7762 -34.5246
v 51.7190 1.2828 -33.3845
v 51.5802 -1.3662 -34.7946
v 52.1792 -1.4002 -34.7146
v 52.7316 -2.3252 -34.8945
v 52.7936 -1.1422 -34.4246
v 53.6296 -2.3862 -34.4746
v 51.4958 -2.9772 -14.3745
v 52.4739 -1.5102 -14.8346
v 53.2308 -4.2642 -14.5646
v 52.6945 -3.0332 -14.5846
v 54.1767 -3.4112 -14.6046
v 51.7983 2.7948 -32.4446
v 52.9170 1.2128 -33.1746
v 52.3642 2.1288 -32.7746
v 52.9631 2.0918 -32.6145
v 53.5311 1.4648 -32.7246
v 52.8214 -0.6122 -15.2445
v 52.8580 0.0878 -15.7246
v 53.8689 -0.3382 -16.0346
v 53.2190 1.2428 -17.3046
v 52.0669 2.1888 -16.8346
v 52.1413 3.6068 -31.7246
v 52.3949 2.7148 -32.3945
v 53.0178 3.1368 -31.8246
v 52.4626 4.0058 -31.1946
v 51.5946 4.6408 -30.5746
v 52.4965 4.6528 -30.2746
v 53.0732 4.1928 -30.5946
v 53.3668 3.5248 -31.2146
v 52.4314 3.4118 -17.9746
v 51.5922 4.5958 -18.2746
v 54.5854 2.1408 -19.2545
v 51.9122 4.9688 -29.9646
v 51.9273 5.2568 -29.3546
v 52.5133 4.9738 -29.6646
v 53.0992 4.6888 -29.7146
v 51.6494 5.6868 -27.5346
v 51.6411 5.5278 -28.7445
v 51.6459 5.6188 -28.3446
v 51.9433 5.5618 -28.4446
v 52.2459 5.6038 -27.5446
v 52.8204 5.1008 -29.0546
v 52.5387 5.4598 -28.1445
v 52.2451 5.5878 -26.9446
v 51.6468 5.6368 -26.6445
v 52.8354 5.3878 -26.9446
v 52.2414 5.5178 -26.3246
v 53.4143 4.9688 -28.4646
v 53.4210 5.0968 -27.5546
v 53.4048 4.7888 -29.0646
v 53.4206 5.0898 -26.9546
v 51.6345 5.4018 -25.1445
v 52.8235 5.1608 -25.6046
v 53.3808 4.3298 -23.6846
v 52.8319 5.3208 -26.3446
v 53.6966 4.6228 -25.1746
v 53.7063 4.8088 -26.0646
v 51.8973 4.6838 -22.4746
v 51.9031 4.7948 -23.3645
v 53.0768 4.2628 -21.5846
v 53.6655 4.0298 -22.7946
v 52.4927 4.5808 -20.6746
v 54.2381 3.4918 -21.3046
v 55.3760 2.2768 -20.7445
v 52.5843 -22.3322 -31.8146
v 52.2975 -22.0722 -32.1046
v 52.5548 -22.8952 -30.9046
v 52.5428 -23.1232 -30.3446
v 52.8738 -22.5412 -31.5246
v 52.9202 -21.6562 -32.5246
v 52.8979 -22.0802 -32.1046
v 53.4406 -22.9512 -30.6345
v 53.8082 -21.9072 -32.0946
v 53.7727 -22.5842 -31.2246
v 53.5353 -21.3832 -32.6546
v 53.1400 -23.1932 -30.0446
v 53.7423 -23.1652 -29.7445
v 54.0619 -22.7982 -30.6245
v 52.5344 -23.2852 -29.7445
v 52.5301 -23.3662 -29.1546
v 52.2308 -23.3452 -28.2545
v 53.1335 -23.3172 -29.4446
v 52.5254 -23.4552 -27.9546
v 52.2262 -23.4332 -27.6546
v 53.7346 -23.3112 -28.2445
v 54.0423 -23.1742 -29.1445
v 54.3567 -22.9052 -30.0346
v 54.6549 -22.9482 -29.1345
v 54.4034 -23.0652 -28.8346
v 54.3434 -23.1602 -28.2445
v 52.0954 -23.2862 -27.6445
v 52.5437 -22.7932 -25.2246
v 52.5136 -23.6822 -27.3645
v 52.4949 -24.0372 -26.1746
v 52.3613 -23.6212 -27.0546
v 52.3201 -23.9822 -25.2746
v 52.2342 -23.3252 -26.7445
v 53.3900 -24.1552 -25.8745
v 52.7880 -24.1772 -25.5746
v 53.1182 -23.6092 -27.6546
v 53.3972 -24.0182 -26.4746
v 53.9936 -24.1032 -25.8745
v 54.0060 -23.8652 -26.7645
v 53.6877 -24.2072 -24.9746
v 54.9205 -23.6132 -26.7545
v 52.4886 -24.1572 -25.2746
v 52.4893 -24.1452 -24.6746
v 52.3563 -24.0052 -24.6746
v 52.4954 -24.0282 -24.0746
v 52.3224 -23.7032 -24.6646
v 52.5035 -23.8732 -23.7645
v 52.7867 -24.2022 -24.9746
v 53.0867 -24.2102 -24.6746
v 52.7919 -24.1032 -24.0746
v 52.7958 -24.0292 -23.7746
v 52.7988 -23.9712 -22.8645
v 53.0863 -24.2172 -25.2746
v 53.6900 -24.1632 -24.3745
v 54.9032 -23.9422 -24.9646
v 52.8113 -23.7332 -21.3546
v 52.5666 -23.5202 -21.6546
v 52.8244 -23.4832 -20.7445
v 52.6613 -22.9672 -20.4346
v 53.1019 -23.9202 -21.9646
v 53.1099 -23.7682 -21.3546
v 53.1225 -23.5272 -20.7545
v 53.0160 -22.0222 -22.1946
v 53.7030 -23.9142 -21.9646
v 53.7168 -23.6512 -21.0546
v 53.7339 -23.3252 -20.3845
v 54.6097 -23.8102 -22.2545
v 54.3117 -23.7642 -21.6546
v 54.3221 -23.5652 -21.0446
v 54.3380 -23.2632 -20.4346
v 52.8501 -22.9922 -19.9746
v 52.8803 -22.4162 -19.3246
v 52.7274 -22.6912 -19.8246
v 52.8968 -21.7892 -20.0946
v 52.7406 -21.8122 -19.1946
v 53.1405 -23.1832 -20.1345
v 53.1520 -22.9642 -19.8346
v 53.1798 -22.4342 -19.2445
v 54.0562 -22.9082 -19.8246
v 54.9596 -22.8652 -20.1245
v 53.2680 -20.7512 -33.1145
v 53.3000 -20.1412 -33.4346
v 53.3637 -18.9242 -33.9446
v 54.1983 -20.1972 -33.1746
v 54.1502 -21.1142 -32.6546
v 54.7969 -20.2392 -32.8745
v 54.2937 -18.3752 -33.8346
v 54.4083 -21.9212 -31.7946
v 55.0641 -20.8732 -32.3346
v 52.3121 -19.3312 -29.3146
v 52.7394 -19.1482 -26.6046
v 53.3469 -20.1852 -23.6345
v 53.3246 -18.6412 -24.7846
v 53.1782 -20.2712 -20.9346
v 52.9262 -21.5412 -18.6046
v 52.7368 -20.6322 -18.5446
v 53.2103 -21.8512 -18.7746
v 53.2411 -21.2642 -18.4246
v 53.8403 -21.2942 -18.4546
v 53.5600 -20.9102 -18.2545
v 54.0939 -22.1872 -19.0846
v 54.4297 -21.3212 -18.5646
v 53.3186 -19.7852 -17.8346
v 54.1710 -20.7182 -18.2445
v 54.5018 -20.1382 -18.1245
v 55.0547 -21.0512 -18.6345
v 54.0425 -17.4362 -34.5246
v 54.6328 -17.6382 -34.0546
v 55.2072 -18.1412 -33.3046
v 54.1195 -15.9672 -35.1946
v 52.4506 -18.7492 -28.9945
v 52.5095 -18.1622 -28.6646
v 52.9462 -17.9792 -25.9646
v 53.3932 -18.3612 -24.2946
v 53.3092 -18.0402 -24.7645
v 53.2943 -17.1592 -24.1345
v 53.3331 -17.4932 -23.2445
v 53.4695 -18.2052 -20.2645
v 52.8329 -19.1572 -17.8945
v 53.3241 -18.8302 -19.3845
v 52.9152 -18.5712 -17.5746
v 53.1329 -17.5972 -17.2445
v 53.4474 -16.4762 -18.1046
v 53.0395 -19.3792 -17.6046
v 53.0685 -18.8252 -17.2846
v 52.9678 -18.2842 -17.2645
v 53.0962 -18.2962 -17.1145
v 53.6489 -19.2162 -17.4346
v 53.3802 -18.6102 -17.1445
v 53.4089 -18.0612 -16.9546
v 54.2636 -18.9512 -17.3246
v 53.9949 -18.3452 -17.0446
v 54.5942 -18.3742 -17.1345
v 54.3256 -17.7662 -16.9146
v 54.9251 -17.7932 -17.0446
v 53.3039 -14.3332 -36.1946
v 53.5398 -15.5642 -35.7246
v 53.5079 -16.1722 -35.4846
v 54.1542 -15.3062 -35.4246
v 54.7524 -15.3552 -34.9146
v 52.5378 -14.6652 -25.5446
v 52.8124 -16.7712 -25.9146
v 52.9360 -15.3082 -24.9646
v 53.0426 -15.3342 -24.3645
v 53.5124 -15.7742 -21.0746
v 53.0765 -14.5092 -22.2346
v 53.5479 -16.9772 -21.1245
v 53.5474 -16.7192 -19.9146
v 53.5088 -15.2162 -19.8546
v 53.3356 -14.6692 -18.0346
v 53.5344 -15.6672 -15.5946
v 53.2811 -15.3502 -15.6646
v 53.2610 -16.8092 -16.9146
v 53.2880 -15.3092 -16.8645
v 53.4581 -17.1242 -16.7946
v 53.4758 -16.7852 -16.6145
v 54.3569 -17.1702 -16.8146
v 54.7329 -15.7272 -15.6746
v 54.4640 -15.1272 -15.2246
v 53.3516 -13.4232 -36.4945
v 53.3832 -12.8202 -36.6145
v 53.6667 -13.1442 -36.3645
v 54.0131 -12.2652 -36.2246
v 54.8316 -13.8452 -35.2445
v 54.8782 -12.6412 -35.3745
v 54.3436 -11.6922 -35.9046
v 55.3530 -12.9872 -34.7846
v 53.4600 -14.8922 -20.4446
v 53.1877 -13.7292 -18.9046
v 53.0049 -12.8292 -18.5746
v 53.1478 -13.1472 -18.2846
v 53.3169 -14.0852 -17.5045
v 53.5958 -13.5552 -15.8945
v 53.5493 -12.9212 -16.7746
v 53.6013 -12.6442 -16.1646
v 53.4837 -12.3802 -14.9546
v 53.5825 -14.7492 -15.0446
v 53.3494 -14.7642 -15.3446
v 53.4557 -14.1692 -15.3246
v 53.5143 -14.4832 -15.0346
v 53.6271 -13.8982 -14.7445
v 53.4193 -13.8772 -15.0145
v 53.6740 -13.0042 -14.5946
v 53.8647 -15.0972 -15.1946
v 53.9111 -14.2112 -14.8046
v 54.2419 -13.6322 -14.6646
v 54.2732 -13.0362 -14.5746
v 54.4949 -14.5372 -14.9446
v 54.5259 -13.9452 -14.7445
v 54.5571 -13.3492 -14.6345
v 55.0942 -14.5652 -15.0546
v 55.2036 -12.4792 -14.6946
v 55.1253 -13.9722 -14.8546
v 55.4562 -13.3902 -14.8146
v 53.4460 -11.6212 -36.5946
v 53.7920 -10.7532 -36.1546
v 54.2252 -8.7142 -34.9446
v 54.8380 -11.4382 -35.3346
v 53.3102 -12.2872 -17.3546
v 53.0877 -11.9642 -17.6445
v 53.3160 -11.9972 -17.0446
v 53.4917 -12.3172 -16.7545
v 53.4703 -11.1582 -15.4746
v 53.4041 -10.8532 -15.5045
v 53.4559 -11.7462 -15.8346
v 53.5641 -11.4732 -15.2246
v 53.5015 -10.5622 -15.3745
v 53.6604 -12.3992 -14.6546
v 54.0050 -12.4202 -14.5746
v 53.7691 -11.1892 -15.0546
v 53.6829 -10.8792 -15.2046
v 54.0297 -11.9482 -14.6445
v 54.0842 -10.9092 -14.9446
v 54.1000 -10.6072 -15.0045
v 54.3046 -12.4362 -14.5746
v 54.9354 -11.8632 -14.7146
v 54.3837 -10.9262 -14.8945
v 55.2985 -10.6672 -15.0746
v 53.9818 -7.8002 -34.9046
v 54.8980 -8.7702 -34.3446
v 54.3229 -7.5292 -34.5946
v 53.5327 -9.9682 -15.2445
v 53.6314 -9.3752 -15.1546
v 53.8164 -10.2872 -15.1345
v 54.1471 -9.7092 -14.9646
v 54.8402 -7.9492 -14.7645
v 54.7149 -10.3402 -14.9746
v 55.0457 -9.7582 -14.9046
v 55.0770 -9.1622 -14.8046
v 54.9656 -5.5552 -14.6245
v 53.1745 -5.3392 -35.3246
v 53.7730 -5.3832 -34.9446
v 53.2057 -4.7422 -35.2545
v 54.4949 -5.4462 -34.2246
v 55.2604 -7.3192 -33.3845
v 54.2882 -7.0162 -14.8246
v 53.9575 -7.5932 -15.0045
v 54.3507 -5.8232 -14.6345
v 53.2837 -3.2542 -34.9346
v 53.8354 -4.1912 -34.7545
v 54.2178 -3.0302 -34.1445
v 54.2737 -2.1432 -33.8146
v 54.8514 -4.2852 -33.5846
v 54.6768 -1.8852 -33.2046
v 55.9413 -4.7162 -31.4945
v 54.7920 -3.1362 -14.7946
v 55.2968 -4.9682 -14.7246
v 55.6757 -3.4702 -15.1345
v 53.6786 -1.4512 -34.0846
v 53.4849 0.5848 -33.2645
v 54.0679 0.2448 -33.0145
v 54.5066 -0.3852 -32.8446
v 54.9670 0.1598 -31.9246
v 55.3247 -0.1802 -31.3346
v 54.8879 -1.3062 -15.6746
v 54.2401 -2.2012 -14.9046
v 54.5719 -1.6032 -15.3046
v 54.8237 -2.5302 -14.9746
v 55.1555 -1.9312 -15.4046
v 55.5011 -1.3252 -16.0646
v 55.7234 -2.5592 -15.4846
v 54.2084 -2.8072 -14.7046
v 53.8793 2.3778 -31.8546
v 54.1141 1.1258 -32.4846
v 54.4268 0.5088 -32.5145
v 54.5909 1.6698 -31.5746
v 54.9409 1.6308 -30.9746
v 55.2030 1.8858 -30.0646
v 55.5615 0.6658 -30.1046
v 55.7667 2.0728 -27.6546
v 55.5062 0.5598 -18.4046
v 54.3702 0.2798 -17.2946
v 56.1174 -0.7732 -17.2445
v 53.6529 3.7898 -30.6046
v 53.6278 4.3598 -29.6846
v 54.2687 2.8668 -30.9346
v 54.1960 3.4498 -30.3146
v 54.7820 2.8088 -30.0346
v 54.7836 3.3778 -29.1145
v 55.2198 2.7438 -28.8346
v 54.3188 4.0018 -29.0946
v 54.5421 3.9698 -28.4945
v 54.8585 3.6418 -28.2046
v 54.6958 3.9408 -27.8945
v 55.0394 3.6008 -27.3046
v 54.5410 4.2178 -26.9846
v 55.4143 3.0058 -27.3246
v 54.2831 4.3508 -25.7746
v 54.2769 4.2318 -25.1846
v 54.7959 3.8518 -25.4945
v 55.1356 3.5538 -26.1046
v 55.4813 2.8518 -23.7246
v 55.6263 2.8858 -24.9246
v 55.8405 2.5848 -25.2346
v 54.2548 3.8098 -23.6946
v 54.8602 3.1218 -21.9146
v 55.6820 2.3818 -21.9446
v 56.2593 1.8898 -23.1646
v 53.6613 3.9508 -21.5946
v 56.4669 0.1628 -19.0145
v 53.9878 4.4478 -28.7746
v 53.9955 4.5948 -28.1746
v 54.0009 4.6988 -26.9646
v 54.6837 -22.3982 -30.9146
v 55.2887 -22.3202 -30.3146
v 55.2726 -22.6262 -28.5145
v 55.2752 -22.5762 -29.4146
v 56.2616 -21.9822 -28.1946
v 55.2172 -23.6822 -26.1546
v 55.8469 -23.1322 -26.7346
v 56.1394 -23.2842 -25.1646
v 56.1476 -23.1262 -26.1345
v 56.4745 -22.6212 -26.7146
v 56.7173 -22.6902 -25.8146
v 55.5291 -23.4642 -22.2445
v 56.7769 -22.5822 -22.5145
v 56.1527 -23.0292 -21.9246
v 56.7702 -22.7112 -25.2146
v 54.9334 -23.3662 -21.0045
v 55.2279 -23.4792 -21.6445
v 56.1631 -22.8302 -21.3246
v 55.5562 -22.9462 -20.7246
v 56.7352 -22.5272 -21.9046
v 57.0089 -21.9622 -21.2846
v 56.7176 -21.9682 -20.6846
v 55.8782 -22.5352 -20.3945
v 55.1439 -19.3502 -33.0145
v 55.9954 -19.4192 -32.3046
v 55.4161 -19.8882 -32.6245
v 55.3045 -22.0182 -30.9046
v 55.3845 -21.5212 -31.4846
v 55.9096 -20.6372 -31.7545
v 55.9419 -21.9022 -29.9945
v 55.9285 -21.5762 -30.7146
v 55.9355 -20.9492 -31.4646
v 56.3298 -20.6802 -31.1546
v 56.5787 -19.7822 -31.4246
v 56.5826 -19.1712 -31.6946
v 56.4300 -21.0062 -30.5646
v 56.8984 -20.1302 -30.5346
v 56.9865 -19.5242 -30.8146
v 56.8098 -20.7472 -29.9546
v 57.2052 -20.1882 -29.3346
v 56.5410 -21.3522 -29.4446
v 56.8546 -21.1012 -28.4846
v 56.8401 -21.4222 -27.8745
v 56.9257 -20.7742 -29.3546
v 56.8258 -22.0542 -26.9945
v 55.0086 -21.9322 -19.1646
v 55.6071 -22.2412 -19.8046
v 55.9237 -21.6672 -19.5145
v 55.1167 -19.8682 -18.1646
v 55.7165 -19.8882 -18.4846
v 56.2085 -21.9642 -20.0346
v 56.2699 -20.7932 -19.2346
v 56.7151 -21.3882 -20.0646
v 56.9206 -21.6782 -20.6746
v 56.6164 -19.9132 -19.1345
v 55.5320 -17.6772 -33.1445
v 55.7739 -18.7932 -32.6946
v 56.0222 -16.6982 -32.8146
v 56.2499 -18.5322 -32.2746
v 57.0562 -18.0162 -31.0546
v 56.7753 -16.4792 -31.6046
v 57.1115 -18.9302 -30.7846
v 55.1474 -19.2832 -17.7346
v 55.4747 -18.7702 -17.5746
v 55.7471 -19.3052 -18.0346
v 55.5270 -17.7732 -17.2445
v 56.3932 -18.4392 -17.9546
v 56.1244 -17.8382 -17.5646
v 57.0028 -18.2722 -18.4546
v 56.7244 -17.8532 -18.0145
v 57.5412 -17.2702 -18.7246
v 55.3434 -16.9312 -33.7246
v 55.7644 -14.5412 -33.9446
v 55.5559 -17.2212 -17.1546
v 55.5714 -16.9252 -17.0446
v 55.3324 -15.7522 -15.8446
v 56.0412 -15.4852 -15.9646
v 55.3631 -15.1672 -15.4346
v 56.1712 -16.9442 -17.4046
v 56.5016 -16.3722 -17.0546
v 56.7711 -16.9612 -17.8146
v 57.1945 -16.0932 -17.4846
v 55.3750 -12.3872 -34.7645
v 55.7701 -12.7292 -34.1746
v 55.7236 -11.8262 -34.1445
v 56.7840 -13.4462 -32.3945
v 56.7433 -14.0442 -32.4246
v 57.3458 -14.7292 -30.9446
v 57.1709 -13.4972 -31.5045
v 55.9782 -14.8952 -15.5346
v 56.5746 -14.9792 -15.9446
v 56.6086 -14.3302 -15.6245
v 56.8627 -15.2142 -16.3446
v 56.8935 -14.6272 -15.9746
v 57.2556 -13.4482 -15.8346
v 57.2837 -14.9282 -16.5446
v 55.7093 -14.2942 -15.1345
v 56.0558 -13.4132 -15.0446
v 56.0872 -12.8152 -15.0045
v 56.6713 -13.1342 -15.3446
v 55.5303 -9.4252 -33.7645
v 56.2754 -9.8062 -32.5746
v 57.0216 -9.3602 -29.2545
v 57.5369 -13.8592 -30.3146
v 57.3027 -12.5512 -15.7946
v 57.2715 -11.9462 -15.8346
v 56.7027 -12.5352 -15.3346
v 57.6289 -10.1322 -16.6746
v 57.0488 -10.1232 -16.0746
v 55.8504 -11.6002 -15.0145
v 56.2295 -10.0992 -15.5145
v 56.1187 -12.2152 -15.0346
v 56.7501 -11.6312 -15.4846
v 56.2101 -6.8422 -31.2645
v 56.6485 -8.6872 -30.7346
v 56.6636 -7.5492 -28.9146
v 56.9792 -8.1992 -28.0145
v 56.7518 -6.9862 -27.9746
v 57.6550 -9.1872 -26.5446
v 57.7968 -7.7352 -25.2946
v 56.2919 -8.9092 -15.2746
v 56.9547 -7.7262 -15.7046
v 55.3767 -9.1762 -14.8645
v 55.4080 -8.5782 -14.8046
v 55.8717 -9.4922 -15.1546
v 56.0076 -8.6012 -15.0546
v 56.3389 -8.0122 -15.2046
v 56.4400 -6.3062 -29.7445
v 57.3631 -5.8902 -25.8346
v 56.7718 -4.2742 -28.1746
v 57.4857 -7.1332 -16.2645
v 57.6021 -5.6272 -16.5145
v 56.7806 -5.3162 -15.5846
v 55.5336 -6.1812 -14.7645
v 56.0547 -7.7032 -15.0145
v 56.4018 -6.8122 -15.2146
v 55.8964 -4.9912 -14.9746
v 57.4250 -3.5442 -24.2445
v 57.8750 -6.8702 -24.3645
v 57.8270 -5.0982 -23.4046
v 58.0837 -3.9632 -21.8645
v 56.5439 -4.1002 -15.6245
v 56.5492 -3.4922 -15.8446
v 56.2315 -3.4852 -15.5446
v 56.2170 -4.3962 -15.2746
v 56.9694 -4.7152 -15.8845
v 56.9374 -3.8022 -16.1546
v 57.4127 -4.7182 -16.4446
v 57.9979 -5.0172 -17.3645
v 56.7814 -1.3142 -26.8745
v 58.0435 -2.4912 -20.9046
v 57.7499 -1.2852 -20.5646
v 58.0195 -2.2312 -19.6946
v 57.5440 -1.0062 -19.6546
v 57.2711 -1.6892 -17.8845
v 56.7048 -1.0302 -17.6946
v 56.5786 -1.9612 -16.6946
v 57.3576 -1.3382 -18.4646
v 57.5693 -1.7312 -18.4846
v 57.3931 -1.0192 -19.0546
v 57.5878 -1.3782 -19.0646
v 57.0218 -0.7132 -18.6445
v 57.7882 -2.8832 -17.9246
v 55.9915 -3.1752 -15.4546
v 55.7555 -1.9482 -15.8246
v 56.0235 -2.5662 -15.7246
v 56.0717 -1.6462 -16.3246
v 56.2916 -3.1822 -15.7046
v 56.6973 -3.1892 -16.1345
v 57.5035 -2.9872 -17.3246
v 57.7615 -3.7962 -17.3546
v 57.9675 -3.4932 -17.9446
v 56.7137 0.4378 -25.3146
v 56.3452 1.6478 -24.9646
v 56.6124 1.2808 -23.4846
v 56.8806 0.6668 -23.5045
v 56.9491 0.6318 -22.6046
v 56.6341 1.2488 -22.5846
v 57.2443 -0.2742 -22.9346
v 56.7714 0.2408 -19.7545
v 56.2872 1.5248 -21.3745
v 57.0734 0.2698 -21.0546
v 57.0494 -22.0862 -26.3945
v 57.1840 -22.1142 -25.7946
v 57.4143 -21.8852 -24.8845
v 57.1757 -20.8402 -27.8546
v 57.1866 -20.4982 -28.4446
v 57.5224 -19.9572 -27.8246
v 57.4648 -19.6222 -28.7146
v 57.4676 -19.3012 -29.3046
v 57.3200 -21.4892 -26.6746
v 57.5847 -21.5452 -25.4746
v 57.9085 -20.6512 -25.7445
v 57.8683 -20.9702 -25.1546
v 57.8218 -21.0522 -22.7545
v 58.0676 -20.3912 -24.8346
v 58.0456 -20.4522 -23.0346
v 58.1194 -19.7612 -25.7146
v 58.2015 -19.8082 -24.5145
v 58.2086 -19.5812 -22.4046
v 57.3107 -21.9362 -22.4846
v 57.2066 -21.9522 -21.8845
v 57.4409 -21.3782 -21.4446
v 57.6224 -21.3622 -22.1646
v 57.8218 -20.7832 -21.8446
v 57.3702 -20.8012 -20.6445
v 57.2054 -19.5562 -30.2146
v 57.4392 -18.6782 -29.8745
v 57.1511 -16.8302 -30.7146
v 57.4629 -17.7792 -29.8446
v 57.5802 -18.4062 -29.2645
v 57.6892 -18.7442 -28.3845
v 57.7614 -17.5472 -28.3346
v 58.6015 -16.9212 -21.7146
v 58.7452 -14.8062 -22.2346
v 58.3386 -17.5492 -20.5346
v 57.9468 -17.8602 -19.6445
v 57.9387 -15.5072 -26.7645
v 58.2276 -16.1752 -25.2846
v 58.5274 -13.4992 -24.8945
v 58.6216 -15.4632 -20.4546
v 57.6017 -16.3832 -18.3945
v 58.1714 -16.0812 -19.2846
v 58.6547 -14.0262 -18.6046
v 58.0701 -15.5072 -18.3645
v 57.6003 -15.5142 -17.4646
v 57.8219 -11.0182 -26.0045
v 58.8705 -12.7742 -20.3645
v 58.8744 -13.6852 -20.0946
v 58.1453 -14.3422 -17.4146
v 58.5382 -13.7412 -17.9945
v 58.7422 -13.4302 -18.5846
v 58.6117 -13.1442 -17.9746
v 58.8449 -12.8142 -19.1646
v 57.5409 -13.7382 -16.1946
v 57.6791 -14.6382 -16.8346
v 57.7006 -14.0492 -16.5045
v 57.7912 -13.7542 -16.4945
v 57.6488 -13.1572 -16.1746
v 58.0899 -13.1592 -16.7746
v 57.9071 -14.0502 -16.8046
v 58.3030 -13.7492 -17.3945
v 58.3906 -13.1532 -17.3745
v 58.3710 -10.8412 -23.3046
v 58.6441 -12.0772 -22.7445
v 58.7045 -11.5532 -20.6245
v 58.4489 -10.6082 -21.4945
v 58.6998 -12.5382 -18.2545
v 58.5043 -12.5502 -17.6046
v 58.7802 -11.9002 -19.4346
v 58.5472 -11.3292 -18.2146
v 58.4773 -11.9472 -17.6345
v 58.5398 -10.3962 -19.0846
v 57.9039 -12.5422 -16.4546
v 57.9998 -11.6532 -16.7246
v 58.2716 -12.5572 -17.0546
v 58.2132 -9.8212 -17.8645
v 57.9637 -7.2382 -22.5746
v 58.5312 -7.6942 -18.9846
v 58.0491 -7.1312 -17.1646
v 58.3191 -4.6212 -20.5846
v 58.4445 -7.1102 -18.3645
v 58.3194 -5.9132 -18.0246
v 58.1435 -6.2252 -17.4346
v 58.4227 -5.2862 -18.9046
v 58.2205 -3.4112 -20.6445
v 58.3114 -3.7372 -20.0546
v 58.3007 -4.3902 -18.5746
v 58.1498 -4.4032 -17.9746
v 58.2150 -3.7852 -18.5546
v 58.3051 -3.7692 -19.1546
v 58.2200 -3.1532 -19.4346
v 58.4084 -4.6642 -19.4846
v 58.2258 -3.1322 -20.0246
v 58.0873 -3.1782 -18.5346
v 57.9435 -2.2482 -19.0946
f 1 2 3
f 4 5 2
f 1 6 2
f 4 7 5
f 6 8 4
f 4 2 6
f 1 9 6
f 10 11 12
f 11 13 12
f 13 14 15
f 12 13 15
f 12 16 10
f 16 12 17
f 15 17 12
f 11 18 13
f 18 19 13
f 13 19 14
f 10 20 11
f 20 10 3
f 21 19 18
f 20 22 23
f 20 23 11
f 18 11 23
f 22 24 23
f 22 5 24
f 21 23 24
f 18 23 21
f 19 21 25
f 20 2 22
f 2 5 22
f 2 20 3
f 5 7 24
f 26 21 24
f 24 7 26
f 15 14 27
f 14 28 27
f 27 29 30
f 19 28 14
f 28 31 27
f 28 32 31
f 27 31 29
f 19 25 28
f 25 32 28
f 32 33 31
f 34 25 35
f 32 25 34
f 36 33 32
f 30 29 37
f 29 38 37
f 31 33 29
f 29 33 39
f 29 39 38
f 40 38 39
f 39 41 40
f 42 9 1
f 1 43 42
f 3 43 1
f 42 43 44
f 42 45 9
f 42 46 45
f 42 44 46
f 44 47 46
f 45 46 48
f 48 46 47
f 49 50 47
f 16 17 51
f 52 16 51
f 51 53 52
f 54 55 52
f 52 53 54
f 10 16 3
f 3 16 56
f 56 16 52
f 57 56 52
f 52 55 57
f 58 57 55
f 59 58 55
f 54 59 55
f 56 43 3
f 57 60 56
f 58 61 60
f 58 60 57
f 62 58 59
f 63 59 54
f 63 62 59
f 43 60 44
f 56 60 43
f 61 44 60
f 64 61 58
f 62 64 58
f 44 61 47
f 49 47 61
f 50 49 65
f 15 66 17
f 17 67 51
f 17 66 67
f 66 68 67
f 66 30 68
f 51 67 53
f 67 68 53
f 30 69 68
f 53 68 70
f 68 69 70
f 70 69 71
f 69 72 71
f 54 53 70
f 66 15 27
f 66 27 30
f 30 73 69
f 69 73 72
f 72 74 71
f 70 75 54
f 76 75 70
f 71 76 70
f 71 74 76
f 63 54 75
f 75 76 77
f 74 77 76
f 30 37 73
f 78 79 73
f 73 79 72
f 72 80 74
f 72 79 80
f 73 37 78
f 37 38 78
f 38 81 78
f 78 81 79
f 81 82 79
f 79 83 80
f 79 82 83
f 83 84 80
f 81 38 85
f 86 82 81
f 82 87 83
f 81 85 86
f 88 82 86
f 87 82 88
f 83 87 89
f 40 85 38
f 85 40 90
f 40 41 90
f 86 85 90
f 90 88 86
f 87 88 91
f 92 87 91
f 89 87 92
f 62 63 93
f 94 62 93
f 94 93 95
f 95 93 96
f 94 64 62
f 97 95 96
f 98 94 95
f 49 61 64
f 98 99 94
f 99 64 94
f 100 95 97
f 65 49 64
f 65 64 99
f 99 98 101
f 95 100 98
f 96 93 63
f 96 63 75
f 75 77 96
f 77 74 102
f 84 102 74
f 77 102 103
f 97 96 104
f 96 77 104
f 104 77 103
f 103 102 105
f 103 105 106
f 104 103 107
f 107 103 106
f 100 97 108
f 97 104 108
f 104 107 108
f 108 107 109
f 107 106 109
f 106 110 109
f 74 80 84
f 84 105 102
f 105 84 111
f 84 83 111
f 105 110 106
f 105 111 110
f 83 89 111
f 110 111 112
f 113 114 115
f 114 116 115
f 116 114 117
f 118 116 117
f 119 120 121
f 121 122 123
f 120 122 121
f 124 123 122
f 113 125 126
f 124 125 123
f 127 128 129
f 130 127 129
f 131 127 130
f 132 133 131
f 131 130 132
f 130 134 132
f 130 129 134
f 129 135 134
f 129 136 135
f 133 132 137
f 137 132 134
f 136 138 135
f 136 139 138
f 135 140 134
f 135 138 140
f 139 141 138
f 142 143 144
f 127 142 144
f 143 145 146
f 144 143 146
f 147 113 142
f 147 142 131
f 131 142 127
f 128 127 144
f 144 146 128
f 146 148 128
f 149 147 133
f 133 147 131
f 129 128 150
f 128 148 150
f 148 151 150
f 150 136 129
f 136 150 151
f 121 123 149
f 137 121 149
f 137 149 133
f 139 136 151
f 119 121 137
f 142 115 143
f 145 152 146
f 145 153 152
f 153 154 152
f 152 148 146
f 152 155 148
f 152 154 155
f 113 149 123
f 113 147 149
f 155 151 148
f 116 118 156
f 142 113 115
f 143 115 116
f 156 143 116
f 145 143 156
f 156 153 145
f 125 113 123
f 153 156 118
f 157 153 118
f 157 158 153
f 159 158 157
f 155 160 151
f 160 161 151
f 151 161 139
f 141 139 162
f 139 161 162
f 154 163 155
f 160 155 163
f 160 163 164
f 164 161 160
f 164 165 161
f 165 166 161
f 166 162 161
f 153 158 154
f 154 158 167
f 167 163 154
f 168 163 167
f 168 164 163
f 164 168 165
f 167 159 169
f 167 158 159
f 168 167 169
f 165 168 170
f 170 166 165
f 171 122 172
f 172 122 120
f 120 173 172
f 172 174 171
f 172 173 175
f 175 173 176
f 175 176 177
f 137 134 178
f 179 178 134
f 134 140 179
f 178 119 137
f 178 180 119
f 179 181 178
f 140 182 179
f 140 138 182
f 141 182 138
f 183 184 178
f 178 181 183
f 185 181 179
f 185 183 181
f 179 182 185
f 182 186 185
f 187 186 182
f 183 185 188
f 188 185 189
f 189 185 186
f 120 119 180
f 141 190 182
f 178 184 180
f 187 190 191
f 187 182 190
f 180 184 192
f 183 192 184
f 193 192 183
f 188 193 183
f 194 193 188
f 189 194 188
f 186 187 195
f 187 191 195
f 194 189 196
f 189 186 195
f 196 189 195
f 120 180 173
f 173 180 197
f 195 191 198
f 197 180 192
f 197 192 199
f 199 192 200
f 192 193 200
f 201 200 194
f 200 193 194
f 194 196 201
f 201 196 202
f 196 195 202
f 195 203 204
f 198 203 195
f 176 173 197
f 205 176 197
f 205 199 200
f 205 197 199
f 201 202 204
f 202 195 204
f 203 206 204
f 176 205 177
f 177 205 207
f 201 204 208
f 206 208 204
f 207 205 200
f 209 207 200
f 209 200 210
f 200 201 210
f 201 208 210
f 211 141 162
f 162 212 211
f 190 211 213
f 141 211 190
f 190 213 191
f 166 212 162
f 213 211 212
f 191 213 198
f 214 212 166
f 214 213 212
f 215 198 213
f 214 215 213
f 215 203 198
f 214 166 216
f 215 214 216
f 203 215 206
f 217 218 219
f 219 220 217
f 221 35 21
f 21 26 221
f 25 21 35
f 221 26 218
f 217 222 221
f 35 221 222
f 221 218 217
f 35 222 34
f 219 218 223
f 7 223 26
f 223 218 26
f 224 225 219
f 7 224 223
f 224 219 223
f 224 4 8
f 224 7 4
f 226 6 227
f 8 6 226
f 6 9 227
f 225 8 226
f 225 224 8
f 220 219 225
f 225 226 228
f 229 230 226
f 227 229 226
f 225 228 220
f 230 231 228
f 228 226 230
f 232 230 229
f 233 231 230
f 233 230 232
f 233 232 234
f 232 235 234
f 36 32 34
f 34 236 36
f 237 39 33
f 36 237 33
f 39 238 41
f 237 239 238
f 237 240 239
f 238 39 237
f 41 238 241
f 36 240 237
f 238 239 242
f 242 241 238
f 240 36 236
f 240 243 239
f 239 243 244
f 244 242 239
f 245 242 244
f 241 242 245
f 245 246 241
f 244 243 247
f 245 244 247
f 247 248 245
f 248 246 245
f 248 249 246
f 47 250 48
f 47 50 250
f 227 45 229
f 9 45 227
f 45 48 251
f 252 253 250
f 229 45 251
f 250 253 254
f 232 229 251
f 48 250 254
f 253 255 254
f 232 251 235
f 254 251 48
f 256 254 255
f 257 256 255
f 258 235 254
f 254 235 251
f 258 254 256
f 259 258 256
f 256 257 259
f 50 252 250
f 65 252 50
f 41 260 90
f 260 261 88
f 90 260 88
f 88 261 91
f 41 241 260
f 261 260 262
f 263 91 261
f 263 264 91
f 91 264 92
f 265 92 264
f 265 89 92
f 260 241 262
f 266 265 264
f 267 266 264
f 268 266 267
f 269 267 270
f 269 268 267
f 269 271 272
f 270 271 269
f 268 269 273
f 241 246 262
f 263 261 262
f 274 275 262
f 275 263 262
f 274 262 246
f 264 263 275
f 264 275 267
f 249 274 246
f 270 267 275
f 276 274 249
f 276 270 274
f 270 275 274
f 277 270 276
f 257 255 278
f 279 65 99
f 99 101 279
f 101 98 280
f 253 252 65
f 281 65 279
f 279 101 282
f 282 101 283
f 283 101 280
f 283 280 284
f 281 253 65
f 281 279 285
f 285 279 282
f 282 283 286
f 283 287 286
f 287 283 284
f 255 253 281
f 278 255 281
f 286 285 282
f 288 278 281
f 281 285 288
f 286 288 285
f 289 278 288
f 289 288 290
f 288 286 290
f 287 290 286
f 257 278 291
f 290 287 292
f 280 100 284
f 280 98 100
f 108 284 100
f 284 108 293
f 108 109 293
f 109 110 294
f 109 294 293
f 284 293 295
f 295 293 296
f 293 294 296
f 287 284 297
f 297 284 295
f 295 296 298
f 297 292 287
f 299 292 297
f 297 295 299
f 295 298 299
f 300 292 299
f 301 300 299
f 298 301 299
f 89 302 111
f 111 302 112
f 265 302 89
f 294 110 303
f 303 110 112
f 265 266 302
f 112 304 305
f 302 304 112
f 266 304 302
f 303 305 306
f 303 112 305
f 294 303 306
f 305 307 306
f 306 296 294
f 304 308 309
f 308 304 266
f 268 308 266
f 309 305 304
f 306 307 296
f 308 310 309
f 311 305 309
f 310 311 309
f 307 298 296
f 298 307 312
f 312 307 311
f 311 307 305
f 308 273 310
f 268 273 308
f 313 311 310
f 314 113 126
f 314 126 315
f 315 126 125
f 314 117 114
f 113 314 114
f 316 118 117
f 316 317 118
f 317 157 118
f 317 316 318
f 317 318 319
f 319 320 321
f 171 124 122
f 322 125 124
f 322 124 171
f 174 322 171
f 323 324 325
f 174 324 323
f 317 159 157
f 319 159 317
f 319 169 159
f 170 168 169
f 326 166 170
f 170 169 327
f 328 326 170
f 327 169 319
f 328 170 327
f 329 326 328
f 321 327 319
f 330 328 327
f 331 329 328
f 330 331 328
f 332 333 329
f 332 329 331
f 327 321 330
f 334 331 330
f 334 332 331
f 335 336 333
f 335 333 332
f 337 334 330
f 334 335 332
f 335 338 336
f 174 172 175
f 174 175 324
f 339 324 175
f 339 175 177
f 340 324 339
f 341 340 339
f 325 324 340
f 325 340 342
f 342 340 341
f 343 342 341
f 177 207 339
f 207 344 339
f 208 206 345
f 344 207 209
f 344 209 346
f 209 210 346
f 346 210 345
f 345 210 208
f 347 348 206
f 344 349 339
f 345 206 348
f 349 344 346
f 341 339 349
f 346 345 350
f 345 351 350
f 348 351 345
f 350 349 346
f 341 349 352
f 352 349 350
f 353 352 350
f 351 353 350
f 354 355 351
f 354 351 348
f 351 355 353
f 352 343 341
f 338 356 355
f 326 216 166
f 347 216 357
f 215 347 206
f 347 215 216
f 358 216 326
f 358 357 216
f 348 347 357
f 329 359 358
f 329 358 326
f 359 357 358
f 359 360 357
f 360 348 357
f 329 333 359
f 333 360 359
f 360 333 354
f 354 348 360
f 336 354 333
f 336 338 354
f 338 355 354
f 220 361 217
f 362 222 217
f 361 362 217
f 363 34 222
f 363 222 364
f 236 34 363
f 365 240 236
f 365 236 363
f 243 240 366
f 367 243 366
f 368 366 240
f 369 370 367
f 366 368 367
f 367 368 371
f 370 248 247
f 367 247 243
f 367 370 247
f 372 370 369
f 369 373 372
f 374 372 375
f 376 249 248
f 370 372 248
f 248 372 376
f 372 374 376
f 235 258 234
f 257 377 259
f 257 291 377
f 259 378 258
f 377 378 259
f 379 234 258
f 378 377 380
f 381 377 291
f 273 269 272
f 382 271 277
f 382 272 271
f 383 384 382
f 384 385 382
f 385 273 272
f 385 272 382
f 385 386 273
f 387 386 385
f 388 389 374
f 388 383 389
f 384 383 388
f 390 387 384
f 390 384 388
f 387 385 384
f 374 391 388
f 391 390 388
f 390 392 387
f 392 393 387
f 393 394 387
f 375 395 391
f 374 375 391
f 395 390 391
f 394 393 396
f 396 397 394
f 376 276 249
f 277 271 270
f 389 276 376
f 389 277 276
f 389 383 277
f 383 382 277
f 374 389 376
f 291 278 289
f 398 289 290
f 398 290 399
f 289 398 291
f 381 291 398
f 399 290 292
f 301 298 312
f 292 300 399
f 300 301 400
f 301 312 401
f 402 399 300
f 400 301 403
f 301 401 403
f 402 300 400
f 399 404 398
f 404 399 402
f 402 400 405
f 400 403 405
f 406 404 402
f 405 406 402
f 397 406 405
f 403 397 405
f 407 398 404
f 404 408 407
f 406 408 404
f 273 386 310
f 386 313 310
f 313 312 311
f 313 409 401
f 409 313 386
f 401 312 313
f 403 401 409
f 386 387 394
f 386 394 409
f 409 394 397
f 409 397 403
f 315 410 314
f 314 410 411
f 117 412 413
f 117 413 316
f 413 414 316
f 174 415 322
f 314 412 117
f 125 322 416
f 315 125 410
f 410 125 416
f 414 318 316
f 417 321 320
f 330 321 417
f 320 319 318
f 417 337 330
f 417 418 337
f 323 325 419
f 325 420 419
f 421 422 423
f 356 422 424
f 425 426 427
f 424 422 421
f 337 427 426
f 422 356 425
f 425 356 338
f 427 337 418
f 337 426 334
f 426 335 334
f 425 335 426
f 425 338 335
f 428 429 361
f 362 361 429
f 429 430 362
f 431 429 428
f 222 430 364
f 432 363 364
f 432 365 363
f 432 433 365
f 368 365 433
f 420 325 342
f 343 420 342
f 421 420 343
f 424 353 356
f 355 356 353
f 352 421 343
f 424 421 352
f 353 424 352
f 220 428 361
f 434 428 220
f 220 228 434
f 435 434 228
f 436 435 437
f 434 435 436
f 222 362 430
f 240 365 368
f 369 371 438
f 438 439 369
f 228 231 435
f 437 435 231
f 231 233 440
f 440 437 231
f 234 379 233
f 367 371 369
f 439 373 369
f 439 441 373
f 258 378 379
f 378 380 442
f 381 442 380
f 443 444 445
f 373 375 372
f 375 373 441
f 395 375 446
f 447 448 395
f 446 447 395
f 446 375 441
f 447 444 448
f 447 445 444
f 381 380 377
f 381 398 407
f 407 449 381
f 408 406 450
f 451 408 450
f 452 408 451
f 408 452 407
f 453 454 443
f 452 455 407
f 454 455 452
f 451 454 452
f 448 456 395
f 395 456 390
f 456 457 392
f 456 392 390
f 457 393 392
f 406 397 450
f 396 450 397
f 396 458 450
f 457 458 393
f 393 458 396
f 448 459 456
f 456 459 457
f 450 458 460
f 458 457 460
f 459 448 444
f 459 460 457
f 450 460 451
f 454 460 443
f 460 444 443
f 444 460 459
f 460 454 451
f 314 461 412
f 462 461 314
f 411 462 314
f 463 462 411
f 464 413 412
f 465 413 464
f 410 463 411
f 463 410 416
f 415 416 322
f 416 415 463
f 413 465 414
f 466 318 414
f 320 318 466
f 465 466 414
f 320 466 467
f 415 174 468
f 468 174 323
f 469 323 419
f 420 469 419
f 470 468 323
f 415 468 471
f 471 468 470
f 470 323 472
f 467 417 320
f 467 418 417
f 473 418 467
f 474 475 418
f 474 425 475
f 473 474 418
f 429 431 476
f 476 477 429
f 476 431 478
f 478 479 476
f 430 477 364
f 430 429 477
f 364 477 432
f 477 480 432
f 481 433 432
f 433 481 482
f 483 433 482
f 421 484 420
f 423 484 421
f 475 425 427
f 475 427 418
f 423 422 425
f 485 434 436
f 478 485 486
f 487 485 436
f 486 485 487
f 485 431 428
f 485 478 431
f 485 428 434
f 433 483 368
f 436 488 489
f 437 490 488
f 436 437 488
f 483 371 368
f 438 371 483
f 439 491 441
f 440 492 490
f 492 440 233
f 379 492 233
f 442 379 378
f 437 440 490
f 493 379 442
f 492 379 493
f 494 495 442
f 446 441 491
f 447 496 445
f 446 491 497
f 446 497 496
f 496 498 445
f 442 381 494
f 494 381 449
f 455 449 407
f 455 499 449
f 500 449 499
f 453 443 445
f 496 447 446
f 498 453 445
f 454 453 455
f 501 502 463
f 501 463 503
f 502 462 463
f 503 463 504
f 505 506 507
f 507 508 504
f 505 509 506
f 508 503 504
f 510 503 508
f 507 510 508
f 510 507 506
f 510 506 509
f 461 462 511
f 512 461 511
f 412 461 512
f 512 464 412
f 466 465 513
f 514 466 513
f 464 512 465
f 513 465 512
f 515 516 514
f 516 517 514
f 518 517 516
f 519 517 518
f 515 514 513
f 516 515 520
f 520 518 516
f 518 520 521
f 522 479 523
f 523 477 522
f 415 507 504
f 471 505 415
f 415 505 507
f 471 524 505
f 524 471 525
f 509 505 524
f 524 525 526
f 463 415 504
f 466 514 467
f 527 473 528
f 527 529 473
f 467 514 530
f 530 528 467
f 531 527 532
f 527 528 532
f 529 527 531
f 514 517 530
f 532 528 530
f 530 517 519
f 519 518 533
f 530 519 533
f 530 533 532
f 533 521 532
f 518 521 533
f 528 473 467
f 531 532 534
f 531 534 529
f 534 535 529
f 534 536 535
f 532 521 479
f 534 532 479
f 536 534 479
f 479 521 537
f 476 522 477
f 479 522 476
f 480 477 538
f 538 539 480
f 480 481 432
f 539 481 480
f 540 541 481
f 323 469 472
f 471 470 525
f 542 420 484
f 525 470 526
f 472 526 470
f 543 472 469
f 543 469 420
f 420 542 543
f 544 543 542
f 423 545 542
f 472 543 546
f 529 474 473
f 547 425 474
f 474 529 548
f 549 425 547
f 484 423 542
f 550 551 552
f 551 547 553
f 474 553 547
f 554 553 474
f 474 548 554
f 423 425 549
f 548 555 554
f 552 553 554
f 554 555 552
f 423 549 556
f 553 552 551
f 551 556 549
f 551 549 547
f 556 545 423
f 551 557 558
f 558 556 551
f 551 559 560
f 478 536 479
f 536 478 486
f 536 486 535
f 555 535 486
f 487 552 555
f 555 486 487
f 550 552 487
f 548 529 535
f 548 535 555
f 551 550 559
f 561 483 482
f 482 481 541
f 561 482 562
f 482 541 562
f 562 541 563
f 564 561 562
f 565 566 488
f 567 565 488
f 436 550 487
f 489 550 436
f 550 489 559
f 489 566 559
f 566 489 488
f 483 561 568
f 568 438 483
f 568 569 438
f 569 568 561
f 564 491 569
f 564 569 561
f 439 438 569
f 490 492 570
f 488 490 570
f 488 570 567
f 567 570 571
f 570 572 571
f 572 570 573
f 573 574 572
f 575 497 491
f 491 439 569
f 492 493 573
f 573 570 492
f 493 574 573
f 574 493 442
f 576 577 495
f 574 442 495
f 577 574 495
f 578 577 576
f 494 500 495
f 576 495 500
f 576 500 579
f 580 579 500
f 576 579 578
f 581 498 582
f 581 453 498
f 580 499 581
f 580 500 499
f 581 582 583
f 583 580 581
f 496 582 498
f 582 496 497
f 500 494 449
f 455 581 499
f 455 453 581
f 584 585 586
f 587 588 586
f 585 587 586
f 588 589 586
f 590 585 584
f 587 591 588
f 592 589 593
f 593 594 592
f 595 594 593
f 596 594 595
f 503 597 584
f 598 597 503
f 502 501 584
f 584 501 503
f 502 586 462
f 584 586 502
f 462 586 589
f 589 592 462
f 462 592 511
f 511 599 512
f 511 594 599
f 512 599 513
f 596 599 594
f 594 511 592
f 600 601 596
f 599 515 513
f 601 599 596
f 601 515 599
f 602 603 604
f 602 605 603
f 606 603 605
f 607 608 609
f 608 607 523
f 606 610 611
f 611 612 606
f 609 538 607
f 613 538 609
f 613 614 539
f 509 615 510
f 615 509 616
f 598 503 510
f 615 598 510
f 615 616 617
f 603 520 601
f 515 601 520
f 604 603 601
f 479 537 523
f 603 521 520
f 537 521 603
f 537 603 612
f 612 523 537
f 612 603 606
f 607 538 477
f 477 523 607
f 539 538 613
f 540 481 539
f 539 618 540
f 618 619 540
f 539 614 618
f 614 620 618
f 618 620 619
f 619 621 540
f 621 619 622
f 619 620 622
f 509 524 616
f 616 524 623
f 524 624 623
f 526 624 524
f 623 624 625
f 626 627 628
f 628 627 629
f 627 630 629
f 629 630 631
f 628 632 626
f 633 632 628
f 633 628 631
f 628 629 631
f 632 634 626
f 633 635 636
f 637 632 636
f 636 632 633
f 633 631 636
f 637 638 634
f 632 637 634
f 631 639 636
f 640 637 636
f 640 636 635
f 640 635 636
f 635 633 636
f 641 638 637
f 621 541 540
f 546 526 472
f 642 526 546
f 544 643 546
f 644 545 645
f 544 546 543
f 545 644 542
f 646 645 630
f 542 644 647
f 646 644 645
f 648 647 646
f 644 646 647
f 544 542 647
f 646 627 626
f 630 627 646
f 626 648 646
f 634 648 626
f 647 648 649
f 649 544 647
f 638 648 634
f 648 638 649
f 650 651 652
f 650 653 651
f 638 654 649
f 652 655 639
f 651 655 652
f 653 656 651
f 558 645 556
f 551 560 557
f 556 645 545
f 560 559 566
f 630 645 657
f 558 657 645
f 557 657 558
f 557 658 657
f 557 560 658
f 630 657 631
f 657 658 631
f 658 560 631
f 560 566 652
f 631 560 639
f 639 560 652
f 563 541 621
f 659 660 564
f 659 562 563
f 659 564 562
f 650 661 653
f 652 661 650
f 662 653 661
f 663 653 662
f 656 663 664
f 653 663 656
f 665 666 663
f 663 565 567
f 566 565 661
f 567 665 663
f 661 565 662
f 565 663 662
f 652 566 661
f 667 665 571
f 665 667 668
f 564 575 491
f 660 575 564
f 669 670 575
f 571 665 567
f 571 671 667
f 671 571 574
f 574 571 572
f 574 672 671
f 673 577 674
f 675 577 673
f 675 673 676
f 673 674 676
f 674 677 678
f 678 676 674
f 579 580 677
f 679 677 580
f 679 680 681
f 679 681 677
f 677 681 678
f 682 582 497
f 575 670 497
f 670 682 497
f 583 582 679
f 679 582 680
f 682 680 582
f 577 578 674
f 574 577 672
f 675 672 577
f 578 677 674
f 677 578 579
f 679 580 583
f 683 684 685
f 683 685 686
f 687 688 685
f 687 689 688
f 690 691 692
f 692 691 693
f 694 695 686
f 686 696 694
f 697 698 695
f 695 694 697
f 699 698 697
f 700 701 695
f 698 700 695
f 698 699 702
f 701 686 695
f 698 703 700
f 704 591 587
f 585 704 587
f 704 705 591
f 706 704 585
f 706 707 704
f 705 708 591
f 696 704 707
f 694 696 707
f 694 707 697
f 697 707 706
f 686 685 705
f 696 705 704
f 696 686 705
f 705 685 688
f 688 708 705
f 708 688 689
f 709 708 689
f 692 708 709
f 708 710 591
f 708 692 710
f 710 711 712
f 692 693 711
f 711 710 692
f 693 713 711
f 713 712 711
f 712 713 714
f 714 589 712
f 697 706 715
f 697 715 699
f 715 716 699
f 717 699 716
f 702 699 717
f 718 719 702
f 702 717 718
f 720 718 717
f 719 718 721
f 720 722 721
f 718 720 721
f 706 585 590
f 706 590 715
f 715 590 723
f 597 716 723
f 723 584 597
f 590 584 723
f 716 715 723
f 588 591 589
f 591 710 589
f 712 589 710
f 595 593 724
f 595 724 596
f 589 724 593
f 600 596 724
f 589 714 724
f 725 726 727
f 724 725 727
f 727 600 724
f 727 728 600
f 726 728 727
f 724 714 725
f 729 602 728
f 729 730 602
f 731 732 733
f 734 732 731
f 733 732 735
f 730 729 734
f 729 736 734
f 734 736 732
f 728 736 729
f 737 735 732
f 608 733 738
f 735 739 738
f 608 738 739
f 738 733 735
f 740 608 741
f 742 743 744
f 744 745 746
f 747 748 749
f 615 748 747
f 615 617 748
f 717 716 747
f 749 720 717
f 749 717 747
f 749 748 750
f 749 751 720
f 750 752 749
f 753 754 750
f 753 750 748
f 748 617 753
f 722 720 751
f 751 749 752
f 755 752 750
f 755 750 754
f 751 752 756
f 752 755 756
f 757 758 755
f 754 757 755
f 759 722 751
f 759 751 756
f 760 756 755
f 760 755 758
f 761 762 757
f 757 754 761
f 763 722 759
f 764 756 760
f 758 757 765
f 757 762 765
f 747 597 598
f 598 615 747
f 747 716 597
f 604 601 600
f 766 605 602
f 606 605 610
f 600 602 604
f 600 728 602
f 610 605 766
f 610 766 731
f 610 731 767
f 733 767 731
f 766 602 730
f 731 766 730
f 731 730 734
f 609 608 740
f 767 523 612
f 767 611 610
f 612 611 767
f 733 608 523
f 767 733 523
f 613 609 742
f 740 743 609
f 742 609 743
f 742 746 613
f 746 742 744
f 768 620 614
f 613 769 614
f 768 770 620
f 769 768 614
f 622 770 771
f 746 769 613
f 617 616 772
f 617 772 753
f 772 616 773
f 772 754 753
f 772 774 754
f 773 774 772
f 773 616 775
f 775 616 776
f 774 762 761
f 754 774 761
f 775 777 773
f 775 776 778
f 762 774 779
f 779 774 777
f 774 773 777
f 777 775 780
f 776 616 623
f 625 781 623
f 781 776 623
f 778 776 782
f 783 782 776
f 783 776 781
f 622 620 770
f 621 622 771
f 621 784 785
f 786 624 526
f 786 526 642
f 625 624 787
f 788 786 642
f 624 786 787
f 786 789 787
f 788 789 786
f 789 788 790
f 790 788 791
f 788 792 791
f 640 641 637
f 640 793 641
f 793 640 636
f 794 795 641
f 794 641 793
f 639 796 636
f 793 636 796
f 794 797 795
f 793 797 794
f 793 796 797
f 798 795 797
f 798 641 795
f 563 621 785
f 785 799 563
f 799 659 563
f 799 800 659
f 785 801 799
f 802 659 800
f 803 788 642
f 803 804 792
f 805 806 792
f 807 806 805
f 808 809 807
f 810 809 808
f 788 803 792
f 806 811 792
f 807 809 806
f 812 810 808
f 813 814 811
f 811 806 813
f 815 813 816
f 816 813 806
f 817 815 816
f 809 816 806
f 809 817 816
f 817 809 810
f 643 544 818
f 818 544 649
f 819 651 656
f 803 642 546
f 643 818 820
f 820 821 822
f 820 649 823
f 820 818 649
f 805 820 822
f 819 805 822
f 812 808 819
f 819 656 812
f 824 812 656
f 804 803 546
f 649 654 823
f 643 804 546
f 820 804 643
f 820 654 821
f 823 654 820
f 805 804 820
f 804 805 792
f 805 819 807
f 819 808 807
f 824 810 812
f 641 654 638
f 655 825 796
f 796 639 655
f 826 655 651
f 819 826 651
f 798 654 641
f 826 825 655
f 822 826 819
f 798 821 654
f 825 821 797
f 821 798 797
f 797 796 825
f 821 825 826
f 821 826 822
f 659 802 660
f 827 660 802
f 660 828 669
f 827 828 660
f 829 824 830
f 824 829 831
f 832 824 831
f 664 663 666
f 666 665 668
f 833 664 666
f 666 668 833
f 824 656 830
f 656 664 830
f 829 830 664
f 829 664 833
f 829 834 831
f 834 829 833
f 835 833 668
f 831 834 836
f 668 837 835
f 834 838 836
f 834 833 838
f 838 833 835
f 837 839 835
f 837 668 667
f 837 667 840
f 840 839 837
f 682 670 669
f 669 575 660
f 672 840 671
f 841 840 672
f 671 840 667
f 675 841 672
f 842 675 676
f 841 675 842
f 841 842 843
f 842 676 678
f 844 678 681
f 681 845 844
f 845 846 844
f 680 845 681
f 845 680 682
f 847 848 849
f 849 850 851
f 849 852 847
f 849 851 852
f 853 854 855
f 853 855 856
f 857 858 854
f 858 859 860
f 858 860 854
f 854 860 855
f 857 853 861
f 857 861 862
f 857 854 853
f 859 863 847
f 847 852 859
f 852 860 859
f 863 859 858
f 858 857 862
f 855 860 864
f 865 847 863
f 865 858 862
f 865 863 858
f 852 864 860
f 850 864 851
f 852 851 864
f 866 867 868
f 869 870 866
f 871 868 867
f 872 871 867
f 870 867 866
f 868 873 874
f 873 875 874
f 875 876 877
f 871 878 873
f 868 871 873
f 878 875 873
f 879 875 878
f 880 881 878
f 871 880 878
f 882 875 879
f 882 876 875
f 883 884 885
f 884 886 885
f 887 861 856
f 888 889 887
f 883 888 887
f 887 856 883
f 856 884 883
f 890 891 856
f 888 883 892
f 885 893 883
f 893 892 883
f 884 856 891
f 891 894 895
f 896 892 893
f 886 884 891
f 861 853 856
f 890 856 855
f 864 890 855
f 861 887 889
f 890 897 891
f 897 894 891
f 897 898 894
f 899 892 896
f 900 862 889
f 862 861 889
f 900 889 888
f 901 900 888
f 888 892 901
f 901 892 899
f 900 902 862
f 902 900 903
f 903 900 901
f 904 903 901
f 904 901 899
f 905 904 899
f 906 684 894
f 898 906 894
f 864 907 890
f 890 907 897
f 897 907 908
f 908 898 897
f 908 909 898
f 906 898 909
f 909 910 911
f 907 910 908
f 909 908 910
f 912 913 914
f 914 866 868
f 913 915 914
f 866 914 915
f 913 916 915
f 917 916 913
f 869 915 918
f 869 866 915
f 917 919 911
f 920 869 918
f 918 915 916
f 874 713 693
f 874 693 914
f 874 877 713
f 914 868 874
f 877 921 713
f 874 875 877
f 877 876 921
f 876 922 921
f 923 922 876
f 924 925 922
f 926 895 927
f 928 893 885
f 885 886 928
f 886 929 930
f 931 932 928
f 933 931 928
f 928 886 933
f 930 934 886
f 886 934 933
f 935 936 937
f 933 934 938
f 929 886 891
f 926 929 895
f 929 891 895
f 939 896 893
f 932 939 893
f 893 928 932
f 940 929 926
f 930 929 940
f 927 935 926
f 935 940 926
f 927 936 935
f 934 930 940
f 935 703 940
f 937 703 935
f 931 938 941
f 933 938 931
f 940 703 934
f 942 899 896
f 896 939 942
f 943 939 932
f 931 944 932
f 931 941 944
f 942 939 943
f 932 944 943
f 943 944 945
f 905 899 942
f 905 942 943
f 683 686 927
f 684 687 685
f 927 686 701
f 894 684 683
f 895 894 683
f 927 701 936
f 927 895 683
f 909 946 684
f 936 701 937
f 906 909 684
f 909 911 946
f 684 689 687
f 684 946 689
f 947 709 689
f 709 690 692
f 947 689 946
f 690 709 947
f 917 913 912
f 917 912 690
f 911 919 946
f 917 690 919
f 947 946 919
f 690 947 919
f 914 693 691
f 914 691 912
f 690 912 691
f 921 714 713
f 922 948 921
f 714 921 949
f 948 949 921
f 950 949 948
f 922 925 948
f 948 925 950
f 950 951 952
f 953 950 925
f 954 951 950
f 719 721 955
f 956 941 938
f 956 938 934
f 957 955 721
f 934 958 956
f 934 703 958
f 703 959 958
f 960 941 956
f 956 958 960
f 958 961 960
f 958 959 961
f 959 962 961
f 963 962 959
f 941 960 964
f 964 960 965
f 965 960 961
f 965 961 962
f 966 964 965
f 965 955 966
f 962 955 965
f 955 957 966
f 967 941 964
f 967 944 941
f 964 966 967
f 967 966 957
f 968 967 957
f 944 967 945
f 969 967 968
f 701 700 703
f 698 702 955
f 719 955 702
f 962 963 698
f 955 962 698
f 703 937 701
f 963 703 698
f 703 963 959
f 725 714 949
f 950 725 949
f 970 725 971
f 952 725 950
f 971 725 952
f 737 736 972
f 736 728 973
f 973 972 736
f 972 974 739
f 975 726 970
f 728 975 973
f 976 973 975
f 975 970 976
f 976 970 977
f 978 976 977
f 973 976 978
f 978 972 973
f 979 980 974
f 978 981 972
f 974 972 979
f 977 981 978
f 977 970 982
f 739 974 741
f 741 983 984
f 985 983 986
f 745 987 988
f 989 990 745
f 991 990 989
f 985 990 991
f 992 993 994
f 994 993 995
f 987 996 992
f 957 997 968
f 998 997 999
f 1000 998 1001
f 1001 1002 1000
f 997 1003 968
f 1003 997 1004
f 997 1000 1004
f 997 998 1000
f 969 968 1005
f 968 1003 1006
f 968 1006 1005
f 1004 1006 1003
f 1006 1004 1007
f 722 957 721
f 1008 722 763
f 957 722 1008
f 1008 997 957
f 1008 1009 997
f 1009 1008 763
f 997 1001 999
f 1001 998 999
f 997 1009 1001
f 1001 1010 1002
f 1009 1010 1001
f 726 725 970
f 732 736 737
f 728 726 975
f 735 737 972
f 739 735 972
f 739 741 608
f 741 984 740
f 984 743 740
f 1011 743 984
f 1011 984 985
f 985 984 983
f 746 745 988
f 744 743 1011
f 989 745 744
f 744 991 989
f 744 1011 985
f 985 991 744
f 769 746 988
f 994 768 769
f 770 768 1012
f 1012 1013 770
f 988 994 769
f 768 994 1012
f 988 992 994
f 1014 1015 1013
f 1015 771 1013
f 992 988 987
f 1016 1012 994
f 1013 1012 1017
f 1017 1014 1013
f 995 1016 994
f 1012 1016 1017
f 1018 1016 995
f 1018 1017 1016
f 1014 1017 1019
f 1020 1014 1019
f 1018 995 1021
f 1017 1018 1019
f 1018 1021 1019
f 1022 1023 765
f 1024 1025 1026
f 1024 1023 1027
f 1026 1023 1024
f 1027 1023 1028
f 1028 1023 1022
f 1027 1029 1030
f 1030 1024 1027
f 1030 1025 1024
f 1027 1028 1031
f 1032 1029 1000
f 1000 1002 1032
f 1002 1025 1032
f 1032 1030 1029
f 1025 1030 1032
f 1031 1033 1029
f 1029 1027 1031
f 1000 1029 1004
f 1004 1029 1033
f 1007 1004 1033
f 1034 1031 1035
f 759 756 764
f 1036 760 1037
f 1036 764 760
f 1037 758 765
f 1037 760 758
f 765 762 1022
f 763 759 1038
f 759 764 1038
f 1039 1036 1037
f 1026 765 1023
f 1037 765 1026
f 1039 1038 764
f 1039 1026 1025
f 1039 764 1036
f 1026 1039 1037
f 1010 763 1038
f 1010 1038 1039
f 1010 1039 1025
f 1002 1010 1025
f 1009 763 1010
f 771 770 1013
f 771 784 621
f 771 1015 1020
f 1015 1014 1020
f 771 1040 784
f 1020 1041 1040
f 771 1020 1040
f 1042 784 1040
f 1043 1042 1040
f 779 1022 762
f 1022 779 1044
f 1022 1044 1028
f 1045 1028 1044
f 1046 1045 1044
f 1028 1045 1031
f 1031 1045 1035
f 1045 1047 1035
f 1045 1046 1047
f 1048 1035 1047
f 779 777 1049
f 1049 777 1050
f 780 1050 777
f 1051 1050 780
f 1051 780 1052
f 780 775 1052
f 1052 775 778
f 1050 1051 1053
f 1053 1051 1054
f 1044 779 1049
f 1050 1055 1049
f 1056 1051 1052
f 1051 1056 1054
f 1052 1057 1056
f 1053 1055 1050
f 1056 1057 1054
f 1058 1055 1059
f 1059 1055 1053
f 1053 1054 1059
f 1044 1055 1046
f 1049 1055 1044
f 1055 1060 1046
f 1060 1055 1058
f 1061 1060 1058
f 1046 1060 1047
f 1060 1061 1047
f 1047 1061 1062
f 1047 1062 1048
f 1052 778 782
f 783 1063 782
f 781 1063 783
f 781 625 1064
f 781 1064 1063
f 782 1057 1052
f 782 1063 1057
f 1057 1063 1065
f 1054 1057 1066
f 1067 1063 1064
f 1067 1065 1063
f 1065 1068 1057
f 1066 1057 1068
f 1067 1068 1065
f 784 1042 785
f 785 1042 801
f 1042 1043 801
f 1043 1069 801
f 1070 801 1069
f 1070 1071 801
f 1054 1066 1072
f 1072 1059 1054
f 1073 1074 1072
f 1072 1075 1073
f 1075 811 1073
f 1058 1059 1074
f 1072 1074 1059
f 1074 1073 1076
f 1058 1074 1061
f 1074 1076 1061
f 1076 1077 1061
f 1077 1076 1078
f 1061 1077 1079
f 1062 1061 1079
f 1064 625 787
f 1064 787 1080
f 790 1080 789
f 1080 787 789
f 1081 790 791
f 1082 1081 811
f 792 811 1081
f 1081 791 792
f 1064 1080 1083
f 1072 1084 1075
f 1083 1080 790
f 1083 790 1085
f 1075 1082 811
f 1075 1085 1082
f 1085 1081 1082
f 1081 1085 790
f 1068 1086 1066
f 1068 1067 1086
f 1067 1083 1086
f 1067 1064 1083
f 1072 1066 1084
f 1066 1086 1084
f 1086 1083 1084
f 1085 1075 1084
f 1083 1085 1084
f 800 799 801
f 1087 802 1071
f 1071 802 800
f 1087 827 802
f 1071 800 801
f 1087 1088 827
f 814 1078 1076
f 1073 814 1076
f 1078 1089 1077
f 1078 1090 1089
f 1078 1091 1090
f 1089 1079 1077
f 1079 1089 1092
f 1090 1092 1089
f 1073 811 814
f 814 813 1093
f 1093 813 815
f 815 1094 1093
f 815 817 1094
f 1095 1094 817
f 1096 1095 810
f 1095 817 810
f 1096 810 1097
f 814 1093 1078
f 1093 1091 1078
f 1091 1093 1094
f 1098 1091 1094
f 1094 1099 1098
f 1099 1094 1095
f 1098 1090 1091
f 1090 1098 1092
f 1100 828 1101
f 1100 1101 1088
f 1100 1102 828
f 1103 1102 1100
f 1101 828 827
f 1088 1101 827
f 1099 1095 1096
f 1104 1096 1097
f 1096 1105 1099
f 1096 1104 1105
f 1097 810 824
f 1106 824 832
f 1097 824 1106
f 836 832 831
f 1106 1104 1097
f 1106 832 836
f 1107 1104 1106
f 1105 1104 1107
f 838 835 1108
f 835 839 1108
f 839 1109 1108
f 1110 836 838
f 838 1108 1110
f 1110 1108 1109
f 1110 1109 1111
f 839 840 1112
f 1109 839 1112
f 1112 840 841
f 1109 1112 1111
f 841 843 1113
f 1111 1112 1114
f 841 1113 1114
f 841 1114 1112
f 1115 846 1116
f 845 1117 846
f 1117 1116 846
f 1117 845 1118
f 1119 1120 843
f 1119 843 842
f 1115 1119 842
f 1116 1119 1115
f 1121 1122 1118
f 1123 1117 1122
f 1116 1117 1123
f 1122 1117 1118
f 1118 682 669
f 1118 845 682
f 828 1118 669
f 828 1121 1118
f 1102 1121 828
f 842 678 1115
f 1115 678 844
f 844 846 1115
f 1124 1125 1126
f 1127 1124 1128
f 1128 1124 1126
f 1129 1127 1130
f 1130 1127 1131
f 1127 1128 1131
f 1128 1126 1131
f 1132 1133 1129
f 1132 1129 1130
f 1127 1129 1134
f 1124 1127 1134
f 1126 1125 1135
f 1135 1136 1126
f 1135 1125 1137
f 1138 1135 1137
f 1138 1139 1135
f 1139 1140 1135
f 1135 1140 1136
f 1140 1141 1136
f 1142 1143 1144
f 1144 1143 1145
f 1146 1144 1147
f 1147 1144 1145
f 1148 1146 1147
f 1149 1147 1145
f 1149 1150 1147
f 1151 1152 1153
f 1154 1151 1153
f 1155 1156 1142
f 1144 1155 1142
f 1157 1154 1142
f 1158 1159 1151
f 1154 1158 1151
f 1159 1152 1151
f 1132 1130 1156
f 1156 1130 1157
f 1130 1131 1157
f 1156 1146 1132
f 1156 1155 1146
f 1156 1157 1142
f 1146 1155 1144
f 1154 1157 1158
f 1133 1132 1146
f 1126 1136 1131
f 1157 1131 1158
f 1131 1136 1158
f 1158 1136 1159
f 1159 1136 1160
f 1148 1133 1146
f 1136 1161 1160
f 1162 865 1163
f 1164 1165 848
f 1165 849 848
f 848 847 1164
f 1153 850 849
f 1164 847 865
f 1154 1153 1165
f 1165 1153 849
f 1162 1164 865
f 1165 1143 1154
f 1143 1142 1154
f 1143 1164 1162
f 1143 1165 1164
f 1153 1166 850
f 1166 1167 850
f 1145 1143 1162
f 1149 1162 1163
f 1149 1145 1162
f 1168 1149 1163
f 1149 1168 1169
f 1170 1171 880
f 1171 1170 1172
f 1172 1170 1173
f 1153 1174 1166
f 1172 1159 1171
f 1159 1175 1171
f 1153 1152 1174
f 1159 1176 1175
f 1177 1174 1173
f 1178 1177 1179
f 1159 1180 1152
f 1152 1180 1174
f 1159 1172 1180
f 1180 1173 1174
f 1173 1180 1172
f 1174 1177 1166
f 1167 1166 1178
f 1178 1166 1177
f 1176 1159 1160
f 1171 1181 881
f 880 1171 881
f 1181 1182 881
f 1181 1183 1182
f 1181 1171 1175
f 1184 1182 1183
f 1181 1175 1176
f 1181 1176 1183
f 1176 1160 1183
f 1160 1161 1183
f 1184 1183 1185
f 1163 865 862
f 862 1186 1163
f 1186 862 1187
f 1163 1186 1168
f 1188 1186 1189
f 1187 1189 1186
f 1188 1168 1186
f 850 1190 864
f 850 1191 1190
f 907 864 1190
f 1190 910 907
f 850 1167 1191
f 910 1190 1191
f 1191 1167 910
f 1167 1192 910
f 911 910 1192
f 1170 871 872
f 880 871 1170
f 1177 872 867
f 1177 867 1193
f 870 1194 1193
f 867 870 1193
f 870 869 920
f 1173 872 1177
f 1173 1170 872
f 1177 1193 1179
f 1179 1193 1194
f 1195 1194 920
f 1194 870 920
f 918 1196 1195
f 920 918 1195
f 1179 1194 1196
f 917 1192 1196
f 1196 1194 1195
f 918 917 1196
f 1197 1179 1196
f 1167 1197 1192
f 1192 1197 1196
f 917 911 1192
f 1197 1178 1179
f 1178 1197 1167
f 881 879 878
f 879 881 1182
f 1182 882 879
f 876 882 923
f 882 1184 1198
f 882 1182 1184
f 923 882 1198
f 1198 1185 924
f 924 1185 1199
f 1198 1184 1185
f 1199 1200 1201
f 1200 1202 1203
f 1203 1202 1204
f 1205 1206 904
f 1206 1205 1207
f 1207 1205 1208
f 1209 902 903
f 1206 903 904
f 902 1209 862
f 1206 1209 903
f 862 1209 1187
f 1187 1209 1210
f 1210 1209 1206
f 1210 1206 1207
f 1211 1187 1210
f 1211 1212 1187
f 1211 1213 1212
f 1213 1211 1214
f 1214 1211 1210
f 1214 1210 1207
f 1214 1207 1208
f 1214 1208 1215
f 917 918 916
f 924 922 923
f 925 924 1216
f 925 1216 953
f 924 923 1198
f 1216 924 1217
f 1217 1201 1216
f 1199 1217 924
f 1217 1199 1201
f 953 1201 954
f 1201 951 954
f 1216 1201 953
f 1201 1203 951
f 951 1204 1218
f 1219 1218 1220
f 1218 1204 1220
f 1203 1201 1200
f 1204 951 1203
f 1220 1204 1221
f 1221 1222 1220
f 1223 904 905
f 1223 905 1224
f 1205 904 1223
f 1208 1205 1225
f 943 1226 905
f 943 945 1226
f 1226 1224 905
f 1227 1224 1226
f 1227 1226 945
f 1228 1227 945
f 1229 1224 1227
f 1229 1227 1230
f 1230 1227 1228
f 1231 1230 1228
f 1229 1223 1224
f 1205 1223 1225
f 1223 1229 1225
f 1230 1232 1229
f 1215 1208 1233
f 1225 1233 1208
f 1225 1229 1232
f 1232 1230 1234
f 1235 1230 1231
f 1232 1233 1225
f 1233 1232 1234
f 1236 1234 1230
f 1235 1236 1230
f 950 953 954
f 952 1237 1238
f 1218 952 951
f 952 1218 1219
f 1237 952 1219
f 1239 1238 1237
f 1239 1237 1220
f 1237 1219 1220
f 981 1240 979
f 979 1240 980
f 1239 1241 1238
f 981 1241 1240
f 1239 1242 1240
f 1239 1240 1241
f 1240 1243 980
f 980 1243 1244
f 1220 1222 1239
f 1222 1242 1239
f 1242 1245 1244
f 1243 1242 1244
f 1242 1243 1240
f 1244 1246 983
f 1247 1242 1222
f 1242 1247 1245
f 1245 1246 1244
f 1244 983 980
f 985 986 1248
f 986 1249 1248
f 1246 1250 1249
f 1246 986 983
f 1246 1249 986
f 1251 1252 996
f 1252 1253 1254
f 996 1252 1254
f 996 990 1251
f 1251 985 1248
f 990 985 1251
f 1255 996 1254
f 1248 1249 1251
f 1251 1249 1252
f 1252 1256 1253
f 1253 1257 1254
f 1254 1257 1255
f 1255 1257 1258
f 1228 945 967
f 1228 967 969
f 1231 1228 969
f 1231 969 1259
f 1235 1231 1260
f 1231 1259 1260
f 971 952 1238
f 1238 970 971
f 977 982 981
f 1238 1241 982
f 1238 982 970
f 982 1241 981
f 972 981 979
f 974 983 741
f 980 983 974
f 990 987 745
f 990 996 987
f 1255 993 992
f 992 996 1255
f 993 1261 1021
f 1255 1262 993
f 1262 1261 993
f 1006 1007 1263
f 1259 969 1005
f 1263 1005 1006
f 1259 1005 1263
f 1264 1263 1265
f 1265 1263 1007
f 1264 1259 1263
f 1264 1260 1259
f 1021 995 993
f 1266 1019 1021
f 1266 1020 1019
f 1041 1020 1266
f 1267 1266 1021
f 1267 1041 1266
f 1268 1033 1031
f 1034 1268 1031
f 1007 1033 1268
f 1269 1268 1034
f 1265 1007 1268
f 1270 1268 1269
f 1271 1265 1268
f 1264 1265 1271
f 1271 1268 1270
f 1040 1041 1272
f 1040 1272 1043
f 1272 1041 1273
f 1273 1043 1272
f 1273 1069 1043
f 1274 1035 1048
f 1275 1274 1048
f 1034 1276 1269
f 1276 1034 1035
f 1274 1276 1035
f 1274 1277 1276
f 1270 1269 1278
f 1277 1278 1269
f 1276 1277 1269
f 1279 1277 1274
f 1278 1277 1279
f 1279 1280 1278
f 1281 1070 1069
f 1071 1070 1281
f 1282 1071 1281
f 1283 1281 1069
f 1284 1281 1283
f 1284 1282 1281
f 1285 1284 1283
f 1062 1275 1048
f 1062 1079 1275
f 1275 1079 1286
f 1275 1287 1274
f 1287 1275 1288
f 1288 1275 1286
f 1287 1279 1274
f 1289 1287 1288
f 1287 1289 1290
f 1291 1100 1088
f 1282 1291 1088
f 1291 1292 1100
f 1292 1103 1100
f 1293 1292 1291
f 1292 1294 1103
f 1294 1295 1103
f 1071 1282 1087
f 1282 1088 1087
f 1092 1296 1286
f 1296 1092 1098
f 1286 1079 1092
f 1297 1286 1296
f 1297 1288 1286
f 1298 1296 1299
f 1289 1288 1297
f 1297 1298 1289
f 1298 1297 1296
f 1098 1300 1296
f 1300 1299 1296
f 1300 1301 1299
f 1301 1302 1299
f 1303 1298 1299
f 1302 1303 1299
f 1304 1305 1121
f 1304 1294 1306
f 1306 1305 1304
f 1295 1102 1103
f 1304 1121 1102
f 1295 1304 1102
f 1295 1294 1304
f 1300 1098 1099
f 1099 1105 1300
f 1105 1307 1300
f 1105 1308 1307
f 1307 1301 1300
f 1307 1309 1301
f 1309 1307 1308
f 1301 1309 1310
f 1310 1302 1301
f 1311 1107 1106
f 836 1311 1106
f 836 1110 1311
f 1308 1105 1312
f 1105 1107 1312
f 1312 1107 1313
f 1107 1311 1313
f 1308 1312 1314
f 1312 1313 1314
f 1313 1311 1315
f 1308 1314 1316
f 1313 1317 1314
f 1317 1316 1314
f 1317 1313 1315
f 1315 1311 1318
f 1311 1319 1318
f 1320 1318 1321
f 1318 1320 1315
f 1310 1309 1316
f 1316 1309 1308
f 1316 1317 1322
f 1322 1317 1323
f 1317 1315 1323
f 1315 1320 1323
f 1316 1324 1310
f 1322 1324 1316
f 1323 1320 1325
f 1319 1110 1326
f 1110 1111 1326
f 1311 1110 1319
f 1321 1326 1327
f 1111 1328 1327
f 1111 1327 1326
f 1321 1319 1326
f 1318 1319 1321
f 1320 1321 1329
f 1325 1320 1329
f 1329 1321 1327
f 1327 1328 1330
f 1325 1329 1331
f 1329 1327 1331
f 1111 1114 1113
f 1332 1113 1120
f 1120 1113 843
f 1333 1113 1332
f 1328 1111 1333
f 1111 1113 1333
f 1332 1120 1334
f 1333 1332 1328
f 1332 1335 1328
f 1336 1120 1119
f 1336 1119 1116
f 1116 1337 1336
f 1334 1120 1336
f 1335 1332 1334
f 1122 1121 1305
f 1305 1123 1122
f 1123 1337 1116
f 1123 1305 1338
f 1337 1123 1338
f 1129 1339 1134
f 1340 1129 1133
f 1339 1129 1340
f 1341 1342 1124
f 1124 1342 1125
f 1134 1341 1124
f 1339 1343 1134
f 1340 1344 1345
f 1345 1339 1340
f 1341 1346 1342
f 1134 1343 1341
f 1346 1341 1343
f 1345 1343 1339
f 1343 1347 1348
f 1348 1346 1343
f 1345 1347 1343
f 1344 1349 1347
f 1345 1344 1347
f 1346 1350 1342
f 1350 1346 1351
f 1352 1346 1348
f 1346 1352 1351
f 1137 1353 1138
f 1353 1354 1138
f 1355 1139 1138
f 1141 1140 1139
f 1356 1354 1353
f 1354 1357 1138
f 1138 1357 1355
f 1355 1357 1358
f 1125 1342 1137
f 1353 1137 1342
f 1356 1357 1354
f 1342 1350 1353
f 1353 1350 1356
f 1356 1359 1357
f 1350 1351 1356
f 1351 1360 1356
f 1351 1361 1360
f 1360 1359 1356
f 1351 1352 1361
f 1361 1362 1360
f 1363 1364 1359
f 1355 1358 1365
f 1355 1365 1139
f 1365 1366 1139
f 1367 1368 1369
f 1368 1370 1369
f 1357 1367 1358
f 1365 1358 1367
f 1369 1365 1367
f 1371 1365 1369
f 1369 1370 1371
f 1371 1370 1366
f 1365 1371 1366
f 1368 1372 1373
f 1357 1374 1367
f 1367 1374 1375
f 1375 1368 1367
f 1357 1359 1374
f 1375 1376 1372
f 1375 1372 1368
f 1359 1377 1374
f 1374 1377 1375
f 1375 1377 1376
f 1372 1376 1378
f 1359 1364 1377
f 1377 1364 1379
f 1368 1380 1370
f 1380 1381 1370
f 1370 1381 1382
f 1381 1383 1382
f 1370 1382 1384
f 1383 1384 1382
f 1383 1385 1384
f 1370 1384 1366
f 1368 1373 1380
f 1373 1386 1380
f 1380 1386 1381
f 1386 1387 1381
f 1383 1381 1388
f 1388 1389 1383
f 1389 1385 1383
f 1389 1390 1385
f 1372 1391 1373
f 1391 1386 1373
f 1381 1387 1388
f 1388 1387 1392
f 1389 1388 1392
f 1378 1391 1372
f 1391 1387 1386
f 1391 1378 1387
f 1378 1392 1387
f 1393 1392 1378
f 1385 1390 1394
f 1394 1395 1385
f 1384 1385 1395
f 1394 1396 1395
f 1396 1397 1395
f 1389 1392 1390
f 1392 1398 1390
f 1390 1398 1394
f 1399 1394 1398
f 1394 1399 1400
f 1396 1394 1400
f 1395 1397 1401
f 1392 1402 1398
f 1398 1402 1399
f 1402 1403 1399
f 1400 1399 1403
f 1404 1400 1403
f 1392 1405 1402
f 1405 1406 1402
f 1406 1403 1402
f 1406 1407 1403
f 1403 1407 1404
f 1407 1408 1404
f 1396 1409 1397
f 1409 1410 1411
f 1409 1411 1397
f 1397 1411 1412
f 1411 1413 1412
f 1411 1410 1413
f 1400 1414 1396
f 1396 1414 1409
f 1409 1414 1415
f 1415 1410 1409
f 1410 1415 1416
f 1400 1404 1414
f 1404 1415 1414
f 1404 1417 1415
f 1417 1416 1415
f 1404 1408 1417
f 1418 1417 1408
f 1150 1148 1147
f 1169 1150 1149
f 1419 1148 1150
f 1420 1150 1169
f 1169 1421 1420
f 1420 1419 1150
f 1420 1422 1419
f 1422 1423 1419
f 1422 1420 1421
f 1424 1423 1422
f 1421 1425 1422
f 1340 1133 1148
f 1340 1148 1344
f 1419 1344 1148
f 1349 1344 1419
f 1349 1423 1347
f 1423 1349 1419
f 1347 1426 1348
f 1423 1427 1426
f 1423 1426 1347
f 1136 1428 1161
f 1136 1141 1428
f 1139 1366 1141
f 1429 1141 1366
f 1430 1431 1366
f 1366 1431 1429
f 1401 1430 1366
f 1401 1432 1430
f 1395 1401 1384
f 1412 1401 1397
f 1401 1412 1432
f 1384 1401 1366
f 1410 1433 1413
f 1413 1434 1412
f 1413 1433 1434
f 1410 1416 1435
f 1433 1410 1435
f 1434 1433 1436
f 1435 1436 1433
f 1436 1435 1437
f 1437 1438 1436
f 1416 1417 1439
f 1435 1416 1439
f 1435 1439 1437
f 1439 1440 1437
f 1434 1436 1438
f 1438 1441 1434
f 1442 1441 1438
f 1438 1437 1442
f 1443 1441 1442
f 1437 1440 1442
f 1440 1444 1442
f 1444 1443 1442
f 1169 1168 1188
f 1189 1421 1169
f 1189 1445 1421
f 1445 1425 1421
f 1445 1446 1425
f 1447 1425 1446
f 1448 1446 1445
f 1141 1429 1428
f 1428 1449 1161
f 1428 1429 1449
f 1183 1161 1185
f 1449 1450 1161
f 1161 1450 1185
f 1450 1199 1185
f 1450 1449 1429
f 1451 1450 1429
f 1199 1450 1451
f 1429 1431 1451
f 1431 1452 1453
f 1453 1452 1454
f 1451 1431 1453
f 1452 1455 1454
f 1430 1452 1431
f 1430 1455 1452
f 1455 1430 1432
f 1432 1456 1455
f 1457 1458 1434
f 1434 1458 1412
f 1412 1458 1432
f 1432 1458 1456
f 1459 1458 1457
f 1460 1461 1458
f 1458 1459 1460
f 1458 1461 1456
f 1457 1462 1459
f 1463 1459 1462
f 1459 1464 1460
f 1463 1465 1464
f 1459 1463 1464
f 1464 1465 1460
f 1441 1457 1434
f 1441 1462 1457
f 1466 1463 1462
f 1463 1466 1467
f 1467 1468 1463
f 1468 1465 1463
f 1460 1465 1468
f 1441 1443 1466
f 1462 1441 1466
f 1466 1443 1469
f 1466 1469 1467
f 1469 1470 1467
f 1467 1470 1468
f 1469 1471 1470
f 1470 1471 1472
f 1470 1472 1468
f 1473 1472 1471
f 1188 1189 1169
f 1189 1187 1212
f 1189 1212 1474
f 1475 1189 1474
f 1475 1476 1189
f 1476 1445 1189
f 1476 1448 1445
f 1448 1476 1475
f 1477 1448 1475
f 1478 1448 1477
f 1478 1446 1448
f 1451 1200 1199
f 1204 1202 1479
f 1200 1451 1480
f 1480 1202 1200
f 1202 1480 1479
f 1480 1481 1479
f 1453 1480 1451
f 1453 1481 1480
f 1479 1481 1247
f 1481 1482 1247
f 1453 1454 1481
f 1454 1482 1481
f 1454 1455 1482
f 1455 1483 1484
f 1456 1485 1455
f 1485 1483 1455
f 1486 1461 1487
f 1461 1488 1487
f 1486 1487 1483
f 1456 1486 1485
f 1456 1461 1486
f 1485 1486 1483
f 1489 1490 1491
f 1491 1490 1492
f 1460 1491 1461
f 1460 1468 1491
f 1493 1494 1491
f 1468 1493 1491
f 1494 1489 1491
f 1461 1492 1488
f 1461 1491 1492
f 1472 1493 1468
f 1472 1494 1493
f 1495 1494 1472
f 1494 1495 1489
f 1489 1495 1496
f 1497 1489 1496
f 1498 1213 1214
f 1213 1474 1212
f 1499 1498 1214
f 1215 1499 1214
f 1498 1474 1213
f 1498 1499 1500
f 1477 1475 1474
f 1477 1474 1498
f 1500 1477 1498
f 1501 1500 1499
f 1502 1477 1500
f 1500 1501 1502
f 1501 1503 1502
f 1503 1501 1504
f 1478 1477 1502
f 1505 1502 1503
f 1479 1221 1204
f 1479 1247 1221
f 1222 1221 1247
f 1245 1247 1482
f 1250 1245 1482
f 1455 1484 1482
f 1484 1506 1250
f 1484 1250 1482
f 1483 1506 1484
f 1250 1507 1256
f 1256 1249 1250
f 1256 1507 1508
f 1507 1509 1508
f 1483 1487 1506
f 1487 1488 1507
f 1487 1507 1506
f 1507 1250 1506
f 1507 1510 1509
f 1492 1511 1510
f 1492 1490 1511
f 1492 1510 1488
f 1507 1488 1510
f 1510 1511 1512
f 1512 1511 1513
f 1511 1514 1513
f 1510 1512 1509
f 1489 1515 1490
f 1515 1516 1490
f 1490 1516 1511
f 1516 1517 1511
f 1515 1518 1516
f 1516 1518 1517
f 1515 1519 1518
f 1517 1520 1511
f 1517 1518 1520
f 1518 1519 1520
f 1511 1520 1514
f 1520 1521 1514
f 1520 1519 1521
f 1515 1489 1522
f 1523 1519 1515
f 1523 1524 1519
f 1524 1521 1519
f 1524 1525 1521
f 1489 1497 1522
f 1526 1515 1522
f 1515 1526 1523
f 1527 1524 1523
f 1528 1525 1524
f 1497 1526 1522
f 1529 1526 1497
f 1526 1527 1523
f 1524 1527 1528
f 1530 1525 1528
f 1529 1531 1526
f 1531 1527 1526
f 1532 1530 1528
f 1233 1533 1215
f 1533 1233 1234
f 1499 1215 1533
f 1533 1234 1534
f 1235 1535 1236
f 1501 1499 1533
f 1234 1236 1534
f 1236 1535 1534
f 1533 1534 1504
f 1533 1504 1501
f 1503 1504 1536
f 1536 1504 1534
f 1245 1250 1246
f 1256 1252 1249
f 1256 1508 1253
f 1255 1258 1262
f 1508 1537 1538
f 1508 1538 1253
f 1253 1538 1257
f 1538 1539 1257
f 1257 1539 1258
f 1508 1509 1537
f 1512 1540 1537
f 1509 1512 1537
f 1540 1539 1537
f 1537 1539 1538
f 1539 1540 1258
f 1258 1541 1262
f 1262 1541 1542
f 1261 1262 1542
f 1512 1513 1540
f 1540 1513 1543
f 1543 1258 1540
f 1258 1543 1544
f 1544 1541 1258
f 1541 1545 1542
f 1542 1545 1261
f 1514 1543 1513
f 1521 1546 1514
f 1521 1547 1546
f 1543 1514 1544
f 1546 1544 1514
f 1546 1548 1544
f 1549 1541 1544
f 1545 1541 1549
f 1544 1548 1549
f 1525 1547 1521
f 1550 1546 1547
f 1551 1546 1550
f 1548 1546 1551
f 1551 1552 1548
f 1552 1549 1548
f 1553 1547 1525
f 1553 1550 1547
f 1553 1554 1550
f 1555 1551 1550
f 1555 1552 1551
f 1530 1553 1525
f 1530 1554 1553
f 1550 1554 1555
f 1554 1556 1555
f 1535 1235 1557
f 1535 1558 1534
f 1535 1557 1559
f 1534 1558 1536
f 1559 1558 1535
f 1261 1560 1021
f 1561 1267 1021
f 1545 1560 1261
f 1561 1021 1560
f 1549 1562 1545
f 1562 1563 1560
f 1545 1562 1560
f 1560 1563 1561
f 1552 1562 1549
f 1552 1563 1562
f 1563 1564 1561
f 1556 1565 1555
f 1565 1552 1555
f 1565 1563 1552
f 1566 1563 1565
f 1567 1563 1566
f 1563 1567 1564
f 1567 1568 1564
f 1264 1569 1260
f 1271 1569 1264
f 1235 1260 1557
f 1557 1260 1569
f 1557 1569 1570
f 1569 1571 1570
f 1559 1557 1570
f 1570 1572 1559
f 1573 1558 1559
f 1572 1573 1559
f 1273 1041 1267
f 1273 1267 1574
f 1069 1273 1574
f 1564 1575 1561
f 1267 1561 1575
f 1267 1575 1574
f 1564 1574 1575
f 1069 1574 1576
f 1564 1568 1574
f 1568 1576 1574
f 1569 1271 1571
f 1571 1271 1270
f 1577 1270 1278
f 1270 1577 1571
f 1571 1577 1578
f 1280 1579 1577
f 1578 1570 1571
f 1578 1572 1570
f 1579 1280 1580
f 1577 1579 1578
f 1572 1581 1573
f 1578 1581 1572
f 1581 1578 1579
f 1581 1579 1582
f 1581 1582 1583
f 1568 1285 1283
f 1576 1283 1069
f 1576 1568 1283
f 1584 1285 1585
f 1585 1285 1568
f 1586 1584 1585
f 1577 1278 1280
f 1279 1587 1280
f 1279 1588 1587
f 1588 1589 1587
f 1280 1587 1580
f 1589 1590 1587
f 1580 1587 1590
f 1590 1582 1580
f 1580 1582 1579
f 1582 1590 1591
f 1591 1592 1582
f 1291 1593 1293
f 1291 1594 1595
f 1595 1593 1291
f 1596 1595 1594
f 1597 1595 1596
f 1597 1593 1595
f 1597 1598 1593
f 1586 1599 1596
f 1599 1597 1596
f 1284 1285 1600
f 1600 1282 1284
f 1291 1282 1594
f 1600 1594 1282
f 1584 1600 1285
f 1584 1596 1600
f 1596 1594 1600
f 1586 1596 1584
f 1287 1588 1279
f 1588 1287 1290
f 1289 1601 1290
f 1588 1602 1589
f 1588 1290 1602
f 1290 1601 1602
f 1589 1603 1590
f 1603 1589 1602
f 1602 1604 1603
f 1590 1603 1591
f 1604 1591 1603
f 1591 1604 1605
f 1605 1592 1591
f 1605 1606 1607
f 1592 1605 1607
f 1607 1606 1608
f 1609 1610 1598
f 1609 1306 1610
f 1611 1609 1598
f 1292 1293 1610
f 1610 1294 1292
f 1598 1293 1593
f 1293 1598 1610
f 1289 1298 1601
f 1298 1303 1601
f 1601 1604 1602
f 1612 1303 1302
f 1613 1612 1302
f 1613 1302 1310
f 1303 1612 1614
f 1612 1615 1614
f 1612 1613 1615
f 1601 1303 1614
f 1614 1615 1616
f 1604 1601 1614
f 1604 1614 1605
f 1605 1614 1616
f 1617 1616 1615
f 1616 1617 1618
f 1616 1618 1606
f 1606 1605 1616
f 1615 1613 1619
f 1617 1615 1619
f 1619 1620 1617
f 1617 1620 1621
f 1621 1622 1623
f 1620 1622 1621
f 1622 1624 1623
f 1618 1617 1621
f 1618 1621 1625
f 1625 1621 1623
f 1608 1606 1618
f 1618 1625 1608
f 1626 1627 1628
f 1624 1629 1623
f 1628 1627 1630
f 1628 1624 1626
f 1623 1629 1625
f 1628 1629 1624
f 1628 1631 1629
f 1630 1631 1628
f 1625 1629 1632
f 1629 1631 1632
f 1633 1328 1335
f 1634 1633 1335
f 1633 1627 1330
f 1633 1634 1630
f 1633 1630 1627
f 1635 1630 1634
f 1635 1636 1630
f 1335 1334 1637
f 1334 1336 1637
f 1337 1637 1336
f 1637 1337 1634
f 1637 1634 1335
f 1338 1306 1638
f 1635 1634 1338
f 1337 1338 1634
f 1306 1338 1305
f 1610 1306 1294
f 1638 1306 1609
f 1613 1310 1324
f 1639 1324 1322
f 1640 1639 1322
f 1323 1640 1322
f 1639 1613 1324
f 1641 1640 1323
f 1639 1619 1613
f 1619 1639 1620
f 1620 1639 1640
f 1640 1622 1620
f 1624 1622 1640
f 1331 1327 1330
f 1331 1641 1325
f 1331 1626 1641
f 1330 1626 1331
f 1325 1641 1323
f 1330 1627 1626
f 1641 1624 1640
f 1626 1624 1641
f 1330 1328 1633
f 1352 1348 1642
f 1352 1642 1361
f 1361 1642 1643
f 1360 1362 1363
f 1359 1360 1363
f 1362 1644 1363
f 1363 1644 1364
f 1645 1362 1361
f 1361 1643 1645
f 1645 1644 1362
f 1646 1644 1645
f 1644 1379 1364
f 1377 1379 1376
f 1376 1647 1393
f 1376 1379 1647
f 1379 1644 1648
f 1647 1649 1393
f 1648 1647 1379
f 1647 1650 1649
f 1647 1648 1650
f 1644 1646 1648
f 1648 1651 1650
f 1651 1652 1650
f 1648 1646 1651
f 1393 1378 1376
f 1392 1393 1653
f 1649 1653 1393
f 1654 1655 1653
f 1649 1654 1653
f 1649 1650 1652
f 1649 1656 1654
f 1649 1652 1656
f 1406 1657 1407
f 1657 1408 1407
f 1653 1405 1392
f 1658 1406 1405
f 1406 1658 1657
f 1405 1653 1658
f 1658 1653 1655
f 1659 1658 1655
f 1659 1660 1658
f 1654 1661 1655
f 1659 1655 1661
f 1659 1662 1663
f 1657 1418 1408
f 1657 1658 1660
f 1660 1418 1657
f 1664 1418 1660
f 1664 1660 1659
f 1422 1665 1424
f 1665 1666 1667
f 1665 1667 1424
f 1426 1642 1348
f 1423 1424 1427
f 1426 1668 1642
f 1669 1668 1426
f 1667 1427 1424
f 1668 1643 1642
f 1427 1669 1426
f 1667 1670 1427
f 1427 1670 1669
f 1666 1670 1667
f 1643 1668 1671
f 1668 1672 1671
f 1669 1672 1668
f 1672 1669 1673
f 1670 1673 1669
f 1674 1673 1670
f 1674 1672 1673
f 1666 1675 1670
f 1670 1675 1674
f 1666 1676 1675
f 1671 1672 1677
f 1677 1672 1674
f 1677 1674 1678
f 1678 1674 1675
f 1678 1675 1679
f 1680 1677 1678
f 1680 1678 1681
f 1671 1645 1643
f 1646 1645 1671
f 1682 1646 1671
f 1671 1677 1682
f 1646 1682 1683
f 1684 1646 1683
f 1682 1677 1680
f 1682 1680 1685
f 1682 1685 1683
f 1646 1686 1651
f 1646 1684 1686
f 1661 1662 1659
f 1417 1418 1439
f 1439 1418 1687
f 1439 1687 1440
f 1440 1687 1444
f 1418 1688 1687
f 1688 1689 1687
f 1687 1689 1444
f 1690 1444 1691
f 1664 1688 1418
f 1664 1692 1688
f 1688 1692 1689
f 1663 1664 1659
f 1444 1689 1693
f 1444 1693 1691
f 1663 1692 1664
f 1694 1692 1663
f 1689 1692 1694
f 1663 1695 1694
f 1689 1694 1693
f 1696 1693 1694
f 1444 1690 1443
f 1665 1422 1425
f 1447 1665 1425
f 1446 1697 1447
f 1698 1665 1447
f 1666 1665 1698
f 1697 1698 1447
f 1697 1699 1698
f 1700 1666 1698
f 1699 1700 1698
f 1700 1676 1666
f 1676 1700 1701
f 1700 1699 1701
f 1702 1701 1699
f 1676 1679 1675
f 1676 1701 1703
f 1696 1691 1693
f 1690 1704 1443
f 1443 1704 1469
f 1704 1705 1469
f 1705 1471 1469
f 1471 1705 1473
f 1704 1690 1706
f 1704 1706 1705
f 1705 1707 1473
f 1691 1706 1690
f 1691 1696 1706
f 1708 1705 1706
f 1696 1708 1706
f 1709 1705 1708
f 1707 1705 1709
f 1710 1708 1696
f 1709 1708 1711
f 1710 1712 1711
f 1708 1710 1711
f 1446 1478 1713
f 1446 1713 1697
f 1714 1713 1478
f 1699 1697 1713
f 1699 1713 1714
f 1699 1714 1702
f 1473 1495 1472
f 1707 1715 1473
f 1715 1495 1473
f 1715 1716 1495
f 1495 1716 1717
f 1718 1719 1717
f 1718 1717 1716
f 1707 1709 1715
f 1720 1716 1715
f 1721 1716 1720
f 1718 1716 1721
f 1715 1709 1720
f 1709 1711 1722
f 1709 1722 1720
f 1720 1723 1721
f 1722 1711 1712
f 1495 1717 1496
f 1496 1717 1719
f 1478 1502 1714
f 1502 1505 1714
f 1503 1724 1505
f 1714 1505 1725
f 1505 1724 1725
f 1726 1727 1725
f 1714 1725 1728
f 1727 1728 1725
f 1714 1728 1702
f 1702 1728 1729
f 1728 1727 1730
f 1731 1718 1732
f 1732 1733 1731
f 1723 1734 1721
f 1721 1734 1718
f 1734 1732 1718
f 1735 1732 1734
f 1735 1733 1732
f 1736 1733 1735
f 1723 1737 1734
f 1735 1734 1737
f 1719 1529 1497
f 1529 1738 1531
f 1531 1528 1527
f 1528 1531 1532
f 1496 1719 1497
f 1529 1719 1738
f 1738 1532 1531
f 1719 1718 1731
f 1731 1738 1719
f 1739 1740 1532
f 1532 1738 1739
f 1731 1733 1738
f 1738 1733 1739
f 1741 1739 1733
f 1739 1741 1740
f 1733 1736 1741
f 1536 1724 1503
f 1742 1536 1558
f 1725 1724 1726
f 1536 1726 1724
f 1742 1726 1536
f 1726 1743 1727
f 1727 1743 1730
f 1730 1743 1744
f 1730 1744 1745
f 1746 1747 1748
f 1747 1749 1750
f 1530 1751 1554
f 1554 1751 1556
f 1532 1740 1530
f 1752 1556 1751
f 1740 1753 1530
f 1753 1751 1530
f 1754 1752 1751
f 1748 1753 1740
f 1748 1754 1753
f 1754 1751 1753
f 1740 1741 1748
f 1746 1748 1741
f 1748 1747 1754
f 1747 1750 1754
f 1741 1736 1746
f 1742 1558 1573
f 1726 1742 1743
f 1742 1573 1743
f 1743 1573 1755
f 1743 1755 1756
f 1743 1756 1744
f 1744 1756 1757
f 1744 1757 1758
f 1758 1757 1759
f 1744 1758 1760
f 1758 1759 1760
f 1745 1744 1760
f 1759 1761 1760
f 1762 1752 1750
f 1763 1762 1750
f 1750 1749 1763
f 1566 1565 1556
f 1567 1566 1764
f 1765 1568 1567
f 1752 1566 1556
f 1566 1766 1764
f 1764 1767 1765
f 1764 1766 1767
f 1764 1765 1567
f 1766 1566 1752
f 1766 1762 1767
f 1762 1766 1752
f 1767 1762 1768
f 1754 1750 1752
f 1573 1583 1755
f 1757 1756 1769
f 1755 1769 1756
f 1757 1769 1759
f 1759 1770 1761
f 1770 1759 1771
f 1762 1763 1768
f 1772 1773 1774
f 1749 1772 1763
f 1775 1765 1776
f 1765 1775 1568
f 1767 1776 1765
f 1777 1775 1776
f 1778 1777 1774
f 1777 1778 1775
f 1767 1768 1776
f 1768 1777 1776
f 1763 1772 1777
f 1768 1763 1777
f 1777 1772 1774
f 1583 1582 1592
f 1573 1581 1583
f 1755 1583 1769
f 1583 1592 1771
f 1769 1771 1759
f 1583 1771 1769
f 1770 1771 1779
f 1780 1770 1779
f 1779 1781 1780
f 1781 1779 1782
f 1783 1784 1785
f 1786 1783 1785
f 1774 1787 1786
f 1787 1783 1786
f 1783 1788 1784
f 1787 1773 1789
f 1774 1773 1787
f 1788 1787 1789
f 1783 1787 1788
f 1789 1773 1790
f 1775 1585 1568
f 1778 1585 1775
f 1585 1778 1586
f 1778 1786 1586
f 1786 1785 1586
f 1786 1778 1774
f 1592 1791 1771
f 1779 1771 1791
f 1791 1792 1779
f 1782 1779 1792
f 1792 1793 1794
f 1794 1793 1795
f 1796 1797 1798
f 1799 1796 1800
f 1796 1799 1797
f 1801 1799 1802
f 1803 1799 1801
f 1797 1799 1803
f 1804 1800 1796
f 1794 1795 1802
f 1799 1800 1802
f 1795 1801 1802
f 1805 1599 1586
f 1599 1806 1597
f 1806 1598 1597
f 1805 1807 1599
f 1807 1806 1599
f 1808 1807 1798
f 1807 1808 1806
f 1808 1598 1806
f 1809 1785 1784
f 1785 1809 1805
f 1586 1785 1805
f 1807 1809 1810
f 1805 1809 1807
f 1808 1611 1598
f 1810 1784 1788
f 1809 1784 1810
f 1797 1611 1808
f 1807 1810 1798
f 1798 1797 1808
f 1810 1788 1811
f 1811 1798 1810
f 1811 1796 1798
f 1811 1812 1813
f 1811 1788 1812
f 1804 1796 1811
f 1791 1592 1607
f 1607 1608 1814
f 1607 1814 1791
f 1815 1814 1608
f 1814 1792 1791
f 1815 1632 1816
f 1632 1636 1816
f 1815 1816 1817
f 1817 1816 1818
f 1818 1816 1819
f 1819 1816 1636
f 1792 1814 1820
f 1820 1814 1817
f 1817 1818 1820
f 1817 1814 1815
f 1821 1338 1638
f 1338 1821 1822
f 1822 1823 1819
f 1821 1823 1822
f 1823 1818 1819
f 1793 1823 1795
f 1820 1818 1793
f 1793 1792 1820
f 1793 1818 1823
f 1611 1638 1609
f 1803 1638 1797
f 1638 1803 1821
f 1823 1821 1795
f 1821 1801 1795
f 1801 1821 1803
f 1797 1638 1611
f 1608 1625 1815
f 1625 1632 1815
f 1636 1631 1630
f 1636 1632 1631
f 1338 1822 1635
f 1822 1636 1635
f 1822 1819 1636
f 1652 1651 1824
f 1825 1652 1824
f 1656 1652 1825
f 1826 1656 1825
f 1827 1684 1683
f 1683 1685 1828
f 1683 1828 1827
f 1680 1681 1685
f 1827 1828 1829
f 1828 1685 1681
f 1830 1828 1681
f 1681 1831 1830
f 1829 1828 1830
f 1824 1651 1686
f 1686 1684 1832
f 1684 1827 1832
f 1824 1686 1832
f 1824 1832 1825
f 1833 1825 1832
f 1832 1834 1833
f 1834 1835 1833
f 1827 1829 1832
f 1832 1829 1834
f 1825 1833 1826
f 1833 1835 1826
f 1826 1835 1836
f 1835 1834 1837
f 1835 1837 1836
f 1836 1837 1838
f 1839 1837 1834
f 1840 1837 1839
f 1838 1837 1840
f 1841 1838 1840
f 1842 1661 1654
f 1661 1843 1662
f 1695 1663 1662
f 1844 1695 1662
f 1654 1656 1826
f 1842 1654 1826
f 1843 1661 1842
f 1844 1843 1845
f 1844 1662 1843
f 1842 1826 1836
f 1842 1845 1843
f 1842 1836 1845
f 1846 1845 1836
f 1845 1846 1844
f 1847 1844 1846
f 1836 1838 1846
f 1841 1846 1838
f 1847 1695 1844
f 1695 1847 1694
f 1696 1694 1847
f 1678 1679 1848
f 1679 1676 1703
f 1679 1703 1848
f 1848 1703 1849
f 1703 1701 1849
f 1701 1702 1850
f 1851 1849 1701
f 1850 1851 1701
f 1831 1681 1848
f 1681 1678 1848
f 1831 1848 1849
f 1849 1852 1831
f 1849 1851 1852
f 1829 1830 1853
f 1830 1831 1853
f 1852 1853 1831
f 1852 1851 1854
f 1852 1854 1853
f 1853 1854 1839
f 1834 1829 1839
f 1829 1853 1839
f 1839 1855 1840
f 1840 1855 1841
f 1839 1856 1855
f 1846 1841 1857
f 1841 1855 1857
f 1710 1696 1847
f 1710 1847 1858
f 1858 1847 1846
f 1702 1729 1850
f 1850 1729 1854
f 1854 1729 1745
f 1851 1850 1854
f 1859 1854 1745
f 1854 1859 1839
f 1839 1859 1860
f 1839 1860 1856
f 1859 1861 1860
f 1862 1855 1856
f 1712 1863 1722
f 1712 1864 1863
f 1846 1857 1858
f 1710 1858 1712
f 1858 1857 1864
f 1712 1858 1864
f 1864 1857 1862
f 1865 1864 1862
f 1863 1864 1866
f 1866 1864 1865
f 1863 1866 1867
f 1855 1862 1857
f 1863 1723 1722
f 1720 1722 1723
f 1863 1867 1723
f 1729 1728 1730
f 1729 1730 1745
f 1859 1745 1861
f 1745 1868 1861
f 1860 1861 1856
f 1861 1869 1856
f 1870 1856 1869
f 1865 1871 1866
f 1866 1871 1867
f 1862 1870 1865
f 1862 1856 1870
f 1872 1871 1865
f 1870 1873 1865
f 1865 1873 1872
f 1872 1873 1874
f 1873 1870 1875
f 1870 1869 1875
f 1867 1737 1723
f 1876 1736 1735
f 1877 1737 1867
f 1878 1737 1877
f 1737 1878 1735
f 1878 1879 1876
f 1735 1878 1876
f 1880 1879 1881
f 1876 1879 1880
f 1876 1880 1736
f 1867 1871 1877
f 1882 1871 1883
f 1877 1871 1882
f 1877 1882 1878
f 1883 1881 1882
f 1882 1881 1879
f 1878 1882 1879
f 1881 1883 1884
f 1871 1872 1883
f 1872 1874 1884
f 1883 1872 1884
f 1868 1745 1760
f 1861 1868 1885
f 1886 1861 1885
f 1869 1861 1886
f 1886 1887 1869
f 1886 1885 1888
f 1886 1888 1887
f 1889 1873 1875
f 1873 1889 1874
f 1874 1889 1890
f 1875 1891 1889
f 1889 1891 1892
f 1892 1893 1889
f 1891 1887 1894
f 1887 1888 1894
f 1891 1894 1892
f 1875 1869 1891
f 1869 1887 1891
f 1880 1895 1746
f 1736 1880 1746
f 1747 1895 1896
f 1895 1747 1746
f 1896 1749 1747
f 1880 1881 1895
f 1897 1895 1881
f 1897 1896 1895
f 1896 1897 1893
f 1898 1896 1893
f 1890 1884 1874
f 1897 1884 1890
f 1884 1897 1881
f 1893 1890 1889
f 1890 1893 1897
f 1892 1898 1893
f 1868 1760 1761
f 1885 1761 1780
f 1885 1868 1761
f 1885 1899 1888
f 1888 1899 1900
f 1888 1900 1894
f 1892 1894 1898
f 1894 1900 1898
f 1898 1749 1896
f 1749 1898 1901
f 1761 1770 1780
f 1885 1780 1899
f 1780 1781 1899
f 1899 1781 1902
f 1900 1899 1902
f 1900 1903 1898
f 1903 1904 1905
f 1900 1906 1903
f 1903 1906 1904
f 1772 1749 1901
f 1773 1772 1901
f 1898 1903 1901
f 1903 1905 1901
f 1901 1905 1773
f 1781 1782 1902
f 1782 1907 1902
f 1902 1907 1908
f 1909 1904 1906
f 1909 1910 1904
f 1910 1909 1911
f 1910 1911 1813
f 1912 1911 1909
f 1908 1913 1912
f 1906 1900 1914
f 1900 1902 1914
f 1914 1902 1908
f 1909 1914 1912
f 1914 1909 1906
f 1908 1912 1914
f 1910 1812 1790
f 1790 1812 1789
f 1813 1812 1910
f 1789 1812 1788
f 1905 1904 1790
f 1790 1773 1905
f 1904 1910 1790
f 1782 1792 1907
f 1907 1915 1908
f 1907 1792 1915
f 1916 1813 1911
f 1813 1916 1804
f 1811 1813 1804
f 1915 1792 1794
f 1913 1794 1917
f 1913 1917 1916
f 1917 1804 1916
f 1800 1917 1802
f 1802 1917 1794
f 1917 1800 1804
f 1908 1915 1913
f 1912 1913 1916
f 1916 1911 1912
f 1913 1915 1794
