# LV Papillary Muscle (FMA9352nsn)
# BodyParts3D, (c) The Database Center for Life Science licensed under CC Attribution-Share Alike 2.1 Japan
# Licence: https://creativecommons.org/licenses/by-sa/2.1/jp/
# Modified from the original: see README.md in this repository.
# Units: millimetres. +X = patient left, +Y = posterior, +Z = superior.
# Origin: centroid of the heart wall.
o LV_Papillary_Muscle
v 15.8347 -4.2972 -17.0346
v 15.9528 -4.0132 -16.7246
v 15.7507 -3.3922 -17.0045
v 15.6610 -4.5672 -17.6445
v 16.1387 -5.2132 -17.0646
v 16.0250 -2.8162 -16.6846
v 15.7312 -2.7802 -17.2846
v 15.5084 -3.3582 -17.6046
v 16.4395 -3.4612 -16.0546
v 16.3678 -2.5442 -16.3745
v 16.1483 -2.5222 -16.6746
v 15.8915 -2.4522 -17.2746
v 16.0949 -2.1982 -17.2645
v 15.5285 -3.9602 -17.6245
v 15.9931 -5.4852 -17.6746
v 15.7243 -5.1502 -18.2645
v 15.5310 -4.5392 -18.2445
v 15.4038 -3.9222 -18.5246
v 15.7114 -5.1282 -18.8645
v 15.5483 -4.2082 -19.1345
v 15.7703 -4.8102 -19.4546
v 15.5305 -3.6082 -19.0946
v 15.6722 -3.9042 -19.4246
v 15.8942 -4.5062 -19.7445
v 16.3585 -6.3942 -18.0045
v 15.9832 -5.7642 -18.2846
v 16.0115 -5.8942 -18.8945
v 16.0509 -5.7252 -19.4846
v 16.1155 -3.9112 -19.8945
v 15.4112 -3.3322 -18.2046
v 15.5713 -2.8302 -18.1846
v 15.4825 -3.3152 -18.8046
v 15.6428 -2.7652 -17.5846
v 15.7895 -2.4722 -17.5746
v 15.7953 -2.4512 -18.1746
v 16.2142 -2.0282 -17.5546
v 15.6631 -2.7342 -18.4846
v 15.8918 -2.4472 -18.4546
v 15.7854 -2.7302 -18.7846
v 15.6235 -3.3122 -19.1046
v 15.8617 -3.0212 -19.1846
v 16.1816 -2.6492 -19.0746
v 15.7207 -3.6072 -19.4146
v 16.2104 -2.1002 -18.1546
v 16.2040 -2.2212 -18.4646
v 16.1315 -2.4482 -18.7746
v 15.8547 -3.3132 -19.4046
v 16.1618 -3.0272 -19.4446
v 16.1310 -3.6152 -19.8046
v 16.3842 -4.5152 -20.2246
v 16.9626 -7.0482 -17.4346
v 17.4446 -7.2112 -16.8346
v 16.9695 -6.4682 -16.8046
v 16.4246 -6.1192 -17.3945
v 17.7898 -6.8332 -16.2246
v 17.3759 -7.6702 -17.4546
v 17.2109 -5.9372 -16.1946
v 18.0181 -7.7322 -16.6245
v 18.3326 -7.4632 -16.1846
v 18.3634 -6.8752 -15.8645
v 20.8620 -12.3562 -17.6046
v 20.8537 -11.4762 -16.9746
v 16.5148 -4.3642 -16.1345
v 16.0993 -4.6212 -16.7445
v 16.5636 -5.2572 -16.4646
v 17.2591 -5.0182 -15.7346
v 17.3058 -4.1272 -15.4945
v 17.8577 -5.0602 -15.4446
v 17.8889 -4.4642 -15.3246
v 17.6208 -3.8492 -15.3446
v 17.7950 -6.2572 -15.9046
v 18.4567 -5.0962 -15.3146
v 18.5037 -4.1992 -15.2445
v 18.1105 -5.9692 -15.6145
v 16.7701 -2.8842 -15.8645
v 16.4710 -2.8592 -16.1245
v 16.7860 -2.5802 -15.9646
v 16.3887 -2.2352 -16.6646
v 16.5223 -1.8812 -17.2545
v 17.0378 -3.5082 -15.5946
v 16.8104 -2.1152 -16.3546
v 16.8208 -1.9172 -16.6546
v 16.8292 -1.7562 -17.2445
v 17.3687 -2.9272 -15.5246
v 17.0853 -2.6032 -15.7846
v 17.1053 -2.2192 -16.0646
v 17.1277 -1.9842 -16.3546
v 17.1262 -1.8212 -16.6445
v 17.1327 -1.6972 -17.2445
v 17.3846 -2.6232 -15.6445
v 17.4007 -2.3152 -15.8745
v 17.4209 -1.9312 -16.3546
v 17.4278 -1.7992 -16.6445
v 17.4320 -1.7182 -16.9446
v 17.6966 -2.4022 -15.7645
v 17.7111 -2.1262 -16.0546
v 17.7209 -1.9372 -16.3446
v 17.7271 -1.8192 -16.6445
v 17.7319 -1.7282 -17.2445
v 18.2355 -3.5832 -15.2545
v 18.2672 -2.9782 -15.4146
v 17.9836 -2.6572 -15.5646
v 18.3051 -2.2552 -16.0546
v 18.3137 -2.0902 -16.3546
v 18.3224 -1.9252 -16.9446
v 18.2919 -2.5072 -15.7645
v 18.5570 -2.9912 -15.4846
v 18.5510 -3.2952 -15.3645
v 18.6215 -2.6832 -15.7746
v 18.6062 -2.2422 -16.3546
v 18.6114 -2.1432 -16.6546
v 18.6157 -2.0612 -17.2545
v 16.3144 -6.3402 -19.5045
v 16.4094 -6.6762 -18.6145
v 17.0171 -7.6192 -18.3546
v 17.1101 -7.8602 -18.9546
v 16.8010 -7.2662 -19.5346
v 16.7071 -6.6402 -20.1145
v 16.4623 -6.0262 -20.0946
v 19.5122 -11.6012 -19.9846
v 19.0174 -10.6532 -20.5546
v 16.2144 -5.1132 -20.0646
v 16.5238 -1.8522 -17.5446
v 16.5185 -1.9522 -18.1546
v 16.5120 -2.0772 -18.4546
v 16.5025 -2.2592 -18.7645
v 16.7804 -2.6882 -19.3745
v 16.8295 -1.7502 -17.5446
v 16.8167 -1.9952 -18.4546
v 17.0978 -2.3642 -19.0646
v 16.7461 -3.3422 -19.9246
v 17.4305 -1.7482 -17.8446
v 17.4186 -1.9752 -18.4546
v 17.6603 -3.0942 -19.7746
v 18.0124 -2.1092 -18.4546
v 18.0245 -1.8772 -17.8446
v 17.9901 -2.5342 -19.1046
v 18.3221 -1.9322 -17.5446
v 18.6109 -2.1522 -17.8546
v 18.5988 -2.3842 -18.4646
v 18.2440 -3.4212 -19.9146
v 18.8564 -3.2012 -19.3945
v 16.7112 -6.0292 -20.3945
v 17.1739 -6.6442 -20.6846
v 19.4155 -9.7282 -21.8046
v 17.5438 -6.3522 -21.0045
v 18.8158 -9.7082 -21.1245
v 20.0625 -8.8482 -22.1646
v 18.6732 -6.6952 -21.4746
v 16.6213 -5.7242 -20.3745
v 16.4154 -3.9202 -20.0946
v 16.6528 -5.1222 -20.4546
v 17.2526 -5.1422 -20.7746
v 16.7001 -4.2192 -20.3346
v 16.9213 -5.7312 -20.6245
v 17.5834 -4.5612 -20.6946
v 17.0305 -3.6482 -20.1846
v 17.9139 -3.9872 -20.4146
v 18.1362 -5.4782 -21.0946
v 19.1149 -4.0002 -20.0246
v 20.5617 -9.7572 -5.5145
v 20.6589 -9.7832 -4.9146
v 20.6013 -9.1802 -4.8945
v 20.5708 -8.8672 -5.1746
v 20.7288 -8.8972 -4.5746
v 20.7773 -8.5992 -4.5646
v 20.6379 -8.5712 -5.1646
v 20.7613 -8.2772 -5.1546
v 20.6792 -8.5452 -5.4646
v 20.5966 -9.4482 -5.7946
v 20.6588 -8.9342 -5.7846
v 20.0360 -9.3542 -16.2445
v 19.8296 -7.5602 -15.6646
v 22.3230 -11.5732 -16.3945
v 20.1604 -6.9802 -15.5646
v 23.5371 -11.3342 -16.4346
v 19.9393 -5.4672 -15.5045
v 19.0872 -4.5282 -15.3046
v 19.4028 -4.2382 -15.4646
v 19.9868 -4.5612 -15.7146
v 20.5231 -5.7912 -15.7346
v 21.3912 -6.4232 -16.1546
v 20.4533 -4.5702 -16.1345
v 21.3882 -5.8102 -16.4746
v 21.7239 -5.8072 -17.0646
v 18.8349 -3.6112 -15.3645
v 18.8531 -3.2632 -15.4945
v 18.8734 -2.8752 -15.7846
v 18.8965 -2.4352 -16.3645
v 19.1507 -3.3172 -15.6445
v 19.1745 -2.8642 -16.0746
v 19.1835 -2.6922 -16.3645
v 19.1900 -2.5672 -16.6646
v 19.1948 -2.4762 -17.2645
v 19.5939 -3.3242 -16.0946
v 19.4697 -2.9632 -16.3845
v 19.4766 -2.8312 -16.6746
v 20.0350 -3.6402 -16.4046
v 19.9086 -3.3202 -16.6946
v 19.7646 -3.0672 -16.9846
v 20.2399 -3.6272 -17.0045
v 20.7807 -4.2352 -17.6245
v 20.4132 -12.5912 -18.8146
v 20.0084 -4.1482 -19.4246
v 23.6319 -9.5272 -21.4046
v 19.6752 -4.7742 -20.3446
v 21.3666 -5.4142 -19.1646
v 19.1910 -2.5482 -17.8645
v 19.1691 -2.9662 -18.7846
v 20.0440 -3.4692 -18.2046
v 20.0503 -3.3482 -17.5946
v 20.7122 -13.6472 -20.9546
v 20.1058 -11.5582 -22.0846
v 20.1717 -12.4962 -21.5145
v 18.7199 -5.8042 -21.2246
v 18.7971 -4.3332 -20.4446
v 18.7509 -5.2142 -20.9746
v 19.6492 -5.2692 -20.7445
v 23.5180 -11.6992 -23.1746
v 23.0238 -9.6652 -22.0145
v 22.1252 -9.6152 -3.3146
v 23.0075 -9.9752 -2.9546
v 22.4401 -9.3382 -3.1145
v 23.0389 -9.3772 -2.9046
v 22.4715 -8.7392 -3.1145
v 23.0704 -8.7762 -2.9546
v 22.3203 -23.0872 -5.1646
v 22.5654 -23.1142 -4.7746
v 22.0374 -22.7542 -5.6946
v 22.3729 -23.3832 -5.3845
v 21.9637 -23.0412 -5.9746
v 21.9283 -13.3712 -4.7346
v 22.1933 -17.3172 -6.6746
v 23.5335 -17.1362 -5.2545
v 21.3719 -12.5232 -4.9846
v 21.9609 -12.7502 -4.4146
v 21.2380 -10.7352 -4.3446
v 22.5024 -13.8812 -4.4546
v 22.5838 -12.3292 -3.7645
v 24.7150 -17.5212 -4.6245
v 23.2602 -10.8862 -3.0546
v 20.9191 -10.9982 -4.9546
v 20.9497 -9.5192 -4.3046
v 20.8327 -11.5732 -5.5746
v 21.4956 -10.1632 -3.9046
v 22.0415 -11.2112 -3.7545
v 20.9108 -8.9172 -4.2746
v 21.2248 -8.6432 -3.9646
v 20.9499 -8.6192 -4.2645
v 20.8819 -8.3042 -4.5546
v 20.9824 -7.9992 -4.8446
v 20.9689 -7.9882 -5.1445
v 20.8087 -8.2692 -5.4546
v 21.0067 -8.0272 -5.4446
v 21.2905 -8.3462 -3.9846
v 21.2341 -8.0332 -4.2445
v 21.0661 -8.0142 -4.5446
v 21.3250 -7.6862 -4.8346
v 21.3248 -7.6902 -5.1345
v 21.3212 -7.7592 -5.4346
v 22.1722 -8.7182 -3.2545
v 21.5656 -8.6722 -3.6646
v 21.5895 -8.3712 -3.7046
v 21.5034 -8.0582 -3.9446
v 21.6218 -7.7562 -4.1546
v 21.3728 -7.7302 -4.5346
v 21.6317 -7.5672 -4.5346
v 21.6342 -7.5192 -4.8346
v 21.6333 -7.5372 -5.1345
v 21.6296 -7.6062 -5.4346
v 22.1880 -8.4162 -3.3046
v 21.8409 -8.0862 -3.6445
v 21.9208 -7.7822 -3.8546
v 21.9337 -7.5372 -4.2346
v 21.9380 -7.4542 -5.1245
v 22.2414 -7.3962 -4.8246
v 21.9339 -7.5332 -5.4346
v 22.2039 -8.1132 -3.4246
v 22.2179 -7.8462 -3.6345
v 22.4873 -8.4372 -3.1646
v 22.5033 -8.1322 -3.3146
v 22.5195 -7.8222 -3.5946
v 22.5313 -7.5982 -3.9346
v 22.8363 -7.5092 -4.2246
v 22.8394 -7.4512 -4.8246
v 22.7867 -8.4562 -3.0746
v 22.8028 -8.1492 -3.2645
v 22.8218 -7.7882 -3.6345
v 23.1278 -7.6812 -3.9346
v 22.8314 -7.6032 -5.4346
v 23.0871 -8.4572 -3.0546
v 23.1069 -8.0792 -3.3446
v 23.4148 -7.9362 -3.6445
v 23.4289 -7.6672 -4.2346
v 21.5427 -22.3872 -6.8446
v 21.1236 -22.3232 -8.0446
v 21.5317 -22.6862 -6.8645
v 20.9966 -22.5952 -8.6546
v 21.7916 -23.0112 -6.5746
v 21.6401 -21.7812 -7.1245
v 22.6012 -21.8942 -5.3246
v 22.1502 -20.6022 -7.2046
v 21.7425 -20.5432 -8.2846
v 22.1975 -19.6992 -7.3146
v 21.8857 -19.9612 -7.9646
v 21.8191 -18.4562 -7.9146
v 21.7981 -16.9752 -7.2645
v 21.6505 -18.7162 -8.8246
v 21.4657 -15.4352 -7.8046
v 20.9051 -11.5352 -6.7746
v 21.5180 -14.5272 -8.0746
v 21.8679 -14.5242 -8.6846
v 20.7107 -10.9452 -6.1546
v 20.7486 -9.1462 -6.0846
v 21.2482 -9.1522 -6.6546
v 21.1941 -10.3382 -7.0346
v 21.7861 -10.3532 -7.4945
v 22.5148 -13.6452 -9.0145
v 21.8634 -8.8772 -6.8446
v 22.4013 -10.0792 -7.6546
v 20.7795 -8.5572 -5.7645
v 20.9942 -8.2662 -5.8046
v 20.9766 -8.5572 -6.0646
v 21.3132 -7.9122 -5.7445
v 21.2944 -8.2712 -6.1345
v 21.6221 -7.7502 -5.7346
v 21.6095 -7.9902 -6.0346
v 21.8941 -8.2922 -6.4246
v 21.9266 -7.6722 -5.7346
v 21.9146 -7.9002 -6.0446
v 22.4782 -8.6112 -6.7746
v 22.5014 -8.1692 -6.3546
v 22.7318 -9.5032 -7.4246
v 23.1193 -7.8422 -5.7346
v 23.0969 -8.2712 -6.3546
v 23.3464 -9.2422 -7.2346
v 23.4278 -7.6872 -5.1345
v 23.2850 -10.4132 -8.0246
v 20.4762 -22.7642 -11.6646
v 20.3509 -22.4672 -11.3546
v 20.5329 -22.2182 -10.1445
v 20.2969 -22.1542 -11.6445
v 20.5122 -21.8962 -10.7346
v 20.7562 -21.6302 -10.1245
v 21.6360 -20.5172 -8.8845
v 20.9286 -20.9822 -10.7046
v 21.7235 -19.9212 -8.8645
v 21.7199 -19.9002 -9.4646
v 21.6748 -19.8662 -10.3645
v 21.6569 -18.6852 -9.7246
v 21.9201 -19.2602 -10.8645
v 21.6434 -16.6142 -8.7445
v 21.8270 -16.6032 -9.3446
v 21.8458 -18.6642 -10.6245
v 22.1932 -16.6012 -9.9446
v 22.0324 -18.9532 -11.2346
v 21.6998 -15.7172 -8.7146
v 22.0379 -15.7132 -9.3146
v 22.4061 -15.7192 -9.7146
v 23.0431 -15.0292 -9.8945
v 20.1898 -22.4062 -12.8546
v 20.2372 -22.7112 -12.7946
v 20.4938 -21.5322 -12.5246
v 20.1752 -22.6852 -13.4646
v 20.2765 -22.9902 -13.4746
v 20.5202 -21.5652 -11.6245
v 20.9200 -20.6542 -12.4945
v 20.4709 -21.7892 -13.7346
v 22.4026 -25.7722 -14.4746
v 20.9431 -20.7062 -13.3945
v 21.2780 -20.0932 -11.8745
v 21.4872 -19.7722 -12.7645
v 21.9336 -19.2272 -11.8446
v 21.9064 -19.5212 -13.9546
v 22.2293 -19.0922 -12.4346
v 22.8433 -18.8422 -12.7246
v 22.8831 -18.0812 -11.6345
v 20.6306 -24.1162 -16.2146
v 20.2283 -22.3872 -13.4546
v 20.2241 -22.9602 -14.2645
v 20.9866 -21.1742 -14.9146
v 20.2798 -22.6592 -14.3645
v 20.3577 -23.2322 -15.2846
v 20.7909 -22.0432 -15.5446
v 20.5461 -23.2212 -15.8845
v 20.5667 -23.8122 -16.2046
v 21.5024 -20.0212 -14.2746
v 21.5445 -20.6942 -15.7946
v 21.7615 -20.0032 -15.1746
v 22.5124 -19.4232 -15.7046
v 21.0368 -24.6952 -17.4346
v 20.9178 -24.0992 -17.1145
v 20.9269 -23.2092 -16.7846
v 21.3843 -24.6932 -18.0346
v 22.1407 -26.5162 -18.6145
v 21.5453 -23.5002 -17.9945
v 21.2986 -22.0282 -16.7445
v 21.8705 -21.1472 -17.0145
v 21.3229 -22.9092 -17.3745
v 21.7686 -22.1512 -17.6445
v 21.7289 -22.9082 -18.0145
v 22.2833 -19.9882 -16.3745
v 22.6401 -19.9862 -16.9746
v 22.6145 -20.5642 -17.5946
v 21.7242 -12.7222 -17.0145
v 21.9522 -14.2142 -17.6746
v 22.9884 -16.0732 -17.6546
v 23.0966 -14.0082 -16.6846
v 21.1717 -10.6112 -16.3845
v 24.1686 -10.7502 -16.9046
v 25.1543 -10.4372 -18.7346
v 21.8282 -25.8962 -18.6746
v 22.1054 -24.0982 -18.9146
v 22.2866 -25.2982 -19.2545
v 22.2211 -23.5042 -18.8945
v 22.3914 -21.7322 -18.2445
v 23.2117 -19.0212 -19.6345
v 21.8259 -15.3252 -19.2146
v 22.0643 -16.5092 -20.9846
v 20.9237 -13.5082 -19.1445
v 21.8845 -14.7902 -18.2946
v 21.2310 -13.5552 -18.2445
v 24.4265 -9.4562 -19.9046
v 21.3687 -14.9592 -21.3046
v 21.4998 -15.2342 -22.2146
v 22.6888 -18.3412 -21.1145
v 22.6260 -18.2852 -22.6145
v 21.0294 -13.9982 -22.4646
v 22.7937 -17.9522 -23.8046
v 21.7938 -14.9072 -23.3945
v 23.8386 -17.0452 -25.5045
v 23.6169 -15.5452 -25.0946
v 21.6736 -12.4992 -23.3346
v 22.5296 -11.6442 -23.2846
v 23.1259 -13.4482 -24.1546
v 23.9494 -24.7402 -3.3246
v 24.0511 -24.4572 -2.9846
v 23.4687 -24.1052 -3.5746
v 24.0846 -24.7582 -3.0246
v 24.9172 -25.1272 -2.3046
v 25.3917 -26.0592 -2.1646
v 28.9918 -30.4512 -2.3146
v 25.2378 -26.0402 -2.4646
v 23.7809 -23.8312 -3.2946
v 24.3817 -23.8802 -2.7946
v 24.1142 -23.2522 -3.1445
v 23.7549 -22.9182 -3.5646
v 24.7760 -22.0882 -3.0546
v 24.7081 -23.3842 -2.6746
v 25.3586 -22.4372 -2.5446
v 23.5753 -10.6062 -2.9446
v 23.6066 -10.0092 -2.8745
v 24.7772 -16.3342 -4.2645
v 24.1903 -10.3362 -2.9945
v 23.9220 -9.7232 -2.9246
v 23.3384 -9.3942 -2.8745
v 25.1547 -14.8632 -3.9146
v 24.5059 -10.0462 -3.1445
v 24.2535 -9.1292 -3.2046
v 23.3700 -8.7912 -2.9646
v 23.9695 -8.8152 -3.1646
v 22.7364 -23.4342 -4.4846
v 22.8988 -22.8422 -4.4646
v 22.4660 -23.3992 -5.0846
v 22.8705 -23.7412 -4.4945
v 22.9652 -23.4562 -4.1846
v 23.2806 -21.9612 -4.4346
v 23.4179 -21.3572 -4.7046
v 23.8620 -22.0132 -3.8346
v 23.9104 -21.4082 -4.1046
v 24.8079 -21.4792 -3.3246
v 23.4713 -20.4282 -5.5746
v 23.2347 -19.1942 -6.1345
v 24.9315 -19.1222 -4.6245
v 24.5792 -18.4062 -4.9046
v 25.2033 -19.6662 -4.1746
v 26.1967 -17.9092 -4.3246
v 25.2669 -18.4542 -4.5346
v 26.0696 -14.6022 -4.1746
v 25.0322 -10.9662 -3.4446
v 25.2592 -10.3662 -3.7246
v 25.0726 -9.7562 -3.7046
v 25.2744 -9.7562 -4.0045
v 23.3859 -8.4872 -3.0846
v 23.6948 -8.3272 -3.3546
v 23.7244 -7.7602 -4.8346
v 24.0141 -7.9652 -4.2445
v 23.7152 -7.9362 -5.4446
v 24.3067 -8.1142 -4.8446
v 24.2695 -8.8242 -3.3745
v 24.2970 -8.3002 -3.9546
v 24.2968 -8.3042 -5.4546
v 24.7763 -9.1402 -3.6846
v 24.7785 -8.8302 -3.9646
v 24.5910 -8.4222 -4.2545
v 25.1380 -9.4492 -3.9846
v 24.9242 -8.8272 -4.2645
v 25.0189 -8.8112 -4.8645
v 27.1984 -12.4542 -7.0946
v 25.2813 -9.4462 -4.2946
v 26.6554 -11.8882 -5.2746
v 25.2086 -9.1312 -4.5746
v 27.6708 -29.9072 -6.2046
v 24.9903 -12.2672 -9.1445
v 23.9148 -9.8592 -7.6245
v 23.6718 -8.7642 -6.6746
v 24.5173 -9.8292 -7.3046
v 25.6295 -11.5352 -8.2645
v 23.7061 -8.1092 -5.7645
v 26.7915 -12.2912 -7.9846
v 24.8090 -27.1912 -9.4146
v 23.8134 -17.5272 -11.7046
v 27.5130 -15.7202 -12.3046
v 24.0450 -13.1072 -9.4846
v 26.7269 -13.5242 -10.1646
v 23.4711 -18.3272 -12.4046
v 25.3015 -17.7932 -12.9846
v 25.9374 -28.5892 -12.7645
v 26.1938 -29.2952 -13.9846
v 22.5029 -19.1832 -13.9446
v 23.4322 -19.0682 -14.5346
v 23.7389 -18.9482 -13.9146
v 24.9451 -18.8622 -14.2246
v 24.6270 -19.1992 -15.1345
v 22.6044 -27.1162 -19.3246
v 24.2599 -29.2942 -19.6946
v 24.6826 -29.1112 -16.9846
v 22.8240 -19.2102 -15.7445
v 22.8015 -19.4152 -16.3446
v 23.4322 -19.0692 -16.6345
v 23.3649 -19.4132 -17.2445
v 23.3839 -19.9902 -17.9646
v 23.7366 -18.9922 -16.6345
v 24.1353 -19.1322 -17.8346
v 24.7290 -19.2372 -15.7346
v 25.2195 -19.3592 -15.7445
v 25.2179 -19.3892 -16.3446
v 24.0458 -18.8262 -17.8745
v 24.3911 -17.9692 -17.1145
v 25.0363 -17.1222 -16.5145
v 25.3669 -16.5452 -16.3146
v 24.0262 -13.4662 -16.3745
v 26.8017 -17.8292 -16.1345
v 24.5810 -10.4492 -17.5346
v 24.6989 -29.2932 -20.3945
v 24.0608 -28.9732 -19.9846
v 24.1308 -28.6672 -20.2445
v 23.2539 -27.4302 -19.9346
v 23.8773 -27.1412 -20.5145
v 24.3919 -29.4172 -19.9945
v 24.7467 -28.3792 -20.7946
v 22.6878 -26.5102 -19.5946
v 23.3735 -25.9202 -20.2946
v 24.8367 -26.2592 -21.3845
v 22.7120 -23.8092 -19.5045
v 23.1207 -25.0132 -20.0646
v 22.7696 -22.6222 -19.1646
v 23.7834 -23.8312 -20.4746
v 24.0207 -25.0352 -20.7846
v 23.7313 -22.6412 -20.0646
v 23.0226 -21.1522 -18.5746
v 23.8455 -21.1662 -19.4146
v 23.5853 -21.8792 -20.9346
v 23.9112 -23.2292 -20.6846
v 23.8228 -21.1552 -19.7146
v 23.9373 -20.5812 -19.0946
v 23.9447 -19.9922 -18.7645
v 23.8646 -19.9982 -18.4646
v 28.1930 -14.2102 -18.5546
v 24.4318 -25.9482 -21.0746
v 23.9828 -23.8342 -20.7046
v 23.6793 -23.1752 -21.8845
v 23.8710 -24.0862 -21.9146
v 24.1703 -24.7342 -21.0346
v 23.9252 -24.0372 -23.4146
v 24.3876 -25.3352 -21.3546
v 24.1808 -24.9822 -22.5446
v 24.3683 -25.3452 -21.0546
v 24.5357 -25.6432 -21.3645
v 25.8209 -13.6142 -23.4346
v 25.3593 -10.9582 -21.1546
v 26.7374 -13.3242 -22.4346
v 23.9514 -23.7172 -24.0045
v 24.3608 -24.9502 -23.7445
v 24.5800 -24.6192 -24.9346
v 25.1720 -25.8612 -24.6746
v 24.5657 -23.9972 -25.5145
v 24.2688 -23.3912 -25.1946
v 25.0150 -20.9762 -26.6046
v 24.6055 -13.8782 -24.2545
v 24.1317 -14.6772 -24.8845
v 24.0093 -13.7882 -24.3446
v 24.7011 -23.3822 -26.0946
v 25.6567 -22.4812 -27.5246
v 24.7846 -22.7762 -26.3645
v 25.8244 -19.7972 -27.1646
v 24.4699 -16.4652 -25.8546
v 26.1495 -18.8102 -27.1245
v 25.3538 -16.7962 -26.3046
v 25.0850 -16.1922 -25.9746
v 25.1157 -15.6062 -25.5846
v 26.7077 -27.6392 -1.9246
v 26.0338 -26.7492 -1.8945
v 26.8874 -27.6572 -1.6846
v 26.9029 -27.3622 -1.5546
v 26.0516 -26.4092 -1.7445
v 24.8774 -24.2202 -2.4046
v 25.4843 -25.7692 -1.9846
v 25.5314 -24.8712 -1.9546
v 25.5787 -23.9692 -2.0246
v 26.0986 -25.5122 -1.6646
v 26.4990 -24.6372 -1.5145
v 27.0124 -25.2722 -1.3046
v 27.2648 -26.1892 -1.2445
v 27.0754 -24.0712 -1.3645
v 25.6103 -23.3662 -2.1245
v 25.3904 -21.8292 -2.7645
v 26.2564 -22.5012 -2.0546
v 25.9889 -21.8732 -2.4146
v 26.1959 -23.6562 -1.7846
v 26.8234 -23.1462 -1.6345
v 26.5876 -21.9142 -2.1245
v 26.8551 -22.5412 -1.7946
v 27.1863 -21.9542 -1.8845
v 25.9486 -20.9532 -2.8845
v 25.5346 -19.0792 -4.2846
v 26.0849 -20.0422 -3.3346
v 26.8246 -21.3202 -2.3046
v 26.6835 -20.0842 -3.0546
v 27.5336 -21.0592 -2.2046
v 26.1332 -19.1192 -4.0045
v 26.7321 -19.1562 -3.8546
v 27.5659 -20.4442 -2.6646
v 27.0155 -19.4812 -3.5946
v 26.4646 -18.5292 -4.2046
v 27.7131 -18.5912 -4.3046
v 26.8116 -17.6392 -4.3745
v 27.3314 -19.1862 -3.9046
v 27.7743 -16.4672 -4.9546
v 28.9987 -16.7942 -6.0446
v 26.6853 -14.3172 -4.6445
v 25.8797 -12.4922 -4.0346
v 26.4279 -12.1982 -4.6846
v 27.5897 -13.4072 -6.2246
v 26.2023 -28.5832 -8.5546
v 27.6490 -13.1262 -6.8146
v 26.6487 -29.1232 -10.9746
v 27.6448 -30.4022 -8.6145
v 27.8915 -14.2312 -10.4546
v 27.8846 -13.6182 -9.2346
v 26.6316 -29.3592 -12.7846
v 27.2908 -30.0362 -11.6046
v 26.7691 -29.9152 -13.7046
v 27.8693 -14.6542 -11.0746
v 27.8284 -15.4342 -11.9945
v 26.1324 -30.6002 -16.4346
v 27.4836 -31.7332 -14.9646
v 25.8230 -19.3072 -15.3745
v 27.4121 -17.6462 -13.6746
v 27.0651 -18.5362 -14.5145
v 27.6159 -19.4892 -15.7445
v 27.5362 -32.4742 -16.7946
v 26.1004 -19.7452 -16.3546
v 25.2270 -19.2152 -17.0946
v 25.2426 -18.9162 -17.0746
v 25.8029 -19.6912 -16.6546
v 25.5192 -19.3712 -16.9446
v 26.1094 -19.5742 -16.7645
v 25.5883 -18.0522 -16.5145
v 26.9895 -19.6352 -16.3446
v 26.4866 -18.1102 -16.2246
v 28.2210 -19.4072 -16.0946
v 27.1486 -16.9422 -16.2246
v 27.7483 -16.9642 -16.4945
v 26.3921 -14.1802 -16.7146
v 26.4565 -12.9522 -17.5446
v 25.5193 -30.8342 -19.7445
v 26.3724 -31.7532 -19.7746
v 26.1436 -31.5052 -19.4646
v 25.5239 -30.7462 -20.0446
v 26.3859 -31.4952 -20.1145
v 25.8345 -30.5522 -20.4546
v 26.6854 -32.1342 -19.4846
v 25.2435 -29.0042 -20.8845
v 25.2667 -29.9212 -20.4746
v 27.8790 -14.5142 -17.9746
v 27.9427 -13.2532 -19.7445
v 28.2824 -13.8932 -19.1445
v 25.8825 -29.6352 -20.9746
v 25.7140 -28.1072 -21.4546
v 26.1867 -28.7322 -21.4746
v 27.0178 -30.9022 -20.8346
v 27.1285 -29.3712 -21.7946
v 27.0830 -29.6582 -21.5045
v 25.9150 -28.0752 -22.6445
v 26.2471 -28.4122 -23.2645
v 25.7980 -27.8002 -21.7346
v 25.4929 -27.4422 -22.9246
v 25.9636 -28.0882 -23.2545
v 28.5021 -14.0452 -21.2545
v 29.3425 -15.2062 -22.4945
v 25.4260 -27.1072 -23.8146
v 25.5697 -26.7832 -24.7046
v 25.7804 -25.8522 -25.8446
v 25.9943 -27.5032 -24.7346
v 26.0496 -28.0402 -23.8446
v 26.8280 -28.7922 -23.8745
v 26.5525 -28.3152 -24.4546
v 26.0700 -27.0882 -25.3146
v 26.8679 -28.0312 -25.3546
v 25.0148 -24.9212 -25.5446
v 26.6283 -15.4062 -24.9846
v 27.5563 -14.8952 -23.7846
v 26.6461 -26.5302 -26.4945
v 27.1070 -26.4692 -27.3945
v 27.1962 -27.4982 -26.2246
v 26.9032 -24.8942 -29.1445
v 25.5719 -24.0992 -27.0145
v 25.1767 -24.6082 -26.1345
v 25.7728 -24.6082 -27.0346
v 25.5434 -21.2832 -27.2146
v 25.8986 -21.5812 -27.8246
v 26.1814 -20.3952 -27.7846
v 27.0903 -18.0552 -27.2946
v 26.7288 -19.2202 -27.8046
v 26.2681 -16.5452 -26.2545
v 27.4513 -16.8982 -26.5346
v 27.4054 -17.7732 -27.2146
v 28.0200 -17.5112 -27.0446
v 27.3786 -18.2862 -27.7046
v 26.6878 -23.3612 -29.6846
v 27.5544 -23.6642 -30.8945
v 26.3108 -22.7612 -29.0646
v 26.7591 -21.5532 -29.9246
v 27.0582 -18.6662 -27.7246
v 27.2825 -18.6412 -28.0246
v 27.3269 -19.2722 -29.2445
v 27.0102 -20.0752 -29.5746
v 27.6609 -18.6312 -28.8645
v 27.1094 -22.7512 -30.5646
v 27.0565 -22.1482 -30.5446
v 27.0738 -21.5482 -30.5246
v 27.1754 -20.9532 -30.5045
v 27.4913 -22.4502 -31.1546
v 27.4923 -21.8492 -31.1546
v 28.3689 -28.0512 -1.2346
v 27.8324 -26.8232 -1.1646
v 29.2985 -27.5092 -0.9446
v 28.3222 -28.9412 -1.5145
v 28.0383 -28.6262 -1.4945
v 28.9367 -28.6802 -1.2746
v 29.8820 -27.8402 -0.9346
v 27.5956 -25.6102 -1.1145
v 27.6270 -25.0102 -1.1145
v 29.3455 -26.6132 -0.8346
v 28.2732 -24.1452 -1.0346
v 28.2259 -25.0472 -0.9746
v 29.4397 -24.8152 -0.8246
v 31.1585 -26.4112 -0.7445
v 27.7058 -23.5062 -1.2746
v 28.3364 -22.9382 -1.2746
v 29.2330 -23.0262 -1.1546
v 29.5028 -23.6102 -0.9846
v 28.8747 -29.8632 -1.7445
v 28.5686 -29.8382 -1.9945
v 28.9057 -29.2732 -1.4846
v 28.8792 -30.1552 -2.0045
v 29.5047 -29.3072 -1.3845
v 29.4428 -30.4872 -1.9346
v 30.5404 -32.4732 -3.2846
v 27.4381 -22.8832 -1.4945
v 27.7693 -22.2952 -1.5946
v 28.6677 -22.3492 -1.4246
v 28.3983 -21.7562 -1.7146
v 28.6997 -21.7382 -1.7545
v 29.2509 -22.6852 -1.2846
v 29.8344 -23.0162 -1.2645
v 27.8011 -21.6882 -1.8346
v 28.1326 -21.0942 -2.1145
v 27.8694 -20.3852 -2.8645
v 27.5988 -19.8172 -3.4546
v 28.4356 -21.0452 -2.2846
v 28.7495 -20.7882 -3.1946
v 28.4215 -21.3152 -1.9945
v 31.3160 -23.4062 -2.3645
v 29.6502 -20.7992 -3.7746
v 27.9148 -19.5192 -3.8546
v 29.3817 -20.1902 -4.0646
v 28.6263 -17.4072 -5.1345
v 29.7780 -18.3592 -5.4146
v 30.3292 -19.3062 -4.9746
v 29.6612 -17.4082 -6.6646
v 29.8564 -17.0872 -7.5546
v 30.4845 -16.7462 -9.6345
v 28.2874 -31.6212 -10.7645
v 30.3637 -35.8452 -16.9046
v 28.6737 -32.7592 -13.2046
v 27.7229 -30.9282 -12.5346
v 30.4669 -16.7242 -10.2346
v 28.4820 -14.4282 -9.8645
v 28.2135 -13.8182 -8.6445
v 28.1713 -14.6242 -10.7645
v 28.0881 -16.2122 -12.7246
v 28.1357 -15.3042 -11.6946
v 28.6564 -16.8312 -13.0446
v 29.7077 -19.7012 -14.8446
v 30.0300 -20.7162 -15.7846
v 27.9504 -18.8382 -14.7746
v 28.3111 -17.6882 -13.8146
v 28.0563 -16.8192 -13.2445
v 28.2089 -33.7462 -18.6445
v 28.6478 -34.1942 -18.6546
v 29.2171 -34.7942 -18.0746
v 27.9215 -19.3912 -16.1046
v 28.2055 -19.7032 -15.7445
v 29.6774 -20.2802 -16.0646
v 28.5684 -18.5122 -16.4346
v 28.6325 -17.2882 -17.1445
v 28.4178 -15.6542 -18.0045
v 29.5492 -16.9942 -18.3346
v 30.0843 -18.2472 -17.6846
v 28.0875 -33.4202 -19.1946
v 28.6574 -34.0102 -18.9446
v 28.6714 -33.7422 -19.2445
v 29.2310 -34.5292 -18.6646
v 26.9394 -32.3982 -19.4945
v 26.9483 -32.2292 -19.7946
v 27.8688 -31.8602 -20.4945
v 29.2868 -33.4642 -19.7346
v 29.0602 -32.0562 -20.6846
v 28.5619 -14.8292 -18.5846
v 29.9698 -16.9842 -19.2545
v 29.5991 -15.1002 -20.9846
v 28.7950 -14.1872 -20.1046
v 27.6350 -30.5892 -21.2346
v 28.0342 -30.6302 -21.5346
v 29.0995 -31.3062 -23.3546
v 27.6929 -29.4862 -23.5946
v 29.3624 -14.8262 -21.2846
v 28.5561 -13.8662 -20.3446
v 30.5064 -15.9242 -22.2146
v 28.6452 -30.2572 -24.5246
v 27.7087 -29.1832 -24.4846
v 28.0180 -29.0132 -25.3845
v 29.2587 -29.9262 -26.3146
v 30.2737 -31.8302 -24.9446
v 28.0724 -16.5112 -25.8446
v 30.4987 -16.0722 -22.8246
v 28.1889 -28.0372 -27.1445
v 29.2303 -28.3192 -29.2545
v 27.9955 -17.9782 -27.6946
v 28.6220 -17.4892 -26.7746
v 28.6023 -17.8652 -27.3945
v 30.0853 -18.2292 -26.8046
v 30.4503 -16.9962 -24.6546
v 30.8622 -18.5802 -26.5145
v 30.0708 -18.5052 -27.4146
v 28.3078 -26.1272 -30.3845
v 28.3455 -26.7502 -29.8046
v 27.9616 -18.6252 -29.4945
v 27.4494 -19.4872 -29.8546
v 27.6896 -18.0842 -27.7046
v 27.6801 -18.2652 -28.0045
v 27.9882 -18.1172 -28.0045
v 27.9739 -18.3902 -28.9146
v 28.2855 -18.1772 -28.6046
v 28.2920 -18.0532 -27.9945
v 28.5872 -18.1532 -29.2046
v 29.1846 -18.2172 -28.0045
v 28.8886 -18.1342 -28.6046
v 29.5003 -17.9262 -30.0946
v 29.7771 -18.3762 -28.9046
v 30.0988 -17.9712 -30.0946
v 29.6376 -26.7702 -31.6046
v 28.5173 -25.2182 -31.2545
v 28.0295 -23.0622 -31.6345
v 29.4183 -25.2242 -32.0746
v 28.6454 -22.7742 -32.1946
v 29.6465 -24.3222 -32.4146
v 27.5956 -23.0562 -31.1746
v 27.5400 -21.2512 -31.1145
v 27.5701 -20.3632 -30.7846
v 27.7610 -22.4532 -31.4646
v 28.1239 -21.2612 -31.7246
v 28.3865 -22.1652 -32.0446
v 28.1705 -20.3712 -31.4546
v 28.7083 -21.5742 -32.2346
v 28.6769 -22.1732 -32.2545
v 28.7395 -20.9782 -32.1345
v 29.3819 -22.4962 -32.6546
v 29.3374 -21.8942 -32.6345
v 28.5803 -18.6252 -30.4246
v 28.0279 -19.1962 -30.4446
v 28.8855 -18.1942 -30.1046
v 28.2014 -19.7822 -31.1345
v 28.8322 -19.2102 -31.2645
v 28.8015 -19.7952 -31.6646
v 29.4168 -19.5192 -31.8845
v 29.3549 -20.7002 -32.4146
v 29.4627 -18.6442 -31.1846
v 29.7474 -18.9442 -31.6245
v 29.6858 -20.1182 -32.3446
v 30.0165 -19.5412 -32.1646
v 29.1778 -18.3482 -30.6345
v 29.3995 -18.0672 -30.3945
v 29.8012 -17.9172 -30.3945
v 29.7928 -18.0772 -30.7046
v 30.0986 -17.9742 -30.6946
v 30.0881 -18.1742 -31.0045
v 29.3238 -21.2942 -32.5546
v 29.8291 -23.1172 -32.7846
v 29.8607 -22.5142 -32.8645
v 29.9546 -20.7222 -32.6746
v 29.8352 -28.7322 -1.1546
v 30.2128 -27.2602 -0.8146
v 30.4033 -29.3572 -1.3246
v 30.4505 -28.4562 -1.0446
v 30.7963 -27.5902 -0.8546
v 31.8704 -30.0232 -1.6546
v 31.0336 -28.7952 -1.1345
v 31.0647 -28.2012 -0.9746
v 31.6640 -28.2312 -1.0246
v 31.6952 -27.6362 -0.9046
v 31.2057 -25.5112 -0.7645
v 31.7892 -25.8402 -0.8046
v 31.8208 -25.2392 -0.8645
v 32.3415 -26.7672 -0.9146
v 30.6715 -24.2402 -0.8945
v 30.9852 -23.9852 -1.0746
v 30.5642 -32.0192 -2.8046
v 31.1787 -31.7572 -2.6046
v 30.5975 -31.3842 -2.3446
v 30.8333 -32.6162 -3.3146
v 29.7578 -30.2102 -1.7346
v 30.3260 -30.8312 -2.0145
v 29.9957 -31.4022 -2.4046
v 30.3572 -30.2372 -1.7046
v 30.9252 -30.8632 -2.0145
v 32.4235 -30.9342 -2.2146
v 31.8680 -24.3392 -1.4945
v 32.0889 -24.3082 -2.0946
v 31.6345 -23.0612 -2.9546
v 31.0674 -22.4182 -3.0346
v 31.8963 -23.7982 -2.6746
v 31.9190 -23.3642 -3.0546
v 31.7588 -21.8262 -3.8046
v 32.8275 -34.6892 -5.4546
v 31.1478 -20.8832 -4.0846
v 31.4642 -20.5792 -4.6445
v 31.3993 -21.8162 -3.5446
v 31.4316 -21.2012 -3.9945
v 31.5982 -20.5752 -4.9646
v 30.0788 -18.3522 -6.0846
v 30.5325 -18.9652 -6.4146
v 31.5109 -20.5392 -5.8645
v 31.7975 -21.5172 -4.0946
v 31.7451 -20.9512 -4.6746
v 31.8991 -21.1912 -4.9846
v 31.9977 -21.8622 -4.1145
v 32.5545 -23.0162 -5.3546
v 31.3690 -20.4682 -7.6646
v 30.1833 -18.0152 -7.2846
v 31.5519 -21.0992 -7.0846
v 32.7114 -22.6192 -8.3346
v 31.7617 -20.7682 -8.2746
v 31.9186 -19.8342 -9.4446
v 32.6497 -20.8872 -9.4746
v 31.3502 -17.9612 -10.5746
v 31.2953 -18.0692 -9.9846
v 32.3047 -19.8122 -10.6445
v 30.7169 -17.6402 -11.4746
v 31.4667 -18.2462 -11.1946
v 31.1390 -21.0512 -14.8945
v 33.1258 -20.9832 -12.7846
v 33.1439 -21.2632 -13.3945
v 30.6423 -21.3482 -15.8046
v 32.6445 -20.9852 -13.6846
v 30.6218 -36.0372 -16.9146
v 31.2295 -36.5202 -16.0346
v 31.2404 -36.3122 -16.6245
v 30.6681 -35.7682 -17.5045
v 29.2048 -34.7102 -18.3745
v 30.0773 -35.5772 -17.5045
v 30.1052 -35.0452 -18.3845
v 31.0237 -34.7162 -18.9646
v 31.9089 -35.0222 -18.6746
v 31.8559 -36.0332 -17.2146
v 30.8097 -21.6022 -16.1145
v 31.0697 -21.9712 -15.8246
v 31.0815 -22.1482 -16.1245
v 31.8567 -23.7932 -16.4846
v 31.9169 -22.5532 -17.6445
v 31.2178 -21.0262 -17.2946
v 32.0221 -22.2482 -17.9346
v 30.9501 -18.9232 -18.1145
v 30.8821 -21.3402 -16.4046
v 31.7410 -21.0292 -17.9846
v 29.2588 -33.9992 -19.2445
v 30.4425 -34.3422 -19.2545
v 30.1698 -33.8122 -19.6946
v 30.7556 -34.0992 -19.5446
v 30.7898 -33.4472 -20.1245
v 31.3696 -33.8472 -19.8346
v 31.6366 -34.4842 -19.2645
v 29.6250 -32.7432 -20.4046
v 30.2216 -32.8242 -20.7046
v 30.5108 -33.0372 -20.4146
v 31.0928 -33.3972 -21.3246
v 31.3893 -33.4722 -20.4246
v 31.6693 -33.5752 -20.1245
v 32.2684 -33.8942 -21.6445
v 31.7321 -19.8102 -18.4446
v 31.7062 -19.4982 -18.7346
v 31.2414 -18.8732 -18.7146
v 31.9912 -19.7922 -19.3446
v 33.1938 -21.9682 -19.0946
v 30.4853 -18.2542 -18.0946
v 30.7725 -18.2372 -18.9945
v 30.9680 -18.5812 -20.2046
v 30.1843 -16.3402 -20.7946
v 31.1079 -18.8242 -19.9146
v 30.2363 -32.5442 -23.0946
v 31.0972 -33.3132 -22.5246
v 31.6801 -33.6552 -22.2346
v 31.5186 -19.5402 -21.1445
v 30.9115 -18.1822 -20.7946
v 32.1005 -20.3042 -22.0646
v 31.9210 -20.3262 -21.1646
v 32.1639 -20.6182 -21.7746
v 32.3493 -20.8862 -21.1846
v 31.0537 -16.9472 -21.9346
v 30.7857 -16.3292 -21.9346
v 30.8586 -16.3252 -22.2346
v 31.0722 -16.5952 -22.8446
v 32.6110 -33.0892 -26.8546
v 31.1206 -32.8672 -24.3046
v 31.0503 -17.0112 -24.0546
v 30.4780 -16.4662 -23.7346
v 31.3518 -16.9902 -22.8546
v 31.6120 -17.5032 -24.0746
v 31.3117 -17.7562 -24.9846
v 32.1643 -18.6842 -25.3146
v 31.8923 -17.8282 -23.7846
v 32.1933 -18.4442 -23.8046
v 32.1789 -18.4042 -24.7046
v 32.8638 -19.9812 -23.8546
v 32.5554 -19.6852 -23.2445
v 30.7998 -30.5232 -28.7246
v 32.9461 -20.9632 -27.7946
v 31.2771 -29.8812 -30.6145
v 32.6723 -31.9192 -29.9746
v 30.1485 -18.7802 -28.3246
v 30.5299 -19.1012 -28.3346
v 30.3533 -18.8482 -28.9246
v 30.9382 -19.1512 -27.4945
v 32.0622 -20.6332 -28.3845
v 31.6715 -20.3402 -28.9746
v 31.5687 -19.7032 -29.8546
v 30.3809 -18.3202 -29.8046
v 32.0770 -20.3502 -27.7746
v 32.1203 -20.6432 -29.5846
v 32.3437 -20.9922 -28.9945
v 31.3421 -28.6402 -31.8246
v 33.0049 -31.3062 -31.1546
v 32.2099 -29.2782 -32.0746
v 30.2387 -26.7662 -32.1746
v 29.9706 -26.1482 -32.2545
v 32.8418 -28.6852 -32.7746
v 30.0625 -18.6642 -31.5145
v 30.2854 -20.1422 -32.5646
v 30.6498 -18.9222 -31.9246
v 30.6161 -19.5652 -32.3645
v 31.2351 -19.2172 -32.2346
v 31.5611 -18.7302 -31.8745
v 31.5739 -18.4842 -31.6145
v 32.1536 -18.8882 -31.9246
v 31.8454 -19.0372 -32.1245
v 31.7992 -19.9172 -32.6646
v 33.2936 -20.0202 -31.9646
v 32.1586 -18.7932 -31.6245
v 32.4291 -19.3632 -32.2746
v 30.1023 -17.9052 -30.3945
v 30.3974 -18.0052 -30.3945
v 30.6947 -18.0652 -30.9945
v 30.6847 -18.2562 -31.3046
v 31.2814 -18.3352 -31.0045
v 31.2848 -18.2682 -31.3046
v 31.2766 -18.4262 -31.5546
v 31.5759 -18.4462 -31.4146
v 30.8705 -26.1742 -32.8645
v 32.0856 -25.9182 -33.4246
v 30.3970 -23.7452 -32.8446
v 30.3025 -25.5492 -32.6946
v 30.9339 -24.9652 -33.1546
v 31.2714 -24.3762 -33.3146
v 31.0123 -23.4682 -33.0946
v 31.5140 -25.3592 -33.3546
v 31.8961 -23.8022 -33.4646
v 31.5335 -24.9882 -33.4046
v 31.8647 -24.4002 -33.5246
v 32.1330 -25.0132 -33.5846
v 29.8921 -21.9142 -32.8745
v 29.9234 -21.3172 -32.8146
v 30.4916 -21.9392 -33.0546
v 30.5229 -21.3422 -32.9945
v 30.7599 -22.5532 -33.1046
v 31.0910 -21.9672 -33.1546
v 31.9584 -22.6122 -33.2046
v 31.1223 -21.3702 -33.0946
v 30.5541 -20.7472 -32.8546
v 31.7059 -21.6982 -33.1646
v 31.7527 -20.8052 -32.9945
v 32.3363 -21.1352 -33.0446
v 31.2000 -19.8872 -32.6245
v 31.1690 -20.4782 -32.8645
v 32.3983 -19.9502 -32.6245
v 32.2176 -20.5332 -32.8845
v 32.2322 -28.8532 -1.2645
v 32.2902 -27.7462 -1.0145
v 32.9252 -27.0932 -1.0646
v 32.3886 -25.8682 -0.9146
v 32.4202 -25.2652 -1.0246
v 32.7937 -25.2772 -1.2246
v 33.2721 -26.2072 -1.1345
v 33.2879 -25.9062 -1.1746
v 33.8402 -26.8322 -1.3146
v 33.8717 -26.2302 -1.3745
v 32.3774 -31.8142 -2.7846
v 34.0995 -33.3472 -4.5045
v 35.1408 -32.8012 -4.4846
v 33.0847 -29.7822 -1.7846
v 33.7436 -30.9892 -2.6245
v 34.0151 -29.2272 -1.8645
v 33.4622 -28.3122 -1.4146
v 34.1086 -27.4422 -1.4646
v 33.1435 -25.2852 -1.5246
v 32.6355 -24.6052 -3.0045
v 33.3196 -25.3002 -3.0246
v 33.8877 -25.9242 -1.5546
v 33.8987 -25.7142 -2.1445
v 32.3444 -23.9792 -3.2846
v 32.2252 -34.7192 -5.4346
v 32.1791 -35.2852 -6.3745
v 32.2119 -34.9722 -5.7645
v 32.5097 -35.0222 -5.8046
v 32.4871 -35.4542 -6.3845
v 32.7879 -35.4462 -6.3845
v 33.7236 -34.7892 -5.7545
v 33.3717 -35.7702 -6.9945
v 34.1774 -35.3792 -6.6746
v 33.1603 -24.8912 -4.2146
v 33.8330 -24.8642 -6.0145
v 34.0806 -26.1402 -4.2545
v 34.7461 -26.7412 -3.0746
v 34.1757 -26.1612 -4.8546
v 32.7985 -24.2722 -4.1946
v 32.4187 -36.7582 -10.9346
v 32.7645 -35.8922 -7.0946
v 32.7455 -36.2542 -7.9146
v 33.0427 -36.3172 -7.9146
v 33.0204 -36.7412 -8.9846
v 33.3311 -36.5462 -8.5246
v 32.7259 -36.6292 -9.1245
v 32.6972 -37.1772 -11.5446
v 33.0128 -36.8872 -9.4346
v 32.9945 -37.2362 -11.2445
v 33.9127 -36.9132 -10.0346
v 33.3202 -36.7532 -9.0946
v 33.3001 -37.1372 -10.6445
v 34.2305 -36.5812 -9.1245
v 34.5108 -36.9632 -11.2346
v 36.6720 -28.8212 -8.8446
v 32.9226 -22.6202 -8.6345
v 34.9030 -23.8932 -9.5746
v 35.0310 -23.5892 -9.8645
v 34.9299 -23.2342 -10.1546
v 32.5671 -20.4472 -10.0646
v 33.1131 -21.0452 -10.9846
v 32.4010 -37.0972 -12.4446
v 32.1033 -37.0442 -13.6445
v 32.6910 -37.2942 -12.7545
v 32.9922 -37.2802 -11.8546
v 32.3963 -37.1852 -13.9546
v 33.2938 -37.2582 -12.1445
v 33.5982 -37.1812 -13.0446
v 33.2949 -37.2362 -11.5446
v 33.9009 -37.1372 -11.5446
v 34.0183 -23.4322 -12.8446
v 33.4320 -21.5892 -13.1046
v 33.3601 -21.6162 -12.2046
v 33.9574 -23.1172 -13.1546
v 33.5867 -21.9492 -11.6145
v 34.5021 -24.3682 -12.5946
v 35.1497 -23.5642 -10.7645
v 31.8089 -36.9312 -14.8446
v 32.1100 -36.9172 -15.1445
v 31.5324 -36.4742 -16.3246
v 32.4271 -36.5972 -16.0346
v 32.7169 -36.8002 -15.4246
v 33.0057 -37.0232 -14.5446
v 33.0307 -36.5452 -16.0246
v 33.6244 -36.6812 -15.4346
v 33.6043 -37.0652 -13.9446
v 33.6365 -36.4502 -16.0246
v 33.6897 -23.9702 -15.8845
v 34.0948 -23.0932 -14.0546
v 35.3996 -25.7372 -15.9446
v 32.4410 -36.3332 -16.6245
v 32.4573 -36.0222 -17.2146
v 33.0527 -36.1252 -16.9146
v 32.1854 -35.4772 -18.0846
v 32.8269 -34.7032 -18.9646
v 33.3735 -35.7362 -17.4945
v 33.3997 -35.2362 -18.2146
v 33.9714 -35.7922 -17.2046
v 33.9916 -35.4062 -17.7846
v 34.3077 -35.1072 -18.0746
v 32.4796 -24.1322 -16.3246
v 32.7412 -24.8722 -16.8246
v 32.2846 -24.4052 -16.8046
v 32.6580 -24.7142 -17.1145
v 33.0171 -25.3412 -17.1345
v 33.2434 -25.6352 -17.4446
v 33.3105 -25.4732 -17.1445
v 33.8059 -26.5442 -18.0746
v 34.0449 -25.9252 -18.9546
v 34.1544 -26.5692 -17.9046
v 32.4057 -23.1692 -17.9646
v 33.0822 -24.0982 -18.1846
v 32.2380 -34.4742 -19.2545
v 31.9692 -33.8712 -19.8346
v 32.2760 -33.7502 -20.1345
v 32.5716 -33.8422 -19.8346
v 33.1604 -34.0712 -19.5446
v 32.5733 -33.8082 -20.1345
v 33.4595 -34.0952 -21.0446
v 33.4720 -33.8562 -19.8346
v 33.7371 -34.5302 -18.9546
v 33.7689 -33.9242 -19.5346
v 34.0744 -33.8272 -19.8346
v 34.3374 -27.1522 -18.6946
v 34.7119 -27.3952 -18.7046
v 34.1401 -26.8412 -18.6946
v 33.9094 -25.0172 -18.9246
v 34.2195 -26.5352 -18.9746
v 34.7564 -26.5462 -19.4746
v 33.4142 -23.4952 -18.7445
v 34.3300 -23.2172 -19.4646
v 33.0409 -21.3482 -19.4046
v 35.2376 -23.0962 -21.2545
v 33.5098 -21.6722 -20.3146
v 32.5662 -33.9442 -22.5446
v 32.2776 -33.7182 -23.7346
v 33.1566 -34.1442 -22.5446
v 32.8617 -34.0382 -22.8446
v 33.7546 -34.1972 -21.6445
v 33.4418 -34.4332 -23.1546
v 34.0556 -34.1862 -21.3446
v 34.0301 -34.6722 -22.8645
v 34.0509 -28.5442 -22.0546
v 33.9951 -28.2192 -22.0346
v 34.3669 -28.2452 -21.8546
v 33.9722 -28.2082 -22.3346
v 34.3993 -27.6272 -22.3146
v 32.9228 -21.4082 -21.2046
v 34.3063 -22.5102 -22.4446
v 32.6960 -21.2462 -21.7946
v 34.0841 -22.1772 -23.0446
v 34.9501 -22.8502 -21.5546
v 32.6267 -20.9212 -22.3845
v 33.0326 -20.6112 -23.2746
v 33.5068 -34.3942 -25.2545
v 33.1465 -34.3352 -24.0546
v 33.1705 -33.8782 -26.1445
v 33.7311 -34.6462 -24.3645
v 34.0251 -34.7682 -23.4646
v 33.5279 -21.3252 -23.3046
v 34.5446 -22.4812 -23.6345
v 33.5822 -21.2302 -23.5946
v 32.5521 -19.0322 -24.7246
v 33.1524 -20.5652 -24.7746
v 33.4024 -20.8992 -24.1846
v 33.5314 -21.2592 -24.7946
v 34.0440 -21.8232 -24.5145
v 34.8624 -22.7772 -24.2445
v 33.4823 -33.6612 -27.0346
v 34.0450 -34.3882 -26.1546
v 32.6496 -32.3532 -29.0946
v 33.2173 -32.9842 -28.8146
v 33.6232 -22.3282 -26.6345
v 33.5085 -21.6952 -27.3645
v 34.2989 -23.8112 -27.2846
v 33.9939 -23.2272 -27.2645
v 34.8651 -24.4712 -27.3146
v 34.3615 -23.8262 -27.8845
v 33.7845 -22.1612 -28.1345
v 33.4888 -21.6682 -28.1145
v 33.8197 -32.9552 -30.0045
v 34.3893 -33.5502 -29.4246
v 33.8503 -32.3712 -30.8845
v 34.0728 -22.3922 -30.2445
v 33.5016 -21.8272 -29.0246
v 33.6937 -21.9682 -28.4246
v 34.7899 -23.1742 -29.9646
v 32.9320 -21.2322 -28.4046
v 33.8807 -31.7902 -31.5045
v 34.2130 -31.1832 -32.1746
v 33.6772 -29.9422 -32.4646
v 34.9449 -22.9492 -31.4646
v 32.3992 -19.0832 -31.6245
v 32.8475 -19.3962 -31.9446
v 34.2471 -21.2612 -32.3046
v 33.8652 -20.6222 -32.2846
v 33.3028 -19.8892 -32.2545
v 33.4623 -28.3102 -33.1546
v 34.0248 -29.0412 -32.9646
v 34.6401 -28.7652 -33.1846
v 33.0164 -25.3532 -33.7645
v 34.0889 -27.8182 -33.4346
v 34.5144 -25.4322 -33.7746
v 35.0347 -26.9672 -33.6145
v 32.7639 -24.4392 -33.7545
v 32.8108 -23.5442 -33.6345
v 33.3476 -24.7672 -33.8346
v 33.0949 -23.8552 -33.7445
v 33.4258 -23.2752 -33.6445
v 33.6786 -24.1832 -33.8246
v 33.7098 -23.5872 -33.7346
v 34.2620 -24.5142 -33.8346
v 34.3089 -23.6192 -33.7146
v 32.5733 -22.3442 -33.1946
v 33.5186 -21.5032 -32.8645
v 33.7719 -22.4022 -33.3346
v 34.0250 -23.3062 -33.6646
v 34.4019 -21.8462 -32.9746
v 33.9832 -21.2362 -32.6046
v 34.4237 -21.4292 -32.6046
v 34.6551 -22.7472 -33.4046
v 32.9508 -20.8732 -32.8546
v 33.2790 -20.3432 -32.5746
v 33.5806 -20.3212 -32.3945
v 33.5652 -20.6142 -32.5746
v 35.5148 -29.8712 -2.8845
v 34.8991 -29.5552 -2.3945
v 36.3895 -31.6662 -4.4446
v 37.5370 -30.8112 -4.8246
v 36.4994 -28.7112 -3.1445
v 34.6614 -28.3582 -1.8745
v 34.4403 -26.8452 -1.5746
v 35.0081 -27.4752 -1.8745
v 34.4556 -26.5522 -1.6445
v 35.2495 -28.6022 -2.2346
v 35.3239 -27.1812 -2.1445
v 35.8845 -27.9492 -2.5145
v 35.7044 -27.4892 -2.4945
v 35.3286 -27.0922 -2.4846
v 35.1724 -27.4302 -3.3945
v 36.4490 -28.4082 -3.1345
v 35.8694 -28.2372 -3.7246
v 36.7438 -28.7492 -3.7445
v 34.4722 -26.2362 -2.0946
v 34.4717 -26.2452 -2.4546
v 35.0439 -26.7922 -2.1746
v 34.6534 -34.2432 -5.4945
v 34.6134 -35.0072 -6.3645
v 35.8530 -34.2822 -6.1946
v 35.2836 -33.6842 -5.2545
v 36.2292 -32.8372 -5.0946
v 36.1834 -33.7112 -5.8146
v 35.2046 -27.7112 -4.0045
v 34.9364 -27.3652 -4.8945
v 35.5734 -28.1542 -4.3246
v 35.5800 -28.0272 -5.8246
v 36.1529 -28.5592 -4.3346
v 36.7342 -28.9332 -5.7346
v 34.1421 -35.9462 -7.5946
v 34.8782 -35.6862 -7.5446
v 34.6268 -36.2412 -8.5045
v 35.4536 -36.1712 -9.1046
v 35.8095 -35.1132 -7.2645
v 36.0903 -35.4862 -8.1846
v 36.7184 -29.2332 -8.2645
v 34.5255 -36.6842 -9.7246
v 34.8209 -36.7802 -10.5746
v 35.4280 -36.6602 -11.2246
v 35.4353 -36.5202 -10.3246
v 36.0445 -36.3602 -10.9146
v 36.3674 -35.9312 -9.6946
v 36.0398 -36.4502 -11.8146
v 35.9520 -26.6612 -9.3845
v 37.3729 -28.2112 -10.0246
v 35.4722 -24.3512 -9.8945
v 35.5666 -24.2072 -10.1846
v 35.9202 -24.8052 -10.8146
v 35.7668 -24.4622 -10.4945
v 37.3975 -27.7412 -10.6046
v 37.2956 -27.5792 -10.9046
v 35.2102 -23.6182 -10.1646
v 34.2039 -37.0882 -12.4446
v 34.8131 -36.9292 -12.1345
v 34.8149 -36.8932 -13.0346
v 34.2093 -36.9862 -13.6345
v 35.3402 -36.7422 -12.4246
v 35.4286 -36.6472 -13.3246
v 35.4254 -36.7092 -11.8246
v 36.0397 -36.4532 -12.4146
v 35.0693 -26.3062 -13.5646
v 34.8135 -25.4552 -13.2346
v 35.6782 -27.7212 -13.0145
v 35.8489 -27.1512 -12.3945
v 36.9928 -30.2242 -12.1946
v 36.0248 -28.6302 -13.3446
v 36.6059 -30.1722 -13.0946
v 36.8768 -30.4652 -13.7046
v 35.5749 -24.7662 -11.4046
v 35.3925 -25.8732 -12.3446
v 37.2805 -27.8682 -11.2146
v 35.9612 -25.0972 -11.1245
v 34.2381 -36.4352 -15.7246
v 34.2225 -36.7332 -14.8346
v 34.8245 -36.7112 -14.2246
v 34.8372 -36.4692 -15.1245
v 36.0555 -36.1502 -14.5045
v 35.4612 -36.0262 -15.7046
v 36.9941 -35.4372 -15.0846
v 36.4134 -36.1562 -13.6046
v 35.2323 -26.4662 -13.8745
v 36.3894 -27.4062 -14.5045
v 35.5206 -26.1602 -14.4646
v 36.5725 -27.4052 -14.8046
v 36.8245 -29.8522 -13.9846
v 36.9773 -28.6382 -14.5446
v 36.4670 -27.0892 -15.0946
v 36.6579 -27.3892 -15.4046
v 35.6861 -26.0022 -15.3546
v 35.8108 -26.7122 -16.2846
v 34.9594 -25.8512 -13.8546
v 34.9426 -24.9182 -14.7146
v 35.2810 -25.5362 -14.7346
v 34.5637 -35.9552 -16.5846
v 34.5915 -35.4252 -17.4846
v 35.8210 -34.8932 -17.4646
v 35.5672 -35.3962 -16.8845
v 35.5603 -34.1342 -18.5646
v 36.7114 -35.0992 -16.2746
v 36.7302 -34.7412 -16.8546
v 36.4904 -33.5852 -18.4746
v 36.7568 -34.2332 -17.5446
v 36.0155 -29.7042 -16.9846
v 35.9141 -29.3992 -16.9746
v 36.1080 -29.4162 -16.7746
v 36.0331 -29.9952 -17.2946
v 36.1840 -30.0142 -16.9945
v 35.8398 -29.3852 -17.2746
v 36.0009 -29.9832 -17.5946
v 36.1443 -30.2912 -17.6046
v 36.1049 -29.9672 -18.1946
v 36.3863 -29.8392 -16.6846
v 36.4227 -29.1442 -16.4446
v 36.1391 -28.8222 -16.6046
v 36.5998 -30.9152 -17.6245
v 36.3437 -30.6522 -17.9146
v 36.1449 -30.2802 -17.9046
v 36.3029 -30.5782 -18.2146
v 36.4932 -30.8882 -18.2246
v 35.6348 -26.9812 -16.9246
v 35.3802 -26.1072 -16.5646
v 35.4556 -26.9522 -17.4945
v 35.7373 -27.5782 -17.2146
v 35.0374 -26.9162 -18.0846
v 35.3174 -27.3052 -18.4046
v 35.9091 -27.4802 -16.6046
v 35.8599 -28.1952 -16.9346
v 35.8136 -28.1822 -17.2346
v 35.7566 -27.8372 -18.4246
v 36.0372 -28.7532 -18.4546
v 36.4539 -28.5492 -16.3046
v 36.4968 -27.7292 -16.0145
v 34.8187 -25.3582 -16.5346
v 34.3796 -33.7362 -19.5246
v 34.6705 -33.9162 -19.2346
v 34.9650 -34.0302 -20.6646
v 35.5820 -33.7212 -20.1245
v 35.5970 -33.4352 -19.2146
v 35.8487 -34.3642 -21.0145
v 35.3751 -33.4902 -19.5145
v 35.9047 -33.2952 -19.5145
v 36.1995 -33.4032 -19.8146
v 36.1790 -29.6292 -19.3845
v 36.2544 -29.6232 -19.6846
v 35.8385 -28.8272 -19.3546
v 36.2209 -30.2632 -18.5045
v 34.4313 -27.0172 -18.9945
v 34.7171 -27.4612 -19.0145
v 35.0076 -27.4852 -18.7645
v 35.2888 -27.8502 -19.0246
v 35.3046 -27.5492 -18.7146
v 35.2864 -27.8982 -19.3246
v 35.5933 -27.8182 -18.7246
v 35.8668 -28.2872 -18.7346
v 36.2085 -27.4992 -20.1746
v 36.7298 -29.0162 -20.5446
v 36.5557 -26.6072 -20.4146
v 37.6253 -29.1252 -21.4646
v 36.3230 -25.3142 -20.4346
v 35.5806 -23.8522 -20.3845
v 36.8147 -26.0072 -20.7545
v 34.6340 -34.6132 -21.9646
v 34.6197 -34.8862 -22.8745
v 35.2419 -34.4782 -21.3546
v 35.2205 -34.8862 -22.3346
v 35.2133 -35.0242 -22.8745
v 35.8102 -35.0982 -22.8745
v 35.8052 -35.1942 -23.4846
v 35.8309 -34.7052 -21.6646
v 36.4191 -34.9442 -22.2645
v 34.3462 -28.6412 -22.0546
v 34.3855 -27.8902 -22.0246
v 34.3400 -28.7582 -22.6546
v 34.1673 -28.1872 -23.2346
v 34.4013 -27.5892 -22.6145
v 34.3589 -28.3992 -23.2445
v 34.3942 -27.7242 -23.2246
v 34.6511 -28.5552 -22.0145
v 34.6364 -28.8362 -22.3645
v 34.6825 -27.9562 -22.0045
v 34.7044 -27.5382 -22.3146
v 34.6532 -28.8332 -22.6646
v 34.7107 -27.4172 -22.6145
v 34.9443 -28.5592 -22.3446
v 34.9817 -27.9792 -22.3246
v 34.9261 -28.5472 -22.6445
v 34.9170 -27.6462 -22.6145
v 34.7441 -28.5272 -22.9446
v 34.8457 -27.9322 -22.9246
v 34.7000 -27.6232 -22.9746
v 36.2971 -24.7792 -20.7146
v 34.9048 -23.1322 -22.7645
v 35.6172 -23.5112 -21.5746
v 36.3567 -24.6712 -21.9146
v 36.4760 -24.7682 -21.3146
v 36.1203 -25.2872 -23.1345
v 36.8566 -25.6572 -22.2445
v 36.6167 -25.4432 -20.7346
v 36.8290 -25.3762 -21.6345
v 37.0931 -25.9802 -21.9546
v 34.6508 -22.8282 -23.0546
v 35.5973 -23.5312 -20.9746
v 34.6136 -35.0032 -24.0746
v 34.3218 -34.8392 -24.9746
v 34.9298 -34.7022 -26.1646
v 34.9113 -35.0532 -23.4746
v 34.9131 -35.0202 -24.9746
v 35.5046 -35.1982 -24.3845
v 35.5079 -35.1352 -24.9746
v 35.5141 -35.0162 -25.5746
v 36.1061 -35.1862 -24.9846
v 36.4052 -35.2102 -23.4646
v 36.4030 -35.2512 -24.0846
v 34.6864 -27.8802 -23.2246
v 34.6691 -28.2112 -23.2946
v 36.2753 -27.3442 -24.7046
v 36.1007 -26.7342 -24.6846
v 36.3695 -27.0702 -24.0946
v 36.2142 -26.7192 -25.2846
v 36.9744 -26.5432 -22.8745
v 36.6459 -27.9742 -24.4246
v 36.4870 -27.9162 -25.3246
v 35.7423 -24.9312 -23.7246
v 35.7753 -24.3002 -25.0546
v 35.5060 -23.7072 -25.1846
v 35.8843 -25.2222 -24.6345
v 35.9994 -24.9072 -25.2246
v 34.9294 -23.2452 -23.3645
v 35.2181 -23.4692 -25.4746
v 34.6554 -34.2062 -27.0546
v 34.6711 -33.9062 -28.5446
v 35.5510 -34.3132 -27.3546
v 35.8293 -34.7342 -26.4646
v 36.7451 -34.4562 -27.0546
v 36.7144 -35.0422 -25.5746
v 36.6908 -27.9242 -25.9246
v 37.0766 -27.0122 -26.7946
v 34.8592 -24.5832 -27.9146
v 35.1461 -24.8412 -27.6245
v 35.4732 -24.3332 -26.4046
v 36.3159 -25.4492 -27.0446
v 36.5902 -25.9472 -28.2545
v 36.4242 -25.4872 -26.4446
v 34.9772 -33.7962 -29.4346
v 34.4024 -33.3002 -30.0246
v 34.9896 -33.5602 -30.0246
v 35.5608 -34.1252 -28.8446
v 35.5693 -33.9632 -29.4446
v 35.5963 -33.7352 -30.0346
v 35.0066 -33.2352 -30.6145
v 36.1635 -34.0892 -29.3645
v 36.1767 -33.8382 -30.0346
v 36.4527 -34.3042 -28.5546
v 36.1736 -24.7172 -30.9146
v 34.4600 -23.1992 -28.7645
v 36.5916 -25.9212 -28.8546
v 36.1930 -33.5272 -30.6245
v 35.0640 -32.1402 -31.8745
v 34.4200 -32.9652 -30.6046
v 34.4434 -32.5192 -31.1946
v 35.0288 -32.8122 -31.2046
v 35.0963 -31.5242 -32.3246
v 34.8312 -30.8502 -32.6345
v 35.4281 -30.9252 -32.7645
v 35.6078 -33.2282 -30.9146
v 35.6325 -32.7582 -31.5045
v 35.9632 -32.1792 -32.0946
v 36.2275 -32.8692 -31.5045
v 36.3111 -31.2742 -32.7146
v 36.8023 -33.3662 -30.9146
v 34.2450 -30.5712 -32.5246
v 34.8606 -30.2902 -32.8945
v 36.3192 -23.4602 -32.6746
v 35.2140 -23.5472 -30.8745
v 34.8763 -21.8842 -32.6245
v 37.8489 -26.6062 -30.9846
v 35.4043 -29.7072 -33.1946
v 35.4600 -30.3172 -33.0346
v 36.1227 -29.1372 -33.3745
v 35.2710 -28.1912 -33.3446
v 36.0593 -30.3462 -33.1046
v 36.3907 -29.7552 -33.2846
v 36.6585 -30.3772 -33.0946
v 36.7218 -29.1692 -33.3645
v 35.8859 -27.9222 -33.3745
v 35.9647 -26.4192 -33.4945
v 36.8943 -25.8782 -33.1646
v 36.5164 -27.3572 -33.2946
v 37.1702 -26.7972 -33.0946
v 34.8454 -24.8482 -33.7645
v 34.8767 -24.2502 -33.7246
v 34.9080 -23.6542 -33.6345
v 35.4756 -24.2862 -33.5746
v 35.5069 -23.6912 -33.4746
v 36.4049 -23.7512 -33.0846
v 34.6991 -21.9072 -32.9246
v 34.6860 -22.1572 -33.1145
v 34.6240 -23.3392 -33.6046
v 35.2540 -22.7832 -33.2746
v 35.2230 -23.3752 -33.4746
v 35.2835 -22.2202 -32.9346
v 35.5534 -22.8022 -33.1546
v 35.5379 -23.0972 -33.2946
v 36.1817 -23.1422 -32.9646
v 36.1211 -23.4342 -33.1445
v 37.1139 -33.1522 -6.0145
v 37.4752 -31.9892 -5.4246
v 37.0813 -33.7752 -6.6145
v 38.1094 -32.2932 -6.2645
v 38.1063 -31.4132 -5.6546
v 38.3019 -30.2332 -5.2946
v 38.2520 -29.9302 -5.2846
v 38.4373 -30.8282 -5.6646
v 38.4732 -30.1432 -6.1846
v 37.9029 -29.5612 -5.5646
v 38.5177 -30.2342 -5.5946
v 38.7146 -31.2692 -6.2246
v 38.9982 -30.8282 -6.5145
v 37.3289 -29.0502 -4.3546
v 38.0026 -29.6172 -5.2746
v 36.7199 -34.9382 -7.8645
v 36.4544 -34.2722 -6.6345
v 37.3239 -34.8782 -8.5446
v 37.6140 -34.0272 -7.5246
v 37.7294 -32.8712 -6.3546
v 38.1904 -33.1672 -7.1946
v 38.6243 -32.5892 -7.1746
v 38.2549 -34.3082 -9.0346
v 38.9132 -33.2122 -8.3945
v 37.5743 -30.0982 -7.9945
v 39.0349 -30.8892 -7.1145
v 38.3635 -30.7322 -8.3146
v 36.9751 -35.8002 -10.5946
v 37.6100 -35.1502 -9.7746
v 37.9085 -35.1862 -10.8645
v 38.2332 -34.5862 -9.6445
v 38.7229 -34.2912 -10.2346
v 38.4082 -34.8332 -11.4546
v 39.1475 -33.4442 -9.3046
v 37.8681 -30.2242 -9.1946
v 37.6088 -29.4412 -9.7146
v 37.7855 -29.4272 -10.3645
v 37.6387 -29.9892 -11.2846
v 38.1961 -30.6392 -10.7046
v 39.0045 -31.4702 -10.1345
v 38.1613 -30.3622 -10.0946
v 38.0036 -30.9092 -11.3146
v 38.0792 -31.4922 -11.9446
v 37.5170 -28.1912 -10.9246
v 37.5586 -28.2042 -10.6245
v 36.9684 -35.9282 -11.4945
v 36.6572 -36.1342 -12.1046
v 37.2906 -35.5122 -14.1846
v 36.9858 -35.9072 -12.9945
v 37.5895 -35.5412 -12.0846
v 38.4712 -34.7942 -12.6546
v 38.0144 -35.0282 -13.8645
v 39.2503 -32.5122 -13.4746
v 38.0812 -31.8912 -13.7545
v 38.0898 -31.7272 -12.5446
v 39.5500 -32.5262 -12.5746
v 36.6685 -30.1862 -12.7846
v 36.9382 -30.7732 -13.1145
v 37.0186 -30.8052 -12.8146
v 37.3218 -30.8412 -12.2146
v 37.5025 -31.4202 -13.1345
v 37.4143 -31.1362 -12.5246
v 38.6798 -31.9342 -11.9546
v 37.3922 -34.6122 -16.2545
v 37.9888 -34.6852 -15.0546
v 38.3442 -34.0822 -15.6345
v 38.3189 -33.7602 -16.2246
v 38.0063 -31.6632 -15.5446
v 38.0099 -31.6842 -14.9446
v 38.3629 -32.2482 -16.5246
v 37.5060 -31.4012 -13.7346
v 38.7049 -32.3212 -14.9646
v 38.8484 -33.5082 -15.6145
v 37.6148 -31.0732 -14.6245
v 37.4402 -30.4632 -14.6046
v 37.3537 -29.2482 -14.8645
v 37.5643 -30.2892 -14.9046
v 37.7797 -31.0612 -15.2246
v 37.5258 -29.5462 -15.1746
v 37.5762 -29.8392 -15.4846
v 37.3284 -28.9252 -15.4546
v 37.4644 -29.8222 -15.7846
v 37.1838 -28.9072 -15.7545
v 37.8722 -31.3552 -15.5346
v 37.6514 -30.7332 -15.8146
v 37.7142 -31.3262 -16.1345
v 36.6620 -27.3992 -15.1046
v 37.2405 -28.6312 -15.1445
v 36.6989 -27.6812 -15.7146
v 37.1557 -28.6372 -14.8446
v 37.3556 -34.2722 -16.8446
v 37.7027 -33.3812 -17.5346
v 36.9831 -33.6272 -18.0246
v 37.4199 -33.0442 -18.1345
v 37.0197 -32.3962 -18.8745
v 37.9287 -32.7862 -17.6846
v 37.8904 -31.6362 -16.1445
v 38.3131 -32.5272 -17.0746
v 37.0833 -31.8102 -18.5546
v 37.6574 -31.6022 -16.7445
v 38.4216 -33.1442 -16.7946
v 38.7482 -33.1822 -16.2046
v 38.5215 -32.8492 -16.7846
v 38.6209 -32.5642 -16.4746
v 37.1832 -29.7972 -16.0846
v 37.2276 -30.9832 -16.6345
v 36.4488 -34.3782 -21.0446
v 37.0778 -33.8412 -20.4246
v 37.3486 -34.4052 -21.3446
v 37.9620 -34.1652 -21.2846
v 36.8423 -32.6022 -19.1846
v 36.6603 -32.9782 -18.8945
v 36.9591 -31.4922 -18.8446
v 37.0577 -32.3882 -19.1746
v 37.2769 -31.7882 -19.4546
v 37.4060 -31.4742 -20.0446
v 37.4698 -32.0932 -19.6245
v 38.0074 -33.3002 -20.3046
v 37.7491 -32.0922 -20.0646
v 37.6922 -33.5822 -20.3745
v 37.0604 -30.5452 -20.3146
v 38.2983 -33.0112 -20.3945
v 38.6040 -33.6072 -21.0145
v 38.3387 -32.7102 -20.4846
v 38.6074 -33.3152 -20.7846
v 39.3057 -33.0222 -21.5946
v 38.6230 -33.0172 -20.7246
v 36.3742 -30.5612 -18.8146
v 36.6286 -30.9482 -18.8246
v 36.4004 -30.2412 -19.4046
v 36.6830 -34.6862 -21.6546
v 36.4107 -35.1062 -22.8745
v 37.3216 -34.9202 -22.5646
v 37.0087 -35.1592 -23.4746
v 37.6378 -34.6202 -21.9546
v 37.9313 -34.7512 -22.5646
v 37.9129 -34.9772 -23.7645
v 38.5411 -34.5802 -22.8546
v 38.5591 -34.2372 -21.9446
v 38.5770 -33.8942 -21.3546
v 38.7886 -31.7842 -21.8546
v 38.4033 -31.4772 -21.4546
v 37.7097 -28.7252 -21.7545
v 38.4664 -30.2722 -22.4046
v 38.9573 -31.4292 -23.6445
v 38.1968 -29.6852 -23.2846
v 37.3071 -26.9132 -21.3845
v 37.0780 -26.0002 -21.3546
v 37.8242 -28.6892 -22.9446
v 37.2729 -26.5792 -22.2746
v 37.3239 -26.5932 -21.9746
v 37.4302 -28.0572 -23.2246
v 37.7967 -28.4082 -22.3346
v 36.7079 -35.1652 -24.9746
v 37.3100 -35.1432 -24.3745
v 37.3133 -35.0802 -24.9746
v 37.3197 -34.9562 -25.5746
v 37.9816 -34.9602 -24.3645
v 37.9252 -34.8672 -25.2645
v 38.8435 -34.5422 -23.4546
v 38.8412 -34.5862 -24.0546
v 38.5366 -34.6662 -24.9945
v 38.5436 -34.5322 -25.5546
v 37.1606 -29.1712 -25.3645
v 38.4553 -30.4852 -24.0946
v 38.7269 -31.0352 -24.8346
v 37.9156 -29.2732 -23.5746
v 36.7244 -34.8522 -26.1646
v 37.6542 -34.3072 -27.0446
v 37.3304 -34.7532 -26.1646
v 37.9594 -34.2152 -28.2445
v 37.9342 -34.6962 -25.8645
v 38.5680 -34.0662 -27.6345
v 38.6696 -34.0122 -26.7346
v 37.2319 -29.1532 -25.9646
v 36.8982 -28.5362 -25.9446
v 37.6127 -29.1422 -26.8645
v 38.8907 -31.0002 -27.2346
v 38.2929 -30.0472 -27.7946
v 38.8331 -30.6652 -28.1145
v 37.3561 -28.5292 -26.8046
v 37.2016 -26.6872 -27.6846
v 38.1147 -29.4162 -28.3745
v 38.1188 -28.1732 -29.5346
v 36.7628 -34.1202 -29.3745
v 36.7833 -33.7282 -30.3346
v 37.0536 -34.3032 -28.5446
v 37.6646 -34.1072 -29.1445
v 37.6748 -33.9132 -29.7346
v 37.3864 -33.6852 -30.3246
v 38.2729 -33.9652 -29.1345
v 38.5972 -33.5102 -30.0246
v 38.5716 -33.9972 -28.5346
v 38.8856 -33.7402 -29.1245
v 38.5847 -30.0312 -28.6946
v 38.3639 -29.4082 -28.9746
v 40.4502 -32.5452 -28.3645
v 37.2698 -26.6382 -29.1846
v 39.3969 -29.7142 -30.3645
v 37.4174 -33.0922 -31.2046
v 38.0030 -33.3832 -30.6145
v 36.8423 -32.6012 -31.7946
v 36.8805 -31.8732 -32.3645
v 37.7766 -31.9712 -32.1746
v 37.2083 -31.3502 -32.6445
v 37.7350 -32.7652 -31.4945
v 38.0883 -32.9232 -31.2046
v 38.3592 -32.3192 -31.6946
v 38.3914 -31.7032 -32.1546
v 38.9642 -32.9902 -30.6046
v 38.9495 -32.5202 -31.1846
v 38.4394 -30.7892 -32.5946
v 38.9972 -30.8272 -32.3246
v 39.4911 -27.9172 -31.9246
v 38.0199 -25.6722 -32.1445
v 39.2253 -27.2562 -32.2046
v 38.0951 -25.8932 -32.4546
v 37.8236 -25.3432 -32.4346
v 36.9898 -29.7882 -33.2445
v 36.7533 -28.5682 -33.3945
v 37.3209 -29.2032 -33.2946
v 37.8565 -30.4472 -32.8945
v 38.2192 -29.2582 -33.0446
v 38.2507 -28.6582 -33.0746
v 38.4711 -30.1832 -32.7746
v 38.8650 -28.3992 -32.7946
v 37.7610 -26.5372 -32.8246
v 37.3680 -28.3032 -33.3146
v 37.6988 -27.7242 -33.1746
v 38.2976 -27.7622 -32.9846
v 38.6281 -27.1882 -32.6946
v 39.2124 -27.8262 -32.5246
v 38.8853 -30.8332 -6.2146
v 39.5327 -32.0052 -8.0546
v 39.4931 -32.5822 -8.6746
v 39.8147 -31.9992 -8.6546
v 39.0060 -31.1292 -6.5246
v 39.0070 -31.4232 -6.7046
v 39.1610 -31.1262 -6.8246
v 39.7877 -31.7072 -8.3446
v 39.5711 -31.4062 -8.0346
v 39.6088 -31.4042 -8.6345
v 39.8631 -31.7012 -8.6445
v 39.4487 -33.4282 -10.2046
v 38.9352 -34.2702 -11.1345
v 39.3686 -33.7032 -10.8146
v 39.8588 -32.3672 -9.2645
v 39.6663 -32.8602 -9.5846
v 39.7885 -33.1252 -10.7946
v 40.0914 -32.2712 -9.8645
v 40.0264 -31.9892 -9.2545
v 40.0323 -31.9682 -9.8546
v 40.1104 -32.2512 -10.4646
v 40.0628 -32.8182 -11.3845
v 40.0317 -32.5162 -11.3745
v 39.5989 -31.5922 -9.5346
v 39.8906 -31.7592 -9.5446
v 39.0305 -34.2442 -12.0346
v 39.0362 -34.2232 -12.6345
v 39.4911 -33.6492 -11.4146
v 39.5211 -33.6592 -12.3146
v 38.8633 -34.1642 -14.0546
v 39.4437 -33.6132 -13.5145
v 39.5400 -32.7172 -13.4746
v 39.9072 -33.0992 -11.6946
v 39.9364 -33.0802 -12.2946
v 39.9708 -32.7822 -12.2846
v 39.7205 -33.3482 -12.9046
v 39.8860 -33.0562 -12.8945
v 39.6373 -33.3232 -13.5045
v 38.6890 -34.1322 -14.7346
v 38.8445 -32.5972 -15.8745
v 39.0186 -33.2172 -15.6046
v 39.2535 -33.5712 -14.4146
v 39.0720 -33.5412 -15.0145
v 39.3259 -33.2642 -14.7046
v 38.9296 -32.8992 -15.9446
v 38.8348 -33.8982 -21.6245
v 39.1775 -33.9002 -22.0846
v 39.1662 -34.1162 -22.5346
v 39.1568 -34.2972 -23.1445
v 39.4781 -33.8972 -22.6245
v 39.5610 -33.6152 -22.2146
v 39.6546 -33.8892 -23.1245
v 38.8922 -33.6122 -21.3046
v 39.3415 -33.3242 -21.6046
v 39.1925 -33.6162 -21.6445
v 39.7052 -33.0122 -22.4945
v 39.6937 -33.3222 -22.2046
v 39.6973 -33.6122 -22.5145
v 39.8091 -33.3152 -22.5846
v 39.7938 -33.6072 -22.8146
v 39.9060 -33.3012 -23.1046
v 39.9189 -33.5922 -23.4146
v 39.1587 -34.2612 -25.2445
v 39.1520 -34.3882 -23.7445
v 39.1514 -34.4002 -24.3446
v 39.4940 -33.5942 -26.4146
v 39.4954 -34.1492 -24.0346
v 39.8024 -33.8442 -24.6245
v 39.9181 -33.5182 -25.5145
v 39.7727 -33.8742 -23.7246
v 39.9853 -32.9532 -24.5946
v 40.0106 -33.2752 -24.0045
v 40.0048 -33.5652 -24.3146
v 40.0918 -33.2482 -24.9046
v 40.0059 -33.5442 -24.9146
v 40.0530 -32.9152 -25.7946
v 40.0095 -32.5812 -26.6846
v 40.0742 -33.2262 -25.5045
v 39.4944 -33.5872 -27.0145
v 39.4924 -33.6262 -27.9246
v 39.9817 -33.2012 -26.1046
v 40.1243 -33.1662 -27.3046
v 40.0634 -32.8942 -26.3945
v 39.9833 -33.1802 -26.7046
v 40.3371 -32.8672 -27.5946
v 40.4184 -32.8392 -28.4945
v 39.1865 -33.7292 -28.5246
v 39.5244 -33.0142 -30.0045
v 39.8103 -33.2922 -28.8046
v 39.5589 -32.3562 -30.8745
v 40.1498 -33.1362 -28.2046
v 40.1747 -32.4742 -29.9846
v 40.2837 -32.8112 -29.0946
v 40.5690 -32.2052 -29.6746
v 40.4852 -31.8782 -30.3046
v 40.5147 -32.5232 -29.0846
v 40.5011 -31.5752 -29.9446
v 38.9900 -31.7462 -31.8346
v 39.8152 -31.8132 -31.1546
v 39.6205 -31.1802 -31.7645
v 40.0860 -31.8372 -30.8546
v 40.2144 -31.3122 -31.1445
v 40.5106 -31.2592 -30.8346
v 39.6683 -30.2692 -32.1145
v 39.1014 -29.6212 -32.6046
v 39.9991 -29.6892 -31.9945
v 39.4635 -28.4432 -32.4346
v 40.0468 -29.0912 -31.9646
v 40.3324 -30.6282 -31.4146
v 40.2925 -29.8222 -31.6846
v 40.2646 -29.4132 -31.6746
v 40.5495 -30.6502 -31.1245
v 39.6144 -28.1572 -32.2346
f 1 2 3
f 4 5 1
f 3 6 7
f 3 7 8
f 2 9 3
f 9 6 3
f 6 10 11
f 6 11 7
f 11 12 7
f 11 13 12
f 1 14 4
f 15 4 16
f 4 17 16
f 18 17 14
f 17 4 14
f 16 17 19
f 17 20 19
f 17 18 20
f 21 19 20
f 22 20 18
f 23 20 22
f 20 23 21
f 24 21 23
f 5 4 15
f 25 15 26
f 26 15 16
f 27 26 16
f 19 27 16
f 28 27 19
f 21 28 19
f 29 24 23
f 14 8 18
f 8 30 18
f 30 31 32
f 30 32 18
f 22 18 32
f 14 3 8
f 14 1 3
f 8 33 30
f 8 7 33
f 7 34 33
f 7 12 34
f 31 30 33
f 33 34 31
f 34 35 31
f 34 36 35
f 32 31 37
f 38 37 35
f 35 37 31
f 32 37 39
f 37 38 39
f 40 22 32
f 39 40 32
f 39 41 40
f 42 41 39
f 22 43 23
f 40 43 22
f 34 12 13
f 13 36 34
f 35 36 44
f 38 44 45
f 38 35 44
f 46 38 45
f 39 38 46
f 42 39 46
f 40 47 43
f 41 47 40
f 41 42 48
f 43 29 23
f 43 47 49
f 47 41 48
f 49 47 48
f 50 24 29
f 29 43 49
f 51 52 53
f 53 54 51
f 53 52 55
f 52 51 56
f 57 53 55
f 58 52 56
f 59 60 55
f 58 59 55
f 55 52 58
f 58 56 61
f 62 58 61
f 63 2 64
f 64 5 65
f 1 5 64
f 64 2 1
f 63 65 66
f 64 65 63
f 65 5 54
f 65 54 53
f 63 66 67
f 57 65 53
f 66 65 57
f 66 68 67
f 67 68 69
f 67 69 70
f 57 71 66
f 71 57 55
f 68 72 69
f 72 73 69
f 71 55 60
f 60 74 71
f 71 74 66
f 68 66 74
f 68 74 72
f 9 75 76
f 9 76 6
f 76 77 10
f 63 9 2
f 10 6 76
f 10 78 11
f 78 13 11
f 78 79 13
f 9 63 80
f 80 75 9
f 77 76 75
f 77 81 10
f 81 78 10
f 81 82 78
f 82 83 79
f 78 82 79
f 84 75 80
f 84 85 75
f 85 77 75
f 86 77 85
f 77 86 81
f 81 86 87
f 87 82 81
f 88 82 87
f 88 83 82
f 88 89 83
f 67 70 80
f 63 67 80
f 70 84 80
f 90 85 84
f 91 85 90
f 91 86 85
f 87 91 92
f 87 86 91
f 88 87 92
f 88 92 93
f 93 94 88
f 94 89 88
f 91 90 95
f 96 91 95
f 96 92 91
f 92 96 97
f 97 98 92
f 98 93 92
f 98 94 93
f 98 99 94
f 99 89 94
f 70 100 84
f 100 101 84
f 84 101 102
f 90 84 102
f 90 102 95
f 96 95 103
f 96 103 104
f 97 96 104
f 104 98 97
f 104 105 98
f 105 99 98
f 69 73 70
f 73 100 70
f 106 102 101
f 95 102 106
f 95 106 103
f 107 101 108
f 108 101 100
f 107 106 101
f 106 107 109
f 106 109 103
f 109 110 103
f 103 110 104
f 104 110 111
f 105 104 111
f 112 105 111
f 113 114 27
f 115 51 25
f 115 25 114
f 114 116 115
f 117 116 114
f 114 113 117
f 118 117 113
f 113 119 118
f 120 115 116
f 117 120 116
f 120 117 121
f 56 51 115
f 25 54 15
f 15 54 5
f 114 25 26
f 114 26 27
f 28 113 27
f 122 119 28
f 21 122 28
f 21 24 122
f 28 119 113
f 51 54 25
f 79 123 36
f 13 79 36
f 123 124 36
f 124 44 36
f 125 45 44
f 125 44 124
f 125 126 45
f 126 46 45
f 126 42 46
f 127 48 42
f 126 127 42
f 83 128 79
f 128 123 79
f 124 123 128
f 124 128 129
f 129 125 124
f 126 125 129
f 126 129 130
f 126 130 127
f 48 127 131
f 89 128 83
f 89 132 128
f 132 129 128
f 132 133 129
f 133 130 129
f 131 127 134
f 99 132 89
f 133 132 135
f 130 134 127
f 136 132 99
f 136 135 132
f 137 133 135
f 137 130 133
f 137 134 130
f 105 138 99
f 138 136 99
f 139 136 138
f 139 135 136
f 135 140 137
f 139 140 135
f 141 134 137
f 112 139 138
f 105 112 138
f 140 142 137
f 142 141 137
f 118 119 143
f 118 143 144
f 145 144 146
f 117 118 121
f 145 147 144
f 145 146 148
f 118 147 121
f 118 144 147
f 148 146 149
f 150 119 122
f 122 24 50
f 50 29 151
f 143 119 150
f 152 150 122
f 50 152 122
f 152 50 153
f 50 151 154
f 153 50 154
f 155 143 150
f 144 143 155
f 155 150 152
f 153 154 156
f 154 151 157
f 154 157 156
f 156 157 158
f 155 152 153
f 146 144 155
f 155 153 146
f 146 153 159
f 153 156 159
f 146 159 149
f 29 49 151
f 49 131 151
f 49 48 131
f 131 157 151
f 157 131 134
f 157 134 158
f 158 134 141
f 142 160 141
f 161 162 163
f 163 164 161
f 163 165 164
f 165 166 164
f 166 167 164
f 166 168 167
f 164 167 169
f 168 169 167
f 161 164 170
f 169 171 164
f 164 171 170
f 172 173 60
f 172 60 59
f 62 59 58
f 172 59 62
f 172 174 173
f 174 175 173
f 174 176 175
f 175 176 177
f 74 173 72
f 72 178 73
f 173 74 60
f 173 175 72
f 175 178 72
f 177 178 175
f 179 178 177
f 177 180 179
f 181 180 177
f 182 183 180
f 184 185 183
f 181 182 180
f 184 183 182
f 178 186 73
f 73 186 100
f 100 186 108
f 108 186 187
f 107 108 187
f 188 107 187
f 188 109 107
f 109 189 110
f 110 189 111
f 186 190 187
f 190 191 188
f 190 188 187
f 191 192 188
f 188 192 189
f 188 189 109
f 111 189 193
f 194 111 193
f 111 194 112
f 179 186 178
f 179 190 186
f 195 191 190
f 196 192 191
f 196 191 195
f 197 192 196
f 193 192 197
f 189 192 193
f 194 193 197
f 183 195 190
f 198 196 195
f 197 196 199
f 200 197 199
f 197 200 194
f 190 179 180
f 180 183 190
f 198 195 183
f 199 198 201
f 196 198 199
f 200 199 201
f 183 185 198
f 185 201 198
f 202 201 185
f 120 203 115
f 115 203 56
f 203 61 56
f 204 205 206
f 204 207 205
f 208 139 112
f 208 140 139
f 208 209 140
f 142 140 209
f 194 208 112
f 142 209 204
f 142 204 160
f 208 210 209
f 210 204 209
f 204 206 160
f 200 211 194
f 211 210 208
f 194 211 208
f 211 200 201
f 201 202 211
f 211 202 210
f 202 207 210
f 207 204 210
f 121 212 120
f 213 214 147
f 214 212 121
f 147 214 121
f 213 147 145
f 148 149 215
f 158 216 217
f 216 158 141
f 160 216 141
f 217 156 158
f 215 159 217
f 217 159 156
f 159 215 149
f 216 218 217
f 206 218 216
f 206 216 160
f 219 215 217
f 217 218 219
f 206 220 218
f 218 220 219
f 221 222 223
f 222 224 223
f 223 224 225
f 224 226 225
f 227 228 229
f 230 227 231
f 229 231 227
f 232 233 234
f 235 233 232
f 236 237 235
f 236 235 232
f 238 236 232
f 236 238 239
f 232 234 238
f 240 241 239
f 239 238 240
f 238 234 240
f 242 237 162
f 163 162 243
f 162 237 243
f 242 162 244
f 244 162 161
f 235 237 242
f 244 235 242
f 243 237 245
f 246 237 236
f 246 221 245
f 237 246 245
f 246 236 239
f 246 239 241
f 246 241 221
f 247 248 249
f 247 165 243
f 247 249 165
f 249 166 165
f 249 250 166
f 165 163 243
f 250 251 166
f 166 251 168
f 251 252 168
f 169 168 253
f 252 254 253
f 252 253 168
f 243 245 248
f 247 243 248
f 248 255 249
f 249 255 256
f 250 249 257
f 249 256 257
f 257 251 250
f 257 258 251
f 258 259 252
f 251 258 252
f 252 260 254
f 252 259 260
f 221 261 262
f 248 221 262
f 248 245 221
f 262 263 248
f 263 255 248
f 264 255 263
f 256 255 264
f 264 265 256
f 257 256 266
f 265 267 266
f 256 265 266
f 266 258 257
f 258 266 267
f 258 267 268
f 268 269 258
f 269 259 258
f 260 259 270
f 270 259 269
f 271 262 261
f 271 263 262
f 272 263 271
f 264 263 272
f 272 273 264
f 265 264 273
f 265 273 274
f 267 265 274
f 268 267 274
f 275 268 274
f 275 269 268
f 274 276 275
f 275 277 269
f 277 270 269
f 278 272 271
f 272 278 279
f 279 273 272
f 277 275 276
f 221 223 261
f 223 225 261
f 225 280 261
f 261 280 271
f 281 278 271
f 281 271 280
f 278 282 279
f 281 282 278
f 282 273 279
f 273 282 283
f 283 274 273
f 274 284 276
f 284 285 276
f 285 277 276
f 286 280 225
f 286 287 280
f 280 287 281
f 287 282 281
f 288 282 287
f 283 282 288
f 288 289 283
f 283 289 284
f 274 283 284
f 290 277 285
f 226 286 225
f 291 286 226
f 291 287 286
f 287 291 292
f 292 288 287
f 288 292 293
f 293 289 288
f 289 294 284
f 285 284 294
f 295 296 297
f 298 299 297
f 298 297 296
f 296 295 300
f 229 297 231
f 229 295 297
f 229 301 295
f 299 231 297
f 295 301 300
f 230 231 299
f 300 302 303
f 300 303 296
f 301 302 300
f 302 304 305
f 302 305 303
f 306 233 307
f 306 308 305
f 306 307 308
f 306 305 233
f 304 233 305
f 307 233 235
f 309 308 307
f 307 244 309
f 307 235 244
f 310 311 309
f 312 311 310
f 244 161 313
f 161 170 313
f 309 313 310
f 313 170 310
f 313 309 244
f 314 310 170
f 314 315 316
f 314 316 310
f 316 315 317
f 312 310 316
f 318 312 316
f 318 316 317
f 317 319 320
f 321 171 169
f 169 253 321
f 253 322 321
f 253 254 322
f 171 314 170
f 171 323 314
f 171 321 323
f 322 323 321
f 324 254 260
f 322 254 324
f 322 324 325
f 323 315 314
f 323 322 325
f 315 323 325
f 270 326 260
f 326 324 260
f 327 325 324
f 326 327 324
f 319 325 328
f 327 328 325
f 325 319 315
f 326 270 329
f 329 270 277
f 327 326 330
f 326 329 330
f 327 330 328
f 319 317 315
f 319 328 331
f 330 329 332
f 332 328 330
f 328 332 331
f 319 331 333
f 319 333 320
f 290 329 277
f 332 334 335
f 329 334 332
f 290 334 329
f 335 331 332
f 336 333 331
f 337 334 290
f 336 331 335
f 336 338 333
f 339 298 340
f 298 341 340
f 340 341 342
f 341 343 342
f 341 344 343
f 339 299 298
f 341 298 296
f 296 344 341
f 344 296 345
f 346 344 345
f 303 305 347
f 296 303 345
f 305 308 347
f 303 347 345
f 347 348 345
f 347 308 348
f 345 348 349
f 308 350 348
f 346 345 349
f 348 351 349
f 308 352 350
f 352 353 354
f 352 354 350
f 348 350 351
f 350 354 351
f 355 356 353
f 308 309 352
f 309 357 352
f 309 311 357
f 311 312 357
f 357 353 352
f 357 358 353
f 312 358 357
f 358 355 353
f 358 312 359
f 312 318 359
f 355 358 359
f 318 360 359
f 318 317 320
f 361 362 340
f 340 342 361
f 342 363 361
f 364 365 362
f 362 361 364
f 343 366 342
f 340 362 339
f 365 339 362
f 342 366 363
f 366 367 363
f 363 367 368
f 366 343 346
f 339 365 369
f 370 368 367
f 344 346 343
f 366 346 371
f 366 371 367
f 367 371 372
f 372 370 367
f 346 349 371
f 371 373 372
f 373 374 372
f 371 349 351
f 351 373 371
f 375 374 373
f 351 356 373
f 376 374 375
f 354 356 351
f 353 356 354
f 356 355 377
f 375 356 377
f 373 356 375
f 369 365 378
f 361 379 364
f 361 363 379
f 380 365 364
f 363 368 379
f 370 381 368
f 382 379 368
f 364 379 382
f 380 378 365
f 382 380 364
f 380 383 378
f 380 382 383
f 382 384 383
f 368 384 382
f 383 384 385
f 378 383 386
f 383 385 386
f 368 381 384
f 370 387 381
f 381 388 384
f 372 374 387
f 370 372 387
f 387 389 381
f 387 374 389
f 388 381 389
f 389 374 390
f 378 386 391
f 386 392 391
f 386 393 392
f 392 394 391
f 378 391 395
f 396 394 392
f 378 395 369
f 386 385 393
f 385 384 393
f 384 388 397
f 388 398 397
f 397 393 384
f 393 397 399
f 393 399 392
f 397 398 400
f 400 399 397
f 392 399 396
f 400 401 399
f 402 388 389
f 402 398 388
f 389 390 402
f 398 403 404
f 402 403 398
f 405 406 407
f 62 61 405
f 405 61 406
f 408 174 405
f 62 409 172
f 405 409 62
f 174 172 409
f 409 405 174
f 177 176 181
f 182 181 410
f 410 184 182
f 185 411 202
f 395 391 412
f 391 394 412
f 394 396 413
f 412 394 414
f 414 394 413
f 413 396 415
f 396 399 401
f 396 401 415
f 400 398 416
f 398 404 416
f 401 400 416
f 417 418 419
f 418 420 212
f 418 421 422
f 422 420 418
f 406 422 421
f 407 406 421
f 420 203 120
f 212 420 120
f 61 203 422
f 422 203 420
f 406 61 422
f 207 202 423
f 423 205 207
f 419 424 425
f 417 419 426
f 426 419 427
f 212 424 418
f 214 425 212
f 425 214 428
f 212 425 424
f 419 418 424
f 214 213 428
f 205 220 206
f 425 427 419
f 429 427 425
f 425 430 429
f 428 213 430
f 430 425 428
f 431 430 213
f 432 431 433
f 433 213 145
f 433 431 213
f 433 145 148
f 433 148 434
f 433 434 435
f 432 433 435
f 148 215 434
f 434 215 219
f 436 437 438
f 437 439 440
f 439 437 436
f 441 439 436
f 440 439 441
f 442 443 436
f 438 437 444
f 445 444 437
f 446 444 445
f 447 444 446
f 446 448 447
f 446 445 449
f 448 446 449
f 448 449 450
f 222 241 451
f 451 452 222
f 453 451 241
f 454 452 451
f 452 455 456
f 453 457 451
f 457 454 451
f 452 454 455
f 455 454 458
f 459 455 458
f 452 456 222
f 222 456 224
f 224 456 226
f 456 460 226
f 460 291 226
f 456 455 460
f 460 455 461
f 230 299 442
f 462 463 228
f 464 465 462
f 462 228 464
f 228 227 464
f 463 301 228
f 442 465 464
f 230 442 464
f 230 464 227
f 228 301 229
f 465 466 462
f 466 447 463
f 462 466 463
f 463 447 467
f 442 436 465
f 463 467 301
f 468 301 467
f 436 438 465
f 438 466 465
f 447 469 467
f 467 470 468
f 470 467 469
f 466 438 444
f 447 466 444
f 448 469 447
f 471 469 448
f 471 470 469
f 468 472 301
f 468 470 472
f 473 474 475
f 471 476 470
f 472 470 476
f 472 476 474
f 234 473 475
f 475 240 234
f 240 477 453
f 474 478 475
f 478 240 475
f 221 241 222
f 240 453 241
f 479 454 457
f 454 480 458
f 480 481 458
f 481 482 458
f 480 454 479
f 483 482 481
f 460 484 291
f 484 292 291
f 293 294 289
f 337 290 285
f 461 484 460
f 485 484 461
f 485 292 484
f 485 293 292
f 486 285 294
f 486 337 285
f 294 293 487
f 486 294 487
f 488 486 489
f 486 488 337
f 459 461 455
f 459 490 461
f 490 485 461
f 491 293 485
f 490 491 485
f 491 487 293
f 489 486 487
f 492 488 489
f 493 494 490
f 493 490 459
f 494 491 490
f 491 495 487
f 487 495 489
f 458 482 459
f 482 493 459
f 494 495 491
f 483 496 482
f 496 494 493
f 496 493 482
f 497 494 496
f 494 497 495
f 497 498 495
f 495 498 489
f 492 498 499
f 489 498 492
f 500 496 483
f 483 501 500
f 496 500 497
f 502 500 501
f 497 500 502
f 497 502 498
f 498 502 499
f 299 339 442
f 442 339 503
f 301 472 302
f 473 302 472
f 304 302 473
f 233 304 473
f 474 473 472
f 233 473 234
f 504 338 505
f 505 338 336
f 506 505 336
f 507 505 506
f 507 508 505
f 509 335 334
f 509 506 335
f 337 488 334
f 488 509 334
f 492 506 509
f 492 509 488
f 506 336 335
f 492 507 506
f 510 507 492
f 499 510 492
f 503 339 511
f 511 339 369
f 360 355 359
f 355 360 512
f 360 513 512
f 513 514 515
f 318 320 514
f 360 318 513
f 513 318 514
f 515 514 504
f 338 320 333
f 320 338 514
f 508 504 505
f 338 504 514
f 375 377 516
f 376 375 516
f 512 516 377
f 355 512 377
f 516 512 517
f 512 513 517
f 518 369 519
f 376 520 374
f 521 520 376
f 522 523 524
f 524 521 522
f 516 522 376
f 522 521 376
f 523 522 516
f 523 516 517
f 395 525 526
f 526 527 369
f 369 395 526
f 519 369 527
f 528 390 374
f 529 390 528
f 402 390 529
f 403 402 529
f 528 374 520
f 530 528 520
f 529 528 530
f 531 529 530
f 529 531 403
f 403 532 404
f 531 532 403
f 520 533 530
f 534 531 530
f 534 530 533
f 531 534 532
f 521 533 520
f 521 534 533
f 535 534 521
f 524 535 521
f 535 524 536
f 537 535 536
f 534 535 537
f 407 421 534
f 534 421 538
f 408 534 539
f 540 541 408
f 540 408 539
f 405 407 408
f 407 534 408
f 541 542 408
f 176 174 542
f 408 542 174
f 542 543 176
f 181 176 410
f 410 544 184
f 544 185 184
f 545 546 547
f 547 548 549
f 547 546 548
f 546 550 526
f 550 546 545
f 551 545 547
f 412 525 395
f 525 412 552
f 412 414 552
f 546 526 525
f 548 525 552
f 549 548 552
f 553 549 552
f 548 546 525
f 547 549 551
f 554 551 549
f 555 414 413
f 415 555 413
f 552 414 556
f 555 415 557
f 555 556 414
f 556 555 558
f 556 553 552
f 556 558 559
f 558 555 560
f 404 561 416
f 415 401 557
f 416 557 401
f 416 561 557
f 557 561 562
f 560 555 557
f 560 557 562
f 563 564 565
f 565 564 562
f 562 564 560
f 532 561 404
f 561 566 562
f 534 538 567
f 417 565 567
f 563 565 417
f 532 568 561
f 561 568 566
f 568 567 566
f 568 534 567
f 566 567 565
f 562 566 565
f 532 534 568
f 567 421 418
f 417 567 418
f 567 538 421
f 411 544 569
f 185 544 411
f 423 202 411
f 549 553 570
f 554 549 570
f 571 559 558
f 560 571 558
f 560 564 571
f 564 572 571
f 573 574 571
f 573 571 572
f 572 575 573
f 556 559 553
f 559 571 574
f 576 574 577
f 574 573 577
f 578 570 553
f 559 578 553
f 559 574 578
f 579 570 578
f 578 576 579
f 578 574 576
f 579 576 577
f 575 572 427
f 564 563 572
f 572 417 426
f 572 426 427
f 563 417 572
f 219 220 580
f 205 423 581
f 220 205 580
f 582 205 581
f 582 580 205
f 583 584 575
f 573 575 577
f 584 577 575
f 585 586 584
f 584 583 585
f 587 585 583
f 575 427 583
f 583 429 588
f 430 589 429
f 429 583 427
f 431 589 430
f 590 591 592
f 434 219 592
f 591 432 435
f 219 580 590
f 590 592 219
f 435 592 591
f 435 434 592
f 588 587 583
f 593 587 588
f 588 429 593
f 594 595 589
f 595 593 429
f 429 589 595
f 596 431 597
f 431 432 597
f 598 596 599
f 596 597 599
f 599 597 600
f 432 600 597
f 432 591 600
f 601 591 590
f 600 591 601
f 443 602 603
f 604 605 603
f 606 603 605
f 604 603 602
f 602 443 442
f 437 440 607
f 443 441 436
f 441 608 440
f 608 609 440
f 607 440 609
f 607 609 610
f 608 611 609
f 608 441 603
f 608 603 606
f 608 606 611
f 611 612 609
f 441 443 603
f 610 609 612
f 613 612 611
f 611 606 614
f 614 613 611
f 613 615 612
f 445 437 607
f 607 449 445
f 449 616 450
f 449 607 610
f 450 617 448
f 610 616 449
f 618 450 616
f 450 619 617
f 620 616 610
f 618 616 620
f 618 619 450
f 618 620 621
f 622 618 623
f 622 619 618
f 615 620 612
f 620 610 612
f 623 618 621
f 621 620 615
f 624 622 623
f 617 471 448
f 617 625 471
f 626 476 471
f 625 627 471
f 627 626 471
f 625 617 619
f 619 628 625
f 629 625 628
f 629 627 625
f 628 619 622
f 630 629 628
f 629 631 627
f 631 629 632
f 624 628 622
f 633 629 630
f 629 633 634
f 632 629 634
f 630 628 624
f 627 631 626
f 476 626 474
f 626 478 474
f 478 477 240
f 626 477 478
f 631 632 635
f 626 631 635
f 477 626 635
f 635 632 636
f 477 635 637
f 638 636 632
f 636 637 635
f 638 632 634
f 639 479 637
f 477 479 457
f 477 457 453
f 479 477 637
f 640 641 639
f 642 479 641
f 643 642 641
f 641 644 643
f 641 479 639
f 501 483 643
f 481 480 642
f 642 480 479
f 643 483 481
f 643 481 642
f 501 643 644
f 503 511 645
f 646 501 644
f 507 510 508
f 501 646 502
f 502 646 499
f 647 648 645
f 645 511 647
f 508 515 504
f 649 515 508
f 650 649 508
f 647 651 652
f 518 519 651
f 653 651 519
f 511 369 518
f 511 518 647
f 647 518 651
f 515 654 655
f 655 513 515
f 649 654 515
f 519 527 656
f 519 656 653
f 656 657 653
f 524 658 536
f 658 524 523
f 523 517 659
f 513 659 517
f 658 523 660
f 659 660 523
f 661 658 660
f 662 657 656
f 662 656 527
f 663 537 536
f 537 664 534
f 665 534 664
f 663 666 537
f 666 664 537
f 666 667 664
f 668 664 667
f 665 668 669
f 665 664 668
f 658 663 536
f 666 668 667
f 668 666 663
f 663 658 661
f 670 663 661
f 670 668 663
f 668 670 671
f 540 671 541
f 665 539 534
f 539 669 540
f 669 671 540
f 671 542 541
f 669 539 665
f 668 671 669
f 543 542 671
f 672 673 543
f 671 672 543
f 674 675 673
f 673 176 543
f 673 675 176
f 176 675 410
f 675 676 410
f 676 544 410
f 677 678 679
f 680 678 677
f 678 680 681
f 681 680 682
f 662 679 683
f 678 683 679
f 550 677 526
f 527 526 677
f 551 684 545
f 677 550 680
f 685 550 545
f 685 680 550
f 545 684 685
f 527 677 679
f 680 685 682
f 527 679 662
f 676 569 544
f 686 676 675
f 411 687 423
f 411 569 688
f 687 411 688
f 685 684 689
f 690 684 551
f 682 685 689
f 689 684 691
f 692 682 689
f 690 691 684
f 691 690 693
f 689 691 694
f 694 691 693
f 693 695 696
f 694 692 689
f 554 690 551
f 554 577 697
f 698 577 584
f 697 690 554
f 698 697 577
f 693 690 697
f 693 697 695
f 699 696 695
f 698 699 695
f 697 698 695
f 570 579 554
f 579 577 554
f 582 581 700
f 700 701 582
f 423 700 581
f 698 584 702
f 584 586 702
f 703 702 586
f 704 703 586
f 702 699 698
f 703 705 702
f 696 699 706
f 699 702 706
f 707 696 706
f 708 707 706
f 706 705 708
f 702 705 706
f 703 709 705
f 710 708 705
f 709 710 705
f 585 711 586
f 585 587 711
f 590 580 601
f 580 712 601
f 580 713 712
f 701 713 580
f 701 580 582
f 703 704 709
f 714 709 704
f 715 714 704
f 716 709 714
f 704 717 715
f 718 719 587
f 593 718 587
f 711 704 586
f 719 711 587
f 711 719 704
f 720 704 719
f 719 718 720
f 704 720 717
f 718 593 595
f 718 595 594
f 589 721 594
f 721 722 594
f 723 722 721
f 589 431 596
f 596 721 589
f 596 723 721
f 598 724 725
f 726 599 600
f 598 599 724
f 599 726 724
f 726 712 727
f 724 727 728
f 726 727 724
f 728 727 729
f 730 724 728
f 726 600 601
f 726 601 712
f 720 718 717
f 731 717 718
f 732 717 731
f 718 594 733
f 734 733 594
f 594 722 734
f 722 723 734
f 718 733 731
f 596 598 725
f 723 596 725
f 725 735 736
f 725 737 723
f 725 736 737
f 723 737 738
f 736 739 737
f 724 735 725
f 735 724 730
f 730 736 735
f 740 731 733
f 740 732 731
f 741 740 733
f 733 734 741
f 742 741 734
f 734 743 742
f 740 741 744
f 741 742 745
f 744 741 745
f 738 734 723
f 734 738 743
f 605 746 747
f 605 747 614
f 746 748 747
f 749 746 750
f 749 751 746
f 746 751 748
f 748 751 752
f 614 753 613
f 613 753 754
f 614 747 753
f 747 755 753
f 754 756 615
f 753 757 754
f 754 757 756
f 747 748 755
f 757 753 755
f 755 758 757
f 755 759 758
f 615 756 760
f 757 758 756
f 761 756 762
f 758 763 756
f 756 763 762
f 750 764 749
f 764 750 765
f 764 766 749
f 765 767 764
f 767 765 442
f 766 764 768
f 764 767 769
f 770 767 442
f 604 750 605
f 765 750 602
f 750 604 602
f 442 765 602
f 605 750 746
f 749 766 751
f 606 605 614
f 615 613 754
f 771 623 621
f 623 771 624
f 772 624 771
f 760 621 615
f 760 771 621
f 756 761 760
f 760 761 771
f 761 772 771
f 761 773 772
f 773 774 772
f 762 773 761
f 775 774 773
f 775 773 776
f 777 775 776
f 762 776 773
f 762 777 776
f 630 624 778
f 778 624 772
f 633 630 779
f 633 780 781
f 778 772 774
f 774 779 778
f 778 779 630
f 633 779 782
f 633 782 780
f 781 780 783
f 774 784 779
f 779 784 782
f 775 784 774
f 782 784 775
f 782 783 780
f 782 775 777
f 782 785 783
f 785 786 783
f 781 638 634
f 781 634 633
f 787 638 781
f 781 783 787
f 786 787 783
f 788 787 786
f 636 639 637
f 638 787 636
f 789 640 639
f 788 636 787
f 789 636 788
f 636 789 639
f 790 640 789
f 788 791 789
f 791 790 789
f 645 648 503
f 790 792 640
f 640 644 641
f 640 793 644
f 794 646 644
f 793 640 792
f 795 796 503
f 796 795 797
f 797 795 798
f 795 503 648
f 799 800 801
f 799 802 800
f 801 794 799
f 499 801 510
f 801 650 510
f 510 650 508
f 649 650 800
f 801 499 646
f 801 800 650
f 800 802 649
f 646 794 801
f 653 797 798
f 797 653 657
f 652 648 647
f 651 798 652
f 798 651 653
f 652 795 648
f 798 795 652
f 655 803 513
f 802 804 654
f 804 655 654
f 804 803 655
f 802 805 804
f 805 803 804
f 799 805 802
f 802 654 649
f 662 797 657
f 662 796 797
f 806 807 808
f 809 659 810
f 659 809 808
f 660 659 808
f 808 661 660
f 805 809 810
f 809 806 808
f 806 809 805
f 659 513 810
f 803 810 513
f 805 810 803
f 811 812 813
f 662 811 813
f 814 670 661
f 814 671 670
f 815 814 661
f 808 815 661
f 807 815 808
f 807 816 815
f 815 672 814
f 816 672 815
f 817 672 816
f 672 817 673
f 817 674 673
f 814 672 671
f 817 818 674
f 818 819 674
f 816 818 817
f 818 820 819
f 816 821 818
f 821 820 818
f 819 675 674
f 819 686 675
f 822 812 811
f 812 822 823
f 822 824 823
f 825 812 823
f 683 811 662
f 826 811 683
f 827 826 683
f 683 678 827
f 678 681 827
f 826 822 811
f 822 826 827
f 828 829 827
f 828 827 681
f 827 829 822
f 822 829 824
f 829 828 830
f 569 686 831
f 831 686 819
f 832 831 819
f 820 832 819
f 832 833 831
f 831 833 834
f 686 569 676
f 569 831 688
f 688 834 687
f 688 831 834
f 692 681 682
f 681 692 828
f 828 692 835
f 828 835 830
f 835 836 830
f 836 837 830
f 692 694 835
f 836 835 694
f 693 836 694
f 696 838 693
f 693 838 836
f 838 837 836
f 839 700 840
f 839 834 833
f 839 701 700
f 833 841 839
f 840 423 687
f 700 423 840
f 687 834 840
f 834 839 840
f 842 837 838
f 707 838 696
f 708 843 707
f 707 843 838
f 844 843 708
f 838 843 842
f 843 844 842
f 845 846 842
f 712 713 847
f 713 701 848
f 839 848 701
f 844 845 842
f 710 709 716
f 716 714 715
f 708 710 844
f 844 710 716
f 716 715 849
f 716 849 844
f 845 844 849
f 845 849 850
f 847 727 712
f 847 729 727
f 851 728 729
f 852 729 847
f 729 852 853
f 854 847 855
f 854 853 852
f 856 854 855
f 854 852 847
f 857 853 854
f 713 855 847
f 717 858 859
f 717 859 715
f 850 849 715
f 850 715 859
f 860 737 739
f 738 737 861
f 737 860 861
f 728 862 730
f 736 730 863
f 863 730 862
f 736 863 739
f 862 728 851
f 864 863 862
f 862 851 864
f 864 739 863
f 865 739 864
f 864 866 865
f 739 865 860
f 864 851 867
f 867 866 864
f 866 868 865
f 853 851 729
f 853 867 851
f 869 870 867
f 870 866 867
f 870 868 866
f 870 871 868
f 871 865 868
f 853 869 867
f 857 869 853
f 872 870 869
f 872 873 870
f 874 850 859
f 875 717 732
f 875 732 876
f 858 717 875
f 875 876 877
f 874 858 875
f 876 878 877
f 879 877 878
f 880 732 740
f 744 880 740
f 881 745 742
f 743 881 742
f 882 881 743
f 876 732 880
f 880 744 883
f 745 883 744
f 745 881 884
f 883 745 884
f 883 876 880
f 876 883 885
f 884 885 883
f 881 886 884
f 885 878 876
f 887 885 884
f 885 887 888
f 878 885 888
f 884 886 889
f 887 884 889
f 888 890 878
f 891 890 888
f 738 882 743
f 892 893 860
f 860 893 861
f 738 861 882
f 861 893 882
f 892 860 894
f 882 893 895
f 886 881 882
f 893 892 896
f 895 893 896
f 895 886 882
f 886 895 897
f 895 896 897
f 886 897 889
f 896 898 897
f 897 899 889
f 896 900 901
f 898 896 901
f 899 897 902
f 897 898 902
f 898 903 902
f 894 860 865
f 894 865 871
f 892 894 904
f 896 892 904
f 896 904 900
f 894 905 904
f 905 894 871
f 905 871 906
f 900 904 907
f 904 905 907
f 873 871 870
f 907 905 906
f 907 906 908
f 900 907 909
f 891 888 887
f 887 889 910
f 910 891 887
f 878 890 911
f 911 890 912
f 889 899 910
f 910 899 913
f 913 899 902
f 768 914 751
f 914 752 751
f 752 915 748
f 915 755 748
f 916 914 768
f 752 917 918
f 752 918 915
f 916 917 914
f 917 752 914
f 918 759 915
f 915 759 755
f 919 920 916
f 918 917 921
f 920 917 916
f 921 917 920
f 922 923 921
f 921 923 918
f 923 759 918
f 922 921 920
f 924 758 759
f 759 925 924
f 925 926 924
f 923 927 759
f 927 925 759
f 762 763 777
f 763 758 928
f 928 777 763
f 928 929 777
f 758 924 928
f 926 928 924
f 928 926 929
f 930 931 932
f 770 933 930
f 931 930 933
f 442 503 770
f 764 934 768
f 769 934 764
f 935 934 769
f 767 936 769
f 935 769 936
f 936 767 770
f 937 916 934
f 916 768 934
f 935 937 934
f 936 930 932
f 930 936 770
f 937 919 916
f 935 938 937
f 919 937 938
f 932 935 936
f 935 932 938
f 931 938 932
f 938 931 939
f 939 919 938
f 768 751 766
f 929 940 782
f 929 782 777
f 941 782 940
f 941 785 782
f 785 942 943
f 941 944 785
f 944 945 785
f 945 942 785
f 945 946 942
f 947 933 770
f 943 786 785
f 948 786 943
f 948 788 786
f 948 791 788
f 949 791 948
f 942 950 943
f 943 950 948
f 948 950 951
f 949 948 951
f 949 952 791
f 791 952 953
f 954 952 955
f 952 954 953
f 942 946 950
f 950 946 951
f 956 949 951
f 952 949 957
f 955 952 958
f 959 956 946
f 951 946 956
f 956 959 957
f 949 956 957
f 959 960 958
f 957 959 958
f 957 958 952
f 955 958 960
f 791 953 790
f 961 962 963
f 963 962 954
f 955 963 954
f 963 964 961
f 961 964 965
f 963 955 960
f 963 960 964
f 790 953 792
f 793 792 962
f 953 962 792
f 953 954 962
f 965 793 962
f 965 962 961
f 966 965 967
f 968 799 794
f 794 969 968
f 794 793 969
f 793 965 969
f 969 965 966
f 968 969 970
f 793 794 644
f 971 805 799
f 972 971 799
f 971 973 805
f 968 972 799
f 974 972 968
f 972 975 971
f 974 975 972
f 973 807 806
f 807 973 976
f 977 973 971
f 973 806 805
f 978 979 796
f 978 980 979
f 978 981 980
f 813 812 982
f 796 662 813
f 983 796 813
f 813 982 983
f 984 983 982
f 796 983 978
f 983 981 978
f 981 983 984
f 985 981 984
f 981 985 986
f 980 981 987
f 988 989 990
f 991 989 973
f 991 990 989
f 992 993 990
f 994 993 992
f 990 991 992
f 995 816 807
f 995 821 816
f 988 976 989
f 976 988 807
f 993 995 807
f 989 976 973
f 807 988 996
f 996 988 990
f 807 996 993
f 993 996 990
f 994 997 993
f 982 812 825
f 823 998 825
f 998 823 824
f 829 998 824
f 984 982 825
f 825 998 999
f 999 984 825
f 998 1000 999
f 984 999 985
f 999 1001 985
f 1000 1001 999
f 1000 1002 1001
f 1002 1003 1001
f 1004 986 985
f 985 1001 1004
f 1005 829 830
f 1000 998 829
f 830 1006 1005
f 1007 1000 829
f 1007 829 1005
f 1005 1006 1007
f 1002 1000 1007
f 1007 1006 1008
f 1007 1009 1002
f 1009 1007 1008
f 1002 1010 1003
f 1002 1009 1010
f 1009 1008 1011
f 1012 995 993
f 1013 995 1012
f 1014 995 1013
f 1015 1014 1013
f 997 1012 993
f 1016 997 994
f 1012 997 1016
f 1016 1013 1012
f 1017 820 821
f 832 1017 1018
f 820 1017 832
f 995 1017 821
f 832 1018 1019
f 1019 1020 832
f 1014 1017 995
f 1017 1014 1018
f 1019 1018 1021
f 1018 1014 1015
f 1021 1018 1015
f 830 837 1022
f 1006 830 1008
f 830 1023 1008
f 1022 1023 830
f 1008 1024 1011
f 1024 1008 1023
f 1025 1019 1021
f 1019 1025 1026
f 1027 1026 1025
f 1021 1028 1025
f 1028 1029 1025
f 1027 1025 1029
f 1028 1021 1030
f 1031 1032 1020
f 1020 1019 1026
f 1033 1032 1031
f 1031 1020 1026
f 1026 1027 1031
f 833 832 1020
f 841 833 1032
f 1020 1032 833
f 1032 1033 841
f 1033 1034 841
f 846 837 842
f 1022 837 846
f 846 845 1035
f 1036 1022 846
f 1023 1022 1036
f 846 1035 1036
f 1037 855 1038
f 1033 1039 1034
f 1040 1034 1039
f 1034 1040 1037
f 1041 855 1037
f 1031 1039 1033
f 1037 1040 1041
f 1040 1042 1041
f 1043 1039 1044
f 1039 1043 1040
f 1043 1045 1040
f 1045 1042 1040
f 1046 1031 1047
f 1046 1044 1031
f 1039 1031 1044
f 841 848 839
f 848 1038 713
f 855 713 1038
f 1034 848 841
f 1034 1037 848
f 1037 1038 848
f 1048 1035 845
f 850 1048 845
f 854 856 857
f 855 1041 856
f 1042 856 1041
f 1042 1049 856
f 1048 850 1050
f 1048 1050 1051
f 1052 857 1053
f 1054 1052 1053
f 872 1052 1054
f 1055 857 856
f 1056 1053 1055
f 1055 1053 857
f 1057 1053 1056
f 1054 1053 1057
f 1054 1058 1059
f 856 1060 1055
f 1060 1056 1055
f 1057 1061 1054
f 1056 1062 1057
f 1052 872 869
f 869 857 1052
f 872 1059 873
f 1054 1059 872
f 874 1050 850
f 1050 874 1063
f 1050 1063 1064
f 1065 1064 1063
f 859 858 874
f 1066 874 1067
f 1067 874 875
f 877 1067 875
f 1063 874 1066
f 1063 1066 1068
f 901 900 1069
f 898 901 903
f 902 903 1070
f 1069 1071 901
f 903 1071 1072
f 901 1071 903
f 903 1072 1070
f 1073 1072 1071
f 1071 1074 1073
f 1074 1075 1076
f 1073 1077 1078
f 1077 1073 1074
f 1076 1077 1074
f 1061 1058 1054
f 1061 1079 1058
f 1080 1076 1075
f 1077 1081 1078
f 1081 1077 1076
f 873 1082 871
f 1082 906 871
f 1082 908 906
f 909 907 908
f 909 1069 900
f 873 1059 1083
f 873 1083 1082
f 1083 1084 1082
f 1084 908 1082
f 909 908 1084
f 1069 909 1085
f 1059 1086 1083
f 1083 1086 1084
f 1085 909 1084
f 1071 1069 1085
f 1058 1080 1059
f 1080 1086 1059
f 1086 1087 1084
f 1087 1085 1084
f 1088 1071 1085
f 1087 1088 1085
f 1088 1074 1071
f 1080 1089 1086
f 1086 1089 1087
f 1088 1089 1075
f 1089 1088 1087
f 1075 1074 1088
f 1089 1080 1075
f 1090 1066 1067
f 1091 1068 1090
f 1068 1066 1090
f 879 878 911
f 1092 879 911
f 1067 877 1093
f 879 1093 877
f 1090 1067 1093
f 1093 879 1094
f 1094 879 1092
f 1094 1092 1095
f 1092 911 1096
f 1094 1090 1093
f 1092 1096 1095
f 1097 1091 1090
f 1097 1090 1094
f 1095 1096 1098
f 1097 1094 1099
f 1095 1099 1094
f 1099 1095 1100
f 1100 1095 1098
f 1101 1099 1100
f 912 890 1102
f 890 891 1102
f 1102 891 1103
f 891 910 1103
f 910 913 1103
f 1102 1103 1104
f 912 1102 1104
f 1103 1105 1104
f 911 912 1106
f 1106 912 1104
f 1096 911 1106
f 1106 1104 1107
f 1096 1106 1108
f 1108 1106 1107
f 1107 1104 1109
f 1104 1105 1109
f 1105 1110 1109
f 1108 1107 1111
f 1111 1107 1109
f 1098 1096 1108
f 1111 1109 1112
f 1111 1112 1113
f 913 902 1070
f 1105 1103 1110
f 1103 913 1110
f 913 1070 1110
f 1114 1070 1072
f 1115 1110 1070
f 1073 1114 1072
f 1115 1070 1114
f 1109 1110 1115
f 1112 1109 1115
f 1078 1114 1073
f 1114 1078 1115
f 1078 1112 1115
f 1081 1116 1078
f 1078 1116 1117
f 1117 1112 1078
f 920 1118 922
f 1118 1119 922
f 923 922 1119
f 1119 1120 927
f 1119 927 923
f 927 1121 925
f 1122 926 1121
f 1121 926 925
f 929 926 1122
f 929 1122 1123
f 1121 927 1124
f 927 1120 1124
f 1124 1125 1121
f 1121 1125 1122
f 1125 1123 1122
f 1120 1126 1124
f 1126 1127 1124
f 1127 1125 1124
f 931 933 1128
f 1128 933 947
f 1129 1130 1128
f 939 931 1128
f 1131 1118 919
f 939 1131 919
f 939 1128 1132
f 939 1132 1131
f 1132 1128 1130
f 1133 1131 1132
f 1118 920 919
f 1118 1134 1119
f 1118 1131 1134
f 1134 1120 1119
f 1120 1135 1126
f 1131 1133 1134
f 1134 1135 1120
f 1136 940 929
f 941 940 1136
f 929 1123 1136
f 1137 944 941
f 1125 1136 1123
f 941 1138 1137
f 1139 1136 1125
f 1136 1139 1140
f 1136 1140 941
f 1127 1139 1125
f 941 1140 1138
f 1141 945 944
f 1141 944 1137
f 1142 947 770
f 1143 770 503
f 1142 770 1144
f 1144 770 1143
f 1145 1142 1144
f 1142 1145 947
f 1146 1144 1143
f 1145 1144 1146
f 1147 947 1145
f 1147 1145 1146
f 1148 947 1147
f 947 1148 1129
f 1149 1150 1147
f 947 1129 1128
f 1151 1137 1138
f 960 1152 964
f 1151 1138 1153
f 1138 1154 1153
f 1151 1153 1155
f 1156 959 1141
f 959 945 1141
f 946 945 959
f 1137 1151 1156
f 1141 1137 1156
f 1156 1151 960
f 960 1151 1152
f 1156 960 959
f 1157 1143 796
f 503 796 1143
f 1147 1146 1158
f 1158 1146 1143
f 1158 1143 1159
f 1149 1147 1158
f 1158 1159 1160
f 1160 1159 1161
f 1162 1160 1161
f 1158 1160 1149
f 1163 1157 1164
f 1161 1163 1165
f 1161 1159 1163
f 1165 1164 1166
f 1165 1163 1164
f 1165 1167 1168
f 1161 1165 1168
f 1162 1161 1168
f 1167 1165 1169
f 1169 1165 1166
f 1170 1168 1167
f 1167 1169 1171
f 1163 1159 1143
f 1157 1163 1143
f 1172 1173 964
f 1174 967 1173
f 1175 1176 967
f 1174 1175 967
f 1177 966 967
f 970 966 1177
f 966 970 969
f 965 964 1173
f 967 965 1173
f 970 1177 1178
f 967 1176 1177
f 1177 1176 1178
f 1179 1164 1157
f 1157 1180 1179
f 1180 1181 1179
f 1181 1182 1164
f 1164 1179 1181
f 1181 1180 1183
f 1182 1166 1164
f 1182 1181 1184
f 1184 1181 1185
f 1185 1181 1183
f 1186 1166 1182
f 1186 1169 1166
f 1184 1186 1182
f 1171 1169 1187
f 1187 1169 1186
f 1187 1186 1184
f 796 1180 1157
f 1188 1189 1190
f 1189 1188 1191
f 1192 1193 1188
f 1178 974 970
f 970 974 968
f 1190 1178 1192
f 1192 1188 1190
f 974 1178 1190
f 974 1190 1189
f 1178 1194 1192
f 1180 796 1195
f 1195 796 979
f 1195 979 1196
f 1196 979 1197
f 1180 1195 1183
f 1183 1195 1196
f 1198 1199 1196
f 1197 1198 1196
f 1196 1200 1183
f 1198 1201 1199
f 1199 1200 1196
f 1201 1202 1199
f 1183 1203 1185
f 1183 1200 1203
f 1199 1202 1200
f 1204 1202 1201
f 977 1205 973
f 1206 1189 1191
f 975 1207 977
f 1188 1206 1191
f 1189 1206 975
f 1206 1207 975
f 975 977 971
f 1189 975 974
f 980 1197 979
f 1208 1197 987
f 987 1197 980
f 1198 1197 1208
f 1208 987 1209
f 1201 1198 1208
f 1210 1208 1209
f 1210 1201 1208
f 1210 1204 1201
f 981 1211 987
f 1211 981 986
f 1209 987 1211
f 986 1212 1211
f 1209 1213 1210
f 1209 1211 1213
f 1212 1214 1211
f 1213 1211 1214
f 1215 1210 1213
f 1216 1213 1214
f 1217 1216 1214
f 991 1218 1219
f 1219 1220 991
f 1219 1221 1220
f 1222 1221 1219
f 1223 1221 1222
f 1222 1219 1224
f 1224 1223 1222
f 1221 1223 1225
f 1226 1221 1225
f 1223 1224 1225
f 1205 1219 1218
f 1219 1205 1224
f 1224 1205 1227
f 1227 1225 1224
f 992 1220 1221
f 992 991 1220
f 1228 994 992
f 973 1218 991
f 1221 1228 992
f 1205 1218 973
f 1228 1221 1229
f 1230 986 1004
f 1004 1001 1003
f 1231 1004 1003
f 1003 1010 1231
f 1230 1004 1231
f 1232 1231 1010
f 1232 1010 1011
f 986 1230 1212
f 1233 1230 1231
f 1233 1231 1232
f 1234 1212 1230
f 1234 1230 1233
f 1235 1233 1232
f 1236 1235 1232
f 1237 1233 1235
f 1237 1235 1236
f 1212 1234 1238
f 1233 1237 1234
f 1238 1214 1212
f 1238 1234 1239
f 1237 1239 1234
f 1237 1240 1239
f 1010 1009 1011
f 1241 1225 1242
f 1243 1225 1241
f 1244 1229 1221
f 1226 1244 1221
f 1226 1225 1243
f 1226 1243 1245
f 1246 1226 1245
f 1246 1244 1226
f 1228 1016 994
f 1229 1247 1228
f 1247 1016 1228
f 1244 1247 1229
f 1247 1244 1248
f 1016 1247 1248
f 1249 1250 1251
f 1016 1249 1013
f 1013 1249 1015
f 1249 1251 1015
f 1252 1011 1024
f 1252 1024 1253
f 1253 1024 1023
f 1011 1252 1254
f 1254 1252 1255
f 1255 1252 1253
f 1236 1232 1011
f 1256 1236 1011
f 1011 1254 1256
f 1257 1254 1255
f 1258 1236 1256
f 1254 1257 1259
f 1260 1261 1262
f 1260 1263 1261
f 1261 1263 1264
f 1265 1251 1266
f 1267 1266 1268
f 1266 1251 1269
f 1250 1269 1251
f 1015 1030 1021
f 1029 1028 1030
f 1015 1265 1030
f 1030 1265 1267
f 1029 1030 1267
f 1270 1029 1267
f 1029 1270 1027
f 1271 1027 1270
f 1047 1027 1271
f 1266 1267 1265
f 1251 1265 1015
f 1267 1268 1270
f 1253 1023 1036
f 1272 1273 1253
f 1036 1272 1253
f 1272 1036 1274
f 1257 1253 1273
f 1255 1253 1257
f 1273 1275 1257
f 1272 1275 1273
f 1276 1257 1275
f 1277 1270 1268
f 1268 1278 1277
f 1279 1277 1278
f 1031 1027 1047
f 1044 1046 1280
f 1046 1281 1280
f 1047 1271 1046
f 1282 1281 1046
f 1277 1271 1270
f 1277 1279 1271
f 1271 1279 1046
f 1046 1279 1282
f 1283 1281 1282
f 1282 1279 1284
f 1283 1282 1284
f 1278 1285 1279
f 1279 1285 1284
f 1044 1045 1043
f 1044 1280 1045
f 1045 1280 1042
f 1286 1274 1035
f 1274 1287 1272
f 1274 1286 1287
f 1035 1048 1288
f 1035 1274 1036
f 1035 1289 1286
f 1290 1291 1281
f 1292 1281 1283
f 1281 1292 1290
f 1292 1293 1290
f 1290 1293 1291
f 1284 1292 1283
f 1284 1294 1292
f 1295 1293 1292
f 1293 1295 1296
f 1049 1060 856
f 1291 1280 1281
f 1291 1297 1280
f 1297 1049 1042
f 1042 1280 1297
f 1288 1048 1051
f 1288 1289 1035
f 1298 1288 1051
f 1288 1298 1289
f 1299 1286 1289
f 1298 1299 1289
f 1298 1051 1300
f 1301 1062 1302
f 1303 1297 1296
f 1297 1303 1302
f 1291 1293 1296
f 1296 1297 1291
f 1302 1303 1301
f 1296 1304 1303
f 1305 1062 1056
f 1057 1062 1061
f 1049 1305 1060
f 1305 1056 1060
f 1302 1062 1305
f 1062 1301 1061
f 1297 1305 1049
f 1297 1302 1305
f 1300 1051 1064
f 1306 1300 1064
f 1064 1307 1306
f 1064 1051 1050
f 1065 1063 1068
f 1307 1064 1065
f 1307 1065 1308
f 1309 1061 1301
f 1303 1304 1301
f 1058 1079 1310
f 1058 1310 1080
f 1310 1311 1080
f 1080 1311 1076
f 1311 1081 1076
f 1079 1311 1310
f 1312 1061 1309
f 1061 1312 1079
f 1313 1079 1312
f 1314 1311 1079
f 1313 1314 1079
f 1065 1068 1308
f 1308 1068 1315
f 1316 1308 1315
f 1317 1316 1315
f 1068 1091 1315
f 1315 1091 1318
f 1315 1318 1319
f 1315 1319 1317
f 1318 1320 1321
f 1097 1099 1101
f 1101 1100 1322
f 1322 1100 1098
f 1091 1097 1101
f 1322 1318 1101
f 1091 1101 1318
f 1098 1323 1322
f 1318 1322 1324
f 1324 1322 1325
f 1322 1323 1325
f 1325 1323 1326
f 1320 1318 1324
f 1324 1325 1327
f 1327 1325 1328
f 1325 1326 1328
f 1320 1324 1329
f 1329 1324 1327
f 1329 1327 1330
f 1327 1328 1330
f 1108 1111 1331
f 1331 1111 1113
f 1331 1113 1332
f 1098 1108 1323
f 1108 1331 1323
f 1326 1323 1331
f 1326 1331 1333
f 1331 1332 1333
f 1330 1328 1334
f 1328 1326 1334
f 1334 1326 1333
f 1333 1332 1335
f 1335 1332 1336
f 1337 1335 1336
f 1333 1338 1334
f 1339 1117 1116
f 1117 1339 1113
f 1117 1113 1112
f 1332 1113 1339
f 1314 1081 1311
f 1340 1339 1116
f 1340 1116 1081
f 1314 1340 1081
f 1340 1341 1342
f 1314 1341 1340
f 1332 1339 1342
f 1340 1342 1339
f 1313 1342 1341
f 1313 1341 1314
f 1313 1336 1342
f 1342 1336 1332
f 1312 1336 1313
f 1312 1337 1336
f 1132 1343 1344
f 1132 1345 1343
f 1130 1345 1132
f 1343 1345 1346
f 1346 1347 1343
f 1133 1132 1344
f 1344 1348 1133
f 1133 1348 1134
f 1348 1135 1134
f 1126 1135 1349
f 1135 1350 1349
f 1350 1135 1348
f 1350 1351 1349
f 1348 1344 1352
f 1352 1350 1348
f 1350 1353 1351
f 1352 1354 1350
f 1353 1350 1354
f 1355 1353 1354
f 1344 1343 1352
f 1356 1355 1357
f 1355 1358 1357
f 1358 1359 1357
f 1352 1343 1347
f 1347 1354 1352
f 1359 1358 1360
f 1354 1358 1355
f 1358 1354 1347
f 1349 1127 1126
f 1349 1351 1127
f 1361 1140 1139
f 1351 1361 1139
f 1351 1139 1127
f 1362 1140 1361
f 1362 1154 1138
f 1140 1362 1138
f 1363 1361 1351
f 1353 1363 1351
f 1361 1363 1362
f 1356 1357 1154
f 1362 1356 1154
f 1363 1356 1362
f 1353 1355 1356
f 1363 1353 1356
f 1148 1364 1129
f 1148 1147 1150
f 1364 1148 1365
f 1365 1148 1150
f 1364 1365 1366
f 1130 1129 1367
f 1364 1366 1367
f 1364 1367 1129
f 1367 1368 1130
f 1369 1367 1366
f 1368 1367 1369
f 1368 1345 1130
f 1370 1153 1154
f 1371 1153 1370
f 1370 1154 1357
f 1371 1370 1372
f 1371 1373 1155
f 1359 1370 1357
f 1370 1359 1372
f 1373 1371 1372
f 1359 1374 1372
f 1375 1372 1374
f 1372 1375 1373
f 1360 1374 1359
f 1155 1153 1371
f 1152 1151 1155
f 1149 1160 1376
f 1376 1150 1149
f 1162 1376 1160
f 1168 1170 1162
f 1377 1150 1376
f 1378 1376 1162
f 1162 1170 1378
f 1150 1377 1365
f 1377 1376 1378
f 1379 1378 1170
f 1380 1365 1377
f 1377 1381 1380
f 1381 1377 1378
f 1379 1381 1378
f 1380 1366 1365
f 1382 1152 1155
f 1152 1382 964
f 1172 964 1382
f 1170 1167 1383
f 1384 1383 1167
f 1171 1384 1167
f 1385 1386 1384
f 1171 1385 1384
f 1386 1385 1387
f 1383 1379 1170
f 1386 1379 1383
f 1384 1386 1383
f 1379 1386 1388
f 1388 1381 1379
f 1386 1387 1388
f 1389 1387 1385
f 1390 1173 1172
f 1391 1392 1390
f 1393 1392 1391
f 1394 1194 1395
f 1396 1393 1391
f 1393 1396 1395
f 1395 1397 1394
f 1390 1172 1391
f 1178 1176 1194
f 1390 1174 1173
f 1176 1175 1398
f 1398 1194 1176
f 1390 1392 1174
f 1175 1174 1392
f 1393 1175 1392
f 1175 1393 1398
f 1393 1395 1398
f 1398 1395 1194
f 1184 1185 1399
f 1187 1184 1399
f 1171 1187 1400
f 1400 1187 1399
f 1400 1399 1401
f 1402 1399 1185
f 1399 1402 1401
f 1403 1400 1401
f 1403 1401 1404
f 1405 1385 1171
f 1400 1405 1171
f 1403 1405 1400
f 1405 1403 1406
f 1406 1403 1404
f 1405 1389 1385
f 1406 1389 1405
f 1407 1408 1409
f 1409 1410 1411
f 1412 1409 1413
f 1409 1412 1407
f 1413 1414 1412
f 1408 1188 1193
f 1415 1416 1193
f 1408 1193 1416
f 1408 1416 1409
f 1415 1194 1394
f 1415 1417 1416
f 1416 1410 1409
f 1394 1418 1415
f 1415 1418 1417
f 1416 1417 1410
f 1417 1418 1397
f 1418 1394 1397
f 1192 1415 1193
f 1415 1192 1194
f 1204 1419 1202
f 1402 1185 1203
f 1402 1203 1420
f 1200 1420 1203
f 1420 1200 1202
f 1202 1419 1420
f 1401 1402 1421
f 1421 1402 1420
f 1420 1422 1421
f 1419 1422 1420
f 1404 1421 1423
f 1401 1421 1404
f 1423 1421 1422
f 1422 1419 1424
f 1423 1422 1424
f 1424 1425 1423
f 1404 1423 1426
f 1407 1412 1427
f 1428 1427 1412
f 1428 1429 1427
f 1430 1429 1428
f 1412 1414 1431
f 1432 1428 1412
f 1433 1434 1435
f 1207 1434 1436
f 1435 1434 1207
f 1206 1188 1437
f 1437 1408 1407
f 1408 1437 1188
f 1438 1207 1206
f 1437 1438 1206
f 1435 1438 1439
f 1438 1435 1207
f 1407 1427 1437
f 1437 1427 1429
f 1437 1429 1438
f 1439 1438 1429
f 1429 1430 1439
f 1439 1430 1433
f 1439 1433 1435
f 1204 1210 1215
f 1216 1215 1213
f 1215 1440 1204
f 1441 1440 1215
f 1441 1215 1216
f 1216 1217 1441
f 1204 1440 1419
f 1217 1442 1441
f 1424 1419 1440
f 1441 1443 1440
f 1443 1441 1442
f 1443 1424 1440
f 1444 1442 1217
f 1445 1424 1443
f 1445 1443 1446
f 1446 1443 1442
f 1447 1448 1444
f 1449 1450 1451
f 1452 1449 1453
f 1452 1454 1449
f 1449 1454 1450
f 1455 1452 1456
f 1452 1455 1454
f 1455 1457 1454
f 1458 1451 1459
f 1449 1451 1458
f 1451 1460 1459
f 1458 1453 1449
f 1450 1460 1451
f 1461 1456 1452
f 1461 1462 1456
f 1456 1462 1463
f 1456 1463 1455
f 1464 1462 1465
f 1462 1464 1463
f 1457 1455 1463
f 1466 1467 1436
f 1468 1467 1466
f 1468 1466 1469
f 1468 1470 1467
f 1470 1468 1471
f 1472 1469 1466
f 1466 1436 1472
f 1473 1474 1469
f 1475 1469 1476
f 1469 1475 1468
f 1473 1460 1450
f 1472 1460 1473
f 1469 1472 1473
f 1474 1450 1454
f 1450 1474 1473
f 1454 1476 1474
f 1469 1474 1476
f 1460 1472 1477
f 1436 1478 1472
f 1470 1227 1205
f 1470 1242 1227
f 1479 977 1207
f 977 1479 1205
f 1205 1479 1470
f 1467 1470 1479
f 1467 1479 1207
f 1467 1207 1436
f 1217 1214 1238
f 1480 1238 1239
f 1480 1239 1240
f 1481 1238 1480
f 1481 1217 1238
f 1240 1482 1483
f 1480 1240 1483
f 1482 1240 1237
f 1481 1444 1217
f 1484 1444 1481
f 1447 1444 1484
f 1482 1485 1483
f 1480 1486 1481
f 1486 1480 1483
f 1481 1486 1484
f 1487 1486 1483
f 1487 1484 1486
f 1488 1487 1483
f 1454 1457 1476
f 1489 1476 1457
f 1490 1491 1489
f 1464 1492 1463
f 1463 1492 1457
f 1457 1492 1489
f 1242 1225 1227
f 1241 1493 1243
f 1245 1243 1493
f 1493 1246 1245
f 1241 1242 1494
f 1241 1494 1493
f 1246 1493 1494
f 1470 1495 1242
f 1496 1494 1495
f 1495 1494 1242
f 1471 1495 1470
f 1471 1497 1495
f 1497 1496 1495
f 1496 1498 1494
f 1498 1246 1494
f 1471 1499 1497
f 1499 1496 1497
f 1496 1491 1498
f 1500 1475 1476
f 1471 1468 1475
f 1500 1499 1475
f 1471 1475 1499
f 1499 1500 1491
f 1496 1499 1491
f 1498 1501 1246
f 1476 1489 1500
f 1491 1500 1489
f 1491 1502 1498
f 1502 1501 1498
f 1503 1246 1501
f 1504 1501 1502
f 1504 1503 1501
f 1246 1248 1244
f 1505 1506 1248
f 1503 1505 1248
f 1503 1248 1246
f 1505 1503 1507
f 1506 1016 1248
f 1016 1506 1249
f 1237 1236 1258
f 1259 1256 1254
f 1508 1256 1259
f 1259 1276 1509
f 1508 1258 1256
f 1509 1508 1259
f 1482 1237 1258
f 1510 1258 1508
f 1510 1508 1511
f 1511 1509 1512
f 1511 1508 1509
f 1510 1482 1258
f 1513 1511 1512
f 1485 1482 1510
f 1513 1512 1514
f 1485 1510 1515
f 1510 1511 1515
f 1513 1516 1511
f 1260 1262 1517
f 1261 1518 1262
f 1518 1261 1264
f 1260 1519 1520
f 1260 1517 1519
f 1260 1520 1263
f 1264 1263 1521
f 1522 1520 1519
f 1263 1520 1521
f 1521 1520 1523
f 1517 1524 1525
f 1262 1524 1517
f 1524 1262 1526
f 1262 1518 1526
f 1526 1518 1264
f 1264 1527 1526
f 1525 1528 1519
f 1525 1519 1517
f 1527 1264 1529
f 1529 1264 1521
f 1528 1522 1519
f 1529 1521 1523
f 1530 1525 1524
f 1531 1524 1526
f 1527 1531 1526
f 1525 1530 1528
f 1530 1532 1528
f 1532 1531 1533
f 1531 1527 1533
f 1527 1529 1533
f 1522 1528 1534
f 1528 1532 1534
f 1533 1535 1532
f 1533 1536 1535
f 1533 1529 1536
f 1524 1531 1530
f 1530 1531 1532
f 1505 1537 1506
f 1538 1539 1540
f 1541 1540 1539
f 1542 1538 1543
f 1544 1505 1507
f 1537 1505 1544
f 1541 1544 1545
f 1541 1537 1544
f 1540 1541 1545
f 1546 1543 1545
f 1545 1543 1540
f 1543 1538 1540
f 1538 1547 1266
f 1266 1547 1268
f 1266 1269 1538
f 1250 1249 1548
f 1250 1539 1269
f 1539 1538 1269
f 1548 1506 1537
f 1506 1548 1249
f 1548 1539 1250
f 1537 1541 1548
f 1548 1541 1539
f 1276 1259 1257
f 1275 1549 1276
f 1550 1549 1275
f 1272 1550 1275
f 1272 1287 1550
f 1287 1551 1550
f 1552 1509 1276
f 1552 1276 1549
f 1512 1509 1552
f 1553 1549 1550
f 1553 1550 1551
f 1514 1512 1552
f 1549 1554 1552
f 1553 1554 1549
f 1554 1514 1552
f 1555 1554 1553
f 1555 1553 1556
f 1556 1553 1551
f 1557 1554 1555
f 1555 1556 1557
f 1513 1514 1558
f 1559 1514 1554
f 1559 1554 1557
f 1523 1560 1536
f 1529 1523 1536
f 1561 1520 1522
f 1560 1523 1520
f 1522 1534 1561
f 1534 1532 1561
f 1532 1535 1561
f 1535 1560 1561
f 1560 1535 1536
f 1520 1561 1560
f 1562 1563 1564
f 1562 1565 1563
f 1564 1542 1566
f 1562 1564 1567
f 1568 1565 1562
f 1542 1569 1538
f 1285 1569 1570
f 1571 1285 1570
f 1542 1564 1569
f 1564 1563 1569
f 1572 1569 1563
f 1569 1572 1570
f 1563 1565 1572
f 1572 1573 1570
f 1566 1542 1543
f 1284 1285 1571
f 1538 1574 1547
f 1547 1574 1278
f 1547 1278 1268
f 1278 1574 1285
f 1571 1575 1284
f 1574 1538 1569
f 1285 1574 1569
f 1551 1287 1576
f 1287 1286 1576
f 1577 1576 1286
f 1551 1576 1578
f 1579 1551 1578
f 1578 1576 1577
f 1556 1551 1579
f 1580 1579 1578
f 1581 1557 1556
f 1582 1565 1568
f 1583 1565 1582
f 1583 1573 1565
f 1292 1294 1584
f 1585 1584 1294
f 1586 1294 1284
f 1587 1294 1586
f 1587 1585 1294
f 1587 1588 1585
f 1587 1571 1570
f 1571 1587 1586
f 1565 1573 1572
f 1570 1589 1587
f 1570 1573 1589
f 1575 1586 1284
f 1571 1586 1575
f 1299 1577 1286
f 1577 1299 1590
f 1591 1592 1299
f 1577 1590 1593
f 1590 1299 1592
f 1594 1593 1590
f 1592 1595 1590
f 1595 1592 1596
f 1578 1577 1593
f 1593 1594 1597
f 1590 1595 1594
f 1594 1595 1598
f 1599 1578 1593
f 1599 1593 1597
f 1597 1594 1598
f 1299 1298 1591
f 1592 1591 1596
f 1295 1292 1584
f 1600 1295 1584
f 1601 1295 1600
f 1602 1584 1588
f 1602 1600 1584
f 1588 1584 1585
f 1587 1589 1588
f 1296 1295 1601
f 1296 1601 1304
f 1601 1600 1304
f 1598 1595 1603
f 1307 1604 1306
f 1298 1605 1591
f 1298 1300 1605
f 1605 1300 1606
f 1300 1306 1606
f 1606 1306 1604
f 1591 1605 1596
f 1605 1607 1596
f 1605 1606 1607
f 1606 1604 1607
f 1608 1604 1307
f 1609 1608 1307
f 1610 1608 1609
f 1595 1596 1611
f 1596 1607 1611
f 1607 1612 1611
f 1607 1604 1612
f 1613 1604 1608
f 1611 1603 1595
f 1611 1614 1603
f 1612 1614 1611
f 1613 1612 1604
f 1615 1613 1608
f 1614 1616 1603
f 1614 1612 1613
f 1617 1308 1618
f 1617 1307 1308
f 1600 1619 1309
f 1620 1600 1309
f 1309 1619 1621
f 1622 1619 1600
f 1301 1304 1620
f 1309 1301 1620
f 1621 1312 1309
f 1304 1600 1620
f 1608 1610 1615
f 1308 1316 1618
f 1623 1618 1316
f 1609 1307 1617
f 1609 1617 1618
f 1623 1316 1317
f 1610 1609 1618
f 1610 1618 1624
f 1624 1618 1623
f 1625 1623 1317
f 1625 1317 1626
f 1615 1610 1627
f 1610 1624 1627
f 1624 1623 1627
f 1628 1623 1625
f 1615 1627 1629
f 1627 1623 1628
f 1628 1625 1630
f 1625 1626 1631
f 1321 1319 1318
f 1317 1319 1626
f 1626 1319 1321
f 1631 1626 1321
f 1631 1321 1632
f 1321 1320 1632
f 1632 1320 1633
f 1634 1631 1632
f 1635 1634 1632
f 1633 1635 1632
f 1320 1329 1636
f 1636 1329 1637
f 1637 1329 1330
f 1633 1320 1636
f 1637 1330 1638
f 1636 1637 1639
f 1639 1637 1638
f 1639 1633 1636
f 1639 1638 1640
f 1640 1641 1639
f 1312 1621 1337
f 1621 1642 1337
f 1642 1643 1335
f 1335 1643 1333
f 1642 1335 1337
f 1338 1333 1643
f 1330 1334 1644
f 1338 1644 1334
f 1338 1645 1646
f 1645 1338 1643
f 1646 1638 1644
f 1644 1638 1330
f 1646 1644 1338
f 1621 1647 1642
f 1647 1645 1643
f 1647 1643 1642
f 1646 1640 1638
f 1645 1647 1648
f 1640 1646 1649
f 1646 1645 1649
f 1648 1649 1645
f 1648 1650 1649
f 1650 1647 1621
f 1640 1649 1651
f 1649 1650 1651
f 1647 1650 1648
f 1650 1621 1619
f 1650 1619 1641
f 1651 1641 1640
f 1650 1641 1651
f 1358 1347 1360
f 1369 1652 1368
f 1368 1653 1345
f 1368 1652 1653
f 1652 1369 1654
f 1655 1656 1653
f 1345 1653 1346
f 1656 1346 1653
f 1657 1347 1346
f 1658 1347 1657
f 1656 1659 1346
f 1658 1660 1661
f 1657 1346 1659
f 1662 1657 1659
f 1657 1662 1658
f 1659 1656 1663
f 1658 1662 1660
f 1663 1656 1655
f 1664 1660 1662
f 1665 1360 1347
f 1360 1665 1374
f 1665 1375 1374
f 1661 1375 1665
f 1347 1658 1665
f 1658 1666 1665
f 1666 1658 1661
f 1665 1666 1661
f 1380 1667 1668
f 1380 1668 1366
f 1381 1667 1380
f 1669 1667 1381
f 1667 1669 1670
f 1667 1670 1668
f 1366 1668 1369
f 1654 1369 1668
f 1670 1654 1668
f 1671 1652 1654
f 1652 1671 1653
f 1653 1671 1655
f 1672 1671 1654
f 1671 1673 1655
f 1672 1673 1671
f 1654 1670 1672
f 1669 1674 1670
f 1674 1675 1670
f 1675 1673 1672
f 1675 1672 1670
f 1373 1375 1676
f 1382 1373 1676
f 1676 1375 1661
f 1676 1661 1660
f 1677 1676 1660
f 1676 1677 1678
f 1373 1382 1155
f 1388 1669 1381
f 1679 1388 1387
f 1680 1669 1388
f 1679 1680 1388
f 1681 1680 1679
f 1682 1674 1669
f 1680 1682 1669
f 1681 1682 1680
f 1681 1683 1682
f 1681 1684 1683
f 1675 1674 1685
f 1674 1682 1685
f 1382 1686 1172
f 1686 1687 1172
f 1382 1676 1686
f 1686 1688 1687
f 1689 1688 1690
f 1691 1676 1678
f 1686 1676 1691
f 1692 1686 1691
f 1686 1692 1688
f 1688 1692 1690
f 1692 1691 1690
f 1693 1690 1691
f 1693 1691 1694
f 1687 1391 1172
f 1397 1396 1695
f 1391 1687 1696
f 1396 1391 1696
f 1688 1695 1696
f 1396 1696 1695
f 1696 1687 1688
f 1395 1396 1397
f 1697 1679 1387
f 1389 1697 1387
f 1698 1697 1389
f 1406 1698 1389
f 1406 1404 1426
f 1426 1699 1700
f 1700 1698 1406
f 1426 1700 1406
f 1697 1681 1679
f 1681 1697 1701
f 1698 1701 1697
f 1700 1701 1698
f 1701 1684 1681
f 1702 1684 1701
f 1700 1702 1701
f 1700 1699 1703
f 1700 1703 1702
f 1704 1705 1706
f 1704 1706 1707
f 1411 1708 1409
f 1709 1708 1710
f 1413 1708 1709
f 1413 1409 1708
f 1414 1413 1709
f 1711 1411 1693
f 1411 1711 1710
f 1708 1411 1710
f 1712 1709 1710
f 1411 1689 1693
f 1711 1713 1710
f 1713 1712 1710
f 1711 1693 1694
f 1694 1713 1711
f 1712 1713 1706
f 1693 1689 1690
f 1706 1694 1714
f 1706 1713 1694
f 1706 1705 1712
f 1714 1694 1691
f 1410 1417 1411
f 1695 1411 1417
f 1695 1417 1397
f 1695 1689 1411
f 1688 1689 1695
f 1423 1699 1426
f 1423 1425 1699
f 1425 1445 1715
f 1699 1425 1716
f 1425 1715 1716
f 1716 1703 1699
f 1716 1715 1717
f 1717 1715 1718
f 1719 1720 1721
f 1722 1705 1720
f 1723 1720 1705
f 1723 1721 1720
f 1717 1718 1724
f 1431 1414 1725
f 1712 1722 1709
f 1414 1709 1722
f 1725 1726 1431
f 1726 1727 1431
f 1431 1727 1432
f 1414 1722 1725
f 1728 1727 1726
f 1728 1726 1725
f 1728 1729 1730
f 1728 1730 1727
f 1729 1731 1730
f 1730 1731 1732
f 1731 1733 1732
f 1732 1733 1734
f 1725 1729 1728
f 1729 1735 1736
f 1729 1736 1731
f 1735 1737 1736
f 1731 1736 1733
f 1712 1705 1722
f 1725 1722 1720
f 1725 1720 1729
f 1720 1719 1735
f 1729 1720 1735
f 1432 1412 1431
f 1738 1430 1739
f 1430 1738 1433
f 1433 1738 1434
f 1434 1740 1436
f 1741 1428 1432
f 1430 1428 1741
f 1739 1430 1741
f 1434 1739 1732
f 1738 1739 1434
f 1732 1740 1434
f 1741 1432 1727
f 1730 1739 1727
f 1739 1741 1727
f 1732 1739 1730
f 1740 1732 1734
f 1424 1445 1425
f 1444 1448 1442
f 1446 1442 1448
f 1446 1448 1742
f 1715 1445 1446
f 1715 1446 1742
f 1448 1743 1742
f 1718 1715 1742
f 1448 1447 1744
f 1448 1744 1743
f 1744 1447 1745
f 1743 1744 1745
f 1745 1746 1747
f 1743 1718 1742
f 1745 1747 1743
f 1719 1721 1748
f 1749 1750 1721
f 1721 1750 1751
f 1721 1751 1748
f 1747 1746 1749
f 1746 1750 1749
f 1752 1718 1743
f 1747 1752 1743
f 1753 1718 1752
f 1754 1749 1755
f 1749 1721 1755
f 1752 1747 1754
f 1754 1747 1749
f 1458 1756 1757
f 1459 1756 1458
f 1757 1453 1458
f 1462 1461 1465
f 1453 1757 1452
f 1757 1751 1452
f 1751 1461 1452
f 1461 1750 1465
f 1756 1733 1757
f 1734 1733 1756
f 1736 1737 1757
f 1737 1751 1757
f 1733 1736 1757
f 1751 1737 1748
f 1751 1750 1461
f 1748 1737 1735
f 1748 1735 1719
f 1740 1478 1436
f 1756 1459 1477
f 1472 1478 1477
f 1459 1460 1477
f 1477 1478 1756
f 1478 1734 1756
f 1734 1478 1740
f 1483 1758 1759
f 1758 1483 1485
f 1759 1760 1761
f 1762 1484 1487
f 1762 1487 1488
f 1483 1759 1488
f 1763 1447 1484
f 1763 1484 1762
f 1488 1759 1762
f 1746 1764 1750
f 1746 1763 1762
f 1762 1765 1746
f 1764 1746 1765
f 1766 1767 1764
f 1745 1447 1763
f 1745 1763 1746
f 1766 1764 1765
f 1766 1765 1768
f 1762 1769 1765
f 1770 1766 1768
f 1767 1766 1770
f 1762 1771 1769
f 1771 1762 1759
f 1767 1770 1772
f 1761 1771 1759
f 1773 1765 1769
f 1768 1765 1773
f 1773 1770 1768
f 1761 1774 1771
f 1771 1774 1769
f 1770 1773 1775
f 1774 1776 1769
f 1776 1773 1769
f 1777 1770 1775
f 1778 1773 1776
f 1775 1773 1778
f 1777 1775 1778
f 1779 1465 1780
f 1464 1465 1779
f 1464 1779 1492
f 1781 1779 1780
f 1779 1781 1489
f 1492 1779 1489
f 1772 1781 1767
f 1489 1781 1490
f 1490 1781 1772
f 1491 1490 1502
f 1764 1465 1750
f 1465 1764 1780
f 1780 1764 1781
f 1767 1781 1764
f 1490 1772 1502
f 1507 1503 1504
f 1485 1515 1758
f 1516 1515 1511
f 1516 1782 1515
f 1783 1516 1513
f 1782 1758 1515
f 1760 1759 1758
f 1760 1758 1782
f 1516 1783 1784
f 1784 1782 1516
f 1785 1783 1558
f 1784 1783 1785
f 1786 1760 1782
f 1786 1782 1784
f 1761 1760 1786
f 1784 1787 1786
f 1788 1787 1784
f 1787 1788 1789
f 1761 1790 1791
f 1790 1761 1786
f 1787 1790 1786
f 1790 1787 1789
f 1777 1792 1770
f 1792 1793 1770
f 1761 1791 1774
f 1793 1502 1772
f 1770 1793 1772
f 1793 1504 1502
f 1792 1504 1793
f 1794 1504 1792
f 1794 1792 1795
f 1792 1796 1795
f 1796 1797 1795
f 1798 1507 1504
f 1799 1507 1798
f 1800 1801 1802
f 1803 1566 1801
f 1803 1801 1800
f 1504 1794 1798
f 1798 1804 1802
f 1804 1800 1802
f 1798 1794 1804
f 1794 1795 1804
f 1804 1795 1800
f 1795 1797 1800
f 1799 1544 1507
f 1544 1799 1545
f 1799 1546 1545
f 1801 1543 1546
f 1566 1543 1801
f 1798 1802 1799
f 1799 1802 1546
f 1802 1801 1546
f 1783 1513 1558
f 1558 1514 1559
f 1805 1559 1557
f 1785 1558 1559
f 1557 1581 1805
f 1785 1559 1806
f 1806 1559 1805
f 1806 1805 1807
f 1807 1805 1581
f 1807 1581 1808
f 1788 1785 1806
f 1788 1806 1809
f 1809 1806 1807
f 1807 1808 1810
f 1785 1788 1784
f 1811 1788 1812
f 1807 1810 1809
f 1812 1809 1813
f 1788 1809 1812
f 1810 1813 1809
f 1811 1789 1788
f 1813 1810 1814
f 1815 1816 1817
f 1797 1818 1800
f 1816 1818 1797
f 1816 1797 1796
f 1816 1796 1817
f 1564 1566 1803
f 1562 1567 1815
f 1815 1567 1816
f 1562 1815 1568
f 1567 1564 1803
f 1818 1567 1803
f 1818 1816 1567
f 1803 1800 1818
f 1819 1556 1579
f 1819 1579 1580
f 1819 1581 1556
f 1820 1819 1580
f 1819 1808 1581
f 1819 1821 1808
f 1820 1821 1819
f 1820 1580 1822
f 1823 1810 1808
f 1821 1823 1808
f 1823 1821 1820
f 1822 1824 1820
f 1823 1814 1810
f 1823 1825 1814
f 1820 1825 1823
f 1824 1825 1820
f 1826 1827 1815
f 1828 1827 1826
f 1815 1817 1829
f 1826 1815 1829
f 1828 1826 1829
f 1829 1830 1828
f 1830 1829 1831
f 1815 1827 1568
f 1568 1827 1582
f 1582 1827 1832
f 1583 1582 1832
f 1833 1573 1583
f 1832 1827 1828
f 1834 1583 1832
f 1834 1832 1828
f 1834 1835 1583
f 1589 1573 1833
f 1836 1599 1597
f 1836 1597 1598
f 1837 1836 1598
f 1580 1578 1599
f 1838 1580 1599
f 1838 1599 1836
f 1838 1836 1839
f 1836 1840 1839
f 1840 1836 1841
f 1841 1836 1837
f 1822 1580 1838
f 1838 1839 1822
f 1822 1839 1842
f 1840 1842 1839
f 1843 1842 1840
f 1844 1824 1822
f 1842 1844 1822
f 1844 1842 1845
f 1828 1830 1834
f 1846 1830 1831
f 1830 1846 1834
f 1847 1834 1846
f 1835 1834 1847
f 1831 1848 1846
f 1583 1835 1833
f 1835 1849 1833
f 1849 1835 1622
f 1850 1835 1847
f 1622 1835 1850
f 1846 1850 1847
f 1589 1833 1588
f 1588 1833 1849
f 1602 1588 1849
f 1849 1600 1602
f 1837 1598 1603
f 1616 1837 1603
f 1841 1837 1616
f 1851 1841 1616
f 1852 1840 1841
f 1843 1840 1852
f 1616 1614 1853
f 1853 1614 1613
f 1613 1854 1853
f 1615 1854 1613
f 1851 1616 1853
f 1855 1853 1854
f 1856 1854 1615
f 1853 1857 1851
f 1853 1855 1857
f 1856 1855 1854
f 1858 1852 1851
f 1851 1852 1841
f 1858 1851 1857
f 1859 1858 1857
f 1859 1857 1855
f 1855 1860 1859
f 1856 1860 1855
f 1852 1861 1843
f 1861 1852 1858
f 1858 1859 1862
f 1858 1862 1861
f 1863 1860 1856
f 1863 1864 1860
f 1865 1622 1850
f 1866 1867 1868
f 1849 1622 1600
f 1622 1866 1619
f 1869 1619 1866
f 1869 1866 1868
f 1629 1627 1628
f 1870 1629 1628
f 1870 1628 1630
f 1630 1625 1871
f 1625 1631 1871
f 1870 1630 1872
f 1872 1630 1871
f 1629 1856 1615
f 1629 1870 1873
f 1872 1873 1870
f 1873 1856 1629
f 1874 1873 1872
f 1863 1856 1873
f 1875 1874 1872
f 1874 1876 1873
f 1877 1874 1875
f 1863 1873 1876
f 1635 1633 1878
f 1871 1631 1634
f 1872 1871 1879
f 1879 1871 1634
f 1879 1634 1880
f 1635 1878 1880
f 1635 1880 1634
f 1878 1881 1880
f 1875 1872 1879
f 1880 1881 1875
f 1881 1878 1882
f 1875 1879 1880
f 1878 1868 1882
f 1877 1881 1883
f 1883 1881 1882
f 1868 1867 1882
f 1881 1877 1875
f 1639 1641 1633
f 1878 1633 1641
f 1878 1641 1868
f 1869 1641 1619
f 1641 1869 1868
f 1884 1659 1663
f 1662 1659 1884
f 1664 1662 1884
f 1673 1675 1885
f 1685 1886 1675
f 1675 1886 1885
f 1887 1885 1886
f 1663 1888 1884
f 1884 1888 1664
f 1664 1677 1660
f 1889 1663 1655
f 1889 1888 1663
f 1890 1888 1889
f 1888 1890 1664
f 1889 1655 1673
f 1664 1890 1677
f 1889 1673 1885
f 1889 1885 1890
f 1891 1892 1890
f 1890 1892 1677
f 1893 1892 1891
f 1892 1893 1677
f 1890 1885 1891
f 1885 1887 1891
f 1891 1887 1894
f 1891 1894 1893
f 1682 1683 1685
f 1895 1685 1683
f 1683 1896 1897
f 1683 1897 1895
f 1898 1886 1899
f 1886 1898 1887
f 1685 1899 1886
f 1899 1895 1900
f 1685 1895 1899
f 1895 1897 1900
f 1898 1899 1901
f 1887 1898 1902
f 1898 1901 1902
f 1902 1901 1903
f 1901 1904 1903
f 1900 1901 1899
f 1901 1900 1905
f 1901 1905 1904
f 1904 1905 1906
f 1904 1906 1903
f 1893 1678 1677
f 1907 1678 1893
f 1907 1691 1678
f 1907 1903 1714
f 1691 1907 1714
f 1908 1894 1902
f 1894 1908 1893
f 1893 1908 1907
f 1903 1907 1908
f 1894 1887 1902
f 1902 1903 1908
f 1683 1684 1896
f 1896 1684 1909
f 1684 1702 1909
f 1910 1909 1702
f 1707 1706 1714
f 1903 1906 1714
f 1896 1909 1911
f 1911 1909 1912
f 1897 1896 1911
f 1897 1911 1900
f 1906 1707 1714
f 1910 1912 1909
f 1910 1913 1914
f 1915 1704 1707
f 1911 1916 1900
f 1911 1912 1916
f 1916 1912 1917
f 1918 1707 1906
f 1912 1910 1919
f 1910 1914 1919
f 1920 1915 1918
f 1918 1915 1707
f 1921 1919 1914
f 1919 1921 1920
f 1916 1905 1900
f 1916 1917 1905
f 1905 1917 1918
f 1918 1906 1905
f 1919 1917 1912
f 1920 1917 1919
f 1920 1918 1917
f 1702 1703 1913
f 1703 1716 1922
f 1703 1922 1913
f 1717 1922 1716
f 1913 1910 1702
f 1723 1705 1704
f 1717 1724 1922
f 1723 1923 1721
f 1724 1718 1753
f 1724 1753 1924
f 1922 1925 1913
f 1724 1926 1922
f 1724 1924 1926
f 1926 1924 1927
f 1927 1924 1928
f 1704 1915 1723
f 1925 1914 1913
f 1914 1925 1921
f 1915 1920 1923
f 1915 1923 1723
f 1925 1922 1926
f 1926 1927 1925
f 1925 1927 1921
f 1921 1927 1920
f 1920 1927 1928
f 1928 1923 1920
f 1924 1753 1928
f 1928 1755 1923
f 1721 1923 1755
f 1753 1752 1754
f 1753 1754 1928
f 1754 1755 1928
f 1791 1790 1929
f 1929 1790 1930
f 1931 1930 1790
f 1789 1931 1790
f 1931 1789 1932
f 1933 1934 1930
f 1931 1933 1930
f 1932 1933 1931
f 1932 1935 1933
f 1936 1774 1791
f 1936 1776 1774
f 1929 1936 1791
f 1937 1776 1936
f 1778 1776 1937
f 1937 1777 1778
f 1929 1930 1938
f 1929 1938 1936
f 1936 1938 1937
f 1796 1792 1939
f 1930 1934 1938
f 1939 1792 1777
f 1937 1940 1777
f 1937 1938 1934
f 1937 1934 1940
f 1939 1777 1940
f 1933 1941 1934
f 1934 1941 1940
f 1940 1941 1942
f 1940 1942 1939
f 1933 1943 1941
f 1943 1942 1941
f 1944 1939 1942
f 1943 1935 1945
f 1933 1935 1943
f 1942 1943 1944
f 1945 1944 1943
f 1932 1789 1811
f 1946 1813 1814
f 1947 1932 1811
f 1812 1947 1811
f 1948 1947 1812
f 1813 1948 1812
f 1948 1813 1946
f 1814 1949 1946
f 1935 1932 1947
f 1935 1947 1950
f 1950 1947 1948
f 1951 1946 1952
f 1952 1946 1949
f 1950 1953 1935
f 1948 1951 1950
f 1946 1951 1948
f 1951 1953 1950
f 1817 1796 1954
f 1954 1796 1939
f 1935 1953 1945
f 1944 1945 1955
f 1939 1944 1954
f 1954 1944 1955
f 1945 1953 1956
f 1945 1956 1955
f 1953 1951 1956
f 1955 1956 1957
f 1955 1957 1954
f 1951 1958 1956
f 1956 1958 1957
f 1954 1957 1959
f 1954 1959 1960
f 1817 1954 1960
f 1952 1958 1951
f 1957 1958 1961
f 1957 1961 1959
f 1958 1952 1961
f 1825 1949 1814
f 1962 1825 1824
f 1962 1949 1825
f 1963 1962 1824
f 1960 1829 1817
f 1831 1829 1960
f 1952 1949 1964
f 1949 1962 1964
f 1963 1965 1962
f 1960 1848 1831
f 1952 1964 1961
f 1961 1964 1959
f 1959 1964 1966
f 1959 1966 1960
f 1962 1967 1964
f 1964 1967 1966
f 1965 1967 1962
f 1967 1965 1966
f 1966 1965 1968
f 1960 1966 1968
f 1960 1968 1848
f 1968 1965 1969
f 1968 1969 1848
f 1824 1844 1970
f 1844 1845 1970
f 1842 1843 1845
f 1824 1970 1963
f 1845 1843 1971
f 1843 1861 1971
f 1963 1970 1972
f 1972 1845 1971
f 1970 1845 1972
f 1973 1971 1861
f 1963 1972 1974
f 1971 1973 1975
f 1963 1974 1965
f 1965 1974 1969
f 1972 1969 1974
f 1976 1969 1972
f 1971 1976 1972
f 1975 1976 1971
f 1976 1975 1977
f 1977 1975 1978
f 1979 1848 1969
f 1976 1979 1969
f 1848 1979 1977
f 1976 1977 1979
f 1980 1848 1977
f 1846 1848 1980
f 1859 1981 1862
f 1981 1859 1860
f 1860 1864 1981
f 1982 1862 1981
f 1982 1981 1983
f 1864 1983 1981
f 1973 1861 1862
f 1973 1862 1982
f 1984 1973 1982
f 1975 1973 1984
f 1982 1983 1985
f 1975 1984 1978
f 1984 1986 1978
f 1982 1985 1984
f 1984 1985 1986
f 1986 1977 1978
f 1980 1850 1846
f 1983 1864 1987
f 1987 1988 1989
f 1989 1990 1991
f 1988 1990 1989
f 1988 1987 1864
f 1983 1987 1992
f 1993 1987 1989
f 1994 1850 1980
f 1985 1992 1995
f 1983 1992 1985
f 1865 1850 1994
f 1993 1992 1987
f 1993 1991 1994
f 1865 1994 1991
f 1991 1993 1989
f 1986 1985 1995
f 1977 1995 1980
f 1980 1995 1994
f 1993 1995 1992
f 1993 1994 1995
f 1995 1977 1986
f 1867 1622 1865
f 1866 1622 1867
f 1990 1883 1996
f 1865 1996 1867
f 1996 1883 1867
f 1996 1991 1990
f 1991 1996 1865
f 1876 1864 1863
f 1988 1864 1876
f 1988 1876 1874
f 1988 1874 1877
f 1877 1990 1988
f 1990 1877 1883
f 1882 1867 1883
